2026-09-14 17:56:54,939 INFO image_rx_daemon: ctrl MQTT connected (192.168.1.79)

2026-09-14 17:56:54,951 INFO image_rx_daemon: opening L072 HostLink on /dev/ttymxc3 @ 921600

2026-09-14 17:56:54,985 INFO image_rx_daemon: image_rx_daemon started; mqtt=127.0.0.1:1883 uart=/dev/ttymxc3

2026-09-14 17:56:55,023 INFO image_rx_daemon: MQTT connected; ready to publish lifetrac/v25/video/tile_delta

2026-09-14 17:56:55,080 INFO image_rx_daemon: LIFETRAC_SKIP_RESET_REQ=1 — relying on external NRST; draining boot chatter only

2026-09-14 17:56:55,551 INFO image_rx_daemon: L072 VER warm-up ok (attempt 1)

INFO: post-VER drain queued type=0xF1 seq=0

INFO: post-VER drain queued type=0xC1 seq=0

Initializing regulatory profile 1 on co-processor...

  FHSS mask: WIDE (50 channels) [LIFETRAC_FHSS_WIDE_MASK=1]

CFG_SET_REQ(FHSS_CHANNEL_MASK) OK: 07000800

CFG_SET_REQ(ANTENNA_GAIN_DBI) OK: 15000100

CFG_SET_REQ(HW_CEILING_DBM) OK: 16000100

  FHSS seed: (0,0) legacy shared permutation [set LIFETRAC_FHSS_FARM_ID / LIFETRAC_FHSS_LINK_ID to separate pairs]

CFG_SET_REQ(FHSS_FARM_ID) OK: 17000800

CFG_SET_REQ(FHSS_NODE_ID) OK: 18000800

CFG_SET_REQ(REG_PROFILE=1) OK: 14000100

2026-09-14 17:56:55,966 INFO image_rx_daemon: LBT_ENABLE=0 (command uplink shares the image channel)

2026-09-14 17:56:55,969 INFO image_rx_daemon: stats: rx_frames=0 rx_decode_err=0 frames_published=0 publish_err=0 reassembler_decode_err=0 reassembler_timeouts=0 parity_recon=0 idle_drain_deferred=0 cmd_cooldown_drops=0 cmd_gate_held=0 cmd_copies_deferred=0

PHY contract OK: image_bw250 == {'sf': 7, 'bw_khz': 250, 'cr_den': 5, 'preamble': 8}

2026-09-14 17:56:56,043 INFO image_rx_daemon: SX1276 already in RXCONT (opmode=0x85)

2026-09-14 17:56:56,045 INFO image_rx_daemon: RX worker ready; draining RX_FRAME_URC...

2026-09-14 17:57:03,296 INFO image_rx_daemon: frag_arrival: seq=1 idx=2 total=15 fw_us=868558098 len=207

2026-09-14 17:57:03,497 INFO image_rx_daemon: frag_arrival: seq=1 idx=3 total=15 fw_us=868757687 len=207

2026-09-14 17:57:03,688 INFO image_rx_daemon: frag_arrival: seq=1 idx=4 total=15 fw_us=868957285 len=207

2026-09-14 17:57:03,889 INFO image_rx_daemon: frag_arrival: seq=1 idx=5 total=15 fw_us=869156858 len=207

2026-09-14 17:57:04,091 INFO image_rx_daemon: frag_arrival: seq=1 idx=6 total=15 fw_us=869356487 len=207

2026-09-14 17:57:04,291 INFO image_rx_daemon: frag_arrival: seq=1 idx=7 total=15 fw_us=869556156 len=207

2026-09-14 17:57:04,492 INFO image_rx_daemon: frag_arrival: seq=1 idx=8 total=15 fw_us=869755759 len=207

2026-09-14 17:57:04,897 INFO image_rx_daemon: frag_arrival: seq=1 idx=9 total=15 fw_us=870156030 len=207

2026-09-14 17:57:05,087 INFO image_rx_daemon: frag_arrival: seq=1 idx=10 total=15 fw_us=870354801 len=207

2026-09-14 17:57:05,289 INFO image_rx_daemon: frag_arrival: seq=1 idx=11 total=15 fw_us=870554541 len=207

2026-09-14 17:57:05,489 INFO image_rx_daemon: frag_arrival: seq=1 idx=12 total=15 fw_us=870754251 len=207

2026-09-14 17:57:05,689 INFO image_rx_daemon: frag_arrival: seq=1 idx=13 total=15 fw_us=870953981 len=207

2026-09-14 17:57:05,838 INFO image_rx_daemon: frag_arrival: seq=1 idx=14 total=15 fw_us=871109693 len=147

2026-09-14 17:57:05,982 INFO image_rx_daemon: stats: rx_frames=13 rx_decode_err=0 frames_published=0 publish_err=0 reassembler_decode_err=0 reassembler_timeouts=0 parity_recon=0 idle_drain_deferred=1 cmd_cooldown_drops=0 cmd_gate_held=0 cmd_copies_deferred=0

2026-09-14 17:57:05,985 INFO image_rx_daemon: air_gap: n=12 dt_med=199629us dt_p95=400271us len_med=207B cmd_tx_ok=0 cmd_tx_fail=0

2026-09-14 17:57:05,989 INFO image_rx_daemon: air_gap_hist(ms): <200:11 <1000:1

2026-09-14 17:57:05,993 INFO image_rx_daemon: rx_rf: n_rssi=13 n_snr=13 rssi[min/med/max]=-64/-61/-59 snr[min/med/max]=9.0/10.0/10.0

2026-09-14 17:57:05,996 INFO image_rx_daemon: phase_telemetry: valid=13 invalid=0 pre_f8=0 last_epoch=0 last_hop=16 slot_off=[14..14]

2026-09-14 17:57:05,999 INFO image_rx_daemon: air_gap_by_class: seq: n=12 med=199.6ms

2026-09-14 17:57:06,295 INFO image_rx_daemon: frag_arrival: seq=2 idx=0 total=15 fw_us=871553010 len=207

2026-09-14 17:57:06,693 INFO image_rx_daemon: frag_arrival: seq=2 idx=1 total=15 fw_us=871952283 len=207

2026-09-14 17:57:06,894 INFO image_rx_daemon: frag_arrival: seq=2 idx=2 total=15 fw_us=872151959 len=207

2026-09-14 17:57:07,095 INFO image_rx_daemon: frag_arrival: seq=2 idx=3 total=15 fw_us=872351587 len=207

2026-09-14 17:57:07,333 INFO image_rx_daemon: frag_arrival: seq=2 idx=4 total=15 fw_us=872551225 len=207

2026-09-14 17:57:07,491 INFO image_rx_daemon: frag_arrival: seq=2 idx=5 total=15 fw_us=872750814 len=207

2026-09-14 17:57:07,693 INFO image_rx_daemon: frag_arrival: seq=2 idx=6 total=15 fw_us=872950454 len=207

2026-09-14 17:57:07,895 INFO image_rx_daemon: frag_arrival: seq=2 idx=7 total=15 fw_us=873151030 len=207

2026-09-14 17:57:08,284 INFO image_rx_daemon: frag_arrival: seq=2 idx=8 total=15 fw_us=873549341 len=207

2026-09-14 17:57:08,484 INFO image_rx_daemon: frag_arrival: seq=2 idx=9 total=15 fw_us=873748919 len=207

2026-09-14 17:57:08,684 INFO image_rx_daemon: frag_arrival: seq=2 idx=10 total=15 fw_us=873948523 len=207

2026-09-14 17:57:08,885 INFO image_rx_daemon: frag_arrival: seq=2 idx=11 total=15 fw_us=874148182 len=207

2026-09-14 17:57:09,084 INFO image_rx_daemon: frag_arrival: seq=2 idx=12 total=15 fw_us=874347874 len=207

2026-09-14 17:57:09,294 INFO image_rx_daemon: frag_arrival: seq=2 idx=13 total=15 fw_us=874547497 len=207

2026-09-14 17:57:09,432 INFO image_rx_daemon: frag_arrival: seq=2 idx=14 total=15 fw_us=874700589 len=142

2026-09-14 17:57:09,445 INFO image_rx_daemon: published frame_id=0 seq=2 2980 B → lifetrac/v25/video/tile_delta

2026-09-14 17:57:09,884 INFO image_rx_daemon: frag_arrival: seq=5 idx=0 total=15 fw_us=875146554 len=207

2026-09-14 17:57:10,291 INFO image_rx_daemon: frag_arrival: seq=5 idx=1 total=15 fw_us=875546016 len=207

2026-09-14 17:57:10,490 INFO image_rx_daemon: frag_arrival: seq=5 idx=2 total=15 fw_us=875745759 len=207

2026-09-14 17:57:10,685 INFO image_rx_daemon: frag_arrival: seq=5 idx=3 total=15 fw_us=875945447 len=207

2026-09-14 17:57:10,885 INFO image_rx_daemon: frag_arrival: seq=5 idx=4 total=15 fw_us=876145127 len=207

2026-09-14 17:57:11,086 INFO image_rx_daemon: frag_arrival: seq=5 idx=5 total=15 fw_us=876344773 len=207

2026-09-14 17:57:11,294 INFO image_rx_daemon: frag_arrival: seq=5 idx=6 total=15 fw_us=876544451 len=207

2026-09-14 17:57:11,484 INFO image_rx_daemon: frag_arrival: seq=5 idx=7 total=15 fw_us=876745030 len=207

2026-09-14 17:57:11,882 INFO image_rx_daemon: frag_arrival: seq=5 idx=8 total=15 fw_us=877143403 len=207

2026-09-14 17:57:12,084 INFO image_rx_daemon: frag_arrival: seq=5 idx=9 total=15 fw_us=877343114 len=207

2026-09-14 17:57:12,284 INFO image_rx_daemon: frag_arrival: seq=5 idx=10 total=15 fw_us=877542810 len=207

2026-09-14 17:57:12,484 INFO image_rx_daemon: frag_arrival: seq=5 idx=11 total=15 fw_us=877742499 len=207

2026-09-14 17:57:12,690 INFO image_rx_daemon: frag_arrival: seq=5 idx=12 total=15 fw_us=877942140 len=207

2026-09-14 17:57:12,889 INFO image_rx_daemon: frag_arrival: seq=5 idx=13 total=15 fw_us=878141768 len=207

2026-09-14 17:57:12,963 INFO image_rx_daemon: frag_arrival: seq=5 idx=14 total=15 fw_us=878245754 len=77

2026-09-14 17:57:12,975 INFO image_rx_daemon: published frame_id=0 seq=5 2915 B → lifetrac/v25/video/tile_delta

2026-09-14 17:57:13,479 INFO image_rx_daemon: frag_arrival: seq=6 idx=0 total=15 fw_us=878740806 len=207

2026-09-14 17:57:13,885 INFO image_rx_daemon: frag_arrival: seq=6 idx=1 total=15 fw_us=879140200 len=207

2026-09-14 17:57:14,088 INFO image_rx_daemon: frag_arrival: seq=6 idx=2 total=15 fw_us=879339889 len=207

2026-09-14 17:57:14,288 INFO image_rx_daemon: frag_arrival: seq=6 idx=3 total=15 fw_us=879539569 len=207

2026-09-14 17:57:14,487 INFO image_rx_daemon: frag_arrival: seq=6 idx=4 total=15 fw_us=879739251 len=207

2026-09-14 17:57:14,687 INFO image_rx_daemon: frag_arrival: seq=6 idx=5 total=15 fw_us=879938915 len=207

2026-09-14 17:57:14,887 INFO image_rx_daemon: frag_arrival: seq=6 idx=6 total=15 fw_us=880138601 len=207

2026-09-14 17:57:15,086 INFO image_rx_daemon: frag_arrival: seq=6 idx=7 total=15 fw_us=880338280 len=207

2026-09-14 17:57:15,488 INFO image_rx_daemon: frag_arrival: seq=6 idx=8 total=15 fw_us=880737598 len=207

2026-09-14 17:57:15,678 INFO image_rx_daemon: frag_arrival: seq=6 idx=9 total=15 fw_us=880937245 len=207

2026-09-14 17:57:15,877 INFO image_rx_daemon: frag_arrival: seq=6 idx=10 total=15 fw_us=881136889 len=207

2026-09-14 17:57:16,006 INFO image_rx_daemon: stats: rx_frames=54 rx_decode_err=0 frames_published=2 publish_err=0 reassembler_decode_err=0 reassembler_timeouts=1 parity_recon=0 idle_drain_deferred=10 cmd_cooldown_drops=0 cmd_gate_held=0 cmd_copies_deferred=0

2026-09-14 17:57:16,009 INFO image_rx_daemon: air_gap: n=41 dt_med=199680us dt_p95=443317us len_med=207B cmd_tx_ok=0 cmd_tx_fail=0

2026-09-14 17:57:16,015 INFO image_rx_daemon: air_gap_hist(ms): <120:1 <200:29 <400:8 <1000:3

2026-09-14 17:57:16,019 INFO image_rx_daemon: rx_rf: n_rssi=41 n_snr=41 rssi[min/med/max]=-65/-62/-59 snr[min/med/max]=9.0/10.0/11.0

2026-09-14 17:57:16,022 INFO image_rx_daemon: phase_telemetry: valid=41 invalid=0 pre_f8=0 last_epoch=1 last_hop=16 slot_off=[14..14]

2026-09-14 17:57:16,026 INFO image_rx_daemon: air_gap_by_class: seq: n=38 med=199.7ms | boundary: n=3 med=446.0ms

2026-09-14 17:57:16,087 INFO image_rx_daemon: frag_arrival: seq=6 idx=11 total=15 fw_us=881336517 len=207

2026-09-14 17:57:16,289 INFO image_rx_daemon: frag_arrival: seq=6 idx=12 total=15 fw_us=881537030 len=207

2026-09-14 17:57:16,479 INFO image_rx_daemon: frag_arrival: seq=6 idx=13 total=15 fw_us=881735633 len=207

2026-09-14 17:57:16,551 INFO image_rx_daemon: frag_arrival: seq=6 idx=14 total=15 fw_us=881826613 len=59

2026-09-14 17:57:16,569 INFO image_rx_daemon: published frame_id=0 seq=6 2897 B → lifetrac/v25/video/tile_delta

2026-09-14 17:57:17,089 INFO image_rx_daemon: frag_arrival: seq=12 idx=0 total=15 fw_us=882334546 len=207

2026-09-14 17:57:17,485 INFO image_rx_daemon: frag_arrival: seq=12 idx=1 total=15 fw_us=882733782 len=207

2026-09-14 17:57:17,685 INFO image_rx_daemon: frag_arrival: seq=12 idx=2 total=15 fw_us=882933455 len=207

2026-09-14 17:57:17,887 INFO image_rx_daemon: frag_arrival: seq=12 idx=3 total=15 fw_us=883133149 len=207

2026-09-14 17:57:18,077 INFO image_rx_daemon: frag_arrival: seq=12 idx=4 total=15 fw_us=883332874 len=207

2026-09-14 17:57:18,277 INFO image_rx_daemon: frag_arrival: seq=12 idx=5 total=15 fw_us=883532548 len=207

2026-09-14 17:57:18,477 INFO image_rx_daemon: frag_arrival: seq=12 idx=6 total=15 fw_us=883732228 len=207

2026-09-14 17:57:18,676 INFO image_rx_daemon: frag_arrival: seq=12 idx=7 total=15 fw_us=883931899 len=207

2026-09-14 17:57:19,090 INFO image_rx_daemon: frag_arrival: seq=12 idx=8 total=15 fw_us=884331241 len=207

2026-09-14 17:57:19,274 INFO image_rx_daemon: frag_arrival: seq=12 idx=9 total=15 fw_us=884530936 len=207

2026-09-14 17:57:19,475 INFO image_rx_daemon: frag_arrival: seq=12 idx=10 total=15 fw_us=884730650 len=207

2026-09-14 17:57:19,675 INFO image_rx_daemon: frag_arrival: seq=12 idx=11 total=15 fw_us=884930307 len=207

2026-09-14 17:57:19,876 INFO image_rx_daemon: frag_arrival: seq=12 idx=12 total=15 fw_us=885129947 len=207

2026-09-14 17:57:20,078 INFO image_rx_daemon: frag_arrival: seq=12 idx=13 total=15 fw_us=885329594 len=207

2026-09-14 17:57:20,189 INFO image_rx_daemon: frag_arrival: seq=12 idx=14 total=15 fw_us=885461957 len=115

2026-09-14 17:57:20,203 INFO image_rx_daemon: published frame_id=0 seq=12 2953 B → lifetrac/v25/video/tile_delta

2026-09-14 17:57:20,681 INFO image_rx_daemon: frag_arrival: seq=20 idx=0 total=15 fw_us=885928446 len=207

2026-09-14 17:57:21,077 INFO image_rx_daemon: frag_arrival: seq=20 idx=1 total=15 fw_us=886327841 len=207

2026-09-14 17:57:21,281 INFO image_rx_daemon: frag_arrival: seq=20 idx=2 total=15 fw_us=886527452 len=207

2026-09-14 17:57:21,486 INFO image_rx_daemon: frag_arrival: seq=20 idx=3 total=15 fw_us=886726981 len=207

2026-09-14 17:57:21,694 INFO image_rx_daemon: frag_arrival: seq=20 idx=4 total=15 fw_us=886926560 len=207

2026-09-14 17:57:21,876 INFO image_rx_daemon: frag_arrival: seq=20 idx=5 total=15 fw_us=887126151 len=207

2026-09-14 17:57:22,075 INFO image_rx_daemon: frag_arrival: seq=20 idx=6 total=15 fw_us=887325736 len=207

2026-09-14 17:57:22,281 INFO image_rx_daemon: frag_arrival: seq=20 idx=7 total=15 fw_us=887525349 len=207

2026-09-14 17:57:22,674 INFO image_rx_daemon: frag_arrival: seq=20 idx=8 total=15 fw_us=887924688 len=207

2026-09-14 17:57:22,949 INFO image_rx_daemon: frag_arrival: seq=20 idx=9 total=15 fw_us=888124294 len=207

2026-09-14 17:57:23,081 INFO image_rx_daemon: frag_arrival: seq=20 idx=10 total=15 fw_us=888323933 len=207

2026-09-14 17:57:23,273 INFO image_rx_daemon: frag_arrival: seq=20 idx=11 total=15 fw_us=888523549 len=207

2026-09-14 17:57:23,487 INFO image_rx_daemon: frag_arrival: seq=20 idx=12 total=15 fw_us=888723158 len=207

2026-09-14 17:57:23,694 INFO image_rx_daemon: frag_arrival: seq=20 idx=13 total=15 fw_us=888922801 len=207

2026-09-14 17:57:23,799 INFO image_rx_daemon: frag_arrival: seq=20 idx=14 total=15 fw_us=889060331 len=121

2026-09-14 17:57:23,811 INFO image_rx_daemon: published frame_id=0 seq=20 2959 B → lifetrac/v25/video/tile_delta

2026-09-14 17:57:24,273 INFO image_rx_daemon: frag_arrival: seq=27 idx=0 total=15 fw_us=889521658 len=207

2026-09-14 17:57:24,675 INFO image_rx_daemon: frag_arrival: seq=27 idx=1 total=15 fw_us=889920910 len=207

2026-09-14 17:57:24,871 INFO image_rx_daemon: frag_arrival: seq=27 idx=2 total=15 fw_us=890120475 len=207

2026-09-14 17:57:25,070 INFO image_rx_daemon: frag_arrival: seq=27 idx=3 total=15 fw_us=890321030 len=207

2026-09-14 17:57:25,272 INFO image_rx_daemon: frag_arrival: seq=27 idx=4 total=15 fw_us=890519699 len=207

2026-09-14 17:57:25,477 INFO image_rx_daemon: frag_arrival: seq=27 idx=5 total=15 fw_us=890719294 len=207

2026-09-14 17:57:25,678 INFO image_rx_daemon: frag_arrival: seq=27 idx=6 total=15 fw_us=890918910 len=207

2026-09-14 17:57:25,868 INFO image_rx_daemon: frag_arrival: seq=27 idx=7 total=15 fw_us=891118489 len=207

2026-09-14 17:57:26,034 INFO image_rx_daemon: stats: rx_frames=96 rx_decode_err=0 frames_published=5 publish_err=0 reassembler_decode_err=0 reassembler_timeouts=1 parity_recon=0 idle_drain_deferred=18 cmd_cooldown_drops=0 cmd_gate_held=0 cmd_copies_deferred=0

2026-09-14 17:57:26,038 INFO image_rx_daemon: air_gap: n=42 dt_med=199643us dt_p95=461327us len_med=207B cmd_tx_ok=0 cmd_tx_fail=0

2026-09-14 17:57:26,044 INFO image_rx_daemon: air_gap_hist(ms): <120:1 <200:31 <400:7 <1000:3

2026-09-14 17:57:26,047 INFO image_rx_daemon: rx_rf: n_rssi=42 n_snr=42 rssi[min/med/max]=-65/-62/-59 snr[min/med/max]=9.0/10.0/11.0

2026-09-14 17:57:26,050 INFO image_rx_daemon: phase_telemetry: valid=42 invalid=0 pre_f8=0 last_epoch=2 last_hop=16 slot_off=[14..14]

2026-09-14 17:57:26,055 INFO image_rx_daemon: air_gap_by_class: seq: n=39 med=199.6ms | boundary: n=3 med=466.5ms

2026-09-14 17:57:26,278 INFO image_rx_daemon: frag_arrival: seq=27 idx=8 total=15 fw_us=891517622 len=207

2026-09-14 17:57:26,468 INFO image_rx_daemon: frag_arrival: seq=27 idx=9 total=15 fw_us=891717214 len=207

2026-09-14 17:57:26,670 INFO image_rx_daemon: frag_arrival: seq=27 idx=10 total=15 fw_us=891916802 len=207

2026-09-14 17:57:26,870 INFO image_rx_daemon: frag_arrival: seq=27 idx=11 total=15 fw_us=892116376 len=207

2026-09-14 17:57:27,074 INFO image_rx_daemon: frag_arrival: seq=27 idx=12 total=15 fw_us=892315980 len=207

2026-09-14 17:57:27,274 INFO image_rx_daemon: frag_arrival: seq=27 idx=13 total=15 fw_us=892515651 len=207

2026-09-14 17:57:27,429 INFO image_rx_daemon: frag_arrival: seq=27 idx=14 total=15 fw_us=892679032 len=155

2026-09-14 17:57:27,440 INFO image_rx_daemon: published frame_id=0 seq=27 2993 B → lifetrac/v25/video/tile_delta

2026-09-14 17:57:27,882 INFO image_rx_daemon: frag_arrival: seq=34 idx=0 total=15 fw_us=893114533 len=207

2026-09-14 17:57:28,274 INFO image_rx_daemon: frag_arrival: seq=34 idx=1 total=15 fw_us=893513716 len=207

2026-09-14 17:57:28,466 INFO image_rx_daemon: frag_arrival: seq=34 idx=2 total=15 fw_us=893713299 len=207

2026-09-14 17:57:28,668 INFO image_rx_daemon: frag_arrival: seq=34 idx=3 total=15 fw_us=893912913 len=207

2026-09-14 17:57:28,869 INFO image_rx_daemon: frag_arrival: seq=34 idx=4 total=15 fw_us=894112540 len=207

2026-09-14 17:57:29,077 INFO image_rx_daemon: frag_arrival: seq=34 idx=5 total=15 fw_us=894312164 len=207

2026-09-14 17:57:29,268 INFO image_rx_daemon: frag_arrival: seq=34 idx=6 total=15 fw_us=894511832 len=207

2026-09-14 17:57:29,471 INFO image_rx_daemon: frag_arrival: seq=34 idx=7 total=15 fw_us=894711498 len=207

2026-09-14 17:57:29,779 INFO image_rx_daemon: cmd 0x63 superseded while pending (after 0 attempts) — body replaced, retry budget reset

2026-09-14 17:57:29,874 INFO image_rx_daemon: frag_arrival: seq=34 idx=8 total=15 fw_us=895110856 len=207

2026-09-14 17:57:30,064 INFO image_rx_daemon: frag_arrival: seq=34 idx=9 total=15 fw_us=895310506 len=207

2026-09-14 17:57:30,265 INFO image_rx_daemon: frag_arrival: seq=34 idx=10 total=15 fw_us=895510126 len=207

2026-09-14 17:57:30,466 INFO image_rx_daemon: frag_arrival: seq=34 idx=11 total=15 fw_us=895709805 len=207

2026-09-14 17:57:30,482 INFO image_rx_daemon: cmd 0x63 superseded while pending (after 0 attempts) — body replaced, retry budget reset

2026-09-14 17:57:30,672 INFO image_rx_daemon: frag_arrival: seq=34 idx=12 total=15 fw_us=895909447 len=207

2026-09-14 17:57:30,873 INFO image_rx_daemon: frag_arrival: seq=34 idx=13 total=15 fw_us=896109107 len=207

2026-09-14 17:57:31,009 INFO image_rx_daemon: frag_arrival: seq=34 idx=14 total=15 fw_us=896262143 len=142

2026-09-14 17:57:31,021 INFO image_rx_daemon: published frame_id=0 seq=34 2980 B → lifetrac/v25/video/tile_delta

RFCO_PERTX during TX wait: profile_id=1 tx_status=0x00(OK) hop_idx=43 channel_idx=46 epoch=2 freq_hz=925750000 pkt_toa_us=20608 legal_dwell_used_us_10s=20608

2026-09-14 17:57:31,091 INFO image_rx_daemon: command TX opcode=0x60 copy=1/1 OK (on air)

2026-09-14 17:57:31,192 INFO image_rx_daemon: cmd 0x63 superseded while pending (after 0 attempts) — body replaced, retry budget reset

2026-09-14 17:57:31,471 INFO image_rx_daemon: frag_arrival: seq=41 idx=0 total=15 fw_us=896708032 len=207

2026-09-14 17:57:31,866 INFO image_rx_daemon: frag_arrival: seq=41 idx=1 total=15 fw_us=897107364 len=207

2026-09-14 17:57:31,895 INFO image_rx_daemon: cmd 0x63 superseded while pending (after 0 attempts) — body replaced, retry budget reset

2026-09-14 17:57:32,067 INFO image_rx_daemon: frag_arrival: seq=41 idx=2 total=15 fw_us=897308030 len=207

2026-09-14 17:57:32,268 INFO image_rx_daemon: frag_arrival: seq=41 idx=3 total=15 fw_us=897506773 len=207

2026-09-14 17:57:32,469 INFO image_rx_daemon: frag_arrival: seq=41 idx=4 total=15 fw_us=897706474 len=207

2026-09-14 17:57:32,599 INFO image_rx_daemon: cmd 0x63 superseded while pending (after 0 attempts) — body replaced, retry budget reset

2026-09-14 17:57:32,672 INFO image_rx_daemon: frag_arrival: seq=41 idx=5 total=15 fw_us=897906221 len=207

2026-09-14 17:57:32,872 INFO image_rx_daemon: frag_arrival: seq=41 idx=6 total=15 fw_us=898105975 len=207

2026-09-14 17:57:33,062 INFO image_rx_daemon: frag_arrival: seq=41 idx=7 total=15 fw_us=898305718 len=207

2026-09-14 17:57:33,305 INFO image_rx_daemon: cmd 0x63 superseded while pending (after 0 attempts) — body replaced, retry budget reset

2026-09-14 17:57:33,471 INFO image_rx_daemon: frag_arrival: seq=41 idx=8 total=15 fw_us=898705210 len=207

2026-09-14 17:57:33,672 INFO image_rx_daemon: frag_arrival: seq=41 idx=9 total=15 fw_us=898904969 len=207

2026-09-14 17:57:33,860 INFO image_rx_daemon: frag_arrival: seq=41 idx=10 total=15 fw_us=899104697 len=207

2026-09-14 17:57:34,009 INFO image_rx_daemon: cmd 0x63 superseded while pending (after 0 attempts) — body replaced, retry budget reset

2026-09-14 17:57:34,060 INFO image_rx_daemon: frag_arrival: seq=41 idx=11 total=15 fw_us=899304452 len=207

2026-09-14 17:57:34,260 INFO image_rx_daemon: frag_arrival: seq=41 idx=12 total=15 fw_us=899504195 len=207

2026-09-14 17:57:34,460 INFO image_rx_daemon: frag_arrival: seq=41 idx=13 total=15 fw_us=899703883 len=207

2026-09-14 17:57:34,569 INFO image_rx_daemon: frag_arrival: seq=41 idx=14 total=15 fw_us=899823373 len=96

2026-09-14 17:57:34,581 INFO image_rx_daemon: published frame_id=0 seq=41 2934 B → lifetrac/v25/video/tile_delta

RFCO_PERTX during TX wait: profile_id=1 tx_status=0x00(OK) hop_idx=10 channel_idx=36 epoch=3 freq_hz=920750000 pkt_toa_us=20608 legal_dwell_used_us_10s=20608

2026-09-14 17:57:34,628 INFO image_rx_daemon: command TX opcode=0x60 copy=1/1 OK (on air)

2026-09-14 17:57:34,715 INFO image_rx_daemon: cmd 0x63 superseded while pending (after 0 attempts) — body replaced, retry budget reset

2026-09-14 17:57:35,059 INFO image_rx_daemon: frag_arrival: seq=48 idx=0 total=15 fw_us=900302968 len=207

2026-09-14 17:57:35,417 INFO image_rx_daemon: cmd 0x63 superseded while pending (after 0 attempts) — body replaced, retry budget reset

2026-09-14 17:57:35,470 INFO image_rx_daemon: frag_arrival: seq=48 idx=1 total=15 fw_us=900702458 len=207

2026-09-14 17:57:35,660 INFO image_rx_daemon: frag_arrival: seq=48 idx=2 total=15 fw_us=900902163 len=207

2026-09-14 17:57:35,861 INFO image_rx_daemon: frag_arrival: seq=48 idx=3 total=15 fw_us=901101880 len=207

2026-09-14 17:57:36,061 INFO image_rx_daemon: frag_arrival: seq=48 idx=4 total=15 fw_us=901301633 len=207

2026-09-14 17:57:36,074 INFO image_rx_daemon: stats: rx_frames=138 rx_decode_err=0 frames_published=8 publish_err=0 reassembler_decode_err=0 reassembler_timeouts=1 parity_recon=0 idle_drain_deferred=27 cmd_cooldown_drops=0 cmd_gate_held=0 cmd_copies_deferred=0

2026-09-14 17:57:36,078 INFO image_rx_daemon: air_gap: n=42 dt_med=199701us dt_p95=435501us len_med=207B cmd_tx_ok=2 cmd_tx_fail=0

2026-09-14 17:57:36,085 INFO image_rx_daemon: air_gap_hist(ms): <120:1 <200:31 <400:7 <1000:3

2026-09-14 17:57:36,089 INFO image_rx_daemon: rx_rf: n_rssi=42 n_snr=42 rssi[min/med/max]=-65/-62/-60 snr[min/med/max]=9.0/10.0/11.0

2026-09-14 17:57:36,091 INFO image_rx_daemon: phase_telemetry: valid=42 invalid=0 pre_f8=0 last_epoch=3 last_hop=17 slot_off=[14..14]

2026-09-14 17:57:36,095 INFO image_rx_daemon: air_gap_by_class: seq: n=39 med=199.7ms | boundary: n=3 med=445.9ms

2026-09-14 17:57:36,123 INFO image_rx_daemon: cmd 0x63 superseded while pending (after 0 attempts) — body replaced, retry budget reset

2026-09-14 17:57:36,262 INFO image_rx_daemon: frag_arrival: seq=48 idx=5 total=15 fw_us=901501350 len=207

2026-09-14 17:57:36,838 INFO image_rx_daemon: cmd 0x63 superseded while pending (after 0 attempts) — body replaced, retry budget reset

2026-09-14 17:57:36,859 INFO image_rx_daemon: frag_arrival: seq=48 idx=7 total=15 fw_us=902092416 len=207

2026-09-14 17:57:37,059 INFO image_rx_daemon: frag_arrival: seq=48 idx=8 total=15 fw_us=902293030 len=207

2026-09-14 17:57:37,259 INFO image_rx_daemon: frag_arrival: seq=48 idx=9 total=15 fw_us=902491711 len=207

2026-09-14 17:57:37,460 INFO image_rx_daemon: frag_arrival: seq=48 idx=10 total=15 fw_us=902691438 len=207

2026-09-14 17:57:37,530 INFO image_rx_daemon: cmd 0x63 superseded while pending (after 0 attempts) — body replaced, retry budget reset

2026-09-14 17:57:37,656 INFO image_rx_daemon: frag_arrival: seq=48 idx=11 total=15 fw_us=902891159 len=207

2026-09-14 17:57:37,856 INFO image_rx_daemon: frag_arrival: seq=48 idx=12 total=15 fw_us=903090815 len=207

2026-09-14 17:57:38,056 INFO image_rx_daemon: frag_arrival: seq=48 idx=13 total=15 fw_us=903290518 len=207

2026-09-14 17:57:38,205 INFO image_rx_daemon: frag_arrival: seq=48 idx=14 total=15 fw_us=903446271 len=147

2026-09-14 17:57:38,234 INFO image_rx_daemon: cmd 0x63 superseded while pending (after 0 attempts) — body replaced, retry budget reset

RFCO_PERTX during TX wait: profile_id=1 tx_status=0x00(OK) hop_idx=29 channel_idx=35 epoch=3 freq_hz=920250000 pkt_toa_us=20608 legal_dwell_used_us_10s=20608

2026-09-14 17:57:38,279 INFO image_rx_daemon: command TX opcode=0x60 copy=1/1 OK (on air)

2026-09-14 17:57:38,651 INFO image_rx_daemon: frag_arrival: seq=56 idx=0 total=15 fw_us=903889711 len=207

2026-09-14 17:57:38,939 INFO image_rx_daemon: cmd 0x63 superseded while pending (after 0 attempts) — body replaced, retry budget reset

2026-09-14 17:57:39,057 INFO image_rx_daemon: frag_arrival: seq=56 idx=1 total=15 fw_us=904289142 len=207

2026-09-14 17:57:39,257 INFO image_rx_daemon: frag_arrival: seq=56 idx=2 total=15 fw_us=904488847 len=207

2026-09-14 17:57:39,454 INFO image_rx_daemon: frag_arrival: seq=56 idx=3 total=15 fw_us=904688570 len=207

2026-09-14 17:57:39,656 INFO image_rx_daemon: cmd 0x63 superseded while pending (after 0 attempts) — body replaced, retry budget reset

2026-09-14 17:57:39,661 INFO image_rx_daemon: frag_arrival: seq=56 idx=4 total=15 fw_us=904888295 len=207

2026-09-14 17:57:39,850 INFO image_rx_daemon: frag_arrival: seq=56 idx=5 total=15 fw_us=905088033 len=207

2026-09-14 17:57:40,050 INFO image_rx_daemon: frag_arrival: seq=56 idx=6 total=15 fw_us=905287792 len=207

2026-09-14 17:57:40,250 INFO image_rx_daemon: frag_arrival: seq=56 idx=7 total=15 fw_us=905487467 len=207

2026-09-14 17:57:40,349 INFO image_rx_daemon: cmd 0x63 superseded while pending (after 0 attempts) — body replaced, retry budget reset

2026-09-14 17:57:40,647 INFO image_rx_daemon: frag_arrival: seq=56 idx=8 total=15 fw_us=905886853 len=207

2026-09-14 17:57:40,848 INFO image_rx_daemon: frag_arrival: seq=56 idx=9 total=15 fw_us=906086512 len=207

2026-09-14 17:57:41,047 INFO image_rx_daemon: frag_arrival: seq=56 idx=10 total=15 fw_us=906286179 len=207

2026-09-14 17:57:41,056 INFO image_rx_daemon: cmd 0x63 superseded while pending (after 0 attempts) — body replaced, retry budget reset

2026-09-14 17:57:41,248 INFO image_rx_daemon: frag_arrival: seq=56 idx=11 total=15 fw_us=906485883 len=207

2026-09-14 17:57:41,461 INFO image_rx_daemon: frag_arrival: seq=56 idx=12 total=15 fw_us=906685558 len=207

2026-09-14 17:57:41,652 INFO image_rx_daemon: frag_arrival: seq=56 idx=13 total=15 fw_us=906885247 len=207

2026-09-14 17:57:41,759 INFO image_rx_daemon: cmd 0x63 superseded while pending (after 0 attempts) — body replaced, retry budget reset

2026-09-14 17:57:41,814 INFO image_rx_daemon: frag_arrival: seq=56 idx=14 total=15 fw_us=907053805 len=162

2026-09-14 17:57:41,826 INFO image_rx_daemon: published frame_id=0 seq=56 3000 B → lifetrac/v25/video/tile_delta

RFCO_PERTX during TX wait: profile_id=1 tx_status=0x00(OK) hop_idx=47 channel_idx=23 epoch=3 freq_hz=914250000 pkt_toa_us=20608 legal_dwell_used_us_10s=20608

2026-09-14 17:57:41,875 INFO image_rx_daemon: command TX opcode=0x60 copy=1/1 OK (on air)

2026-09-14 17:57:42,253 INFO image_rx_daemon: frag_arrival: seq=63 idx=0 total=15 fw_us=907484189 len=207

2026-09-14 17:57:42,465 INFO image_rx_daemon: cmd 0x63 superseded while pending (after 0 attempts) — body replaced, retry budget reset

2026-09-14 17:57:42,647 INFO image_rx_daemon: frag_arrival: seq=63 idx=1 total=15 fw_us=907883479 len=207

2026-09-14 17:57:42,851 INFO image_rx_daemon: frag_arrival: seq=63 idx=2 total=15 fw_us=908083148 len=207

2026-09-14 17:57:43,050 INFO image_rx_daemon: frag_arrival: seq=63 idx=3 total=15 fw_us=908282808 len=207

2026-09-14 17:57:43,167 INFO image_rx_daemon: cmd 0x63 superseded while pending (after 0 attempts) — body replaced, retry budget reset

2026-09-14 17:57:43,250 INFO image_rx_daemon: frag_arrival: seq=63 idx=4 total=15 fw_us=908482483 len=207

2026-09-14 17:57:43,645 INFO image_rx_daemon: frag_arrival: seq=63 idx=6 total=15 fw_us=908881842 len=207

2026-09-14 17:57:43,844 INFO image_rx_daemon: frag_arrival: seq=63 idx=7 total=15 fw_us=909081515 len=207

2026-09-14 17:57:43,871 INFO image_rx_daemon: cmd 0x63 superseded while pending (after 0 attempts) — body replaced, retry budget reset

2026-09-14 17:57:44,247 INFO image_rx_daemon: frag_arrival: seq=63 idx=8 total=15 fw_us=909480820 len=207

2026-09-14 17:57:44,446 INFO image_rx_daemon: frag_arrival: seq=63 idx=9 total=15 fw_us=909680524 len=207

2026-09-14 17:57:44,575 INFO image_rx_daemon: cmd 0x63 superseded while pending (after 0 attempts) — body replaced, retry budget reset

2026-09-14 17:57:44,648 INFO image_rx_daemon: frag_arrival: seq=63 idx=10 total=15 fw_us=909880238 len=207

2026-09-14 17:57:44,847 INFO image_rx_daemon: frag_arrival: seq=63 idx=11 total=15 fw_us=910080016 len=207

2026-09-14 17:57:45,048 INFO image_rx_daemon: frag_arrival: seq=63 idx=12 total=15 fw_us=910279789 len=207

2026-09-14 17:57:45,248 INFO image_rx_daemon: frag_arrival: seq=63 idx=13 total=15 fw_us=910479533 len=207

2026-09-14 17:57:45,280 INFO image_rx_daemon: cmd 0x63 superseded while pending (after 0 attempts) — body replaced, retry budget reset

2026-09-14 17:57:45,320 INFO image_rx_daemon: frag_arrival: seq=63 idx=14 total=15 fw_us=910575787 len=65

RFCO_PERTX during TX wait: profile_id=1 tx_status=0x00(OK) hop_idx=14 channel_idx=8 epoch=4 freq_hz=906750000 pkt_toa_us=20608 legal_dwell_used_us_10s=20608

2026-09-14 17:57:45,367 INFO image_rx_daemon: command TX opcode=0x60 copy=1/1 OK (on air)

2026-09-14 17:57:45,850 INFO image_rx_daemon: frag_arrival: seq=77 idx=0 total=15 fw_us=911078735 len=207

2026-09-14 17:57:45,984 INFO image_rx_daemon: cmd 0x63 superseded while pending (after 0 attempts) — body replaced, retry budget reset

2026-09-14 17:57:46,103 INFO image_rx_daemon: stats: rx_frames=177 rx_decode_err=0 frames_published=9 publish_err=0 reassembler_decode_err=0 reassembler_timeouts=2 parity_recon=0 idle_drain_deferred=37 cmd_cooldown_drops=0 cmd_gate_held=0 cmd_copies_deferred=0

2026-09-14 17:57:46,107 INFO image_rx_daemon: air_gap: n=39 dt_med=199717us dt_p95=502948us len_med=207B cmd_tx_ok=5 cmd_tx_fail=0

2026-09-14 17:57:46,113 INFO image_rx_daemon: air_gap_hist(ms): <120:1 <200:28 <400:6 <1000:4

2026-09-14 17:57:46,118 INFO image_rx_daemon: rx_rf: n_rssi=39 n_snr=39 rssi[min/med/max]=-65/-62/-59 snr[min/med/max]=9.0/10.0/11.0

2026-09-14 17:57:46,121 INFO image_rx_daemon: phase_telemetry: valid=39 invalid=0 pre_f8=0 last_epoch=4 last_hop=16 slot_off=[14..14]

2026-09-14 17:57:46,125 INFO image_rx_daemon: air_gap_by_class: seq: n=34 med=199.7ms | boundary: n=3 med=443.4ms | post_loss: n=2 med=591.1ms

2026-09-14 17:57:46,129 INFO image_rx_daemon: lost_frag_idx: n=2 idx0=0 (0.00% of idx0 arrivals) other=2 (1.20%) verdict=not-clustered | top 6:1 5:1

2026-09-14 17:57:46,253 INFO image_rx_daemon: frag_arrival: seq=77 idx=1 total=15 fw_us=911479030 len=207

2026-09-14 17:57:46,443 INFO image_rx_daemon: frag_arrival: seq=77 idx=2 total=15 fw_us=911677665 len=207

2026-09-14 17:57:46,644 INFO image_rx_daemon: frag_arrival: seq=77 idx=3 total=15 fw_us=911877321 len=207

2026-09-14 17:57:46,688 INFO image_rx_daemon: cmd 0x63 superseded while pending (after 0 attempts) — body replaced, retry budget reset

2026-09-14 17:57:46,846 INFO image_rx_daemon: frag_arrival: seq=77 idx=4 total=15 fw_us=912076987 len=207

2026-09-14 17:57:47,049 INFO image_rx_daemon: frag_arrival: seq=77 idx=5 total=15 fw_us=912276670 len=207

2026-09-14 17:57:47,251 INFO image_rx_daemon: frag_arrival: seq=77 idx=6 total=15 fw_us=912476360 len=207

2026-09-14 17:57:47,393 INFO image_rx_daemon: cmd 0x63 superseded while pending (after 0 attempts) — body replaced, retry budget reset

2026-09-14 17:57:47,446 INFO image_rx_daemon: frag_arrival: seq=77 idx=7 total=15 fw_us=912676004 len=207

2026-09-14 17:57:47,854 INFO image_rx_daemon: frag_arrival: seq=77 idx=8 total=15 fw_us=913075298 len=207

2026-09-14 17:57:48,042 INFO image_rx_daemon: frag_arrival: seq=77 idx=9 total=15 fw_us=913274909 len=207

2026-09-14 17:57:48,097 INFO image_rx_daemon: cmd 0x63 superseded while pending (after 0 attempts) — body replaced, retry budget reset

2026-09-14 17:57:48,244 INFO image_rx_daemon: frag_arrival: seq=77 idx=10 total=15 fw_us=913474551 len=207

2026-09-14 17:57:48,446 INFO image_rx_daemon: frag_arrival: seq=77 idx=11 total=15 fw_us=913674240 len=207

2026-09-14 17:57:48,647 INFO image_rx_daemon: frag_arrival: seq=77 idx=12 total=15 fw_us=913873909 len=207

2026-09-14 17:57:48,806 INFO image_rx_daemon: cmd 0x63 superseded while pending (after 0 attempts) — body replaced, retry budget reset

2026-09-14 17:57:48,846 INFO image_rx_daemon: frag_arrival: seq=77 idx=13 total=15 fw_us=914073548 len=207

2026-09-14 17:57:48,932 INFO image_rx_daemon: frag_arrival: seq=77 idx=14 total=15 fw_us=914180090 len=81

2026-09-14 17:57:48,943 INFO image_rx_daemon: published frame_id=0 seq=77 2919 B → lifetrac/v25/video/tile_delta

RFCO_PERTX during TX wait: profile_id=1 tx_status=0x00(OK) hop_idx=32 channel_idx=2 epoch=4 freq_hz=903750000 pkt_toa_us=20608 legal_dwell_used_us_10s=20608

2026-09-14 17:57:48,992 INFO image_rx_daemon: command TX opcode=0x63 copy=1/1 OK (on air)

2026-09-14 17:57:49,442 INFO image_rx_daemon: frag_arrival: seq=78 idx=0 total=15 fw_us=914672353 len=207

2026-09-14 17:57:49,505 INFO image_rx_daemon: cmd 0x63 superseded while pending (after 1 attempts) — body replaced, retry budget reset

2026-09-14 17:57:49,848 INFO image_rx_daemon: frag_arrival: seq=78 idx=1 total=15 fw_us=915071654 len=207

2026-09-14 17:57:50,048 INFO image_rx_daemon: frag_arrival: seq=78 idx=2 total=15 fw_us=915271322 len=207

2026-09-14 17:57:50,208 INFO image_rx_daemon: cmd 0x63 superseded while pending (after 0 attempts) — body replaced, retry budget reset

2026-09-14 17:57:50,249 INFO image_rx_daemon: frag_arrival: seq=78 idx=3 total=15 fw_us=915470988 len=207

2026-09-14 17:57:50,449 INFO image_rx_daemon: frag_arrival: seq=78 idx=4 total=15 fw_us=915670665 len=207

2026-09-14 17:57:50,650 INFO image_rx_daemon: frag_arrival: seq=78 idx=5 total=15 fw_us=915870372 len=207

2026-09-14 17:57:50,911 INFO image_rx_daemon: cmd 0x63 superseded while pending (after 0 attempts) — body replaced, retry budget reset

2026-09-14 17:57:51,037 INFO image_rx_daemon: frag_arrival: seq=78 idx=7 total=15 fw_us=916263772 len=207

2026-09-14 17:57:51,442 INFO image_rx_daemon: frag_arrival: seq=78 idx=8 total=15 fw_us=916661271 len=207

2026-09-14 17:57:51,627 INFO image_rx_daemon: cmd 0x63 superseded while pending (after 0 attempts) — body replaced, retry budget reset

2026-09-14 17:57:51,645 INFO image_rx_daemon: frag_arrival: seq=78 idx=9 total=15 fw_us=916860988 len=207

2026-09-14 17:57:51,834 INFO image_rx_daemon: frag_arrival: seq=78 idx=10 total=15 fw_us=917060698 len=207

2026-09-14 17:57:52,035 INFO image_rx_daemon: frag_arrival: seq=78 idx=11 total=15 fw_us=917260390 len=207

2026-09-14 17:57:52,235 INFO image_rx_daemon: frag_arrival: seq=78 idx=12 total=15 fw_us=917460097 len=207

2026-09-14 17:57:52,333 INFO image_rx_daemon: cmd 0x63 superseded while pending (after 0 attempts) — body replaced, retry budget reset

2026-09-14 17:57:52,432 INFO image_rx_daemon: frag_arrival: seq=78 idx=13 total=15 fw_us=917659825 len=207

2026-09-14 17:57:52,521 INFO image_rx_daemon: frag_arrival: seq=78 idx=14 total=15 fw_us=917753496 len=63

RFCO_PERTX during TX wait: profile_id=1 tx_status=0x00(OK) hop_idx=0 channel_idx=15 epoch=5 freq_hz=910250000 pkt_toa_us=20608 legal_dwell_used_us_10s=20608

2026-09-14 17:57:52,584 INFO image_rx_daemon: command TX opcode=0x60 copy=1/1 OK (on air)

2026-09-14 17:57:53,039 INFO image_rx_daemon: frag_arrival: seq=84 idx=0 total=15 fw_us=918258987 len=207

2026-09-14 17:57:53,046 INFO image_rx_daemon: cmd 0x63 superseded while pending (after 0 attempts) — body replaced, retry budget reset

2026-09-14 17:57:53,432 INFO image_rx_daemon: frag_arrival: seq=84 idx=1 total=15 fw_us=918658447 len=207

2026-09-14 17:57:53,634 INFO image_rx_daemon: frag_arrival: seq=84 idx=2 total=15 fw_us=918858111 len=207

2026-09-14 17:57:53,729 INFO image_rx_daemon: cmd 0x63 superseded while pending (after 0 attempts) — body replaced, retry budget reset

2026-09-14 17:57:53,835 INFO image_rx_daemon: frag_arrival: seq=84 idx=3 total=15 fw_us=919057871 len=207

2026-09-14 17:57:54,034 INFO image_rx_daemon: frag_arrival: seq=84 idx=4 total=15 fw_us=919257653 len=207

2026-09-14 17:57:54,236 INFO image_rx_daemon: frag_arrival: seq=84 idx=5 total=15 fw_us=919457400 len=207

2026-09-14 17:57:54,432 INFO image_rx_daemon: cmd 0x63 superseded while pending (after 0 attempts) — body replaced, retry budget reset

2026-09-14 17:57:54,630 INFO image_rx_daemon: frag_arrival: seq=84 idx=7 total=15 fw_us=919849943 len=207

2026-09-14 17:57:55,026 INFO image_rx_daemon: frag_arrival: seq=84 idx=8 total=15 fw_us=920249420 len=207

2026-09-14 17:57:55,138 INFO image_rx_daemon: cmd 0x63 superseded while pending (after 0 attempts) — body replaced, retry budget reset

2026-09-14 17:57:55,231 INFO image_rx_daemon: frag_arrival: seq=84 idx=9 total=15 fw_us=920449156 len=207

2026-09-14 17:57:55,430 INFO image_rx_daemon: frag_arrival: seq=84 idx=10 total=15 fw_us=920649033 len=207

2026-09-14 17:57:55,625 INFO image_rx_daemon: frag_arrival: seq=84 idx=11 total=15 fw_us=920848780 len=207

2026-09-14 17:57:55,826 INFO image_rx_daemon: frag_arrival: seq=84 idx=12 total=15 fw_us=921048541 len=207

2026-09-14 17:57:55,844 INFO image_rx_daemon: cmd 0x63 superseded while pending (after 0 attempts) — body replaced, retry budget reset

2026-09-14 17:57:56,025 INFO image_rx_daemon: frag_arrival: seq=84 idx=13 total=15 fw_us=921248380 len=207

2026-09-14 17:57:56,148 INFO image_rx_daemon: stats: rx_frames=218 rx_decode_err=0 frames_published=10 publish_err=0 reassembler_decode_err=0 reassembler_timeouts=4 parity_recon=0 idle_drain_deferred=47 cmd_cooldown_drops=0 cmd_gate_held=0 cmd_copies_deferred=0

2026-09-14 17:57:56,152 INFO image_rx_daemon: air_gap: n=42 dt_med=199710us dt_p95=400295us len_med=207B cmd_tx_ok=7 cmd_tx_fail=0

2026-09-14 17:57:56,158 INFO image_rx_daemon: air_gap_hist(ms): <120:2 <200:30 <400:7 <1000:3

2026-09-14 17:57:56,161 INFO image_rx_daemon: frag_arrival: seq=84 idx=14 total=15 fw_us=921387030 len=121

2026-09-14 17:57:56,165 INFO image_rx_daemon: rx_rf: n_rssi=41 n_snr=41 rssi[min/med/max]=-65/-62/-59 snr[min/med/max]=9.0/10.0/11.0

2026-09-14 17:57:56,174 INFO image_rx_daemon: phase_telemetry: valid=42 invalid=0 pre_f8=0 last_epoch=5 last_hop=18 slot_off=[14..16]

2026-09-14 17:57:56,178 INFO image_rx_daemon: air_gap_by_class: seq: n=38 med=199.7ms | boundary: n=2 med=505.5ms | post_loss: n=2 med=393.4ms

2026-09-14 17:57:56,182 INFO image_rx_daemon: lost_frag_idx: n=2 idx0=0 (0.00% of idx0 arrivals) other=2 (4.76%) verdict=not-clustered | top 6:2

RFCO_PERTX during TX wait: profile_id=1 tx_status=0x00(OK) hop_idx=19 channel_idx=26 epoch=5 freq_hz=915750000 pkt_toa_us=20608 legal_dwell_used_us_10s=20608

2026-09-14 17:57:56,248 INFO image_rx_daemon: command TX opcode=0x63 copy=1/1 OK (on air)

2026-09-14 17:57:56,545 INFO image_rx_daemon: cmd 0x63 superseded while pending (after 1 attempts) — body replaced, retry budget reset

2026-09-14 17:57:56,628 INFO image_rx_daemon: frag_arrival: seq=91 idx=0 total=15 fw_us=921847662 len=207

2026-09-14 17:57:57,025 INFO image_rx_daemon: frag_arrival: seq=91 idx=1 total=15 fw_us=922247299 len=207

2026-09-14 17:57:57,224 INFO image_rx_daemon: frag_arrival: seq=91 idx=2 total=15 fw_us=922448030 len=207

2026-09-14 17:57:57,250 INFO image_rx_daemon: cmd 0x63 superseded while pending (after 0 attempts) — body replaced, retry budget reset

2026-09-14 17:57:57,428 INFO image_rx_daemon: frag_arrival: seq=91 idx=3 total=15 fw_us=922646879 len=207

2026-09-14 17:57:57,628 INFO image_rx_daemon: frag_arrival: seq=91 idx=4 total=15 fw_us=922846618 len=207

2026-09-14 17:57:57,828 INFO image_rx_daemon: frag_arrival: seq=91 idx=5 total=15 fw_us=923046363 len=207

2026-09-14 17:57:57,955 INFO image_rx_daemon: cmd 0x63 superseded while pending (after 0 attempts) — body replaced, retry budget reset

2026-09-14 17:57:58,028 INFO image_rx_daemon: frag_arrival: seq=91 idx=6 total=15 fw_us=923246033 len=207

2026-09-14 17:57:58,228 INFO image_rx_daemon: frag_arrival: seq=91 idx=7 total=15 fw_us=923445772 len=207

2026-09-14 17:57:58,622 INFO image_rx_daemon: frag_arrival: seq=91 idx=8 total=15 fw_us=923845217 len=207

2026-09-14 17:57:58,661 INFO image_rx_daemon: cmd 0x63 superseded while pending (after 0 attempts) — body replaced, retry budget reset

2026-09-14 17:57:58,822 INFO image_rx_daemon: frag_arrival: seq=91 idx=9 total=15 fw_us=924044937 len=207

2026-09-14 17:57:59,022 INFO image_rx_daemon: frag_arrival: seq=91 idx=10 total=15 fw_us=924244657 len=207

2026-09-14 17:57:59,222 INFO image_rx_daemon: frag_arrival: seq=91 idx=11 total=15 fw_us=924444352 len=207

2026-09-14 17:57:59,366 INFO image_rx_daemon: cmd 0x63 superseded while pending (after 0 attempts) — body replaced, retry budget reset

2026-09-14 17:57:59,427 INFO image_rx_daemon: frag_arrival: seq=91 idx=12 total=15 fw_us=924644026 len=207

2026-09-14 17:57:59,631 INFO image_rx_daemon: frag_arrival: seq=91 idx=13 total=15 fw_us=924843742 len=207

2026-09-14 17:57:59,781 INFO image_rx_daemon: frag_arrival: seq=91 idx=14 total=15 fw_us=925007184 len=155

2026-09-14 17:57:59,793 INFO image_rx_daemon: published frame_id=0 seq=91 2993 B → lifetrac/v25/video/tile_delta

RFCO_PERTX during TX wait: profile_id=1 tx_status=0x00(OK) hop_idx=37 channel_idx=16 epoch=5 freq_hz=910750000 pkt_toa_us=20608 legal_dwell_used_us_10s=20608

2026-09-14 17:57:59,843 INFO image_rx_daemon: command TX opcode=0x63 copy=1/1 OK (on air)

2026-09-14 17:58:00,070 INFO image_rx_daemon: cmd 0x63 superseded while pending (after 1 attempts) — body replaced, retry budget reset

2026-09-14 17:58:00,223 INFO image_rx_daemon: frag_arrival: seq=99 idx=0 total=15 fw_us=925442921 len=207

2026-09-14 17:58:00,629 INFO image_rx_daemon: frag_arrival: seq=99 idx=1 total=15 fw_us=925842382 len=207

2026-09-14 17:58:00,774 INFO image_rx_daemon: cmd 0x63 superseded while pending (after 0 attempts) — body replaced, retry budget reset

2026-09-14 17:58:00,824 INFO image_rx_daemon: frag_arrival: seq=99 idx=2 total=15 fw_us=926042118 len=207

2026-09-14 17:58:01,030 INFO image_rx_daemon: frag_arrival: seq=99 idx=3 total=15 fw_us=926241799 len=207

2026-09-14 17:58:01,220 INFO image_rx_daemon: frag_arrival: seq=99 idx=4 total=15 fw_us=926441549 len=207

2026-09-14 17:58:01,420 INFO image_rx_daemon: frag_arrival: seq=99 idx=5 total=15 fw_us=926641227 len=207

2026-09-14 17:58:01,481 INFO image_rx_daemon: cmd 0x63 superseded while pending (after 0 attempts) — body replaced, retry budget reset

2026-09-14 17:58:01,622 INFO image_rx_daemon: frag_arrival: seq=99 idx=6 total=15 fw_us=926840899 len=207

2026-09-14 17:58:01,822 INFO image_rx_daemon: frag_arrival: seq=99 idx=7 total=15 fw_us=927040561 len=207

2026-09-14 17:58:02,182 INFO image_rx_daemon: cmd 0x63 superseded while pending (after 0 attempts) — body replaced, retry budget reset

2026-09-14 17:58:02,224 INFO image_rx_daemon: frag_arrival: seq=99 idx=8 total=15 fw_us=927439991 len=207

2026-09-14 17:58:02,423 INFO image_rx_daemon: frag_arrival: seq=99 idx=9 total=15 fw_us=927639699 len=207

2026-09-14 17:58:02,623 INFO image_rx_daemon: frag_arrival: seq=99 idx=10 total=15 fw_us=927839399 len=207

2026-09-14 17:58:02,822 INFO image_rx_daemon: frag_arrival: seq=99 idx=11 total=15 fw_us=928040030 len=207

2026-09-14 17:58:02,887 INFO image_rx_daemon: cmd 0x63 superseded while pending (after 0 attempts) — body replaced, retry budget reset

2026-09-14 17:58:03,026 INFO image_rx_daemon: frag_arrival: seq=99 idx=12 total=15 fw_us=928238665 len=207

2026-09-14 17:58:03,226 INFO image_rx_daemon: frag_arrival: seq=99 idx=13 total=15 fw_us=928438292 len=207

2026-09-14 17:58:03,363 INFO image_rx_daemon: frag_arrival: seq=99 idx=14 total=15 fw_us=928593932 len=145

2026-09-14 17:58:03,374 INFO image_rx_daemon: published frame_id=0 seq=99 2983 B → lifetrac/v25/video/tile_delta

RFCO_PERTX during TX wait: profile_id=1 tx_status=0x00(OK) hop_idx=5 channel_idx=16 epoch=6 freq_hz=910750000 pkt_toa_us=20608 legal_dwell_used_us_10s=41216

2026-09-14 17:58:03,444 INFO image_rx_daemon: command TX opcode=0x60 copy=1/1 OK (on air)

2026-09-14 17:58:03,593 INFO image_rx_daemon: cmd 0x63 superseded while pending (after 0 attempts) — body replaced, retry budget reset

2026-09-14 17:58:03,827 INFO image_rx_daemon: frag_arrival: seq=106 idx=0 total=15 fw_us=929037430 len=207

2026-09-14 17:58:04,222 INFO image_rx_daemon: frag_arrival: seq=106 idx=1 total=15 fw_us=929436969 len=207

2026-09-14 17:58:04,295 INFO image_rx_daemon: cmd 0x63 superseded while pending (after 0 attempts) — body replaced, retry budget reset

2026-09-14 17:58:04,422 INFO image_rx_daemon: frag_arrival: seq=106 idx=2 total=15 fw_us=929636677 len=207

2026-09-14 17:58:04,623 INFO image_rx_daemon: frag_arrival: seq=106 idx=3 total=15 fw_us=929836412 len=207

2026-09-14 17:58:04,823 INFO image_rx_daemon: frag_arrival: seq=106 idx=4 total=15 fw_us=930036137 len=207

2026-09-14 17:58:05,011 INFO image_rx_daemon: cmd 0x63 superseded while pending (after 0 attempts) — body replaced, retry budget reset

2026-09-14 17:58:05,033 INFO image_rx_daemon: frag_arrival: seq=106 idx=5 total=15 fw_us=930235873 len=207

2026-09-14 17:58:05,223 INFO image_rx_daemon: frag_arrival: seq=106 idx=6 total=15 fw_us=930435573 len=207

2026-09-14 17:58:05,423 INFO image_rx_daemon: frag_arrival: seq=106 idx=7 total=15 fw_us=930635234 len=207

2026-09-14 17:58:05,703 INFO image_rx_daemon: cmd 0x63 superseded while pending (after 0 attempts) — body replaced, retry budget reset

2026-09-14 17:58:05,817 INFO image_rx_daemon: frag_arrival: seq=106 idx=8 total=15 fw_us=931034541 len=207

2026-09-14 17:58:06,017 INFO image_rx_daemon: frag_arrival: seq=106 idx=9 total=15 fw_us=931234183 len=207

2026-09-14 17:58:06,222 INFO image_rx_daemon: stats: rx_frames=259 rx_decode_err=0 frames_published=12 publish_err=0 reassembler_decode_err=0 reassembler_timeouts=5 parity_recon=0 idle_drain_deferred=56 cmd_cooldown_drops=0 cmd_gate_held=0 cmd_copies_deferred=0

2026-09-14 17:58:06,225 INFO image_rx_daemon: air_gap: n=40 dt_med=199720us dt_p95=443498us len_med=207B cmd_tx_ok=10 cmd_tx_fail=0

2026-09-14 17:58:06,231 INFO image_rx_daemon: air_gap_hist(ms): <200:29 <400:8 <1000:3

2026-09-14 17:58:06,238 INFO image_rx_daemon: frag_arrival: seq=106 idx=10 total=15 fw_us=931433857 len=207

2026-09-14 17:58:06,242 INFO image_rx_daemon: rx_rf: n_rssi=40 n_snr=40 rssi[min/med/max]=-65/-62/-59 snr[min/med/max]=9.0/10.0/11.0

2026-09-14 17:58:06,248 INFO image_rx_daemon: phase_telemetry: valid=41 invalid=0 pre_f8=0 last_epoch=6 last_hop=18 slot_off=[14..14]

2026-09-14 17:58:06,252 INFO image_rx_daemon: air_gap_by_class: seq: n=37 med=199.7ms | boundary: n=3 med=443.5ms

2026-09-14 17:58:06,419 INFO image_rx_daemon: cmd 0x63 superseded while pending (after 0 attempts) — body replaced, retry budget reset

2026-09-14 17:58:06,430 INFO image_rx_daemon: frag_arrival: seq=106 idx=11 total=15 fw_us=931633498 len=207

2026-09-14 17:58:06,621 INFO image_rx_daemon: frag_arrival: seq=106 idx=12 total=15 fw_us=931833116 len=207

2026-09-14 17:58:06,821 INFO image_rx_daemon: frag_arrival: seq=106 idx=13 total=15 fw_us=932032658 len=207

2026-09-14 17:58:06,969 INFO image_rx_daemon: frag_arrival: seq=106 idx=14 total=15 fw_us=932188273 len=147

2026-09-14 17:58:06,981 INFO image_rx_daemon: published frame_id=0 seq=106 2985 B → lifetrac/v25/video/tile_delta

RFCO_PERTX during TX wait: profile_id=1 tx_status=0x00(OK) hop_idx=23 channel_idx=36 epoch=6 freq_hz=920750000 pkt_toa_us=20608 legal_dwell_used_us_10s=20608

2026-09-14 17:58:07,041 INFO image_rx_daemon: command TX opcode=0x63 copy=1/1 OK (on air)

2026-09-14 17:58:07,112 INFO image_rx_daemon: cmd 0x63 superseded while pending (after 1 attempts) — body replaced, retry budget reset

2026-09-14 17:58:07,421 INFO image_rx_daemon: frag_arrival: seq=113 idx=0 total=15 fw_us=932631417 len=207

2026-09-14 17:58:07,822 INFO image_rx_daemon: frag_arrival: seq=113 idx=1 total=15 fw_us=933030822 len=207

2026-09-14 17:58:07,829 INFO image_rx_daemon: cmd 0x63 superseded while pending (after 0 attempts) — body replaced, retry budget reset

2026-09-14 17:58:08,022 INFO image_rx_daemon: frag_arrival: seq=113 idx=2 total=15 fw_us=933230487 len=207

2026-09-14 17:58:08,223 INFO image_rx_daemon: frag_arrival: seq=113 idx=3 total=15 fw_us=933430171 len=207

2026-09-14 17:58:08,423 INFO image_rx_daemon: frag_arrival: seq=113 idx=4 total=15 fw_us=933629842 len=207

2026-09-14 17:58:08,521 INFO image_rx_daemon: cmd 0x63 superseded while pending (after 0 attempts) — body replaced, retry budget reset

2026-09-14 17:58:08,617 INFO image_rx_daemon: frag_arrival: seq=113 idx=5 total=15 fw_us=933829567 len=207

2026-09-14 17:58:08,817 INFO image_rx_daemon: frag_arrival: seq=113 idx=6 total=15 fw_us=934029285 len=207

2026-09-14 17:58:09,016 INFO image_rx_daemon: frag_arrival: seq=113 idx=7 total=15 fw_us=934229034 len=207

2026-09-14 17:58:09,230 INFO image_rx_daemon: cmd 0x63 superseded while pending (after 0 attempts) — body replaced, retry budget reset

2026-09-14 17:58:09,420 INFO image_rx_daemon: frag_arrival: seq=113 idx=8 total=15 fw_us=934628625 len=207

2026-09-14 17:58:09,622 INFO image_rx_daemon: frag_arrival: seq=113 idx=9 total=15 fw_us=934828452 len=207

2026-09-14 17:58:09,823 INFO image_rx_daemon: frag_arrival: seq=113 idx=10 total=15 fw_us=935028349 len=207

2026-09-14 17:58:09,933 INFO image_rx_daemon: cmd 0x63 superseded while pending (after 0 attempts) — body replaced, retry budget reset

2026-09-14 17:58:10,017 INFO image_rx_daemon: frag_arrival: seq=113 idx=11 total=15 fw_us=935228205 len=207

2026-09-14 17:58:10,216 INFO image_rx_daemon: frag_arrival: seq=113 idx=12 total=15 fw_us=935427964 len=207

2026-09-14 17:58:10,417 INFO image_rx_daemon: frag_arrival: seq=113 idx=13 total=15 fw_us=935627761 len=207

2026-09-14 17:58:10,478 INFO image_rx_daemon: frag_arrival: seq=113 idx=14 total=15 fw_us=935716276 len=54

2026-09-14 17:58:10,489 INFO image_rx_daemon: published frame_id=0 seq=113 2892 B → lifetrac/v25/video/tile_delta

RFCO_PERTX during TX wait: profile_id=1 tx_status=0x00(OK) hop_idx=40 channel_idx=30 epoch=6 freq_hz=917750000 pkt_toa_us=20608 legal_dwell_used_us_10s=20608

2026-09-14 17:58:10,538 INFO image_rx_daemon: command TX opcode=0x63 copy=1/1 OK (on air)

2026-09-14 17:58:10,638 INFO image_rx_daemon: cmd 0x63 superseded while pending (after 1 attempts) — body replaced, retry budget reset

2026-09-14 17:58:11,028 INFO image_rx_daemon: frag_arrival: seq=120 idx=0 total=15 fw_us=936228030 len=207

2026-09-14 17:58:11,341 INFO image_rx_daemon: cmd 0x63 superseded while pending (after 0 attempts) — body replaced, retry budget reset

2026-09-14 17:58:11,424 INFO image_rx_daemon: frag_arrival: seq=120 idx=1 total=15 fw_us=936626575 len=207

2026-09-14 17:58:11,626 INFO image_rx_daemon: frag_arrival: seq=120 idx=2 total=15 fw_us=936826346 len=207

2026-09-14 17:58:11,815 INFO image_rx_daemon: frag_arrival: seq=120 idx=3 total=15 fw_us=937026156 len=207

2026-09-14 17:58:12,016 INFO image_rx_daemon: frag_arrival: seq=120 idx=4 total=15 fw_us=937225996 len=207

2026-09-14 17:58:12,046 INFO image_rx_daemon: cmd 0x63 superseded while pending (after 0 attempts) — body replaced, retry budget reset

2026-09-14 17:58:12,216 INFO image_rx_daemon: frag_arrival: seq=120 idx=5 total=15 fw_us=937425797 len=207

2026-09-14 17:58:12,610 INFO image_rx_daemon: frag_arrival: seq=120 idx=7 total=15 fw_us=937819857 len=207

2026-09-14 17:58:12,750 INFO image_rx_daemon: cmd 0x63 superseded while pending (after 0 attempts) — body replaced, retry budget reset

2026-09-14 17:58:13,016 INFO image_rx_daemon: frag_arrival: seq=120 idx=8 total=15 fw_us=938216951 len=207

2026-09-14 17:58:13,216 INFO image_rx_daemon: frag_arrival: seq=120 idx=9 total=15 fw_us=938416743 len=207

2026-09-14 17:58:13,417 INFO image_rx_daemon: frag_arrival: seq=120 idx=10 total=15 fw_us=938616504 len=207

2026-09-14 17:58:13,454 INFO image_rx_daemon: cmd 0x63 superseded while pending (after 0 attempts) — body replaced, retry budget reset

2026-09-14 17:58:13,622 INFO image_rx_daemon: frag_arrival: seq=120 idx=11 total=15 fw_us=938816210 len=207

2026-09-14 17:58:13,812 INFO image_rx_daemon: frag_arrival: seq=120 idx=12 total=15 fw_us=939015921 len=207

2026-09-14 17:58:14,013 INFO image_rx_daemon: frag_arrival: seq=120 idx=13 total=15 fw_us=939215767 len=207

2026-09-14 17:58:14,174 INFO image_rx_daemon: cmd 0x63 superseded while pending (after 0 attempts) — body replaced, retry budget reset

2026-09-14 17:58:14,189 INFO image_rx_daemon: frag_arrival: seq=120 idx=14 total=15 fw_us=939384464 len=162

RFCO_PERTX during TX wait: profile_id=1 tx_status=0x00(OK) hop_idx=9 channel_idx=17 epoch=7 freq_hz=911250000 pkt_toa_us=20608 legal_dwell_used_us_10s=20608

2026-09-14 17:58:14,237 INFO image_rx_daemon: command TX opcode=0x60 copy=1/1 OK (on air)

2026-09-14 17:58:14,617 INFO image_rx_daemon: frag_arrival: seq=127 idx=0 total=15 fw_us=939815127 len=207

2026-09-14 17:58:14,865 INFO image_rx_daemon: cmd 0x63 superseded while pending (after 0 attempts) — body replaced, retry budget reset

2026-09-14 17:58:15,012 INFO image_rx_daemon: frag_arrival: seq=127 idx=1 total=15 fw_us=940214657 len=207

2026-09-14 17:58:15,212 INFO image_rx_daemon: frag_arrival: seq=127 idx=2 total=15 fw_us=940414391 len=207

2026-09-14 17:58:15,413 INFO image_rx_daemon: frag_arrival: seq=127 idx=3 total=15 fw_us=940614181 len=207

2026-09-14 17:58:15,567 INFO image_rx_daemon: cmd 0x63 superseded while pending (after 0 attempts) — body replaced, retry budget reset

2026-09-14 17:58:15,612 INFO image_rx_daemon: frag_arrival: seq=127 idx=4 total=15 fw_us=940813933 len=207

2026-09-14 17:58:15,813 INFO image_rx_daemon: frag_arrival: seq=127 idx=5 total=15 fw_us=941013656 len=207

2026-09-14 17:58:16,019 INFO image_rx_daemon: frag_arrival: seq=127 idx=6 total=15 fw_us=941213453 len=207

2026-09-14 17:58:16,209 INFO image_rx_daemon: frag_arrival: seq=127 idx=7 total=15 fw_us=941413247 len=207

2026-09-14 17:58:16,259 INFO image_rx_daemon: stats: rx_frames=301 rx_decode_err=0 frames_published=14 publish_err=0 reassembler_decode_err=0 reassembler_timeouts=6 parity_recon=0 idle_drain_deferred=65 cmd_cooldown_drops=0 cmd_gate_held=0 cmd_copies_deferred=0

2026-09-14 17:58:16,262 INFO image_rx_daemon: air_gap: n=42 dt_med=199790us dt_p95=430663us len_med=207B cmd_tx_ok=13 cmd_tx_fail=0

2026-09-14 17:58:16,268 INFO image_rx_daemon: air_gap_hist(ms): <120:1 <200:32 <400:6 <1000:3

2026-09-14 17:58:16,272 INFO image_rx_daemon: rx_rf: n_rssi=41 n_snr=41 rssi[min/med/max]=-65/-62/-59 snr[min/med/max]=9.0/10.0/10.0

2026-09-14 17:58:16,275 INFO image_rx_daemon: phase_telemetry: valid=41 invalid=0 pre_f8=0 last_epoch=7 last_hop=18 slot_off=[14..17]

2026-09-14 17:58:16,281 INFO image_rx_daemon: air_gap_by_class: seq: n=38 med=199.8ms | boundary: n=3 med=443.1ms | post_loss: n=1 med=394.1ms

2026-09-14 17:58:16,285 INFO image_rx_daemon: lost_frag_idx: n=1 idx0=0 (0.00% of idx0 arrivals) other=1 (1.30%) verdict=not-clustered | top 6:1

2026-09-14 17:58:16,291 INFO image_rx_daemon: cmd 0x63 superseded while pending (after 0 attempts) — body replaced, retry budget reset

2026-09-14 17:58:16,606 INFO image_rx_daemon: frag_arrival: seq=127 idx=8 total=15 fw_us=941812850 len=207

2026-09-14 17:58:16,806 INFO image_rx_daemon: frag_arrival: seq=127 idx=9 total=15 fw_us=942012653 len=207

2026-09-14 17:58:16,986 INFO image_rx_daemon: cmd 0x63 superseded while pending (after 0 attempts) — body replaced, retry budget reset

2026-09-14 17:58:17,016 INFO image_rx_daemon: frag_arrival: seq=127 idx=10 total=15 fw_us=942212502 len=207

2026-09-14 17:58:17,206 INFO image_rx_daemon: frag_arrival: seq=127 idx=11 total=15 fw_us=942412279 len=207

2026-09-14 17:58:17,407 INFO image_rx_daemon: frag_arrival: seq=127 idx=12 total=15 fw_us=942612151 len=207

2026-09-14 17:58:17,608 INFO image_rx_daemon: frag_arrival: seq=127 idx=13 total=15 fw_us=942811972 len=207

2026-09-14 17:58:17,682 INFO image_rx_daemon: frag_arrival: seq=127 idx=14 total=15 fw_us=942908278 len=65

2026-09-14 17:58:17,691 INFO image_rx_daemon: cmd 0x60 CONVERGED after 8 attempts (48.6 s): keyframe received (UNVERIFIED delivery — keyframe may be encoder-initiated)

2026-09-14 17:58:17,698 INFO image_rx_daemon: cmd 0x63 superseded while pending (after 0 attempts) — body replaced, retry budget reset

2026-09-14 17:58:17,709 INFO image_rx_daemon: published frame_id=0 seq=127 2903 B → lifetrac/v25/video/tile_delta

RFCO_PERTX during TX wait: profile_id=1 tx_status=0x00(OK) hop_idx=26 channel_idx=34 epoch=7 freq_hz=919750000 pkt_toa_us=20608 legal_dwell_used_us_10s=20608

2026-09-14 17:58:17,757 INFO image_rx_daemon: command TX opcode=0x63 copy=1/1 OK (on air)

2026-09-14 17:58:18,212 INFO image_rx_daemon: frag_arrival: seq=142 idx=0 total=15 fw_us=943411493 len=207

2026-09-14 17:58:18,387 INFO image_rx_daemon: cmd 0x63 superseded while pending (after 1 attempts) — body replaced, retry budget reset

2026-09-14 17:58:18,611 INFO image_rx_daemon: frag_arrival: seq=142 idx=1 total=15 fw_us=943811178 len=207

2026-09-14 17:58:18,810 INFO image_rx_daemon: frag_arrival: seq=142 idx=2 total=15 fw_us=944010980 len=207

2026-09-14 17:58:19,011 INFO image_rx_daemon: frag_arrival: seq=142 idx=3 total=15 fw_us=944210761 len=207

2026-09-14 17:58:19,088 INFO image_rx_daemon: cmd 0x63 superseded while pending (after 0 attempts) — body replaced, retry budget reset

2026-09-14 17:58:19,214 INFO image_rx_daemon: frag_arrival: seq=142 idx=4 total=15 fw_us=944410531 len=207

2026-09-14 17:58:19,403 INFO image_rx_daemon: frag_arrival: seq=142 idx=5 total=15 fw_us=944610305 len=207

2026-09-14 17:58:19,614 INFO image_rx_daemon: frag_arrival: seq=142 idx=6 total=15 fw_us=944811030 len=207

2026-09-14 17:58:19,807 INFO image_rx_daemon: cmd 0x63 superseded while pending (after 0 attempts) — body replaced, retry budget reset

2026-09-14 17:58:19,813 INFO image_rx_daemon: frag_arrival: seq=142 idx=7 total=15 fw_us=945009801 len=207

2026-09-14 17:58:20,208 INFO image_rx_daemon: frag_arrival: seq=142 idx=8 total=15 fw_us=945409479 len=207

2026-09-14 17:58:20,410 INFO image_rx_daemon: frag_arrival: seq=142 idx=9 total=15 fw_us=945609268 len=207

2026-09-14 17:58:20,498 INFO image_rx_daemon: cmd 0x63 superseded while pending (after 0 attempts) — body replaced, retry budget reset

2026-09-14 17:58:20,612 INFO image_rx_daemon: frag_arrival: seq=142 idx=10 total=15 fw_us=945809033 len=207

2026-09-14 17:58:20,816 INFO image_rx_daemon: frag_arrival: seq=142 idx=11 total=15 fw_us=946008816 len=207

2026-09-14 17:58:21,008 INFO image_rx_daemon: frag_arrival: seq=142 idx=12 total=15 fw_us=946208638 len=207

2026-09-14 17:58:21,208 INFO image_rx_daemon: frag_arrival: seq=142 idx=13 total=15 fw_us=946408478 len=207

2026-09-14 17:58:21,215 INFO image_rx_daemon: cmd 0x63 superseded while pending (after 0 attempts) — body replaced, retry budget reset

2026-09-14 17:58:21,280 INFO image_rx_daemon: frag_arrival: seq=142 idx=14 total=15 fw_us=946502230 len=63

2026-09-14 17:58:21,292 INFO image_rx_daemon: published frame_id=0 seq=142 2901 B → lifetrac/v25/video/tile_delta

RFCO_PERTX during TX wait: profile_id=1 tx_status=0x00(OK) hop_idx=44 channel_idx=31 epoch=7 freq_hz=918250000 pkt_toa_us=20608 legal_dwell_used_us_10s=20608

2026-09-14 17:58:21,342 INFO image_rx_daemon: command TX opcode=0x63 copy=1/1 OK (on air)

2026-09-14 17:58:21,812 INFO image_rx_daemon: frag_arrival: seq=143 idx=0 total=15 fw_us=947007927 len=207

2026-09-14 17:58:21,906 INFO image_rx_daemon: cmd 0x63 superseded while pending (after 1 attempts) — body replaced, retry budget reset

2026-09-14 17:58:22,205 INFO image_rx_daemon: frag_arrival: seq=143 idx=1 total=15 fw_us=947407574 len=207

2026-09-14 17:58:22,406 INFO image_rx_daemon: frag_arrival: seq=143 idx=2 total=15 fw_us=947607406 len=207

2026-09-14 17:58:22,605 INFO image_rx_daemon: frag_arrival: seq=143 idx=3 total=15 fw_us=947807180 len=207

2026-09-14 17:58:22,613 INFO image_rx_daemon: cmd 0x63 superseded while pending (after 0 attempts) — body replaced, retry budget reset

2026-09-14 17:58:22,805 INFO image_rx_daemon: frag_arrival: seq=143 idx=4 total=15 fw_us=948007018 len=207

2026-09-14 17:58:23,006 INFO image_rx_daemon: frag_arrival: seq=143 idx=5 total=15 fw_us=948206813 len=207

2026-09-14 17:58:23,315 INFO image_rx_daemon: cmd 0x63 superseded while pending (after 0 attempts) — body replaced, retry budget reset

2026-09-14 17:58:23,401 INFO image_rx_daemon: frag_arrival: seq=143 idx=7 total=15 fw_us=948600687 len=207

2026-09-14 17:58:23,795 INFO image_rx_daemon: frag_arrival: seq=143 idx=8 total=15 fw_us=948999109 len=207

2026-09-14 17:58:23,997 INFO image_rx_daemon: frag_arrival: seq=143 idx=9 total=15 fw_us=949198904 len=207

2026-09-14 17:58:24,019 INFO image_rx_daemon: cmd 0x63 superseded while pending (after 0 attempts) — body replaced, retry budget reset

2026-09-14 17:58:24,198 INFO image_rx_daemon: frag_arrival: seq=143 idx=10 total=15 fw_us=949398707 len=207

2026-09-14 17:58:24,398 INFO image_rx_daemon: frag_arrival: seq=143 idx=11 total=15 fw_us=949598494 len=207

2026-09-14 17:58:24,597 INFO image_rx_daemon: frag_arrival: seq=143 idx=12 total=15 fw_us=949798324 len=207

2026-09-14 17:58:24,723 INFO image_rx_daemon: cmd 0x63 superseded while pending (after 0 attempts) — body replaced, retry budget reset

2026-09-14 17:58:24,797 INFO image_rx_daemon: frag_arrival: seq=143 idx=13 total=15 fw_us=949998112 len=207

2026-09-14 17:58:24,908 INFO image_rx_daemon: frag_arrival: seq=143 idx=14 total=15 fw_us=950129030 len=111

RFCO_PERTX during TX wait: profile_id=1 tx_status=0x00(OK) hop_idx=12 channel_idx=48 epoch=8 freq_hz=926750000 pkt_toa_us=20608 legal_dwell_used_us_10s=20608

2026-09-14 17:58:24,956 INFO image_rx_daemon: command TX opcode=0x63 copy=1/1 OK (on air)

2026-09-14 17:58:25,397 INFO image_rx_daemon: frag_arrival: seq=149 idx=0 total=15 fw_us=950597607 len=207

2026-09-14 17:58:25,427 INFO image_rx_daemon: cmd 0x63 superseded while pending (after 1 attempts) — body replaced, retry budget reset

2026-09-14 17:58:25,797 INFO image_rx_daemon: frag_arrival: seq=149 idx=1 total=15 fw_us=950997217 len=207

2026-09-14 17:58:25,996 INFO image_rx_daemon: frag_arrival: seq=149 idx=2 total=15 fw_us=951197033 len=207

2026-09-14 17:58:26,133 INFO image_rx_daemon: cmd 0x63 superseded while pending (after 0 attempts) — body replaced, retry budget reset

2026-09-14 17:58:26,196 INFO image_rx_daemon: frag_arrival: seq=149 idx=3 total=15 fw_us=951396972 len=207

2026-09-14 17:58:26,293 INFO image_rx_daemon: stats: rx_frames=341 rx_decode_err=0 frames_published=16 publish_err=0 reassembler_decode_err=0 reassembler_timeouts=6 parity_recon=0 idle_drain_deferred=75 cmd_cooldown_drops=0 cmd_gate_held=0 cmd_copies_deferred=0

2026-09-14 17:58:26,296 INFO image_rx_daemon: air_gap: n=40 dt_med=199821us dt_p95=503215us len_med=207B cmd_tx_ok=16 cmd_tx_fail=0

2026-09-14 17:58:26,302 INFO image_rx_daemon: air_gap_hist(ms): <120:2 <200:27 <400:8 <1000:3

2026-09-14 17:58:26,305 INFO image_rx_daemon: rx_rf: n_rssi=40 n_snr=40 rssi[min/med/max]=-65/-63/-59 snr[min/med/max]=8.0/10.0/10.0

2026-09-14 17:58:26,308 INFO image_rx_daemon: phase_telemetry: valid=40 invalid=0 pre_f8=0 last_epoch=8 last_hop=18 slot_off=[14..16]

2026-09-14 17:58:26,313 INFO image_rx_daemon: air_gap_by_class: seq: n=36 med=199.8ms | boundary: n=3 med=503.2ms | post_loss: n=1 med=393.9ms

2026-09-14 17:58:26,316 INFO image_rx_daemon: lost_frag_idx: n=1 idx0=0 (0.00% of idx0 arrivals) other=1 (2.63%) verdict=not-clustered | top 6:1

2026-09-14 17:58:26,400 INFO image_rx_daemon: frag_arrival: seq=149 idx=4 total=15 fw_us=951596908 len=207

2026-09-14 17:58:26,602 INFO image_rx_daemon: frag_arrival: seq=149 idx=5 total=15 fw_us=951796854 len=207

2026-09-14 17:58:26,837 INFO image_rx_daemon: cmd 0x63 superseded while pending (after 0 attempts) — body replaced, retry budget reset

2026-09-14 17:58:26,992 INFO image_rx_daemon: frag_arrival: seq=149 idx=7 total=15 fw_us=952188721 len=207

2026-09-14 17:58:27,393 INFO image_rx_daemon: frag_arrival: seq=149 idx=8 total=15 fw_us=952588558 len=207

2026-09-14 17:58:27,541 INFO image_rx_daemon: cmd 0x63 superseded while pending (after 0 attempts) — body replaced, retry budget reset

2026-09-14 17:58:27,596 INFO image_rx_daemon: frag_arrival: seq=149 idx=9 total=15 fw_us=952788455 len=207

2026-09-14 17:58:27,788 INFO image_rx_daemon: frag_arrival: seq=149 idx=10 total=15 fw_us=952988365 len=207

2026-09-14 17:58:27,988 INFO image_rx_daemon: frag_arrival: seq=149 idx=11 total=15 fw_us=953188303 len=207

2026-09-14 17:58:28,189 INFO image_rx_daemon: frag_arrival: seq=149 idx=12 total=15 fw_us=953388261 len=207

2026-09-14 17:58:28,246 INFO image_rx_daemon: cmd 0x63 superseded while pending (after 0 attempts) — body replaced, retry budget reset

2026-09-14 17:58:28,393 INFO image_rx_daemon: frag_arrival: seq=149 idx=13 total=15 fw_us=953588131 len=207

2026-09-14 17:58:28,543 INFO image_rx_daemon: frag_arrival: seq=149 idx=14 total=15 fw_us=953749197 len=153

RFCO_PERTX during TX wait: profile_id=1 tx_status=0x00(OK) hop_idx=31 channel_idx=20 epoch=8 freq_hz=912750000 pkt_toa_us=20608 legal_dwell_used_us_10s=20608

2026-09-14 17:58:28,612 INFO image_rx_daemon: command TX opcode=0x60 copy=1/1 OK (on air)

2026-09-14 17:58:28,951 INFO image_rx_daemon: cmd 0x63 superseded while pending (after 0 attempts) — body replaced, retry budget reset

2026-09-14 17:58:28,994 INFO image_rx_daemon: frag_arrival: seq=163 idx=0 total=15 fw_us=954187849 len=207

2026-09-14 17:58:29,387 INFO image_rx_daemon: frag_arrival: seq=163 idx=1 total=15 fw_us=954587624 len=207

2026-09-14 17:58:29,588 INFO image_rx_daemon: frag_arrival: seq=163 idx=2 total=15 fw_us=954787471 len=207

2026-09-14 17:58:29,653 INFO image_rx_daemon: cmd 0x63 superseded while pending (after 0 attempts) — body replaced, retry budget reset

2026-09-14 17:58:29,793 INFO image_rx_daemon: frag_arrival: seq=163 idx=3 total=15 fw_us=954987248 len=207

2026-09-14 17:58:29,993 INFO image_rx_daemon: frag_arrival: seq=163 idx=4 total=15 fw_us=955188030 len=207

2026-09-14 17:58:30,193 INFO image_rx_daemon: frag_arrival: seq=163 idx=5 total=15 fw_us=955386907 len=207

2026-09-14 17:58:30,358 INFO image_rx_daemon: cmd 0x63 superseded while pending (after 0 attempts) — body replaced, retry budget reset

2026-09-14 17:58:30,399 INFO image_rx_daemon: frag_arrival: seq=163 idx=6 total=15 fw_us=955586680 len=207

2026-09-14 17:58:30,589 INFO image_rx_daemon: frag_arrival: seq=163 idx=7 total=15 fw_us=955786394 len=207

2026-09-14 17:58:30,994 INFO image_rx_daemon: frag_arrival: seq=163 idx=8 total=15 fw_us=956186005 len=207

2026-09-14 17:58:31,062 INFO image_rx_daemon: cmd 0x63 superseded while pending (after 0 attempts) — body replaced, retry budget reset

2026-09-14 17:58:31,188 INFO image_rx_daemon: frag_arrival: seq=163 idx=9 total=15 fw_us=956385738 len=207

2026-09-14 17:58:31,388 INFO image_rx_daemon: frag_arrival: seq=163 idx=10 total=15 fw_us=956585509 len=207

2026-09-14 17:58:31,588 INFO image_rx_daemon: frag_arrival: seq=163 idx=11 total=15 fw_us=956785250 len=207

2026-09-14 17:58:31,779 INFO image_rx_daemon: cmd 0x63 superseded while pending (after 0 attempts) — body replaced, retry budget reset

2026-09-14 17:58:31,797 INFO image_rx_daemon: frag_arrival: seq=163 idx=12 total=15 fw_us=956984991 len=207

2026-09-14 17:58:31,986 INFO image_rx_daemon: frag_arrival: seq=163 idx=13 total=15 fw_us=957184779 len=207

2026-09-14 17:58:32,134 INFO image_rx_daemon: frag_arrival: seq=163 idx=14 total=15 fw_us=957340567 len=145

2026-09-14 17:58:32,146 INFO image_rx_daemon: published frame_id=0 seq=163 2983 B → lifetrac/v25/video/tile_delta

RFCO_PERTX during TX wait: profile_id=1 tx_status=0x00(OK) hop_idx=49 channel_idx=6 epoch=8 freq_hz=905750000 pkt_toa_us=20608 legal_dwell_used_us_10s=20608

2026-09-14 17:58:32,205 INFO image_rx_daemon: command TX opcode=0x60 copy=1/1 OK (on air)

2026-09-14 17:58:32,471 INFO image_rx_daemon: cmd 0x63 superseded while pending (after 0 attempts) — body replaced, retry budget reset

2026-09-14 17:58:32,591 INFO image_rx_daemon: frag_arrival: seq=164 idx=0 total=15 fw_us=957784221 len=207

2026-09-14 17:58:32,989 INFO image_rx_daemon: frag_arrival: seq=164 idx=1 total=15 fw_us=958183851 len=207

2026-09-14 17:58:33,189 INFO image_rx_daemon: cmd 0x63 superseded while pending (after 0 attempts) — body replaced, retry budget reset

2026-09-14 17:58:33,199 INFO image_rx_daemon: frag_arrival: seq=164 idx=2 total=15 fw_us=958383693 len=207

2026-09-14 17:58:33,389 INFO image_rx_daemon: frag_arrival: seq=164 idx=3 total=15 fw_us=958583576 len=207

2026-09-14 17:58:33,587 INFO image_rx_daemon: frag_arrival: seq=164 idx=4 total=15 fw_us=958783469 len=207

2026-09-14 17:58:33,792 INFO image_rx_daemon: frag_arrival: seq=164 idx=5 total=15 fw_us=958983362 len=207

2026-09-14 17:58:33,879 INFO image_rx_daemon: cmd 0x63 superseded while pending (after 0 attempts) — body replaced, retry budget reset

2026-09-14 17:58:33,984 INFO image_rx_daemon: frag_arrival: seq=164 idx=6 total=15 fw_us=959183255 len=207

2026-09-14 17:58:34,183 INFO image_rx_daemon: frag_arrival: seq=164 idx=7 total=15 fw_us=959383180 len=207

2026-09-14 17:58:34,588 INFO image_rx_daemon: frag_arrival: seq=164 idx=8 total=15 fw_us=959782986 len=207

2026-09-14 17:58:34,595 INFO image_rx_daemon: cmd 0x63 superseded while pending (after 0 attempts) — body replaced, retry budget reset

2026-09-14 17:58:34,787 INFO image_rx_daemon: frag_arrival: seq=164 idx=9 total=15 fw_us=959982888 len=207

2026-09-14 17:58:34,987 INFO image_rx_daemon: frag_arrival: seq=164 idx=10 total=15 fw_us=960182806 len=207

2026-09-14 17:58:35,186 INFO image_rx_daemon: frag_arrival: seq=164 idx=11 total=15 fw_us=960382641 len=207

2026-09-14 17:58:35,286 INFO image_rx_daemon: cmd 0x63 superseded while pending (after 0 attempts) — body replaced, retry budget reset

2026-09-14 17:58:35,390 INFO image_rx_daemon: frag_arrival: seq=164 idx=12 total=15 fw_us=960582484 len=207

2026-09-14 17:58:35,589 INFO image_rx_daemon: frag_arrival: seq=164 idx=13 total=15 fw_us=960782287 len=207

2026-09-14 17:58:35,661 INFO image_rx_daemon: frag_arrival: seq=164 idx=14 total=15 fw_us=960878652 len=67

2026-09-14 17:58:35,679 INFO image_rx_daemon: published frame_id=0 seq=164 2905 B → lifetrac/v25/video/tile_delta

2026-09-14 17:58:35,683 WARNING image_rx_daemon: cmd 0x60 GAVE UP after 2 attempts (10.2 s); cool-down 30 s

RFCO_PERTX during TX wait: profile_id=1 tx_status=0x00(OK) hop_idx=16 channel_idx=40 epoch=9 freq_hz=922750000 pkt_toa_us=20608 legal_dwell_used_us_10s=20608

2026-09-14 17:58:35,737 INFO image_rx_daemon: command TX opcode=0x63 copy=1/1 OK (on air)

2026-09-14 17:58:35,990 INFO image_rx_daemon: cmd 0x63 superseded while pending (after 1 attempts) — body replaced, retry budget reset

2026-09-14 17:58:36,194 INFO image_rx_daemon: frag_arrival: seq=171 idx=0 total=15 fw_us=961381666 len=207

2026-09-14 17:58:36,323 INFO image_rx_daemon: stats: rx_frames=382 rx_decode_err=0 frames_published=18 publish_err=0 reassembler_decode_err=0 reassembler_timeouts=8 parity_recon=0 idle_drain_deferred=84 cmd_cooldown_drops=0 cmd_gate_held=0 cmd_copies_deferred=0

2026-09-14 17:58:36,327 INFO image_rx_daemon: air_gap: n=41 dt_med=199893us dt_p95=438652us len_med=207B cmd_tx_ok=19 cmd_tx_fail=0

2026-09-14 17:58:36,333 INFO image_rx_daemon: air_gap_hist(ms): <120:1 <200:30 <400:7 <1000:3

2026-09-14 17:58:36,338 INFO image_rx_daemon: rx_rf: n_rssi=41 n_snr=41 rssi[min/med/max]=-65/-62/-58 snr[min/med/max]=9.0/10.0/12.0

2026-09-14 17:58:36,340 INFO image_rx_daemon: phase_telemetry: valid=41 invalid=0 pre_f8=0 last_epoch=9 last_hop=18 slot_off=[14..14]

2026-09-14 17:58:36,344 INFO image_rx_daemon: air_gap_by_class: seq: n=37 med=199.9ms | boundary: n=3 med=443.7ms | post_loss: n=1 med=391.9ms

2026-09-14 17:58:36,347 INFO image_rx_daemon: lost_frag_idx: n=1 idx0=0 (0.00% of idx0 arrivals) other=1 (2.56%) verdict=not-clustered | top 6:1

2026-09-14 17:58:36,590 INFO image_rx_daemon: frag_arrival: seq=171 idx=1 total=15 fw_us=961781340 len=207

2026-09-14 17:58:36,695 INFO image_rx_daemon: cmd 0x63 superseded while pending (after 0 attempts) — body replaced, retry budget reset

2026-09-14 17:58:36,791 INFO image_rx_daemon: frag_arrival: seq=171 idx=2 total=15 fw_us=961981136 len=207

2026-09-14 17:58:36,992 INFO image_rx_daemon: frag_arrival: seq=171 idx=3 total=15 fw_us=962180898 len=207

2026-09-14 17:58:37,192 INFO image_rx_daemon: frag_arrival: seq=171 idx=4 total=15 fw_us=962380671 len=207

2026-09-14 17:58:37,392 INFO image_rx_daemon: frag_arrival: seq=171 idx=5 total=15 fw_us=962580498 len=207

2026-09-14 17:58:37,403 INFO image_rx_daemon: cmd 0x63 superseded while pending (after 0 attempts) — body replaced, retry budget reset

2026-09-14 17:58:37,781 INFO image_rx_daemon: frag_arrival: seq=171 idx=7 total=15 fw_us=962973180 len=207

2026-09-14 17:58:38,106 INFO image_rx_daemon: cmd 0x63 superseded while pending (after 0 attempts) — body replaced, retry budget reset

2026-09-14 17:58:38,178 INFO image_rx_daemon: frag_arrival: seq=171 idx=8 total=15 fw_us=963372822 len=207

2026-09-14 17:58:38,378 INFO image_rx_daemon: frag_arrival: seq=171 idx=9 total=15 fw_us=963572650 len=207

2026-09-14 17:58:38,578 INFO image_rx_daemon: frag_arrival: seq=171 idx=10 total=15 fw_us=963772501 len=207

2026-09-14 17:58:38,780 INFO image_rx_daemon: frag_arrival: seq=171 idx=11 total=15 fw_us=963972195 len=207

2026-09-14 17:58:38,811 INFO image_rx_daemon: cmd 0x63 superseded while pending (after 0 attempts) — body replaced, retry budget reset

2026-09-14 17:58:38,981 INFO image_rx_daemon: frag_arrival: seq=171 idx=12 total=15 fw_us=964171955 len=207

2026-09-14 17:58:39,179 INFO image_rx_daemon: frag_arrival: seq=171 idx=13 total=15 fw_us=964371745 len=207

2026-09-14 17:58:39,264 INFO image_rx_daemon: frag_arrival: seq=171 idx=14 total=15 fw_us=964475855 len=77

RFCO_PERTX during TX wait: profile_id=1 tx_status=0x00(OK) hop_idx=34 channel_idx=49 epoch=9 freq_hz=927250000 pkt_toa_us=20608 legal_dwell_used_us_10s=20608

2026-09-14 17:58:39,312 INFO image_rx_daemon: command TX opcode=0x63 copy=1/1 OK (on air)

2026-09-14 17:58:39,516 INFO image_rx_daemon: cmd 0x63 superseded while pending (after 1 attempts) — body replaced, retry budget reset

2026-09-14 17:58:39,785 INFO image_rx_daemon: frag_arrival: seq=185 idx=0 total=15 fw_us=964971121 len=207

2026-09-14 17:58:40,179 INFO image_rx_daemon: frag_arrival: seq=185 idx=1 total=15 fw_us=965370642 len=207

2026-09-14 17:58:40,223 INFO image_rx_daemon: cmd 0x63 superseded while pending (after 0 attempts) — body replaced, retry budget reset

2026-09-14 17:58:40,381 INFO image_rx_daemon: frag_arrival: seq=185 idx=2 total=15 fw_us=965570482 len=207

2026-09-14 17:58:40,581 INFO image_rx_daemon: frag_arrival: seq=185 idx=3 total=15 fw_us=965770347 len=207

2026-09-14 17:58:40,781 INFO image_rx_daemon: frag_arrival: seq=185 idx=4 total=15 fw_us=965970208 len=207

2026-09-14 17:58:40,923 INFO image_rx_daemon: cmd 0x63 superseded while pending (after 0 attempts) — body replaced, retry budget reset

2026-09-14 17:58:40,986 INFO image_rx_daemon: frag_arrival: seq=185 idx=5 total=15 fw_us=966170107 len=207

2026-09-14 17:58:41,577 INFO image_rx_daemon: frag_arrival: seq=185 idx=7 total=15 fw_us=966762566 len=207

2026-09-14 17:58:41,628 INFO image_rx_daemon: cmd 0x63 superseded while pending (after 0 attempts) — body replaced, retry budget reset

2026-09-14 17:58:41,777 INFO image_rx_daemon: frag_arrival: seq=185 idx=8 total=15 fw_us=966962400 len=207

2026-09-14 17:58:41,977 INFO image_rx_daemon: frag_arrival: seq=185 idx=9 total=15 fw_us=967162239 len=207

2026-09-14 17:58:42,177 INFO image_rx_daemon: frag_arrival: seq=185 idx=10 total=15 fw_us=967362105 len=207

2026-09-14 17:58:42,333 INFO image_rx_daemon: cmd 0x63 superseded while pending (after 0 attempts) — body replaced, retry budget reset

2026-09-14 17:58:42,376 INFO image_rx_daemon: frag_arrival: seq=185 idx=11 total=15 fw_us=967561999 len=207

2026-09-14 17:58:42,575 INFO image_rx_daemon: frag_arrival: seq=185 idx=12 total=15 fw_us=967761826 len=207

2026-09-14 17:58:42,776 INFO image_rx_daemon: frag_arrival: seq=185 idx=13 total=15 fw_us=967961689 len=207

2026-09-14 17:58:42,913 INFO image_rx_daemon: frag_arrival: seq=185 idx=14 total=15 fw_us=968109769 len=136

RFCO_PERTX during TX wait: profile_id=1 tx_status=0x00(OK) hop_idx=3 channel_idx=46 epoch=10 freq_hz=925750000 pkt_toa_us=20608 legal_dwell_used_us_10s=20608

2026-09-14 17:58:42,993 INFO image_rx_daemon: command TX opcode=0x63 copy=1/1 OK (on air)

2026-09-14 17:58:43,038 INFO image_rx_daemon: cmd 0x63 superseded while pending (after 1 attempts) — body replaced, retry budget reset

2026-09-14 17:58:43,376 INFO image_rx_daemon: frag_arrival: seq=186 idx=0 total=15 fw_us=968561194 len=207

2026-09-14 17:58:43,761 INFO image_rx_daemon: cmd 0x63 superseded while pending (after 0 attempts) — body replaced, retry budget reset

2026-09-14 17:58:43,786 INFO image_rx_daemon: frag_arrival: seq=186 idx=1 total=15 fw_us=968960754 len=207

2026-09-14 17:58:43,976 INFO image_rx_daemon: frag_arrival: seq=186 idx=2 total=15 fw_us=969160545 len=207

2026-09-14 17:58:44,174 INFO image_rx_daemon: frag_arrival: seq=186 idx=3 total=15 fw_us=969360338 len=207

2026-09-14 17:58:44,374 INFO image_rx_daemon: frag_arrival: seq=186 idx=4 total=15 fw_us=969560137 len=207

2026-09-14 17:58:44,446 INFO image_rx_daemon: cmd 0x63 superseded while pending (after 0 attempts) — body replaced, retry budget reset

2026-09-14 17:58:44,576 INFO image_rx_daemon: frag_arrival: seq=186 idx=5 total=15 fw_us=969759933 len=207

2026-09-14 17:58:44,777 INFO image_rx_daemon: frag_arrival: seq=186 idx=6 total=15 fw_us=969959809 len=207

2026-09-14 17:58:44,976 INFO image_rx_daemon: frag_arrival: seq=186 idx=7 total=15 fw_us=970159636 len=207

2026-09-14 17:58:45,150 INFO image_rx_daemon: cmd 0x63 superseded while pending (after 0 attempts) — body replaced, retry budget reset

2026-09-14 17:58:45,373 INFO image_rx_daemon: frag_arrival: seq=186 idx=8 total=15 fw_us=970559421 len=207

2026-09-14 17:58:45,574 INFO image_rx_daemon: frag_arrival: seq=186 idx=9 total=15 fw_us=970759366 len=207

2026-09-14 17:58:45,785 INFO image_rx_daemon: frag_arrival: seq=186 idx=10 total=15 fw_us=970959226 len=207

2026-09-14 17:58:45,855 INFO image_rx_daemon: cmd 0x63 superseded while pending (after 0 attempts) — body replaced, retry budget reset

2026-09-14 17:58:45,969 INFO image_rx_daemon: frag_arrival: seq=186 idx=11 total=15 fw_us=971160030 len=207

2026-09-14 17:58:46,170 INFO image_rx_daemon: frag_arrival: seq=186 idx=12 total=15 fw_us=971358901 len=207

2026-09-14 17:58:46,370 INFO image_rx_daemon: frag_arrival: seq=186 idx=13 total=15 fw_us=971558735 len=207

2026-09-14 17:58:46,379 INFO image_rx_daemon: stats: rx_frames=423 rx_decode_err=0 frames_published=18 publish_err=0 reassembler_decode_err=0 reassembler_timeouts=10 parity_recon=0 idle_drain_deferred=94 cmd_cooldown_drops=1 cmd_gate_held=0 cmd_copies_deferred=0

2026-09-14 17:58:46,383 INFO image_rx_daemon: air_gap: n=41 dt_med=199840us dt_p95=451425us len_med=207B cmd_tx_ok=21 cmd_tx_fail=0

2026-09-14 17:58:46,389 INFO image_rx_daemon: air_gap_hist(ms): <120:1 <200:30 <400:7 <1000:3

2026-09-14 17:58:46,393 INFO image_rx_daemon: rx_rf: n_rssi=41 n_snr=41 rssi[min/med/max]=-65/-62/-59 snr[min/med/max]=9.0/10.0/12.0

2026-09-14 17:58:46,396 INFO image_rx_daemon: phase_telemetry: valid=41 invalid=0 pre_f8=0 last_epoch=10 last_hop=19 slot_off=[14..14]

2026-09-14 17:58:46,400 INFO image_rx_daemon: air_gap_by_class: seq: n=37 med=199.8ms | boundary: n=2 med=495.3ms | post_loss: n=2 med=592.5ms

2026-09-14 17:58:46,405 INFO image_rx_daemon: lost_frag_idx: n=2 idx0=0 (0.00% of idx0 arrivals) other=2 (4.88%) verdict=not-clustered | top 6:2

2026-09-14 17:58:46,463 INFO image_rx_daemon: frag_arrival: seq=186 idx=14 total=15 fw_us=971670567 len=85

2026-09-14 17:58:46,476 INFO image_rx_daemon: published frame_id=0 seq=186 2923 B → lifetrac/v25/video/tile_delta

RFCO_PERTX during TX wait: profile_id=1 tx_status=0x00(OK) hop_idx=20 channel_idx=30 epoch=10 freq_hz=917750000 pkt_toa_us=20608 legal_dwell_used_us_10s=20608

2026-09-14 17:58:46,527 INFO image_rx_daemon: command TX opcode=0x63 copy=1/1 OK (on air)

2026-09-14 17:58:46,558 INFO image_rx_daemon: cmd 0x63 superseded while pending (after 1 attempts) — body replaced, retry budget reset

2026-09-14 17:58:46,976 INFO image_rx_daemon: frag_arrival: seq=192 idx=0 total=15 fw_us=972158294 len=207

2026-09-14 17:58:47,263 INFO image_rx_daemon: cmd 0x63 superseded while pending (after 0 attempts) — body replaced, retry budget reset

2026-09-14 17:58:47,370 INFO image_rx_daemon: frag_arrival: seq=192 idx=1 total=15 fw_us=972558125 len=207

2026-09-14 17:58:47,573 INFO image_rx_daemon: frag_arrival: seq=192 idx=2 total=15 fw_us=972757969 len=207

2026-09-14 17:58:47,784 INFO image_rx_daemon: frag_arrival: seq=192 idx=3 total=15 fw_us=972957858 len=207

2026-09-14 17:58:47,976 INFO image_rx_daemon: frag_arrival: seq=192 idx=4 total=15 fw_us=973157710 len=207

2026-09-14 17:58:47,983 INFO image_rx_daemon: cmd 0x63 superseded while pending (after 0 attempts) — body replaced, retry budget reset

2026-09-14 17:58:48,167 INFO image_rx_daemon: frag_arrival: seq=192 idx=5 total=15 fw_us=973357539 len=207

2026-09-14 17:58:48,567 INFO image_rx_daemon: frag_arrival: seq=192 idx=7 total=15 fw_us=973752822 len=207

2026-09-14 17:58:48,673 INFO image_rx_daemon: cmd 0x63 superseded while pending (after 0 attempts) — body replaced, retry budget reset

2026-09-14 17:58:48,964 INFO image_rx_daemon: frag_arrival: seq=192 idx=8 total=15 fw_us=974148789 len=207

2026-09-14 17:58:49,163 INFO image_rx_daemon: frag_arrival: seq=192 idx=9 total=15 fw_us=974348586 len=207

2026-09-14 17:58:49,364 INFO image_rx_daemon: frag_arrival: seq=192 idx=10 total=15 fw_us=974548421 len=207

2026-09-14 17:58:49,378 INFO image_rx_daemon: cmd 0x63 superseded while pending (after 0 attempts) — body replaced, retry budget reset

2026-09-14 17:58:49,566 INFO image_rx_daemon: frag_arrival: seq=192 idx=11 total=15 fw_us=974748254 len=207

2026-09-14 17:58:49,766 INFO image_rx_daemon: frag_arrival: seq=192 idx=12 total=15 fw_us=974949030 len=207

2026-09-14 17:58:49,958 INFO image_rx_daemon: frag_arrival: seq=192 idx=13 total=15 fw_us=975147920 len=207

2026-09-14 17:58:50,042 INFO image_rx_daemon: frag_arrival: seq=192 idx=14 total=15 fw_us=975249373 len=72

2026-09-14 17:58:50,080 INFO image_rx_daemon: cmd 0x63 superseded while pending (after 1 attempts) — body replaced, retry budget reset

RFCO_PERTX during TX wait: profile_id=1 tx_status=0x00(OK) hop_idx=38 channel_idx=44 epoch=10 freq_hz=924750000 pkt_toa_us=20608 legal_dwell_used_us_10s=20608

2026-09-14 17:58:50,093 INFO image_rx_daemon: command TX opcode=0x63 copy=1/1 OK (on air)

2026-09-14 17:58:50,567 INFO image_rx_daemon: frag_arrival: seq=199 idx=0 total=15 fw_us=975747566 len=207

2026-09-14 17:58:50,783 INFO image_rx_daemon: cmd 0x63 superseded while pending (after 0 attempts) — body replaced, retry budget reset

2026-09-14 17:58:50,965 INFO image_rx_daemon: frag_arrival: seq=199 idx=1 total=15 fw_us=976147320 len=207

2026-09-14 17:58:51,165 INFO image_rx_daemon: frag_arrival: seq=199 idx=2 total=15 fw_us=976347194 len=207

2026-09-14 17:58:51,365 INFO image_rx_daemon: frag_arrival: seq=199 idx=3 total=15 fw_us=976547033 len=207

2026-09-14 17:58:51,487 INFO image_rx_daemon: cmd 0x63 superseded while pending (after 0 attempts) — body replaced, retry budget reset

2026-09-14 17:58:51,560 INFO image_rx_daemon: frag_arrival: seq=199 idx=4 total=15 fw_us=976746919 len=207

2026-09-14 17:58:51,760 INFO image_rx_daemon: frag_arrival: seq=199 idx=5 total=15 fw_us=976946786 len=207

2026-09-14 17:58:52,158 INFO image_rx_daemon: frag_arrival: seq=199 idx=7 total=15 fw_us=977341030 len=207

2026-09-14 17:58:52,191 INFO image_rx_daemon: cmd 0x63 superseded while pending (after 0 attempts) — body replaced, retry budget reset

2026-09-14 17:58:52,557 INFO image_rx_daemon: frag_arrival: seq=199 idx=8 total=15 fw_us=977739223 len=207

2026-09-14 17:58:52,756 INFO image_rx_daemon: frag_arrival: seq=199 idx=9 total=15 fw_us=977940030 len=207

2026-09-14 17:58:52,898 INFO image_rx_daemon: cmd 0x63 superseded while pending (after 0 attempts) — body replaced, retry budget reset

2026-09-14 17:58:52,958 INFO image_rx_daemon: frag_arrival: seq=199 idx=10 total=15 fw_us=978138920 len=207

2026-09-14 17:58:53,159 INFO image_rx_daemon: frag_arrival: seq=199 idx=11 total=15 fw_us=978338762 len=207

2026-09-14 17:58:53,350 INFO image_rx_daemon: frag_arrival: seq=199 idx=12 total=15 fw_us=978538592 len=207

2026-09-14 17:58:53,550 INFO image_rx_daemon: frag_arrival: seq=199 idx=13 total=15 fw_us=978738435 len=207

2026-09-14 17:58:53,600 INFO image_rx_daemon: cmd 0x63 superseded while pending (after 0 attempts) — body replaced, retry budget reset

2026-09-14 17:58:53,687 INFO image_rx_daemon: frag_arrival: seq=199 idx=14 total=15 fw_us=978886542 len=137

RFCO_PERTX during TX wait: profile_id=1 tx_status=0x00(OK) hop_idx=7 channel_idx=14 epoch=11 freq_hz=909750000 pkt_toa_us=20608 legal_dwell_used_us_10s=20608

2026-09-14 17:58:53,778 INFO image_rx_daemon: command TX opcode=0x63 copy=1/1 OK (on air)

2026-09-14 17:58:54,176 INFO image_rx_daemon: frag_arrival: seq=207 idx=0 total=15 fw_us=979337901 len=207

2026-09-14 17:58:54,332 INFO image_rx_daemon: cmd 0x63 superseded while pending (after 1 attempts) — body replaced, retry budget reset

2026-09-14 17:58:54,547 INFO image_rx_daemon: frag_arrival: seq=207 idx=1 total=15 fw_us=979737584 len=207

2026-09-14 17:58:54,749 INFO image_rx_daemon: frag_arrival: seq=207 idx=2 total=15 fw_us=979937399 len=207

2026-09-14 17:58:54,949 INFO image_rx_daemon: frag_arrival: seq=207 idx=3 total=15 fw_us=980137229 len=207

2026-09-14 17:58:55,009 INFO image_rx_daemon: cmd 0x63 superseded while pending (after 0 attempts) — body replaced, retry budget reset

2026-09-14 17:58:55,150 INFO image_rx_daemon: frag_arrival: seq=207 idx=4 total=15 fw_us=980338030 len=207

2026-09-14 17:58:55,349 INFO image_rx_daemon: frag_arrival: seq=207 idx=5 total=15 fw_us=980536782 len=207

2026-09-14 17:58:55,551 INFO image_rx_daemon: frag_arrival: seq=207 idx=6 total=15 fw_us=980736554 len=207

2026-09-14 17:58:55,712 INFO image_rx_daemon: cmd 0x63 superseded while pending (after 0 attempts) — body replaced, retry budget reset

2026-09-14 17:58:55,757 INFO image_rx_daemon: frag_arrival: seq=207 idx=7 total=15 fw_us=980936296 len=207

2026-09-14 17:58:56,157 INFO image_rx_daemon: frag_arrival: seq=207 idx=8 total=15 fw_us=981335832 len=207

2026-09-14 17:58:56,357 INFO image_rx_daemon: frag_arrival: seq=207 idx=9 total=15 fw_us=981535595 len=207

2026-09-14 17:58:56,411 INFO image_rx_daemon: stats: rx_frames=462 rx_decode_err=0 frames_published=19 publish_err=0 reassembler_decode_err=0 reassembler_timeouts=12 parity_recon=0 idle_drain_deferred=105 cmd_cooldown_drops=2 cmd_gate_held=0 cmd_copies_deferred=0

2026-09-14 17:58:56,415 INFO image_rx_daemon: air_gap: n=39 dt_med=199844us dt_p95=487727us len_med=207B cmd_tx_ok=24 cmd_tx_fail=0

2026-09-14 17:58:56,422 INFO image_rx_daemon: air_gap_hist(ms): <120:2 <200:23 <400:11 <1000:3

2026-09-14 17:58:56,431 INFO image_rx_daemon: cmd 0x63 superseded while pending (after 0 attempts) — body replaced, retry budget reset

2026-09-14 17:58:56,426 INFO image_rx_daemon: rx_rf: n_rssi=39 n_snr=39 rssi[min/med/max]=-65/-62/-59 snr[min/med/max]=9.0/10.0/11.0

2026-09-14 17:58:56,437 INFO image_rx_daemon: phase_telemetry: valid=39 invalid=0 pre_f8=0 last_epoch=11 last_hop=19 slot_off=[14..18]

2026-09-14 17:58:56,441 INFO image_rx_daemon: air_gap_by_class: seq: n=34 med=199.8ms | boundary: n=3 med=487.7ms | post_loss: n=2 med=395.3ms

2026-09-14 17:58:56,445 INFO image_rx_daemon: lost_frag_idx: n=2 idx0=0 (0.00% of idx0 arrivals) other=2 (5.26%) verdict=not-clustered | top 6:2

2026-09-14 17:58:56,548 INFO image_rx_daemon: frag_arrival: seq=207 idx=10 total=15 fw_us=981735387 len=207

2026-09-14 17:58:56,749 INFO image_rx_daemon: frag_arrival: seq=207 idx=11 total=15 fw_us=981935033 len=207

2026-09-14 17:58:56,952 INFO image_rx_daemon: frag_arrival: seq=207 idx=12 total=15 fw_us=982134748 len=207

2026-09-14 17:58:57,132 INFO image_rx_daemon: cmd 0x63 superseded while pending (after 0 attempts) — body replaced, retry budget reset

2026-09-14 17:58:57,160 INFO image_rx_daemon: frag_arrival: seq=207 idx=13 total=15 fw_us=982334428 len=207

2026-09-14 17:58:57,261 INFO image_rx_daemon: frag_arrival: seq=207 idx=14 total=15 fw_us=982464302 len=111

2026-09-14 17:58:57,272 INFO image_rx_daemon: published frame_id=0 seq=207 2949 B → lifetrac/v25/video/tile_delta

RFCO_PERTX during TX wait: profile_id=1 tx_status=0x00(OK) hop_idx=24 channel_idx=17 epoch=11 freq_hz=911250000 pkt_toa_us=20608 legal_dwell_used_us_10s=20608

2026-09-14 17:58:57,321 INFO image_rx_daemon: command TX opcode=0x63 copy=1/1 OK (on air)

2026-09-14 17:58:57,752 INFO image_rx_daemon: frag_arrival: seq=214 idx=0 total=15 fw_us=982933652 len=207

2026-09-14 17:58:57,828 INFO image_rx_daemon: cmd 0x63 superseded while pending (after 1 attempts) — body replaced, retry budget reset

2026-09-14 17:58:58,149 INFO image_rx_daemon: frag_arrival: seq=214 idx=1 total=15 fw_us=983333124 len=207

2026-09-14 17:58:58,348 INFO image_rx_daemon: frag_arrival: seq=214 idx=2 total=15 fw_us=983532861 len=207

2026-09-14 17:58:58,546 INFO image_rx_daemon: cmd 0x63 superseded while pending (after 0 attempts) — body replaced, retry budget reset

2026-09-14 17:58:58,559 INFO image_rx_daemon: frag_arrival: seq=214 idx=3 total=15 fw_us=983732587 len=207

2026-09-14 17:58:58,752 INFO image_rx_daemon: frag_arrival: seq=214 idx=4 total=15 fw_us=983932361 len=207

2026-09-14 17:58:58,953 INFO image_rx_daemon: frag_arrival: seq=214 idx=5 total=15 fw_us=984132109 len=207

2026-09-14 17:58:59,152 INFO image_rx_daemon: frag_arrival: seq=214 idx=6 total=15 fw_us=984331804 len=207

2026-09-14 17:58:59,239 INFO image_rx_daemon: cmd 0x63 superseded while pending (after 0 attempts) — body replaced, retry budget reset

2026-09-14 17:58:59,346 INFO image_rx_daemon: frag_arrival: seq=214 idx=7 total=15 fw_us=984531528 len=207

2026-09-14 17:58:59,747 INFO image_rx_daemon: frag_arrival: seq=214 idx=8 total=15 fw_us=984930945 len=207

2026-09-14 17:58:59,955 INFO image_rx_daemon: cmd 0x63 superseded while pending (after 0 attempts) — body replaced, retry budget reset

2026-09-14 17:58:59,952 INFO image_rx_daemon: frag_arrival: seq=214 idx=9 total=15 fw_us=985130668 len=207

2026-09-14 17:59:00,147 INFO image_rx_daemon: frag_arrival: seq=214 idx=10 total=15 fw_us=985330487 len=207

2026-09-14 17:59:00,347 INFO image_rx_daemon: frag_arrival: seq=214 idx=11 total=15 fw_us=985530272 len=207

2026-09-14 17:59:00,548 INFO image_rx_daemon: frag_arrival: seq=214 idx=12 total=15 fw_us=985730033 len=207

2026-09-14 17:59:00,647 INFO image_rx_daemon: cmd 0x63 superseded while pending (after 0 attempts) — body replaced, retry budget reset

2026-09-14 17:59:00,751 INFO image_rx_daemon: frag_arrival: seq=214 idx=13 total=15 fw_us=985929839 len=207

2026-09-14 17:59:00,901 INFO image_rx_daemon: frag_arrival: seq=214 idx=14 total=15 fw_us=986090810 len=153

2026-09-14 17:59:00,912 INFO image_rx_daemon: published frame_id=0 seq=214 2991 B → lifetrac/v25/video/tile_delta

RFCO_PERTX during TX wait: profile_id=1 tx_status=0x00(OK) hop_idx=43 channel_idx=25 epoch=11 freq_hz=915250000 pkt_toa_us=20608 legal_dwell_used_us_10s=20608

2026-09-14 17:59:00,972 INFO image_rx_daemon: command TX opcode=0x63 copy=1/1 OK (on air)

2026-09-14 17:59:01,350 INFO image_rx_daemon: frag_arrival: seq=221 idx=0 total=15 fw_us=986529206 len=207

2026-09-14 17:59:01,358 INFO image_rx_daemon: cmd 0x63 superseded while pending (after 1 attempts) — body replaced, retry budget reset

2026-09-14 17:59:01,754 INFO image_rx_daemon: frag_arrival: seq=221 idx=1 total=15 fw_us=986928806 len=207

2026-09-14 17:59:01,944 INFO image_rx_daemon: frag_arrival: seq=221 idx=2 total=15 fw_us=987128599 len=207

2026-09-14 17:59:02,055 INFO image_rx_daemon: cmd 0x63 superseded while pending (after 0 attempts) — body replaced, retry budget reset

2026-09-14 17:59:02,147 INFO image_rx_daemon: frag_arrival: seq=221 idx=3 total=15 fw_us=987328414 len=207

2026-09-14 17:59:02,347 INFO image_rx_daemon: frag_arrival: seq=221 idx=4 total=15 fw_us=987528220 len=207

2026-09-14 17:59:02,547 INFO image_rx_daemon: frag_arrival: seq=221 idx=5 total=15 fw_us=987727978 len=207

2026-09-14 17:59:02,747 INFO image_rx_daemon: frag_arrival: seq=221 idx=6 total=15 fw_us=987927682 len=207

2026-09-14 17:59:02,760 INFO image_rx_daemon: cmd 0x63 superseded while pending (after 0 attempts) — body replaced, retry budget reset

2026-09-14 17:59:02,948 INFO image_rx_daemon: frag_arrival: seq=221 idx=7 total=15 fw_us=988127387 len=207

2026-09-14 17:59:03,353 INFO image_rx_daemon: frag_arrival: seq=221 idx=8 total=15 fw_us=988526854 len=207

2026-09-14 17:59:03,463 INFO image_rx_daemon: cmd 0x63 superseded while pending (after 0 attempts) — body replaced, retry budget reset

2026-09-14 17:59:03,545 INFO image_rx_daemon: frag_arrival: seq=221 idx=9 total=15 fw_us=988726593 len=207

2026-09-14 17:59:03,746 INFO image_rx_daemon: frag_arrival: seq=221 idx=10 total=15 fw_us=988926286 len=207

2026-09-14 17:59:03,947 INFO image_rx_daemon: frag_arrival: seq=221 idx=11 total=15 fw_us=989126032 len=207

2026-09-14 17:59:04,147 INFO image_rx_daemon: frag_arrival: seq=221 idx=12 total=15 fw_us=989325798 len=207

2026-09-14 17:59:04,167 INFO image_rx_daemon: cmd 0x63 superseded while pending (after 0 attempts) — body replaced, retry budget reset

2026-09-14 17:59:04,346 INFO image_rx_daemon: frag_arrival: seq=221 idx=13 total=15 fw_us=989525578 len=207

2026-09-14 17:59:04,496 INFO image_rx_daemon: frag_arrival: seq=221 idx=14 total=15 fw_us=989686520 len=154

2026-09-14 17:59:04,508 INFO image_rx_daemon: published frame_id=0 seq=221 2992 B → lifetrac/v25/video/tile_delta

RFCO_PERTX during TX wait: profile_id=1 tx_status=0x00(OK) hop_idx=11 channel_idx=34 epoch=12 freq_hz=919750000 pkt_toa_us=20608 legal_dwell_used_us_10s=20608

2026-09-14 17:59:04,570 INFO image_rx_daemon: command TX opcode=0x63 copy=1/1 OK (on air)

2026-09-14 17:59:04,871 INFO image_rx_daemon: cmd 0x63 superseded while pending (after 1 attempts) — body replaced, retry budget reset

2026-09-14 17:59:04,942 INFO image_rx_daemon: frag_arrival: seq=228 idx=0 total=15 fw_us=990124843 len=207

2026-09-14 17:59:05,347 INFO image_rx_daemon: frag_arrival: seq=228 idx=1 total=15 fw_us=990524227 len=207

2026-09-14 17:59:05,546 INFO image_rx_daemon: frag_arrival: seq=228 idx=2 total=15 fw_us=990723969 len=207

2026-09-14 17:59:05,580 INFO image_rx_daemon: cmd 0x63 superseded while pending (after 0 attempts) — body replaced, retry budget reset

2026-09-14 17:59:05,742 INFO image_rx_daemon: frag_arrival: seq=228 idx=3 total=15 fw_us=990923640 len=207

2026-09-14 17:59:05,946 INFO image_rx_daemon: frag_arrival: seq=228 idx=4 total=15 fw_us=991123429 len=207

2026-09-14 17:59:06,146 INFO image_rx_daemon: frag_arrival: seq=228 idx=5 total=15 fw_us=991323157 len=207

2026-09-14 17:59:06,283 INFO image_rx_daemon: cmd 0x63 superseded while pending (after 0 attempts) — body replaced, retry budget reset

2026-09-14 17:59:06,346 INFO image_rx_daemon: frag_arrival: seq=228 idx=6 total=15 fw_us=991522917 len=207

2026-09-14 17:59:06,451 INFO image_rx_daemon: stats: rx_frames=504 rx_decode_err=0 frames_published=22 publish_err=0 reassembler_decode_err=0 reassembler_timeouts=12 parity_recon=0 idle_drain_deferred=113 cmd_cooldown_drops=3 cmd_gate_held=0 cmd_copies_deferred=0

2026-09-14 17:59:06,455 INFO image_rx_daemon: air_gap: n=42 dt_med=199760us dt_p95=438323us len_med=207B cmd_tx_ok=27 cmd_tx_fail=0

2026-09-14 17:59:06,461 INFO image_rx_daemon: air_gap_hist(ms): <200:34 <400:5 <1000:3

2026-09-14 17:59:06,465 INFO image_rx_daemon: rx_rf: n_rssi=42 n_snr=42 rssi[min/med/max]=-65/-61/-59 snr[min/med/max]=9.0/10.0/11.0

2026-09-14 17:59:06,468 INFO image_rx_daemon: phase_telemetry: valid=42 invalid=0 pre_f8=0 last_epoch=12 last_hop=19 slot_off=[14..14]

2026-09-14 17:59:06,472 INFO image_rx_daemon: air_gap_by_class: seq: n=39 med=199.7ms | boundary: n=3 med=438.4ms

2026-09-14 17:59:06,543 INFO image_rx_daemon: frag_arrival: seq=228 idx=7 total=15 fw_us=991722710 len=207

2026-09-14 17:59:06,949 INFO image_rx_daemon: frag_arrival: seq=228 idx=8 total=15 fw_us=992122224 len=207

2026-09-14 17:59:06,987 INFO image_rx_daemon: cmd 0x63 superseded while pending (after 0 attempts) — body replaced, retry budget reset

2026-09-14 17:59:07,146 INFO image_rx_daemon: frag_arrival: seq=228 idx=9 total=15 fw_us=992321926 len=207

2026-09-14 17:59:07,346 INFO image_rx_daemon: frag_arrival: seq=228 idx=10 total=15 fw_us=992521681 len=207

2026-09-14 17:59:07,549 INFO image_rx_daemon: frag_arrival: seq=228 idx=11 total=15 fw_us=992721405 len=207

2026-09-14 17:59:07,692 INFO image_rx_daemon: cmd 0x63 superseded while pending (after 0 attempts) — body replaced, retry budget reset

2026-09-14 17:59:07,745 INFO image_rx_daemon: frag_arrival: seq=228 idx=12 total=15 fw_us=992921098 len=207

2026-09-14 17:59:07,948 INFO image_rx_daemon: frag_arrival: seq=228 idx=13 total=15 fw_us=993120801 len=207

2026-09-14 17:59:08,020 INFO image_rx_daemon: frag_arrival: seq=228 idx=14 total=15 fw_us=993218030 len=67

2026-09-14 17:59:08,031 INFO image_rx_daemon: published frame_id=0 seq=228 2905 B → lifetrac/v25/video/tile_delta

RFCO_PERTX during TX wait: profile_id=1 tx_status=0x00(OK) hop_idx=28 channel_idx=23 epoch=12 freq_hz=914250000 pkt_toa_us=20608 legal_dwell_used_us_10s=20608

2026-09-14 17:59:08,081 INFO image_rx_daemon: command TX opcode=0x63 copy=1/1 OK (on air)

2026-09-14 17:59:08,398 INFO image_rx_daemon: cmd 0x63 superseded while pending (after 1 attempts) — body replaced, retry budget reset

2026-09-14 17:59:08,546 INFO image_rx_daemon: frag_arrival: seq=235 idx=0 total=15 fw_us=993720033 len=207

2026-09-14 17:59:08,940 INFO image_rx_daemon: frag_arrival: seq=235 idx=1 total=15 fw_us=994119558 len=207

2026-09-14 17:59:09,102 INFO image_rx_daemon: cmd 0x63 superseded while pending (after 0 attempts) — body replaced, retry budget reset

2026-09-14 17:59:09,142 INFO image_rx_daemon: frag_arrival: seq=235 idx=2 total=15 fw_us=994319252 len=207

2026-09-14 17:59:09,342 INFO image_rx_daemon: frag_arrival: seq=235 idx=3 total=15 fw_us=994518978 len=207

2026-09-14 17:59:09,543 INFO image_rx_daemon: frag_arrival: seq=235 idx=4 total=15 fw_us=994718757 len=207

2026-09-14 17:59:09,744 INFO image_rx_daemon: frag_arrival: seq=235 idx=5 total=15 fw_us=994918506 len=207

2026-09-14 17:59:09,805 INFO image_rx_daemon: cmd 0x63 superseded while pending (after 0 attempts) — body replaced, retry budget reset

2026-09-14 17:59:10,342 INFO image_rx_daemon: frag_arrival: seq=235 idx=7 total=15 fw_us=995509694 len=207

2026-09-14 17:59:10,524 INFO image_rx_daemon: cmd 0x63 superseded while pending (after 0 attempts) — body replaced, retry budget reset

2026-09-14 17:59:10,546 INFO image_rx_daemon: frag_arrival: seq=235 idx=8 total=15 fw_us=995709331 len=207

2026-09-14 17:59:10,737 INFO image_rx_daemon: frag_arrival: seq=235 idx=9 total=15 fw_us=995909028 len=207

2026-09-14 17:59:10,937 INFO image_rx_daemon: frag_arrival: seq=235 idx=10 total=15 fw_us=996108722 len=207

2026-09-14 17:59:11,138 INFO image_rx_daemon: frag_arrival: seq=235 idx=11 total=15 fw_us=996308362 len=207

2026-09-14 17:59:11,215 INFO image_rx_daemon: cmd 0x63 superseded while pending (after 0 attempts) — body replaced, retry budget reset

2026-09-14 17:59:11,333 INFO image_rx_daemon: frag_arrival: seq=235 idx=12 total=15 fw_us=996508024 len=207

2026-09-14 17:59:11,533 INFO image_rx_daemon: frag_arrival: seq=235 idx=13 total=15 fw_us=996707670 len=207

2026-09-14 17:59:11,619 INFO image_rx_daemon: frag_arrival: seq=235 idx=14 total=15 fw_us=996811627 len=77

RFCO_PERTX during TX wait: profile_id=1 tx_status=0x00(OK) hop_idx=46 channel_idx=40 epoch=12 freq_hz=922750000 pkt_toa_us=20608 legal_dwell_used_us_10s=20608

2026-09-14 17:59:11,667 INFO image_rx_daemon: command TX opcode=0x60 copy=1/1 OK (on air)

2026-09-14 17:59:11,920 INFO image_rx_daemon: cmd 0x63 superseded while pending (after 0 attempts) — body replaced, retry budget reset

2026-09-14 17:59:12,134 INFO image_rx_daemon: frag_arrival: seq=250 idx=0 total=15 fw_us=997306562 len=207

2026-09-14 17:59:12,537 INFO image_rx_daemon: frag_arrival: seq=250 idx=1 total=15 fw_us=997705947 len=207

2026-09-14 17:59:12,623 INFO image_rx_daemon: cmd 0x63 superseded while pending (after 0 attempts) — body replaced, retry budget reset

2026-09-14 17:59:12,729 INFO image_rx_daemon: frag_arrival: seq=250 idx=2 total=15 fw_us=997905628 len=207

2026-09-14 17:59:12,932 INFO image_rx_daemon: frag_arrival: seq=250 idx=3 total=15 fw_us=998105318 len=207

2026-09-14 17:59:13,133 INFO image_rx_daemon: frag_arrival: seq=250 idx=4 total=15 fw_us=998306030 len=207

2026-09-14 17:59:13,338 INFO image_rx_daemon: cmd 0x63 superseded while pending (after 0 attempts) — body replaced, retry budget reset

2026-09-14 17:59:13,343 INFO image_rx_daemon: frag_arrival: seq=250 idx=5 total=15 fw_us=998504780 len=207

2026-09-14 17:59:13,532 INFO image_rx_daemon: frag_arrival: seq=250 idx=6 total=15 fw_us=998704565 len=207

2026-09-14 17:59:13,732 INFO image_rx_daemon: frag_arrival: seq=250 idx=7 total=15 fw_us=998904030 len=207

2026-09-14 17:59:13,948 INFO image_rx_daemon: frag_arrival: seq=250 idx=8 total=15 fw_us=999118030 len=207

2026-09-14 17:59:14,031 INFO image_rx_daemon: cmd 0x63 superseded while pending (after 0 attempts) — body replaced, retry budget reset

2026-09-14 17:59:14,342 INFO image_rx_daemon: frag_arrival: seq=250 idx=9 total=15 fw_us=999514339 len=207

2026-09-14 17:59:14,542 INFO image_rx_daemon: frag_arrival: seq=250 idx=10 total=15 fw_us=999714033 len=207

2026-09-14 17:59:14,742 INFO image_rx_daemon: cmd 0x63 superseded while pending (after 0 attempts) — body replaced, retry budget reset

2026-09-14 17:59:14,750 INFO image_rx_daemon: frag_arrival: seq=250 idx=11 total=15 fw_us=999913785 len=207

2026-09-14 17:59:14,940 INFO image_rx_daemon: frag_arrival: seq=250 idx=12 total=15 fw_us=1000113566 len=207

2026-09-14 17:59:15,140 INFO image_rx_daemon: frag_arrival: seq=250 idx=13 total=15 fw_us=1000313371 len=207

2026-09-14 17:59:15,237 INFO image_rx_daemon: frag_arrival: seq=250 idx=14 total=15 fw_us=1000425009 len=85

2026-09-14 17:59:15,248 INFO image_rx_daemon: published frame_id=0 seq=250 2923 B → lifetrac/v25/video/tile_delta

RFCO_PERTX during TX wait: profile_id=1 tx_status=0x00(OK) hop_idx=14 channel_idx=28 epoch=13 freq_hz=916750000 pkt_toa_us=20608 legal_dwell_used_us_10s=20608

2026-09-14 17:59:15,297 INFO image_rx_daemon: command TX opcode=0x60 copy=1/1 OK (on air)

2026-09-14 17:59:15,440 INFO image_rx_daemon: cmd 0x63 superseded while pending (after 0 attempts) — body replaced, retry budget reset

2026-09-14 17:59:15,744 INFO image_rx_daemon: frag_arrival: seq=251 idx=0 total=15 fw_us=1000912461 len=207

2026-09-14 17:59:16,144 INFO image_rx_daemon: frag_arrival: seq=251 idx=1 total=15 fw_us=1001311919 len=207

2026-09-14 17:59:16,151 INFO image_rx_daemon: cmd 0x63 superseded while pending (after 0 attempts) — body replaced, retry budget reset

2026-09-14 17:59:16,344 INFO image_rx_daemon: frag_arrival: seq=251 idx=2 total=15 fw_us=1001511632 len=207

2026-09-14 17:59:16,479 INFO image_rx_daemon: stats: rx_frames=544 rx_decode_err=0 frames_published=24 publish_err=0 reassembler_decode_err=0 reassembler_timeouts=13 parity_recon=0 idle_drain_deferred=123 cmd_cooldown_drops=3 cmd_gate_held=0 cmd_copies_deferred=0

2026-09-14 17:59:16,483 INFO image_rx_daemon: air_gap: n=40 dt_med=199726us dt_p95=502003us len_med=207B cmd_tx_ok=30 cmd_tx_fail=0

2026-09-14 17:59:16,489 INFO image_rx_daemon: air_gap_hist(ms): <120:3 <200:26 <400:7 <1000:4

2026-09-14 17:59:16,492 INFO image_rx_daemon: rx_rf: n_rssi=40 n_snr=40 rssi[min/med/max]=-65/-62/-59 snr[min/med/max]=8.0/10.0/10.0

2026-09-14 17:59:16,495 INFO image_rx_daemon: phase_telemetry: valid=40 invalid=0 pre_f8=0 last_epoch=13 last_hop=19 slot_off=[2..17]

2026-09-14 17:59:16,501 INFO image_rx_daemon: air_gap_by_class: seq: n=36 med=199.7ms | boundary: n=3 med=494.9ms | post_loss: n=1 med=591.2ms

2026-09-14 17:59:16,504 INFO image_rx_daemon: lost_frag_idx: n=1 idx0=0 (0.00% of idx0 arrivals) other=1 (1.30%) verdict=not-clustered | top 6:1

2026-09-14 17:59:16,545 INFO image_rx_daemon: frag_arrival: seq=251 idx=3 total=15 fw_us=1001711456 len=207

2026-09-14 17:59:16,745 INFO image_rx_daemon: frag_arrival: seq=251 idx=4 total=15 fw_us=1001911218 len=207

2026-09-14 17:59:16,849 INFO image_rx_daemon: cmd 0x63 superseded while pending (after 0 attempts) — body replaced, retry budget reset

2026-09-14 17:59:16,947 INFO image_rx_daemon: frag_arrival: seq=251 idx=5 total=15 fw_us=1002110999 len=207

2026-09-14 17:59:17,137 INFO image_rx_daemon: frag_arrival: seq=251 idx=6 total=15 fw_us=1002310787 len=207

2026-09-14 17:59:17,337 INFO image_rx_daemon: frag_arrival: seq=251 idx=7 total=15 fw_us=1002510006 len=207

2026-09-14 17:59:17,562 INFO image_rx_daemon: cmd 0x63 superseded while pending (after 0 attempts) — body replaced, retry budget reset

2026-09-14 17:59:17,575 INFO image_rx_daemon: frag_arrival: seq=251 idx=8 total=15 fw_us=1002724174 len=207

2026-09-14 17:59:17,956 INFO image_rx_daemon: frag_arrival: seq=251 idx=9 total=15 fw_us=1003120846 len=207

2026-09-14 17:59:18,155 INFO image_rx_daemon: frag_arrival: seq=251 idx=10 total=15 fw_us=1003320633 len=207

2026-09-14 17:59:18,259 INFO image_rx_daemon: cmd 0x63 superseded while pending (after 0 attempts) — body replaced, retry budget reset

2026-09-14 17:59:18,353 INFO image_rx_daemon: frag_arrival: seq=251 idx=11 total=15 fw_us=1003520408 len=207

2026-09-14 17:59:18,556 INFO image_rx_daemon: frag_arrival: seq=251 idx=12 total=15 fw_us=1003720098 len=207

2026-09-14 17:59:18,748 INFO image_rx_daemon: frag_arrival: seq=251 idx=13 total=15 fw_us=1003919868 len=207

2026-09-14 17:59:18,909 INFO image_rx_daemon: frag_arrival: seq=251 idx=14 total=15 fw_us=1004083293 len=155

2026-09-14 17:59:18,919 INFO image_rx_daemon: published frame_id=0 seq=251 2993 B → lifetrac/v25/video/tile_delta

RFCO_PERTX during TX wait: profile_id=1 tx_status=0x00(OK) hop_idx=33 channel_idx=42 epoch=13 freq_hz=923750000 pkt_toa_us=20608 legal_dwell_used_us_10s=20608

2026-09-14 17:59:18,969 INFO image_rx_daemon: command TX opcode=0x60 copy=1/1 OK (on air)

2026-09-14 17:59:18,977 INFO image_rx_daemon: cmd 0x63 superseded while pending (after 0 attempts) — body replaced, retry budget reset

2026-09-14 17:59:19,348 INFO image_rx_daemon: frag_arrival: seq=1 idx=0 total=15 fw_us=1004519133 len=207

2026-09-14 17:59:19,667 INFO image_rx_daemon: cmd 0x63 superseded while pending (after 0 attempts) — body replaced, retry budget reset

2026-09-14 17:59:19,752 INFO image_rx_daemon: frag_arrival: seq=1 idx=1 total=15 fw_us=1004918756 len=207

2026-09-14 17:59:19,964 INFO image_rx_daemon: frag_arrival: seq=1 idx=2 total=15 fw_us=1005118551 len=207

2026-09-14 17:59:20,154 INFO image_rx_daemon: frag_arrival: seq=1 idx=3 total=15 fw_us=1005318354 len=207

2026-09-14 17:59:20,355 INFO image_rx_daemon: frag_arrival: seq=1 idx=4 total=15 fw_us=1005518175 len=207

2026-09-14 17:59:20,370 INFO image_rx_daemon: cmd 0x63 superseded while pending (after 0 attempts) — body replaced, retry budget reset

2026-09-14 17:59:20,550 INFO image_rx_daemon: frag_arrival: seq=1 idx=5 total=15 fw_us=1005717988 len=207

2026-09-14 17:59:20,750 INFO image_rx_daemon: frag_arrival: seq=1 idx=6 total=15 fw_us=1005917763 len=207

2026-09-14 17:59:20,950 INFO image_rx_daemon: frag_arrival: seq=1 idx=7 total=15 fw_us=1006117488 len=207

2026-09-14 17:59:21,074 INFO image_rx_daemon: cmd 0x63 superseded while pending (after 0 attempts) — body replaced, retry budget reset

2026-09-14 17:59:21,348 INFO image_rx_daemon: frag_arrival: seq=1 idx=8 total=15 fw_us=1006517017 len=207

2026-09-14 17:59:21,548 INFO image_rx_daemon: frag_arrival: seq=1 idx=9 total=15 fw_us=1006716868 len=207

2026-09-14 17:59:21,748 INFO image_rx_daemon: frag_arrival: seq=1 idx=10 total=15 fw_us=1006916609 len=207

2026-09-14 17:59:21,778 INFO image_rx_daemon: cmd 0x63 superseded while pending (after 0 attempts) — body replaced, retry budget reset

2026-09-14 17:59:21,952 INFO image_rx_daemon: frag_arrival: seq=1 idx=11 total=15 fw_us=1007116333 len=207

2026-09-14 17:59:22,151 INFO image_rx_daemon: frag_arrival: seq=1 idx=12 total=15 fw_us=1007316033 len=207

2026-09-14 17:59:22,356 INFO image_rx_daemon: frag_arrival: seq=1 idx=13 total=15 fw_us=1007515749 len=207

2026-09-14 17:59:22,501 INFO image_rx_daemon: cmd 0x63 superseded while pending (after 0 attempts) — body replaced, retry budget reset

2026-09-14 17:59:22,523 INFO image_rx_daemon: frag_arrival: seq=1 idx=14 total=15 fw_us=1007671518 len=147

2026-09-14 17:59:22,534 INFO image_rx_daemon: cmd 0x60 CONVERGED after 3 attempts (12.0 s): keyframe received (UNVERIFIED delivery — keyframe may be encoder-initiated)

2026-09-14 17:59:22,542 INFO image_rx_daemon: published frame_id=0 seq=1 2985 B → lifetrac/v25/video/tile_delta

RFCO_PERTX during TX wait: profile_id=1 tx_status=0x00(OK) hop_idx=1 channel_idx=16 epoch=14 freq_hz=910750000 pkt_toa_us=20608 legal_dwell_used_us_10s=20608

2026-09-14 17:59:22,591 INFO image_rx_daemon: command TX opcode=0x63 copy=1/1 OK (on air)

2026-09-14 17:59:22,946 INFO image_rx_daemon: frag_arrival: seq=15 idx=0 total=15 fw_us=1008115029 len=207

2026-09-14 17:59:23,188 INFO image_rx_daemon: cmd 0x63 superseded while pending (after 1 attempts) — body replaced, retry budget reset

2026-09-14 17:59:23,346 INFO image_rx_daemon: frag_arrival: seq=15 idx=1 total=15 fw_us=1008514546 len=207

2026-09-14 17:59:23,546 INFO image_rx_daemon: frag_arrival: seq=15 idx=2 total=15 fw_us=1008714276 len=207

2026-09-14 17:59:23,746 INFO image_rx_daemon: frag_arrival: seq=15 idx=3 total=15 fw_us=1008914034 len=207

2026-09-14 17:59:23,894 INFO image_rx_daemon: cmd 0x63 superseded while pending (after 0 attempts) — body replaced, retry budget reset

2026-09-14 17:59:23,946 INFO image_rx_daemon: frag_arrival: seq=15 idx=4 total=15 fw_us=1009113776 len=207

2026-09-14 17:59:24,148 INFO image_rx_daemon: frag_arrival: seq=15 idx=5 total=15 fw_us=1009313539 len=207

2026-09-14 17:59:24,349 INFO image_rx_daemon: frag_arrival: seq=15 idx=6 total=15 fw_us=1009513324 len=207

2026-09-14 17:59:24,549 INFO image_rx_daemon: frag_arrival: seq=15 idx=7 total=15 fw_us=1009713125 len=207

2026-09-14 17:59:24,596 INFO image_rx_daemon: cmd 0x63 superseded while pending (after 0 attempts) — body replaced, retry budget reset

2026-09-14 17:59:24,945 INFO image_rx_daemon: frag_arrival: seq=15 idx=8 total=15 fw_us=1010112707 len=207

2026-09-14 17:59:25,144 INFO image_rx_daemon: frag_arrival: seq=15 idx=9 total=15 fw_us=1010312526 len=207

2026-09-14 17:59:25,301 INFO image_rx_daemon: cmd 0x63 superseded while pending (after 0 attempts) — body replaced, retry budget reset

2026-09-14 17:59:25,344 INFO image_rx_daemon: frag_arrival: seq=15 idx=10 total=15 fw_us=1010512298 len=207

2026-09-14 17:59:25,544 INFO image_rx_daemon: frag_arrival: seq=15 idx=11 total=15 fw_us=1010713030 len=207

2026-09-14 17:59:25,743 INFO image_rx_daemon: frag_arrival: seq=15 idx=12 total=15 fw_us=1010911901 len=207

2026-09-14 17:59:25,943 INFO image_rx_daemon: frag_arrival: seq=15 idx=13 total=15 fw_us=1011111718 len=207

2026-09-14 17:59:26,004 INFO image_rx_daemon: cmd 0x63 superseded while pending (after 0 attempts) — body replaced, retry budget reset

2026-09-14 17:59:26,063 INFO image_rx_daemon: frag_arrival: seq=15 idx=14 total=15 fw_us=1011241682 len=111

2026-09-14 17:59:26,073 INFO image_rx_daemon: published frame_id=0 seq=15 2949 B → lifetrac/v25/video/tile_delta

RFCO_PERTX during TX wait: profile_id=1 tx_status=0x00(OK) hop_idx=19 channel_idx=12 epoch=14 freq_hz=908750000 pkt_toa_us=20608 legal_dwell_used_us_10s=20608

2026-09-14 17:59:26,167 INFO image_rx_daemon: command TX opcode=0x63 copy=1/1 OK (on air)

2026-09-14 17:59:26,539 INFO image_rx_daemon: stats: rx_frames=586 rx_decode_err=0 frames_published=27 publish_err=0 reassembler_decode_err=0 reassembler_timeouts=13 parity_recon=0 idle_drain_deferred=131 cmd_cooldown_drops=3 cmd_gate_held=0 cmd_copies_deferred=0

2026-09-14 17:59:26,543 INFO image_rx_daemon: air_gap: n=42 dt_med=199785us dt_p95=399623us len_med=207B cmd_tx_ok=33 cmd_tx_fail=0

2026-09-14 17:59:26,549 INFO image_rx_daemon: air_gap_hist(ms): <200:33 <400:7 <1000:2

2026-09-14 17:59:26,558 INFO image_rx_daemon: rx_rf: n_rssi=42 n_snr=42 rssi[min/med/max]=-65/-62/-59 snr[min/med/max]=9.0/10.0/10.0

2026-09-14 17:59:26,561 INFO image_rx_daemon: phase_telemetry: valid=42 invalid=0 pre_f8=0 last_epoch=14 last_hop=18 slot_off=[3..17]

2026-09-14 17:59:26,565 INFO image_rx_daemon: air_gap_by_class: seq: n=40 med=199.8ms | boundary: n=2 med=443.5ms

2026-09-14 17:59:26,570 INFO image_rx_daemon: frag_arrival: seq=16 idx=0 total=15 fw_us=1011711168 len=207

2026-09-14 17:59:26,707 INFO image_rx_daemon: cmd 0x63 superseded while pending (after 1 attempts) — body replaced, retry budget reset

2026-09-14 17:59:26,944 INFO image_rx_daemon: frag_arrival: seq=16 idx=1 total=15 fw_us=1012110634 len=207

2026-09-14 17:59:27,144 INFO image_rx_daemon: frag_arrival: seq=16 idx=2 total=15 fw_us=1012310404 len=207

2026-09-14 17:59:27,346 INFO image_rx_daemon: frag_arrival: seq=16 idx=3 total=15 fw_us=1012510133 len=207

2026-09-14 17:59:27,414 INFO image_rx_daemon: cmd 0x63 superseded while pending (after 0 attempts) — body replaced, retry budget reset

2026-09-14 17:59:27,546 INFO image_rx_daemon: frag_arrival: seq=16 idx=4 total=15 fw_us=1012709944 len=207

2026-09-14 17:59:27,747 INFO image_rx_daemon: frag_arrival: seq=16 idx=5 total=15 fw_us=1012909799 len=207

2026-09-14 17:59:27,952 INFO image_rx_daemon: frag_arrival: seq=16 idx=6 total=15 fw_us=1013109592 len=207

2026-09-14 17:59:28,139 INFO image_rx_daemon: cmd 0x63 superseded while pending (after 0 attempts) — body replaced, retry budget reset

2026-09-14 17:59:28,152 INFO image_rx_daemon: frag_arrival: seq=16 idx=7 total=15 fw_us=1013309409 len=207

2026-09-14 17:59:28,547 INFO image_rx_daemon: frag_arrival: seq=16 idx=8 total=15 fw_us=1013708959 len=207

2026-09-14 17:59:28,747 INFO image_rx_daemon: frag_arrival: seq=16 idx=9 total=15 fw_us=1013908763 len=207

2026-09-14 17:59:28,826 INFO image_rx_daemon: cmd 0x63 superseded while pending (after 0 attempts) — body replaced, retry budget reset

2026-09-14 17:59:28,941 INFO image_rx_daemon: frag_arrival: seq=16 idx=10 total=15 fw_us=1014108485 len=207

2026-09-14 17:59:29,151 INFO image_rx_daemon: frag_arrival: seq=16 idx=11 total=15 fw_us=1014308257 len=207

2026-09-14 17:59:29,341 INFO image_rx_daemon: frag_arrival: seq=16 idx=12 total=15 fw_us=1014508031 len=207

2026-09-14 17:59:29,542 INFO image_rx_daemon: cmd 0x63 superseded while pending (after 0 attempts) — body replaced, retry budget reset

2026-09-14 17:59:29,548 INFO image_rx_daemon: frag_arrival: seq=16 idx=13 total=15 fw_us=1014707758 len=207

2026-09-14 17:59:29,686 INFO image_rx_daemon: frag_arrival: seq=16 idx=14 total=15 fw_us=1014863503 len=147

2026-09-14 17:59:29,698 INFO image_rx_daemon: published frame_id=0 seq=16 2985 B → lifetrac/v25/video/tile_delta

RFCO_PERTX during TX wait: profile_id=1 tx_status=0x00(OK) hop_idx=37 channel_idx=24 epoch=14 freq_hz=914750000 pkt_toa_us=20608 legal_dwell_used_us_10s=20608

2026-09-14 17:59:29,766 INFO image_rx_daemon: command TX opcode=0x63 copy=1/1 OK (on air)

2026-09-14 17:59:30,147 INFO image_rx_daemon: frag_arrival: seq=22 idx=0 total=15 fw_us=1015306958 len=207

2026-09-14 17:59:30,238 INFO image_rx_daemon: cmd 0x63 superseded while pending (after 1 attempts) — body replaced, retry budget reset

2026-09-14 17:59:30,550 INFO image_rx_daemon: frag_arrival: seq=22 idx=1 total=15 fw_us=1015706345 len=207

2026-09-14 17:59:30,750 INFO image_rx_daemon: frag_arrival: seq=22 idx=2 total=15 fw_us=1015906032 len=207

2026-09-14 17:59:30,948 INFO image_rx_daemon: cmd 0x63 superseded while pending (after 0 attempts) — body replaced, retry budget reset

2026-09-14 17:59:30,958 INFO image_rx_daemon: frag_arrival: seq=22 idx=3 total=15 fw_us=1016105717 len=207

2026-09-14 17:59:31,148 INFO image_rx_daemon: frag_arrival: seq=22 idx=4 total=15 fw_us=1016305428 len=207

2026-09-14 17:59:31,350 INFO image_rx_daemon: frag_arrival: seq=22 idx=5 total=15 fw_us=1016505174 len=207

2026-09-14 17:59:31,540 INFO image_rx_daemon: frag_arrival: seq=22 idx=6 total=15 fw_us=1016704898 len=207

2026-09-14 17:59:31,643 INFO image_rx_daemon: cmd 0x63 superseded while pending (after 0 attempts) — body replaced, retry budget reset

2026-09-14 17:59:31,741 INFO image_rx_daemon: frag_arrival: seq=22 idx=7 total=15 fw_us=1016904580 len=207

2026-09-14 17:59:32,145 INFO image_rx_daemon: frag_arrival: seq=22 idx=8 total=15 fw_us=1017304105 len=207

2026-09-14 17:59:32,345 INFO image_rx_daemon: frag_arrival: seq=22 idx=9 total=15 fw_us=1017503862 len=207

2026-09-14 17:59:32,353 INFO image_rx_daemon: cmd 0x63 superseded while pending (after 0 attempts) — body replaced, retry budget reset

2026-09-14 17:59:32,546 INFO image_rx_daemon: frag_arrival: seq=22 idx=10 total=15 fw_us=1017703648 len=207

2026-09-14 17:59:32,746 INFO image_rx_daemon: frag_arrival: seq=22 idx=11 total=15 fw_us=1017903368 len=207

2026-09-14 17:59:32,947 INFO image_rx_daemon: frag_arrival: seq=22 idx=12 total=15 fw_us=1018103093 len=207

2026-09-14 17:59:33,052 INFO image_rx_daemon: cmd 0x63 superseded while pending (after 0 attempts) — body replaced, retry budget reset

2026-09-14 17:59:33,146 INFO image_rx_daemon: frag_arrival: seq=22 idx=13 total=15 fw_us=1018302877 len=207

2026-09-14 17:59:33,295 INFO image_rx_daemon: frag_arrival: seq=22 idx=14 total=15 fw_us=1018463829 len=153

2026-09-14 17:59:33,306 INFO image_rx_daemon: published frame_id=0 seq=22 2991 B → lifetrac/v25/video/tile_delta

RFCO_PERTX during TX wait: profile_id=1 tx_status=0x00(OK) hop_idx=5 channel_idx=27 epoch=15 freq_hz=916250000 pkt_toa_us=20608 legal_dwell_used_us_10s=20608

2026-09-14 17:59:33,367 INFO image_rx_daemon: command TX opcode=0x63 copy=1/1 OK (on air)

2026-09-14 17:59:33,744 INFO image_rx_daemon: frag_arrival: seq=30 idx=0 total=15 fw_us=1018902302 len=207

2026-09-14 17:59:33,758 INFO image_rx_daemon: cmd 0x63 superseded while pending (after 1 attempts) — body replaced, retry budget reset

2026-09-14 17:59:34,146 INFO image_rx_daemon: frag_arrival: seq=30 idx=1 total=15 fw_us=1019301838 len=207

2026-09-14 17:59:34,346 INFO image_rx_daemon: frag_arrival: seq=30 idx=2 total=15 fw_us=1019501521 len=207

2026-09-14 17:59:34,462 INFO image_rx_daemon: cmd 0x63 superseded while pending (after 0 attempts) — body replaced, retry budget reset

2026-09-14 17:59:34,546 INFO image_rx_daemon: frag_arrival: seq=30 idx=3 total=15 fw_us=1019701234 len=207

2026-09-14 17:59:34,746 INFO image_rx_daemon: frag_arrival: seq=30 idx=4 total=15 fw_us=1019901004 len=207

2026-09-14 17:59:34,937 INFO image_rx_daemon: frag_arrival: seq=30 idx=5 total=15 fw_us=1020100786 len=207

2026-09-14 17:59:35,137 INFO image_rx_daemon: frag_arrival: seq=30 idx=6 total=15 fw_us=1020300631 len=207

2026-09-14 17:59:35,166 INFO image_rx_daemon: cmd 0x63 superseded while pending (after 0 attempts) — body replaced, retry budget reset

2026-09-14 17:59:35,337 INFO image_rx_daemon: frag_arrival: seq=30 idx=7 total=15 fw_us=1020500452 len=207

2026-09-14 17:59:35,741 INFO image_rx_daemon: frag_arrival: seq=30 idx=8 total=15 fw_us=1020900100 len=207

2026-09-14 17:59:35,870 INFO image_rx_daemon: cmd 0x63 superseded while pending (after 0 attempts) — body replaced, retry budget reset

2026-09-14 17:59:35,942 INFO image_rx_daemon: frag_arrival: seq=30 idx=9 total=15 fw_us=1021099944 len=207

2026-09-14 17:59:36,138 INFO image_rx_daemon: frag_arrival: seq=30 idx=10 total=15 fw_us=1021299683 len=207

2026-09-14 17:59:36,339 INFO image_rx_daemon: frag_arrival: seq=30 idx=11 total=15 fw_us=1021499475 len=207

2026-09-14 17:59:36,539 INFO image_rx_daemon: frag_arrival: seq=30 idx=12 total=15 fw_us=1021699244 len=207

2026-09-14 17:59:36,571 INFO image_rx_daemon: stats: rx_frames=629 rx_decode_err=0 frames_published=29 publish_err=0 reassembler_decode_err=0 reassembler_timeouts=13 parity_recon=0 idle_drain_deferred=139 cmd_cooldown_drops=3 cmd_gate_held=0 cmd_copies_deferred=0

2026-09-14 17:59:36,575 INFO image_rx_daemon: air_gap: n=43 dt_med=199774us dt_p95=438473us len_med=207B cmd_tx_ok=35 cmd_tx_fail=0

2026-09-14 17:59:36,582 INFO image_rx_daemon: air_gap_hist(ms): <200:34 <400:6 <1000:3

2026-09-14 17:59:36,585 INFO image_rx_daemon: rx_rf: n_rssi=43 n_snr=43 rssi[min/med/max]=-65/-61/-59 snr[min/med/max]=9.0/10.0/11.0

2026-09-14 17:59:36,594 INFO image_rx_daemon: phase_telemetry: valid=43 invalid=0 pre_f8=0 last_epoch=15 last_hop=20 slot_off=[14..14]

2026-09-14 17:59:36,591 INFO image_rx_daemon: cmd 0x63 superseded while pending (after 0 attempts) — body replaced, retry budget reset

2026-09-14 17:59:36,598 INFO image_rx_daemon: air_gap_by_class: seq: n=40 med=199.8ms | boundary: n=3 med=443.5ms

2026-09-14 17:59:36,738 INFO image_rx_daemon: frag_arrival: seq=30 idx=13 total=15 fw_us=1021899033 len=207

2026-09-14 17:59:36,822 INFO image_rx_daemon: frag_arrival: seq=30 idx=14 total=15 fw_us=1022003156 len=77

2026-09-14 17:59:36,833 INFO image_rx_daemon: published frame_id=0 seq=30 2915 B → lifetrac/v25/video/tile_delta

RFCO_PERTX during TX wait: profile_id=1 tx_status=0x00(OK) hop_idx=22 channel_idx=33 epoch=15 freq_hz=919250000 pkt_toa_us=20608 legal_dwell_used_us_10s=20608

2026-09-14 17:59:36,885 INFO image_rx_daemon: command TX opcode=0x60 copy=1/1 OK (on air)

2026-09-14 17:59:37,286 INFO image_rx_daemon: cmd 0x63 superseded while pending (after 0 attempts) — body replaced, retry budget reset

2026-09-14 17:59:37,346 INFO image_rx_daemon: frag_arrival: seq=37 idx=0 total=15 fw_us=1022498420 len=207

2026-09-14 17:59:37,741 INFO image_rx_daemon: frag_arrival: seq=37 idx=1 total=15 fw_us=1022899030 len=207

2026-09-14 17:59:37,941 INFO image_rx_daemon: frag_arrival: seq=37 idx=2 total=15 fw_us=1023097830 len=207

2026-09-14 17:59:37,985 INFO image_rx_daemon: cmd 0x63 superseded while pending (after 0 attempts) — body replaced, retry budget reset

2026-09-14 17:59:38,144 INFO image_rx_daemon: frag_arrival: seq=37 idx=3 total=15 fw_us=1023297626 len=207

2026-09-14 17:59:38,344 INFO image_rx_daemon: frag_arrival: seq=37 idx=4 total=15 fw_us=1023497383 len=207

2026-09-14 17:59:38,544 INFO image_rx_daemon: frag_arrival: seq=37 idx=5 total=15 fw_us=1023697195 len=207

2026-09-14 17:59:38,691 INFO image_rx_daemon: cmd 0x63 superseded while pending (after 0 attempts) — body replaced, retry budget reset

2026-09-14 17:59:38,938 INFO image_rx_daemon: frag_arrival: seq=37 idx=7 total=15 fw_us=1024091240 len=207

2026-09-14 17:59:39,330 INFO image_rx_daemon: frag_arrival: seq=37 idx=8 total=15 fw_us=1024489489 len=207

2026-09-14 17:59:39,397 INFO image_rx_daemon: cmd 0x63 superseded while pending (after 0 attempts) — body replaced, retry budget reset

2026-09-14 17:59:39,535 INFO image_rx_daemon: frag_arrival: seq=37 idx=9 total=15 fw_us=1024689282 len=207

2026-09-14 17:59:39,734 INFO image_rx_daemon: frag_arrival: seq=37 idx=10 total=15 fw_us=1024889126 len=207

2026-09-14 17:59:39,934 INFO image_rx_daemon: frag_arrival: seq=37 idx=11 total=15 fw_us=1025088902 len=207

2026-09-14 17:59:40,100 INFO image_rx_daemon: cmd 0x63 superseded while pending (after 0 attempts) — body replaced, retry budget reset

2026-09-14 17:59:40,141 INFO image_rx_daemon: frag_arrival: seq=37 idx=12 total=15 fw_us=1025288750 len=207

2026-09-14 17:59:40,331 INFO image_rx_daemon: frag_arrival: seq=37 idx=13 total=15 fw_us=1025488554 len=207

2026-09-14 17:59:40,415 INFO image_rx_daemon: frag_arrival: seq=37 idx=14 total=15 fw_us=1025592672 len=77

RFCO_PERTX during TX wait: profile_id=1 tx_status=0x00(OK) hop_idx=40 channel_idx=21 epoch=15 freq_hz=913250000 pkt_toa_us=20608 legal_dwell_used_us_10s=20608

2026-09-14 17:59:40,461 INFO image_rx_daemon: command TX opcode=0x60 copy=1/1 OK (on air)

2026-09-14 17:59:40,805 INFO image_rx_daemon: cmd 0x63 superseded while pending (after 0 attempts) — body replaced, retry budget reset

2026-09-14 17:59:40,935 INFO image_rx_daemon: frag_arrival: seq=44 idx=0 total=15 fw_us=1026088032 len=207

2026-09-14 17:59:41,328 INFO image_rx_daemon: frag_arrival: seq=44 idx=1 total=15 fw_us=1026487706 len=207

2026-09-14 17:59:41,530 INFO image_rx_daemon: cmd 0x63 superseded while pending (after 0 attempts) — body replaced, retry budget reset

2026-09-14 17:59:41,544 INFO image_rx_daemon: frag_arrival: seq=44 idx=2 total=15 fw_us=1026687594 len=207

2026-09-14 17:59:41,738 INFO image_rx_daemon: frag_arrival: seq=44 idx=3 total=15 fw_us=1026887496 len=207

2026-09-14 17:59:41,928 INFO image_rx_daemon: frag_arrival: seq=44 idx=4 total=15 fw_us=1027087394 len=207

2026-09-14 17:59:42,131 INFO image_rx_daemon: frag_arrival: seq=44 idx=5 total=15 fw_us=1027287217 len=207

2026-09-14 17:59:42,212 INFO image_rx_daemon: cmd 0x63 superseded while pending (after 0 attempts) — body replaced, retry budget reset

2026-09-14 17:59:42,524 INFO image_rx_daemon: frag_arrival: seq=44 idx=7 total=15 fw_us=1027679812 len=207

2026-09-14 17:59:42,927 INFO image_rx_daemon: cmd 0x63 superseded while pending (after 0 attempts) — body replaced, retry budget reset

2026-09-14 17:59:42,936 INFO image_rx_daemon: frag_arrival: seq=44 idx=8 total=15 fw_us=1028079575 len=207

2026-09-14 17:59:43,126 INFO image_rx_daemon: frag_arrival: seq=44 idx=9 total=15 fw_us=1028279481 len=207

2026-09-14 17:59:43,328 INFO image_rx_daemon: frag_arrival: seq=44 idx=10 total=15 fw_us=1028479422 len=207

2026-09-14 17:59:43,526 INFO image_rx_daemon: frag_arrival: seq=44 idx=11 total=15 fw_us=1028679238 len=207

2026-09-14 17:59:43,621 INFO image_rx_daemon: cmd 0x63 superseded while pending (after 0 attempts) — body replaced, retry budget reset

2026-09-14 17:59:43,728 INFO image_rx_daemon: frag_arrival: seq=44 idx=12 total=15 fw_us=1028879141 len=207

2026-09-14 17:59:43,929 INFO image_rx_daemon: frag_arrival: seq=44 idx=13 total=15 fw_us=1029078959 len=207

2026-09-14 17:59:44,039 INFO image_rx_daemon: frag_arrival: seq=44 idx=14 total=15 fw_us=1029211536 len=115

2026-09-14 17:59:44,043 WARNING image_rx_daemon: cmd 0x60 GAVE UP after 2 attempts (11.0 s); cool-down 30 s

RFCO_PERTX during TX wait: profile_id=1 tx_status=0x00(OK) hop_idx=8 channel_idx=17 epoch=16 freq_hz=911250000 pkt_toa_us=20608 legal_dwell_used_us_10s=20608

2026-09-14 17:59:44,093 INFO image_rx_daemon: command TX opcode=0x63 copy=1/1 OK (on air)

2026-09-14 17:59:44,326 INFO image_rx_daemon: cmd 0x63 superseded while pending (after 1 attempts) — body replaced, retry budget reset

2026-09-14 17:59:44,528 INFO image_rx_daemon: frag_arrival: seq=51 idx=0 total=15 fw_us=1029678463 len=207

2026-09-14 17:59:44,923 INFO image_rx_daemon: frag_arrival: seq=51 idx=1 total=15 fw_us=1030078119 len=207

2026-09-14 17:59:45,032 INFO image_rx_daemon: cmd 0x63 superseded while pending (after 0 attempts) — body replaced, retry budget reset

2026-09-14 17:59:45,124 INFO image_rx_daemon: frag_arrival: seq=51 idx=2 total=15 fw_us=1030277939 len=207

2026-09-14 17:59:45,323 INFO image_rx_daemon: frag_arrival: seq=51 idx=3 total=15 fw_us=1030477708 len=207

2026-09-14 17:59:45,523 INFO image_rx_daemon: frag_arrival: seq=51 idx=4 total=15 fw_us=1030677473 len=207

2026-09-14 17:59:45,722 INFO image_rx_daemon: frag_arrival: seq=51 idx=5 total=15 fw_us=1030877245 len=207

2026-09-14 17:59:45,734 INFO image_rx_daemon: cmd 0x63 superseded while pending (after 0 attempts) — body replaced, retry budget reset

2026-09-14 17:59:46,314 INFO image_rx_daemon: frag_arrival: seq=51 idx=7 total=15 fw_us=1031469824 len=207

2026-09-14 17:59:46,438 INFO image_rx_daemon: cmd 0x63 superseded while pending (after 0 attempts) — body replaced, retry budget reset

2026-09-14 17:59:46,520 INFO image_rx_daemon: frag_arrival: seq=51 idx=8 total=15 fw_us=1031669649 len=207

2026-09-14 17:59:46,608 INFO image_rx_daemon: stats: rx_frames=667 rx_decode_err=0 frames_published=30 publish_err=0 reassembler_decode_err=0 reassembler_timeouts=15 parity_recon=0 idle_drain_deferred=151 cmd_cooldown_drops=4 cmd_gate_held=0 cmd_copies_deferred=0

2026-09-14 17:59:46,612 INFO image_rx_daemon: air_gap: n=38 dt_med=199844us dt_p95=495360us len_med=207B cmd_tx_ok=38 cmd_tx_fail=0

2026-09-14 17:59:46,617 INFO image_rx_daemon: air_gap_hist(ms): <120:2 <200:25 <400:6 <1000:5

2026-09-14 17:59:46,621 INFO image_rx_daemon: rx_rf: n_rssi=38 n_snr=38 rssi[min/med/max]=-65/-62/-59 snr[min/med/max]=9.0/10.0/11.0

2026-09-14 17:59:46,623 INFO image_rx_daemon: phase_telemetry: valid=38 invalid=0 pre_f8=0 last_epoch=16 last_hop=20 slot_off=[14..16]

2026-09-14 17:59:46,628 INFO image_rx_daemon: air_gap_by_class: seq: n=32 med=199.8ms | boundary: n=3 med=495.3ms | post_loss: n=3 med=394.0ms

2026-09-14 17:59:46,631 INFO image_rx_daemon: lost_frag_idx: n=3 idx0=0 (0.00% of idx0 arrivals) other=3 (2.54%) verdict=not-clustered | top 6:3

2026-09-14 17:59:46,716 INFO image_rx_daemon: frag_arrival: seq=51 idx=9 total=15 fw_us=1031869535 len=207

2026-09-14 17:59:46,917 INFO image_rx_daemon: frag_arrival: seq=51 idx=10 total=15 fw_us=1032069440 len=207

2026-09-14 17:59:47,116 INFO image_rx_daemon: frag_arrival: seq=51 idx=11 total=15 fw_us=1032269299 len=207

2026-09-14 17:59:47,146 INFO image_rx_daemon: cmd 0x63 superseded while pending (after 0 attempts) — body replaced, retry budget reset

2026-09-14 17:59:47,320 INFO image_rx_daemon: frag_arrival: seq=51 idx=12 total=15 fw_us=1032469126 len=207

2026-09-14 17:59:47,520 INFO image_rx_daemon: frag_arrival: seq=51 idx=13 total=15 fw_us=1032669019 len=207

2026-09-14 17:59:47,659 INFO image_rx_daemon: frag_arrival: seq=51 idx=14 total=15 fw_us=1032822269 len=141

RFCO_PERTX during TX wait: profile_id=1 tx_status=0x00(OK) hop_idx=27 channel_idx=12 epoch=16 freq_hz=908750000 pkt_toa_us=20608 legal_dwell_used_us_10s=20608

2026-09-14 17:59:47,738 INFO image_rx_daemon: command TX opcode=0x63 copy=1/1 OK (on air)

2026-09-14 17:59:47,848 INFO image_rx_daemon: cmd 0x63 superseded while pending (after 1 attempts) — body replaced, retry budget reset

2026-09-14 17:59:48,124 INFO image_rx_daemon: frag_arrival: seq=58 idx=0 total=15 fw_us=1033268651 len=207

2026-09-14 17:59:48,519 INFO image_rx_daemon: frag_arrival: seq=58 idx=1 total=15 fw_us=1033668234 len=207

2026-09-14 17:59:48,553 INFO image_rx_daemon: cmd 0x63 superseded while pending (after 0 attempts) — body replaced, retry budget reset

2026-09-14 17:59:48,722 INFO image_rx_daemon: frag_arrival: seq=58 idx=2 total=15 fw_us=1033869030 len=207

2026-09-14 17:59:48,923 INFO image_rx_daemon: frag_arrival: seq=58 idx=3 total=15 fw_us=1034067873 len=207

2026-09-14 17:59:49,114 INFO image_rx_daemon: frag_arrival: seq=58 idx=4 total=15 fw_us=1034267705 len=207

2026-09-14 17:59:49,256 INFO image_rx_daemon: cmd 0x63 superseded while pending (after 0 attempts) — body replaced, retry budget reset

2026-09-14 17:59:49,317 INFO image_rx_daemon: frag_arrival: seq=58 idx=5 total=15 fw_us=1034467524 len=207

2026-09-14 17:59:49,521 INFO image_rx_daemon: frag_arrival: seq=58 idx=6 total=15 fw_us=1034667327 len=207

2026-09-14 17:59:49,722 INFO image_rx_daemon: frag_arrival: seq=58 idx=7 total=15 fw_us=1034867139 len=207

2026-09-14 17:59:49,962 INFO image_rx_daemon: cmd 0x63 superseded while pending (after 0 attempts) — body replaced, retry budget reset

2026-09-14 17:59:50,129 INFO image_rx_daemon: frag_arrival: seq=58 idx=8 total=15 fw_us=1035266636 len=207

2026-09-14 17:59:50,320 INFO image_rx_daemon: frag_arrival: seq=58 idx=9 total=15 fw_us=1035466395 len=207

2026-09-14 17:59:50,521 INFO image_rx_daemon: frag_arrival: seq=58 idx=10 total=15 fw_us=1035666209 len=207

2026-09-14 17:59:50,668 INFO image_rx_daemon: cmd 0x63 superseded while pending (after 0 attempts) — body replaced, retry budget reset

2026-09-14 17:59:50,721 INFO image_rx_daemon: frag_arrival: seq=58 idx=11 total=15 fw_us=1035867030 len=207

2026-09-14 17:59:50,917 INFO image_rx_daemon: frag_arrival: seq=58 idx=12 total=15 fw_us=1036065929 len=207

2026-09-14 17:59:51,118 INFO image_rx_daemon: frag_arrival: seq=58 idx=13 total=15 fw_us=1036265788 len=207

2026-09-14 17:59:51,205 INFO image_rx_daemon: frag_arrival: seq=58 idx=14 total=15 fw_us=1036377642 len=85

2026-09-14 17:59:51,216 INFO image_rx_daemon: published frame_id=0 seq=58 2923 B → lifetrac/v25/video/tile_delta

RFCO_PERTX during TX wait: profile_id=1 tx_status=0x00(OK) hop_idx=44 channel_idx=45 epoch=16 freq_hz=925250000 pkt_toa_us=20608 legal_dwell_used_us_10s=20608

2026-09-14 17:59:51,263 INFO image_rx_daemon: command TX opcode=0x63 copy=1/1 OK (on air)

2026-09-14 17:59:51,372 INFO image_rx_daemon: cmd 0x63 superseded while pending (after 1 attempts) — body replaced, retry budget reset

2026-09-14 17:59:51,715 INFO image_rx_daemon: frag_arrival: seq=66 idx=0 total=15 fw_us=1036865417 len=207

2026-09-14 17:59:52,077 INFO image_rx_daemon: cmd 0x63 superseded while pending (after 0 attempts) — body replaced, retry budget reset

2026-09-14 17:59:52,132 INFO image_rx_daemon: frag_arrival: seq=66 idx=1 total=15 fw_us=1037265169 len=207

2026-09-14 17:59:52,322 INFO image_rx_daemon: frag_arrival: seq=66 idx=2 total=15 fw_us=1037465033 len=207

2026-09-14 17:59:52,521 INFO image_rx_daemon: frag_arrival: seq=66 idx=3 total=15 fw_us=1037664925 len=207

2026-09-14 17:59:52,723 INFO image_rx_daemon: frag_arrival: seq=66 idx=4 total=15 fw_us=1037864795 len=207

2026-09-14 17:59:52,779 INFO image_rx_daemon: cmd 0x63 superseded while pending (after 0 attempts) — body replaced, retry budget reset

2026-09-14 17:59:52,915 INFO image_rx_daemon: frag_arrival: seq=66 idx=5 total=15 fw_us=1038064673 len=207

2026-09-14 17:59:53,315 INFO image_rx_daemon: frag_arrival: seq=66 idx=7 total=15 fw_us=1038458479 len=207

2026-09-14 17:59:53,484 INFO image_rx_daemon: cmd 0x63 superseded while pending (after 0 attempts) — body replaced, retry budget reset

2026-09-14 17:59:53,711 INFO image_rx_daemon: frag_arrival: seq=66 idx=8 total=15 fw_us=1038856847 len=207

2026-09-14 17:59:53,911 INFO image_rx_daemon: frag_arrival: seq=66 idx=9 total=15 fw_us=1039056705 len=207

2026-09-14 17:59:54,115 INFO image_rx_daemon: frag_arrival: seq=66 idx=10 total=15 fw_us=1039256543 len=207

2026-09-14 17:59:54,187 INFO image_rx_daemon: cmd 0x63 superseded while pending (after 0 attempts) — body replaced, retry budget reset

2026-09-14 17:59:54,306 INFO image_rx_daemon: frag_arrival: seq=66 idx=11 total=15 fw_us=1039456316 len=207

2026-09-14 17:59:54,507 INFO image_rx_daemon: frag_arrival: seq=66 idx=12 total=15 fw_us=1039657030 len=207

2026-09-14 17:59:54,707 INFO image_rx_daemon: frag_arrival: seq=66 idx=13 total=15 fw_us=1039855906 len=207

2026-09-14 17:59:54,854 INFO image_rx_daemon: frag_arrival: seq=66 idx=14 total=15 fw_us=1040009111 len=142

2026-09-14 17:59:54,891 INFO image_rx_daemon: cmd 0x63 superseded while pending (after 1 attempts) — body replaced, retry budget reset

RFCO_PERTX during TX wait: profile_id=1 tx_status=0x00(OK) hop_idx=13 channel_idx=2 epoch=17 freq_hz=903750000 pkt_toa_us=20608 legal_dwell_used_us_10s=20608

2026-09-14 17:59:54,926 INFO image_rx_daemon: command TX opcode=0x63 copy=1/1 OK (on air)

2026-09-14 17:59:55,312 INFO image_rx_daemon: frag_arrival: seq=73 idx=0 total=15 fw_us=1040455368 len=207

2026-09-14 17:59:55,596 INFO image_rx_daemon: cmd 0x63 superseded while pending (after 0 attempts) — body replaced, retry budget reset

2026-09-14 17:59:55,711 INFO image_rx_daemon: frag_arrival: seq=73 idx=1 total=15 fw_us=1040855019 len=207

2026-09-14 17:59:55,911 INFO image_rx_daemon: frag_arrival: seq=73 idx=2 total=15 fw_us=1041054867 len=207

2026-09-14 17:59:56,113 INFO image_rx_daemon: frag_arrival: seq=73 idx=3 total=15 fw_us=1041254798 len=207

2026-09-14 17:59:56,314 INFO image_rx_daemon: frag_arrival: seq=73 idx=4 total=15 fw_us=1041454587 len=207

2026-09-14 17:59:56,321 INFO image_rx_daemon: cmd 0x63 superseded while pending (after 0 attempts) — body replaced, retry budget reset

2026-09-14 17:59:56,503 INFO image_rx_daemon: frag_arrival: seq=73 idx=5 total=15 fw_us=1041654485 len=207

2026-09-14 17:59:56,643 INFO image_rx_daemon: stats: rx_frames=708 rx_decode_err=0 frames_published=31 publish_err=0 reassembler_decode_err=0 reassembler_timeouts=17 parity_recon=0 idle_drain_deferred=160 cmd_cooldown_drops=5 cmd_gate_held=0 cmd_copies_deferred=0

2026-09-14 17:59:56,648 INFO image_rx_daemon: air_gap: n=41 dt_med=199864us dt_p95=446257us len_med=207B cmd_tx_ok=41 cmd_tx_fail=0

2026-09-14 17:59:56,654 INFO image_rx_daemon: air_gap_hist(ms): <120:1 <200:28 <400:9 <1000:3

2026-09-14 17:59:56,658 INFO image_rx_daemon: rx_rf: n_rssi=41 n_snr=41 rssi[min/med/max]=-65/-62/-59 snr[min/med/max]=9.0/10.0/11.0

2026-09-14 17:59:56,661 INFO image_rx_daemon: phase_telemetry: valid=41 invalid=0 pre_f8=0 last_epoch=17 last_hop=20 slot_off=[14..16]

2026-09-14 17:59:56,666 INFO image_rx_daemon: air_gap_by_class: seq: n=37 med=199.9ms | boundary: n=3 med=446.4ms | post_loss: n=1 med=393.8ms

2026-09-14 17:59:56,670 INFO image_rx_daemon: lost_frag_idx: n=1 idx0=0 (0.00% of idx0 arrivals) other=1 (2.56%) verdict=not-clustered | top 6:1

2026-09-14 17:59:56,711 INFO image_rx_daemon: frag_arrival: seq=73 idx=6 total=15 fw_us=1041854439 len=207

2026-09-14 17:59:56,911 INFO image_rx_daemon: frag_arrival: seq=73 idx=7 total=15 fw_us=1042054393 len=207

2026-09-14 17:59:57,006 INFO image_rx_daemon: cmd 0x63 superseded while pending (after 0 attempts) — body replaced, retry budget reset

2026-09-14 17:59:57,304 INFO image_rx_daemon: frag_arrival: seq=73 idx=8 total=15 fw_us=1042454152 len=207

2026-09-14 17:59:57,503 INFO image_rx_daemon: frag_arrival: seq=73 idx=9 total=15 fw_us=1042654003 len=207

2026-09-14 17:59:57,704 INFO image_rx_daemon: frag_arrival: seq=73 idx=10 total=15 fw_us=1042853903 len=207

2026-09-14 17:59:57,711 INFO image_rx_daemon: cmd 0x63 superseded while pending (after 0 attempts) — body replaced, retry budget reset

2026-09-14 17:59:57,905 INFO image_rx_daemon: frag_arrival: seq=73 idx=11 total=15 fw_us=1043053686 len=207

2026-09-14 17:59:58,105 INFO image_rx_daemon: frag_arrival: seq=73 idx=12 total=15 fw_us=1043253523 len=207

2026-09-14 17:59:58,305 INFO image_rx_daemon: frag_arrival: seq=73 idx=13 total=15 fw_us=1043453421 len=207

2026-09-14 17:59:58,414 INFO image_rx_daemon: frag_arrival: seq=73 idx=14 total=15 fw_us=1043574030 len=96

2026-09-14 17:59:58,427 INFO image_rx_daemon: cmd 0x63 superseded while pending (after 0 attempts) — body replaced, retry budget reset

2026-09-14 17:59:58,432 INFO image_rx_daemon: published frame_id=0 seq=73 2934 B → lifetrac/v25/video/tile_delta

RFCO_PERTX during TX wait: profile_id=1 tx_status=0x00(OK) hop_idx=30 channel_idx=11 epoch=17 freq_hz=908250000 pkt_toa_us=20608 legal_dwell_used_us_10s=20608

2026-09-14 17:59:58,481 INFO image_rx_daemon: command TX opcode=0x63 copy=1/1 OK (on air)

2026-09-14 17:59:58,906 INFO image_rx_daemon: frag_arrival: seq=80 idx=0 total=15 fw_us=1044052970 len=207

2026-09-14 17:59:59,118 INFO image_rx_daemon: cmd 0x63 superseded while pending (after 1 attempts) — body replaced, retry budget reset

2026-09-14 17:59:59,311 INFO image_rx_daemon: frag_arrival: seq=80 idx=1 total=15 fw_us=1044452517 len=207

2026-09-14 17:59:59,511 INFO image_rx_daemon: frag_arrival: seq=80 idx=2 total=15 fw_us=1044652322 len=207

2026-09-14 17:59:59,713 INFO image_rx_daemon: frag_arrival: seq=80 idx=3 total=15 fw_us=1044852147 len=207

2026-09-14 17:59:59,823 INFO image_rx_daemon: cmd 0x63 superseded while pending (after 0 attempts) — body replaced, retry budget reset

2026-09-14 17:59:59,903 INFO image_rx_daemon: frag_arrival: seq=80 idx=4 total=15 fw_us=1045052029 len=207

2026-09-14 18:00:00,102 INFO image_rx_daemon: frag_arrival: seq=80 idx=5 total=15 fw_us=1045251861 len=207

2026-09-14 18:00:00,306 INFO image_rx_daemon: frag_arrival: seq=80 idx=6 total=15 fw_us=1045451709 len=207

2026-09-14 18:00:00,506 INFO image_rx_daemon: frag_arrival: seq=80 idx=7 total=15 fw_us=1045651532 len=207

2026-09-14 18:00:00,527 INFO image_rx_daemon: cmd 0x63 superseded while pending (after 0 attempts) — body replaced, retry budget reset

2026-09-14 18:00:00,910 INFO image_rx_daemon: frag_arrival: seq=80 idx=8 total=15 fw_us=1046051118 len=207

2026-09-14 18:00:01,110 INFO image_rx_daemon: frag_arrival: seq=80 idx=9 total=15 fw_us=1046250917 len=207

2026-09-14 18:00:01,232 INFO image_rx_daemon: cmd 0x63 superseded while pending (after 0 attempts) — body replaced, retry budget reset

2026-09-14 18:00:01,308 INFO image_rx_daemon: frag_arrival: seq=80 idx=10 total=15 fw_us=1046450769 len=207

2026-09-14 18:00:01,507 INFO image_rx_daemon: frag_arrival: seq=80 idx=11 total=15 fw_us=1046650493 len=207

2026-09-14 18:00:01,707 INFO image_rx_daemon: frag_arrival: seq=80 idx=12 total=15 fw_us=1046850255 len=207

2026-09-14 18:00:01,907 INFO image_rx_daemon: frag_arrival: seq=80 idx=13 total=15 fw_us=1047050014 len=207

2026-09-14 18:00:01,939 INFO image_rx_daemon: cmd 0x63 superseded while pending (after 0 attempts) — body replaced, retry budget reset

2026-09-14 18:00:02,057 INFO image_rx_daemon: frag_arrival: seq=80 idx=14 total=15 fw_us=1047205826 len=147

2026-09-14 18:00:02,069 INFO image_rx_daemon: published frame_id=0 seq=80 2985 B → lifetrac/v25/video/tile_delta

RFCO_PERTX during TX wait: profile_id=1 tx_status=0x00(OK) hop_idx=49 channel_idx=10 epoch=17 freq_hz=907750000 pkt_toa_us=20608 legal_dwell_used_us_10s=20608

2026-09-14 18:00:02,128 INFO image_rx_daemon: command TX opcode=0x63 copy=1/1 OK (on air)

2026-09-14 18:00:02,504 INFO image_rx_daemon: frag_arrival: seq=87 idx=0 total=15 fw_us=1047649372 len=207

2026-09-14 18:00:02,644 INFO image_rx_daemon: cmd 0x63 superseded while pending (after 1 attempts) — body replaced, retry budget reset

2026-09-14 18:00:02,909 INFO image_rx_daemon: frag_arrival: seq=87 idx=1 total=15 fw_us=1048048921 len=207

2026-09-14 18:00:03,110 INFO image_rx_daemon: frag_arrival: seq=87 idx=2 total=15 fw_us=1048248678 len=207

2026-09-14 18:00:03,310 INFO image_rx_daemon: frag_arrival: seq=87 idx=3 total=15 fw_us=1048448472 len=207

2026-09-14 18:00:03,347 INFO image_rx_daemon: cmd 0x63 superseded while pending (after 0 attempts) — body replaced, retry budget reset

2026-09-14 18:00:03,502 INFO image_rx_daemon: frag_arrival: seq=87 idx=4 total=15 fw_us=1048648234 len=207

2026-09-14 18:00:03,701 INFO image_rx_daemon: frag_arrival: seq=87 idx=5 total=15 fw_us=1048848026 len=207

2026-09-14 18:00:03,900 INFO image_rx_daemon: frag_arrival: seq=87 idx=6 total=15 fw_us=1049047830 len=207

2026-09-14 18:00:04,051 INFO image_rx_daemon: cmd 0x63 superseded while pending (after 0 attempts) — body replaced, retry budget reset

2026-09-14 18:00:04,100 INFO image_rx_daemon: frag_arrival: seq=87 idx=7 total=15 fw_us=1049247636 len=207

2026-09-14 18:00:04,499 INFO image_rx_daemon: frag_arrival: seq=87 idx=8 total=15 fw_us=1049647318 len=207

2026-09-14 18:00:04,711 INFO image_rx_daemon: frag_arrival: seq=87 idx=9 total=15 fw_us=1049847117 len=207

2026-09-14 18:00:04,754 INFO image_rx_daemon: cmd 0x63 superseded while pending (after 0 attempts) — body replaced, retry budget reset

2026-09-14 18:00:04,902 INFO image_rx_daemon: frag_arrival: seq=87 idx=10 total=15 fw_us=1050046971 len=207

2026-09-14 18:00:05,101 INFO image_rx_daemon: frag_arrival: seq=87 idx=11 total=15 fw_us=1050246733 len=207

2026-09-14 18:00:05,300 INFO image_rx_daemon: frag_arrival: seq=87 idx=12 total=15 fw_us=1050446515 len=207

2026-09-14 18:00:05,458 INFO image_rx_daemon: cmd 0x63 superseded while pending (after 0 attempts) — body replaced, retry budget reset

2026-09-14 18:00:05,506 INFO image_rx_daemon: frag_arrival: seq=87 idx=13 total=15 fw_us=1050646268 len=207

2026-09-14 18:00:05,617 INFO image_rx_daemon: frag_arrival: seq=87 idx=14 total=15 fw_us=1050778673 len=113

2026-09-14 18:00:05,629 INFO image_rx_daemon: published frame_id=0 seq=87 2951 B → lifetrac/v25/video/tile_delta

RFCO_PERTX during TX wait: profile_id=1 tx_status=0x00(OK) hop_idx=16 channel_idx=14 epoch=18 freq_hz=909750000 pkt_toa_us=20608 legal_dwell_used_us_10s=20608

2026-09-14 18:00:05,677 INFO image_rx_daemon: command TX opcode=0x63 copy=1/1 OK (on air)

2026-09-14 18:00:06,107 INFO image_rx_daemon: frag_arrival: seq=94 idx=0 total=15 fw_us=1051245445 len=207

2026-09-14 18:00:06,161 INFO image_rx_daemon: cmd 0x63 superseded while pending (after 1 attempts) — body replaced, retry budget reset

2026-09-14 18:00:06,501 INFO image_rx_daemon: frag_arrival: seq=94 idx=1 total=15 fw_us=1051645018 len=207

2026-09-14 18:00:06,699 INFO image_rx_daemon: frag_arrival: seq=94 idx=2 total=15 fw_us=1051844767 len=207

2026-09-14 18:00:06,705 INFO image_rx_daemon: stats: rx_frames=750 rx_decode_err=0 frames_published=34 publish_err=0 reassembler_decode_err=0 reassembler_timeouts=17 parity_recon=0 idle_drain_deferred=169 cmd_cooldown_drops=5 cmd_gate_held=0 cmd_copies_deferred=0

2026-09-14 18:00:06,708 INFO image_rx_daemon: air_gap: n=42 dt_med=199825us dt_p95=443546us len_med=207B cmd_tx_ok=44 cmd_tx_fail=0

2026-09-14 18:00:06,714 INFO image_rx_daemon: air_gap_hist(ms): <200:33 <400:6 <1000:3

2026-09-14 18:00:06,718 INFO image_rx_daemon: rx_rf: n_rssi=42 n_snr=42 rssi[min/med/max]=-64/-62/-59 snr[min/med/max]=9.0/10.0/11.0

2026-09-14 18:00:06,720 INFO image_rx_daemon: phase_telemetry: valid=42 invalid=0 pre_f8=0 last_epoch=18 last_hop=21 slot_off=[14..14]

2026-09-14 18:00:06,724 INFO image_rx_daemon: air_gap_by_class: seq: n=39 med=199.8ms | boundary: n=3 med=466.8ms

2026-09-14 18:00:06,868 INFO image_rx_daemon: cmd 0x63 superseded while pending (after 0 attempts) — body replaced, retry budget reset

2026-09-14 18:00:06,909 INFO image_rx_daemon: frag_arrival: seq=94 idx=3 total=15 fw_us=1052044488 len=207

2026-09-14 18:00:07,099 INFO image_rx_daemon: frag_arrival: seq=94 idx=4 total=15 fw_us=1052244219 len=207

2026-09-14 18:00:07,300 INFO image_rx_daemon: frag_arrival: seq=94 idx=5 total=15 fw_us=1052443963 len=207

2026-09-14 18:00:07,502 INFO image_rx_daemon: frag_arrival: seq=94 idx=6 total=15 fw_us=1052643701 len=207

2026-09-14 18:00:07,572 INFO image_rx_daemon: cmd 0x63 superseded while pending (after 0 attempts) — body replaced, retry budget reset

2026-09-14 18:00:07,710 INFO image_rx_daemon: frag_arrival: seq=94 idx=7 total=15 fw_us=1052843427 len=207

2026-09-14 18:00:08,104 INFO image_rx_daemon: frag_arrival: seq=94 idx=8 total=15 fw_us=1053242942 len=207

2026-09-14 18:00:08,286 INFO image_rx_daemon: cmd 0x63 superseded while pending (after 0 attempts) — body replaced, retry budget reset

2026-09-14 18:00:08,317 INFO image_rx_daemon: frag_arrival: seq=94 idx=9 total=15 fw_us=1053442732 len=207

2026-09-14 18:00:08,506 INFO image_rx_daemon: frag_arrival: seq=94 idx=10 total=15 fw_us=1053642520 len=207

2026-09-14 18:00:08,707 INFO image_rx_daemon: frag_arrival: seq=94 idx=11 total=15 fw_us=1053842314 len=207

2026-09-14 18:00:08,909 INFO image_rx_daemon: frag_arrival: seq=94 idx=12 total=15 fw_us=1054042095 len=207

2026-09-14 18:00:08,981 INFO image_rx_daemon: cmd 0x63 superseded while pending (after 0 attempts) — body replaced, retry budget reset

2026-09-14 18:00:09,108 INFO image_rx_daemon: frag_arrival: seq=94 idx=13 total=15 fw_us=1054241843 len=207

2026-09-14 18:00:09,182 INFO image_rx_daemon: frag_arrival: seq=94 idx=14 total=15 fw_us=1054345911 len=77

2026-09-14 18:00:09,193 INFO image_rx_daemon: published frame_id=0 seq=94 2915 B → lifetrac/v25/video/tile_delta

RFCO_PERTX during TX wait: profile_id=1 tx_status=0x00(OK) hop_idx=34 channel_idx=2 epoch=18 freq_hz=903750000 pkt_toa_us=20608 legal_dwell_used_us_10s=20608

2026-09-14 18:00:09,242 INFO image_rx_daemon: command TX opcode=0x63 copy=1/1 OK (on air)

2026-09-14 18:00:09,696 INFO image_rx_daemon: cmd 0x63 superseded while pending (after 1 attempts) — body replaced, retry budget reset

2026-09-14 18:00:09,716 INFO image_rx_daemon: frag_arrival: seq=102 idx=0 total=15 fw_us=1054841266 len=207

2026-09-14 18:00:10,099 INFO image_rx_daemon: frag_arrival: seq=102 idx=1 total=15 fw_us=1055240810 len=207

2026-09-14 18:00:10,303 INFO image_rx_daemon: frag_arrival: seq=102 idx=2 total=15 fw_us=1055440508 len=207

2026-09-14 18:00:10,388 INFO image_rx_daemon: cmd 0x63 superseded while pending (after 0 attempts) — body replaced, retry budget reset

2026-09-14 18:00:10,504 INFO image_rx_daemon: frag_arrival: seq=102 idx=3 total=15 fw_us=1055640296 len=207

2026-09-14 18:00:10,705 INFO image_rx_daemon: frag_arrival: seq=102 idx=4 total=15 fw_us=1055841030 len=207

2026-09-14 18:00:10,905 INFO image_rx_daemon: frag_arrival: seq=102 idx=5 total=15 fw_us=1056039840 len=207

2026-09-14 18:00:11,092 INFO image_rx_daemon: cmd 0x63 superseded while pending (after 0 attempts) — body replaced, retry budget reset

2026-09-14 18:00:11,496 INFO image_rx_daemon: frag_arrival: seq=102 idx=7 total=15 fw_us=1056630974 len=207

2026-09-14 18:00:11,698 INFO image_rx_daemon: frag_arrival: seq=102 idx=8 total=15 fw_us=1056830702 len=207

2026-09-14 18:00:11,796 INFO image_rx_daemon: cmd 0x63 superseded while pending (after 0 attempts) — body replaced, retry budget reset

2026-09-14 18:00:11,889 INFO image_rx_daemon: frag_arrival: seq=102 idx=9 total=15 fw_us=1057030421 len=207

2026-09-14 18:00:12,090 INFO image_rx_daemon: frag_arrival: seq=102 idx=10 total=15 fw_us=1057230131 len=207

2026-09-14 18:00:12,295 INFO image_rx_daemon: frag_arrival: seq=102 idx=11 total=15 fw_us=1057429861 len=207

2026-09-14 18:00:12,495 INFO image_rx_daemon: frag_arrival: seq=102 idx=12 total=15 fw_us=1057629617 len=207

2026-09-14 18:00:12,502 INFO image_rx_daemon: cmd 0x63 superseded while pending (after 0 attempts) — body replaced, retry budget reset

2026-09-14 18:00:12,691 INFO image_rx_daemon: frag_arrival: seq=102 idx=13 total=15 fw_us=1057829470 len=207

2026-09-14 18:00:12,762 INFO image_rx_daemon: frag_arrival: seq=102 idx=14 total=15 fw_us=1057920469 len=59

RFCO_PERTX during TX wait: profile_id=1 tx_status=0x00(OK) hop_idx=2 channel_idx=40 epoch=19 freq_hz=922750000 pkt_toa_us=20608 legal_dwell_used_us_10s=20608

2026-09-14 18:00:12,810 INFO image_rx_daemon: command TX opcode=0x63 copy=1/1 OK (on air)

2026-09-14 18:00:13,207 INFO image_rx_daemon: cmd 0x63 superseded while pending (after 1 attempts) — body replaced, retry budget reset

2026-09-14 18:00:13,293 INFO image_rx_daemon: frag_arrival: seq=109 idx=0 total=15 fw_us=1058428655 len=207

2026-09-14 18:00:13,687 INFO image_rx_daemon: frag_arrival: seq=109 idx=1 total=15 fw_us=1058828235 len=207

2026-09-14 18:00:13,897 INFO image_rx_daemon: frag_arrival: seq=109 idx=2 total=15 fw_us=1059029030 len=207

2026-09-14 18:00:13,911 INFO image_rx_daemon: cmd 0x63 superseded while pending (after 0 attempts) — body replaced, retry budget reset

2026-09-14 18:00:14,090 INFO image_rx_daemon: frag_arrival: seq=109 idx=3 total=15 fw_us=1059227940 len=207

2026-09-14 18:00:14,293 INFO image_rx_daemon: frag_arrival: seq=109 idx=4 total=15 fw_us=1059427825 len=207

2026-09-14 18:00:14,496 INFO image_rx_daemon: frag_arrival: seq=109 idx=5 total=15 fw_us=1059627740 len=207

2026-09-14 18:00:14,614 INFO image_rx_daemon: cmd 0x63 superseded while pending (after 0 attempts) — body replaced, retry budget reset

2026-09-14 18:00:14,687 INFO image_rx_daemon: frag_arrival: seq=109 idx=6 total=15 fw_us=1059827486 len=207

2026-09-14 18:00:14,887 INFO image_rx_daemon: frag_arrival: seq=109 idx=7 total=15 fw_us=1060024897 len=207

2026-09-14 18:00:15,098 INFO image_rx_daemon: frag_arrival: seq=109 idx=8 total=15 fw_us=1060238977 len=207

2026-09-14 18:00:15,319 INFO image_rx_daemon: cmd 0x63 superseded while pending (after 0 attempts) — body replaced, retry budget reset

2026-09-14 18:00:15,505 INFO image_rx_daemon: frag_arrival: seq=109 idx=9 total=15 fw_us=1060635736 len=207

2026-09-14 18:00:15,696 INFO image_rx_daemon: frag_arrival: seq=109 idx=10 total=15 fw_us=1060835548 len=207

2026-09-14 18:00:15,897 INFO image_rx_daemon: frag_arrival: seq=109 idx=11 total=15 fw_us=1061035317 len=207

2026-09-14 18:00:16,024 INFO image_rx_daemon: cmd 0x63 superseded while pending (after 0 attempts) — body replaced, retry budget reset

2026-09-14 18:00:16,098 INFO image_rx_daemon: frag_arrival: seq=109 idx=12 total=15 fw_us=1061235155 len=207

2026-09-14 18:00:16,298 INFO image_rx_daemon: frag_arrival: seq=109 idx=13 total=15 fw_us=1061434866 len=207

2026-09-14 18:00:16,383 INFO image_rx_daemon: frag_arrival: seq=109 idx=14 total=15 fw_us=1061541549 len=81

2026-09-14 18:00:16,394 INFO image_rx_daemon: published frame_id=0 seq=109 2919 B → lifetrac/v25/video/tile_delta

RFCO_PERTX during TX wait: profile_id=1 tx_status=0x00(OK) hop_idx=20 channel_idx=26 epoch=19 freq_hz=915750000 pkt_toa_us=20608 legal_dwell_used_us_10s=20608

2026-09-14 18:00:16,443 INFO image_rx_daemon: command TX opcode=0x63 copy=1/1 OK (on air)

2026-09-14 18:00:16,731 INFO image_rx_daemon: cmd 0x63 superseded while pending (after 1 attempts) — body replaced, retry budget reset

2026-09-14 18:00:16,735 INFO image_rx_daemon: stats: rx_frames=791 rx_decode_err=0 frames_published=36 publish_err=0 reassembler_decode_err=0 reassembler_timeouts=18 parity_recon=0 idle_drain_deferred=178 cmd_cooldown_drops=6 cmd_gate_held=0 cmd_copies_deferred=0

2026-09-14 18:00:16,739 INFO image_rx_daemon: air_gap: n=41 dt_med=199769us dt_p95=495355us len_med=207B cmd_tx_ok=47 cmd_tx_fail=0

2026-09-14 18:00:16,745 INFO image_rx_daemon: air_gap_hist(ms): <120:3 <200:28 <400:7 <1000:3

2026-09-14 18:00:16,750 INFO image_rx_daemon: rx_rf: n_rssi=41 n_snr=41 rssi[min/med/max]=-65/-61/-59 snr[min/med/max]=9.0/10.0/12.0

2026-09-14 18:00:16,752 INFO image_rx_daemon: phase_telemetry: valid=41 invalid=0 pre_f8=0 last_epoch=19 last_hop=20 slot_off=[3..17]

2026-09-14 18:00:16,756 INFO image_rx_daemon: air_gap_by_class: seq: n=38 med=199.8ms | boundary: n=2 med=508.2ms | post_loss: n=1 med=591.1ms

2026-09-14 18:00:16,759 INFO image_rx_daemon: lost_frag_idx: n=1 idx0=0 (0.00% of idx0 arrivals) other=1 (1.27%) verdict=not-clustered | top 6:1

2026-09-14 18:00:16,895 INFO image_rx_daemon: frag_arrival: seq=116 idx=0 total=15 fw_us=1062034205 len=207

2026-09-14 18:00:17,300 INFO image_rx_daemon: frag_arrival: seq=116 idx=1 total=15 fw_us=1062433781 len=207

2026-09-14 18:00:17,434 INFO image_rx_daemon: cmd 0x63 superseded while pending (after 0 attempts) — body replaced, retry budget reset

2026-09-14 18:00:17,495 INFO image_rx_daemon: frag_arrival: seq=116 idx=2 total=15 fw_us=1062633529 len=207

2026-09-14 18:00:17,694 INFO image_rx_daemon: frag_arrival: seq=116 idx=3 total=15 fw_us=1062833299 len=207

2026-09-14 18:00:17,905 INFO image_rx_daemon: frag_arrival: seq=116 idx=4 total=15 fw_us=1063034030 len=207

2026-09-14 18:00:18,104 INFO image_rx_daemon: frag_arrival: seq=116 idx=5 total=15 fw_us=1063232865 len=207

2026-09-14 18:00:18,138 INFO image_rx_daemon: cmd 0x63 superseded while pending (after 0 attempts) — body replaced, retry budget reset

2026-09-14 18:00:18,298 INFO image_rx_daemon: frag_arrival: seq=116 idx=6 total=15 fw_us=1063432701 len=207

2026-09-14 18:00:18,498 INFO image_rx_daemon: frag_arrival: seq=116 idx=7 total=15 fw_us=1063631944 len=207

2026-09-14 18:00:18,708 INFO image_rx_daemon: frag_arrival: seq=116 idx=8 total=15 fw_us=1063846011 len=207

2026-09-14 18:00:18,845 INFO image_rx_daemon: cmd 0x63 superseded while pending (after 0 attempts) — body replaced, retry budget reset

2026-09-14 18:00:19,114 INFO image_rx_daemon: frag_arrival: seq=116 idx=9 total=15 fw_us=1064242928 len=207

2026-09-14 18:00:19,314 INFO image_rx_daemon: frag_arrival: seq=116 idx=10 total=15 fw_us=1064442620 len=207

2026-09-14 18:00:19,505 INFO image_rx_daemon: frag_arrival: seq=116 idx=11 total=15 fw_us=1064642345 len=207

2026-09-14 18:00:19,548 INFO image_rx_daemon: cmd 0x63 superseded while pending (after 0 attempts) — body replaced, retry budget reset

2026-09-14 18:00:19,705 INFO image_rx_daemon: frag_arrival: seq=116 idx=12 total=15 fw_us=1064842033 len=207

2026-09-14 18:00:19,907 INFO image_rx_daemon: frag_arrival: seq=116 idx=13 total=15 fw_us=1065041809 len=207

2026-09-14 18:00:20,030 INFO image_rx_daemon: frag_arrival: seq=116 idx=14 total=15 fw_us=1065179375 len=121

2026-09-14 18:00:20,041 INFO image_rx_daemon: published frame_id=0 seq=116 2959 B → lifetrac/v25/video/tile_delta

RFCO_PERTX during TX wait: profile_id=1 tx_status=0x00(OK) hop_idx=39 channel_idx=38 epoch=19 freq_hz=921750000 pkt_toa_us=20608 legal_dwell_used_us_10s=20608

2026-09-14 18:00:20,133 INFO image_rx_daemon: command TX opcode=0x60 copy=1/1 OK (on air)

2026-09-14 18:00:20,253 INFO image_rx_daemon: cmd 0x63 superseded while pending (after 0 attempts) — body replaced, retry budget reset

2026-09-14 18:00:20,514 INFO image_rx_daemon: frag_arrival: seq=123 idx=0 total=15 fw_us=1065642030 len=207

2026-09-14 18:00:20,907 INFO image_rx_daemon: frag_arrival: seq=123 idx=1 total=15 fw_us=1066040628 len=207

2026-09-14 18:00:20,956 INFO image_rx_daemon: cmd 0x63 superseded while pending (after 0 attempts) — body replaced, retry budget reset

2026-09-14 18:00:21,103 INFO image_rx_daemon: frag_arrival: seq=123 idx=2 total=15 fw_us=1066240407 len=207

2026-09-14 18:00:21,303 INFO image_rx_daemon: frag_arrival: seq=123 idx=3 total=15 fw_us=1066440193 len=207

2026-09-14 18:00:21,506 INFO image_rx_daemon: frag_arrival: seq=123 idx=4 total=15 fw_us=1066639989 len=207

2026-09-14 18:00:21,661 INFO image_rx_daemon: cmd 0x63 superseded while pending (after 0 attempts) — body replaced, retry budget reset

2026-09-14 18:00:21,710 INFO image_rx_daemon: frag_arrival: seq=123 idx=5 total=15 fw_us=1066839717 len=207

2026-09-14 18:00:21,910 INFO image_rx_daemon: frag_arrival: seq=123 idx=6 total=15 fw_us=1067039488 len=207

2026-09-14 18:00:22,110 INFO image_rx_daemon: frag_arrival: seq=123 idx=7 total=15 fw_us=1067239262 len=207

2026-09-14 18:00:22,364 INFO image_rx_daemon: cmd 0x63 superseded while pending (after 0 attempts) — body replaced, retry budget reset

2026-09-14 18:00:22,510 INFO image_rx_daemon: frag_arrival: seq=123 idx=8 total=15 fw_us=1067638802 len=207

2026-09-14 18:00:22,710 INFO image_rx_daemon: frag_arrival: seq=123 idx=9 total=15 fw_us=1067838588 len=207

2026-09-14 18:00:22,910 INFO image_rx_daemon: frag_arrival: seq=123 idx=10 total=15 fw_us=1068038280 len=207

2026-09-14 18:00:23,067 INFO image_rx_daemon: cmd 0x63 superseded while pending (after 0 attempts) — body replaced, retry budget reset

2026-09-14 18:00:23,110 INFO image_rx_daemon: frag_arrival: seq=123 idx=11 total=15 fw_us=1068237974 len=207

2026-09-14 18:00:23,310 INFO image_rx_daemon: frag_arrival: seq=123 idx=12 total=15 fw_us=1068437632 len=207

2026-09-14 18:00:23,510 INFO image_rx_daemon: frag_arrival: seq=123 idx=13 total=15 fw_us=1068637319 len=207

2026-09-14 18:00:23,660 INFO image_rx_daemon: frag_arrival: seq=123 idx=14 total=15 fw_us=1068800701 len=155

2026-09-14 18:00:23,671 INFO image_rx_daemon: published frame_id=0 seq=123 2993 B → lifetrac/v25/video/tile_delta

RFCO_PERTX during TX wait: profile_id=1 tx_status=0x00(OK) hop_idx=7 channel_idx=45 epoch=20 freq_hz=925250000 pkt_toa_us=20608 legal_dwell_used_us_10s=20608

2026-09-14 18:00:23,730 INFO image_rx_daemon: command TX opcode=0x60 copy=1/1 OK (on air)

2026-09-14 18:00:23,773 INFO image_rx_daemon: cmd 0x63 superseded while pending (after 0 attempts) — body replaced, retry budget reset

2026-09-14 18:00:24,104 INFO image_rx_daemon: frag_arrival: seq=130 idx=0 total=15 fw_us=1069236408 len=207

2026-09-14 18:00:24,489 INFO image_rx_daemon: cmd 0x63 superseded while pending (after 0 attempts) — body replaced, retry budget reset

2026-09-14 18:00:24,516 INFO image_rx_daemon: frag_arrival: seq=130 idx=1 total=15 fw_us=1069635756 len=207

2026-09-14 18:00:24,705 INFO image_rx_daemon: frag_arrival: seq=130 idx=2 total=15 fw_us=1069835422 len=207

2026-09-14 18:00:24,905 INFO image_rx_daemon: frag_arrival: seq=130 idx=3 total=15 fw_us=1070035112 len=207

2026-09-14 18:00:25,103 INFO image_rx_daemon: frag_arrival: seq=130 idx=4 total=15 fw_us=1070234847 len=207

2026-09-14 18:00:25,182 INFO image_rx_daemon: cmd 0x63 superseded while pending (after 0 attempts) — body replaced, retry budget reset

2026-09-14 18:00:25,308 INFO image_rx_daemon: frag_arrival: seq=130 idx=5 total=15 fw_us=1070434580 len=207

2026-09-14 18:00:25,508 INFO image_rx_daemon: frag_arrival: seq=130 idx=6 total=15 fw_us=1070634295 len=207

2026-09-14 18:00:25,707 INFO image_rx_daemon: frag_arrival: seq=130 idx=7 total=15 fw_us=1070834028 len=207

2026-09-14 18:00:25,886 INFO image_rx_daemon: cmd 0x63 superseded while pending (after 0 attempts) — body replaced, retry budget reset

2026-09-14 18:00:26,105 INFO image_rx_daemon: frag_arrival: seq=130 idx=8 total=15 fw_us=1071233467 len=207

2026-09-14 18:00:26,303 INFO image_rx_daemon: frag_arrival: seq=130 idx=9 total=15 fw_us=1071433190 len=207

2026-09-14 18:00:26,503 INFO image_rx_daemon: frag_arrival: seq=130 idx=10 total=15 fw_us=1071632847 len=207

2026-09-14 18:00:26,591 INFO image_rx_daemon: cmd 0x63 superseded while pending (after 0 attempts) — body replaced, retry budget reset

2026-09-14 18:00:26,707 INFO image_rx_daemon: frag_arrival: seq=130 idx=11 total=15 fw_us=1071832509 len=207

2026-09-14 18:00:26,766 INFO image_rx_daemon: stats: rx_frames=833 rx_decode_err=0 frames_published=38 publish_err=0 reassembler_decode_err=0 reassembler_timeouts=18 parity_recon=0 idle_drain_deferred=186 cmd_cooldown_drops=6 cmd_gate_held=0 cmd_copies_deferred=0

2026-09-14 18:00:26,770 INFO image_rx_daemon: air_gap: n=42 dt_med=199748us dt_p95=435707us len_med=207B cmd_tx_ok=49 cmd_tx_fail=0

2026-09-14 18:00:26,776 INFO image_rx_daemon: air_gap_hist(ms): <200:31 <400:8 <1000:3

2026-09-14 18:00:26,779 INFO image_rx_daemon: rx_rf: n_rssi=42 n_snr=42 rssi[min/med/max]=-65/-62/-59 snr[min/med/max]=9.0/10.0/11.0

2026-09-14 18:00:26,782 INFO image_rx_daemon: phase_telemetry: valid=42 invalid=0 pre_f8=0 last_epoch=20 last_hop=21 slot_off=[3..17]

2026-09-14 18:00:26,788 INFO image_rx_daemon: air_gap_by_class: seq: n=39 med=199.7ms | boundary: n=3 med=462.7ms

2026-09-14 18:00:26,907 INFO image_rx_daemon: frag_arrival: seq=130 idx=12 total=15 fw_us=1072032190 len=207

2026-09-14 18:00:27,098 INFO image_rx_daemon: frag_arrival: seq=130 idx=13 total=15 fw_us=1072231805 len=207

2026-09-14 18:00:27,249 INFO image_rx_daemon: frag_arrival: seq=130 idx=14 total=15 fw_us=1072384894 len=142

2026-09-14 18:00:27,261 INFO image_rx_daemon: published frame_id=0 seq=130 2980 B → lifetrac/v25/video/tile_delta

2026-09-14 18:00:27,297 INFO image_rx_daemon: cmd 0x63 superseded while pending (after 0 attempts) — body replaced, retry budget reset

RFCO_PERTX during TX wait: profile_id=1 tx_status=0x00(OK) hop_idx=25 channel_idx=14 epoch=20 freq_hz=909750000 pkt_toa_us=20608 legal_dwell_used_us_10s=20608

2026-09-14 18:00:27,322 INFO image_rx_daemon: command TX opcode=0x60 copy=1/1 OK (on air)

2026-09-14 18:00:27,699 INFO image_rx_daemon: frag_arrival: seq=138 idx=0 total=15 fw_us=1072832030 len=207

2026-09-14 18:00:28,002 INFO image_rx_daemon: cmd 0x63 superseded while pending (after 0 attempts) — body replaced, retry budget reset

2026-09-14 18:00:28,107 INFO image_rx_daemon: frag_arrival: seq=138 idx=1 total=15 fw_us=1073230633 len=207

2026-09-14 18:00:28,308 INFO image_rx_daemon: frag_arrival: seq=138 idx=2 total=15 fw_us=1073430370 len=207

2026-09-14 18:00:28,498 INFO image_rx_daemon: frag_arrival: seq=138 idx=3 total=15 fw_us=1073630120 len=207

2026-09-14 18:00:28,698 INFO image_rx_daemon: frag_arrival: seq=138 idx=4 total=15 fw_us=1073829913 len=207

2026-09-14 18:00:28,711 INFO image_rx_daemon: cmd 0x63 superseded while pending (after 0 attempts) — body replaced, retry budget reset

2026-09-14 18:00:28,900 INFO image_rx_daemon: frag_arrival: seq=138 idx=5 total=15 fw_us=1074029679 len=207

2026-09-14 18:00:29,101 INFO image_rx_daemon: frag_arrival: seq=138 idx=6 total=15 fw_us=1074229410 len=207

2026-09-14 18:00:29,302 INFO image_rx_daemon: frag_arrival: seq=138 idx=7 total=15 fw_us=1074429147 len=207

2026-09-14 18:00:29,410 INFO image_rx_daemon: cmd 0x63 superseded while pending (after 0 attempts) — body replaced, retry budget reset

2026-09-14 18:00:29,700 INFO image_rx_daemon: frag_arrival: seq=138 idx=8 total=15 fw_us=1074828735 len=207

2026-09-14 18:00:29,900 INFO image_rx_daemon: frag_arrival: seq=138 idx=9 total=15 fw_us=1075028522 len=207

2026-09-14 18:00:30,101 INFO image_rx_daemon: frag_arrival: seq=138 idx=10 total=15 fw_us=1075228325 len=207

2026-09-14 18:00:30,116 INFO image_rx_daemon: cmd 0x63 superseded while pending (after 0 attempts) — body replaced, retry budget reset

2026-09-14 18:00:30,307 INFO image_rx_daemon: frag_arrival: seq=138 idx=11 total=15 fw_us=1075428116 len=207

2026-09-14 18:00:30,497 INFO image_rx_daemon: frag_arrival: seq=138 idx=12 total=15 fw_us=1075627871 len=207

2026-09-14 18:00:30,698 INFO image_rx_daemon: frag_arrival: seq=138 idx=13 total=15 fw_us=1075827702 len=207

2026-09-14 18:00:30,819 INFO image_rx_daemon: cmd 0x63 superseded while pending (after 0 attempts) — body replaced, retry budget reset

2026-09-14 18:00:30,850 INFO image_rx_daemon: frag_arrival: seq=138 idx=14 total=15 fw_us=1075983502 len=147

2026-09-14 18:00:30,862 INFO image_rx_daemon: published frame_id=0 seq=138 2985 B → lifetrac/v25/video/tile_delta

RFCO_PERTX during TX wait: profile_id=1 tx_status=0x00(OK) hop_idx=43 channel_idx=43 epoch=20 freq_hz=924250000 pkt_toa_us=20608 legal_dwell_used_us_10s=20608

2026-09-14 18:00:30,921 INFO image_rx_daemon: command TX opcode=0x60 copy=1/1 OK (on air)

2026-09-14 18:00:31,303 INFO image_rx_daemon: frag_arrival: seq=145 idx=0 total=15 fw_us=1076426998 len=207

2026-09-14 18:00:31,525 INFO image_rx_daemon: cmd 0x63 superseded while pending (after 0 attempts) — body replaced, retry budget reset

2026-09-14 18:00:31,698 INFO image_rx_daemon: frag_arrival: seq=145 idx=1 total=15 fw_us=1076826496 len=207

2026-09-14 18:00:31,899 INFO image_rx_daemon: frag_arrival: seq=145 idx=2 total=15 fw_us=1077026311 len=207

2026-09-14 18:00:32,099 INFO image_rx_daemon: frag_arrival: seq=145 idx=3 total=15 fw_us=1077227030 len=207

2026-09-14 18:00:32,228 INFO image_rx_daemon: cmd 0x63 superseded while pending (after 0 attempts) — body replaced, retry budget reset

2026-09-14 18:00:32,303 INFO image_rx_daemon: frag_arrival: seq=145 idx=4 total=15 fw_us=1077425900 len=207

2026-09-14 18:00:32,504 INFO image_rx_daemon: frag_arrival: seq=145 idx=5 total=15 fw_us=1077625667 len=207

2026-09-14 18:00:32,695 INFO image_rx_daemon: frag_arrival: seq=145 idx=6 total=15 fw_us=1077825441 len=207

2026-09-14 18:00:32,896 INFO image_rx_daemon: frag_arrival: seq=145 idx=7 total=15 fw_us=1078025187 len=207

2026-09-14 18:00:32,931 INFO image_rx_daemon: cmd 0x63 superseded while pending (after 0 attempts) — body replaced, retry budget reset

2026-09-14 18:00:33,295 INFO image_rx_daemon: frag_arrival: seq=145 idx=8 total=15 fw_us=1078424668 len=207

2026-09-14 18:00:33,496 INFO image_rx_daemon: frag_arrival: seq=145 idx=9 total=15 fw_us=1078624483 len=207

2026-09-14 18:00:33,635 INFO image_rx_daemon: cmd 0x63 superseded while pending (after 0 attempts) — body replaced, retry budget reset

2026-09-14 18:00:33,697 INFO image_rx_daemon: frag_arrival: seq=145 idx=10 total=15 fw_us=1078824258 len=207

2026-09-14 18:00:33,897 INFO image_rx_daemon: frag_arrival: seq=145 idx=11 total=15 fw_us=1079024009 len=207

2026-09-14 18:00:34,096 INFO image_rx_daemon: frag_arrival: seq=145 idx=12 total=15 fw_us=1079223799 len=207

2026-09-14 18:00:34,296 INFO image_rx_daemon: frag_arrival: seq=145 idx=13 total=15 fw_us=1079423619 len=207

2026-09-14 18:00:34,340 INFO image_rx_daemon: cmd 0x63 superseded while pending (after 0 attempts) — body replaced, retry budget reset

2026-09-14 18:00:34,357 INFO image_rx_daemon: frag_arrival: seq=145 idx=14 total=15 fw_us=1079512145 len=54

2026-09-14 18:00:34,369 INFO image_rx_daemon: published frame_id=0 seq=145 2892 B → lifetrac/v25/video/tile_delta

RFCO_PERTX during TX wait: profile_id=1 tx_status=0x00(OK) hop_idx=10 channel_idx=42 epoch=21 freq_hz=923750000 pkt_toa_us=20608 legal_dwell_used_us_10s=20608

2026-09-14 18:00:34,418 INFO image_rx_daemon: command TX opcode=0x60 copy=1/1 OK (on air)

2026-09-14 18:00:34,910 INFO image_rx_daemon: frag_arrival: seq=152 idx=0 total=15 fw_us=1080022914 len=207

2026-09-14 18:00:35,046 INFO image_rx_daemon: cmd 0x63 superseded while pending (after 0 attempts) — body replaced, retry budget reset

2026-09-14 18:00:35,292 INFO image_rx_daemon: frag_arrival: seq=152 idx=1 total=15 fw_us=1080422331 len=207

2026-09-14 18:00:35,491 INFO image_rx_daemon: frag_arrival: seq=152 idx=2 total=15 fw_us=1080621984 len=207

2026-09-14 18:00:35,701 INFO image_rx_daemon: frag_arrival: seq=152 idx=3 total=15 fw_us=1080821670 len=207

2026-09-14 18:00:35,750 INFO image_rx_daemon: cmd 0x63 superseded while pending (after 0 attempts) — body replaced, retry budget reset

2026-09-14 18:00:35,897 INFO image_rx_daemon: frag_arrival: seq=152 idx=4 total=15 fw_us=1081021399 len=207

2026-09-14 18:00:36,097 INFO image_rx_daemon: frag_arrival: seq=152 idx=5 total=15 fw_us=1081221114 len=207

2026-09-14 18:00:36,295 INFO image_rx_daemon: frag_arrival: seq=152 idx=6 total=15 fw_us=1081420922 len=207

2026-09-14 18:00:36,456 INFO image_rx_daemon: cmd 0x63 superseded while pending (after 0 attempts) — body replaced, retry budget reset

2026-09-14 18:00:36,497 INFO image_rx_daemon: frag_arrival: seq=152 idx=7 total=15 fw_us=1081620677 len=207

2026-09-14 18:00:36,794 INFO image_rx_daemon: stats: rx_frames=874 rx_decode_err=0 frames_published=41 publish_err=0 reassembler_decode_err=0 reassembler_timeouts=18 parity_recon=0 idle_drain_deferred=195 cmd_cooldown_drops=6 cmd_gate_held=0 cmd_copies_deferred=0

2026-09-14 18:00:36,798 INFO image_rx_daemon: air_gap: n=41 dt_med=199774us dt_p95=443496us len_med=207B cmd_tx_ok=52 cmd_tx_fail=0

2026-09-14 18:00:36,805 INFO image_rx_daemon: air_gap_hist(ms): <120:1 <200:31 <400:6 <1000:3

2026-09-14 18:00:36,809 INFO image_rx_daemon: rx_rf: n_rssi=41 n_snr=41 rssi[min/med/max]=-65/-62/-59 snr[min/med/max]=9.0/10.0/10.0

2026-09-14 18:00:36,811 INFO image_rx_daemon: phase_telemetry: valid=41 invalid=0 pre_f8=0 last_epoch=21 last_hop=20 slot_off=[14..14]

2026-09-14 18:00:36,815 INFO image_rx_daemon: air_gap_by_class: seq: n=38 med=199.8ms | boundary: n=3 med=447.1ms

2026-09-14 18:00:36,897 INFO image_rx_daemon: frag_arrival: seq=152 idx=8 total=15 fw_us=1082020147 len=207

2026-09-14 18:00:37,097 INFO image_rx_daemon: frag_arrival: seq=152 idx=9 total=15 fw_us=1082219958 len=207

2026-09-14 18:00:37,162 INFO image_rx_daemon: cmd 0x63 superseded while pending (after 0 attempts) — body replaced, retry budget reset

2026-09-14 18:00:37,298 INFO image_rx_daemon: frag_arrival: seq=152 idx=10 total=15 fw_us=1082419679 len=207

2026-09-14 18:00:37,498 INFO image_rx_daemon: frag_arrival: seq=152 idx=11 total=15 fw_us=1082619459 len=207

2026-09-14 18:00:37,699 INFO image_rx_daemon: frag_arrival: seq=152 idx=12 total=15 fw_us=1082819231 len=207

2026-09-14 18:00:37,879 INFO image_rx_daemon: cmd 0x63 superseded while pending (after 0 attempts) — body replaced, retry budget reset

2026-09-14 18:00:37,902 INFO image_rx_daemon: frag_arrival: seq=152 idx=13 total=15 fw_us=1083020030 len=207

2026-09-14 18:00:38,053 INFO image_rx_daemon: frag_arrival: seq=152 idx=14 total=15 fw_us=1083187749 len=162

2026-09-14 18:00:38,064 INFO image_rx_daemon: published frame_id=0 seq=152 3000 B → lifetrac/v25/video/tile_delta

RFCO_PERTX during TX wait: profile_id=1 tx_status=0x00(OK) hop_idx=29 channel_idx=32 epoch=21 freq_hz=918750000 pkt_toa_us=20608 legal_dwell_used_us_10s=20608

2026-09-14 18:00:38,112 INFO image_rx_daemon: command TX opcode=0x63 copy=1/1 OK (on air)

2026-09-14 18:00:38,492 INFO image_rx_daemon: frag_arrival: seq=159 idx=0 total=15 fw_us=1083618506 len=207

2026-09-14 18:00:38,570 INFO image_rx_daemon: cmd 0x63 superseded while pending (after 1 attempts) — body replaced, retry budget reset

2026-09-14 18:00:38,890 INFO image_rx_daemon: frag_arrival: seq=159 idx=1 total=15 fw_us=1084018195 len=207

2026-09-14 18:00:39,089 INFO image_rx_daemon: frag_arrival: seq=159 idx=2 total=15 fw_us=1084218019 len=207

2026-09-14 18:00:39,286 INFO image_rx_daemon: cmd 0x63 superseded while pending (after 0 attempts) — body replaced, retry budget reset

2026-09-14 18:00:39,297 INFO image_rx_daemon: frag_arrival: seq=159 idx=3 total=15 fw_us=1084417824 len=207

2026-09-14 18:00:39,498 INFO image_rx_daemon: frag_arrival: seq=159 idx=4 total=15 fw_us=1084617625 len=207

2026-09-14 18:00:39,698 INFO image_rx_daemon: frag_arrival: seq=159 idx=5 total=15 fw_us=1084817430 len=207

2026-09-14 18:00:39,898 INFO image_rx_daemon: frag_arrival: seq=159 idx=6 total=15 fw_us=1085017309 len=207

2026-09-14 18:00:39,978 INFO image_rx_daemon: cmd 0x63 superseded while pending (after 0 attempts) — body replaced, retry budget reset

2026-09-14 18:00:40,092 INFO image_rx_daemon: frag_arrival: seq=159 idx=7 total=15 fw_us=1085217091 len=207

2026-09-14 18:00:40,491 INFO image_rx_daemon: frag_arrival: seq=159 idx=8 total=15 fw_us=1085616699 len=207

2026-09-14 18:00:40,693 INFO image_rx_daemon: frag_arrival: seq=159 idx=9 total=15 fw_us=1085816523 len=207

2026-09-14 18:00:40,699 INFO image_rx_daemon: cmd 0x63 superseded while pending (after 0 attempts) — body replaced, retry budget reset

2026-09-14 18:00:40,893 INFO image_rx_daemon: frag_arrival: seq=159 idx=10 total=15 fw_us=1086016232 len=207

2026-09-14 18:00:41,094 INFO image_rx_daemon: frag_arrival: seq=159 idx=11 total=15 fw_us=1086215895 len=207

2026-09-14 18:00:41,294 INFO image_rx_daemon: frag_arrival: seq=159 idx=12 total=15 fw_us=1086415576 len=207

2026-09-14 18:00:41,390 INFO image_rx_daemon: cmd 0x63 superseded while pending (after 0 attempts) — body replaced, retry budget reset

2026-09-14 18:00:41,498 INFO image_rx_daemon: frag_arrival: seq=159 idx=13 total=15 fw_us=1086615266 len=207

2026-09-14 18:00:41,559 INFO image_rx_daemon: frag_arrival: seq=159 idx=14 total=15 fw_us=1086711422 len=65

2026-09-14 18:00:41,568 INFO image_rx_daemon: cmd 0x60 CONVERGED after 5 attempts (23.4 s): keyframe received (UNVERIFIED delivery — keyframe may be encoder-initiated)

2026-09-14 18:00:41,575 INFO image_rx_daemon: published frame_id=0 seq=159 2903 B → lifetrac/v25/video/tile_delta

RFCO_PERTX during TX wait: profile_id=1 tx_status=0x00(OK) hop_idx=46 channel_idx=12 epoch=21 freq_hz=908750000 pkt_toa_us=20608 legal_dwell_used_us_10s=20608

2026-09-14 18:00:41,623 INFO image_rx_daemon: command TX opcode=0x63 copy=1/1 OK (on air)

2026-09-14 18:00:42,093 INFO image_rx_daemon: frag_arrival: seq=174 idx=0 total=15 fw_us=1087214233 len=207

2026-09-14 18:00:42,101 INFO image_rx_daemon: cmd 0x63 superseded while pending (after 1 attempts) — body replaced, retry budget reset

2026-09-14 18:00:42,489 INFO image_rx_daemon: frag_arrival: seq=174 idx=1 total=15 fw_us=1087613511 len=207

2026-09-14 18:00:42,688 INFO image_rx_daemon: frag_arrival: seq=174 idx=2 total=15 fw_us=1087813186 len=207

2026-09-14 18:00:42,796 INFO image_rx_daemon: cmd 0x63 superseded while pending (after 0 attempts) — body replaced, retry budget reset

2026-09-14 18:00:42,889 INFO image_rx_daemon: frag_arrival: seq=174 idx=3 total=15 fw_us=1088012868 len=207

2026-09-14 18:00:43,088 INFO image_rx_daemon: frag_arrival: seq=174 idx=4 total=15 fw_us=1088212573 len=207

2026-09-14 18:00:43,287 INFO image_rx_daemon: frag_arrival: seq=174 idx=5 total=15 fw_us=1088412254 len=207

2026-09-14 18:00:43,487 INFO image_rx_daemon: frag_arrival: seq=174 idx=6 total=15 fw_us=1088611956 len=207

2026-09-14 18:00:43,501 INFO image_rx_daemon: cmd 0x63 superseded while pending (after 0 attempts) — body replaced, retry budget reset

2026-09-14 18:00:43,691 INFO image_rx_daemon: frag_arrival: seq=174 idx=7 total=15 fw_us=1088811639 len=207

2026-09-14 18:00:44,086 INFO image_rx_daemon: frag_arrival: seq=174 idx=8 total=15 fw_us=1089211033 len=207

2026-09-14 18:00:44,203 INFO image_rx_daemon: cmd 0x63 superseded while pending (after 0 attempts) — body replaced, retry budget reset

2026-09-14 18:00:44,285 INFO image_rx_daemon: frag_arrival: seq=174 idx=9 total=15 fw_us=1089410744 len=207

2026-09-14 18:00:44,489 INFO image_rx_daemon: frag_arrival: seq=174 idx=10 total=15 fw_us=1089610364 len=207

2026-09-14 18:00:44,689 INFO image_rx_daemon: frag_arrival: seq=174 idx=11 total=15 fw_us=1089810024 len=207

2026-09-14 18:00:44,889 INFO image_rx_daemon: frag_arrival: seq=174 idx=12 total=15 fw_us=1090009705 len=207

2026-09-14 18:00:44,908 INFO image_rx_daemon: cmd 0x63 superseded while pending (after 0 attempts) — body replaced, retry budget reset

2026-09-14 18:00:45,089 INFO image_rx_daemon: frag_arrival: seq=174 idx=13 total=15 fw_us=1090209412 len=207

2026-09-14 18:00:45,162 INFO image_rx_daemon: frag_arrival: seq=174 idx=14 total=15 fw_us=1090303033 len=63

2026-09-14 18:00:45,173 INFO image_rx_daemon: published frame_id=0 seq=174 2901 B → lifetrac/v25/video/tile_delta

RFCO_PERTX during TX wait: profile_id=1 tx_status=0x00(OK) hop_idx=14 channel_idx=47 epoch=22 freq_hz=926250000 pkt_toa_us=20608 legal_dwell_used_us_10s=20608

2026-09-14 18:00:45,222 INFO image_rx_daemon: command TX opcode=0x63 copy=1/1 OK (on air)

2026-09-14 18:00:45,611 INFO image_rx_daemon: cmd 0x63 superseded while pending (after 1 attempts) — body replaced, retry budget reset

2026-09-14 18:00:45,683 INFO image_rx_daemon: frag_arrival: seq=175 idx=0 total=15 fw_us=1090808563 len=207

2026-09-14 18:00:46,087 INFO image_rx_daemon: frag_arrival: seq=175 idx=1 total=15 fw_us=1091208029 len=207

2026-09-14 18:00:46,287 INFO image_rx_daemon: frag_arrival: seq=175 idx=2 total=15 fw_us=1091407785 len=207

2026-09-14 18:00:46,322 INFO image_rx_daemon: cmd 0x63 superseded while pending (after 0 attempts) — body replaced, retry budget reset

2026-09-14 18:00:46,486 INFO image_rx_daemon: frag_arrival: seq=175 idx=3 total=15 fw_us=1091607564 len=207

2026-09-14 18:00:46,685 INFO image_rx_daemon: frag_arrival: seq=175 idx=4 total=15 fw_us=1091807322 len=207

2026-09-14 18:00:46,823 INFO image_rx_daemon: stats: rx_frames=916 rx_decode_err=0 frames_published=44 publish_err=0 reassembler_decode_err=0 reassembler_timeouts=18 parity_recon=0 idle_drain_deferred=203 cmd_cooldown_drops=6 cmd_gate_held=0 cmd_copies_deferred=0

2026-09-14 18:00:46,826 INFO image_rx_daemon: air_gap: n=42 dt_med=199772us dt_p95=430757us len_med=207B cmd_tx_ok=55 cmd_tx_fail=0

2026-09-14 18:00:46,833 INFO image_rx_daemon: air_gap_hist(ms): <120:2 <200:30 <400:7 <1000:3

2026-09-14 18:00:46,837 INFO image_rx_daemon: rx_rf: n_rssi=42 n_snr=42 rssi[min/med/max]=-65/-61/-59 snr[min/med/max]=9.0/10.0/11.0

2026-09-14 18:00:46,839 INFO image_rx_daemon: phase_telemetry: valid=42 invalid=0 pre_f8=0 last_epoch=22 last_hop=21 slot_off=[14..14]

2026-09-14 18:00:46,843 INFO image_rx_daemon: air_gap_by_class: seq: n=39 med=199.8ms | boundary: n=3 med=502.8ms

2026-09-14 18:00:46,893 INFO image_rx_daemon: frag_arrival: seq=175 idx=5 total=15 fw_us=1092008030 len=207

2026-09-14 18:00:47,025 INFO image_rx_daemon: cmd 0x63 superseded while pending (after 0 attempts) — body replaced, retry budget reset

2026-09-14 18:00:47,275 INFO image_rx_daemon: frag_arrival: seq=175 idx=7 total=15 fw_us=1092399824 len=207

2026-09-14 18:00:47,682 INFO image_rx_daemon: frag_arrival: seq=175 idx=8 total=15 fw_us=1092799028 len=207

2026-09-14 18:00:47,729 INFO image_rx_daemon: cmd 0x63 superseded while pending (after 0 attempts) — body replaced, retry budget reset

2026-09-14 18:00:47,878 INFO image_rx_daemon: frag_arrival: seq=175 idx=9 total=15 fw_us=1092998749 len=207

2026-09-14 18:00:48,081 INFO image_rx_daemon: frag_arrival: seq=175 idx=10 total=15 fw_us=1093198507 len=207

2026-09-14 18:00:48,283 INFO image_rx_daemon: frag_arrival: seq=175 idx=11 total=15 fw_us=1093398133 len=207

2026-09-14 18:00:48,433 INFO image_rx_daemon: cmd 0x63 superseded while pending (after 0 attempts) — body replaced, retry budget reset

2026-09-14 18:00:48,478 INFO image_rx_daemon: frag_arrival: seq=175 idx=12 total=15 fw_us=1093597782 len=207

2026-09-14 18:00:48,678 INFO image_rx_daemon: frag_arrival: seq=175 idx=13 total=15 fw_us=1093797437 len=207

2026-09-14 18:00:48,790 INFO image_rx_daemon: frag_arrival: seq=175 idx=14 total=15 fw_us=1093927268 len=111

RFCO_PERTX during TX wait: profile_id=1 tx_status=0x00(OK) hop_idx=32 channel_idx=8 epoch=22 freq_hz=906750000 pkt_toa_us=20608 legal_dwell_used_us_10s=20608

2026-09-14 18:00:48,837 INFO image_rx_daemon: command TX opcode=0x63 copy=1/1 OK (on air)

2026-09-14 18:00:49,135 INFO image_rx_daemon: cmd 0x63 superseded while pending (after 1 attempts) — body replaced, retry budget reset

2026-09-14 18:00:49,282 INFO image_rx_daemon: frag_arrival: seq=181 idx=0 total=15 fw_us=1094396594 len=207

2026-09-14 18:00:49,678 INFO image_rx_daemon: frag_arrival: seq=181 idx=1 total=15 fw_us=1094797030 len=207

2026-09-14 18:00:49,842 INFO image_rx_daemon: cmd 0x63 superseded while pending (after 0 attempts) — body replaced, retry budget reset

2026-09-14 18:00:49,882 INFO image_rx_daemon: frag_arrival: seq=181 idx=2 total=15 fw_us=1094995799 len=207

2026-09-14 18:00:50,081 INFO image_rx_daemon: frag_arrival: seq=181 idx=3 total=15 fw_us=1095195524 len=207

2026-09-14 18:00:50,281 INFO image_rx_daemon: frag_arrival: seq=181 idx=4 total=15 fw_us=1095395282 len=207

2026-09-14 18:00:50,475 INFO image_rx_daemon: frag_arrival: seq=181 idx=5 total=15 fw_us=1095595010 len=207

2026-09-14 18:00:50,543 INFO image_rx_daemon: cmd 0x63 superseded while pending (after 0 attempts) — body replaced, retry budget reset

2026-09-14 18:00:50,876 INFO image_rx_daemon: frag_arrival: seq=181 idx=7 total=15 fw_us=1095986357 len=207

2026-09-14 18:00:51,259 INFO image_rx_daemon: cmd 0x63 superseded while pending (after 0 attempts) — body replaced, retry budget reset

2026-09-14 18:00:51,275 INFO image_rx_daemon: frag_arrival: seq=181 idx=8 total=15 fw_us=1096385973 len=207

2026-09-14 18:00:51,465 INFO image_rx_daemon: frag_arrival: seq=181 idx=9 total=15 fw_us=1096585724 len=207

2026-09-14 18:00:51,666 INFO image_rx_daemon: frag_arrival: seq=181 idx=10 total=15 fw_us=1096785461 len=207

2026-09-14 18:00:51,866 INFO image_rx_daemon: frag_arrival: seq=181 idx=11 total=15 fw_us=1096985149 len=207

2026-09-14 18:00:51,951 INFO image_rx_daemon: cmd 0x63 superseded while pending (after 0 attempts) — body replaced, retry budget reset

2026-09-14 18:00:52,070 INFO image_rx_daemon: frag_arrival: seq=181 idx=12 total=15 fw_us=1097184863 len=207

2026-09-14 18:00:52,277 INFO image_rx_daemon: frag_arrival: seq=181 idx=13 total=15 fw_us=1097384600 len=207

2026-09-14 18:00:52,430 INFO image_rx_daemon: frag_arrival: seq=181 idx=14 total=15 fw_us=1097545502 len=153

2026-09-14 18:00:52,490 INFO image_rx_daemon: command TX opcode=0x63 copy=1/1 OK (on air)

RFCO_PERTX during TX wait: profile_id=1 tx_status=0x00(OK) hop_idx=1 channel_idx=11 epoch=23 freq_hz=908250000 pkt_toa_us=20608 legal_dwell_used_us_10s=20608

2026-09-14 18:00:52,658 INFO image_rx_daemon: cmd 0x63 superseded while pending (after 1 attempts) — body replaced, retry budget reset

2026-09-14 18:00:52,864 INFO image_rx_daemon: frag_arrival: seq=195 idx=0 total=15 fw_us=1097983846 len=207

2026-09-14 18:00:53,268 INFO image_rx_daemon: frag_arrival: seq=195 idx=1 total=15 fw_us=1098383292 len=207

2026-09-14 18:00:53,363 INFO image_rx_daemon: cmd 0x63 superseded while pending (after 0 attempts) — body replaced, retry budget reset

2026-09-14 18:00:53,469 INFO image_rx_daemon: frag_arrival: seq=195 idx=2 total=15 fw_us=1098582970 len=207

2026-09-14 18:00:53,668 INFO image_rx_daemon: frag_arrival: seq=195 idx=3 total=15 fw_us=1098782653 len=207

2026-09-14 18:00:53,868 INFO image_rx_daemon: frag_arrival: seq=195 idx=4 total=15 fw_us=1098982330 len=207

2026-09-14 18:00:54,067 INFO image_rx_daemon: frag_arrival: seq=195 idx=5 total=15 fw_us=1099182022 len=207

2026-09-14 18:00:54,075 INFO image_rx_daemon: cmd 0x63 superseded while pending (after 0 attempts) — body replaced, retry budget reset

2026-09-14 18:00:54,271 INFO image_rx_daemon: frag_arrival: seq=195 idx=6 total=15 fw_us=1099381723 len=207

2026-09-14 18:00:54,473 INFO image_rx_daemon: frag_arrival: seq=195 idx=7 total=15 fw_us=1099581386 len=207

2026-09-14 18:00:54,771 INFO image_rx_daemon: cmd 0x63 superseded while pending (after 0 attempts) — body replaced, retry budget reset

2026-09-14 18:00:54,862 INFO image_rx_daemon: frag_arrival: seq=195 idx=8 total=15 fw_us=1099980704 len=207

2026-09-14 18:00:55,062 INFO image_rx_daemon: frag_arrival: seq=195 idx=9 total=15 fw_us=1100180402 len=207

2026-09-14 18:00:55,262 INFO image_rx_daemon: frag_arrival: seq=195 idx=10 total=15 fw_us=1100380126 len=207

2026-09-14 18:00:55,463 INFO image_rx_daemon: frag_arrival: seq=195 idx=11 total=15 fw_us=1100579698 len=207

2026-09-14 18:00:55,478 INFO image_rx_daemon: cmd 0x63 superseded while pending (after 0 attempts) — body replaced, retry budget reset

2026-09-14 18:00:55,668 INFO image_rx_daemon: frag_arrival: seq=195 idx=12 total=15 fw_us=1100779324 len=207

2026-09-14 18:00:55,869 INFO image_rx_daemon: frag_arrival: seq=195 idx=13 total=15 fw_us=1100978959 len=207

2026-09-14 18:00:56,008 INFO image_rx_daemon: frag_arrival: seq=195 idx=14 total=15 fw_us=1101134633 len=145

2026-09-14 18:00:56,022 INFO image_rx_daemon: published frame_id=0 seq=195 2983 B → lifetrac/v25/video/tile_delta

RFCO_PERTX during TX wait: profile_id=1 tx_status=0x00(OK) hop_idx=19 channel_idx=38 epoch=23 freq_hz=921750000 pkt_toa_us=20608 legal_dwell_used_us_10s=20608

2026-09-14 18:00:56,080 INFO image_rx_daemon: command TX opcode=0x60 copy=1/1 OK (on air)

2026-09-14 18:00:56,182 INFO image_rx_daemon: cmd 0x63 superseded while pending (after 0 attempts) — body replaced, retry budget reset

2026-09-14 18:00:56,471 INFO image_rx_daemon: frag_arrival: seq=196 idx=0 total=15 fw_us=1101577993 len=207

2026-09-14 18:00:56,864 INFO image_rx_daemon: frag_arrival: seq=196 idx=1 total=15 fw_us=1101977353 len=207

2026-09-14 18:00:56,877 INFO image_rx_daemon: stats: rx_frames=956 rx_decode_err=0 frames_published=45 publish_err=0 reassembler_decode_err=0 reassembler_timeouts=20 parity_recon=0 idle_drain_deferred=214 cmd_cooldown_drops=6 cmd_gate_held=0 cmd_copies_deferred=0

2026-09-14 18:00:56,889 INFO image_rx_daemon: air_gap: n=40 dt_med=199724us dt_p95=443360us len_med=207B cmd_tx_ok=58 cmd_tx_fail=0

2026-09-14 18:00:56,898 INFO image_rx_daemon: cmd 0x63 superseded while pending (after 0 attempts) — body replaced, retry budget reset

2026-09-14 18:00:56,896 INFO image_rx_daemon: air_gap_hist(ms): <200:28 <400:8 <1000:4

2026-09-14 18:00:56,907 INFO image_rx_daemon: rx_rf: n_rssi=40 n_snr=40 rssi[min/med/max]=-65/-62/-59 snr[min/med/max]=9.0/10.0/10.0

2026-09-14 18:00:56,910 INFO image_rx_daemon: phase_telemetry: valid=40 invalid=0 pre_f8=0 last_epoch=23 last_hop=22 slot_off=[14..15]

2026-09-14 18:00:56,915 INFO image_rx_daemon: air_gap_by_class: seq: n=35 med=199.7ms | boundary: n=3 med=443.4ms | post_loss: n=2 med=391.8ms

2026-09-14 18:00:56,919 INFO image_rx_daemon: lost_frag_idx: n=2 idx0=0 (0.00% of idx0 arrivals) other=2 (1.29%) verdict=not-clustered | top 6:2

2026-09-14 18:00:57,065 INFO image_rx_daemon: frag_arrival: seq=196 idx=2 total=15 fw_us=1102177033 len=207

2026-09-14 18:00:57,267 INFO image_rx_daemon: frag_arrival: seq=196 idx=3 total=15 fw_us=1102376737 len=207

2026-09-14 18:00:57,468 INFO image_rx_daemon: frag_arrival: seq=196 idx=4 total=15 fw_us=1102576437 len=207

2026-09-14 18:00:57,588 INFO image_rx_daemon: cmd 0x63 superseded while pending (after 0 attempts) — body replaced, retry budget reset

2026-09-14 18:00:57,660 INFO image_rx_daemon: frag_arrival: seq=196 idx=5 total=15 fw_us=1102776116 len=207

2026-09-14 18:00:57,860 INFO image_rx_daemon: frag_arrival: seq=196 idx=6 total=15 fw_us=1102975742 len=207

2026-09-14 18:00:58,060 INFO image_rx_daemon: frag_arrival: seq=196 idx=7 total=15 fw_us=1103175373 len=207

2026-09-14 18:00:58,293 INFO image_rx_daemon: cmd 0x63 superseded while pending (after 0 attempts) — body replaced, retry budget reset

2026-09-14 18:00:58,663 INFO image_rx_daemon: frag_arrival: seq=196 idx=9 total=15 fw_us=1103774271 len=207

2026-09-14 18:00:58,863 INFO image_rx_daemon: frag_arrival: seq=196 idx=10 total=15 fw_us=1103973955 len=207

2026-09-14 18:00:58,998 INFO image_rx_daemon: cmd 0x63 superseded while pending (after 0 attempts) — body replaced, retry budget reset

2026-09-14 18:00:59,059 INFO image_rx_daemon: frag_arrival: seq=196 idx=11 total=15 fw_us=1104173524 len=207

2026-09-14 18:00:59,259 INFO image_rx_daemon: frag_arrival: seq=196 idx=12 total=15 fw_us=1104373165 len=207

2026-09-14 18:00:59,461 INFO image_rx_daemon: frag_arrival: seq=196 idx=13 total=15 fw_us=1104572764 len=207

2026-09-14 18:00:59,535 INFO image_rx_daemon: frag_arrival: seq=196 idx=14 total=15 fw_us=1104668954 len=67

RFCO_PERTX during TX wait: profile_id=1 tx_status=0x00(OK) hop_idx=36 channel_idx=39 epoch=23 freq_hz=922250000 pkt_toa_us=20608 legal_dwell_used_us_10s=20608

2026-09-14 18:00:59,582 INFO image_rx_daemon: command TX opcode=0x60 copy=1/1 OK (on air)

2026-09-14 18:00:59,701 INFO image_rx_daemon: cmd 0x63 superseded while pending (after 0 attempts) — body replaced, retry budget reset

2026-09-14 18:01:00,067 INFO image_rx_daemon: frag_arrival: seq=202 idx=0 total=15 fw_us=1105171614 len=207

2026-09-14 18:01:00,404 INFO image_rx_daemon: cmd 0x63 superseded while pending (after 0 attempts) — body replaced, retry budget reset

2026-09-14 18:01:00,477 INFO image_rx_daemon: frag_arrival: seq=202 idx=1 total=15 fw_us=1105570857 len=207

2026-09-14 18:01:00,656 INFO image_rx_daemon: frag_arrival: seq=202 idx=2 total=15 fw_us=1105770541 len=207

2026-09-14 18:01:00,855 INFO image_rx_daemon: frag_arrival: seq=202 idx=3 total=15 fw_us=1105970295 len=207

2026-09-14 18:01:01,055 INFO image_rx_daemon: frag_arrival: seq=202 idx=4 total=15 fw_us=1106169915 len=207

2026-09-14 18:01:01,108 INFO image_rx_daemon: cmd 0x63 superseded while pending (after 0 attempts) — body replaced, retry budget reset

2026-09-14 18:01:01,258 INFO image_rx_daemon: frag_arrival: seq=202 idx=5 total=15 fw_us=1106369595 len=207

2026-09-14 18:01:01,813 INFO image_rx_daemon: cmd 0x63 superseded while pending (after 0 attempts) — body replaced, retry budget reset

2026-09-14 18:01:01,854 INFO image_rx_daemon: frag_arrival: seq=202 idx=7 total=15 fw_us=1106960541 len=207

2026-09-14 18:01:02,053 INFO image_rx_daemon: frag_arrival: seq=202 idx=8 total=15 fw_us=1107160193 len=207

2026-09-14 18:01:02,255 INFO image_rx_daemon: frag_arrival: seq=202 idx=9 total=15 fw_us=1107359852 len=207

2026-09-14 18:01:02,451 INFO image_rx_daemon: frag_arrival: seq=202 idx=10 total=15 fw_us=1107559568 len=207

2026-09-14 18:01:02,518 INFO image_rx_daemon: cmd 0x63 superseded while pending (after 0 attempts) — body replaced, retry budget reset

2026-09-14 18:01:02,656 INFO image_rx_daemon: frag_arrival: seq=202 idx=11 total=15 fw_us=1107759264 len=207

2026-09-14 18:01:02,844 INFO image_rx_daemon: frag_arrival: seq=202 idx=12 total=15 fw_us=1107958908 len=207

2026-09-14 18:01:03,045 INFO image_rx_daemon: frag_arrival: seq=202 idx=13 total=15 fw_us=1108158535 len=207

2026-09-14 18:01:03,194 INFO image_rx_daemon: frag_arrival: seq=202 idx=14 total=15 fw_us=1108314197 len=147

2026-09-14 18:01:03,198 WARNING image_rx_daemon: cmd 0x60 GAVE UP after 2 attempts (11.2 s); cool-down 30 s

2026-09-14 18:01:03,222 INFO image_rx_daemon: cmd 0x63 superseded while pending (after 1 attempts) — body replaced, retry budget reset

RFCO_PERTX during TX wait: profile_id=1 tx_status=0x00(OK) hop_idx=5 channel_idx=26 epoch=24 freq_hz=915750000 pkt_toa_us=20608 legal_dwell_used_us_10s=20608

2026-09-14 18:01:03,270 INFO image_rx_daemon: command TX opcode=0x63 copy=1/1 OK (on air)

2026-09-14 18:01:03,651 INFO image_rx_daemon: frag_arrival: seq=210 idx=0 total=15 fw_us=1108757283 len=207

2026-09-14 18:01:03,927 INFO image_rx_daemon: cmd 0x63 superseded while pending (after 0 attempts) — body replaced, retry budget reset

2026-09-14 18:01:04,044 INFO image_rx_daemon: frag_arrival: seq=210 idx=1 total=15 fw_us=1109156596 len=207

2026-09-14 18:01:04,243 INFO image_rx_daemon: frag_arrival: seq=210 idx=2 total=15 fw_us=1109356221 len=207

2026-09-14 18:01:04,453 INFO image_rx_daemon: frag_arrival: seq=210 idx=3 total=15 fw_us=1109555828 len=207

2026-09-14 18:01:04,642 INFO image_rx_daemon: cmd 0x63 superseded while pending (after 0 attempts) — body replaced, retry budget reset

2026-09-14 18:01:04,653 INFO image_rx_daemon: frag_arrival: seq=210 idx=4 total=15 fw_us=1109755488 len=207

2026-09-14 18:01:04,852 INFO image_rx_daemon: frag_arrival: seq=210 idx=5 total=15 fw_us=1109955141 len=207

2026-09-14 18:01:05,046 INFO image_rx_daemon: frag_arrival: seq=210 idx=6 total=15 fw_us=1110154842 len=207

2026-09-14 18:01:05,245 INFO image_rx_daemon: frag_arrival: seq=210 idx=7 total=15 fw_us=1110354538 len=207

2026-09-14 18:01:05,335 INFO image_rx_daemon: cmd 0x63 superseded while pending (after 0 attempts) — body replaced, retry budget reset

2026-09-14 18:01:05,642 INFO image_rx_daemon: frag_arrival: seq=210 idx=8 total=15 fw_us=1110753791 len=207

2026-09-14 18:01:05,842 INFO image_rx_daemon: frag_arrival: seq=210 idx=9 total=15 fw_us=1110953463 len=207

2026-09-14 18:01:06,042 INFO image_rx_daemon: frag_arrival: seq=210 idx=10 total=15 fw_us=1111153230 len=207

2026-09-14 18:01:06,049 INFO image_rx_daemon: cmd 0x63 superseded while pending (after 0 attempts) — body replaced, retry budget reset

2026-09-14 18:01:06,241 INFO image_rx_daemon: frag_arrival: seq=210 idx=11 total=15 fw_us=1111352927 len=207

2026-09-14 18:01:06,441 INFO image_rx_daemon: frag_arrival: seq=210 idx=12 total=15 fw_us=1111552509 len=207

2026-09-14 18:01:06,644 INFO image_rx_daemon: frag_arrival: seq=210 idx=13 total=15 fw_us=1111752143 len=207

2026-09-14 18:01:06,746 INFO image_rx_daemon: cmd 0x63 superseded while pending (after 0 attempts) — body replaced, retry budget reset

2026-09-14 18:01:06,771 INFO image_rx_daemon: frag_arrival: seq=210 idx=14 total=15 fw_us=1111884520 len=115

2026-09-14 18:01:06,782 INFO image_rx_daemon: published frame_id=0 seq=210 2953 B → lifetrac/v25/video/tile_delta

RFCO_PERTX during TX wait: profile_id=1 tx_status=0x00(OK) hop_idx=23 channel_idx=43 epoch=24 freq_hz=924250000 pkt_toa_us=20608 legal_dwell_used_us_10s=20608

2026-09-14 18:01:06,863 INFO image_rx_daemon: command TX opcode=0x63 copy=1/1 OK (on air)

2026-09-14 18:01:06,925 INFO image_rx_daemon: stats: rx_frames=997 rx_decode_err=0 frames_published=46 publish_err=0 reassembler_decode_err=0 reassembler_timeouts=22 parity_recon=0 idle_drain_deferred=223 cmd_cooldown_drops=7 cmd_gate_held=0 cmd_copies_deferred=0

2026-09-14 18:01:06,929 INFO image_rx_daemon: air_gap: n=41 dt_med=199679us dt_p95=502660us len_med=207B cmd_tx_ok=61 cmd_tx_fail=0

2026-09-14 18:01:06,934 INFO image_rx_daemon: air_gap_hist(ms): <120:1 <200:33 <400:3 <1000:4

2026-09-14 18:01:06,938 INFO image_rx_daemon: rx_rf: n_rssi=41 n_snr=41 rssi[min/med/max]=-65/-62/-59 snr[min/med/max]=9.0/10.0/11.0

2026-09-14 18:01:06,941 INFO image_rx_daemon: phase_telemetry: valid=41 invalid=0 pre_f8=0 last_epoch=24 last_hop=22 slot_off=[14..14]

2026-09-14 18:01:06,945 INFO image_rx_daemon: air_gap_by_class: seq: n=37 med=199.7ms | boundary: n=2 med=502.7ms | post_loss: n=2 med=598.9ms

2026-09-14 18:01:06,948 INFO image_rx_daemon: lost_frag_idx: n=2 idx0=0 (0.00% of idx0 arrivals) other=2 (4.88%) verdict=not-clustered | top 8:1 6:1

2026-09-14 18:01:07,246 INFO image_rx_daemon: frag_arrival: seq=217 idx=0 total=15 fw_us=1112350964 len=207

2026-09-14 18:01:07,450 INFO image_rx_daemon: cmd 0x63 superseded while pending (after 1 attempts) — body replaced, retry budget reset

2026-09-14 18:01:07,641 INFO image_rx_daemon: frag_arrival: seq=217 idx=1 total=15 fw_us=1112750316 len=207

2026-09-14 18:01:07,842 INFO image_rx_daemon: frag_arrival: seq=217 idx=2 total=15 fw_us=1112950025 len=207

2026-09-14 18:01:08,044 INFO image_rx_daemon: frag_arrival: seq=217 idx=3 total=15 fw_us=1113149691 len=207

2026-09-14 18:01:08,154 INFO image_rx_daemon: cmd 0x63 superseded while pending (after 0 attempts) — body replaced, retry budget reset

2026-09-14 18:01:08,248 INFO image_rx_daemon: frag_arrival: seq=217 idx=4 total=15 fw_us=1113349351 len=207

2026-09-14 18:01:08,450 INFO image_rx_daemon: frag_arrival: seq=217 idx=5 total=15 fw_us=1113548905 len=207

2026-09-14 18:01:08,642 INFO image_rx_daemon: frag_arrival: seq=217 idx=6 total=15 fw_us=1113748573 len=207

2026-09-14 18:01:08,844 INFO image_rx_daemon: frag_arrival: seq=217 idx=7 total=15 fw_us=1113948187 len=207

2026-09-14 18:01:08,863 INFO image_rx_daemon: cmd 0x63 superseded while pending (after 0 attempts) — body replaced, retry budget reset

2026-09-14 18:01:09,243 INFO image_rx_daemon: frag_arrival: seq=217 idx=8 total=15 fw_us=1114347474 len=207

2026-09-14 18:01:09,448 INFO image_rx_daemon: frag_arrival: seq=217 idx=9 total=15 fw_us=1114547197 len=207

2026-09-14 18:01:09,569 INFO image_rx_daemon: cmd 0x63 superseded while pending (after 0 attempts) — body replaced, retry budget reset

2026-09-14 18:01:09,642 INFO image_rx_daemon: frag_arrival: seq=217 idx=10 total=15 fw_us=1114746817 len=207

2026-09-14 18:01:09,842 INFO image_rx_daemon: frag_arrival: seq=217 idx=11 total=15 fw_us=1114946411 len=207

2026-09-14 18:01:10,041 INFO image_rx_daemon: frag_arrival: seq=217 idx=12 total=15 fw_us=1115145980 len=207

2026-09-14 18:01:10,241 INFO image_rx_daemon: frag_arrival: seq=217 idx=13 total=15 fw_us=1115345543 len=207

2026-09-14 18:01:10,271 INFO image_rx_daemon: cmd 0x63 superseded while pending (after 0 attempts) — body replaced, retry budget reset

2026-09-14 18:01:10,377 INFO image_rx_daemon: frag_arrival: seq=217 idx=14 total=15 fw_us=1115493387 len=136

2026-09-14 18:01:10,389 INFO image_rx_daemon: published frame_id=0 seq=217 2974 B → lifetrac/v25/video/tile_delta

RFCO_PERTX during TX wait: profile_id=1 tx_status=0x00(OK) hop_idx=41 channel_idx=40 epoch=24 freq_hz=922750000 pkt_toa_us=20608 legal_dwell_used_us_10s=20608

2026-09-14 18:01:10,458 INFO image_rx_daemon: command TX opcode=0x63 copy=1/1 OK (on air)

2026-09-14 18:01:10,846 INFO image_rx_daemon: frag_arrival: seq=224 idx=0 total=15 fw_us=1115944298 len=207

2026-09-14 18:01:10,976 INFO image_rx_daemon: cmd 0x63 superseded while pending (after 1 attempts) — body replaced, retry budget reset

2026-09-14 18:01:11,241 INFO image_rx_daemon: frag_arrival: seq=224 idx=1 total=15 fw_us=1116343504 len=207

2026-09-14 18:01:11,442 INFO image_rx_daemon: frag_arrival: seq=224 idx=2 total=15 fw_us=1116543098 len=207

2026-09-14 18:01:11,642 INFO image_rx_daemon: frag_arrival: seq=224 idx=3 total=15 fw_us=1116742673 len=207

2026-09-14 18:01:11,680 INFO image_rx_daemon: cmd 0x63 superseded while pending (after 0 attempts) — body replaced, retry budget reset

2026-09-14 18:01:11,838 INFO image_rx_daemon: frag_arrival: seq=224 idx=4 total=15 fw_us=1116942302 len=207

2026-09-14 18:01:12,039 INFO image_rx_daemon: frag_arrival: seq=224 idx=5 total=15 fw_us=1117141937 len=207

2026-09-14 18:01:12,239 INFO image_rx_daemon: frag_arrival: seq=224 idx=6 total=15 fw_us=1117341553 len=207

2026-09-14 18:01:12,383 INFO image_rx_daemon: cmd 0x63 superseded while pending (after 0 attempts) — body replaced, retry budget reset

2026-09-14 18:01:12,434 INFO image_rx_daemon: frag_arrival: seq=224 idx=7 total=15 fw_us=1117541091 len=207

2026-09-14 18:01:12,843 INFO image_rx_daemon: frag_arrival: seq=224 idx=8 total=15 fw_us=1117940224 len=207

2026-09-14 18:01:13,035 INFO image_rx_daemon: frag_arrival: seq=224 idx=9 total=15 fw_us=1118139832 len=207

2026-09-14 18:01:13,087 INFO image_rx_daemon: cmd 0x63 superseded while pending (after 0 attempts) — body replaced, retry budget reset

2026-09-14 18:01:13,235 INFO image_rx_daemon: frag_arrival: seq=224 idx=10 total=15 fw_us=1118339514 len=207

2026-09-14 18:01:13,436 INFO image_rx_daemon: frag_arrival: seq=224 idx=11 total=15 fw_us=1118539195 len=207

2026-09-14 18:01:13,636 INFO image_rx_daemon: frag_arrival: seq=224 idx=12 total=15 fw_us=1118738861 len=207

2026-09-14 18:01:13,792 INFO image_rx_daemon: cmd 0x63 superseded while pending (after 0 attempts) — body replaced, retry budget reset

2026-09-14 18:01:13,843 INFO image_rx_daemon: frag_arrival: seq=224 idx=13 total=15 fw_us=1118938543 len=207

2026-09-14 18:01:13,916 INFO image_rx_daemon: frag_arrival: seq=224 idx=14 total=15 fw_us=1119039900 len=72

2026-09-14 18:01:13,927 INFO image_rx_daemon: published frame_id=0 seq=224 2910 B → lifetrac/v25/video/tile_delta

RFCO_PERTX during TX wait: profile_id=1 tx_status=0x00(OK) hop_idx=8 channel_idx=46 epoch=25 freq_hz=925750000 pkt_toa_us=20608 legal_dwell_used_us_10s=20608

2026-09-14 18:01:13,977 INFO image_rx_daemon: command TX opcode=0x63 copy=1/1 OK (on air)

2026-09-14 18:01:14,436 INFO image_rx_daemon: frag_arrival: seq=231 idx=0 total=15 fw_us=1119537572 len=207

2026-09-14 18:01:14,497 INFO image_rx_daemon: cmd 0x63 superseded while pending (after 1 attempts) — body replaced, retry budget reset

2026-09-14 18:01:14,839 INFO image_rx_daemon: frag_arrival: seq=231 idx=1 total=15 fw_us=1119936879 len=207

2026-09-14 18:01:15,039 INFO image_rx_daemon: frag_arrival: seq=231 idx=2 total=15 fw_us=1120136495 len=207

2026-09-14 18:01:15,218 INFO image_rx_daemon: cmd 0x63 superseded while pending (after 0 attempts) — body replaced, retry budget reset

2026-09-14 18:01:15,242 INFO image_rx_daemon: frag_arrival: seq=231 idx=3 total=15 fw_us=1120337030 len=207

2026-09-14 18:01:15,433 INFO image_rx_daemon: frag_arrival: seq=231 idx=4 total=15 fw_us=1120535767 len=207

2026-09-14 18:01:15,633 INFO image_rx_daemon: frag_arrival: seq=231 idx=5 total=15 fw_us=1120735359 len=207

2026-09-14 18:01:15,911 INFO image_rx_daemon: cmd 0x63 superseded while pending (after 0 attempts) — body replaced, retry budget reset

2026-09-14 18:01:16,234 INFO image_rx_daemon: frag_arrival: seq=231 idx=7 total=15 fw_us=1121327356 len=207

2026-09-14 18:01:16,423 INFO image_rx_daemon: frag_arrival: seq=231 idx=8 total=15 fw_us=1121526985 len=207

2026-09-14 18:01:16,623 INFO image_rx_daemon: cmd 0x63 superseded while pending (after 0 attempts) — body replaced, retry budget reset

2026-09-14 18:01:16,633 INFO image_rx_daemon: frag_arrival: seq=231 idx=9 total=15 fw_us=1121726685 len=207

2026-09-14 18:01:16,822 INFO image_rx_daemon: frag_arrival: seq=231 idx=10 total=15 fw_us=1121926472 len=207

2026-09-14 18:01:16,955 INFO image_rx_daemon: stats: rx_frames=1037 rx_decode_err=0 frames_published=48 publish_err=0 reassembler_decode_err=0 reassembler_timeouts=22 parity_recon=0 idle_drain_deferred=233 cmd_cooldown_drops=8 cmd_gate_held=0 cmd_copies_deferred=0

2026-09-14 18:01:16,958 INFO image_rx_daemon: air_gap: n=40 dt_med=199666us dt_p95=497672us len_med=207B cmd_tx_ok=63 cmd_tx_fail=0

2026-09-14 18:01:16,964 INFO image_rx_daemon: air_gap_hist(ms): <120:1 <200:29 <400:6 <1000:4

2026-09-14 18:01:16,968 INFO image_rx_daemon: rx_rf: n_rssi=40 n_snr=40 rssi[min/med/max]=-65/-62/-59 snr[min/med/max]=9.0/10.0/11.0

2026-09-14 18:01:16,970 INFO image_rx_daemon: phase_telemetry: valid=40 invalid=0 pre_f8=0 last_epoch=25 last_hop=22 slot_off=[14..14]

2026-09-14 18:01:16,974 INFO image_rx_daemon: air_gap_by_class: seq: n=36 med=199.6ms | boundary: n=3 med=466.4ms | post_loss: n=1 med=592.0ms

2026-09-14 18:01:16,978 INFO image_rx_daemon: lost_frag_idx: n=1 idx0=0 (0.00% of idx0 arrivals) other=1 (2.63%) verdict=not-clustered | top 6:1

2026-09-14 18:01:17,027 INFO image_rx_daemon: frag_arrival: seq=231 idx=11 total=15 fw_us=1122127030 len=207

2026-09-14 18:01:17,227 INFO image_rx_daemon: frag_arrival: seq=231 idx=12 total=15 fw_us=1122325725 len=207

2026-09-14 18:01:17,316 INFO image_rx_daemon: cmd 0x63 superseded while pending (after 0 attempts) — body replaced, retry budget reset

2026-09-14 18:01:17,420 INFO image_rx_daemon: frag_arrival: seq=231 idx=13 total=15 fw_us=1122525423 len=207

2026-09-14 18:01:17,557 INFO image_rx_daemon: frag_arrival: seq=231 idx=14 total=15 fw_us=1122673421 len=137

RFCO_PERTX during TX wait: profile_id=1 tx_status=0x00(OK) hop_idx=27 channel_idx=42 epoch=25 freq_hz=923750000 pkt_toa_us=20608 legal_dwell_used_us_10s=20608

2026-09-14 18:01:17,648 INFO image_rx_daemon: command TX opcode=0x63 copy=1/1 OK (on air)

2026-09-14 18:01:18,025 INFO image_rx_daemon: frag_arrival: seq=238 idx=0 total=15 fw_us=1123124620 len=207

2026-09-14 18:01:18,033 INFO image_rx_daemon: cmd 0x63 superseded while pending (after 1 attempts) — body replaced, retry budget reset

2026-09-14 18:01:18,427 INFO image_rx_daemon: frag_arrival: seq=238 idx=1 total=15 fw_us=1123523931 len=207

2026-09-14 18:01:18,629 INFO image_rx_daemon: frag_arrival: seq=238 idx=2 total=15 fw_us=1123723536 len=207

2026-09-14 18:01:18,724 INFO image_rx_daemon: cmd 0x63 superseded while pending (after 0 attempts) — body replaced, retry budget reset

2026-09-14 18:01:18,819 INFO image_rx_daemon: frag_arrival: seq=238 idx=3 total=15 fw_us=1123923217 len=207

2026-09-14 18:01:19,020 INFO image_rx_daemon: frag_arrival: seq=238 idx=4 total=15 fw_us=1124122888 len=207

2026-09-14 18:01:19,220 INFO image_rx_daemon: frag_arrival: seq=238 idx=5 total=15 fw_us=1124322559 len=207

2026-09-14 18:01:19,421 INFO image_rx_daemon: frag_arrival: seq=238 idx=6 total=15 fw_us=1124522243 len=207

2026-09-14 18:01:19,430 INFO image_rx_daemon: cmd 0x63 superseded while pending (after 0 attempts) — body replaced, retry budget reset

2026-09-14 18:01:19,623 INFO image_rx_daemon: frag_arrival: seq=238 idx=7 total=15 fw_us=1124721858 len=207

2026-09-14 18:01:20,025 INFO image_rx_daemon: frag_arrival: seq=238 idx=8 total=15 fw_us=1125121180 len=207

2026-09-14 18:01:20,133 INFO image_rx_daemon: cmd 0x63 superseded while pending (after 0 attempts) — body replaced, retry budget reset

2026-09-14 18:01:20,218 INFO image_rx_daemon: frag_arrival: seq=238 idx=9 total=15 fw_us=1125320915 len=207

2026-09-14 18:01:20,418 INFO image_rx_daemon: frag_arrival: seq=238 idx=10 total=15 fw_us=1125520634 len=207

2026-09-14 18:01:20,621 INFO image_rx_daemon: frag_arrival: seq=238 idx=11 total=15 fw_us=1125720269 len=207

2026-09-14 18:01:20,821 INFO image_rx_daemon: frag_arrival: seq=238 idx=12 total=15 fw_us=1125919960 len=207

2026-09-14 18:01:20,838 INFO image_rx_daemon: cmd 0x63 superseded while pending (after 0 attempts) — body replaced, retry budget reset

2026-09-14 18:01:21,023 INFO image_rx_daemon: frag_arrival: seq=238 idx=13 total=15 fw_us=1126119696 len=207

2026-09-14 18:01:21,095 INFO image_rx_daemon: frag_arrival: seq=238 idx=14 total=15 fw_us=1126213226 len=63

2026-09-14 18:01:21,106 INFO image_rx_daemon: published frame_id=0 seq=238 2901 B → lifetrac/v25/video/tile_delta

RFCO_PERTX during TX wait: profile_id=1 tx_status=0x00(OK) hop_idx=44 channel_idx=29 epoch=25 freq_hz=917250000 pkt_toa_us=20608 legal_dwell_used_us_10s=20608

2026-09-14 18:01:21,155 INFO image_rx_daemon: command TX opcode=0x63 copy=1/1 OK (on air)

2026-09-14 18:01:21,543 INFO image_rx_daemon: cmd 0x63 superseded while pending (after 1 attempts) — body replaced, retry budget reset

2026-09-14 18:01:21,620 INFO image_rx_daemon: frag_arrival: seq=245 idx=0 total=15 fw_us=1126718538 len=207

2026-09-14 18:01:22,028 INFO image_rx_daemon: frag_arrival: seq=245 idx=1 total=15 fw_us=1127117887 len=207

2026-09-14 18:01:22,219 INFO image_rx_daemon: frag_arrival: seq=245 idx=2 total=15 fw_us=1127317559 len=207

2026-09-14 18:01:22,263 INFO image_rx_daemon: cmd 0x63 superseded while pending (after 0 attempts) — body replaced, retry budget reset

2026-09-14 18:01:22,422 INFO image_rx_daemon: frag_arrival: seq=245 idx=3 total=15 fw_us=1127517240 len=207

2026-09-14 18:01:22,623 INFO image_rx_daemon: frag_arrival: seq=245 idx=4 total=15 fw_us=1127716847 len=207

2026-09-14 18:01:22,822 INFO image_rx_daemon: frag_arrival: seq=245 idx=5 total=15 fw_us=1127916512 len=207

2026-09-14 18:01:22,951 INFO image_rx_daemon: cmd 0x63 superseded while pending (after 0 attempts) — body replaced, retry budget reset

2026-09-14 18:01:23,206 INFO image_rx_daemon: frag_arrival: seq=245 idx=7 total=15 fw_us=1128307929 len=207

2026-09-14 18:01:23,607 INFO image_rx_daemon: frag_arrival: seq=245 idx=8 total=15 fw_us=1128707407 len=207

2026-09-14 18:01:23,653 INFO image_rx_daemon: cmd 0x63 superseded while pending (after 0 attempts) — body replaced, retry budget reset

2026-09-14 18:01:23,811 INFO image_rx_daemon: frag_arrival: seq=245 idx=9 total=15 fw_us=1128907151 len=207

2026-09-14 18:01:24,012 INFO image_rx_daemon: frag_arrival: seq=245 idx=10 total=15 fw_us=1129106917 len=207

2026-09-14 18:01:24,213 INFO image_rx_daemon: frag_arrival: seq=245 idx=11 total=15 fw_us=1129306526 len=207

2026-09-14 18:01:24,359 INFO image_rx_daemon: cmd 0x63 superseded while pending (after 0 attempts) — body replaced, retry budget reset

2026-09-14 18:01:24,415 INFO image_rx_daemon: frag_arrival: seq=245 idx=12 total=15 fw_us=1129506223 len=207

2026-09-14 18:01:24,609 INFO image_rx_daemon: frag_arrival: seq=245 idx=13 total=15 fw_us=1129705887 len=207

2026-09-14 18:01:24,758 INFO image_rx_daemon: frag_arrival: seq=245 idx=14 total=15 fw_us=1129866767 len=153

RFCO_PERTX during TX wait: profile_id=1 tx_status=0x00(OK) hop_idx=13 channel_idx=5 epoch=26 freq_hz=905250000 pkt_toa_us=20608 legal_dwell_used_us_10s=20608

2026-09-14 18:01:24,827 INFO image_rx_daemon: command TX opcode=0x63 copy=1/1 OK (on air)

2026-09-14 18:01:25,063 INFO image_rx_daemon: cmd 0x63 superseded while pending (after 1 attempts) — body replaced, retry budget reset

2026-09-14 18:01:25,208 INFO image_rx_daemon: frag_arrival: seq=4 idx=0 total=15 fw_us=1130304889 len=207

2026-09-14 18:01:25,611 INFO image_rx_daemon: frag_arrival: seq=4 idx=1 total=15 fw_us=1130704133 len=207

2026-09-14 18:01:25,769 INFO image_rx_daemon: cmd 0x63 superseded while pending (after 0 attempts) — body replaced, retry budget reset

2026-09-14 18:01:25,824 INFO image_rx_daemon: frag_arrival: seq=4 idx=2 total=15 fw_us=1130903740 len=207

2026-09-14 18:01:26,003 INFO image_rx_daemon: frag_arrival: seq=4 idx=3 total=15 fw_us=1131103350 len=207

2026-09-14 18:01:26,204 INFO image_rx_daemon: frag_arrival: seq=4 idx=4 total=15 fw_us=1131302956 len=207

2026-09-14 18:01:26,403 INFO image_rx_daemon: frag_arrival: seq=4 idx=5 total=15 fw_us=1131502573 len=207

2026-09-14 18:01:26,476 INFO image_rx_daemon: cmd 0x63 superseded while pending (after 0 attempts) — body replaced, retry budget reset

2026-09-14 18:01:26,608 INFO image_rx_daemon: frag_arrival: seq=4 idx=6 total=15 fw_us=1131702241 len=207

2026-09-14 18:01:26,810 INFO image_rx_daemon: frag_arrival: seq=4 idx=7 total=15 fw_us=1131901910 len=207

2026-09-14 18:01:26,997 INFO image_rx_daemon: stats: rx_frames=1078 rx_decode_err=0 frames_published=49 publish_err=0 reassembler_decode_err=0 reassembler_timeouts=24 parity_recon=0 idle_drain_deferred=242 cmd_cooldown_drops=9 cmd_gate_held=0 cmd_copies_deferred=0

2026-09-14 18:01:27,001 INFO image_rx_daemon: air_gap: n=41 dt_med=199681us dt_p95=438122us len_med=207B cmd_tx_ok=66 cmd_tx_fail=0

2026-09-14 18:01:27,008 INFO image_rx_daemon: air_gap_hist(ms): <120:1 <200:30 <400:7 <1000:3

2026-09-14 18:01:27,011 INFO image_rx_daemon: rx_rf: n_rssi=41 n_snr=41 rssi[min/med/max]=-65/-62/-59 snr[min/med/max]=9.0/10.0/12.0

2026-09-14 18:01:27,014 INFO image_rx_daemon: phase_telemetry: valid=41 invalid=0 pre_f8=0 last_epoch=26 last_hop=22 slot_off=[14..14]

2026-09-14 18:01:27,019 INFO image_rx_daemon: air_gap_by_class: seq: n=37 med=199.7ms | boundary: n=3 med=451.2ms | post_loss: n=1 med=391.4ms

2026-09-14 18:01:27,022 INFO image_rx_daemon: lost_frag_idx: n=1 idx0=0 (0.00% of idx0 arrivals) other=1 (2.56%) verdict=not-clustered | top 6:1

2026-09-14 18:01:27,192 INFO image_rx_daemon: cmd 0x63 superseded while pending (after 0 attempts) — body replaced, retry budget reset

2026-09-14 18:01:27,212 INFO image_rx_daemon: frag_arrival: seq=4 idx=8 total=15 fw_us=1132301168 len=207

2026-09-14 18:01:27,402 INFO image_rx_daemon: frag_arrival: seq=4 idx=9 total=15 fw_us=1132500765 len=207

2026-09-14 18:01:27,602 INFO image_rx_daemon: frag_arrival: seq=4 idx=10 total=15 fw_us=1132700480 len=207

2026-09-14 18:01:27,804 INFO image_rx_daemon: frag_arrival: seq=4 idx=11 total=15 fw_us=1132900141 len=207

2026-09-14 18:01:27,886 INFO image_rx_daemon: cmd 0x63 superseded while pending (after 0 attempts) — body replaced, retry budget reset

2026-09-14 18:01:28,007 INFO image_rx_daemon: frag_arrival: seq=4 idx=12 total=15 fw_us=1133099854 len=207

2026-09-14 18:01:28,208 INFO image_rx_daemon: frag_arrival: seq=4 idx=13 total=15 fw_us=1133299537 len=207

2026-09-14 18:01:28,281 INFO image_rx_daemon: frag_arrival: seq=4 idx=14 total=15 fw_us=1133395801 len=67

2026-09-14 18:01:28,293 INFO image_rx_daemon: published frame_id=0 seq=4 2905 B → lifetrac/v25/video/tile_delta

RFCO_PERTX during TX wait: profile_id=1 tx_status=0x00(OK) hop_idx=30 channel_idx=4 epoch=26 freq_hz=904750000 pkt_toa_us=20608 legal_dwell_used_us_10s=20608

2026-09-14 18:01:28,344 INFO image_rx_daemon: command TX opcode=0x63 copy=1/1 OK (on air)

2026-09-14 18:01:28,589 INFO image_rx_daemon: cmd 0x63 superseded while pending (after 1 attempts) — body replaced, retry budget reset

2026-09-14 18:01:28,804 INFO image_rx_daemon: frag_arrival: seq=5 idx=0 total=15 fw_us=1133898556 len=207

2026-09-14 18:01:29,209 INFO image_rx_daemon: frag_arrival: seq=5 idx=1 total=15 fw_us=1134297668 len=207

2026-09-14 18:01:29,292 INFO image_rx_daemon: cmd 0x63 superseded while pending (after 0 attempts) — body replaced, retry budget reset

2026-09-14 18:01:29,399 INFO image_rx_daemon: frag_arrival: seq=5 idx=2 total=15 fw_us=1134497237 len=207

2026-09-14 18:01:29,601 INFO image_rx_daemon: frag_arrival: seq=5 idx=3 total=15 fw_us=1134696912 len=207

2026-09-14 18:01:29,800 INFO image_rx_daemon: frag_arrival: seq=5 idx=4 total=15 fw_us=1134896541 len=207

2026-09-14 18:01:30,001 INFO image_rx_daemon: frag_arrival: seq=5 idx=5 total=15 fw_us=1135096105 len=207

2026-09-14 18:01:30,007 INFO image_rx_daemon: cmd 0x63 superseded while pending (after 0 attempts) — body replaced, retry budget reset

2026-09-14 18:01:30,201 INFO image_rx_daemon: frag_arrival: seq=5 idx=6 total=15 fw_us=1135295701 len=207

2026-09-14 18:01:30,402 INFO image_rx_daemon: frag_arrival: seq=5 idx=7 total=15 fw_us=1135495277 len=207

2026-09-14 18:01:30,700 INFO image_rx_daemon: cmd 0x63 superseded while pending (after 0 attempts) — body replaced, retry budget reset

2026-09-14 18:01:30,805 INFO image_rx_daemon: frag_arrival: seq=5 idx=8 total=15 fw_us=1135894407 len=207

2026-09-14 18:01:31,007 INFO image_rx_daemon: frag_arrival: seq=5 idx=9 total=15 fw_us=1136095030 len=207

2026-09-14 18:01:31,206 INFO image_rx_daemon: frag_arrival: seq=5 idx=10 total=15 fw_us=1136293779 len=207

2026-09-14 18:01:31,397 INFO image_rx_daemon: frag_arrival: seq=5 idx=11 total=15 fw_us=1136493462 len=207

2026-09-14 18:01:31,411 INFO image_rx_daemon: cmd 0x63 superseded while pending (after 0 attempts) — body replaced, retry budget reset

2026-09-14 18:01:31,605 INFO image_rx_daemon: frag_arrival: seq=5 idx=12 total=15 fw_us=1136693166 len=207

2026-09-14 18:01:31,806 INFO image_rx_daemon: frag_arrival: seq=5 idx=13 total=15 fw_us=1136892855 len=207

2026-09-14 18:01:31,880 INFO image_rx_daemon: frag_arrival: seq=5 idx=14 total=15 fw_us=1136996862 len=77

2026-09-14 18:01:31,891 INFO image_rx_daemon: published frame_id=0 seq=5 2915 B → lifetrac/v25/video/tile_delta

RFCO_PERTX during TX wait: profile_id=1 tx_status=0x00(OK) hop_idx=48 channel_idx=16 epoch=26 freq_hz=910750000 pkt_toa_us=20608 legal_dwell_used_us_10s=20608

2026-09-14 18:01:31,938 INFO image_rx_daemon: command TX opcode=0x63 copy=1/1 OK (on air)

2026-09-14 18:01:32,112 INFO image_rx_daemon: cmd 0x63 superseded while pending (after 1 attempts) — body replaced, retry budget reset

2026-09-14 18:01:32,399 INFO image_rx_daemon: frag_arrival: seq=11 idx=0 total=15 fw_us=1137491910 len=207

2026-09-14 18:01:32,804 INFO image_rx_daemon: frag_arrival: seq=11 idx=1 total=15 fw_us=1137891267 len=207

2026-09-14 18:01:32,817 INFO image_rx_daemon: cmd 0x63 superseded while pending (after 0 attempts) — body replaced, retry budget reset

2026-09-14 18:01:32,998 INFO image_rx_daemon: frag_arrival: seq=11 idx=2 total=15 fw_us=1138090930 len=207

2026-09-14 18:01:33,198 INFO image_rx_daemon: frag_arrival: seq=11 idx=3 total=15 fw_us=1138290572 len=207

2026-09-14 18:01:33,398 INFO image_rx_daemon: frag_arrival: seq=11 idx=4 total=15 fw_us=1138490233 len=207

2026-09-14 18:01:33,519 INFO image_rx_daemon: cmd 0x63 superseded while pending (after 0 attempts) — body replaced, retry budget reset

2026-09-14 18:01:33,601 INFO image_rx_daemon: frag_arrival: seq=11 idx=5 total=15 fw_us=1138689869 len=207

2026-09-14 18:01:34,195 INFO image_rx_daemon: frag_arrival: seq=11 idx=7 total=15 fw_us=1139281851 len=207

2026-09-14 18:01:34,223 INFO image_rx_daemon: cmd 0x63 superseded while pending (after 0 attempts) — body replaced, retry budget reset

2026-09-14 18:01:34,386 INFO image_rx_daemon: frag_arrival: seq=11 idx=8 total=15 fw_us=1139481465 len=207

2026-09-14 18:01:34,586 INFO image_rx_daemon: frag_arrival: seq=11 idx=9 total=15 fw_us=1139681033 len=207

2026-09-14 18:01:34,790 INFO image_rx_daemon: frag_arrival: seq=11 idx=10 total=15 fw_us=1139880703 len=207

2026-09-14 18:01:34,927 INFO image_rx_daemon: cmd 0x63 superseded while pending (after 0 attempts) — body replaced, retry budget reset

2026-09-14 18:01:34,989 INFO image_rx_daemon: frag_arrival: seq=11 idx=11 total=15 fw_us=1140080346 len=207

2026-09-14 18:01:35,191 INFO image_rx_daemon: frag_arrival: seq=11 idx=12 total=15 fw_us=1140281030 len=207

2026-09-14 18:01:35,390 INFO image_rx_daemon: frag_arrival: seq=11 idx=13 total=15 fw_us=1140479717 len=207

2026-09-14 18:01:35,475 INFO image_rx_daemon: frag_arrival: seq=11 idx=14 total=15 fw_us=1140583780 len=77

RFCO_PERTX during TX wait: profile_id=1 tx_status=0x00(OK) hop_idx=16 channel_idx=6 epoch=27 freq_hz=905750000 pkt_toa_us=20608 legal_dwell_used_us_10s=20608

2026-09-14 18:01:35,523 INFO image_rx_daemon: command TX opcode=0x63 copy=1/1 OK (on air)

2026-09-14 18:01:35,632 INFO image_rx_daemon: cmd 0x63 superseded while pending (after 1 attempts) — body replaced, retry budget reset

2026-09-14 18:01:35,988 INFO image_rx_daemon: frag_arrival: seq=25 idx=0 total=15 fw_us=1141078787 len=207

2026-09-14 18:01:36,338 INFO image_rx_daemon: cmd 0x63 superseded while pending (after 0 attempts) — body replaced, retry budget reset

2026-09-14 18:01:36,393 INFO image_rx_daemon: frag_arrival: seq=25 idx=1 total=15 fw_us=1141478095 len=207

2026-09-14 18:01:36,592 INFO image_rx_daemon: frag_arrival: seq=25 idx=2 total=15 fw_us=1141677729 len=207

2026-09-14 18:01:36,783 INFO image_rx_daemon: frag_arrival: seq=25 idx=3 total=15 fw_us=1141877339 len=207

2026-09-14 18:01:36,983 INFO image_rx_daemon: frag_arrival: seq=25 idx=4 total=15 fw_us=1142076941 len=207

2026-09-14 18:01:37,029 INFO image_rx_daemon: stats: rx_frames=1119 rx_decode_err=0 frames_published=51 publish_err=0 reassembler_decode_err=0 reassembler_timeouts=25 parity_recon=0 idle_drain_deferred=252 cmd_cooldown_drops=9 cmd_gate_held=0 cmd_copies_deferred=0

2026-09-14 18:01:37,033 INFO image_rx_daemon: air_gap: n=41 dt_med=199661us dt_p95=495048us len_med=207B cmd_tx_ok=69 cmd_tx_fail=0

2026-09-14 18:01:37,038 INFO image_rx_daemon: air_gap_hist(ms): <120:3 <200:27 <400:7 <1000:4

2026-09-14 18:01:37,044 INFO image_rx_daemon: rx_rf: n_rssi=41 n_snr=41 rssi[min/med/max]=-65/-62/-59 snr[min/med/max]=8.0/10.0/10.0

2026-09-14 18:01:37,046 INFO image_rx_daemon: phase_telemetry: valid=41 invalid=0 pre_f8=0 last_epoch=27 last_hop=23 slot_off=[14..15]

2026-09-14 18:01:37,050 INFO image_rx_daemon: air_gap_by_class: seq: n=37 med=199.6ms | boundary: n=3 med=495.0ms | post_loss: n=1 med=592.0ms

2026-09-14 18:01:37,054 INFO image_rx_daemon: lost_frag_idx: n=1 idx0=0 (0.00% of idx0 arrivals) other=1 (2.56%) verdict=not-clustered | top 6:1

2026-09-14 18:01:37,061 INFO image_rx_daemon: cmd 0x63 superseded while pending (after 0 attempts) — body replaced, retry budget reset

2026-09-14 18:01:37,187 INFO image_rx_daemon: frag_arrival: seq=25 idx=5 total=15 fw_us=1142276567 len=207

2026-09-14 18:01:37,387 INFO image_rx_daemon: frag_arrival: seq=25 idx=6 total=15 fw_us=1142476157 len=207

2026-09-14 18:01:37,576 INFO image_rx_daemon: frag_arrival: seq=25 idx=7 total=15 fw_us=1142666008 len=207

2026-09-14 18:01:37,747 INFO image_rx_daemon: cmd 0x63 superseded while pending (after 0 attempts) — body replaced, retry budget reset

2026-09-14 18:01:37,787 INFO image_rx_daemon: frag_arrival: seq=25 idx=8 total=15 fw_us=1142879960 len=207

2026-09-14 18:01:38,192 INFO image_rx_daemon: frag_arrival: seq=25 idx=9 total=15 fw_us=1143276633 len=207

2026-09-14 18:01:38,392 INFO image_rx_daemon: frag_arrival: seq=25 idx=10 total=15 fw_us=1143476323 len=207

2026-09-14 18:01:38,450 INFO image_rx_daemon: cmd 0x63 superseded while pending (after 0 attempts) — body replaced, retry budget reset

2026-09-14 18:01:38,586 INFO image_rx_daemon: frag_arrival: seq=25 idx=11 total=15 fw_us=1143675922 len=207

2026-09-14 18:01:38,789 INFO image_rx_daemon: frag_arrival: seq=25 idx=12 total=15 fw_us=1143875551 len=207

2026-09-14 18:01:38,989 INFO image_rx_daemon: frag_arrival: seq=25 idx=13 total=15 fw_us=1144075162 len=207

2026-09-14 18:01:39,125 INFO image_rx_daemon: frag_arrival: seq=25 idx=14 total=15 fw_us=1144224030 len=136

2026-09-14 18:01:39,145 INFO image_rx_daemon: published frame_id=0 seq=25 2974 B → lifetrac/v25/video/tile_delta

RFCO_PERTX during TX wait: profile_id=1 tx_status=0x00(OK) hop_idx=35 channel_idx=18 epoch=27 freq_hz=911750000 pkt_toa_us=20608 legal_dwell_used_us_10s=20608

2026-09-14 18:01:39,205 INFO image_rx_daemon: command TX opcode=0x60 copy=1/1 OK (on air)

2026-09-14 18:01:39,582 INFO image_rx_daemon: frag_arrival: seq=26 idx=0 total=15 fw_us=1144674127 len=207

2026-09-14 18:01:39,991 INFO image_rx_daemon: frag_arrival: seq=26 idx=1 total=15 fw_us=1145073451 len=207

2026-09-14 18:01:40,193 INFO image_rx_daemon: frag_arrival: seq=26 idx=2 total=15 fw_us=1145273118 len=207

2026-09-14 18:01:40,382 INFO image_rx_daemon: frag_arrival: seq=26 idx=3 total=15 fw_us=1145472759 len=207

2026-09-14 18:01:40,584 INFO image_rx_daemon: frag_arrival: seq=26 idx=4 total=15 fw_us=1145672422 len=207

2026-09-14 18:01:40,783 INFO image_rx_daemon: frag_arrival: seq=26 idx=5 total=15 fw_us=1145873030 len=207

2026-09-14 18:01:40,991 INFO image_rx_daemon: frag_arrival: seq=26 idx=6 total=15 fw_us=1146071661 len=207

2026-09-14 18:01:41,193 INFO image_rx_daemon: frag_arrival: seq=26 idx=7 total=15 fw_us=1146271343 len=207

2026-09-14 18:01:41,603 INFO image_rx_daemon: frag_arrival: seq=26 idx=8 total=15 fw_us=1146670599 len=207

2026-09-14 18:01:41,785 INFO image_rx_daemon: frag_arrival: seq=26 idx=9 total=15 fw_us=1146870241 len=207

2026-09-14 18:01:41,986 INFO image_rx_daemon: frag_arrival: seq=26 idx=10 total=15 fw_us=1147069880 len=207

2026-09-14 18:01:42,188 INFO image_rx_daemon: frag_arrival: seq=26 idx=11 total=15 fw_us=1147269414 len=207

2026-09-14 18:01:42,388 INFO image_rx_daemon: frag_arrival: seq=26 idx=12 total=15 fw_us=1147468985 len=207

2026-09-14 18:01:42,583 INFO image_rx_daemon: frag_arrival: seq=26 idx=13 total=15 fw_us=1147668566 len=207

2026-09-14 18:01:42,669 INFO image_rx_daemon: frag_arrival: seq=26 idx=14 total=15 fw_us=1147780112 len=85

2026-09-14 18:01:42,681 INFO image_rx_daemon: published frame_id=0 seq=26 2923 B → lifetrac/v25/video/tile_delta

RFCO_PERTX during TX wait: profile_id=1 tx_status=0x00(OK) hop_idx=2 channel_idx=25 epoch=28 freq_hz=915250000 pkt_toa_us=20608 legal_dwell_used_us_10s=20608

2026-09-14 18:01:42,729 INFO image_rx_daemon: command TX opcode=0x60 copy=1/1 OK (on air)

2026-09-14 18:01:43,180 INFO image_rx_daemon: frag_arrival: seq=33 idx=0 total=15 fw_us=1148267317 len=207

2026-09-14 18:01:43,584 INFO image_rx_daemon: frag_arrival: seq=33 idx=1 total=15 fw_us=1148666535 len=207

2026-09-14 18:01:43,783 INFO image_rx_daemon: frag_arrival: seq=33 idx=2 total=15 fw_us=1148866176 len=207

2026-09-14 18:01:43,984 INFO image_rx_daemon: frag_arrival: seq=33 idx=3 total=15 fw_us=1149065846 len=207

2026-09-14 18:01:44,183 INFO image_rx_daemon: frag_arrival: seq=33 idx=4 total=15 fw_us=1149265530 len=207

2026-09-14 18:01:44,382 INFO image_rx_daemon: frag_arrival: seq=33 idx=5 total=15 fw_us=1149465225 len=207

2026-09-14 18:01:44,778 INFO image_rx_daemon: frag_arrival: seq=33 idx=7 total=15 fw_us=1149859581 len=207

2026-09-14 18:01:45,173 INFO image_rx_daemon: frag_arrival: seq=33 idx=8 total=15 fw_us=1150257030 len=207

2026-09-14 18:01:45,373 INFO image_rx_daemon: frag_arrival: seq=33 idx=9 total=15 fw_us=1150455739 len=207

2026-09-14 18:01:45,572 INFO image_rx_daemon: frag_arrival: seq=33 idx=10 total=15 fw_us=1150655447 len=207

2026-09-14 18:01:45,772 INFO image_rx_daemon: frag_arrival: seq=33 idx=11 total=15 fw_us=1150856030 len=207

2026-09-14 18:01:45,971 INFO image_rx_daemon: frag_arrival: seq=33 idx=12 total=15 fw_us=1151054783 len=207

2026-09-14 18:01:46,171 INFO image_rx_daemon: frag_arrival: seq=33 idx=13 total=15 fw_us=1151254485 len=207

2026-09-14 18:01:46,319 INFO image_rx_daemon: frag_arrival: seq=33 idx=14 total=15 fw_us=1151410166 len=147

RFCO_PERTX during TX wait: profile_id=1 tx_status=0x00(OK) hop_idx=21 channel_idx=15 epoch=28 freq_hz=910250000 pkt_toa_us=20608 legal_dwell_used_us_10s=20608

2026-09-14 18:01:46,388 INFO image_rx_daemon: command TX opcode=0x60 copy=1/1 OK (on air)

2026-09-14 18:01:46,769 INFO image_rx_daemon: frag_arrival: seq=47 idx=0 total=15 fw_us=1151853596 len=207

2026-09-14 18:01:47,062 INFO image_rx_daemon: stats: rx_frames=1159 rx_decode_err=0 frames_published=53 publish_err=0 reassembler_decode_err=0 reassembler_timeouts=25 parity_recon=0 idle_drain_deferred=262 cmd_cooldown_drops=9 cmd_gate_held=0 cmd_copies_deferred=0

2026-09-14 18:01:47,066 INFO image_rx_daemon: air_gap: n=40 dt_med=199667us dt_p95=450097us len_med=207B cmd_tx_ok=72 cmd_tx_fail=0

2026-09-14 18:01:47,071 INFO image_rx_daemon: air_gap_hist(ms): <120:1 <200:27 <400:9 <1000:3

2026-09-14 18:01:47,077 INFO image_rx_daemon: rx_rf: n_rssi=40 n_snr=40 rssi[min/med/max]=-65/-62/-59 snr[min/med/max]=8.0/10.0/12.0

2026-09-14 18:01:47,080 INFO image_rx_daemon: phase_telemetry: valid=40 invalid=0 pre_f8=0 last_epoch=28 last_hop=22 slot_off=[3..17]

2026-09-14 18:01:47,084 INFO image_rx_daemon: air_gap_by_class: seq: n=36 med=199.6ms | boundary: n=3 med=450.1ms | post_loss: n=1 med=394.4ms

2026-09-14 18:01:47,089 INFO image_rx_daemon: lost_frag_idx: n=1 idx0=0 (0.00% of idx0 arrivals) other=1 (2.63%) verdict=not-clustered | top 6:1

2026-09-14 18:01:47,166 INFO image_rx_daemon: frag_arrival: seq=47 idx=1 total=15 fw_us=1152252984 len=207

2026-09-14 18:01:47,368 INFO image_rx_daemon: frag_arrival: seq=47 idx=2 total=15 fw_us=1152452695 len=207

2026-09-14 18:01:47,570 INFO image_rx_daemon: frag_arrival: seq=47 idx=3 total=15 fw_us=1152652403 len=207

2026-09-14 18:01:47,775 INFO image_rx_daemon: frag_arrival: seq=47 idx=4 total=15 fw_us=1152852113 len=207

2026-09-14 18:01:47,983 INFO image_rx_daemon: frag_arrival: seq=47 idx=5 total=15 fw_us=1153051782 len=207

2026-09-14 18:01:48,167 INFO image_rx_daemon: frag_arrival: seq=47 idx=6 total=15 fw_us=1153251407 len=207

2026-09-14 18:01:48,369 INFO image_rx_daemon: frag_arrival: seq=47 idx=7 total=15 fw_us=1153452030 len=207

2026-09-14 18:01:48,765 INFO image_rx_daemon: frag_arrival: seq=47 idx=8 total=15 fw_us=1153850432 len=207

2026-09-14 18:01:48,966 INFO image_rx_daemon: frag_arrival: seq=47 idx=9 total=15 fw_us=1154050033 len=207

2026-09-14 18:01:49,166 INFO image_rx_daemon: frag_arrival: seq=47 idx=10 total=15 fw_us=1154249724 len=207

2026-09-14 18:01:49,366 INFO image_rx_daemon: frag_arrival: seq=47 idx=11 total=15 fw_us=1154449304 len=207

2026-09-14 18:01:49,567 INFO image_rx_daemon: frag_arrival: seq=47 idx=12 total=15 fw_us=1154648903 len=207

2026-09-14 18:01:49,768 INFO image_rx_daemon: frag_arrival: seq=47 idx=13 total=15 fw_us=1154848518 len=207

2026-09-14 18:01:49,879 INFO image_rx_daemon: frag_arrival: seq=47 idx=14 total=15 fw_us=1154978312 len=111

2026-09-14 18:01:49,891 INFO image_rx_daemon: published frame_id=0 seq=47 2949 B → lifetrac/v25/video/tile_delta

2026-09-14 18:01:49,895 WARNING image_rx_daemon: cmd 0x60 GAVE UP after 3 attempts (12.8 s); cool-down 30 s

2026-09-14 18:01:49,898 WARNING image_rx_daemon: cmd 0x63 GAVE UP after 0 attempts (11.4 s); cool-down 30 s

2026-09-14 18:01:50,366 INFO image_rx_daemon: frag_arrival: seq=48 idx=0 total=15 fw_us=1155447469 len=207

2026-09-14 18:01:50,764 INFO image_rx_daemon: frag_arrival: seq=48 idx=1 total=15 fw_us=1155846780 len=207

2026-09-14 18:01:50,964 INFO image_rx_daemon: frag_arrival: seq=48 idx=2 total=15 fw_us=1156046405 len=207

2026-09-14 18:01:51,165 INFO image_rx_daemon: frag_arrival: seq=48 idx=3 total=15 fw_us=1156246102 len=207

2026-09-14 18:01:51,364 INFO image_rx_daemon: frag_arrival: seq=48 idx=4 total=15 fw_us=1156445748 len=207

2026-09-14 18:01:51,565 INFO image_rx_daemon: frag_arrival: seq=48 idx=5 total=15 fw_us=1156645339 len=207

2026-09-14 18:01:51,765 INFO image_rx_daemon: frag_arrival: seq=48 idx=6 total=15 fw_us=1156844894 len=207

2026-09-14 18:01:51,965 INFO image_rx_daemon: frag_arrival: seq=48 idx=7 total=15 fw_us=1157044579 len=207

2026-09-14 18:01:52,364 INFO image_rx_daemon: frag_arrival: seq=48 idx=8 total=15 fw_us=1157443615 len=207

2026-09-14 18:01:52,565 INFO image_rx_daemon: frag_arrival: seq=48 idx=9 total=15 fw_us=1157643199 len=207

2026-09-14 18:01:52,770 INFO image_rx_daemon: frag_arrival: seq=48 idx=10 total=15 fw_us=1157842807 len=207

2026-09-14 18:01:52,959 INFO image_rx_daemon: frag_arrival: seq=48 idx=11 total=15 fw_us=1158042415 len=207

2026-09-14 18:01:53,158 INFO image_rx_daemon: frag_arrival: seq=48 idx=12 total=15 fw_us=1158241997 len=207

2026-09-14 18:01:53,358 INFO image_rx_daemon: frag_arrival: seq=48 idx=13 total=15 fw_us=1158441545 len=207

2026-09-14 18:01:53,507 INFO image_rx_daemon: frag_arrival: seq=48 idx=14 total=15 fw_us=1158597150 len=147

2026-09-14 18:01:53,519 INFO image_rx_daemon: published frame_id=0 seq=48 2985 B → lifetrac/v25/video/tile_delta

2026-09-14 18:01:53,961 INFO image_rx_daemon: frag_arrival: seq=54 idx=0 total=15 fw_us=1159040289 len=207

2026-09-14 18:01:54,365 INFO image_rx_daemon: frag_arrival: seq=54 idx=1 total=15 fw_us=1159439487 len=207

2026-09-14 18:01:54,564 INFO image_rx_daemon: frag_arrival: seq=54 idx=2 total=15 fw_us=1159640030 len=207

2026-09-14 18:01:54,758 INFO image_rx_daemon: frag_arrival: seq=54 idx=3 total=15 fw_us=1159838694 len=207

2026-09-14 18:01:54,957 INFO image_rx_daemon: frag_arrival: seq=54 idx=4 total=15 fw_us=1160038307 len=207

2026-09-14 18:01:55,159 INFO image_rx_daemon: frag_arrival: seq=54 idx=5 total=15 fw_us=1160237943 len=207

2026-09-14 18:01:55,360 INFO image_rx_daemon: frag_arrival: seq=54 idx=6 total=15 fw_us=1160437568 len=207

2026-09-14 18:01:55,559 INFO image_rx_daemon: frag_arrival: seq=54 idx=7 total=15 fw_us=1160637130 len=207

2026-09-14 18:01:55,962 INFO image_rx_daemon: frag_arrival: seq=54 idx=8 total=15 fw_us=1161036461 len=207

2026-09-14 18:01:56,169 INFO image_rx_daemon: frag_arrival: seq=54 idx=9 total=15 fw_us=1161235971 len=207

2026-09-14 18:01:56,371 INFO image_rx_daemon: frag_arrival: seq=54 idx=10 total=15 fw_us=1161435581 len=207

2026-09-14 18:01:56,555 INFO image_rx_daemon: frag_arrival: seq=54 idx=11 total=15 fw_us=1161635130 len=207

2026-09-14 18:01:56,767 INFO image_rx_daemon: frag_arrival: seq=54 idx=12 total=15 fw_us=1161834693 len=207

2026-09-14 18:01:56,958 INFO image_rx_daemon: frag_arrival: seq=54 idx=13 total=15 fw_us=1162034300 len=207

2026-09-14 18:01:57,102 INFO image_rx_daemon: stats: rx_frames=1202 rx_decode_err=0 frames_published=55 publish_err=0 reassembler_decode_err=0 reassembler_timeouts=26 parity_recon=0 idle_drain_deferred=269 cmd_cooldown_drops=9 cmd_gate_held=0 cmd_copies_deferred=0

2026-09-14 18:01:57,107 INFO image_rx_daemon: air_gap: n=43 dt_med=199625us dt_p95=399388us len_med=207B cmd_tx_ok=72 cmd_tx_fail=0

2026-09-14 18:01:57,114 INFO image_rx_daemon: air_gap_hist(ms): <200:33 <400:8 <1000:2

2026-09-14 18:01:57,133 INFO image_rx_daemon: rx_rf: n_rssi=43 n_snr=43 rssi[min/med/max]=-65/-61/-59 snr[min/med/max]=9.0/10.0/12.0

2026-09-14 18:01:57,137 INFO image_rx_daemon: phase_telemetry: valid=43 invalid=0 pre_f8=0 last_epoch=29 last_hop=23 slot_off=[14..15]

2026-09-14 18:01:57,143 INFO image_rx_daemon: air_gap_by_class: seq: n=40 med=199.6ms | boundary: n=2 med=469.2ms

2026-09-14 18:01:57,147 INFO image_rx_daemon: frag_arrival: seq=54 idx=14 total=15 fw_us=1162195027 len=153

2026-09-14 18:01:57,167 INFO image_rx_daemon: published frame_id=0 seq=54 2991 B → lifetrac/v25/video/tile_delta

2026-09-14 18:01:57,563 INFO image_rx_daemon: frag_arrival: seq=61 idx=0 total=15 fw_us=1162633026 len=207

2026-09-14 18:01:57,954 INFO image_rx_daemon: frag_arrival: seq=61 idx=1 total=15 fw_us=1163032165 len=207

2026-09-14 18:01:58,158 INFO image_rx_daemon: frag_arrival: seq=61 idx=2 total=15 fw_us=1163231741 len=207

2026-09-14 18:01:58,357 INFO image_rx_daemon: frag_arrival: seq=61 idx=3 total=15 fw_us=1163431348 len=207

2026-09-14 18:01:58,553 INFO image_rx_daemon: frag_arrival: seq=61 idx=4 total=15 fw_us=1163630978 len=207

2026-09-14 18:01:58,759 INFO image_rx_daemon: frag_arrival: seq=61 idx=5 total=15 fw_us=1163830591 len=207

2026-09-14 18:01:58,952 INFO image_rx_daemon: frag_arrival: seq=61 idx=6 total=15 fw_us=1164030256 len=207

2026-09-14 18:01:59,155 INFO image_rx_daemon: frag_arrival: seq=61 idx=7 total=15 fw_us=1164229933 len=207

2026-09-14 18:01:59,556 INFO image_rx_daemon: frag_arrival: seq=61 idx=8 total=15 fw_us=1164629203 len=207

2026-09-14 18:01:59,763 INFO image_rx_daemon: frag_arrival: seq=61 idx=9 total=15 fw_us=1164828842 len=207

2026-09-14 18:01:59,957 INFO image_rx_daemon: frag_arrival: seq=61 idx=10 total=15 fw_us=1165028542 len=207

2026-09-14 18:02:00,161 INFO image_rx_daemon: frag_arrival: seq=61 idx=11 total=15 fw_us=1165228147 len=207

2026-09-14 18:02:00,354 INFO image_rx_daemon: frag_arrival: seq=61 idx=12 total=15 fw_us=1165427773 len=207

2026-09-14 18:02:00,548 INFO image_rx_daemon: frag_arrival: seq=61 idx=13 total=15 fw_us=1165627335 len=207

2026-09-14 18:02:00,702 INFO image_rx_daemon: frag_arrival: seq=61 idx=14 total=15 fw_us=1165788097 len=154

2026-09-14 18:02:00,720 INFO image_rx_daemon: published frame_id=0 seq=61 2992 B → lifetrac/v25/video/tile_delta

