2026-07-27 00:28:27,247 INFO image_tx_daemon: opening L072 HostLink on /dev/ttymxc3 @ 921600

2026-07-27 00:28:27,249 INFO image_tx_daemon: image_tx_daemon started; mqtt=127.0.0.1:1883 uart=/dev/ttymxc3

2026-07-27 00:28:27,259 INFO image_tx_daemon: MQTT connected; subscribing to lifetrac/v25/cmd/image_frame

2026-07-27 00:28:27,264 INFO image_tx_daemon: LIFETRAC_SKIP_RESET_REQ=1 — relying on external NRST; draining boot chatter only

2026-07-27 00:28:27,281 INFO image_tx_daemon: link_budget: published n_frag=1 profile_idx=6 (profile 2)

Initializing regulatory profile 2 on co-processor...

  FHSS mask: single channel 0 (0100000000000000)

CFG_SET_REQ(FHSS_CHANNEL_MASK) OK: 07000800

CFG_SET_REQ(ANTENNA_GAIN_DBI) OK: 15000100

CFG_SET_REQ(HW_CEILING_DBM) OK: 16000100

CFG_SET_REQ(REG_PROFILE=2) OK: 14000100

  forcing FRF -> 915.000 MHz (raw=0xE4C000 -> Msb=0xE4 Mid=0xC0 Lsb=0x00)

  FRF readback: 0xE4C000 = 915.000 MHz (OK)

PHY contract OK: image_bw500 == {'sf': 7, 'bw_khz': 500, 'cr_den': 5, 'preamble': 8}

2026-07-27 00:28:28,126 INFO image_tx_daemon: LBT_ENABLE=0 (matches W1-10b TX_BURST rationale)

2026-07-27 00:28:28,148 INFO image_tx_daemon: RXCONT armed for command downlink (opmode 0x81 -> 0x85)

2026-07-27 00:28:28,149 INFO image_tx_daemon: TX worker ready (inter_cycle_s=0.050, max 8 frags/dwell)

2026-07-27 00:28:28,250 INFO image_tx_daemon: stats: goodput=0.0 B/s util=0% pipeline=v2 frames_in=0 ok=0 fail=0 drop_full=0 drop_stale=0 frags_ok=0 frags_fail=0 qdepth=0 parity_tx=0

2026-07-27 00:28:29,035 INFO image_tx_daemon: LoRa cmd: ENCODE_MODE 6

2026-07-27 00:28:29,338 INFO image_tx_daemon: LoRa cmd: ENCODE_MODE 6

2026-07-27 00:28:29,913 INFO image_tx_daemon: LoRa cmd: ENCODE_MODE 6

2026-07-27 00:28:30,488 INFO image_tx_daemon: LoRa cmd: ENCODE_MODE 6

2026-07-27 00:28:31,062 INFO image_tx_daemon: LoRa cmd: ENCODE_MODE 6

2026-07-27 00:28:31,639 INFO image_tx_daemon: LoRa cmd: ENCODE_MODE 6

2026-07-27 00:28:32,215 INFO image_tx_daemon: LoRa cmd: ENCODE_MODE 6

2026-07-27 00:28:32,791 INFO image_tx_daemon: LoRa cmd: ENCODE_MODE 6

2026-07-27 00:28:33,366 INFO image_tx_daemon: LoRa cmd: ENCODE_MODE 6

2026-07-27 00:28:33,941 INFO image_tx_daemon: LoRa cmd: ENCODE_MODE 6

2026-07-27 00:28:34,516 INFO image_tx_daemon: LoRa cmd: ENCODE_MODE 6

2026-07-27 00:28:34,809 INFO image_tx_daemon: LoRa cmd: ENCODE_MODE 6

2026-07-27 00:28:35,384 INFO image_tx_daemon: LoRa cmd: ENCODE_MODE 6

2026-07-27 00:28:35,958 INFO image_tx_daemon: LoRa cmd: ENCODE_MODE 6

2026-07-27 00:28:36,533 INFO image_tx_daemon: LoRa cmd: ENCODE_MODE 6

2026-07-27 00:28:37,108 INFO image_tx_daemon: LoRa cmd: ENCODE_MODE 6

2026-07-27 00:28:37,683 INFO image_tx_daemon: LoRa cmd: ENCODE_MODE 6

2026-07-27 00:28:38,261 INFO image_tx_daemon: stats: goodput=0.0 B/s util=0% pipeline=v2 frames_in=0 ok=0 fail=0 drop_full=0 drop_stale=0 frags_ok=0 frags_fail=0 qdepth=0 parity_tx=0

RFCO_PERTX during TX wait: profile_id=2 tx_status=0x00(OK) hop_idx=0 channel_idx=0 epoch=0 freq_hz=0 pkt_toa_us=99904 legal_dwell_used_us_10s=0

RFCO_PERTX during TX wait: profile_id=2 tx_status=0x00(OK) hop_idx=0 channel_idx=0 epoch=0 freq_hz=0 pkt_toa_us=12864 legal_dwell_used_us_10s=0

2026-07-27 00:28:43,486 INFO image_tx_daemon: frame seq=1 done: 2 fragments ok

2026-07-27 00:28:43,487 INFO image_tx_daemon: batching: 3 frames in 1 trains so far (this train: 3 frames, 736 B)

RFCO_PERTX during TX wait: profile_id=2 tx_status=0x00(OK) hop_idx=0 channel_idx=0 epoch=0 freq_hz=0 pkt_toa_us=99904 legal_dwell_used_us_10s=0

2026-07-27 00:28:43,606 INFO image_tx_daemon: LoRa cmd: PROBE seq=1 phase_ms=0 (rx#1)

RFCO_PERTX during TX wait: profile_id=2 tx_status=0x00(OK) hop_idx=0 channel_idx=0 epoch=0 freq_hz=0 pkt_toa_us=99904 legal_dwell_used_us_10s=0

RFCO_PERTX during TX wait: profile_id=2 tx_status=0x00(OK) hop_idx=0 channel_idx=0 epoch=0 freq_hz=0 pkt_toa_us=99904 legal_dwell_used_us_10s=0

RFCO_PERTX during TX wait: profile_id=2 tx_status=0x00(OK) hop_idx=0 channel_idx=0 epoch=0 freq_hz=0 pkt_toa_us=16704 legal_dwell_used_us_10s=0

2026-07-27 00:28:43,918 INFO image_tx_daemon: frame seq=2 done: 4 fragments ok

RFCO_PERTX during TX wait: profile_id=2 tx_status=0x00(OK) hop_idx=0 channel_idx=0 epoch=0 freq_hz=0 pkt_toa_us=11584 legal_dwell_used_us_10s=0

RFCO_PERTX during TX wait: profile_id=2 tx_status=0x00(OK) hop_idx=0 channel_idx=0 epoch=0 freq_hz=0 pkt_toa_us=11584 legal_dwell_used_us_10s=0

RFCO_PERTX during TX wait: profile_id=2 tx_status=0x00(OK) hop_idx=0 channel_idx=0 epoch=0 freq_hz=0 pkt_toa_us=98624 legal_dwell_used_us_10s=0

2026-07-27 00:28:44,103 INFO image_tx_daemon: frame seq=10 done: 1 fragments ok

RFCO_PERTX during TX wait: profile_id=2 tx_status=0x00(OK) hop_idx=0 channel_idx=0 epoch=0 freq_hz=0 pkt_toa_us=99904 legal_dwell_used_us_10s=0

RFCO_PERTX during TX wait: profile_id=2 tx_status=0x00(OK) hop_idx=0 channel_idx=0 epoch=0 freq_hz=0 pkt_toa_us=11584 legal_dwell_used_us_10s=0

2026-07-27 00:28:44,265 INFO image_tx_daemon: frame seq=11 done: 2 fragments ok

RFCO_PERTX during TX wait: profile_id=2 tx_status=0x00(OK) hop_idx=0 channel_idx=0 epoch=0 freq_hz=0 pkt_toa_us=99904 legal_dwell_used_us_10s=0

RFCO_PERTX during TX wait: profile_id=2 tx_status=0x00(OK) hop_idx=0 channel_idx=0 epoch=0 freq_hz=0 pkt_toa_us=99904 legal_dwell_used_us_10s=0

RFCO_PERTX during TX wait: profile_id=2 tx_status=0x00(OK) hop_idx=0 channel_idx=0 epoch=0 freq_hz=0 pkt_toa_us=99904 legal_dwell_used_us_10s=0

RFCO_PERTX during TX wait: profile_id=2 tx_status=0x00(OK) hop_idx=0 channel_idx=0 epoch=0 freq_hz=0 pkt_toa_us=12864 legal_dwell_used_us_10s=0

2026-07-27 00:28:44,684 INFO image_tx_daemon: frame seq=16 done: 4 fragments ok

RFCO_PERTX during TX wait: profile_id=2 tx_status=0x00(OK) hop_idx=0 channel_idx=0 epoch=0 freq_hz=0 pkt_toa_us=99904 legal_dwell_used_us_10s=0

RFCO_PERTX during TX wait: profile_id=2 tx_status=0x00(OK) hop_idx=0 channel_idx=0 epoch=0 freq_hz=0 pkt_toa_us=99904 legal_dwell_used_us_10s=0

RFCO_PERTX during TX wait: profile_id=2 tx_status=0x00(OK) hop_idx=0 channel_idx=0 epoch=0 freq_hz=0 pkt_toa_us=98624 legal_dwell_used_us_10s=0

2026-07-27 00:28:45,069 INFO image_tx_daemon: frame seq=19 done: 3 fragments ok

RFCO_PERTX during TX wait: profile_id=2 tx_status=0x00(OK) hop_idx=0 channel_idx=0 epoch=0 freq_hz=0 pkt_toa_us=99904 legal_dwell_used_us_10s=0

RFCO_PERTX during TX wait: profile_id=2 tx_status=0x00(OK) hop_idx=0 channel_idx=0 epoch=0 freq_hz=0 pkt_toa_us=99904 legal_dwell_used_us_10s=0

RFCO_PERTX during TX wait: profile_id=2 tx_status=0x00(OK) hop_idx=0 channel_idx=0 epoch=0 freq_hz=0 pkt_toa_us=12864 legal_dwell_used_us_10s=0

2026-07-27 00:28:45,360 INFO image_tx_daemon: frame seq=27 done: 3 fragments ok

RFCO_PERTX during TX wait: profile_id=2 tx_status=0x00(OK) hop_idx=0 channel_idx=0 epoch=0 freq_hz=0 pkt_toa_us=99904 legal_dwell_used_us_10s=0

RFCO_PERTX during TX wait: profile_id=2 tx_status=0x00(OK) hop_idx=0 channel_idx=0 epoch=0 freq_hz=0 pkt_toa_us=12864 legal_dwell_used_us_10s=0

2026-07-27 00:28:45,522 INFO image_tx_daemon: frame seq=33 done: 2 fragments ok

RFCO_PERTX during TX wait: profile_id=2 tx_status=0x00(OK) hop_idx=0 channel_idx=0 epoch=0 freq_hz=0 pkt_toa_us=99904 legal_dwell_used_us_10s=0

RFCO_PERTX during TX wait: profile_id=2 tx_status=0x00(OK) hop_idx=0 channel_idx=0 epoch=0 freq_hz=0 pkt_toa_us=99904 legal_dwell_used_us_10s=0

RFCO_PERTX during TX wait: profile_id=2 tx_status=0x00(OK) hop_idx=0 channel_idx=0 epoch=0 freq_hz=0 pkt_toa_us=14144 legal_dwell_used_us_10s=0

2026-07-27 00:28:45,813 INFO image_tx_daemon: frame seq=41 done: 3 fragments ok

RFCO_PERTX during TX wait: profile_id=2 tx_status=0x00(OK) hop_idx=0 channel_idx=0 epoch=0 freq_hz=0 pkt_toa_us=99904 legal_dwell_used_us_10s=0

RFCO_PERTX during TX wait: profile_id=2 tx_status=0x00(OK) hop_idx=0 channel_idx=0 epoch=0 freq_hz=0 pkt_toa_us=11584 legal_dwell_used_us_10s=0

2026-07-27 00:28:45,975 INFO image_tx_daemon: frame seq=43 done: 2 fragments ok

RFCO_PERTX during TX wait: profile_id=2 tx_status=0x00(OK) hop_idx=0 channel_idx=0 epoch=0 freq_hz=0 pkt_toa_us=99904 legal_dwell_used_us_10s=0

2026-07-27 00:28:46,093 INFO image_tx_daemon: LoRa cmd: PROBE seq=5 phase_ms=0 (rx#2)

RFCO_PERTX during TX wait: profile_id=2 tx_status=0x00(OK) hop_idx=0 channel_idx=0 epoch=0 freq_hz=0 pkt_toa_us=99904 legal_dwell_used_us_10s=0

RFCO_PERTX during TX wait: profile_id=2 tx_status=0x00(OK) hop_idx=0 channel_idx=0 epoch=0 freq_hz=0 pkt_toa_us=12864 legal_dwell_used_us_10s=0

2026-07-27 00:28:46,266 INFO image_tx_daemon: frame seq=51 done: 3 fragments ok

RFCO_PERTX during TX wait: profile_id=2 tx_status=0x00(OK) hop_idx=0 channel_idx=0 epoch=0 freq_hz=0 pkt_toa_us=11584 legal_dwell_used_us_10s=0

RFCO_PERTX during TX wait: profile_id=2 tx_status=0x00(OK) hop_idx=0 channel_idx=0 epoch=0 freq_hz=0 pkt_toa_us=11584 legal_dwell_used_us_10s=0

RFCO_PERTX during TX wait: profile_id=2 tx_status=0x00(OK) hop_idx=0 channel_idx=0 epoch=0 freq_hz=0 pkt_toa_us=99904 legal_dwell_used_us_10s=0

RFCO_PERTX during TX wait: profile_id=2 tx_status=0x00(OK) hop_idx=0 channel_idx=0 epoch=0 freq_hz=0 pkt_toa_us=11584 legal_dwell_used_us_10s=0

2026-07-27 00:28:46,483 INFO image_tx_daemon: frame seq=53 done: 2 fragments ok

RFCO_PERTX during TX wait: profile_id=2 tx_status=0x00(OK) hop_idx=0 channel_idx=0 epoch=0 freq_hz=0 pkt_toa_us=99904 legal_dwell_used_us_10s=0

RFCO_PERTX during TX wait: profile_id=2 tx_status=0x00(OK) hop_idx=0 channel_idx=0 epoch=0 freq_hz=0 pkt_toa_us=92224 legal_dwell_used_us_10s=0

2026-07-27 00:28:46,740 INFO image_tx_daemon: frame seq=61 done: 2 fragments ok

RFCO_PERTX during TX wait: profile_id=2 tx_status=0x00(OK) hop_idx=0 channel_idx=0 epoch=0 freq_hz=0 pkt_toa_us=99904 legal_dwell_used_us_10s=0

RFCO_PERTX during TX wait: profile_id=2 tx_status=0x00(OK) hop_idx=0 channel_idx=0 epoch=0 freq_hz=0 pkt_toa_us=11584 legal_dwell_used_us_10s=0

2026-07-27 00:28:46,903 INFO image_tx_daemon: frame seq=63 done: 2 fragments ok

RFCO_PERTX during TX wait: profile_id=2 tx_status=0x00(OK) hop_idx=0 channel_idx=0 epoch=0 freq_hz=0 pkt_toa_us=99904 legal_dwell_used_us_10s=0

RFCO_PERTX during TX wait: profile_id=2 tx_status=0x00(OK) hop_idx=0 channel_idx=0 epoch=0 freq_hz=0 pkt_toa_us=99904 legal_dwell_used_us_10s=0

RFCO_PERTX during TX wait: profile_id=2 tx_status=0x00(OK) hop_idx=0 channel_idx=0 epoch=0 freq_hz=0 pkt_toa_us=99904 legal_dwell_used_us_10s=0

RFCO_PERTX during TX wait: profile_id=2 tx_status=0x00(OK) hop_idx=0 channel_idx=0 epoch=0 freq_hz=0 pkt_toa_us=17984 legal_dwell_used_us_10s=0

2026-07-27 00:28:47,331 INFO image_tx_daemon: frame seq=69 done: 4 fragments ok

RFCO_PERTX during TX wait: profile_id=2 tx_status=0x00(OK) hop_idx=0 channel_idx=0 epoch=0 freq_hz=0 pkt_toa_us=99904 legal_dwell_used_us_10s=0

RFCO_PERTX during TX wait: profile_id=2 tx_status=0x00(OK) hop_idx=0 channel_idx=0 epoch=0 freq_hz=0 pkt_toa_us=99904 legal_dwell_used_us_10s=0

RFCO_PERTX during TX wait: profile_id=2 tx_status=0x00(OK) hop_idx=0 channel_idx=0 epoch=0 freq_hz=0 pkt_toa_us=99904 legal_dwell_used_us_10s=0

RFCO_PERTX during TX wait: profile_id=2 tx_status=0x00(OK) hop_idx=0 channel_idx=0 epoch=0 freq_hz=0 pkt_toa_us=14144 legal_dwell_used_us_10s=0

2026-07-27 00:28:47,750 INFO image_tx_daemon: frame seq=72 done: 4 fragments ok

RFCO_PERTX during TX wait: profile_id=2 tx_status=0x00(OK) hop_idx=0 channel_idx=0 epoch=0 freq_hz=0 pkt_toa_us=99904 legal_dwell_used_us_10s=0

RFCO_PERTX during TX wait: profile_id=2 tx_status=0x00(OK) hop_idx=0 channel_idx=0 epoch=0 freq_hz=0 pkt_toa_us=99904 legal_dwell_used_us_10s=0

RFCO_PERTX during TX wait: profile_id=2 tx_status=0x00(OK) hop_idx=0 channel_idx=0 epoch=0 freq_hz=0 pkt_toa_us=99904 legal_dwell_used_us_10s=0

RFCO_PERTX during TX wait: profile_id=2 tx_status=0x00(OK) hop_idx=0 channel_idx=0 epoch=0 freq_hz=0 pkt_toa_us=11584 legal_dwell_used_us_10s=0

2026-07-27 00:28:48,183 INFO image_tx_daemon: frame seq=80 done: 4 fragments ok

2026-07-27 00:28:48,275 INFO image_tx_daemon: stats: goodput=825.8 B/s util=35% pipeline=v2 frames_in=100 ok=17 fail=0 drop_full=61 drop_stale=0 frags_ok=47 frags_fail=0 qdepth=4 parity_tx=0

RFCO_PERTX during TX wait: profile_id=2 tx_status=0x00(OK) hop_idx=0 channel_idx=0 epoch=0 freq_hz=0 pkt_toa_us=99904 legal_dwell_used_us_10s=0

2026-07-27 00:28:48,312 INFO image_tx_daemon: frame seq=88 done: 1 fragments ok

RFCO_PERTX during TX wait: profile_id=2 tx_status=0x00(OK) hop_idx=0 channel_idx=0 epoch=0 freq_hz=0 pkt_toa_us=99904 legal_dwell_used_us_10s=0

RFCO_PERTX during TX wait: profile_id=2 tx_status=0x00(OK) hop_idx=0 channel_idx=0 epoch=0 freq_hz=0 pkt_toa_us=11584 legal_dwell_used_us_10s=0

2026-07-27 00:28:48,474 INFO image_tx_daemon: frame seq=95 done: 2 fragments ok

RFCO_PERTX during TX wait: profile_id=2 tx_status=0x00(OK) hop_idx=0 channel_idx=0 epoch=0 freq_hz=0 pkt_toa_us=99904 legal_dwell_used_us_10s=0

RFCO_PERTX during TX wait: profile_id=2 tx_status=0x00(OK) hop_idx=0 channel_idx=0 epoch=0 freq_hz=0 pkt_toa_us=99904 legal_dwell_used_us_10s=0

RFCO_PERTX during TX wait: profile_id=2 tx_status=0x00(OK) hop_idx=0 channel_idx=0 epoch=0 freq_hz=0 pkt_toa_us=99904 legal_dwell_used_us_10s=0

RFCO_PERTX during TX wait: profile_id=2 tx_status=0x00(OK) hop_idx=0 channel_idx=0 epoch=0 freq_hz=0 pkt_toa_us=17984 legal_dwell_used_us_10s=0

2026-07-27 00:28:48,903 INFO image_tx_daemon: frame seq=101 done: 4 fragments ok

RFCO_PERTX during TX wait: profile_id=2 tx_status=0x00(OK) hop_idx=0 channel_idx=0 epoch=0 freq_hz=0 pkt_toa_us=99904 legal_dwell_used_us_10s=0

RFCO_PERTX during TX wait: profile_id=2 tx_status=0x00(OK) hop_idx=0 channel_idx=0 epoch=0 freq_hz=0 pkt_toa_us=99904 legal_dwell_used_us_10s=0

RFCO_PERTX during TX wait: profile_id=2 tx_status=0x00(OK) hop_idx=0 channel_idx=0 epoch=0 freq_hz=0 pkt_toa_us=99904 legal_dwell_used_us_10s=0

RFCO_PERTX during TX wait: profile_id=2 tx_status=0x00(OK) hop_idx=0 channel_idx=0 epoch=0 freq_hz=0 pkt_toa_us=16704 legal_dwell_used_us_10s=0

2026-07-27 00:28:49,331 INFO image_tx_daemon: frame seq=104 done: 4 fragments ok

RFCO_PERTX during TX wait: profile_id=2 tx_status=0x00(OK) hop_idx=0 channel_idx=0 epoch=0 freq_hz=0 pkt_toa_us=99904 legal_dwell_used_us_10s=0

RFCO_PERTX during TX wait: profile_id=2 tx_status=0x00(OK) hop_idx=0 channel_idx=0 epoch=0 freq_hz=0 pkt_toa_us=99904 legal_dwell_used_us_10s=0

2026-07-27 00:28:49,589 INFO image_tx_daemon: frame seq=111 done: 2 fragments ok

RFCO_PERTX during TX wait: profile_id=2 tx_status=0x00(OK) hop_idx=0 channel_idx=0 epoch=0 freq_hz=0 pkt_toa_us=99904 legal_dwell_used_us_10s=0

RFCO_PERTX during TX wait: profile_id=2 tx_status=0x00(OK) hop_idx=0 channel_idx=0 epoch=0 freq_hz=0 pkt_toa_us=99904 legal_dwell_used_us_10s=0

RFCO_PERTX during TX wait: profile_id=2 tx_status=0x00(OK) hop_idx=0 channel_idx=0 epoch=0 freq_hz=0 pkt_toa_us=99904 legal_dwell_used_us_10s=0

RFCO_PERTX during TX wait: profile_id=2 tx_status=0x00(OK) hop_idx=0 channel_idx=0 epoch=0 freq_hz=0 pkt_toa_us=12864 legal_dwell_used_us_10s=0

2026-07-27 00:28:50,012 INFO image_tx_daemon: frame seq=119 done: 4 fragments ok

RFCO_PERTX during TX wait: profile_id=2 tx_status=0x00(OK) hop_idx=0 channel_idx=0 epoch=0 freq_hz=0 pkt_toa_us=99904 legal_dwell_used_us_10s=0

RFCO_PERTX during TX wait: profile_id=2 tx_status=0x00(OK) hop_idx=0 channel_idx=0 epoch=0 freq_hz=0 pkt_toa_us=99904 legal_dwell_used_us_10s=0

RFCO_PERTX during TX wait: profile_id=2 tx_status=0x00(OK) hop_idx=0 channel_idx=0 epoch=0 freq_hz=0 pkt_toa_us=97344 legal_dwell_used_us_10s=0

2026-07-27 00:28:50,400 INFO image_tx_daemon: frame seq=125 done: 3 fragments ok

RFCO_PERTX during TX wait: profile_id=2 tx_status=0x00(OK) hop_idx=0 channel_idx=0 epoch=0 freq_hz=0 pkt_toa_us=99904 legal_dwell_used_us_10s=0

RFCO_PERTX during TX wait: profile_id=2 tx_status=0x00(OK) hop_idx=0 channel_idx=0 epoch=0 freq_hz=0 pkt_toa_us=11584 legal_dwell_used_us_10s=0

2026-07-27 00:28:50,562 INFO image_tx_daemon: frame seq=133 done: 2 fragments ok

RFCO_PERTX during TX wait: profile_id=2 tx_status=0x00(OK) hop_idx=0 channel_idx=0 epoch=0 freq_hz=0 pkt_toa_us=99904 legal_dwell_used_us_10s=0

RFCO_PERTX during TX wait: profile_id=2 tx_status=0x00(OK) hop_idx=0 channel_idx=0 epoch=0 freq_hz=0 pkt_toa_us=11584 legal_dwell_used_us_10s=0

2026-07-27 00:28:50,724 INFO image_tx_daemon: frame seq=139 done: 2 fragments ok

RFCO_PERTX during TX wait: profile_id=2 tx_status=0x00(OK) hop_idx=0 channel_idx=0 epoch=0 freq_hz=0 pkt_toa_us=99904 legal_dwell_used_us_10s=0

RFCO_PERTX during TX wait: profile_id=2 tx_status=0x00(OK) hop_idx=0 channel_idx=0 epoch=0 freq_hz=0 pkt_toa_us=99904 legal_dwell_used_us_10s=0

RFCO_PERTX during TX wait: profile_id=2 tx_status=0x00(OK) hop_idx=0 channel_idx=0 epoch=0 freq_hz=0 pkt_toa_us=99904 legal_dwell_used_us_10s=0

RFCO_PERTX during TX wait: profile_id=2 tx_status=0x00(OK) hop_idx=0 channel_idx=0 epoch=0 freq_hz=0 pkt_toa_us=12864 legal_dwell_used_us_10s=0

2026-07-27 00:28:51,153 INFO image_tx_daemon: frame seq=146 done: 4 fragments ok

RFCO_PERTX during TX wait: profile_id=2 tx_status=0x00(OK) hop_idx=0 channel_idx=0 epoch=0 freq_hz=0 pkt_toa_us=99904 legal_dwell_used_us_10s=0

2026-07-27 00:28:51,272 INFO image_tx_daemon: LoRa cmd: PROBE seq=12 phase_ms=0 (rx#3)

RFCO_PERTX during TX wait: profile_id=2 tx_status=0x00(OK) hop_idx=0 channel_idx=0 epoch=0 freq_hz=0 pkt_toa_us=11584 legal_dwell_used_us_10s=0

2026-07-27 00:28:51,317 INFO image_tx_daemon: frame seq=149 done: 2 fragments ok

RFCO_PERTX during TX wait: profile_id=2 tx_status=0x00(OK) hop_idx=0 channel_idx=0 epoch=0 freq_hz=0 pkt_toa_us=11584 legal_dwell_used_us_10s=0

RFCO_PERTX during TX wait: profile_id=2 tx_status=0x00(OK) hop_idx=0 channel_idx=0 epoch=0 freq_hz=0 pkt_toa_us=11584 legal_dwell_used_us_10s=0

RFCO_PERTX during TX wait: profile_id=2 tx_status=0x00(OK) hop_idx=0 channel_idx=0 epoch=0 freq_hz=0 pkt_toa_us=96064 legal_dwell_used_us_10s=0

2026-07-27 00:28:51,501 INFO image_tx_daemon: frame seq=158 done: 1 fragments ok

RFCO_PERTX during TX wait: profile_id=2 tx_status=0x00(OK) hop_idx=0 channel_idx=0 epoch=0 freq_hz=0 pkt_toa_us=99904 legal_dwell_used_us_10s=0

RFCO_PERTX during TX wait: profile_id=2 tx_status=0x00(OK) hop_idx=0 channel_idx=0 epoch=0 freq_hz=0 pkt_toa_us=11584 legal_dwell_used_us_10s=0

2026-07-27 00:28:51,663 INFO image_tx_daemon: frame seq=159 done: 2 fragments ok

RFCO_PERTX during TX wait: profile_id=2 tx_status=0x00(OK) hop_idx=0 channel_idx=0 epoch=0 freq_hz=0 pkt_toa_us=99904 legal_dwell_used_us_10s=0

RFCO_PERTX during TX wait: profile_id=2 tx_status=0x00(OK) hop_idx=0 channel_idx=0 epoch=0 freq_hz=0 pkt_toa_us=99904 legal_dwell_used_us_10s=0

RFCO_PERTX during TX wait: profile_id=2 tx_status=0x00(OK) hop_idx=0 channel_idx=0 epoch=0 freq_hz=0 pkt_toa_us=99904 legal_dwell_used_us_10s=0

RFCO_PERTX during TX wait: profile_id=2 tx_status=0x00(OK) hop_idx=0 channel_idx=0 epoch=0 freq_hz=0 pkt_toa_us=16704 legal_dwell_used_us_10s=0

2026-07-27 00:28:52,092 INFO image_tx_daemon: frame seq=164 done: 4 fragments ok

RFCO_PERTX during TX wait: profile_id=2 tx_status=0x00(OK) hop_idx=0 channel_idx=0 epoch=0 freq_hz=0 pkt_toa_us=99904 legal_dwell_used_us_10s=0

RFCO_PERTX during TX wait: profile_id=2 tx_status=0x00(OK) hop_idx=0 channel_idx=0 epoch=0 freq_hz=0 pkt_toa_us=99904 legal_dwell_used_us_10s=0

RFCO_PERTX during TX wait: profile_id=2 tx_status=0x00(OK) hop_idx=0 channel_idx=0 epoch=0 freq_hz=0 pkt_toa_us=99904 legal_dwell_used_us_10s=0

RFCO_PERTX during TX wait: profile_id=2 tx_status=0x00(OK) hop_idx=0 channel_idx=0 epoch=0 freq_hz=0 pkt_toa_us=17984 legal_dwell_used_us_10s=0

2026-07-27 00:28:52,522 INFO image_tx_daemon: frame seq=167 done: 4 fragments ok

RFCO_PERTX during TX wait: profile_id=2 tx_status=0x00(OK) hop_idx=0 channel_idx=0 epoch=0 freq_hz=0 pkt_toa_us=98624 legal_dwell_used_us_10s=0

2026-07-27 00:28:52,652 INFO image_tx_daemon: frame seq=175 done: 1 fragments ok

RFCO_PERTX during TX wait: profile_id=2 tx_status=0x00(OK) hop_idx=0 channel_idx=0 epoch=0 freq_hz=0 pkt_toa_us=99904 legal_dwell_used_us_10s=0

RFCO_PERTX during TX wait: profile_id=2 tx_status=0x00(OK) hop_idx=0 channel_idx=0 epoch=0 freq_hz=0 pkt_toa_us=11584 legal_dwell_used_us_10s=0

2026-07-27 00:28:52,814 INFO image_tx_daemon: frame seq=181 done: 2 fragments ok

RFCO_PERTX during TX wait: profile_id=2 tx_status=0x00(OK) hop_idx=0 channel_idx=0 epoch=0 freq_hz=0 pkt_toa_us=99904 legal_dwell_used_us_10s=0

RFCO_PERTX during TX wait: profile_id=2 tx_status=0x00(OK) hop_idx=0 channel_idx=0 epoch=0 freq_hz=0 pkt_toa_us=99904 legal_dwell_used_us_10s=0

RFCO_PERTX during TX wait: profile_id=2 tx_status=0x00(OK) hop_idx=0 channel_idx=0 epoch=0 freq_hz=0 pkt_toa_us=96064 legal_dwell_used_us_10s=0

2026-07-27 00:28:53,200 INFO image_tx_daemon: frame seq=187 done: 3 fragments ok

RFCO_PERTX during TX wait: profile_id=2 tx_status=0x00(OK) hop_idx=0 channel_idx=0 epoch=0 freq_hz=0 pkt_toa_us=99904 legal_dwell_used_us_10s=0

RFCO_PERTX during TX wait: profile_id=2 tx_status=0x00(OK) hop_idx=0 channel_idx=0 epoch=0 freq_hz=0 pkt_toa_us=99904 legal_dwell_used_us_10s=0

2026-07-27 00:28:53,461 INFO image_tx_daemon: frame seq=190 done: 2 fragments ok

RFCO_PERTX during TX wait: profile_id=2 tx_status=0x00(OK) hop_idx=0 channel_idx=0 epoch=0 freq_hz=0 pkt_toa_us=99904 legal_dwell_used_us_10s=0

RFCO_PERTX during TX wait: profile_id=2 tx_status=0x00(OK) hop_idx=0 channel_idx=0 epoch=0 freq_hz=0 pkt_toa_us=99904 legal_dwell_used_us_10s=0

RFCO_PERTX during TX wait: profile_id=2 tx_status=0x00(OK) hop_idx=0 channel_idx=0 epoch=0 freq_hz=0 pkt_toa_us=99904 legal_dwell_used_us_10s=0

RFCO_PERTX during TX wait: profile_id=2 tx_status=0x00(OK) hop_idx=0 channel_idx=0 epoch=0 freq_hz=0 pkt_toa_us=17984 legal_dwell_used_us_10s=0

2026-07-27 00:28:53,891 INFO image_tx_daemon: frame seq=196 done: 4 fragments ok

RFCO_PERTX during TX wait: profile_id=2 tx_status=0x00(OK) hop_idx=0 channel_idx=0 epoch=0 freq_hz=0 pkt_toa_us=99904 legal_dwell_used_us_10s=0

RFCO_PERTX during TX wait: profile_id=2 tx_status=0x00(OK) hop_idx=0 channel_idx=0 epoch=0 freq_hz=0 pkt_toa_us=99904 legal_dwell_used_us_10s=0

RFCO_PERTX during TX wait: profile_id=2 tx_status=0x00(OK) hop_idx=0 channel_idx=0 epoch=0 freq_hz=0 pkt_toa_us=99904 legal_dwell_used_us_10s=0

RFCO_PERTX during TX wait: profile_id=2 tx_status=0x00(OK) hop_idx=0 channel_idx=0 epoch=0 freq_hz=0 pkt_toa_us=12864 legal_dwell_used_us_10s=0

2026-07-27 00:28:54,310 INFO image_tx_daemon: frame seq=202 done: 4 fragments ok

RFCO_PERTX during TX wait: profile_id=2 tx_status=0x00(OK) hop_idx=0 channel_idx=0 epoch=0 freq_hz=0 pkt_toa_us=99904 legal_dwell_used_us_10s=0

RFCO_PERTX during TX wait: profile_id=2 tx_status=0x00(OK) hop_idx=0 channel_idx=0 epoch=0 freq_hz=0 pkt_toa_us=99904 legal_dwell_used_us_10s=0

RFCO_PERTX during TX wait: profile_id=2 tx_status=0x00(OK) hop_idx=0 channel_idx=0 epoch=0 freq_hz=0 pkt_toa_us=98624 legal_dwell_used_us_10s=0

2026-07-27 00:28:54,706 INFO image_tx_daemon: frame seq=211 done: 3 fragments ok

RFCO_PERTX during TX wait: profile_id=2 tx_status=0x00(OK) hop_idx=0 channel_idx=0 epoch=0 freq_hz=0 pkt_toa_us=99904 legal_dwell_used_us_10s=0

RFCO_PERTX during TX wait: profile_id=2 tx_status=0x00(OK) hop_idx=0 channel_idx=0 epoch=0 freq_hz=0 pkt_toa_us=11584 legal_dwell_used_us_10s=0

2026-07-27 00:28:54,869 INFO image_tx_daemon: frame seq=219 done: 2 fragments ok

RFCO_PERTX during TX wait: profile_id=2 tx_status=0x00(OK) hop_idx=0 channel_idx=0 epoch=0 freq_hz=0 pkt_toa_us=99904 legal_dwell_used_us_10s=0

RFCO_PERTX during TX wait: profile_id=2 tx_status=0x00(OK) hop_idx=0 channel_idx=0 epoch=0 freq_hz=0 pkt_toa_us=12864 legal_dwell_used_us_10s=0

2026-07-27 00:28:55,032 INFO image_tx_daemon: frame seq=225 done: 2 fragments ok

RFCO_PERTX during TX wait: profile_id=2 tx_status=0x00(OK) hop_idx=0 channel_idx=0 epoch=0 freq_hz=0 pkt_toa_us=99904 legal_dwell_used_us_10s=0

RFCO_PERTX during TX wait: profile_id=2 tx_status=0x00(OK) hop_idx=0 channel_idx=0 epoch=0 freq_hz=0 pkt_toa_us=99904 legal_dwell_used_us_10s=0

RFCO_PERTX during TX wait: profile_id=2 tx_status=0x00(OK) hop_idx=0 channel_idx=0 epoch=0 freq_hz=0 pkt_toa_us=99904 legal_dwell_used_us_10s=0

RFCO_PERTX during TX wait: profile_id=2 tx_status=0x00(OK) hop_idx=0 channel_idx=0 epoch=0 freq_hz=0 pkt_toa_us=16704 legal_dwell_used_us_10s=0

2026-07-27 00:28:55,461 INFO image_tx_daemon: frame seq=232 done: 4 fragments ok

RFCO_PERTX during TX wait: profile_id=2 tx_status=0x00(OK) hop_idx=0 channel_idx=0 epoch=0 freq_hz=0 pkt_toa_us=99904 legal_dwell_used_us_10s=0

RFCO_PERTX during TX wait: profile_id=2 tx_status=0x00(OK) hop_idx=0 channel_idx=0 epoch=0 freq_hz=0 pkt_toa_us=11584 legal_dwell_used_us_10s=0

2026-07-27 00:28:55,623 INFO image_tx_daemon: frame seq=235 done: 2 fragments ok

RFCO_PERTX during TX wait: profile_id=2 tx_status=0x00(OK) hop_idx=0 channel_idx=0 epoch=0 freq_hz=0 pkt_toa_us=99904 legal_dwell_used_us_10s=0

RFCO_PERTX during TX wait: profile_id=2 tx_status=0x00(OK) hop_idx=0 channel_idx=0 epoch=0 freq_hz=0 pkt_toa_us=99904 legal_dwell_used_us_10s=0

RFCO_PERTX during TX wait: profile_id=2 tx_status=0x00(OK) hop_idx=0 channel_idx=0 epoch=0 freq_hz=0 pkt_toa_us=12864 legal_dwell_used_us_10s=0

2026-07-27 00:28:55,914 INFO image_tx_daemon: frame seq=243 done: 3 fragments ok

RFCO_PERTX during TX wait: profile_id=2 tx_status=0x00(OK) hop_idx=0 channel_idx=0 epoch=0 freq_hz=0 pkt_toa_us=99904 legal_dwell_used_us_10s=0

RFCO_PERTX during TX wait: profile_id=2 tx_status=0x00(OK) hop_idx=0 channel_idx=0 epoch=0 freq_hz=0 pkt_toa_us=11584 legal_dwell_used_us_10s=0

2026-07-27 00:28:56,076 INFO image_tx_daemon: frame seq=245 done: 2 fragments ok

2026-07-27 00:28:56,077 INFO image_tx_daemon: batching: 70 frames in 26 trains so far (this train: 2 frames, 460 B)

RFCO_PERTX during TX wait: profile_id=2 tx_status=0x00(OK) hop_idx=0 channel_idx=0 epoch=0 freq_hz=0 pkt_toa_us=99904 legal_dwell_used_us_10s=0

RFCO_PERTX during TX wait: profile_id=2 tx_status=0x00(OK) hop_idx=0 channel_idx=0 epoch=0 freq_hz=0 pkt_toa_us=92224 legal_dwell_used_us_10s=0

2026-07-27 00:28:56,334 INFO image_tx_daemon: frame seq=253 done: 2 fragments ok

RFCO_PERTX during TX wait: profile_id=2 tx_status=0x00(OK) hop_idx=0 channel_idx=0 epoch=0 freq_hz=0 pkt_toa_us=99904 legal_dwell_used_us_10s=0

RFCO_PERTX during TX wait: profile_id=2 tx_status=0x00(OK) hop_idx=0 channel_idx=0 epoch=0 freq_hz=0 pkt_toa_us=11584 legal_dwell_used_us_10s=0

2026-07-27 00:28:56,497 INFO image_tx_daemon: frame seq=255 done: 2 fragments ok

RFCO_PERTX during TX wait: profile_id=2 tx_status=0x00(OK) hop_idx=0 channel_idx=0 epoch=0 freq_hz=0 pkt_toa_us=99904 legal_dwell_used_us_10s=0

RFCO_PERTX during TX wait: profile_id=2 tx_status=0x00(OK) hop_idx=0 channel_idx=0 epoch=0 freq_hz=0 pkt_toa_us=99904 legal_dwell_used_us_10s=0

RFCO_PERTX during TX wait: profile_id=2 tx_status=0x00(OK) hop_idx=0 channel_idx=0 epoch=0 freq_hz=0 pkt_toa_us=99904 legal_dwell_used_us_10s=0

RFCO_PERTX during TX wait: profile_id=2 tx_status=0x00(OK) hop_idx=0 channel_idx=0 epoch=0 freq_hz=0 pkt_toa_us=17984 legal_dwell_used_us_10s=0

2026-07-27 00:28:56,936 INFO image_tx_daemon: frame seq=5 done: 4 fragments ok

RFCO_PERTX during TX wait: profile_id=2 tx_status=0x00(OK) hop_idx=0 channel_idx=0 epoch=0 freq_hz=0 pkt_toa_us=99904 legal_dwell_used_us_10s=0

RFCO_PERTX during TX wait: profile_id=2 tx_status=0x00(OK) hop_idx=0 channel_idx=0 epoch=0 freq_hz=0 pkt_toa_us=99904 legal_dwell_used_us_10s=0

RFCO_PERTX during TX wait: profile_id=2 tx_status=0x00(OK) hop_idx=0 channel_idx=0 epoch=0 freq_hz=0 pkt_toa_us=99904 legal_dwell_used_us_10s=0

RFCO_PERTX during TX wait: profile_id=2 tx_status=0x00(OK) hop_idx=0 channel_idx=0 epoch=0 freq_hz=0 pkt_toa_us=14144 legal_dwell_used_us_10s=0

2026-07-27 00:28:57,356 INFO image_tx_daemon: frame seq=8 done: 4 fragments ok

RFCO_PERTX during TX wait: profile_id=2 tx_status=0x00(OK) hop_idx=0 channel_idx=0 epoch=0 freq_hz=0 pkt_toa_us=99904 legal_dwell_used_us_10s=0

RFCO_PERTX during TX wait: profile_id=2 tx_status=0x00(OK) hop_idx=0 channel_idx=0 epoch=0 freq_hz=0 pkt_toa_us=99904 legal_dwell_used_us_10s=0

RFCO_PERTX during TX wait: profile_id=2 tx_status=0x00(OK) hop_idx=0 channel_idx=0 epoch=0 freq_hz=0 pkt_toa_us=99904 legal_dwell_used_us_10s=0

RFCO_PERTX during TX wait: profile_id=2 tx_status=0x00(OK) hop_idx=0 channel_idx=0 epoch=0 freq_hz=0 pkt_toa_us=11584 legal_dwell_used_us_10s=0

2026-07-27 00:28:57,786 INFO image_tx_daemon: frame seq=16 done: 4 fragments ok

RFCO_PERTX during TX wait: profile_id=2 tx_status=0x00(OK) hop_idx=0 channel_idx=0 epoch=0 freq_hz=0 pkt_toa_us=99904 legal_dwell_used_us_10s=0

2026-07-27 00:28:57,915 INFO image_tx_daemon: frame seq=24 done: 1 fragments ok

RFCO_PERTX during TX wait: profile_id=2 tx_status=0x00(OK) hop_idx=0 channel_idx=0 epoch=0 freq_hz=0 pkt_toa_us=99904 legal_dwell_used_us_10s=0

RFCO_PERTX during TX wait: profile_id=2 tx_status=0x00(OK) hop_idx=0 channel_idx=0 epoch=0 freq_hz=0 pkt_toa_us=11584 legal_dwell_used_us_10s=0

2026-07-27 00:28:58,078 INFO image_tx_daemon: frame seq=31 done: 2 fragments ok

RFCO_PERTX during TX wait: profile_id=2 tx_status=0x00(OK) hop_idx=0 channel_idx=0 epoch=0 freq_hz=0 pkt_toa_us=99904 legal_dwell_used_us_10s=0

2026-07-27 00:28:58,287 INFO image_tx_daemon: stats: goodput=1750.0 B/s util=73% pipeline=v2 frames_in=300 ok=52 fail=0 drop_full=190 drop_stale=0 frags_ok=142 frags_fail=0 qdepth=4 parity_tx=0

RFCO_PERTX during TX wait: profile_id=2 tx_status=0x00(OK) hop_idx=0 channel_idx=0 epoch=0 freq_hz=0 pkt_toa_us=99904 legal_dwell_used_us_10s=0

RFCO_PERTX during TX wait: profile_id=2 tx_status=0x00(OK) hop_idx=0 channel_idx=0 epoch=0 freq_hz=0 pkt_toa_us=99904 legal_dwell_used_us_10s=0

RFCO_PERTX during TX wait: profile_id=2 tx_status=0x00(OK) hop_idx=0 channel_idx=0 epoch=0 freq_hz=0 pkt_toa_us=17984 legal_dwell_used_us_10s=0

2026-07-27 00:28:58,508 INFO image_tx_daemon: frame seq=37 done: 4 fragments ok

RFCO_PERTX during TX wait: profile_id=2 tx_status=0x00(OK) hop_idx=0 channel_idx=0 epoch=0 freq_hz=0 pkt_toa_us=99904 legal_dwell_used_us_10s=0

RFCO_PERTX during TX wait: profile_id=2 tx_status=0x00(OK) hop_idx=0 channel_idx=0 epoch=0 freq_hz=0 pkt_toa_us=99904 legal_dwell_used_us_10s=0

RFCO_PERTX during TX wait: profile_id=2 tx_status=0x00(OK) hop_idx=0 channel_idx=0 epoch=0 freq_hz=0 pkt_toa_us=99904 legal_dwell_used_us_10s=0

RFCO_PERTX during TX wait: profile_id=2 tx_status=0x00(OK) hop_idx=0 channel_idx=0 epoch=0 freq_hz=0 pkt_toa_us=16704 legal_dwell_used_us_10s=0

2026-07-27 00:28:58,940 INFO image_tx_daemon: frame seq=40 done: 4 fragments ok

RFCO_PERTX during TX wait: profile_id=2 tx_status=0x00(OK) hop_idx=0 channel_idx=0 epoch=0 freq_hz=0 pkt_toa_us=99904 legal_dwell_used_us_10s=0

RFCO_PERTX during TX wait: profile_id=2 tx_status=0x00(OK) hop_idx=0 channel_idx=0 epoch=0 freq_hz=0 pkt_toa_us=99904 legal_dwell_used_us_10s=0

2026-07-27 00:28:59,198 INFO image_tx_daemon: frame seq=47 done: 2 fragments ok

RFCO_PERTX during TX wait: profile_id=2 tx_status=0x00(OK) hop_idx=0 channel_idx=0 epoch=0 freq_hz=0 pkt_toa_us=99904 legal_dwell_used_us_10s=0

RFCO_PERTX during TX wait: profile_id=2 tx_status=0x00(OK) hop_idx=0 channel_idx=0 epoch=0 freq_hz=0 pkt_toa_us=99904 legal_dwell_used_us_10s=0

RFCO_PERTX during TX wait: profile_id=2 tx_status=0x00(OK) hop_idx=0 channel_idx=0 epoch=0 freq_hz=0 pkt_toa_us=99904 legal_dwell_used_us_10s=0

RFCO_PERTX during TX wait: profile_id=2 tx_status=0x00(OK) hop_idx=0 channel_idx=0 epoch=0 freq_hz=0 pkt_toa_us=12864 legal_dwell_used_us_10s=0

2026-07-27 00:28:59,618 INFO image_tx_daemon: frame seq=55 done: 4 fragments ok

RFCO_PERTX during TX wait: profile_id=2 tx_status=0x00(OK) hop_idx=0 channel_idx=0 epoch=0 freq_hz=0 pkt_toa_us=99904 legal_dwell_used_us_10s=0

RFCO_PERTX during TX wait: profile_id=2 tx_status=0x00(OK) hop_idx=0 channel_idx=0 epoch=0 freq_hz=0 pkt_toa_us=99904 legal_dwell_used_us_10s=0

RFCO_PERTX during TX wait: profile_id=2 tx_status=0x00(OK) hop_idx=0 channel_idx=0 epoch=0 freq_hz=0 pkt_toa_us=97344 legal_dwell_used_us_10s=0

2026-07-27 00:29:00,004 INFO image_tx_daemon: frame seq=61 done: 3 fragments ok

RFCO_PERTX during TX wait: profile_id=2 tx_status=0x00(OK) hop_idx=0 channel_idx=0 epoch=0 freq_hz=0 pkt_toa_us=99904 legal_dwell_used_us_10s=0

RFCO_PERTX during TX wait: profile_id=2 tx_status=0x00(OK) hop_idx=0 channel_idx=0 epoch=0 freq_hz=0 pkt_toa_us=11584 legal_dwell_used_us_10s=0

2026-07-27 00:29:00,167 INFO image_tx_daemon: frame seq=69 done: 2 fragments ok

RFCO_PERTX during TX wait: profile_id=2 tx_status=0x00(OK) hop_idx=0 channel_idx=0 epoch=0 freq_hz=0 pkt_toa_us=99904 legal_dwell_used_us_10s=0

RFCO_PERTX during TX wait: profile_id=2 tx_status=0x00(OK) hop_idx=0 channel_idx=0 epoch=0 freq_hz=0 pkt_toa_us=11584 legal_dwell_used_us_10s=0

2026-07-27 00:29:00,329 INFO image_tx_daemon: frame seq=75 done: 2 fragments ok

RFCO_PERTX during TX wait: profile_id=2 tx_status=0x00(OK) hop_idx=0 channel_idx=0 epoch=0 freq_hz=0 pkt_toa_us=99904 legal_dwell_used_us_10s=0

RFCO_PERTX during TX wait: profile_id=2 tx_status=0x00(OK) hop_idx=0 channel_idx=0 epoch=0 freq_hz=0 pkt_toa_us=99904 legal_dwell_used_us_10s=0

RFCO_PERTX during TX wait: profile_id=2 tx_status=0x00(OK) hop_idx=0 channel_idx=0 epoch=0 freq_hz=0 pkt_toa_us=99904 legal_dwell_used_us_10s=0

RFCO_PERTX during TX wait: profile_id=2 tx_status=0x00(OK) hop_idx=0 channel_idx=0 epoch=0 freq_hz=0 pkt_toa_us=12864 legal_dwell_used_us_10s=0

2026-07-27 00:29:00,748 INFO image_tx_daemon: frame seq=82 done: 4 fragments ok

RFCO_PERTX during TX wait: profile_id=2 tx_status=0x00(OK) hop_idx=0 channel_idx=0 epoch=0 freq_hz=0 pkt_toa_us=99904 legal_dwell_used_us_10s=0

RFCO_PERTX during TX wait: profile_id=2 tx_status=0x00(OK) hop_idx=0 channel_idx=0 epoch=0 freq_hz=0 pkt_toa_us=11584 legal_dwell_used_us_10s=0

2026-07-27 00:29:00,911 INFO image_tx_daemon: frame seq=85 done: 2 fragments ok

RFCO_PERTX during TX wait: profile_id=2 tx_status=0x00(OK) hop_idx=0 channel_idx=0 epoch=0 freq_hz=0 pkt_toa_us=99904 legal_dwell_used_us_10s=0

RFCO_PERTX during TX wait: profile_id=2 tx_status=0x00(OK) hop_idx=0 channel_idx=0 epoch=0 freq_hz=0 pkt_toa_us=92224 legal_dwell_used_us_10s=0

2026-07-27 00:29:01,168 INFO image_tx_daemon: frame seq=93 done: 2 fragments ok

RFCO_PERTX during TX wait: profile_id=2 tx_status=0x00(OK) hop_idx=0 channel_idx=0 epoch=0 freq_hz=0 pkt_toa_us=99904 legal_dwell_used_us_10s=0

RFCO_PERTX during TX wait: profile_id=2 tx_status=0x00(OK) hop_idx=0 channel_idx=0 epoch=0 freq_hz=0 pkt_toa_us=11584 legal_dwell_used_us_10s=0

2026-07-27 00:29:01,331 INFO image_tx_daemon: frame seq=95 done: 2 fragments ok

RFCO_PERTX during TX wait: profile_id=2 tx_status=0x00(OK) hop_idx=0 channel_idx=0 epoch=0 freq_hz=0 pkt_toa_us=99904 legal_dwell_used_us_10s=0

RFCO_PERTX during TX wait: profile_id=2 tx_status=0x00(OK) hop_idx=0 channel_idx=0 epoch=0 freq_hz=0 pkt_toa_us=99904 legal_dwell_used_us_10s=0

RFCO_PERTX during TX wait: profile_id=2 tx_status=0x00(OK) hop_idx=0 channel_idx=0 epoch=0 freq_hz=0 pkt_toa_us=99904 legal_dwell_used_us_10s=0

RFCO_PERTX during TX wait: profile_id=2 tx_status=0x00(OK) hop_idx=0 channel_idx=0 epoch=0 freq_hz=0 pkt_toa_us=19264 legal_dwell_used_us_10s=0

2026-07-27 00:29:01,760 INFO image_tx_daemon: frame seq=102 done: 4 fragments ok

RFCO_PERTX during TX wait: profile_id=2 tx_status=0x00(OK) hop_idx=0 channel_idx=0 epoch=0 freq_hz=0 pkt_toa_us=99904 legal_dwell_used_us_10s=0

RFCO_PERTX during TX wait: profile_id=2 tx_status=0x00(OK) hop_idx=0 channel_idx=0 epoch=0 freq_hz=0 pkt_toa_us=99904 legal_dwell_used_us_10s=0

RFCO_PERTX during TX wait: profile_id=2 tx_status=0x00(OK) hop_idx=0 channel_idx=0 epoch=0 freq_hz=0 pkt_toa_us=99904 legal_dwell_used_us_10s=0

RFCO_PERTX during TX wait: profile_id=2 tx_status=0x00(OK) hop_idx=0 channel_idx=0 epoch=0 freq_hz=0 pkt_toa_us=14144 legal_dwell_used_us_10s=0

2026-07-27 00:29:02,179 INFO image_tx_daemon: frame seq=105 done: 4 fragments ok

RFCO_PERTX during TX wait: profile_id=2 tx_status=0x00(OK) hop_idx=0 channel_idx=0 epoch=0 freq_hz=0 pkt_toa_us=99904 legal_dwell_used_us_10s=0

RFCO_PERTX during TX wait: profile_id=2 tx_status=0x00(OK) hop_idx=0 channel_idx=0 epoch=0 freq_hz=0 pkt_toa_us=99904 legal_dwell_used_us_10s=0

RFCO_PERTX during TX wait: profile_id=2 tx_status=0x00(OK) hop_idx=0 channel_idx=0 epoch=0 freq_hz=0 pkt_toa_us=99904 legal_dwell_used_us_10s=0

RFCO_PERTX during TX wait: profile_id=2 tx_status=0x00(OK) hop_idx=0 channel_idx=0 epoch=0 freq_hz=0 pkt_toa_us=12864 legal_dwell_used_us_10s=0

2026-07-27 00:29:02,610 INFO image_tx_daemon: frame seq=112 done: 4 fragments ok

RFCO_PERTX during TX wait: profile_id=2 tx_status=0x00(OK) hop_idx=0 channel_idx=0 epoch=0 freq_hz=0 pkt_toa_us=99904 legal_dwell_used_us_10s=0

RFCO_PERTX during TX wait: profile_id=2 tx_status=0x00(OK) hop_idx=0 channel_idx=0 epoch=0 freq_hz=0 pkt_toa_us=11584 legal_dwell_used_us_10s=0

2026-07-27 00:29:02,773 INFO image_tx_daemon: frame seq=121 done: 2 fragments ok

RFCO_PERTX during TX wait: profile_id=2 tx_status=0x00(OK) hop_idx=0 channel_idx=0 epoch=0 freq_hz=0 pkt_toa_us=99904 legal_dwell_used_us_10s=0

RFCO_PERTX during TX wait: profile_id=2 tx_status=0x00(OK) hop_idx=0 channel_idx=0 epoch=0 freq_hz=0 pkt_toa_us=11584 legal_dwell_used_us_10s=0

2026-07-27 00:29:02,936 INFO image_tx_daemon: frame seq=127 done: 2 fragments ok

RFCO_PERTX during TX wait: profile_id=2 tx_status=0x00(OK) hop_idx=0 channel_idx=0 epoch=0 freq_hz=0 pkt_toa_us=99904 legal_dwell_used_us_10s=0

RFCO_PERTX during TX wait: profile_id=2 tx_status=0x00(OK) hop_idx=0 channel_idx=0 epoch=0 freq_hz=0 pkt_toa_us=99904 legal_dwell_used_us_10s=0

RFCO_PERTX during TX wait: profile_id=2 tx_status=0x00(OK) hop_idx=0 channel_idx=0 epoch=0 freq_hz=0 pkt_toa_us=99904 legal_dwell_used_us_10s=0

RFCO_PERTX during TX wait: profile_id=2 tx_status=0x00(OK) hop_idx=0 channel_idx=0 epoch=0 freq_hz=0 pkt_toa_us=19264 legal_dwell_used_us_10s=0

2026-07-27 00:29:03,367 INFO image_tx_daemon: frame seq=134 done: 4 fragments ok

RFCO_PERTX during TX wait: profile_id=2 tx_status=0x00(OK) hop_idx=0 channel_idx=0 epoch=0 freq_hz=0 pkt_toa_us=99904 legal_dwell_used_us_10s=0

RFCO_PERTX during TX wait: profile_id=2 tx_status=0x00(OK) hop_idx=0 channel_idx=0 epoch=0 freq_hz=0 pkt_toa_us=99904 legal_dwell_used_us_10s=0

RFCO_PERTX during TX wait: profile_id=2 tx_status=0x00(OK) hop_idx=0 channel_idx=0 epoch=0 freq_hz=0 pkt_toa_us=99904 legal_dwell_used_us_10s=0

RFCO_PERTX during TX wait: profile_id=2 tx_status=0x00(OK) hop_idx=0 channel_idx=0 epoch=0 freq_hz=0 pkt_toa_us=14144 legal_dwell_used_us_10s=0

2026-07-27 00:29:03,786 INFO image_tx_daemon: frame seq=137 done: 4 fragments ok

RFCO_PERTX during TX wait: profile_id=2 tx_status=0x00(OK) hop_idx=0 channel_idx=0 epoch=0 freq_hz=0 pkt_toa_us=99904 legal_dwell_used_us_10s=0

RFCO_PERTX during TX wait: profile_id=2 tx_status=0x00(OK) hop_idx=0 channel_idx=0 epoch=0 freq_hz=0 pkt_toa_us=99904 legal_dwell_used_us_10s=0

RFCO_PERTX during TX wait: profile_id=2 tx_status=0x00(OK) hop_idx=0 channel_idx=0 epoch=0 freq_hz=0 pkt_toa_us=99904 legal_dwell_used_us_10s=0

RFCO_PERTX during TX wait: profile_id=2 tx_status=0x00(OK) hop_idx=0 channel_idx=0 epoch=0 freq_hz=0 pkt_toa_us=12864 legal_dwell_used_us_10s=0

2026-07-27 00:29:04,220 INFO image_tx_daemon: frame seq=144 done: 4 fragments ok

RFCO_PERTX during TX wait: profile_id=2 tx_status=0x00(OK) hop_idx=0 channel_idx=0 epoch=0 freq_hz=0 pkt_toa_us=99904 legal_dwell_used_us_10s=0

RFCO_PERTX during TX wait: profile_id=2 tx_status=0x00(OK) hop_idx=0 channel_idx=0 epoch=0 freq_hz=0 pkt_toa_us=11584 legal_dwell_used_us_10s=0

2026-07-27 00:29:04,383 INFO image_tx_daemon: frame seq=153 done: 2 fragments ok

RFCO_PERTX during TX wait: profile_id=2 tx_status=0x00(OK) hop_idx=0 channel_idx=0 epoch=0 freq_hz=0 pkt_toa_us=99904 legal_dwell_used_us_10s=0

RFCO_PERTX during TX wait: profile_id=2 tx_status=0x00(OK) hop_idx=0 channel_idx=0 epoch=0 freq_hz=0 pkt_toa_us=11584 legal_dwell_used_us_10s=0

2026-07-27 00:29:04,545 INFO image_tx_daemon: frame seq=159 done: 2 fragments ok

RFCO_PERTX during TX wait: profile_id=2 tx_status=0x00(OK) hop_idx=0 channel_idx=0 epoch=0 freq_hz=0 pkt_toa_us=99904 legal_dwell_used_us_10s=0

RFCO_PERTX during TX wait: profile_id=2 tx_status=0x00(OK) hop_idx=0 channel_idx=0 epoch=0 freq_hz=0 pkt_toa_us=99904 legal_dwell_used_us_10s=0

RFCO_PERTX during TX wait: profile_id=2 tx_status=0x00(OK) hop_idx=0 channel_idx=0 epoch=0 freq_hz=0 pkt_toa_us=99904 legal_dwell_used_us_10s=0

RFCO_PERTX during TX wait: profile_id=2 tx_status=0x00(OK) hop_idx=0 channel_idx=0 epoch=0 freq_hz=0 pkt_toa_us=19264 legal_dwell_used_us_10s=0

2026-07-27 00:29:04,974 INFO image_tx_daemon: frame seq=166 done: 4 fragments ok

RFCO_PERTX during TX wait: profile_id=2 tx_status=0x00(OK) hop_idx=0 channel_idx=0 epoch=0 freq_hz=0 pkt_toa_us=99904 legal_dwell_used_us_10s=0

RFCO_PERTX during TX wait: profile_id=2 tx_status=0x00(OK) hop_idx=0 channel_idx=0 epoch=0 freq_hz=0 pkt_toa_us=99904 legal_dwell_used_us_10s=0

RFCO_PERTX during TX wait: profile_id=2 tx_status=0x00(OK) hop_idx=0 channel_idx=0 epoch=0 freq_hz=0 pkt_toa_us=99904 legal_dwell_used_us_10s=0

RFCO_PERTX during TX wait: profile_id=2 tx_status=0x00(OK) hop_idx=0 channel_idx=0 epoch=0 freq_hz=0 pkt_toa_us=14144 legal_dwell_used_us_10s=0

2026-07-27 00:29:05,393 INFO image_tx_daemon: frame seq=169 done: 4 fragments ok

RFCO_PERTX during TX wait: profile_id=2 tx_status=0x00(OK) hop_idx=0 channel_idx=0 epoch=0 freq_hz=0 pkt_toa_us=99904 legal_dwell_used_us_10s=0

RFCO_PERTX during TX wait: profile_id=2 tx_status=0x00(OK) hop_idx=0 channel_idx=0 epoch=0 freq_hz=0 pkt_toa_us=99904 legal_dwell_used_us_10s=0

RFCO_PERTX during TX wait: profile_id=2 tx_status=0x00(OK) hop_idx=0 channel_idx=0 epoch=0 freq_hz=0 pkt_toa_us=99904 legal_dwell_used_us_10s=0

RFCO_PERTX during TX wait: profile_id=2 tx_status=0x00(OK) hop_idx=0 channel_idx=0 epoch=0 freq_hz=0 pkt_toa_us=12864 legal_dwell_used_us_10s=0

2026-07-27 00:29:05,824 INFO image_tx_daemon: frame seq=177 done: 4 fragments ok

RFCO_PERTX during TX wait: profile_id=2 tx_status=0x00(OK) hop_idx=0 channel_idx=0 epoch=0 freq_hz=0 pkt_toa_us=99904 legal_dwell_used_us_10s=0

RFCO_PERTX during TX wait: profile_id=2 tx_status=0x00(OK) hop_idx=0 channel_idx=0 epoch=0 freq_hz=0 pkt_toa_us=99904 legal_dwell_used_us_10s=0

RFCO_PERTX during TX wait: profile_id=2 tx_status=0x00(OK) hop_idx=0 channel_idx=0 epoch=0 freq_hz=0 pkt_toa_us=12864 legal_dwell_used_us_10s=0

2026-07-27 00:29:06,115 INFO image_tx_daemon: frame seq=185 done: 3 fragments ok

RFCO_PERTX during TX wait: profile_id=2 tx_status=0x00(OK) hop_idx=0 channel_idx=0 epoch=0 freq_hz=0 pkt_toa_us=99904 legal_dwell_used_us_10s=0

RFCO_PERTX during TX wait: profile_id=2 tx_status=0x00(OK) hop_idx=0 channel_idx=0 epoch=0 freq_hz=0 pkt_toa_us=12864 legal_dwell_used_us_10s=0

2026-07-27 00:29:06,277 INFO image_tx_daemon: frame seq=193 done: 2 fragments ok

RFCO_PERTX during TX wait: profile_id=2 tx_status=0x00(OK) hop_idx=0 channel_idx=0 epoch=0 freq_hz=0 pkt_toa_us=99904 legal_dwell_used_us_10s=0

RFCO_PERTX during TX wait: profile_id=2 tx_status=0x00(OK) hop_idx=0 channel_idx=0 epoch=0 freq_hz=0 pkt_toa_us=99904 legal_dwell_used_us_10s=0

RFCO_PERTX during TX wait: profile_id=2 tx_status=0x00(OK) hop_idx=0 channel_idx=0 epoch=0 freq_hz=0 pkt_toa_us=14144 legal_dwell_used_us_10s=0

2026-07-27 00:29:06,569 INFO image_tx_daemon: frame seq=201 done: 3 fragments ok

RFCO_PERTX during TX wait: profile_id=2 tx_status=0x00(OK) hop_idx=0 channel_idx=0 epoch=0 freq_hz=0 pkt_toa_us=99904 legal_dwell_used_us_10s=0

RFCO_PERTX during TX wait: profile_id=2 tx_status=0x00(OK) hop_idx=0 channel_idx=0 epoch=0 freq_hz=0 pkt_toa_us=11584 legal_dwell_used_us_10s=0

2026-07-27 00:29:06,731 INFO image_tx_daemon: frame seq=203 done: 2 fragments ok

RFCO_PERTX during TX wait: profile_id=2 tx_status=0x00(OK) hop_idx=0 channel_idx=0 epoch=0 freq_hz=0 pkt_toa_us=99904 legal_dwell_used_us_10s=0

RFCO_PERTX during TX wait: profile_id=2 tx_status=0x00(OK) hop_idx=0 channel_idx=0 epoch=0 freq_hz=0 pkt_toa_us=99904 legal_dwell_used_us_10s=0

RFCO_PERTX during TX wait: profile_id=2 tx_status=0x00(OK) hop_idx=0 channel_idx=0 epoch=0 freq_hz=0 pkt_toa_us=99904 legal_dwell_used_us_10s=0

RFCO_PERTX during TX wait: profile_id=2 tx_status=0x00(OK) hop_idx=0 channel_idx=0 epoch=0 freq_hz=0 pkt_toa_us=12864 legal_dwell_used_us_10s=0

2026-07-27 00:29:07,150 INFO image_tx_daemon: frame seq=210 done: 4 fragments ok

RFCO_PERTX during TX wait: profile_id=2 tx_status=0x00(OK) hop_idx=0 channel_idx=0 epoch=0 freq_hz=0 pkt_toa_us=99904 legal_dwell_used_us_10s=0

RFCO_PERTX during TX wait: profile_id=2 tx_status=0x00(OK) hop_idx=0 channel_idx=0 epoch=0 freq_hz=0 pkt_toa_us=11584 legal_dwell_used_us_10s=0

2026-07-27 00:29:07,312 INFO image_tx_daemon: frame seq=213 done: 2 fragments ok

RFCO_PERTX during TX wait: profile_id=2 tx_status=0x00(OK) hop_idx=0 channel_idx=0 epoch=0 freq_hz=0 pkt_toa_us=99904 legal_dwell_used_us_10s=0

RFCO_PERTX during TX wait: profile_id=2 tx_status=0x00(OK) hop_idx=0 channel_idx=0 epoch=0 freq_hz=0 pkt_toa_us=92224 legal_dwell_used_us_10s=0

2026-07-27 00:29:07,570 INFO image_tx_daemon: frame seq=221 done: 2 fragments ok

RFCO_PERTX during TX wait: profile_id=2 tx_status=0x00(OK) hop_idx=0 channel_idx=0 epoch=0 freq_hz=0 pkt_toa_us=99904 legal_dwell_used_us_10s=0

RFCO_PERTX during TX wait: profile_id=2 tx_status=0x00(OK) hop_idx=0 channel_idx=0 epoch=0 freq_hz=0 pkt_toa_us=11584 legal_dwell_used_us_10s=0

2026-07-27 00:29:07,732 INFO image_tx_daemon: frame seq=223 done: 2 fragments ok

RFCO_PERTX during TX wait: profile_id=2 tx_status=0x00(OK) hop_idx=0 channel_idx=0 epoch=0 freq_hz=0 pkt_toa_us=99904 legal_dwell_used_us_10s=0

RFCO_PERTX during TX wait: profile_id=2 tx_status=0x00(OK) hop_idx=0 channel_idx=0 epoch=0 freq_hz=0 pkt_toa_us=99904 legal_dwell_used_us_10s=0

RFCO_PERTX during TX wait: profile_id=2 tx_status=0x00(OK) hop_idx=0 channel_idx=0 epoch=0 freq_hz=0 pkt_toa_us=99904 legal_dwell_used_us_10s=0

RFCO_PERTX during TX wait: profile_id=2 tx_status=0x00(OK) hop_idx=0 channel_idx=0 epoch=0 freq_hz=0 pkt_toa_us=19264 legal_dwell_used_us_10s=0

2026-07-27 00:29:08,161 INFO image_tx_daemon: frame seq=230 done: 4 fragments ok

2026-07-27 00:29:08,162 INFO image_tx_daemon: batching: 140 frames in 51 trains so far (this train: 3 frames, 730 B)

RFCO_PERTX during TX wait: profile_id=2 tx_status=0x00(OK) hop_idx=0 channel_idx=0 epoch=0 freq_hz=0 pkt_toa_us=99904 legal_dwell_used_us_10s=0

2026-07-27 00:29:08,298 INFO image_tx_daemon: stats: goodput=1756.6 B/s util=74% pipeline=v2 frames_in=500 ok=85 fail=0 drop_full=320 drop_stale=0 frags_ok=241 frags_fail=0 qdepth=4 parity_tx=0

RFCO_PERTX during TX wait: profile_id=2 tx_status=0x00(OK) hop_idx=0 channel_idx=0 epoch=0 freq_hz=0 pkt_toa_us=99904 legal_dwell_used_us_10s=0

RFCO_PERTX during TX wait: profile_id=2 tx_status=0x00(OK) hop_idx=0 channel_idx=0 epoch=0 freq_hz=0 pkt_toa_us=99904 legal_dwell_used_us_10s=0

RFCO_PERTX during TX wait: profile_id=2 tx_status=0x00(OK) hop_idx=0 channel_idx=0 epoch=0 freq_hz=0 pkt_toa_us=14144 legal_dwell_used_us_10s=0

2026-07-27 00:29:08,581 INFO image_tx_daemon: frame seq=233 done: 4 fragments ok

RFCO_PERTX during TX wait: profile_id=2 tx_status=0x00(OK) hop_idx=0 channel_idx=0 epoch=0 freq_hz=0 pkt_toa_us=99904 legal_dwell_used_us_10s=0

RFCO_PERTX during TX wait: profile_id=2 tx_status=0x00(OK) hop_idx=0 channel_idx=0 epoch=0 freq_hz=0 pkt_toa_us=99904 legal_dwell_used_us_10s=0

RFCO_PERTX during TX wait: profile_id=2 tx_status=0x00(OK) hop_idx=0 channel_idx=0 epoch=0 freq_hz=0 pkt_toa_us=99904 legal_dwell_used_us_10s=0

RFCO_PERTX during TX wait: profile_id=2 tx_status=0x00(OK) hop_idx=0 channel_idx=0 epoch=0 freq_hz=0 pkt_toa_us=12864 legal_dwell_used_us_10s=0

2026-07-27 00:29:09,011 INFO image_tx_daemon: frame seq=240 done: 4 fragments ok

RFCO_PERTX during TX wait: profile_id=2 tx_status=0x00(OK) hop_idx=0 channel_idx=0 epoch=0 freq_hz=0 pkt_toa_us=99904 legal_dwell_used_us_10s=0

RFCO_PERTX during TX wait: profile_id=2 tx_status=0x00(OK) hop_idx=0 channel_idx=0 epoch=0 freq_hz=0 pkt_toa_us=11584 legal_dwell_used_us_10s=0

2026-07-27 00:29:09,174 INFO image_tx_daemon: frame seq=249 done: 2 fragments ok

RFCO_PERTX during TX wait: profile_id=2 tx_status=0x00(OK) hop_idx=0 channel_idx=0 epoch=0 freq_hz=0 pkt_toa_us=99904 legal_dwell_used_us_10s=0

RFCO_PERTX during TX wait: profile_id=2 tx_status=0x00(OK) hop_idx=0 channel_idx=0 epoch=0 freq_hz=0 pkt_toa_us=11584 legal_dwell_used_us_10s=0

2026-07-27 00:29:09,336 INFO image_tx_daemon: frame seq=255 done: 2 fragments ok

RFCO_PERTX during TX wait: profile_id=2 tx_status=0x00(OK) hop_idx=0 channel_idx=0 epoch=0 freq_hz=0 pkt_toa_us=99904 legal_dwell_used_us_10s=0

RFCO_PERTX during TX wait: profile_id=2 tx_status=0x00(OK) hop_idx=0 channel_idx=0 epoch=0 freq_hz=0 pkt_toa_us=99904 legal_dwell_used_us_10s=0

RFCO_PERTX during TX wait: profile_id=2 tx_status=0x00(OK) hop_idx=0 channel_idx=0 epoch=0 freq_hz=0 pkt_toa_us=99904 legal_dwell_used_us_10s=0

RFCO_PERTX during TX wait: profile_id=2 tx_status=0x00(OK) hop_idx=0 channel_idx=0 epoch=0 freq_hz=0 pkt_toa_us=19264 legal_dwell_used_us_10s=0

2026-07-27 00:29:09,769 INFO image_tx_daemon: frame seq=6 done: 4 fragments ok

RFCO_PERTX during TX wait: profile_id=2 tx_status=0x00(OK) hop_idx=0 channel_idx=0 epoch=0 freq_hz=0 pkt_toa_us=99904 legal_dwell_used_us_10s=0

RFCO_PERTX during TX wait: profile_id=2 tx_status=0x00(OK) hop_idx=0 channel_idx=0 epoch=0 freq_hz=0 pkt_toa_us=99904 legal_dwell_used_us_10s=0

RFCO_PERTX during TX wait: profile_id=2 tx_status=0x00(OK) hop_idx=0 channel_idx=0 epoch=0 freq_hz=0 pkt_toa_us=99904 legal_dwell_used_us_10s=0

RFCO_PERTX during TX wait: profile_id=2 tx_status=0x00(OK) hop_idx=0 channel_idx=0 epoch=0 freq_hz=0 pkt_toa_us=14144 legal_dwell_used_us_10s=0

2026-07-27 00:29:10,188 INFO image_tx_daemon: frame seq=9 done: 4 fragments ok

RFCO_PERTX during TX wait: profile_id=2 tx_status=0x00(OK) hop_idx=0 channel_idx=0 epoch=0 freq_hz=0 pkt_toa_us=99904 legal_dwell_used_us_10s=0

RFCO_PERTX during TX wait: profile_id=2 tx_status=0x00(OK) hop_idx=0 channel_idx=0 epoch=0 freq_hz=0 pkt_toa_us=99904 legal_dwell_used_us_10s=0

RFCO_PERTX during TX wait: profile_id=2 tx_status=0x00(OK) hop_idx=0 channel_idx=0 epoch=0 freq_hz=0 pkt_toa_us=99904 legal_dwell_used_us_10s=0

RFCO_PERTX during TX wait: profile_id=2 tx_status=0x00(OK) hop_idx=0 channel_idx=0 epoch=0 freq_hz=0 pkt_toa_us=12864 legal_dwell_used_us_10s=0

2026-07-27 00:29:10,617 INFO image_tx_daemon: frame seq=16 done: 4 fragments ok

RFCO_PERTX during TX wait: profile_id=2 tx_status=0x00(OK) hop_idx=0 channel_idx=0 epoch=0 freq_hz=0 pkt_toa_us=99904 legal_dwell_used_us_10s=0

RFCO_PERTX during TX wait: profile_id=2 tx_status=0x00(OK) hop_idx=0 channel_idx=0 epoch=0 freq_hz=0 pkt_toa_us=11584 legal_dwell_used_us_10s=0

2026-07-27 00:29:10,779 INFO image_tx_daemon: frame seq=25 done: 2 fragments ok

RFCO_PERTX during TX wait: profile_id=2 tx_status=0x00(OK) hop_idx=0 channel_idx=0 epoch=0 freq_hz=0 pkt_toa_us=99904 legal_dwell_used_us_10s=0

RFCO_PERTX during TX wait: profile_id=2 tx_status=0x00(OK) hop_idx=0 channel_idx=0 epoch=0 freq_hz=0 pkt_toa_us=11584 legal_dwell_used_us_10s=0

2026-07-27 00:29:10,941 INFO image_tx_daemon: frame seq=31 done: 2 fragments ok

RFCO_PERTX during TX wait: profile_id=2 tx_status=0x00(OK) hop_idx=0 channel_idx=0 epoch=0 freq_hz=0 pkt_toa_us=99904 legal_dwell_used_us_10s=0

RFCO_PERTX during TX wait: profile_id=2 tx_status=0x00(OK) hop_idx=0 channel_idx=0 epoch=0 freq_hz=0 pkt_toa_us=99904 legal_dwell_used_us_10s=0

RFCO_PERTX during TX wait: profile_id=2 tx_status=0x00(OK) hop_idx=0 channel_idx=0 epoch=0 freq_hz=0 pkt_toa_us=99904 legal_dwell_used_us_10s=0

RFCO_PERTX during TX wait: profile_id=2 tx_status=0x00(OK) hop_idx=0 channel_idx=0 epoch=0 freq_hz=0 pkt_toa_us=19264 legal_dwell_used_us_10s=0

2026-07-27 00:29:11,371 INFO image_tx_daemon: frame seq=38 done: 4 fragments ok

RFCO_PERTX during TX wait: profile_id=2 tx_status=0x00(OK) hop_idx=0 channel_idx=0 epoch=0 freq_hz=0 pkt_toa_us=99904 legal_dwell_used_us_10s=0

RFCO_PERTX during TX wait: profile_id=2 tx_status=0x00(OK) hop_idx=0 channel_idx=0 epoch=0 freq_hz=0 pkt_toa_us=99904 legal_dwell_used_us_10s=0

RFCO_PERTX during TX wait: profile_id=2 tx_status=0x00(OK) hop_idx=0 channel_idx=0 epoch=0 freq_hz=0 pkt_toa_us=99904 legal_dwell_used_us_10s=0

RFCO_PERTX during TX wait: profile_id=2 tx_status=0x00(OK) hop_idx=0 channel_idx=0 epoch=0 freq_hz=0 pkt_toa_us=14144 legal_dwell_used_us_10s=0

2026-07-27 00:29:11,790 INFO image_tx_daemon: frame seq=41 done: 4 fragments ok

RFCO_PERTX during TX wait: profile_id=2 tx_status=0x00(OK) hop_idx=0 channel_idx=0 epoch=0 freq_hz=0 pkt_toa_us=99904 legal_dwell_used_us_10s=0

RFCO_PERTX during TX wait: profile_id=2 tx_status=0x00(OK) hop_idx=0 channel_idx=0 epoch=0 freq_hz=0 pkt_toa_us=99904 legal_dwell_used_us_10s=0

RFCO_PERTX during TX wait: profile_id=2 tx_status=0x00(OK) hop_idx=0 channel_idx=0 epoch=0 freq_hz=0 pkt_toa_us=99904 legal_dwell_used_us_10s=0

RFCO_PERTX during TX wait: profile_id=2 tx_status=0x00(OK) hop_idx=0 channel_idx=0 epoch=0 freq_hz=0 pkt_toa_us=12864 legal_dwell_used_us_10s=0

2026-07-27 00:29:12,221 INFO image_tx_daemon: frame seq=48 done: 4 fragments ok

RFCO_PERTX during TX wait: profile_id=2 tx_status=0x00(OK) hop_idx=0 channel_idx=0 epoch=0 freq_hz=0 pkt_toa_us=99904 legal_dwell_used_us_10s=0

RFCO_PERTX during TX wait: profile_id=2 tx_status=0x00(OK) hop_idx=0 channel_idx=0 epoch=0 freq_hz=0 pkt_toa_us=11584 legal_dwell_used_us_10s=0

2026-07-27 00:29:12,385 INFO image_tx_daemon: frame seq=57 done: 2 fragments ok

RFCO_PERTX during TX wait: profile_id=2 tx_status=0x00(OK) hop_idx=0 channel_idx=0 epoch=0 freq_hz=0 pkt_toa_us=99904 legal_dwell_used_us_10s=0

RFCO_PERTX during TX wait: profile_id=2 tx_status=0x00(OK) hop_idx=0 channel_idx=0 epoch=0 freq_hz=0 pkt_toa_us=11584 legal_dwell_used_us_10s=0

2026-07-27 00:29:12,547 INFO image_tx_daemon: frame seq=63 done: 2 fragments ok

RFCO_PERTX during TX wait: profile_id=2 tx_status=0x00(OK) hop_idx=0 channel_idx=0 epoch=0 freq_hz=0 pkt_toa_us=99904 legal_dwell_used_us_10s=0

RFCO_PERTX during TX wait: profile_id=2 tx_status=0x00(OK) hop_idx=0 channel_idx=0 epoch=0 freq_hz=0 pkt_toa_us=99904 legal_dwell_used_us_10s=0

RFCO_PERTX during TX wait: profile_id=2 tx_status=0x00(OK) hop_idx=0 channel_idx=0 epoch=0 freq_hz=0 pkt_toa_us=99904 legal_dwell_used_us_10s=0

RFCO_PERTX during TX wait: profile_id=2 tx_status=0x00(OK) hop_idx=0 channel_idx=0 epoch=0 freq_hz=0 pkt_toa_us=19264 legal_dwell_used_us_10s=0

2026-07-27 00:29:12,976 INFO image_tx_daemon: frame seq=70 done: 4 fragments ok

RFCO_PERTX during TX wait: profile_id=2 tx_status=0x00(OK) hop_idx=0 channel_idx=0 epoch=0 freq_hz=0 pkt_toa_us=99904 legal_dwell_used_us_10s=0

RFCO_PERTX during TX wait: profile_id=2 tx_status=0x00(OK) hop_idx=0 channel_idx=0 epoch=0 freq_hz=0 pkt_toa_us=99904 legal_dwell_used_us_10s=0

RFCO_PERTX during TX wait: profile_id=2 tx_status=0x00(OK) hop_idx=0 channel_idx=0 epoch=0 freq_hz=0 pkt_toa_us=99904 legal_dwell_used_us_10s=0

RFCO_PERTX during TX wait: profile_id=2 tx_status=0x00(OK) hop_idx=0 channel_idx=0 epoch=0 freq_hz=0 pkt_toa_us=14144 legal_dwell_used_us_10s=0

2026-07-27 00:29:13,395 INFO image_tx_daemon: frame seq=73 done: 4 fragments ok

RFCO_PERTX during TX wait: profile_id=2 tx_status=0x00(OK) hop_idx=0 channel_idx=0 epoch=0 freq_hz=0 pkt_toa_us=99904 legal_dwell_used_us_10s=0

RFCO_PERTX during TX wait: profile_id=2 tx_status=0x00(OK) hop_idx=0 channel_idx=0 epoch=0 freq_hz=0 pkt_toa_us=99904 legal_dwell_used_us_10s=0

RFCO_PERTX during TX wait: profile_id=2 tx_status=0x00(OK) hop_idx=0 channel_idx=0 epoch=0 freq_hz=0 pkt_toa_us=99904 legal_dwell_used_us_10s=0

RFCO_PERTX during TX wait: profile_id=2 tx_status=0x00(OK) hop_idx=0 channel_idx=0 epoch=0 freq_hz=0 pkt_toa_us=12864 legal_dwell_used_us_10s=0

2026-07-27 00:29:13,827 INFO image_tx_daemon: frame seq=81 done: 4 fragments ok

RFCO_PERTX during TX wait: profile_id=2 tx_status=0x00(OK) hop_idx=0 channel_idx=0 epoch=0 freq_hz=0 pkt_toa_us=99904 legal_dwell_used_us_10s=0

RFCO_PERTX during TX wait: profile_id=2 tx_status=0x00(OK) hop_idx=0 channel_idx=0 epoch=0 freq_hz=0 pkt_toa_us=99904 legal_dwell_used_us_10s=0

RFCO_PERTX during TX wait: profile_id=2 tx_status=0x00(OK) hop_idx=0 channel_idx=0 epoch=0 freq_hz=0 pkt_toa_us=12864 legal_dwell_used_us_10s=0

2026-07-27 00:29:14,118 INFO image_tx_daemon: frame seq=89 done: 3 fragments ok

RFCO_PERTX during TX wait: profile_id=2 tx_status=0x00(OK) hop_idx=0 channel_idx=0 epoch=0 freq_hz=0 pkt_toa_us=99904 legal_dwell_used_us_10s=0

RFCO_PERTX during TX wait: profile_id=2 tx_status=0x00(OK) hop_idx=0 channel_idx=0 epoch=0 freq_hz=0 pkt_toa_us=12864 legal_dwell_used_us_10s=0

2026-07-27 00:29:14,280 INFO image_tx_daemon: frame seq=97 done: 2 fragments ok

RFCO_PERTX during TX wait: profile_id=2 tx_status=0x00(OK) hop_idx=0 channel_idx=0 epoch=0 freq_hz=0 pkt_toa_us=99904 legal_dwell_used_us_10s=0

RFCO_PERTX during TX wait: profile_id=2 tx_status=0x00(OK) hop_idx=0 channel_idx=0 epoch=0 freq_hz=0 pkt_toa_us=99904 legal_dwell_used_us_10s=0

RFCO_PERTX during TX wait: profile_id=2 tx_status=0x00(OK) hop_idx=0 channel_idx=0 epoch=0 freq_hz=0 pkt_toa_us=14144 legal_dwell_used_us_10s=0

2026-07-27 00:29:14,571 INFO image_tx_daemon: frame seq=105 done: 3 fragments ok

RFCO_PERTX during TX wait: profile_id=2 tx_status=0x00(OK) hop_idx=0 channel_idx=0 epoch=0 freq_hz=0 pkt_toa_us=99904 legal_dwell_used_us_10s=0

RFCO_PERTX during TX wait: profile_id=2 tx_status=0x00(OK) hop_idx=0 channel_idx=0 epoch=0 freq_hz=0 pkt_toa_us=11584 legal_dwell_used_us_10s=0

2026-07-27 00:29:14,733 INFO image_tx_daemon: frame seq=107 done: 2 fragments ok

RFCO_PERTX during TX wait: profile_id=2 tx_status=0x00(OK) hop_idx=0 channel_idx=0 epoch=0 freq_hz=0 pkt_toa_us=99904 legal_dwell_used_us_10s=0

RFCO_PERTX during TX wait: profile_id=2 tx_status=0x00(OK) hop_idx=0 channel_idx=0 epoch=0 freq_hz=0 pkt_toa_us=99904 legal_dwell_used_us_10s=0

RFCO_PERTX during TX wait: profile_id=2 tx_status=0x00(OK) hop_idx=0 channel_idx=0 epoch=0 freq_hz=0 pkt_toa_us=99904 legal_dwell_used_us_10s=0

RFCO_PERTX during TX wait: profile_id=2 tx_status=0x00(OK) hop_idx=0 channel_idx=0 epoch=0 freq_hz=0 pkt_toa_us=12864 legal_dwell_used_us_10s=0

2026-07-27 00:29:15,154 INFO image_tx_daemon: frame seq=114 done: 4 fragments ok

RFCO_PERTX during TX wait: profile_id=2 tx_status=0x00(OK) hop_idx=0 channel_idx=0 epoch=0 freq_hz=0 pkt_toa_us=99904 legal_dwell_used_us_10s=0

RFCO_PERTX during TX wait: profile_id=2 tx_status=0x00(OK) hop_idx=0 channel_idx=0 epoch=0 freq_hz=0 pkt_toa_us=11584 legal_dwell_used_us_10s=0

2026-07-27 00:29:15,317 INFO image_tx_daemon: frame seq=117 done: 2 fragments ok

RFCO_PERTX during TX wait: profile_id=2 tx_status=0x00(OK) hop_idx=0 channel_idx=0 epoch=0 freq_hz=0 pkt_toa_us=99904 legal_dwell_used_us_10s=0

RFCO_PERTX during TX wait: profile_id=2 tx_status=0x00(OK) hop_idx=0 channel_idx=0 epoch=0 freq_hz=0 pkt_toa_us=92224 legal_dwell_used_us_10s=0

2026-07-27 00:29:15,574 INFO image_tx_daemon: frame seq=125 done: 2 fragments ok

RFCO_PERTX during TX wait: profile_id=2 tx_status=0x00(OK) hop_idx=0 channel_idx=0 epoch=0 freq_hz=0 pkt_toa_us=99904 legal_dwell_used_us_10s=0

RFCO_PERTX during TX wait: profile_id=2 tx_status=0x00(OK) hop_idx=0 channel_idx=0 epoch=0 freq_hz=0 pkt_toa_us=11584 legal_dwell_used_us_10s=0

2026-07-27 00:29:15,737 INFO image_tx_daemon: frame seq=127 done: 2 fragments ok

RFCO_PERTX during TX wait: profile_id=2 tx_status=0x00(OK) hop_idx=0 channel_idx=0 epoch=0 freq_hz=0 pkt_toa_us=99904 legal_dwell_used_us_10s=0

2026-07-27 00:29:15,856 INFO image_tx_daemon: LoRa cmd: PROBE seq=46 phase_ms=0 (rx#4)

RFCO_PERTX during TX wait: profile_id=2 tx_status=0x00(OK) hop_idx=0 channel_idx=0 epoch=0 freq_hz=0 pkt_toa_us=99904 legal_dwell_used_us_10s=0

RFCO_PERTX during TX wait: profile_id=2 tx_status=0x00(OK) hop_idx=0 channel_idx=0 epoch=0 freq_hz=0 pkt_toa_us=99904 legal_dwell_used_us_10s=0

RFCO_PERTX during TX wait: profile_id=2 tx_status=0x00(OK) hop_idx=0 channel_idx=0 epoch=0 freq_hz=0 pkt_toa_us=19264 legal_dwell_used_us_10s=0

2026-07-27 00:29:16,167 INFO image_tx_daemon: frame seq=134 done: 4 fragments ok

RFCO_PERTX during TX wait: profile_id=2 tx_status=0x00(OK) hop_idx=0 channel_idx=0 epoch=0 freq_hz=0 pkt_toa_us=11584 legal_dwell_used_us_10s=0

RFCO_PERTX during TX wait: profile_id=2 tx_status=0x00(OK) hop_idx=0 channel_idx=0 epoch=0 freq_hz=0 pkt_toa_us=11584 legal_dwell_used_us_10s=0

RFCO_PERTX during TX wait: profile_id=2 tx_status=0x00(OK) hop_idx=0 channel_idx=0 epoch=0 freq_hz=0 pkt_toa_us=99904 legal_dwell_used_us_10s=0

RFCO_PERTX during TX wait: profile_id=2 tx_status=0x00(OK) hop_idx=0 channel_idx=0 epoch=0 freq_hz=0 pkt_toa_us=99904 legal_dwell_used_us_10s=0

RFCO_PERTX during TX wait: profile_id=2 tx_status=0x00(OK) hop_idx=0 channel_idx=0 epoch=0 freq_hz=0 pkt_toa_us=99904 legal_dwell_used_us_10s=0

RFCO_PERTX during TX wait: profile_id=2 tx_status=0x00(OK) hop_idx=0 channel_idx=0 epoch=0 freq_hz=0 pkt_toa_us=14144 legal_dwell_used_us_10s=0

2026-07-27 00:29:16,641 INFO image_tx_daemon: frame seq=137 done: 4 fragments ok

RFCO_PERTX during TX wait: profile_id=2 tx_status=0x00(OK) hop_idx=0 channel_idx=0 epoch=0 freq_hz=0 pkt_toa_us=99904 legal_dwell_used_us_10s=0

RFCO_PERTX during TX wait: profile_id=2 tx_status=0x00(OK) hop_idx=0 channel_idx=0 epoch=0 freq_hz=0 pkt_toa_us=99904 legal_dwell_used_us_10s=0

RFCO_PERTX during TX wait: profile_id=2 tx_status=0x00(OK) hop_idx=0 channel_idx=0 epoch=0 freq_hz=0 pkt_toa_us=99904 legal_dwell_used_us_10s=0

RFCO_PERTX during TX wait: profile_id=2 tx_status=0x00(OK) hop_idx=0 channel_idx=0 epoch=0 freq_hz=0 pkt_toa_us=14144 legal_dwell_used_us_10s=0

2026-07-27 00:29:17,060 INFO image_tx_daemon: frame seq=145 done: 4 fragments ok

RFCO_PERTX during TX wait: profile_id=2 tx_status=0x00(OK) hop_idx=0 channel_idx=0 epoch=0 freq_hz=0 pkt_toa_us=99904 legal_dwell_used_us_10s=0

RFCO_PERTX during TX wait: profile_id=2 tx_status=0x00(OK) hop_idx=0 channel_idx=0 epoch=0 freq_hz=0 pkt_toa_us=96064 legal_dwell_used_us_10s=0

2026-07-27 00:29:17,317 INFO image_tx_daemon: frame seq=154 done: 2 fragments ok

RFCO_PERTX during TX wait: profile_id=2 tx_status=0x00(OK) hop_idx=0 channel_idx=0 epoch=0 freq_hz=0 pkt_toa_us=99904 legal_dwell_used_us_10s=0

RFCO_PERTX during TX wait: profile_id=2 tx_status=0x00(OK) hop_idx=0 channel_idx=0 epoch=0 freq_hz=0 pkt_toa_us=12864 legal_dwell_used_us_10s=0

2026-07-27 00:29:17,480 INFO image_tx_daemon: frame seq=161 done: 2 fragments ok

RFCO_PERTX during TX wait: profile_id=2 tx_status=0x00(OK) hop_idx=0 channel_idx=0 epoch=0 freq_hz=0 pkt_toa_us=99904 legal_dwell_used_us_10s=0

RFCO_PERTX during TX wait: profile_id=2 tx_status=0x00(OK) hop_idx=0 channel_idx=0 epoch=0 freq_hz=0 pkt_toa_us=99904 legal_dwell_used_us_10s=0

RFCO_PERTX during TX wait: profile_id=2 tx_status=0x00(OK) hop_idx=0 channel_idx=0 epoch=0 freq_hz=0 pkt_toa_us=14144 legal_dwell_used_us_10s=0

2026-07-27 00:29:17,770 INFO image_tx_daemon: frame seq=169 done: 3 fragments ok

RFCO_PERTX during TX wait: profile_id=2 tx_status=0x00(OK) hop_idx=0 channel_idx=0 epoch=0 freq_hz=0 pkt_toa_us=99904 legal_dwell_used_us_10s=0

RFCO_PERTX during TX wait: profile_id=2 tx_status=0x00(OK) hop_idx=0 channel_idx=0 epoch=0 freq_hz=0 pkt_toa_us=11584 legal_dwell_used_us_10s=0

2026-07-27 00:29:17,932 INFO image_tx_daemon: frame seq=171 done: 2 fragments ok

RFCO_PERTX during TX wait: profile_id=2 tx_status=0x00(OK) hop_idx=0 channel_idx=0 epoch=0 freq_hz=0 pkt_toa_us=99904 legal_dwell_used_us_10s=0

RFCO_PERTX during TX wait: profile_id=2 tx_status=0x00(OK) hop_idx=0 channel_idx=0 epoch=0 freq_hz=0 pkt_toa_us=99904 legal_dwell_used_us_10s=0

RFCO_PERTX during TX wait: profile_id=2 tx_status=0x00(OK) hop_idx=0 channel_idx=0 epoch=0 freq_hz=0 pkt_toa_us=99904 legal_dwell_used_us_10s=0

2026-07-27 00:29:18,307 INFO image_tx_daemon: stats: goodput=1733.4 B/s util=73% pipeline=v2 frames_in=700 ok=117 fail=0 drop_full=453 drop_stale=0 frags_ok=340 frags_fail=0 qdepth=4 parity_tx=0

RFCO_PERTX during TX wait: profile_id=2 tx_status=0x00(OK) hop_idx=0 channel_idx=0 epoch=0 freq_hz=0 pkt_toa_us=12864 legal_dwell_used_us_10s=0

2026-07-27 00:29:18,352 INFO image_tx_daemon: frame seq=178 done: 4 fragments ok

RFCO_PERTX during TX wait: profile_id=2 tx_status=0x00(OK) hop_idx=0 channel_idx=0 epoch=0 freq_hz=0 pkt_toa_us=99904 legal_dwell_used_us_10s=0

RFCO_PERTX during TX wait: profile_id=2 tx_status=0x00(OK) hop_idx=0 channel_idx=0 epoch=0 freq_hz=0 pkt_toa_us=11584 legal_dwell_used_us_10s=0

2026-07-27 00:29:18,514 INFO image_tx_daemon: frame seq=181 done: 2 fragments ok

RFCO_PERTX during TX wait: profile_id=2 tx_status=0x00(OK) hop_idx=0 channel_idx=0 epoch=0 freq_hz=0 pkt_toa_us=99904 legal_dwell_used_us_10s=0

RFCO_PERTX during TX wait: profile_id=2 tx_status=0x00(OK) hop_idx=0 channel_idx=0 epoch=0 freq_hz=0 pkt_toa_us=92224 legal_dwell_used_us_10s=0

2026-07-27 00:29:18,771 INFO image_tx_daemon: frame seq=189 done: 2 fragments ok

RFCO_PERTX during TX wait: profile_id=2 tx_status=0x00(OK) hop_idx=0 channel_idx=0 epoch=0 freq_hz=0 pkt_toa_us=99904 legal_dwell_used_us_10s=0

RFCO_PERTX during TX wait: profile_id=2 tx_status=0x00(OK) hop_idx=0 channel_idx=0 epoch=0 freq_hz=0 pkt_toa_us=11584 legal_dwell_used_us_10s=0

2026-07-27 00:29:18,933 INFO image_tx_daemon: frame seq=191 done: 2 fragments ok

RFCO_PERTX during TX wait: profile_id=2 tx_status=0x00(OK) hop_idx=0 channel_idx=0 epoch=0 freq_hz=0 pkt_toa_us=99904 legal_dwell_used_us_10s=0

RFCO_PERTX during TX wait: profile_id=2 tx_status=0x00(OK) hop_idx=0 channel_idx=0 epoch=0 freq_hz=0 pkt_toa_us=99904 legal_dwell_used_us_10s=0

RFCO_PERTX during TX wait: profile_id=2 tx_status=0x00(OK) hop_idx=0 channel_idx=0 epoch=0 freq_hz=0 pkt_toa_us=99904 legal_dwell_used_us_10s=0

RFCO_PERTX during TX wait: profile_id=2 tx_status=0x00(OK) hop_idx=0 channel_idx=0 epoch=0 freq_hz=0 pkt_toa_us=19264 legal_dwell_used_us_10s=0

2026-07-27 00:29:19,372 INFO image_tx_daemon: frame seq=198 done: 4 fragments ok

RFCO_PERTX during TX wait: profile_id=2 tx_status=0x00(OK) hop_idx=0 channel_idx=0 epoch=0 freq_hz=0 pkt_toa_us=99904 legal_dwell_used_us_10s=0

RFCO_PERTX during TX wait: profile_id=2 tx_status=0x00(OK) hop_idx=0 channel_idx=0 epoch=0 freq_hz=0 pkt_toa_us=99904 legal_dwell_used_us_10s=0

RFCO_PERTX during TX wait: profile_id=2 tx_status=0x00(OK) hop_idx=0 channel_idx=0 epoch=0 freq_hz=0 pkt_toa_us=99904 legal_dwell_used_us_10s=0

RFCO_PERTX during TX wait: profile_id=2 tx_status=0x00(OK) hop_idx=0 channel_idx=0 epoch=0 freq_hz=0 pkt_toa_us=14144 legal_dwell_used_us_10s=0

2026-07-27 00:29:19,791 INFO image_tx_daemon: frame seq=201 done: 4 fragments ok

RFCO_PERTX during TX wait: profile_id=2 tx_status=0x00(OK) hop_idx=0 channel_idx=0 epoch=0 freq_hz=0 pkt_toa_us=99904 legal_dwell_used_us_10s=0

RFCO_PERTX during TX wait: profile_id=2 tx_status=0x00(OK) hop_idx=0 channel_idx=0 epoch=0 freq_hz=0 pkt_toa_us=99904 legal_dwell_used_us_10s=0

RFCO_PERTX during TX wait: profile_id=2 tx_status=0x00(OK) hop_idx=0 channel_idx=0 epoch=0 freq_hz=0 pkt_toa_us=99904 legal_dwell_used_us_10s=0

RFCO_PERTX during TX wait: profile_id=2 tx_status=0x00(OK) hop_idx=0 channel_idx=0 epoch=0 freq_hz=0 pkt_toa_us=12864 legal_dwell_used_us_10s=0

2026-07-27 00:29:20,215 INFO image_tx_daemon: frame seq=208 done: 4 fragments ok

RFCO_PERTX during TX wait: profile_id=2 tx_status=0x00(OK) hop_idx=0 channel_idx=0 epoch=0 freq_hz=0 pkt_toa_us=99904 legal_dwell_used_us_10s=0

RFCO_PERTX during TX wait: profile_id=2 tx_status=0x00(OK) hop_idx=0 channel_idx=0 epoch=0 freq_hz=0 pkt_toa_us=11584 legal_dwell_used_us_10s=0

2026-07-27 00:29:20,378 INFO image_tx_daemon: frame seq=217 done: 2 fragments ok

RFCO_PERTX during TX wait: profile_id=2 tx_status=0x00(OK) hop_idx=0 channel_idx=0 epoch=0 freq_hz=0 pkt_toa_us=99904 legal_dwell_used_us_10s=0

RFCO_PERTX during TX wait: profile_id=2 tx_status=0x00(OK) hop_idx=0 channel_idx=0 epoch=0 freq_hz=0 pkt_toa_us=11584 legal_dwell_used_us_10s=0

2026-07-27 00:29:20,543 INFO image_tx_daemon: frame seq=223 done: 2 fragments ok

2026-07-27 00:29:20,544 INFO image_tx_daemon: batching: 209 frames in 76 trains so far (this train: 3 frames, 744 B)

RFCO_PERTX during TX wait: profile_id=2 tx_status=0x00(OK) hop_idx=0 channel_idx=0 epoch=0 freq_hz=0 pkt_toa_us=99904 legal_dwell_used_us_10s=0

RFCO_PERTX during TX wait: profile_id=2 tx_status=0x00(OK) hop_idx=0 channel_idx=0 epoch=0 freq_hz=0 pkt_toa_us=99904 legal_dwell_used_us_10s=0

RFCO_PERTX during TX wait: profile_id=2 tx_status=0x00(OK) hop_idx=0 channel_idx=0 epoch=0 freq_hz=0 pkt_toa_us=99904 legal_dwell_used_us_10s=0

RFCO_PERTX during TX wait: profile_id=2 tx_status=0x00(OK) hop_idx=0 channel_idx=0 epoch=0 freq_hz=0 pkt_toa_us=19264 legal_dwell_used_us_10s=0

2026-07-27 00:29:20,974 INFO image_tx_daemon: frame seq=230 done: 4 fragments ok

RFCO_PERTX during TX wait: profile_id=2 tx_status=0x00(OK) hop_idx=0 channel_idx=0 epoch=0 freq_hz=0 pkt_toa_us=99904 legal_dwell_used_us_10s=0

RFCO_PERTX during TX wait: profile_id=2 tx_status=0x00(OK) hop_idx=0 channel_idx=0 epoch=0 freq_hz=0 pkt_toa_us=99904 legal_dwell_used_us_10s=0

RFCO_PERTX during TX wait: profile_id=2 tx_status=0x00(OK) hop_idx=0 channel_idx=0 epoch=0 freq_hz=0 pkt_toa_us=99904 legal_dwell_used_us_10s=0

RFCO_PERTX during TX wait: profile_id=2 tx_status=0x00(OK) hop_idx=0 channel_idx=0 epoch=0 freq_hz=0 pkt_toa_us=14144 legal_dwell_used_us_10s=0

2026-07-27 00:29:21,392 INFO image_tx_daemon: frame seq=233 done: 4 fragments ok

RFCO_PERTX during TX wait: profile_id=2 tx_status=0x00(OK) hop_idx=0 channel_idx=0 epoch=0 freq_hz=0 pkt_toa_us=99904 legal_dwell_used_us_10s=0

RFCO_PERTX during TX wait: profile_id=2 tx_status=0x00(OK) hop_idx=0 channel_idx=0 epoch=0 freq_hz=0 pkt_toa_us=99904 legal_dwell_used_us_10s=0

RFCO_PERTX during TX wait: profile_id=2 tx_status=0x00(OK) hop_idx=0 channel_idx=0 epoch=0 freq_hz=0 pkt_toa_us=99904 legal_dwell_used_us_10s=0

RFCO_PERTX during TX wait: profile_id=2 tx_status=0x00(OK) hop_idx=0 channel_idx=0 epoch=0 freq_hz=0 pkt_toa_us=12864 legal_dwell_used_us_10s=0

2026-07-27 00:29:21,824 INFO image_tx_daemon: frame seq=241 done: 4 fragments ok

RFCO_PERTX during TX wait: profile_id=2 tx_status=0x00(OK) hop_idx=0 channel_idx=0 epoch=0 freq_hz=0 pkt_toa_us=99904 legal_dwell_used_us_10s=0

RFCO_PERTX during TX wait: profile_id=2 tx_status=0x00(OK) hop_idx=0 channel_idx=0 epoch=0 freq_hz=0 pkt_toa_us=99904 legal_dwell_used_us_10s=0

RFCO_PERTX during TX wait: profile_id=2 tx_status=0x00(OK) hop_idx=0 channel_idx=0 epoch=0 freq_hz=0 pkt_toa_us=12864 legal_dwell_used_us_10s=0

2026-07-27 00:29:22,115 INFO image_tx_daemon: frame seq=249 done: 3 fragments ok

RFCO_PERTX during TX wait: profile_id=2 tx_status=0x00(OK) hop_idx=0 channel_idx=0 epoch=0 freq_hz=0 pkt_toa_us=99904 legal_dwell_used_us_10s=0

RFCO_PERTX during TX wait: profile_id=2 tx_status=0x00(OK) hop_idx=0 channel_idx=0 epoch=0 freq_hz=0 pkt_toa_us=12864 legal_dwell_used_us_10s=0

2026-07-27 00:29:22,277 INFO image_tx_daemon: frame seq=1 done: 2 fragments ok

RFCO_PERTX during TX wait: profile_id=2 tx_status=0x00(OK) hop_idx=0 channel_idx=0 epoch=0 freq_hz=0 pkt_toa_us=99904 legal_dwell_used_us_10s=0

RFCO_PERTX during TX wait: profile_id=2 tx_status=0x00(OK) hop_idx=0 channel_idx=0 epoch=0 freq_hz=0 pkt_toa_us=99904 legal_dwell_used_us_10s=0

RFCO_PERTX during TX wait: profile_id=2 tx_status=0x00(OK) hop_idx=0 channel_idx=0 epoch=0 freq_hz=0 pkt_toa_us=14144 legal_dwell_used_us_10s=0

2026-07-27 00:29:22,567 INFO image_tx_daemon: frame seq=9 done: 3 fragments ok

RFCO_PERTX during TX wait: profile_id=2 tx_status=0x00(OK) hop_idx=0 channel_idx=0 epoch=0 freq_hz=0 pkt_toa_us=99904 legal_dwell_used_us_10s=0

RFCO_PERTX during TX wait: profile_id=2 tx_status=0x00(OK) hop_idx=0 channel_idx=0 epoch=0 freq_hz=0 pkt_toa_us=11584 legal_dwell_used_us_10s=0

2026-07-27 00:29:22,730 INFO image_tx_daemon: frame seq=11 done: 2 fragments ok

RFCO_PERTX during TX wait: profile_id=2 tx_status=0x00(OK) hop_idx=0 channel_idx=0 epoch=0 freq_hz=0 pkt_toa_us=99904 legal_dwell_used_us_10s=0

RFCO_PERTX during TX wait: profile_id=2 tx_status=0x00(OK) hop_idx=0 channel_idx=0 epoch=0 freq_hz=0 pkt_toa_us=99904 legal_dwell_used_us_10s=0

RFCO_PERTX during TX wait: profile_id=2 tx_status=0x00(OK) hop_idx=0 channel_idx=0 epoch=0 freq_hz=0 pkt_toa_us=99904 legal_dwell_used_us_10s=0

RFCO_PERTX during TX wait: profile_id=2 tx_status=0x00(OK) hop_idx=0 channel_idx=0 epoch=0 freq_hz=0 pkt_toa_us=12864 legal_dwell_used_us_10s=0

2026-07-27 00:29:23,149 INFO image_tx_daemon: frame seq=18 done: 4 fragments ok

RFCO_PERTX during TX wait: profile_id=2 tx_status=0x00(OK) hop_idx=0 channel_idx=0 epoch=0 freq_hz=0 pkt_toa_us=99904 legal_dwell_used_us_10s=0

RFCO_PERTX during TX wait: profile_id=2 tx_status=0x00(OK) hop_idx=0 channel_idx=0 epoch=0 freq_hz=0 pkt_toa_us=11584 legal_dwell_used_us_10s=0

2026-07-27 00:29:23,311 INFO image_tx_daemon: frame seq=21 done: 2 fragments ok

RFCO_PERTX during TX wait: profile_id=2 tx_status=0x00(OK) hop_idx=0 channel_idx=0 epoch=0 freq_hz=0 pkt_toa_us=99904 legal_dwell_used_us_10s=0

RFCO_PERTX during TX wait: profile_id=2 tx_status=0x00(OK) hop_idx=0 channel_idx=0 epoch=0 freq_hz=0 pkt_toa_us=92224 legal_dwell_used_us_10s=0

2026-07-27 00:29:23,568 INFO image_tx_daemon: frame seq=29 done: 2 fragments ok

RFCO_PERTX during TX wait: profile_id=2 tx_status=0x00(OK) hop_idx=0 channel_idx=0 epoch=0 freq_hz=0 pkt_toa_us=99904 legal_dwell_used_us_10s=0

RFCO_PERTX during TX wait: profile_id=2 tx_status=0x00(OK) hop_idx=0 channel_idx=0 epoch=0 freq_hz=0 pkt_toa_us=11584 legal_dwell_used_us_10s=0

2026-07-27 00:29:23,730 INFO image_tx_daemon: frame seq=31 done: 2 fragments ok

RFCO_PERTX during TX wait: profile_id=2 tx_status=0x00(OK) hop_idx=0 channel_idx=0 epoch=0 freq_hz=0 pkt_toa_us=99904 legal_dwell_used_us_10s=0

RFCO_PERTX during TX wait: profile_id=2 tx_status=0x00(OK) hop_idx=0 channel_idx=0 epoch=0 freq_hz=0 pkt_toa_us=99904 legal_dwell_used_us_10s=0

RFCO_PERTX during TX wait: profile_id=2 tx_status=0x00(OK) hop_idx=0 channel_idx=0 epoch=0 freq_hz=0 pkt_toa_us=99904 legal_dwell_used_us_10s=0

RFCO_PERTX during TX wait: profile_id=2 tx_status=0x00(OK) hop_idx=0 channel_idx=0 epoch=0 freq_hz=0 pkt_toa_us=19264 legal_dwell_used_us_10s=0

2026-07-27 00:29:24,159 INFO image_tx_daemon: frame seq=38 done: 4 fragments ok

RFCO_PERTX during TX wait: profile_id=2 tx_status=0x00(OK) hop_idx=0 channel_idx=0 epoch=0 freq_hz=0 pkt_toa_us=99904 legal_dwell_used_us_10s=0

RFCO_PERTX during TX wait: profile_id=2 tx_status=0x00(OK) hop_idx=0 channel_idx=0 epoch=0 freq_hz=0 pkt_toa_us=99904 legal_dwell_used_us_10s=0

RFCO_PERTX during TX wait: profile_id=2 tx_status=0x00(OK) hop_idx=0 channel_idx=0 epoch=0 freq_hz=0 pkt_toa_us=99904 legal_dwell_used_us_10s=0

RFCO_PERTX during TX wait: profile_id=2 tx_status=0x00(OK) hop_idx=0 channel_idx=0 epoch=0 freq_hz=0 pkt_toa_us=14144 legal_dwell_used_us_10s=0

2026-07-27 00:29:24,578 INFO image_tx_daemon: frame seq=41 done: 4 fragments ok

RFCO_PERTX during TX wait: profile_id=2 tx_status=0x00(OK) hop_idx=0 channel_idx=0 epoch=0 freq_hz=0 pkt_toa_us=99904 legal_dwell_used_us_10s=0

RFCO_PERTX during TX wait: profile_id=2 tx_status=0x00(OK) hop_idx=0 channel_idx=0 epoch=0 freq_hz=0 pkt_toa_us=99904 legal_dwell_used_us_10s=0

RFCO_PERTX during TX wait: profile_id=2 tx_status=0x00(OK) hop_idx=0 channel_idx=0 epoch=0 freq_hz=0 pkt_toa_us=99904 legal_dwell_used_us_10s=0

RFCO_PERTX during TX wait: profile_id=2 tx_status=0x00(OK) hop_idx=0 channel_idx=0 epoch=0 freq_hz=0 pkt_toa_us=12864 legal_dwell_used_us_10s=0

2026-07-27 00:29:25,010 INFO image_tx_daemon: frame seq=48 done: 4 fragments ok

RFCO_PERTX during TX wait: profile_id=2 tx_status=0x00(OK) hop_idx=0 channel_idx=0 epoch=0 freq_hz=0 pkt_toa_us=99904 legal_dwell_used_us_10s=0

RFCO_PERTX during TX wait: profile_id=2 tx_status=0x00(OK) hop_idx=0 channel_idx=0 epoch=0 freq_hz=0 pkt_toa_us=11584 legal_dwell_used_us_10s=0

2026-07-27 00:29:25,172 INFO image_tx_daemon: frame seq=57 done: 2 fragments ok

RFCO_PERTX during TX wait: profile_id=2 tx_status=0x00(OK) hop_idx=0 channel_idx=0 epoch=0 freq_hz=0 pkt_toa_us=99904 legal_dwell_used_us_10s=0

2026-07-27 00:29:25,291 INFO image_tx_daemon: LoRa cmd: PROBE seq=59 phase_ms=0 (rx#5)

RFCO_PERTX during TX wait: profile_id=2 tx_status=0x00(OK) hop_idx=0 channel_idx=0 epoch=0 freq_hz=0 pkt_toa_us=11584 legal_dwell_used_us_10s=0

2026-07-27 00:29:25,336 INFO image_tx_daemon: frame seq=63 done: 2 fragments ok

RFCO_PERTX during TX wait: profile_id=2 tx_status=0x00(OK) hop_idx=0 channel_idx=0 epoch=0 freq_hz=0 pkt_toa_us=11584 legal_dwell_used_us_10s=0

RFCO_PERTX during TX wait: profile_id=2 tx_status=0x00(OK) hop_idx=0 channel_idx=0 epoch=0 freq_hz=0 pkt_toa_us=11584 legal_dwell_used_us_10s=0

RFCO_PERTX during TX wait: profile_id=2 tx_status=0x00(OK) hop_idx=0 channel_idx=0 epoch=0 freq_hz=0 pkt_toa_us=99904 legal_dwell_used_us_10s=0

RFCO_PERTX during TX wait: profile_id=2 tx_status=0x00(OK) hop_idx=0 channel_idx=0 epoch=0 freq_hz=0 pkt_toa_us=99904 legal_dwell_used_us_10s=0

RFCO_PERTX during TX wait: profile_id=2 tx_status=0x00(OK) hop_idx=0 channel_idx=0 epoch=0 freq_hz=0 pkt_toa_us=99904 legal_dwell_used_us_10s=0

RFCO_PERTX during TX wait: profile_id=2 tx_status=0x00(OK) hop_idx=0 channel_idx=0 epoch=0 freq_hz=0 pkt_toa_us=20544 legal_dwell_used_us_10s=0

2026-07-27 00:29:25,820 INFO image_tx_daemon: frame seq=71 done: 4 fragments ok

RFCO_PERTX during TX wait: profile_id=2 tx_status=0x00(OK) hop_idx=0 channel_idx=0 epoch=0 freq_hz=0 pkt_toa_us=99904 legal_dwell_used_us_10s=0

RFCO_PERTX during TX wait: profile_id=2 tx_status=0x00(OK) hop_idx=0 channel_idx=0 epoch=0 freq_hz=0 pkt_toa_us=99904 legal_dwell_used_us_10s=0

2026-07-27 00:29:26,081 INFO image_tx_daemon: frame seq=74 done: 2 fragments ok

RFCO_PERTX during TX wait: profile_id=2 tx_status=0x00(OK) hop_idx=0 channel_idx=0 epoch=0 freq_hz=0 pkt_toa_us=99904 legal_dwell_used_us_10s=0

2026-07-27 00:29:26,211 INFO image_tx_daemon: frame seq=80 done: 1 fragments ok

RFCO_PERTX during TX wait: profile_id=2 tx_status=0x00(OK) hop_idx=0 channel_idx=0 epoch=0 freq_hz=0 pkt_toa_us=99904 legal_dwell_used_us_10s=0

RFCO_PERTX during TX wait: profile_id=2 tx_status=0x00(OK) hop_idx=0 channel_idx=0 epoch=0 freq_hz=0 pkt_toa_us=11584 legal_dwell_used_us_10s=0

2026-07-27 00:29:26,373 INFO image_tx_daemon: frame seq=85 done: 2 fragments ok

RFCO_PERTX during TX wait: profile_id=2 tx_status=0x00(OK) hop_idx=0 channel_idx=0 epoch=0 freq_hz=0 pkt_toa_us=99904 legal_dwell_used_us_10s=0

RFCO_PERTX during TX wait: profile_id=2 tx_status=0x00(OK) hop_idx=0 channel_idx=0 epoch=0 freq_hz=0 pkt_toa_us=99904 legal_dwell_used_us_10s=0

RFCO_PERTX during TX wait: profile_id=2 tx_status=0x00(OK) hop_idx=0 channel_idx=0 epoch=0 freq_hz=0 pkt_toa_us=97344 legal_dwell_used_us_10s=0

2026-07-27 00:29:26,765 INFO image_tx_daemon: frame seq=90 done: 3 fragments ok

RFCO_PERTX during TX wait: profile_id=2 tx_status=0x00(OK) hop_idx=0 channel_idx=0 epoch=0 freq_hz=0 pkt_toa_us=99904 legal_dwell_used_us_10s=0

RFCO_PERTX during TX wait: profile_id=2 tx_status=0x00(OK) hop_idx=0 channel_idx=0 epoch=0 freq_hz=0 pkt_toa_us=99904 legal_dwell_used_us_10s=0

RFCO_PERTX during TX wait: profile_id=2 tx_status=0x00(OK) hop_idx=0 channel_idx=0 epoch=0 freq_hz=0 pkt_toa_us=98624 legal_dwell_used_us_10s=0

2026-07-27 00:29:27,151 INFO image_tx_daemon: frame seq=93 done: 3 fragments ok

RFCO_PERTX during TX wait: profile_id=2 tx_status=0x00(OK) hop_idx=0 channel_idx=0 epoch=0 freq_hz=0 pkt_toa_us=99904 legal_dwell_used_us_10s=0

RFCO_PERTX during TX wait: profile_id=2 tx_status=0x00(OK) hop_idx=0 channel_idx=0 epoch=0 freq_hz=0 pkt_toa_us=99904 legal_dwell_used_us_10s=0

RFCO_PERTX during TX wait: profile_id=2 tx_status=0x00(OK) hop_idx=0 channel_idx=0 epoch=0 freq_hz=0 pkt_toa_us=12864 legal_dwell_used_us_10s=0

2026-07-27 00:29:27,442 INFO image_tx_daemon: frame seq=100 done: 3 fragments ok

RFCO_PERTX during TX wait: profile_id=2 tx_status=0x00(OK) hop_idx=0 channel_idx=0 epoch=0 freq_hz=0 pkt_toa_us=99904 legal_dwell_used_us_10s=0

RFCO_PERTX during TX wait: profile_id=2 tx_status=0x00(OK) hop_idx=0 channel_idx=0 epoch=0 freq_hz=0 pkt_toa_us=11584 legal_dwell_used_us_10s=0

2026-07-27 00:29:27,604 INFO image_tx_daemon: frame seq=107 done: 2 fragments ok

RFCO_PERTX during TX wait: profile_id=2 tx_status=0x00(OK) hop_idx=0 channel_idx=0 epoch=0 freq_hz=0 pkt_toa_us=99904 legal_dwell_used_us_10s=0

RFCO_PERTX during TX wait: profile_id=2 tx_status=0x00(OK) hop_idx=0 channel_idx=0 epoch=0 freq_hz=0 pkt_toa_us=99904 legal_dwell_used_us_10s=0

RFCO_PERTX during TX wait: profile_id=2 tx_status=0x00(OK) hop_idx=0 channel_idx=0 epoch=0 freq_hz=0 pkt_toa_us=12864 legal_dwell_used_us_10s=0

2026-07-27 00:29:27,894 INFO image_tx_daemon: frame seq=115 done: 3 fragments ok

RFCO_PERTX during TX wait: profile_id=2 tx_status=0x00(OK) hop_idx=0 channel_idx=0 epoch=0 freq_hz=0 pkt_toa_us=99904 legal_dwell_used_us_10s=0

RFCO_PERTX during TX wait: profile_id=2 tx_status=0x00(OK) hop_idx=0 channel_idx=0 epoch=0 freq_hz=0 pkt_toa_us=11584 legal_dwell_used_us_10s=0

2026-07-27 00:29:28,057 INFO image_tx_daemon: frame seq=117 done: 2 fragments ok

RFCO_PERTX during TX wait: profile_id=2 tx_status=0x00(OK) hop_idx=0 channel_idx=0 epoch=0 freq_hz=0 pkt_toa_us=99904 legal_dwell_used_us_10s=0

RFCO_PERTX during TX wait: profile_id=2 tx_status=0x00(OK) hop_idx=0 channel_idx=0 epoch=0 freq_hz=0 pkt_toa_us=99904 legal_dwell_used_us_10s=0

2026-07-27 00:29:28,322 INFO image_tx_daemon: stats: goodput=1727.3 B/s util=73% pipeline=v2 frames_in=900 ok=152 fail=0 drop_full=583 drop_stale=0 frags_ok=438 frags_fail=0 qdepth=4 parity_tx=0

RFCO_PERTX during TX wait: profile_id=2 tx_status=0x00(OK) hop_idx=0 channel_idx=0 epoch=0 freq_hz=0 pkt_toa_us=92224 legal_dwell_used_us_10s=0

2026-07-27 00:29:28,452 INFO image_tx_daemon: frame seq=124 done: 3 fragments ok

RFCO_PERTX during TX wait: profile_id=2 tx_status=0x00(OK) hop_idx=0 channel_idx=0 epoch=0 freq_hz=0 pkt_toa_us=99904 legal_dwell_used_us_10s=0

RFCO_PERTX during TX wait: profile_id=2 tx_status=0x00(OK) hop_idx=0 channel_idx=0 epoch=0 freq_hz=0 pkt_toa_us=11584 legal_dwell_used_us_10s=0

2026-07-27 00:29:28,615 INFO image_tx_daemon: frame seq=127 done: 2 fragments ok

RFCO_PERTX during TX wait: profile_id=2 tx_status=0x00(OK) hop_idx=0 channel_idx=0 epoch=0 freq_hz=0 pkt_toa_us=99904 legal_dwell_used_us_10s=0

RFCO_PERTX during TX wait: profile_id=2 tx_status=0x00(OK) hop_idx=0 channel_idx=0 epoch=0 freq_hz=0 pkt_toa_us=99904 legal_dwell_used_us_10s=0

RFCO_PERTX during TX wait: profile_id=2 tx_status=0x00(OK) hop_idx=0 channel_idx=0 epoch=0 freq_hz=0 pkt_toa_us=99904 legal_dwell_used_us_10s=0

RFCO_PERTX during TX wait: profile_id=2 tx_status=0x00(OK) hop_idx=0 channel_idx=0 epoch=0 freq_hz=0 pkt_toa_us=20544 legal_dwell_used_us_10s=0

2026-07-27 00:29:29,044 INFO image_tx_daemon: frame seq=135 done: 4 fragments ok

RFCO_PERTX during TX wait: profile_id=2 tx_status=0x00(OK) hop_idx=0 channel_idx=0 epoch=0 freq_hz=0 pkt_toa_us=99904 legal_dwell_used_us_10s=0

RFCO_PERTX during TX wait: profile_id=2 tx_status=0x00(OK) hop_idx=0 channel_idx=0 epoch=0 freq_hz=0 pkt_toa_us=99904 legal_dwell_used_us_10s=0

RFCO_PERTX during TX wait: profile_id=2 tx_status=0x00(OK) hop_idx=0 channel_idx=0 epoch=0 freq_hz=0 pkt_toa_us=99904 legal_dwell_used_us_10s=0

RFCO_PERTX during TX wait: profile_id=2 tx_status=0x00(OK) hop_idx=0 channel_idx=0 epoch=0 freq_hz=0 pkt_toa_us=12864 legal_dwell_used_us_10s=0

2026-07-27 00:29:29,463 INFO image_tx_daemon: frame seq=138 done: 4 fragments ok

RFCO_PERTX during TX wait: profile_id=2 tx_status=0x00(OK) hop_idx=0 channel_idx=0 epoch=0 freq_hz=0 pkt_toa_us=99904 legal_dwell_used_us_10s=0

RFCO_PERTX during TX wait: profile_id=2 tx_status=0x00(OK) hop_idx=0 channel_idx=0 epoch=0 freq_hz=0 pkt_toa_us=99904 legal_dwell_used_us_10s=0

RFCO_PERTX during TX wait: profile_id=2 tx_status=0x00(OK) hop_idx=0 channel_idx=0 epoch=0 freq_hz=0 pkt_toa_us=99904 legal_dwell_used_us_10s=0

RFCO_PERTX during TX wait: profile_id=2 tx_status=0x00(OK) hop_idx=0 channel_idx=0 epoch=0 freq_hz=0 pkt_toa_us=12864 legal_dwell_used_us_10s=0

2026-07-27 00:29:29,895 INFO image_tx_daemon: frame seq=146 done: 4 fragments ok

RFCO_PERTX during TX wait: profile_id=2 tx_status=0x00(OK) hop_idx=0 channel_idx=0 epoch=0 freq_hz=0 pkt_toa_us=94784 legal_dwell_used_us_10s=0

2026-07-27 00:29:30,024 INFO image_tx_daemon: frame seq=154 done: 1 fragments ok

RFCO_PERTX during TX wait: profile_id=2 tx_status=0x00(OK) hop_idx=0 channel_idx=0 epoch=0 freq_hz=0 pkt_toa_us=99904 legal_dwell_used_us_10s=0

RFCO_PERTX during TX wait: profile_id=2 tx_status=0x00(OK) hop_idx=0 channel_idx=0 epoch=0 freq_hz=0 pkt_toa_us=12864 legal_dwell_used_us_10s=0

2026-07-27 00:29:30,186 INFO image_tx_daemon: frame seq=161 done: 2 fragments ok

RFCO_PERTX during TX wait: profile_id=2 tx_status=0x00(OK) hop_idx=0 channel_idx=0 epoch=0 freq_hz=0 pkt_toa_us=99904 legal_dwell_used_us_10s=0

RFCO_PERTX during TX wait: profile_id=2 tx_status=0x00(OK) hop_idx=0 channel_idx=0 epoch=0 freq_hz=0 pkt_toa_us=99904 legal_dwell_used_us_10s=0

RFCO_PERTX during TX wait: profile_id=2 tx_status=0x00(OK) hop_idx=0 channel_idx=0 epoch=0 freq_hz=0 pkt_toa_us=99904 legal_dwell_used_us_10s=0

RFCO_PERTX during TX wait: profile_id=2 tx_status=0x00(OK) hop_idx=0 channel_idx=0 epoch=0 freq_hz=0 pkt_toa_us=20544 legal_dwell_used_us_10s=0

2026-07-27 00:29:30,616 INFO image_tx_daemon: frame seq=167 done: 4 fragments ok

RFCO_PERTX during TX wait: profile_id=2 tx_status=0x00(OK) hop_idx=0 channel_idx=0 epoch=0 freq_hz=0 pkt_toa_us=99904 legal_dwell_used_us_10s=0

RFCO_PERTX during TX wait: profile_id=2 tx_status=0x00(OK) hop_idx=0 channel_idx=0 epoch=0 freq_hz=0 pkt_toa_us=99904 legal_dwell_used_us_10s=0

2026-07-27 00:29:30,874 INFO image_tx_daemon: frame seq=170 done: 2 fragments ok

RFCO_PERTX during TX wait: profile_id=2 tx_status=0x00(OK) hop_idx=0 channel_idx=0 epoch=0 freq_hz=0 pkt_toa_us=99904 legal_dwell_used_us_10s=0

2026-07-27 00:29:31,003 INFO image_tx_daemon: frame seq=176 done: 1 fragments ok

RFCO_PERTX during TX wait: profile_id=2 tx_status=0x00(OK) hop_idx=0 channel_idx=0 epoch=0 freq_hz=0 pkt_toa_us=99904 legal_dwell_used_us_10s=0

RFCO_PERTX during TX wait: profile_id=2 tx_status=0x00(OK) hop_idx=0 channel_idx=0 epoch=0 freq_hz=0 pkt_toa_us=11584 legal_dwell_used_us_10s=0

2026-07-27 00:29:31,165 INFO image_tx_daemon: frame seq=181 done: 2 fragments ok

RFCO_PERTX during TX wait: profile_id=2 tx_status=0x00(OK) hop_idx=0 channel_idx=0 epoch=0 freq_hz=0 pkt_toa_us=99904 legal_dwell_used_us_10s=0

RFCO_PERTX during TX wait: profile_id=2 tx_status=0x00(OK) hop_idx=0 channel_idx=0 epoch=0 freq_hz=0 pkt_toa_us=99904 legal_dwell_used_us_10s=0

RFCO_PERTX during TX wait: profile_id=2 tx_status=0x00(OK) hop_idx=0 channel_idx=0 epoch=0 freq_hz=0 pkt_toa_us=97344 legal_dwell_used_us_10s=0

2026-07-27 00:29:31,563 INFO image_tx_daemon: frame seq=186 done: 3 fragments ok

RFCO_PERTX during TX wait: profile_id=2 tx_status=0x00(OK) hop_idx=0 channel_idx=0 epoch=0 freq_hz=0 pkt_toa_us=99904 legal_dwell_used_us_10s=0

RFCO_PERTX during TX wait: profile_id=2 tx_status=0x00(OK) hop_idx=0 channel_idx=0 epoch=0 freq_hz=0 pkt_toa_us=99904 legal_dwell_used_us_10s=0

RFCO_PERTX during TX wait: profile_id=2 tx_status=0x00(OK) hop_idx=0 channel_idx=0 epoch=0 freq_hz=0 pkt_toa_us=98624 legal_dwell_used_us_10s=0

2026-07-27 00:29:31,949 INFO image_tx_daemon: frame seq=189 done: 3 fragments ok

RFCO_PERTX during TX wait: profile_id=2 tx_status=0x00(OK) hop_idx=0 channel_idx=0 epoch=0 freq_hz=0 pkt_toa_us=99904 legal_dwell_used_us_10s=0

RFCO_PERTX during TX wait: profile_id=2 tx_status=0x00(OK) hop_idx=0 channel_idx=0 epoch=0 freq_hz=0 pkt_toa_us=99904 legal_dwell_used_us_10s=0

RFCO_PERTX during TX wait: profile_id=2 tx_status=0x00(OK) hop_idx=0 channel_idx=0 epoch=0 freq_hz=0 pkt_toa_us=12864 legal_dwell_used_us_10s=0

2026-07-27 00:29:32,240 INFO image_tx_daemon: frame seq=196 done: 3 fragments ok

RFCO_PERTX during TX wait: profile_id=2 tx_status=0x00(OK) hop_idx=0 channel_idx=0 epoch=0 freq_hz=0 pkt_toa_us=99904 legal_dwell_used_us_10s=0

RFCO_PERTX during TX wait: profile_id=2 tx_status=0x00(OK) hop_idx=0 channel_idx=0 epoch=0 freq_hz=0 pkt_toa_us=11584 legal_dwell_used_us_10s=0

2026-07-27 00:29:32,402 INFO image_tx_daemon: frame seq=203 done: 2 fragments ok

2026-07-27 00:29:32,403 INFO image_tx_daemon: batching: 275 frames in 101 trains so far (this train: 2 frames, 484 B)

RFCO_PERTX during TX wait: profile_id=2 tx_status=0x00(OK) hop_idx=0 channel_idx=0 epoch=0 freq_hz=0 pkt_toa_us=99904 legal_dwell_used_us_10s=0

RFCO_PERTX during TX wait: profile_id=2 tx_status=0x00(OK) hop_idx=0 channel_idx=0 epoch=0 freq_hz=0 pkt_toa_us=99904 legal_dwell_used_us_10s=0

RFCO_PERTX during TX wait: profile_id=2 tx_status=0x00(OK) hop_idx=0 channel_idx=0 epoch=0 freq_hz=0 pkt_toa_us=12864 legal_dwell_used_us_10s=0

2026-07-27 00:29:32,693 INFO image_tx_daemon: frame seq=211 done: 3 fragments ok

RFCO_PERTX during TX wait: profile_id=2 tx_status=0x00(OK) hop_idx=0 channel_idx=0 epoch=0 freq_hz=0 pkt_toa_us=99904 legal_dwell_used_us_10s=0

RFCO_PERTX during TX wait: profile_id=2 tx_status=0x00(OK) hop_idx=0 channel_idx=0 epoch=0 freq_hz=0 pkt_toa_us=11584 legal_dwell_used_us_10s=0

2026-07-27 00:29:32,856 INFO image_tx_daemon: frame seq=213 done: 2 fragments ok

RFCO_PERTX during TX wait: profile_id=2 tx_status=0x00(OK) hop_idx=0 channel_idx=0 epoch=0 freq_hz=0 pkt_toa_us=99904 legal_dwell_used_us_10s=0

RFCO_PERTX during TX wait: profile_id=2 tx_status=0x00(OK) hop_idx=0 channel_idx=0 epoch=0 freq_hz=0 pkt_toa_us=99904 legal_dwell_used_us_10s=0

RFCO_PERTX during TX wait: profile_id=2 tx_status=0x00(OK) hop_idx=0 channel_idx=0 epoch=0 freq_hz=0 pkt_toa_us=92224 legal_dwell_used_us_10s=0

2026-07-27 00:29:33,242 INFO image_tx_daemon: frame seq=220 done: 3 fragments ok

RFCO_PERTX during TX wait: profile_id=2 tx_status=0x00(OK) hop_idx=0 channel_idx=0 epoch=0 freq_hz=0 pkt_toa_us=99904 legal_dwell_used_us_10s=0

RFCO_PERTX during TX wait: profile_id=2 tx_status=0x00(OK) hop_idx=0 channel_idx=0 epoch=0 freq_hz=0 pkt_toa_us=11584 legal_dwell_used_us_10s=0

2026-07-27 00:29:33,405 INFO image_tx_daemon: frame seq=223 done: 2 fragments ok

RFCO_PERTX during TX wait: profile_id=2 tx_status=0x00(OK) hop_idx=0 channel_idx=0 epoch=0 freq_hz=0 pkt_toa_us=99904 legal_dwell_used_us_10s=0

RFCO_PERTX during TX wait: profile_id=2 tx_status=0x00(OK) hop_idx=0 channel_idx=0 epoch=0 freq_hz=0 pkt_toa_us=99904 legal_dwell_used_us_10s=0

RFCO_PERTX during TX wait: profile_id=2 tx_status=0x00(OK) hop_idx=0 channel_idx=0 epoch=0 freq_hz=0 pkt_toa_us=99904 legal_dwell_used_us_10s=0

RFCO_PERTX during TX wait: profile_id=2 tx_status=0x00(OK) hop_idx=0 channel_idx=0 epoch=0 freq_hz=0 pkt_toa_us=20544 legal_dwell_used_us_10s=0

2026-07-27 00:29:33,844 INFO image_tx_daemon: frame seq=231 done: 4 fragments ok

RFCO_PERTX during TX wait: profile_id=2 tx_status=0x00(OK) hop_idx=0 channel_idx=0 epoch=0 freq_hz=0 pkt_toa_us=99904 legal_dwell_used_us_10s=0

RFCO_PERTX during TX wait: profile_id=2 tx_status=0x00(OK) hop_idx=0 channel_idx=0 epoch=0 freq_hz=0 pkt_toa_us=99904 legal_dwell_used_us_10s=0

RFCO_PERTX during TX wait: profile_id=2 tx_status=0x00(OK) hop_idx=0 channel_idx=0 epoch=0 freq_hz=0 pkt_toa_us=99904 legal_dwell_used_us_10s=0

RFCO_PERTX during TX wait: profile_id=2 tx_status=0x00(OK) hop_idx=0 channel_idx=0 epoch=0 freq_hz=0 pkt_toa_us=12864 legal_dwell_used_us_10s=0

2026-07-27 00:29:34,263 INFO image_tx_daemon: frame seq=234 done: 4 fragments ok

RFCO_PERTX during TX wait: profile_id=2 tx_status=0x00(OK) hop_idx=0 channel_idx=0 epoch=0 freq_hz=0 pkt_toa_us=99904 legal_dwell_used_us_10s=0

RFCO_PERTX during TX wait: profile_id=2 tx_status=0x00(OK) hop_idx=0 channel_idx=0 epoch=0 freq_hz=0 pkt_toa_us=99904 legal_dwell_used_us_10s=0

RFCO_PERTX during TX wait: profile_id=2 tx_status=0x00(OK) hop_idx=0 channel_idx=0 epoch=0 freq_hz=0 pkt_toa_us=99904 legal_dwell_used_us_10s=0

RFCO_PERTX during TX wait: profile_id=2 tx_status=0x00(OK) hop_idx=0 channel_idx=0 epoch=0 freq_hz=0 pkt_toa_us=12864 legal_dwell_used_us_10s=0

2026-07-27 00:29:34,691 INFO image_tx_daemon: frame seq=242 done: 4 fragments ok

RFCO_PERTX during TX wait: profile_id=2 tx_status=0x00(OK) hop_idx=0 channel_idx=0 epoch=0 freq_hz=0 pkt_toa_us=94784 legal_dwell_used_us_10s=0

2026-07-27 00:29:34,820 INFO image_tx_daemon: frame seq=250 done: 1 fragments ok

RFCO_PERTX during TX wait: profile_id=2 tx_status=0x00(OK) hop_idx=0 channel_idx=0 epoch=0 freq_hz=0 pkt_toa_us=99904 legal_dwell_used_us_10s=0

RFCO_PERTX during TX wait: profile_id=2 tx_status=0x00(OK) hop_idx=0 channel_idx=0 epoch=0 freq_hz=0 pkt_toa_us=12864 legal_dwell_used_us_10s=0

2026-07-27 00:29:34,983 INFO image_tx_daemon: frame seq=1 done: 2 fragments ok

RFCO_PERTX during TX wait: profile_id=2 tx_status=0x00(OK) hop_idx=0 channel_idx=0 epoch=0 freq_hz=0 pkt_toa_us=99904 legal_dwell_used_us_10s=0

RFCO_PERTX during TX wait: profile_id=2 tx_status=0x00(OK) hop_idx=0 channel_idx=0 epoch=0 freq_hz=0 pkt_toa_us=99904 legal_dwell_used_us_10s=0

RFCO_PERTX during TX wait: profile_id=2 tx_status=0x00(OK) hop_idx=0 channel_idx=0 epoch=0 freq_hz=0 pkt_toa_us=99904 legal_dwell_used_us_10s=0

RFCO_PERTX during TX wait: profile_id=2 tx_status=0x00(OK) hop_idx=0 channel_idx=0 epoch=0 freq_hz=0 pkt_toa_us=20544 legal_dwell_used_us_10s=0

2026-07-27 00:29:35,412 INFO image_tx_daemon: frame seq=7 done: 4 fragments ok

RFCO_PERTX during TX wait: profile_id=2 tx_status=0x00(OK) hop_idx=0 channel_idx=0 epoch=0 freq_hz=0 pkt_toa_us=99904 legal_dwell_used_us_10s=0

RFCO_PERTX during TX wait: profile_id=2 tx_status=0x00(OK) hop_idx=0 channel_idx=0 epoch=0 freq_hz=0 pkt_toa_us=99904 legal_dwell_used_us_10s=0

2026-07-27 00:29:35,670 INFO image_tx_daemon: frame seq=10 done: 2 fragments ok

RFCO_PERTX during TX wait: profile_id=2 tx_status=0x00(OK) hop_idx=0 channel_idx=0 epoch=0 freq_hz=0 pkt_toa_us=99904 legal_dwell_used_us_10s=0

RFCO_PERTX during TX wait: profile_id=2 tx_status=0x00(OK) hop_idx=0 channel_idx=0 epoch=0 freq_hz=0 pkt_toa_us=99904 legal_dwell_used_us_10s=0

RFCO_PERTX during TX wait: profile_id=2 tx_status=0x00(OK) hop_idx=0 channel_idx=0 epoch=0 freq_hz=0 pkt_toa_us=11584 legal_dwell_used_us_10s=0

2026-07-27 00:29:35,960 INFO image_tx_daemon: frame seq=16 done: 3 fragments ok

RFCO_PERTX during TX wait: profile_id=2 tx_status=0x00(OK) hop_idx=0 channel_idx=0 epoch=0 freq_hz=0 pkt_toa_us=99904 legal_dwell_used_us_10s=0

RFCO_PERTX during TX wait: profile_id=2 tx_status=0x00(OK) hop_idx=0 channel_idx=0 epoch=0 freq_hz=0 pkt_toa_us=11584 legal_dwell_used_us_10s=0

2026-07-27 00:29:36,122 INFO image_tx_daemon: frame seq=21 done: 2 fragments ok

RFCO_PERTX during TX wait: profile_id=2 tx_status=0x00(OK) hop_idx=0 channel_idx=0 epoch=0 freq_hz=0 pkt_toa_us=99904 legal_dwell_used_us_10s=0

RFCO_PERTX during TX wait: profile_id=2 tx_status=0x00(OK) hop_idx=0 channel_idx=0 epoch=0 freq_hz=0 pkt_toa_us=92224 legal_dwell_used_us_10s=0

2026-07-27 00:29:36,380 INFO image_tx_daemon: frame seq=29 done: 2 fragments ok

RFCO_PERTX during TX wait: profile_id=2 tx_status=0x00(OK) hop_idx=0 channel_idx=0 epoch=0 freq_hz=0 pkt_toa_us=99904 legal_dwell_used_us_10s=0

RFCO_PERTX during TX wait: profile_id=2 tx_status=0x00(OK) hop_idx=0 channel_idx=0 epoch=0 freq_hz=0 pkt_toa_us=11584 legal_dwell_used_us_10s=0

2026-07-27 00:29:36,552 INFO image_tx_daemon: frame seq=31 done: 2 fragments ok

RFCO_PERTX during TX wait: profile_id=2 tx_status=0x00(OK) hop_idx=0 channel_idx=0 epoch=0 freq_hz=0 pkt_toa_us=99904 legal_dwell_used_us_10s=0

RFCO_PERTX during TX wait: profile_id=2 tx_status=0x00(OK) hop_idx=0 channel_idx=0 epoch=0 freq_hz=0 pkt_toa_us=99904 legal_dwell_used_us_10s=0

RFCO_PERTX during TX wait: profile_id=2 tx_status=0x00(OK) hop_idx=0 channel_idx=0 epoch=0 freq_hz=0 pkt_toa_us=99904 legal_dwell_used_us_10s=0

RFCO_PERTX during TX wait: profile_id=2 tx_status=0x00(OK) hop_idx=0 channel_idx=0 epoch=0 freq_hz=0 pkt_toa_us=19264 legal_dwell_used_us_10s=0

2026-07-27 00:29:36,983 INFO image_tx_daemon: frame seq=38 done: 4 fragments ok

RFCO_PERTX during TX wait: profile_id=2 tx_status=0x00(OK) hop_idx=0 channel_idx=0 epoch=0 freq_hz=0 pkt_toa_us=99904 legal_dwell_used_us_10s=0

RFCO_PERTX during TX wait: profile_id=2 tx_status=0x00(OK) hop_idx=0 channel_idx=0 epoch=0 freq_hz=0 pkt_toa_us=99904 legal_dwell_used_us_10s=0

RFCO_PERTX during TX wait: profile_id=2 tx_status=0x00(OK) hop_idx=0 channel_idx=0 epoch=0 freq_hz=0 pkt_toa_us=99904 legal_dwell_used_us_10s=0

RFCO_PERTX during TX wait: profile_id=2 tx_status=0x00(OK) hop_idx=0 channel_idx=0 epoch=0 freq_hz=0 pkt_toa_us=14144 legal_dwell_used_us_10s=0

2026-07-27 00:29:37,402 INFO image_tx_daemon: frame seq=41 done: 4 fragments ok

RFCO_PERTX during TX wait: profile_id=2 tx_status=0x00(OK) hop_idx=0 channel_idx=0 epoch=0 freq_hz=0 pkt_toa_us=99904 legal_dwell_used_us_10s=0

RFCO_PERTX during TX wait: profile_id=2 tx_status=0x00(OK) hop_idx=0 channel_idx=0 epoch=0 freq_hz=0 pkt_toa_us=99904 legal_dwell_used_us_10s=0

RFCO_PERTX during TX wait: profile_id=2 tx_status=0x00(OK) hop_idx=0 channel_idx=0 epoch=0 freq_hz=0 pkt_toa_us=99904 legal_dwell_used_us_10s=0

RFCO_PERTX during TX wait: profile_id=2 tx_status=0x00(OK) hop_idx=0 channel_idx=0 epoch=0 freq_hz=0 pkt_toa_us=12864 legal_dwell_used_us_10s=0

2026-07-27 00:29:37,832 INFO image_tx_daemon: frame seq=49 done: 4 fragments ok

RFCO_PERTX during TX wait: profile_id=2 tx_status=0x00(OK) hop_idx=0 channel_idx=0 epoch=0 freq_hz=0 pkt_toa_us=99904 legal_dwell_used_us_10s=0

RFCO_PERTX during TX wait: profile_id=2 tx_status=0x00(OK) hop_idx=0 channel_idx=0 epoch=0 freq_hz=0 pkt_toa_us=99904 legal_dwell_used_us_10s=0

RFCO_PERTX during TX wait: profile_id=2 tx_status=0x00(OK) hop_idx=0 channel_idx=0 epoch=0 freq_hz=0 pkt_toa_us=12864 legal_dwell_used_us_10s=0

2026-07-27 00:29:38,122 INFO image_tx_daemon: frame seq=57 done: 3 fragments ok

RFCO_PERTX during TX wait: profile_id=2 tx_status=0x00(OK) hop_idx=0 channel_idx=0 epoch=0 freq_hz=0 pkt_toa_us=99904 legal_dwell_used_us_10s=0

RFCO_PERTX during TX wait: profile_id=2 tx_status=0x00(OK) hop_idx=0 channel_idx=0 epoch=0 freq_hz=0 pkt_toa_us=12864 legal_dwell_used_us_10s=0

2026-07-27 00:29:38,285 INFO image_tx_daemon: frame seq=65 done: 2 fragments ok

2026-07-27 00:29:38,334 INFO image_tx_daemon: stats: goodput=1747.8 B/s util=73% pipeline=v2 frames_in=1101 ok=187 fail=0 drop_full=715 drop_stale=0 frags_ok=533 frags_fail=0 qdepth=2 parity_tx=0

RFCO_PERTX during TX wait: profile_id=2 tx_status=0x00(OK) hop_idx=0 channel_idx=0 epoch=0 freq_hz=0 pkt_toa_us=99904 legal_dwell_used_us_10s=0

RFCO_PERTX during TX wait: profile_id=2 tx_status=0x00(OK) hop_idx=0 channel_idx=0 epoch=0 freq_hz=0 pkt_toa_us=99904 legal_dwell_used_us_10s=0

RFCO_PERTX during TX wait: profile_id=2 tx_status=0x00(OK) hop_idx=0 channel_idx=0 epoch=0 freq_hz=0 pkt_toa_us=14144 legal_dwell_used_us_10s=0

2026-07-27 00:29:38,576 INFO image_tx_daemon: frame seq=73 done: 3 fragments ok

RFCO_PERTX during TX wait: profile_id=2 tx_status=0x00(OK) hop_idx=0 channel_idx=0 epoch=0 freq_hz=0 pkt_toa_us=99904 legal_dwell_used_us_10s=0

RFCO_PERTX during TX wait: profile_id=2 tx_status=0x00(OK) hop_idx=0 channel_idx=0 epoch=0 freq_hz=0 pkt_toa_us=11584 legal_dwell_used_us_10s=0

2026-07-27 00:29:38,738 INFO image_tx_daemon: frame seq=75 done: 2 fragments ok

INFO: unrelated frame during TX wait type=0xC4

RFCO_PERTX during TX wait: profile_id=2 tx_status=0x00(OK) hop_idx=0 channel_idx=0 epoch=0 freq_hz=0 pkt_toa_us=99904 legal_dwell_used_us_10s=0

RFCO_PERTX during TX wait: profile_id=2 tx_status=0x00(OK) hop_idx=0 channel_idx=0 epoch=0 freq_hz=0 pkt_toa_us=99904 legal_dwell_used_us_10s=0

RFCO_PERTX during TX wait: profile_id=2 tx_status=0x00(OK) hop_idx=0 channel_idx=0 epoch=0 freq_hz=0 pkt_toa_us=99904 legal_dwell_used_us_10s=0

RFCO_PERTX during TX wait: profile_id=2 tx_status=0x00(OK) hop_idx=0 channel_idx=0 epoch=0 freq_hz=0 pkt_toa_us=12864 legal_dwell_used_us_10s=0

2026-07-27 00:29:39,160 INFO image_tx_daemon: frame seq=82 done: 4 fragments ok

RFCO_PERTX during TX wait: profile_id=2 tx_status=0x00(OK) hop_idx=0 channel_idx=0 epoch=0 freq_hz=0 pkt_toa_us=99904 legal_dwell_used_us_10s=0

RFCO_PERTX during TX wait: profile_id=2 tx_status=0x00(OK) hop_idx=0 channel_idx=0 epoch=0 freq_hz=0 pkt_toa_us=11584 legal_dwell_used_us_10s=0

2026-07-27 00:29:39,322 INFO image_tx_daemon: frame seq=85 done: 2 fragments ok

RFCO_PERTX during TX wait: profile_id=2 tx_status=0x00(OK) hop_idx=0 channel_idx=0 epoch=0 freq_hz=0 pkt_toa_us=99904 legal_dwell_used_us_10s=0

RFCO_PERTX during TX wait: profile_id=2 tx_status=0x00(OK) hop_idx=0 channel_idx=0 epoch=0 freq_hz=0 pkt_toa_us=92224 legal_dwell_used_us_10s=0

2026-07-27 00:29:39,579 INFO image_tx_daemon: frame seq=93 done: 2 fragments ok

RFCO_PERTX during TX wait: profile_id=2 tx_status=0x00(OK) hop_idx=0 channel_idx=0 epoch=0 freq_hz=0 pkt_toa_us=99904 legal_dwell_used_us_10s=0

RFCO_PERTX during TX wait: profile_id=2 tx_status=0x00(OK) hop_idx=0 channel_idx=0 epoch=0 freq_hz=0 pkt_toa_us=11584 legal_dwell_used_us_10s=0

2026-07-27 00:29:39,741 INFO image_tx_daemon: frame seq=95 done: 2 fragments ok

RFCO_PERTX during TX wait: profile_id=2 tx_status=0x00(OK) hop_idx=0 channel_idx=0 epoch=0 freq_hz=0 pkt_toa_us=99904 legal_dwell_used_us_10s=0

RFCO_PERTX during TX wait: profile_id=2 tx_status=0x00(OK) hop_idx=0 channel_idx=0 epoch=0 freq_hz=0 pkt_toa_us=99904 legal_dwell_used_us_10s=0

RFCO_PERTX during TX wait: profile_id=2 tx_status=0x00(OK) hop_idx=0 channel_idx=0 epoch=0 freq_hz=0 pkt_toa_us=99904 legal_dwell_used_us_10s=0

RFCO_PERTX during TX wait: profile_id=2 tx_status=0x00(OK) hop_idx=0 channel_idx=0 epoch=0 freq_hz=0 pkt_toa_us=19264 legal_dwell_used_us_10s=0

2026-07-27 00:29:40,170 INFO image_tx_daemon: frame seq=102 done: 4 fragments ok

RFCO_PERTX during TX wait: profile_id=2 tx_status=0x00(OK) hop_idx=0 channel_idx=0 epoch=0 freq_hz=0 pkt_toa_us=99904 legal_dwell_used_us_10s=0

RFCO_PERTX during TX wait: profile_id=2 tx_status=0x00(OK) hop_idx=0 channel_idx=0 epoch=0 freq_hz=0 pkt_toa_us=99904 legal_dwell_used_us_10s=0

RFCO_PERTX during TX wait: profile_id=2 tx_status=0x00(OK) hop_idx=0 channel_idx=0 epoch=0 freq_hz=0 pkt_toa_us=99904 legal_dwell_used_us_10s=0

RFCO_PERTX during TX wait: profile_id=2 tx_status=0x00(OK) hop_idx=0 channel_idx=0 epoch=0 freq_hz=0 pkt_toa_us=14144 legal_dwell_used_us_10s=0

2026-07-27 00:29:40,600 INFO image_tx_daemon: frame seq=105 done: 4 fragments ok

RFCO_PERTX during TX wait: profile_id=2 tx_status=0x00(OK) hop_idx=0 channel_idx=0 epoch=0 freq_hz=0 pkt_toa_us=99904 legal_dwell_used_us_10s=0

RFCO_PERTX during TX wait: profile_id=2 tx_status=0x00(OK) hop_idx=0 channel_idx=0 epoch=0 freq_hz=0 pkt_toa_us=99904 legal_dwell_used_us_10s=0

RFCO_PERTX during TX wait: profile_id=2 tx_status=0x00(OK) hop_idx=0 channel_idx=0 epoch=0 freq_hz=0 pkt_toa_us=99904 legal_dwell_used_us_10s=0

RFCO_PERTX during TX wait: profile_id=2 tx_status=0x00(OK) hop_idx=0 channel_idx=0 epoch=0 freq_hz=0 pkt_toa_us=12864 legal_dwell_used_us_10s=0

2026-07-27 00:29:41,024 INFO image_tx_daemon: frame seq=112 done: 4 fragments ok

RFCO_PERTX during TX wait: profile_id=2 tx_status=0x00(OK) hop_idx=0 channel_idx=0 epoch=0 freq_hz=0 pkt_toa_us=99904 legal_dwell_used_us_10s=0

RFCO_PERTX during TX wait: profile_id=2 tx_status=0x00(OK) hop_idx=0 channel_idx=0 epoch=0 freq_hz=0 pkt_toa_us=99904 legal_dwell_used_us_10s=0

RFCO_PERTX during TX wait: profile_id=2 tx_status=0x00(OK) hop_idx=0 channel_idx=0 epoch=0 freq_hz=0 pkt_toa_us=12864 legal_dwell_used_us_10s=0

2026-07-27 00:29:41,314 INFO image_tx_daemon: frame seq=121 done: 3 fragments ok

RFCO_PERTX during TX wait: profile_id=2 tx_status=0x00(OK) hop_idx=0 channel_idx=0 epoch=0 freq_hz=0 pkt_toa_us=99904 legal_dwell_used_us_10s=0

RFCO_PERTX during TX wait: profile_id=2 tx_status=0x00(OK) hop_idx=0 channel_idx=0 epoch=0 freq_hz=0 pkt_toa_us=12864 legal_dwell_used_us_10s=0

2026-07-27 00:29:41,476 INFO image_tx_daemon: frame seq=129 done: 2 fragments ok

RFCO_PERTX during TX wait: profile_id=2 tx_status=0x00(OK) hop_idx=0 channel_idx=0 epoch=0 freq_hz=0 pkt_toa_us=99904 legal_dwell_used_us_10s=0

RFCO_PERTX during TX wait: profile_id=2 tx_status=0x00(OK) hop_idx=0 channel_idx=0 epoch=0 freq_hz=0 pkt_toa_us=99904 legal_dwell_used_us_10s=0

RFCO_PERTX during TX wait: profile_id=2 tx_status=0x00(OK) hop_idx=0 channel_idx=0 epoch=0 freq_hz=0 pkt_toa_us=14144 legal_dwell_used_us_10s=0

2026-07-27 00:29:41,768 INFO image_tx_daemon: frame seq=137 done: 3 fragments ok

RFCO_PERTX during TX wait: profile_id=2 tx_status=0x00(OK) hop_idx=0 channel_idx=0 epoch=0 freq_hz=0 pkt_toa_us=99904 legal_dwell_used_us_10s=0

RFCO_PERTX during TX wait: profile_id=2 tx_status=0x00(OK) hop_idx=0 channel_idx=0 epoch=0 freq_hz=0 pkt_toa_us=11584 legal_dwell_used_us_10s=0

2026-07-27 00:29:41,930 INFO image_tx_daemon: frame seq=139 done: 2 fragments ok

RFCO_PERTX during TX wait: profile_id=2 tx_status=0x00(OK) hop_idx=0 channel_idx=0 epoch=0 freq_hz=0 pkt_toa_us=99904 legal_dwell_used_us_10s=0

RFCO_PERTX during TX wait: profile_id=2 tx_status=0x00(OK) hop_idx=0 channel_idx=0 epoch=0 freq_hz=0 pkt_toa_us=99904 legal_dwell_used_us_10s=0

RFCO_PERTX during TX wait: profile_id=2 tx_status=0x00(OK) hop_idx=0 channel_idx=0 epoch=0 freq_hz=0 pkt_toa_us=99904 legal_dwell_used_us_10s=0

RFCO_PERTX during TX wait: profile_id=2 tx_status=0x00(OK) hop_idx=0 channel_idx=0 epoch=0 freq_hz=0 pkt_toa_us=12864 legal_dwell_used_us_10s=0

2026-07-27 00:29:42,352 INFO image_tx_daemon: frame seq=146 done: 4 fragments ok

RFCO_PERTX during TX wait: profile_id=2 tx_status=0x00(OK) hop_idx=0 channel_idx=0 epoch=0 freq_hz=0 pkt_toa_us=99904 legal_dwell_used_us_10s=0

RFCO_PERTX during TX wait: profile_id=2 tx_status=0x00(OK) hop_idx=0 channel_idx=0 epoch=0 freq_hz=0 pkt_toa_us=11584 legal_dwell_used_us_10s=0

2026-07-27 00:29:42,514 INFO image_tx_daemon: frame seq=149 done: 2 fragments ok

RFCO_PERTX during TX wait: profile_id=2 tx_status=0x00(OK) hop_idx=0 channel_idx=0 epoch=0 freq_hz=0 pkt_toa_us=99904 legal_dwell_used_us_10s=0

RFCO_PERTX during TX wait: profile_id=2 tx_status=0x00(OK) hop_idx=0 channel_idx=0 epoch=0 freq_hz=0 pkt_toa_us=92224 legal_dwell_used_us_10s=0

2026-07-27 00:29:42,771 INFO image_tx_daemon: frame seq=157 done: 2 fragments ok

RFCO_PERTX during TX wait: profile_id=2 tx_status=0x00(OK) hop_idx=0 channel_idx=0 epoch=0 freq_hz=0 pkt_toa_us=99904 legal_dwell_used_us_10s=0

RFCO_PERTX during TX wait: profile_id=2 tx_status=0x00(OK) hop_idx=0 channel_idx=0 epoch=0 freq_hz=0 pkt_toa_us=11584 legal_dwell_used_us_10s=0

2026-07-27 00:29:42,933 INFO image_tx_daemon: frame seq=159 done: 2 fragments ok

RFCO_PERTX during TX wait: profile_id=2 tx_status=0x00(OK) hop_idx=0 channel_idx=0 epoch=0 freq_hz=0 pkt_toa_us=99904 legal_dwell_used_us_10s=0

RFCO_PERTX during TX wait: profile_id=2 tx_status=0x00(OK) hop_idx=0 channel_idx=0 epoch=0 freq_hz=0 pkt_toa_us=99904 legal_dwell_used_us_10s=0

RFCO_PERTX during TX wait: profile_id=2 tx_status=0x00(OK) hop_idx=0 channel_idx=0 epoch=0 freq_hz=0 pkt_toa_us=99904 legal_dwell_used_us_10s=0

RFCO_PERTX during TX wait: profile_id=2 tx_status=0x00(OK) hop_idx=0 channel_idx=0 epoch=0 freq_hz=0 pkt_toa_us=19264 legal_dwell_used_us_10s=0

2026-07-27 00:29:43,362 INFO image_tx_daemon: frame seq=166 done: 4 fragments ok

RFCO_PERTX during TX wait: profile_id=2 tx_status=0x00(OK) hop_idx=0 channel_idx=0 epoch=0 freq_hz=0 pkt_toa_us=99904 legal_dwell_used_us_10s=0

RFCO_PERTX during TX wait: profile_id=2 tx_status=0x00(OK) hop_idx=0 channel_idx=0 epoch=0 freq_hz=0 pkt_toa_us=99904 legal_dwell_used_us_10s=0

RFCO_PERTX during TX wait: profile_id=2 tx_status=0x00(OK) hop_idx=0 channel_idx=0 epoch=0 freq_hz=0 pkt_toa_us=99904 legal_dwell_used_us_10s=0

RFCO_PERTX during TX wait: profile_id=2 tx_status=0x00(OK) hop_idx=0 channel_idx=0 epoch=0 freq_hz=0 pkt_toa_us=14144 legal_dwell_used_us_10s=0

2026-07-27 00:29:43,781 INFO image_tx_daemon: frame seq=169 done: 4 fragments ok

2026-07-27 00:29:43,782 INFO image_tx_daemon: batching: 341 frames in 126 trains so far (this train: 3 frames, 726 B)

RFCO_PERTX during TX wait: profile_id=2 tx_status=0x00(OK) hop_idx=0 channel_idx=0 epoch=0 freq_hz=0 pkt_toa_us=99904 legal_dwell_used_us_10s=0

RFCO_PERTX during TX wait: profile_id=2 tx_status=0x00(OK) hop_idx=0 channel_idx=0 epoch=0 freq_hz=0 pkt_toa_us=99904 legal_dwell_used_us_10s=0

RFCO_PERTX during TX wait: profile_id=2 tx_status=0x00(OK) hop_idx=0 channel_idx=0 epoch=0 freq_hz=0 pkt_toa_us=99904 legal_dwell_used_us_10s=0

RFCO_PERTX during TX wait: profile_id=2 tx_status=0x00(OK) hop_idx=0 channel_idx=0 epoch=0 freq_hz=0 pkt_toa_us=12864 legal_dwell_used_us_10s=0

2026-07-27 00:29:44,213 INFO image_tx_daemon: frame seq=176 done: 4 fragments ok

RFCO_PERTX during TX wait: profile_id=2 tx_status=0x00(OK) hop_idx=0 channel_idx=0 epoch=0 freq_hz=0 pkt_toa_us=99904 legal_dwell_used_us_10s=0

RFCO_PERTX during TX wait: profile_id=2 tx_status=0x00(OK) hop_idx=0 channel_idx=0 epoch=0 freq_hz=0 pkt_toa_us=11584 legal_dwell_used_us_10s=0

2026-07-27 00:29:44,375 INFO image_tx_daemon: frame seq=185 done: 2 fragments ok

RFCO_PERTX during TX wait: profile_id=2 tx_status=0x00(OK) hop_idx=0 channel_idx=0 epoch=0 freq_hz=0 pkt_toa_us=99904 legal_dwell_used_us_10s=0

2026-07-27 00:29:44,494 INFO image_tx_daemon: LoRa cmd: PROBE seq=86 phase_ms=0 (rx#6)

RFCO_PERTX during TX wait: profile_id=2 tx_status=0x00(OK) hop_idx=0 channel_idx=0 epoch=0 freq_hz=0 pkt_toa_us=11584 legal_dwell_used_us_10s=0

2026-07-27 00:29:44,538 INFO image_tx_daemon: frame seq=191 done: 2 fragments ok

RFCO_PERTX during TX wait: profile_id=2 tx_status=0x00(OK) hop_idx=0 channel_idx=0 epoch=0 freq_hz=0 pkt_toa_us=11584 legal_dwell_used_us_10s=0

RFCO_PERTX during TX wait: profile_id=2 tx_status=0x00(OK) hop_idx=0 channel_idx=0 epoch=0 freq_hz=0 pkt_toa_us=11584 legal_dwell_used_us_10s=0

RFCO_PERTX during TX wait: profile_id=2 tx_status=0x00(OK) hop_idx=0 channel_idx=0 epoch=0 freq_hz=0 pkt_toa_us=99904 legal_dwell_used_us_10s=0

RFCO_PERTX during TX wait: profile_id=2 tx_status=0x00(OK) hop_idx=0 channel_idx=0 epoch=0 freq_hz=0 pkt_toa_us=99904 legal_dwell_used_us_10s=0

RFCO_PERTX during TX wait: profile_id=2 tx_status=0x00(OK) hop_idx=0 channel_idx=0 epoch=0 freq_hz=0 pkt_toa_us=99904 legal_dwell_used_us_10s=0

RFCO_PERTX during TX wait: profile_id=2 tx_status=0x00(OK) hop_idx=0 channel_idx=0 epoch=0 freq_hz=0 pkt_toa_us=20544 legal_dwell_used_us_10s=0

2026-07-27 00:29:45,022 INFO image_tx_daemon: frame seq=199 done: 4 fragments ok

RFCO_PERTX during TX wait: profile_id=2 tx_status=0x00(OK) hop_idx=0 channel_idx=0 epoch=0 freq_hz=0 pkt_toa_us=99904 legal_dwell_used_us_10s=0

RFCO_PERTX during TX wait: profile_id=2 tx_status=0x00(OK) hop_idx=0 channel_idx=0 epoch=0 freq_hz=0 pkt_toa_us=99904 legal_dwell_used_us_10s=0

2026-07-27 00:29:45,280 INFO image_tx_daemon: frame seq=202 done: 2 fragments ok

RFCO_PERTX during TX wait: profile_id=2 tx_status=0x00(OK) hop_idx=0 channel_idx=0 epoch=0 freq_hz=0 pkt_toa_us=99904 legal_dwell_used_us_10s=0

2026-07-27 00:29:45,419 INFO image_tx_daemon: frame seq=208 done: 1 fragments ok

RFCO_PERTX during TX wait: profile_id=2 tx_status=0x00(OK) hop_idx=0 channel_idx=0 epoch=0 freq_hz=0 pkt_toa_us=99904 legal_dwell_used_us_10s=0

RFCO_PERTX during TX wait: profile_id=2 tx_status=0x00(OK) hop_idx=0 channel_idx=0 epoch=0 freq_hz=0 pkt_toa_us=11584 legal_dwell_used_us_10s=0

2026-07-27 00:29:45,582 INFO image_tx_daemon: frame seq=213 done: 2 fragments ok

RFCO_PERTX during TX wait: profile_id=2 tx_status=0x00(OK) hop_idx=0 channel_idx=0 epoch=0 freq_hz=0 pkt_toa_us=99904 legal_dwell_used_us_10s=0

RFCO_PERTX during TX wait: profile_id=2 tx_status=0x00(OK) hop_idx=0 channel_idx=0 epoch=0 freq_hz=0 pkt_toa_us=99904 legal_dwell_used_us_10s=0

RFCO_PERTX during TX wait: profile_id=2 tx_status=0x00(OK) hop_idx=0 channel_idx=0 epoch=0 freq_hz=0 pkt_toa_us=96064 legal_dwell_used_us_10s=0

2026-07-27 00:29:45,973 INFO image_tx_daemon: frame seq=219 done: 3 fragments ok

RFCO_PERTX during TX wait: profile_id=2 tx_status=0x00(OK) hop_idx=0 channel_idx=0 epoch=0 freq_hz=0 pkt_toa_us=99904 legal_dwell_used_us_10s=0

RFCO_PERTX during TX wait: profile_id=2 tx_status=0x00(OK) hop_idx=0 channel_idx=0 epoch=0 freq_hz=0 pkt_toa_us=99904 legal_dwell_used_us_10s=0

2026-07-27 00:29:46,231 INFO image_tx_daemon: frame seq=222 done: 2 fragments ok

RFCO_PERTX during TX wait: profile_id=2 tx_status=0x00(OK) hop_idx=0 channel_idx=0 epoch=0 freq_hz=0 pkt_toa_us=99904 legal_dwell_used_us_10s=0

RFCO_PERTX during TX wait: profile_id=2 tx_status=0x00(OK) hop_idx=0 channel_idx=0 epoch=0 freq_hz=0 pkt_toa_us=99904 legal_dwell_used_us_10s=0

RFCO_PERTX during TX wait: profile_id=2 tx_status=0x00(OK) hop_idx=0 channel_idx=0 epoch=0 freq_hz=0 pkt_toa_us=99904 legal_dwell_used_us_10s=0

RFCO_PERTX during TX wait: profile_id=2 tx_status=0x00(OK) hop_idx=0 channel_idx=0 epoch=0 freq_hz=0 pkt_toa_us=17984 legal_dwell_used_us_10s=0

2026-07-27 00:29:46,660 INFO image_tx_daemon: frame seq=227 done: 4 fragments ok

RFCO_PERTX during TX wait: profile_id=2 tx_status=0x00(OK) hop_idx=0 channel_idx=0 epoch=0 freq_hz=0 pkt_toa_us=99904 legal_dwell_used_us_10s=0

RFCO_PERTX during TX wait: profile_id=2 tx_status=0x00(OK) hop_idx=0 channel_idx=0 epoch=0 freq_hz=0 pkt_toa_us=99904 legal_dwell_used_us_10s=0

RFCO_PERTX during TX wait: profile_id=2 tx_status=0x00(OK) hop_idx=0 channel_idx=0 epoch=0 freq_hz=0 pkt_toa_us=99904 legal_dwell_used_us_10s=0

RFCO_PERTX during TX wait: profile_id=2 tx_status=0x00(OK) hop_idx=0 channel_idx=0 epoch=0 freq_hz=0 pkt_toa_us=12864 legal_dwell_used_us_10s=0

2026-07-27 00:29:47,088 INFO image_tx_daemon: frame seq=234 done: 4 fragments ok

RFCO_PERTX during TX wait: profile_id=2 tx_status=0x00(OK) hop_idx=0 channel_idx=0 epoch=0 freq_hz=0 pkt_toa_us=99904 legal_dwell_used_us_10s=0

RFCO_PERTX during TX wait: profile_id=2 tx_status=0x00(OK) hop_idx=0 channel_idx=0 epoch=0 freq_hz=0 pkt_toa_us=99904 legal_dwell_used_us_10s=0

RFCO_PERTX during TX wait: profile_id=2 tx_status=0x00(OK) hop_idx=0 channel_idx=0 epoch=0 freq_hz=0 pkt_toa_us=97344 legal_dwell_used_us_10s=0

2026-07-27 00:29:47,474 INFO image_tx_daemon: frame seq=242 done: 3 fragments ok

RFCO_PERTX during TX wait: profile_id=2 tx_status=0x00(OK) hop_idx=0 channel_idx=0 epoch=0 freq_hz=0 pkt_toa_us=99904 legal_dwell_used_us_10s=0

RFCO_PERTX during TX wait: profile_id=2 tx_status=0x00(OK) hop_idx=0 channel_idx=0 epoch=0 freq_hz=0 pkt_toa_us=11584 legal_dwell_used_us_10s=0

2026-07-27 00:29:47,638 INFO image_tx_daemon: frame seq=251 done: 2 fragments ok

RFCO_PERTX during TX wait: profile_id=2 tx_status=0x00(OK) hop_idx=0 channel_idx=0 epoch=0 freq_hz=0 pkt_toa_us=99904 legal_dwell_used_us_10s=0

RFCO_PERTX during TX wait: profile_id=2 tx_status=0x00(OK) hop_idx=0 channel_idx=0 epoch=0 freq_hz=0 pkt_toa_us=12864 legal_dwell_used_us_10s=0

2026-07-27 00:29:47,802 INFO image_tx_daemon: frame seq=1 done: 2 fragments ok

RFCO_PERTX during TX wait: profile_id=2 tx_status=0x00(OK) hop_idx=0 channel_idx=0 epoch=0 freq_hz=0 pkt_toa_us=99904 legal_dwell_used_us_10s=0

RFCO_PERTX during TX wait: profile_id=2 tx_status=0x00(OK) hop_idx=0 channel_idx=0 epoch=0 freq_hz=0 pkt_toa_us=99904 legal_dwell_used_us_10s=0

RFCO_PERTX during TX wait: profile_id=2 tx_status=0x00(OK) hop_idx=0 channel_idx=0 epoch=0 freq_hz=0 pkt_toa_us=99904 legal_dwell_used_us_10s=0

RFCO_PERTX during TX wait: profile_id=2 tx_status=0x00(OK) hop_idx=0 channel_idx=0 epoch=0 freq_hz=0 pkt_toa_us=20544 legal_dwell_used_us_10s=0

2026-07-27 00:29:48,231 INFO image_tx_daemon: frame seq=7 done: 4 fragments ok

2026-07-27 00:29:48,344 INFO image_tx_daemon: stats: goodput=1728.2 B/s util=72% pipeline=v2 frames_in=1301 ok=221 fail=0 drop_full=844 drop_stale=0 frags_ok=629 frags_fail=0 qdepth=3 parity_tx=0

RFCO_PERTX during TX wait: profile_id=2 tx_status=0x00(OK) hop_idx=0 channel_idx=0 epoch=0 freq_hz=0 pkt_toa_us=99904 legal_dwell_used_us_10s=0

RFCO_PERTX during TX wait: profile_id=2 tx_status=0x00(OK) hop_idx=0 channel_idx=0 epoch=0 freq_hz=0 pkt_toa_us=99904 legal_dwell_used_us_10s=0

RFCO_PERTX during TX wait: profile_id=2 tx_status=0x00(OK) hop_idx=0 channel_idx=0 epoch=0 freq_hz=0 pkt_toa_us=99904 legal_dwell_used_us_10s=0

RFCO_PERTX during TX wait: profile_id=2 tx_status=0x00(OK) hop_idx=0 channel_idx=0 epoch=0 freq_hz=0 pkt_toa_us=12864 legal_dwell_used_us_10s=0

2026-07-27 00:29:48,650 INFO image_tx_daemon: frame seq=10 done: 4 fragments ok

RFCO_PERTX during TX wait: profile_id=2 tx_status=0x00(OK) hop_idx=0 channel_idx=0 epoch=0 freq_hz=0 pkt_toa_us=99904 legal_dwell_used_us_10s=0

RFCO_PERTX during TX wait: profile_id=2 tx_status=0x00(OK) hop_idx=0 channel_idx=0 epoch=0 freq_hz=0 pkt_toa_us=99904 legal_dwell_used_us_10s=0

RFCO_PERTX during TX wait: profile_id=2 tx_status=0x00(OK) hop_idx=0 channel_idx=0 epoch=0 freq_hz=0 pkt_toa_us=99904 legal_dwell_used_us_10s=0

RFCO_PERTX during TX wait: profile_id=2 tx_status=0x00(OK) hop_idx=0 channel_idx=0 epoch=0 freq_hz=0 pkt_toa_us=12864 legal_dwell_used_us_10s=0

2026-07-27 00:29:49,082 INFO image_tx_daemon: frame seq=18 done: 4 fragments ok

RFCO_PERTX during TX wait: profile_id=2 tx_status=0x00(OK) hop_idx=0 channel_idx=0 epoch=0 freq_hz=0 pkt_toa_us=94784 legal_dwell_used_us_10s=0

2026-07-27 00:29:49,211 INFO image_tx_daemon: frame seq=26 done: 1 fragments ok

RFCO_PERTX during TX wait: profile_id=2 tx_status=0x00(OK) hop_idx=0 channel_idx=0 epoch=0 freq_hz=0 pkt_toa_us=99904 legal_dwell_used_us_10s=0

RFCO_PERTX during TX wait: profile_id=2 tx_status=0x00(OK) hop_idx=0 channel_idx=0 epoch=0 freq_hz=0 pkt_toa_us=12864 legal_dwell_used_us_10s=0

2026-07-27 00:29:49,374 INFO image_tx_daemon: frame seq=33 done: 2 fragments ok

RFCO_PERTX during TX wait: profile_id=2 tx_status=0x00(OK) hop_idx=0 channel_idx=0 epoch=0 freq_hz=0 pkt_toa_us=99904 legal_dwell_used_us_10s=0

RFCO_PERTX during TX wait: profile_id=2 tx_status=0x00(OK) hop_idx=0 channel_idx=0 epoch=0 freq_hz=0 pkt_toa_us=99904 legal_dwell_used_us_10s=0

RFCO_PERTX during TX wait: profile_id=2 tx_status=0x00(OK) hop_idx=0 channel_idx=0 epoch=0 freq_hz=0 pkt_toa_us=99904 legal_dwell_used_us_10s=0

RFCO_PERTX during TX wait: profile_id=2 tx_status=0x00(OK) hop_idx=0 channel_idx=0 epoch=0 freq_hz=0 pkt_toa_us=20544 legal_dwell_used_us_10s=0

2026-07-27 00:29:49,813 INFO image_tx_daemon: frame seq=39 done: 4 fragments ok

RFCO_PERTX during TX wait: profile_id=2 tx_status=0x00(OK) hop_idx=0 channel_idx=0 epoch=0 freq_hz=0 pkt_toa_us=99904 legal_dwell_used_us_10s=0

RFCO_PERTX during TX wait: profile_id=2 tx_status=0x00(OK) hop_idx=0 channel_idx=0 epoch=0 freq_hz=0 pkt_toa_us=99904 legal_dwell_used_us_10s=0

2026-07-27 00:29:50,071 INFO image_tx_daemon: frame seq=42 done: 2 fragments ok

RFCO_PERTX during TX wait: profile_id=2 tx_status=0x00(OK) hop_idx=0 channel_idx=0 epoch=0 freq_hz=0 pkt_toa_us=99904 legal_dwell_used_us_10s=0

RFCO_PERTX during TX wait: profile_id=2 tx_status=0x00(OK) hop_idx=0 channel_idx=0 epoch=0 freq_hz=0 pkt_toa_us=99904 legal_dwell_used_us_10s=0

RFCO_PERTX during TX wait: profile_id=2 tx_status=0x00(OK) hop_idx=0 channel_idx=0 epoch=0 freq_hz=0 pkt_toa_us=11584 legal_dwell_used_us_10s=0

2026-07-27 00:29:50,361 INFO image_tx_daemon: frame seq=48 done: 3 fragments ok

RFCO_PERTX during TX wait: profile_id=2 tx_status=0x00(OK) hop_idx=0 channel_idx=0 epoch=0 freq_hz=0 pkt_toa_us=99904 legal_dwell_used_us_10s=0

2026-07-27 00:29:50,480 INFO image_tx_daemon: LoRa cmd: PROBE seq=94 phase_ms=0 (rx#7)

RFCO_PERTX during TX wait: profile_id=2 tx_status=0x00(OK) hop_idx=0 channel_idx=0 epoch=0 freq_hz=0 pkt_toa_us=11584 legal_dwell_used_us_10s=0

2026-07-27 00:29:50,524 INFO image_tx_daemon: frame seq=53 done: 2 fragments ok

RFCO_PERTX during TX wait: profile_id=2 tx_status=0x00(OK) hop_idx=0 channel_idx=0 epoch=0 freq_hz=0 pkt_toa_us=11584 legal_dwell_used_us_10s=0

RFCO_PERTX during TX wait: profile_id=2 tx_status=0x00(OK) hop_idx=0 channel_idx=0 epoch=0 freq_hz=0 pkt_toa_us=11584 legal_dwell_used_us_10s=0

RFCO_PERTX during TX wait: profile_id=2 tx_status=0x00(OK) hop_idx=0 channel_idx=0 epoch=0 freq_hz=0 pkt_toa_us=99904 legal_dwell_used_us_10s=0

RFCO_PERTX during TX wait: profile_id=2 tx_status=0x00(OK) hop_idx=0 channel_idx=0 epoch=0 freq_hz=0 pkt_toa_us=11584 legal_dwell_used_us_10s=0

2026-07-27 00:29:50,741 INFO image_tx_daemon: frame seq=63 done: 2 fragments ok

RFCO_PERTX during TX wait: profile_id=2 tx_status=0x00(OK) hop_idx=0 channel_idx=0 epoch=0 freq_hz=0 pkt_toa_us=99904 legal_dwell_used_us_10s=0

RFCO_PERTX during TX wait: profile_id=2 tx_status=0x00(OK) hop_idx=0 channel_idx=0 epoch=0 freq_hz=0 pkt_toa_us=99904 legal_dwell_used_us_10s=0

RFCO_PERTX during TX wait: profile_id=2 tx_status=0x00(OK) hop_idx=0 channel_idx=0 epoch=0 freq_hz=0 pkt_toa_us=99904 legal_dwell_used_us_10s=0

RFCO_PERTX during TX wait: profile_id=2 tx_status=0x00(OK) hop_idx=0 channel_idx=0 epoch=0 freq_hz=0 pkt_toa_us=16704 legal_dwell_used_us_10s=0

2026-07-27 00:29:51,170 INFO image_tx_daemon: frame seq=66 done: 4 fragments ok

RFCO_PERTX during TX wait: profile_id=2 tx_status=0x00(OK) hop_idx=0 channel_idx=0 epoch=0 freq_hz=0 pkt_toa_us=99904 legal_dwell_used_us_10s=0

RFCO_PERTX during TX wait: profile_id=2 tx_status=0x00(OK) hop_idx=0 channel_idx=0 epoch=0 freq_hz=0 pkt_toa_us=99904 legal_dwell_used_us_10s=0

RFCO_PERTX during TX wait: profile_id=2 tx_status=0x00(OK) hop_idx=0 channel_idx=0 epoch=0 freq_hz=0 pkt_toa_us=12864 legal_dwell_used_us_10s=0

2026-07-27 00:29:51,461 INFO image_tx_daemon: frame seq=69 done: 3 fragments ok

RFCO_PERTX during TX wait: profile_id=2 tx_status=0x00(OK) hop_idx=0 channel_idx=0 epoch=0 freq_hz=0 pkt_toa_us=99904 legal_dwell_used_us_10s=0

RFCO_PERTX during TX wait: profile_id=2 tx_status=0x00(OK) hop_idx=0 channel_idx=0 epoch=0 freq_hz=0 pkt_toa_us=11584 legal_dwell_used_us_10s=0

2026-07-27 00:29:51,623 INFO image_tx_daemon: frame seq=75 done: 2 fragments ok

RFCO_PERTX during TX wait: profile_id=2 tx_status=0x00(OK) hop_idx=0 channel_idx=0 epoch=0 freq_hz=0 pkt_toa_us=99904 legal_dwell_used_us_10s=0

RFCO_PERTX during TX wait: profile_id=2 tx_status=0x00(OK) hop_idx=0 channel_idx=0 epoch=0 freq_hz=0 pkt_toa_us=99904 legal_dwell_used_us_10s=0

RFCO_PERTX during TX wait: profile_id=2 tx_status=0x00(OK) hop_idx=0 channel_idx=0 epoch=0 freq_hz=0 pkt_toa_us=12864 legal_dwell_used_us_10s=0

2026-07-27 00:29:51,913 INFO image_tx_daemon: frame seq=83 done: 3 fragments ok

RFCO_PERTX during TX wait: profile_id=2 tx_status=0x00(OK) hop_idx=0 channel_idx=0 epoch=0 freq_hz=0 pkt_toa_us=99904 legal_dwell_used_us_10s=0

RFCO_PERTX during TX wait: profile_id=2 tx_status=0x00(OK) hop_idx=0 channel_idx=0 epoch=0 freq_hz=0 pkt_toa_us=11584 legal_dwell_used_us_10s=0

2026-07-27 00:29:52,075 INFO image_tx_daemon: frame seq=85 done: 2 fragments ok

RFCO_PERTX during TX wait: profile_id=2 tx_status=0x00(OK) hop_idx=0 channel_idx=0 epoch=0 freq_hz=0 pkt_toa_us=99904 legal_dwell_used_us_10s=0

RFCO_PERTX during TX wait: profile_id=2 tx_status=0x00(OK) hop_idx=0 channel_idx=0 epoch=0 freq_hz=0 pkt_toa_us=92224 legal_dwell_used_us_10s=0

2026-07-27 00:29:52,332 INFO image_tx_daemon: frame seq=93 done: 2 fragments ok

RFCO_PERTX during TX wait: profile_id=2 tx_status=0x00(OK) hop_idx=0 channel_idx=0 epoch=0 freq_hz=0 pkt_toa_us=99904 legal_dwell_used_us_10s=0

RFCO_PERTX during TX wait: profile_id=2 tx_status=0x00(OK) hop_idx=0 channel_idx=0 epoch=0 freq_hz=0 pkt_toa_us=11584 legal_dwell_used_us_10s=0

2026-07-27 00:29:52,494 INFO image_tx_daemon: frame seq=95 done: 2 fragments ok

RFCO_PERTX during TX wait: profile_id=2 tx_status=0x00(OK) hop_idx=0 channel_idx=0 epoch=0 freq_hz=0 pkt_toa_us=99904 legal_dwell_used_us_10s=0

2026-07-27 00:29:52,614 INFO image_tx_daemon: LoRa cmd: PROBE seq=97 phase_ms=0 (rx#8)

RFCO_PERTX during TX wait: profile_id=2 tx_status=0x00(OK) hop_idx=0 channel_idx=0 epoch=0 freq_hz=0 pkt_toa_us=99904 legal_dwell_used_us_10s=0

RFCO_PERTX during TX wait: profile_id=2 tx_status=0x00(OK) hop_idx=0 channel_idx=0 epoch=0 freq_hz=0 pkt_toa_us=99904 legal_dwell_used_us_10s=0

RFCO_PERTX during TX wait: profile_id=2 tx_status=0x00(OK) hop_idx=0 channel_idx=0 epoch=0 freq_hz=0 pkt_toa_us=17984 legal_dwell_used_us_10s=0

2026-07-27 00:29:52,924 INFO image_tx_daemon: frame seq=101 done: 4 fragments ok

RFCO_PERTX during TX wait: profile_id=2 tx_status=0x00(OK) hop_idx=0 channel_idx=0 epoch=0 freq_hz=0 pkt_toa_us=11584 legal_dwell_used_us_10s=0

RFCO_PERTX during TX wait: profile_id=2 tx_status=0x00(OK) hop_idx=0 channel_idx=0 epoch=0 freq_hz=0 pkt_toa_us=11584 legal_dwell_used_us_10s=0

RFCO_PERTX during TX wait: profile_id=2 tx_status=0x00(OK) hop_idx=0 channel_idx=0 epoch=0 freq_hz=0 pkt_toa_us=99904 legal_dwell_used_us_10s=0

RFCO_PERTX during TX wait: profile_id=2 tx_status=0x00(OK) hop_idx=0 channel_idx=0 epoch=0 freq_hz=0 pkt_toa_us=99904 legal_dwell_used_us_10s=0

RFCO_PERTX during TX wait: profile_id=2 tx_status=0x00(OK) hop_idx=0 channel_idx=0 epoch=0 freq_hz=0 pkt_toa_us=99904 legal_dwell_used_us_10s=0

RFCO_PERTX during TX wait: profile_id=2 tx_status=0x00(OK) hop_idx=0 channel_idx=0 epoch=0 freq_hz=0 pkt_toa_us=14144 legal_dwell_used_us_10s=0

2026-07-27 00:29:53,400 INFO image_tx_daemon: frame seq=104 done: 4 fragments ok

RFCO_PERTX during TX wait: profile_id=2 tx_status=0x00(OK) hop_idx=0 channel_idx=0 epoch=0 freq_hz=0 pkt_toa_us=99904 legal_dwell_used_us_10s=0

RFCO_PERTX during TX wait: profile_id=2 tx_status=0x00(OK) hop_idx=0 channel_idx=0 epoch=0 freq_hz=0 pkt_toa_us=99904 legal_dwell_used_us_10s=0

RFCO_PERTX during TX wait: profile_id=2 tx_status=0x00(OK) hop_idx=0 channel_idx=0 epoch=0 freq_hz=0 pkt_toa_us=99904 legal_dwell_used_us_10s=0

RFCO_PERTX during TX wait: profile_id=2 tx_status=0x00(OK) hop_idx=0 channel_idx=0 epoch=0 freq_hz=0 pkt_toa_us=12864 legal_dwell_used_us_10s=0

2026-07-27 00:29:53,819 INFO image_tx_daemon: frame seq=113 done: 4 fragments ok

RFCO_PERTX during TX wait: profile_id=2 tx_status=0x00(OK) hop_idx=0 channel_idx=0 epoch=0 freq_hz=0 pkt_toa_us=99904 legal_dwell_used_us_10s=0

RFCO_PERTX during TX wait: profile_id=2 tx_status=0x00(OK) hop_idx=0 channel_idx=0 epoch=0 freq_hz=0 pkt_toa_us=11584 legal_dwell_used_us_10s=0

2026-07-27 00:29:53,981 INFO image_tx_daemon: frame seq=121 done: 2 fragments ok

RFCO_PERTX during TX wait: profile_id=2 tx_status=0x00(OK) hop_idx=0 channel_idx=0 epoch=0 freq_hz=0 pkt_toa_us=99904 legal_dwell_used_us_10s=0

2026-07-27 00:29:54,100 INFO image_tx_daemon: LoRa cmd: PROBE seq=99 phase_ms=0 (rx#9)

RFCO_PERTX during TX wait: profile_id=2 tx_status=0x00(OK) hop_idx=0 channel_idx=0 epoch=0 freq_hz=0 pkt_toa_us=11584 legal_dwell_used_us_10s=0

2026-07-27 00:29:54,144 INFO image_tx_daemon: frame seq=127 done: 2 fragments ok

RFCO_PERTX during TX wait: profile_id=2 tx_status=0x00(OK) hop_idx=0 channel_idx=0 epoch=0 freq_hz=0 pkt_toa_us=11584 legal_dwell_used_us_10s=0

RFCO_PERTX during TX wait: profile_id=2 tx_status=0x00(OK) hop_idx=0 channel_idx=0 epoch=0 freq_hz=0 pkt_toa_us=11584 legal_dwell_used_us_10s=0

RFCO_PERTX during TX wait: profile_id=2 tx_status=0x00(OK) hop_idx=0 channel_idx=0 epoch=0 freq_hz=0 pkt_toa_us=99904 legal_dwell_used_us_10s=0

RFCO_PERTX during TX wait: profile_id=2 tx_status=0x00(OK) hop_idx=0 channel_idx=0 epoch=0 freq_hz=0 pkt_toa_us=99904 legal_dwell_used_us_10s=0

RFCO_PERTX during TX wait: profile_id=2 tx_status=0x00(OK) hop_idx=0 channel_idx=0 epoch=0 freq_hz=0 pkt_toa_us=99904 legal_dwell_used_us_10s=0

RFCO_PERTX during TX wait: profile_id=2 tx_status=0x00(OK) hop_idx=0 channel_idx=0 epoch=0 freq_hz=0 pkt_toa_us=20544 legal_dwell_used_us_10s=0

2026-07-27 00:29:54,628 INFO image_tx_daemon: frame seq=135 done: 4 fragments ok

RFCO_PERTX during TX wait: profile_id=2 tx_status=0x00(OK) hop_idx=0 channel_idx=0 epoch=0 freq_hz=0 pkt_toa_us=99904 legal_dwell_used_us_10s=0

RFCO_PERTX during TX wait: profile_id=2 tx_status=0x00(OK) hop_idx=0 channel_idx=0 epoch=0 freq_hz=0 pkt_toa_us=99904 legal_dwell_used_us_10s=0

RFCO_PERTX during TX wait: profile_id=2 tx_status=0x00(OK) hop_idx=0 channel_idx=0 epoch=0 freq_hz=0 pkt_toa_us=99904 legal_dwell_used_us_10s=0

RFCO_PERTX during TX wait: profile_id=2 tx_status=0x00(OK) hop_idx=0 channel_idx=0 epoch=0 freq_hz=0 pkt_toa_us=12864 legal_dwell_used_us_10s=0

2026-07-27 00:29:55,057 INFO image_tx_daemon: frame seq=138 done: 4 fragments ok

RFCO_PERTX during TX wait: profile_id=2 tx_status=0x00(OK) hop_idx=0 channel_idx=0 epoch=0 freq_hz=0 pkt_toa_us=99904 legal_dwell_used_us_10s=0

RFCO_PERTX during TX wait: profile_id=2 tx_status=0x00(OK) hop_idx=0 channel_idx=0 epoch=0 freq_hz=0 pkt_toa_us=99904 legal_dwell_used_us_10s=0

RFCO_PERTX during TX wait: profile_id=2 tx_status=0x00(OK) hop_idx=0 channel_idx=0 epoch=0 freq_hz=0 pkt_toa_us=99904 legal_dwell_used_us_10s=0

RFCO_PERTX during TX wait: profile_id=2 tx_status=0x00(OK) hop_idx=0 channel_idx=0 epoch=0 freq_hz=0 pkt_toa_us=12864 legal_dwell_used_us_10s=0

2026-07-27 00:29:55,481 INFO image_tx_daemon: frame seq=146 done: 4 fragments ok

RFCO_PERTX during TX wait: profile_id=2 tx_status=0x00(OK) hop_idx=0 channel_idx=0 epoch=0 freq_hz=0 pkt_toa_us=94784 legal_dwell_used_us_10s=0

2026-07-27 00:29:55,610 INFO image_tx_daemon: frame seq=154 done: 1 fragments ok

RFCO_PERTX during TX wait: profile_id=2 tx_status=0x00(OK) hop_idx=0 channel_idx=0 epoch=0 freq_hz=0 pkt_toa_us=99904 legal_dwell_used_us_10s=0

RFCO_PERTX during TX wait: profile_id=2 tx_status=0x00(OK) hop_idx=0 channel_idx=0 epoch=0 freq_hz=0 pkt_toa_us=12864 legal_dwell_used_us_10s=0

2026-07-27 00:29:55,772 INFO image_tx_daemon: frame seq=161 done: 2 fragments ok

RFCO_PERTX during TX wait: profile_id=2 tx_status=0x00(OK) hop_idx=0 channel_idx=0 epoch=0 freq_hz=0 pkt_toa_us=99904 legal_dwell_used_us_10s=0

RFCO_PERTX during TX wait: profile_id=2 tx_status=0x00(OK) hop_idx=0 channel_idx=0 epoch=0 freq_hz=0 pkt_toa_us=99904 legal_dwell_used_us_10s=0

RFCO_PERTX during TX wait: profile_id=2 tx_status=0x00(OK) hop_idx=0 channel_idx=0 epoch=0 freq_hz=0 pkt_toa_us=99904 legal_dwell_used_us_10s=0

RFCO_PERTX during TX wait: profile_id=2 tx_status=0x00(OK) hop_idx=0 channel_idx=0 epoch=0 freq_hz=0 pkt_toa_us=19264 legal_dwell_used_us_10s=0

2026-07-27 00:29:56,202 INFO image_tx_daemon: frame seq=166 done: 4 fragments ok

2026-07-27 00:29:56,203 INFO image_tx_daemon: batching: 409 frames in 151 trains so far (this train: 3 frames, 730 B)

RFCO_PERTX during TX wait: profile_id=2 tx_status=0x00(OK) hop_idx=0 channel_idx=0 epoch=0 freq_hz=0 pkt_toa_us=99904 legal_dwell_used_us_10s=0

RFCO_PERTX during TX wait: profile_id=2 tx_status=0x00(OK) hop_idx=0 channel_idx=0 epoch=0 freq_hz=0 pkt_toa_us=99904 legal_dwell_used_us_10s=0

RFCO_PERTX during TX wait: profile_id=2 tx_status=0x00(OK) hop_idx=0 channel_idx=0 epoch=0 freq_hz=0 pkt_toa_us=99904 legal_dwell_used_us_10s=0

RFCO_PERTX during TX wait: profile_id=2 tx_status=0x00(OK) hop_idx=0 channel_idx=0 epoch=0 freq_hz=0 pkt_toa_us=14144 legal_dwell_used_us_10s=0

2026-07-27 00:29:56,621 INFO image_tx_daemon: frame seq=169 done: 4 fragments ok

RFCO_PERTX during TX wait: profile_id=2 tx_status=0x00(OK) hop_idx=0 channel_idx=0 epoch=0 freq_hz=0 pkt_toa_us=99904 legal_dwell_used_us_10s=0

RFCO_PERTX during TX wait: profile_id=2 tx_status=0x00(OK) hop_idx=0 channel_idx=0 epoch=0 freq_hz=0 pkt_toa_us=99904 legal_dwell_used_us_10s=0

RFCO_PERTX during TX wait: profile_id=2 tx_status=0x00(OK) hop_idx=0 channel_idx=0 epoch=0 freq_hz=0 pkt_toa_us=99904 legal_dwell_used_us_10s=0

RFCO_PERTX during TX wait: profile_id=2 tx_status=0x00(OK) hop_idx=0 channel_idx=0 epoch=0 freq_hz=0 pkt_toa_us=12864 legal_dwell_used_us_10s=0

2026-07-27 00:29:57,052 INFO image_tx_daemon: frame seq=177 done: 4 fragments ok

RFCO_PERTX during TX wait: profile_id=2 tx_status=0x00(OK) hop_idx=0 channel_idx=0 epoch=0 freq_hz=0 pkt_toa_us=99904 legal_dwell_used_us_10s=0

RFCO_PERTX during TX wait: profile_id=2 tx_status=0x00(OK) hop_idx=0 channel_idx=0 epoch=0 freq_hz=0 pkt_toa_us=99904 legal_dwell_used_us_10s=0

RFCO_PERTX during TX wait: profile_id=2 tx_status=0x00(OK) hop_idx=0 channel_idx=0 epoch=0 freq_hz=0 pkt_toa_us=12864 legal_dwell_used_us_10s=0

2026-07-27 00:29:57,342 INFO image_tx_daemon: frame seq=185 done: 3 fragments ok

RFCO_PERTX during TX wait: profile_id=2 tx_status=0x00(OK) hop_idx=0 channel_idx=0 epoch=0 freq_hz=0 pkt_toa_us=99904 legal_dwell_used_us_10s=0

RFCO_PERTX during TX wait: profile_id=2 tx_status=0x00(OK) hop_idx=0 channel_idx=0 epoch=0 freq_hz=0 pkt_toa_us=12864 legal_dwell_used_us_10s=0

2026-07-27 00:29:57,504 INFO image_tx_daemon: frame seq=193 done: 2 fragments ok

RFCO_PERTX during TX wait: profile_id=2 tx_status=0x00(OK) hop_idx=0 channel_idx=0 epoch=0 freq_hz=0 pkt_toa_us=99904 legal_dwell_used_us_10s=0

RFCO_PERTX during TX wait: profile_id=2 tx_status=0x00(OK) hop_idx=0 channel_idx=0 epoch=0 freq_hz=0 pkt_toa_us=99904 legal_dwell_used_us_10s=0

RFCO_PERTX during TX wait: profile_id=2 tx_status=0x00(OK) hop_idx=0 channel_idx=0 epoch=0 freq_hz=0 pkt_toa_us=14144 legal_dwell_used_us_10s=0

2026-07-27 00:29:57,796 INFO image_tx_daemon: frame seq=201 done: 3 fragments ok

RFCO_PERTX during TX wait: profile_id=2 tx_status=0x00(OK) hop_idx=0 channel_idx=0 epoch=0 freq_hz=0 pkt_toa_us=99904 legal_dwell_used_us_10s=0

2026-07-27 00:29:57,915 INFO image_tx_daemon: LoRa cmd: PROBE seq=104 phase_ms=0 (rx#10)

RFCO_PERTX during TX wait: profile_id=2 tx_status=0x00(OK) hop_idx=0 channel_idx=0 epoch=0 freq_hz=0 pkt_toa_us=11584 legal_dwell_used_us_10s=0

2026-07-27 00:29:57,959 INFO image_tx_daemon: frame seq=203 done: 2 fragments ok

RFCO_PERTX during TX wait: profile_id=2 tx_status=0x00(OK) hop_idx=0 channel_idx=0 epoch=0 freq_hz=0 pkt_toa_us=11584 legal_dwell_used_us_10s=0

RFCO_PERTX during TX wait: profile_id=2 tx_status=0x00(OK) hop_idx=0 channel_idx=0 epoch=0 freq_hz=0 pkt_toa_us=11584 legal_dwell_used_us_10s=0

RFCO_PERTX during TX wait: profile_id=2 tx_status=0x00(OK) hop_idx=0 channel_idx=0 epoch=0 freq_hz=0 pkt_toa_us=99904 legal_dwell_used_us_10s=0

RFCO_PERTX during TX wait: profile_id=2 tx_status=0x00(OK) hop_idx=0 channel_idx=0 epoch=0 freq_hz=0 pkt_toa_us=99904 legal_dwell_used_us_10s=0

RFCO_PERTX during TX wait: profile_id=2 tx_status=0x00(OK) hop_idx=0 channel_idx=0 epoch=0 freq_hz=0 pkt_toa_us=12864 legal_dwell_used_us_10s=0

2026-07-27 00:29:58,304 INFO image_tx_daemon: frame seq=211 done: 3 fragments ok

2026-07-27 00:29:58,355 INFO image_tx_daemon: stats: goodput=1707.1 B/s util=72% pipeline=v2 frames_in=1501 ok=255 fail=0 drop_full=978 drop_stale=0 frags_ok=727 frags_fail=0 qdepth=4 parity_tx=0

RFCO_PERTX during TX wait: profile_id=2 tx_status=0x00(OK) hop_idx=0 channel_idx=0 epoch=0 freq_hz=0 pkt_toa_us=99904 legal_dwell_used_us_10s=0

2026-07-27 00:29:58,424 INFO image_tx_daemon: LoRa cmd: PROBE seq=105 phase_ms=0 (rx#11)

RFCO_PERTX during TX wait: profile_id=2 tx_status=0x00(OK) hop_idx=0 channel_idx=0 epoch=0 freq_hz=0 pkt_toa_us=11584 legal_dwell_used_us_10s=0

2026-07-27 00:29:58,471 INFO image_tx_daemon: frame seq=213 done: 2 fragments ok

RFCO_PERTX during TX wait: profile_id=2 tx_status=0x00(OK) hop_idx=0 channel_idx=0 epoch=0 freq_hz=0 pkt_toa_us=11584 legal_dwell_used_us_10s=0

RFCO_PERTX during TX wait: profile_id=2 tx_status=0x00(OK) hop_idx=0 channel_idx=0 epoch=0 freq_hz=0 pkt_toa_us=11584 legal_dwell_used_us_10s=0

RFCO_PERTX during TX wait: profile_id=2 tx_status=0x00(OK) hop_idx=0 channel_idx=0 epoch=0 freq_hz=0 pkt_toa_us=96064 legal_dwell_used_us_10s=0

2026-07-27 00:29:58,657 INFO image_tx_daemon: frame seq=222 done: 1 fragments ok

RFCO_PERTX during TX wait: profile_id=2 tx_status=0x00(OK) hop_idx=0 channel_idx=0 epoch=0 freq_hz=0 pkt_toa_us=99904 legal_dwell_used_us_10s=0

RFCO_PERTX during TX wait: profile_id=2 tx_status=0x00(OK) hop_idx=0 channel_idx=0 epoch=0 freq_hz=0 pkt_toa_us=11584 legal_dwell_used_us_10s=0

2026-07-27 00:29:58,819 INFO image_tx_daemon: frame seq=223 done: 2 fragments ok

RFCO_PERTX during TX wait: profile_id=2 tx_status=0x00(OK) hop_idx=0 channel_idx=0 epoch=0 freq_hz=0 pkt_toa_us=99904 legal_dwell_used_us_10s=0

2026-07-27 00:29:58,939 INFO image_tx_daemon: LoRa cmd: PROBE seq=106 phase_ms=0 (rx#12)

RFCO_PERTX during TX wait: profile_id=2 tx_status=0x00(OK) hop_idx=0 channel_idx=0 epoch=0 freq_hz=0 pkt_toa_us=99904 legal_dwell_used_us_10s=0

RFCO_PERTX during TX wait: profile_id=2 tx_status=0x00(OK) hop_idx=0 channel_idx=0 epoch=0 freq_hz=0 pkt_toa_us=99904 legal_dwell_used_us_10s=0

RFCO_PERTX during TX wait: profile_id=2 tx_status=0x00(OK) hop_idx=0 channel_idx=0 epoch=0 freq_hz=0 pkt_toa_us=16704 legal_dwell_used_us_10s=0

2026-07-27 00:29:59,250 INFO image_tx_daemon: frame seq=227 done: 4 fragments ok

RFCO_PERTX during TX wait: profile_id=2 tx_status=0x00(OK) hop_idx=0 channel_idx=0 epoch=0 freq_hz=0 pkt_toa_us=11584 legal_dwell_used_us_10s=0

RFCO_PERTX during TX wait: profile_id=2 tx_status=0x00(OK) hop_idx=0 channel_idx=0 epoch=0 freq_hz=0 pkt_toa_us=11584 legal_dwell_used_us_10s=0

RFCO_PERTX during TX wait: profile_id=2 tx_status=0x00(OK) hop_idx=0 channel_idx=0 epoch=0 freq_hz=0 pkt_toa_us=99904 legal_dwell_used_us_10s=0

RFCO_PERTX during TX wait: profile_id=2 tx_status=0x00(OK) hop_idx=0 channel_idx=0 epoch=0 freq_hz=0 pkt_toa_us=99904 legal_dwell_used_us_10s=0

RFCO_PERTX during TX wait: profile_id=2 tx_status=0x00(OK) hop_idx=0 channel_idx=0 epoch=0 freq_hz=0 pkt_toa_us=99904 legal_dwell_used_us_10s=0

RFCO_PERTX during TX wait: profile_id=2 tx_status=0x00(OK) hop_idx=0 channel_idx=0 epoch=0 freq_hz=0 pkt_toa_us=16704 legal_dwell_used_us_10s=0

2026-07-27 00:29:59,735 INFO image_tx_daemon: frame seq=230 done: 4 fragments ok

RFCO_PERTX during TX wait: profile_id=2 tx_status=0x00(OK) hop_idx=0 channel_idx=0 epoch=0 freq_hz=0 pkt_toa_us=99904 legal_dwell_used_us_10s=0

RFCO_PERTX during TX wait: profile_id=2 tx_status=0x00(OK) hop_idx=0 channel_idx=0 epoch=0 freq_hz=0 pkt_toa_us=99904 legal_dwell_used_us_10s=0

2026-07-27 00:29:59,992 INFO image_tx_daemon: frame seq=239 done: 2 fragments ok

RFCO_PERTX during TX wait: profile_id=2 tx_status=0x00(OK) hop_idx=0 channel_idx=0 epoch=0 freq_hz=0 pkt_toa_us=99904 legal_dwell_used_us_10s=0

RFCO_PERTX during TX wait: profile_id=2 tx_status=0x00(OK) hop_idx=0 channel_idx=0 epoch=0 freq_hz=0 pkt_toa_us=99904 legal_dwell_used_us_10s=0

RFCO_PERTX during TX wait: profile_id=2 tx_status=0x00(OK) hop_idx=0 channel_idx=0 epoch=0 freq_hz=0 pkt_toa_us=99904 legal_dwell_used_us_10s=0

RFCO_PERTX during TX wait: profile_id=2 tx_status=0x00(OK) hop_idx=0 channel_idx=0 epoch=0 freq_hz=0 pkt_toa_us=12864 legal_dwell_used_us_10s=0

2026-07-27 00:30:00,411 INFO image_tx_daemon: frame seq=247 done: 4 fragments ok

RFCO_PERTX during TX wait: profile_id=2 tx_status=0x00(OK) hop_idx=0 channel_idx=0 epoch=0 freq_hz=0 pkt_toa_us=99904 legal_dwell_used_us_10s=0

RFCO_PERTX during TX wait: profile_id=2 tx_status=0x00(OK) hop_idx=0 channel_idx=0 epoch=0 freq_hz=0 pkt_toa_us=99904 legal_dwell_used_us_10s=0

RFCO_PERTX during TX wait: profile_id=2 tx_status=0x00(OK) hop_idx=0 channel_idx=0 epoch=0 freq_hz=0 pkt_toa_us=97344 legal_dwell_used_us_10s=0

2026-07-27 00:30:00,797 INFO image_tx_daemon: frame seq=253 done: 3 fragments ok

RFCO_PERTX during TX wait: profile_id=2 tx_status=0x00(OK) hop_idx=0 channel_idx=0 epoch=0 freq_hz=0 pkt_toa_us=99904 legal_dwell_used_us_10s=0

RFCO_PERTX during TX wait: profile_id=2 tx_status=0x00(OK) hop_idx=0 channel_idx=0 epoch=0 freq_hz=0 pkt_toa_us=11584 legal_dwell_used_us_10s=0

2026-07-27 00:30:00,959 INFO image_tx_daemon: frame seq=5 done: 2 fragments ok

RFCO_PERTX during TX wait: profile_id=2 tx_status=0x00(OK) hop_idx=0 channel_idx=0 epoch=0 freq_hz=0 pkt_toa_us=99904 legal_dwell_used_us_10s=0

RFCO_PERTX during TX wait: profile_id=2 tx_status=0x00(OK) hop_idx=0 channel_idx=0 epoch=0 freq_hz=0 pkt_toa_us=11584 legal_dwell_used_us_10s=0

2026-07-27 00:30:01,121 INFO image_tx_daemon: frame seq=11 done: 2 fragments ok

RFCO_PERTX during TX wait: profile_id=2 tx_status=0x00(OK) hop_idx=0 channel_idx=0 epoch=0 freq_hz=0 pkt_toa_us=99904 legal_dwell_used_us_10s=0

RFCO_PERTX during TX wait: profile_id=2 tx_status=0x00(OK) hop_idx=0 channel_idx=0 epoch=0 freq_hz=0 pkt_toa_us=99904 legal_dwell_used_us_10s=0

RFCO_PERTX during TX wait: profile_id=2 tx_status=0x00(OK) hop_idx=0 channel_idx=0 epoch=0 freq_hz=0 pkt_toa_us=99904 legal_dwell_used_us_10s=0

RFCO_PERTX during TX wait: profile_id=2 tx_status=0x00(OK) hop_idx=0 channel_idx=0 epoch=0 freq_hz=0 pkt_toa_us=14144 legal_dwell_used_us_10s=0

2026-07-27 00:30:01,540 INFO image_tx_daemon: frame seq=17 done: 4 fragments ok

RFCO_PERTX during TX wait: profile_id=2 tx_status=0x00(OK) hop_idx=0 channel_idx=0 epoch=0 freq_hz=0 pkt_toa_us=99904 legal_dwell_used_us_10s=0

RFCO_PERTX during TX wait: profile_id=2 tx_status=0x00(OK) hop_idx=0 channel_idx=0 epoch=0 freq_hz=0 pkt_toa_us=99904 legal_dwell_used_us_10s=0

RFCO_PERTX during TX wait: profile_id=2 tx_status=0x00(OK) hop_idx=0 channel_idx=0 epoch=0 freq_hz=0 pkt_toa_us=97344 legal_dwell_used_us_10s=0

2026-07-27 00:30:01,926 INFO image_tx_daemon: frame seq=20 done: 3 fragments ok

RFCO_PERTX during TX wait: profile_id=2 tx_status=0x00(OK) hop_idx=0 channel_idx=0 epoch=0 freq_hz=0 pkt_toa_us=99904 legal_dwell_used_us_10s=0

RFCO_PERTX during TX wait: profile_id=2 tx_status=0x00(OK) hop_idx=0 channel_idx=0 epoch=0 freq_hz=0 pkt_toa_us=99904 legal_dwell_used_us_10s=0

RFCO_PERTX during TX wait: profile_id=2 tx_status=0x00(OK) hop_idx=0 channel_idx=0 epoch=0 freq_hz=0 pkt_toa_us=99904 legal_dwell_used_us_10s=0

RFCO_PERTX during TX wait: profile_id=2 tx_status=0x00(OK) hop_idx=0 channel_idx=0 epoch=0 freq_hz=0 pkt_toa_us=15424 legal_dwell_used_us_10s=0

2026-07-27 00:30:02,345 INFO image_tx_daemon: frame seq=28 done: 4 fragments ok

RFCO_PERTX during TX wait: profile_id=2 tx_status=0x00(OK) hop_idx=0 channel_idx=0 epoch=0 freq_hz=0 pkt_toa_us=99904 legal_dwell_used_us_10s=0

RFCO_PERTX during TX wait: profile_id=2 tx_status=0x00(OK) hop_idx=0 channel_idx=0 epoch=0 freq_hz=0 pkt_toa_us=99904 legal_dwell_used_us_10s=0

RFCO_PERTX during TX wait: profile_id=2 tx_status=0x00(OK) hop_idx=0 channel_idx=0 epoch=0 freq_hz=0 pkt_toa_us=12864 legal_dwell_used_us_10s=0

2026-07-27 00:30:02,636 INFO image_tx_daemon: frame seq=36 done: 3 fragments ok

RFCO_PERTX during TX wait: profile_id=2 tx_status=0x00(OK) hop_idx=0 channel_idx=0 epoch=0 freq_hz=0 pkt_toa_us=99904 legal_dwell_used_us_10s=0

RFCO_PERTX during TX wait: profile_id=2 tx_status=0x00(OK) hop_idx=0 channel_idx=0 epoch=0 freq_hz=0 pkt_toa_us=11584 legal_dwell_used_us_10s=0

2026-07-27 00:30:02,798 INFO image_tx_daemon: frame seq=43 done: 2 fragments ok

RFCO_PERTX during TX wait: profile_id=2 tx_status=0x00(OK) hop_idx=0 channel_idx=0 epoch=0 freq_hz=0 pkt_toa_us=99904 legal_dwell_used_us_10s=0

RFCO_PERTX during TX wait: profile_id=2 tx_status=0x00(OK) hop_idx=0 channel_idx=0 epoch=0 freq_hz=0 pkt_toa_us=99904 legal_dwell_used_us_10s=0

RFCO_PERTX during TX wait: profile_id=2 tx_status=0x00(OK) hop_idx=0 channel_idx=0 epoch=0 freq_hz=0 pkt_toa_us=12864 legal_dwell_used_us_10s=0

2026-07-27 00:30:03,099 INFO image_tx_daemon: frame seq=51 done: 3 fragments ok

RFCO_PERTX during TX wait: profile_id=2 tx_status=0x00(OK) hop_idx=0 channel_idx=0 epoch=0 freq_hz=0 pkt_toa_us=99904 legal_dwell_used_us_10s=0

2026-07-27 00:30:03,217 INFO image_tx_daemon: LoRa cmd: PROBE seq=112 phase_ms=0 (rx#13)

RFCO_PERTX during TX wait: profile_id=2 tx_status=0x00(OK) hop_idx=0 channel_idx=0 epoch=0 freq_hz=0 pkt_toa_us=11584 legal_dwell_used_us_10s=0

2026-07-27 00:30:03,262 INFO image_tx_daemon: frame seq=53 done: 2 fragments ok

RFCO_PERTX during TX wait: profile_id=2 tx_status=0x00(OK) hop_idx=0 channel_idx=0 epoch=0 freq_hz=0 pkt_toa_us=11584 legal_dwell_used_us_10s=0

RFCO_PERTX during TX wait: profile_id=2 tx_status=0x00(OK) hop_idx=0 channel_idx=0 epoch=0 freq_hz=0 pkt_toa_us=11584 legal_dwell_used_us_10s=0

RFCO_PERTX during TX wait: profile_id=2 tx_status=0x00(OK) hop_idx=0 channel_idx=0 epoch=0 freq_hz=0 pkt_toa_us=99904 legal_dwell_used_us_10s=0

RFCO_PERTX during TX wait: profile_id=2 tx_status=0x00(OK) hop_idx=0 channel_idx=0 epoch=0 freq_hz=0 pkt_toa_us=92224 legal_dwell_used_us_10s=0

2026-07-27 00:30:03,574 INFO image_tx_daemon: frame seq=61 done: 2 fragments ok

RFCO_PERTX during TX wait: profile_id=2 tx_status=0x00(OK) hop_idx=0 channel_idx=0 epoch=0 freq_hz=0 pkt_toa_us=99904 legal_dwell_used_us_10s=0

RFCO_PERTX during TX wait: profile_id=2 tx_status=0x00(OK) hop_idx=0 channel_idx=0 epoch=0 freq_hz=0 pkt_toa_us=11584 legal_dwell_used_us_10s=0

2026-07-27 00:30:03,736 INFO image_tx_daemon: frame seq=63 done: 2 fragments ok

RFCO_PERTX during TX wait: profile_id=2 tx_status=0x00(OK) hop_idx=0 channel_idx=0 epoch=0 freq_hz=0 pkt_toa_us=99904 legal_dwell_used_us_10s=0

RFCO_PERTX during TX wait: profile_id=2 tx_status=0x00(OK) hop_idx=0 channel_idx=0 epoch=0 freq_hz=0 pkt_toa_us=99904 legal_dwell_used_us_10s=0

RFCO_PERTX during TX wait: profile_id=2 tx_status=0x00(OK) hop_idx=0 channel_idx=0 epoch=0 freq_hz=0 pkt_toa_us=99904 legal_dwell_used_us_10s=0

RFCO_PERTX during TX wait: profile_id=2 tx_status=0x00(OK) hop_idx=0 channel_idx=0 epoch=0 freq_hz=0 pkt_toa_us=19264 legal_dwell_used_us_10s=0

2026-07-27 00:30:04,168 INFO image_tx_daemon: frame seq=70 done: 4 fragments ok

RFCO_PERTX during TX wait: profile_id=2 tx_status=0x00(OK) hop_idx=0 channel_idx=0 epoch=0 freq_hz=0 pkt_toa_us=99904 legal_dwell_used_us_10s=0

RFCO_PERTX during TX wait: profile_id=2 tx_status=0x00(OK) hop_idx=0 channel_idx=0 epoch=0 freq_hz=0 pkt_toa_us=99904 legal_dwell_used_us_10s=0

RFCO_PERTX during TX wait: profile_id=2 tx_status=0x00(OK) hop_idx=0 channel_idx=0 epoch=0 freq_hz=0 pkt_toa_us=99904 legal_dwell_used_us_10s=0

RFCO_PERTX during TX wait: profile_id=2 tx_status=0x00(OK) hop_idx=0 channel_idx=0 epoch=0 freq_hz=0 pkt_toa_us=14144 legal_dwell_used_us_10s=0

2026-07-27 00:30:04,587 INFO image_tx_daemon: frame seq=73 done: 4 fragments ok

RFCO_PERTX during TX wait: profile_id=2 tx_status=0x00(OK) hop_idx=0 channel_idx=0 epoch=0 freq_hz=0 pkt_toa_us=99904 legal_dwell_used_us_10s=0

RFCO_PERTX during TX wait: profile_id=2 tx_status=0x00(OK) hop_idx=0 channel_idx=0 epoch=0 freq_hz=0 pkt_toa_us=99904 legal_dwell_used_us_10s=0

RFCO_PERTX during TX wait: profile_id=2 tx_status=0x00(OK) hop_idx=0 channel_idx=0 epoch=0 freq_hz=0 pkt_toa_us=99904 legal_dwell_used_us_10s=0

RFCO_PERTX during TX wait: profile_id=2 tx_status=0x00(OK) hop_idx=0 channel_idx=0 epoch=0 freq_hz=0 pkt_toa_us=12864 legal_dwell_used_us_10s=0

2026-07-27 00:30:05,016 INFO image_tx_daemon: frame seq=80 done: 4 fragments ok

RFCO_PERTX during TX wait: profile_id=2 tx_status=0x00(OK) hop_idx=0 channel_idx=0 epoch=0 freq_hz=0 pkt_toa_us=99904 legal_dwell_used_us_10s=0

2026-07-27 00:30:05,136 INFO image_tx_daemon: LoRa cmd: PROBE seq=115 phase_ms=0 (rx#14)

RFCO_PERTX during TX wait: profile_id=2 tx_status=0x00(OK) hop_idx=0 channel_idx=0 epoch=0 freq_hz=0 pkt_toa_us=11584 legal_dwell_used_us_10s=0

2026-07-27 00:30:05,180 INFO image_tx_daemon: frame seq=89 done: 2 fragments ok

RFCO_PERTX during TX wait: profile_id=2 tx_status=0x00(OK) hop_idx=0 channel_idx=0 epoch=0 freq_hz=0 pkt_toa_us=11584 legal_dwell_used_us_10s=0

RFCO_PERTX during TX wait: profile_id=2 tx_status=0x00(OK) hop_idx=0 channel_idx=0 epoch=0 freq_hz=0 pkt_toa_us=11584 legal_dwell_used_us_10s=0

RFCO_PERTX during TX wait: profile_id=2 tx_status=0x00(OK) hop_idx=0 channel_idx=0 epoch=0 freq_hz=0 pkt_toa_us=99904 legal_dwell_used_us_10s=0

RFCO_PERTX during TX wait: profile_id=2 tx_status=0x00(OK) hop_idx=0 channel_idx=0 epoch=0 freq_hz=0 pkt_toa_us=11584 legal_dwell_used_us_10s=0

2026-07-27 00:30:05,397 INFO image_tx_daemon: frame seq=95 done: 2 fragments ok

RFCO_PERTX during TX wait: profile_id=2 tx_status=0x00(OK) hop_idx=0 channel_idx=0 epoch=0 freq_hz=0 pkt_toa_us=99904 legal_dwell_used_us_10s=0

RFCO_PERTX during TX wait: profile_id=2 tx_status=0x00(OK) hop_idx=0 channel_idx=0 epoch=0 freq_hz=0 pkt_toa_us=99904 legal_dwell_used_us_10s=0

RFCO_PERTX during TX wait: profile_id=2 tx_status=0x00(OK) hop_idx=0 channel_idx=0 epoch=0 freq_hz=0 pkt_toa_us=99904 legal_dwell_used_us_10s=0

RFCO_PERTX during TX wait: profile_id=2 tx_status=0x00(OK) hop_idx=0 channel_idx=0 epoch=0 freq_hz=0 pkt_toa_us=20544 legal_dwell_used_us_10s=0

2026-07-27 00:30:05,826 INFO image_tx_daemon: frame seq=103 done: 4 fragments ok

RFCO_PERTX during TX wait: profile_id=2 tx_status=0x00(OK) hop_idx=0 channel_idx=0 epoch=0 freq_hz=0 pkt_toa_us=99904 legal_dwell_used_us_10s=0

RFCO_PERTX during TX wait: profile_id=2 tx_status=0x00(OK) hop_idx=0 channel_idx=0 epoch=0 freq_hz=0 pkt_toa_us=99904 legal_dwell_used_us_10s=0

RFCO_PERTX during TX wait: profile_id=2 tx_status=0x00(OK) hop_idx=0 channel_idx=0 epoch=0 freq_hz=0 pkt_toa_us=99904 legal_dwell_used_us_10s=0

RFCO_PERTX during TX wait: profile_id=2 tx_status=0x00(OK) hop_idx=0 channel_idx=0 epoch=0 freq_hz=0 pkt_toa_us=12864 legal_dwell_used_us_10s=0

2026-07-27 00:30:06,245 INFO image_tx_daemon: frame seq=106 done: 4 fragments ok

RFCO_PERTX during TX wait: profile_id=2 tx_status=0x00(OK) hop_idx=0 channel_idx=0 epoch=0 freq_hz=0 pkt_toa_us=99904 legal_dwell_used_us_10s=0

RFCO_PERTX during TX wait: profile_id=2 tx_status=0x00(OK) hop_idx=0 channel_idx=0 epoch=0 freq_hz=0 pkt_toa_us=99904 legal_dwell_used_us_10s=0

RFCO_PERTX during TX wait: profile_id=2 tx_status=0x00(OK) hop_idx=0 channel_idx=0 epoch=0 freq_hz=0 pkt_toa_us=99904 legal_dwell_used_us_10s=0

RFCO_PERTX during TX wait: profile_id=2 tx_status=0x00(OK) hop_idx=0 channel_idx=0 epoch=0 freq_hz=0 pkt_toa_us=12864 legal_dwell_used_us_10s=0

2026-07-27 00:30:06,677 INFO image_tx_daemon: frame seq=114 done: 4 fragments ok

RFCO_PERTX during TX wait: profile_id=2 tx_status=0x00(OK) hop_idx=0 channel_idx=0 epoch=0 freq_hz=0 pkt_toa_us=94784 legal_dwell_used_us_10s=0

2026-07-27 00:30:06,806 INFO image_tx_daemon: frame seq=122 done: 1 fragments ok

RFCO_PERTX during TX wait: profile_id=2 tx_status=0x00(OK) hop_idx=0 channel_idx=0 epoch=0 freq_hz=0 pkt_toa_us=99904 legal_dwell_used_us_10s=0

RFCO_PERTX during TX wait: profile_id=2 tx_status=0x00(OK) hop_idx=0 channel_idx=0 epoch=0 freq_hz=0 pkt_toa_us=12864 legal_dwell_used_us_10s=0

2026-07-27 00:30:06,969 INFO image_tx_daemon: frame seq=129 done: 2 fragments ok

RFCO_PERTX during TX wait: profile_id=2 tx_status=0x00(OK) hop_idx=0 channel_idx=0 epoch=0 freq_hz=0 pkt_toa_us=99904 legal_dwell_used_us_10s=0

RFCO_PERTX during TX wait: profile_id=2 tx_status=0x00(OK) hop_idx=0 channel_idx=0 epoch=0 freq_hz=0 pkt_toa_us=99904 legal_dwell_used_us_10s=0

RFCO_PERTX during TX wait: profile_id=2 tx_status=0x00(OK) hop_idx=0 channel_idx=0 epoch=0 freq_hz=0 pkt_toa_us=99904 legal_dwell_used_us_10s=0

RFCO_PERTX during TX wait: profile_id=2 tx_status=0x00(OK) hop_idx=0 channel_idx=0 epoch=0 freq_hz=0 pkt_toa_us=19264 legal_dwell_used_us_10s=0

2026-07-27 00:30:07,398 INFO image_tx_daemon: frame seq=134 done: 4 fragments ok

RFCO_PERTX during TX wait: profile_id=2 tx_status=0x00(OK) hop_idx=0 channel_idx=0 epoch=0 freq_hz=0 pkt_toa_us=99904 legal_dwell_used_us_10s=0

RFCO_PERTX during TX wait: profile_id=2 tx_status=0x00(OK) hop_idx=0 channel_idx=0 epoch=0 freq_hz=0 pkt_toa_us=99904 legal_dwell_used_us_10s=0

RFCO_PERTX during TX wait: profile_id=2 tx_status=0x00(OK) hop_idx=0 channel_idx=0 epoch=0 freq_hz=0 pkt_toa_us=99904 legal_dwell_used_us_10s=0

RFCO_PERTX during TX wait: profile_id=2 tx_status=0x00(OK) hop_idx=0 channel_idx=0 epoch=0 freq_hz=0 pkt_toa_us=14144 legal_dwell_used_us_10s=0

2026-07-27 00:30:07,817 INFO image_tx_daemon: frame seq=137 done: 4 fragments ok

RFCO_PERTX during TX wait: profile_id=2 tx_status=0x00(OK) hop_idx=0 channel_idx=0 epoch=0 freq_hz=0 pkt_toa_us=99904 legal_dwell_used_us_10s=0

RFCO_PERTX during TX wait: profile_id=2 tx_status=0x00(OK) hop_idx=0 channel_idx=0 epoch=0 freq_hz=0 pkt_toa_us=99904 legal_dwell_used_us_10s=0

RFCO_PERTX during TX wait: profile_id=2 tx_status=0x00(OK) hop_idx=0 channel_idx=0 epoch=0 freq_hz=0 pkt_toa_us=99904 legal_dwell_used_us_10s=0

RFCO_PERTX during TX wait: profile_id=2 tx_status=0x00(OK) hop_idx=0 channel_idx=0 epoch=0 freq_hz=0 pkt_toa_us=12864 legal_dwell_used_us_10s=0

2026-07-27 00:30:08,249 INFO image_tx_daemon: frame seq=145 done: 4 fragments ok

2026-07-27 00:30:08,250 INFO image_tx_daemon: batching: 476 frames in 176 trains so far (this train: 2 frames, 484 B)

2026-07-27 00:30:08,366 INFO image_tx_daemon: stats: goodput=1702.7 B/s util=71% pipeline=v2 frames_in=1701 ok=287 fail=0 drop_full=1108 drop_stale=0 frags_ok=821 frags_fail=0 qdepth=4 parity_tx=0

RFCO_PERTX during TX wait: profile_id=2 tx_status=0x00(OK) hop_idx=0 channel_idx=0 epoch=0 freq_hz=0 pkt_toa_us=99904 legal_dwell_used_us_10s=0

RFCO_PERTX during TX wait: profile_id=2 tx_status=0x00(OK) hop_idx=0 channel_idx=0 epoch=0 freq_hz=0 pkt_toa_us=99904 legal_dwell_used_us_10s=0

RFCO_PERTX during TX wait: profile_id=2 tx_status=0x00(OK) hop_idx=0 channel_idx=0 epoch=0 freq_hz=0 pkt_toa_us=12864 legal_dwell_used_us_10s=0

2026-07-27 00:30:08,540 INFO image_tx_daemon: frame seq=153 done: 3 fragments ok

RFCO_PERTX during TX wait: profile_id=2 tx_status=0x00(OK) hop_idx=0 channel_idx=0 epoch=0 freq_hz=0 pkt_toa_us=99904 legal_dwell_used_us_10s=0

RFCO_PERTX during TX wait: profile_id=2 tx_status=0x00(OK) hop_idx=0 channel_idx=0 epoch=0 freq_hz=0 pkt_toa_us=12864 legal_dwell_used_us_10s=0

2026-07-27 00:30:08,703 INFO image_tx_daemon: frame seq=161 done: 2 fragments ok

RFCO_PERTX during TX wait: profile_id=2 tx_status=0x00(OK) hop_idx=0 channel_idx=0 epoch=0 freq_hz=0 pkt_toa_us=99904 legal_dwell_used_us_10s=0

RFCO_PERTX during TX wait: profile_id=2 tx_status=0x00(OK) hop_idx=0 channel_idx=0 epoch=0 freq_hz=0 pkt_toa_us=99904 legal_dwell_used_us_10s=0

RFCO_PERTX during TX wait: profile_id=2 tx_status=0x00(OK) hop_idx=0 channel_idx=0 epoch=0 freq_hz=0 pkt_toa_us=14144 legal_dwell_used_us_10s=0

2026-07-27 00:30:08,993 INFO image_tx_daemon: frame seq=169 done: 3 fragments ok

RFCO_PERTX during TX wait: profile_id=2 tx_status=0x00(OK) hop_idx=0 channel_idx=0 epoch=0 freq_hz=0 pkt_toa_us=99904 legal_dwell_used_us_10s=0

RFCO_PERTX during TX wait: profile_id=2 tx_status=0x00(OK) hop_idx=0 channel_idx=0 epoch=0 freq_hz=0 pkt_toa_us=11584 legal_dwell_used_us_10s=0

2026-07-27 00:30:09,156 INFO image_tx_daemon: frame seq=171 done: 2 fragments ok

RFCO_PERTX during TX wait: profile_id=2 tx_status=0x00(OK) hop_idx=0 channel_idx=0 epoch=0 freq_hz=0 pkt_toa_us=99904 legal_dwell_used_us_10s=0

RFCO_PERTX during TX wait: profile_id=2 tx_status=0x00(OK) hop_idx=0 channel_idx=0 epoch=0 freq_hz=0 pkt_toa_us=99904 legal_dwell_used_us_10s=0

RFCO_PERTX during TX wait: profile_id=2 tx_status=0x00(OK) hop_idx=0 channel_idx=0 epoch=0 freq_hz=0 pkt_toa_us=99904 legal_dwell_used_us_10s=0

RFCO_PERTX during TX wait: profile_id=2 tx_status=0x00(OK) hop_idx=0 channel_idx=0 epoch=0 freq_hz=0 pkt_toa_us=12864 legal_dwell_used_us_10s=0

2026-07-27 00:30:09,578 INFO image_tx_daemon: frame seq=178 done: 4 fragments ok

RFCO_PERTX during TX wait: profile_id=2 tx_status=0x00(OK) hop_idx=0 channel_idx=0 epoch=0 freq_hz=0 pkt_toa_us=99904 legal_dwell_used_us_10s=0

2026-07-27 00:30:09,696 INFO image_tx_daemon: LoRa cmd: PROBE seq=121 phase_ms=0 (rx#15)

RFCO_PERTX during TX wait: profile_id=2 tx_status=0x00(OK) hop_idx=0 channel_idx=0 epoch=0 freq_hz=0 pkt_toa_us=11584 legal_dwell_used_us_10s=0

2026-07-27 00:30:09,741 INFO image_tx_daemon: frame seq=181 done: 2 fragments ok

RFCO_PERTX during TX wait: profile_id=2 tx_status=0x00(OK) hop_idx=0 channel_idx=0 epoch=0 freq_hz=0 pkt_toa_us=11584 legal_dwell_used_us_10s=0

RFCO_PERTX during TX wait: profile_id=2 tx_status=0x00(OK) hop_idx=0 channel_idx=0 epoch=0 freq_hz=0 pkt_toa_us=11584 legal_dwell_used_us_10s=0

RFCO_PERTX during TX wait: profile_id=2 tx_status=0x00(OK) hop_idx=0 channel_idx=0 epoch=0 freq_hz=0 pkt_toa_us=99904 legal_dwell_used_us_10s=0

RFCO_PERTX during TX wait: profile_id=2 tx_status=0x00(OK) hop_idx=0 channel_idx=0 epoch=0 freq_hz=0 pkt_toa_us=11584 legal_dwell_used_us_10s=0

2026-07-27 00:30:09,957 INFO image_tx_daemon: frame seq=191 done: 2 fragments ok

RFCO_PERTX during TX wait: profile_id=2 tx_status=0x00(OK) hop_idx=0 channel_idx=0 epoch=0 freq_hz=0 pkt_toa_us=99904 legal_dwell_used_us_10s=0

RFCO_PERTX during TX wait: profile_id=2 tx_status=0x00(OK) hop_idx=0 channel_idx=0 epoch=0 freq_hz=0 pkt_toa_us=99904 legal_dwell_used_us_10s=0

RFCO_PERTX during TX wait: profile_id=2 tx_status=0x00(OK) hop_idx=0 channel_idx=0 epoch=0 freq_hz=0 pkt_toa_us=99904 legal_dwell_used_us_10s=0

RFCO_PERTX during TX wait: profile_id=2 tx_status=0x00(OK) hop_idx=0 channel_idx=0 epoch=0 freq_hz=0 pkt_toa_us=16704 legal_dwell_used_us_10s=0

2026-07-27 00:30:10,386 INFO image_tx_daemon: frame seq=194 done: 4 fragments ok

RFCO_PERTX during TX wait: profile_id=2 tx_status=0x00(OK) hop_idx=0 channel_idx=0 epoch=0 freq_hz=0 pkt_toa_us=99904 legal_dwell_used_us_10s=0

RFCO_PERTX during TX wait: profile_id=2 tx_status=0x00(OK) hop_idx=0 channel_idx=0 epoch=0 freq_hz=0 pkt_toa_us=11584 legal_dwell_used_us_10s=0

2026-07-27 00:30:10,549 INFO image_tx_daemon: frame seq=197 done: 2 fragments ok

RFCO_PERTX during TX wait: profile_id=2 tx_status=0x00(OK) hop_idx=0 channel_idx=0 epoch=0 freq_hz=0 pkt_toa_us=99904 legal_dwell_used_us_10s=0

RFCO_PERTX during TX wait: profile_id=2 tx_status=0x00(OK) hop_idx=0 channel_idx=0 epoch=0 freq_hz=0 pkt_toa_us=11584 legal_dwell_used_us_10s=0

2026-07-27 00:30:10,711 INFO image_tx_daemon: frame seq=203 done: 2 fragments ok

RFCO_PERTX during TX wait: profile_id=2 tx_status=0x00(OK) hop_idx=0 channel_idx=0 epoch=0 freq_hz=0 pkt_toa_us=99904 legal_dwell_used_us_10s=0

RFCO_PERTX during TX wait: profile_id=2 tx_status=0x00(OK) hop_idx=0 channel_idx=0 epoch=0 freq_hz=0 pkt_toa_us=99904 legal_dwell_used_us_10s=0

RFCO_PERTX during TX wait: profile_id=2 tx_status=0x00(OK) hop_idx=0 channel_idx=0 epoch=0 freq_hz=0 pkt_toa_us=99904 legal_dwell_used_us_10s=0

RFCO_PERTX during TX wait: profile_id=2 tx_status=0x00(OK) hop_idx=0 channel_idx=0 epoch=0 freq_hz=0 pkt_toa_us=14144 legal_dwell_used_us_10s=0

2026-07-27 00:30:11,130 INFO image_tx_daemon: frame seq=209 done: 4 fragments ok

RFCO_PERTX during TX wait: profile_id=2 tx_status=0x00(OK) hop_idx=0 channel_idx=0 epoch=0 freq_hz=0 pkt_toa_us=99904 legal_dwell_used_us_10s=0

RFCO_PERTX during TX wait: profile_id=2 tx_status=0x00(OK) hop_idx=0 channel_idx=0 epoch=0 freq_hz=0 pkt_toa_us=99904 legal_dwell_used_us_10s=0

RFCO_PERTX during TX wait: profile_id=2 tx_status=0x00(OK) hop_idx=0 channel_idx=0 epoch=0 freq_hz=0 pkt_toa_us=97344 legal_dwell_used_us_10s=0

2026-07-27 00:30:11,515 INFO image_tx_daemon: frame seq=212 done: 3 fragments ok

RFCO_PERTX during TX wait: profile_id=2 tx_status=0x00(OK) hop_idx=0 channel_idx=0 epoch=0 freq_hz=0 pkt_toa_us=99904 legal_dwell_used_us_10s=0

2026-07-27 00:30:11,645 INFO image_tx_daemon: frame seq=220 done: 1 fragments ok

RFCO_PERTX during TX wait: profile_id=2 tx_status=0x00(OK) hop_idx=0 channel_idx=0 epoch=0 freq_hz=0 pkt_toa_us=99904 legal_dwell_used_us_10s=0

RFCO_PERTX during TX wait: profile_id=2 tx_status=0x00(OK) hop_idx=0 channel_idx=0 epoch=0 freq_hz=0 pkt_toa_us=12864 legal_dwell_used_us_10s=0

2026-07-27 00:30:11,807 INFO image_tx_daemon: frame seq=225 done: 2 fragments ok

RFCO_PERTX during TX wait: profile_id=2 tx_status=0x00(OK) hop_idx=0 channel_idx=0 epoch=0 freq_hz=0 pkt_toa_us=99904 legal_dwell_used_us_10s=0

RFCO_PERTX during TX wait: profile_id=2 tx_status=0x00(OK) hop_idx=0 channel_idx=0 epoch=0 freq_hz=0 pkt_toa_us=99904 legal_dwell_used_us_10s=0

RFCO_PERTX during TX wait: profile_id=2 tx_status=0x00(OK) hop_idx=0 channel_idx=0 epoch=0 freq_hz=0 pkt_toa_us=99904 legal_dwell_used_us_10s=0

RFCO_PERTX during TX wait: profile_id=2 tx_status=0x00(OK) hop_idx=0 channel_idx=0 epoch=0 freq_hz=0 pkt_toa_us=20544 legal_dwell_used_us_10s=0

2026-07-27 00:30:12,236 INFO image_tx_daemon: frame seq=231 done: 4 fragments ok

RFCO_PERTX during TX wait: profile_id=2 tx_status=0x00(OK) hop_idx=0 channel_idx=0 epoch=0 freq_hz=0 pkt_toa_us=99904 legal_dwell_used_us_10s=0

RFCO_PERTX during TX wait: profile_id=2 tx_status=0x00(OK) hop_idx=0 channel_idx=0 epoch=0 freq_hz=0 pkt_toa_us=99904 legal_dwell_used_us_10s=0

RFCO_PERTX during TX wait: profile_id=2 tx_status=0x00(OK) hop_idx=0 channel_idx=0 epoch=0 freq_hz=0 pkt_toa_us=99904 legal_dwell_used_us_10s=0

RFCO_PERTX during TX wait: profile_id=2 tx_status=0x00(OK) hop_idx=0 channel_idx=0 epoch=0 freq_hz=0 pkt_toa_us=12864 legal_dwell_used_us_10s=0

2026-07-27 00:30:12,654 INFO image_tx_daemon: frame seq=234 done: 4 fragments ok

RFCO_PERTX during TX wait: profile_id=2 tx_status=0x00(OK) hop_idx=0 channel_idx=0 epoch=0 freq_hz=0 pkt_toa_us=99904 legal_dwell_used_us_10s=0

RFCO_PERTX during TX wait: profile_id=2 tx_status=0x00(OK) hop_idx=0 channel_idx=0 epoch=0 freq_hz=0 pkt_toa_us=99904 legal_dwell_used_us_10s=0

RFCO_PERTX during TX wait: profile_id=2 tx_status=0x00(OK) hop_idx=0 channel_idx=0 epoch=0 freq_hz=0 pkt_toa_us=99904 legal_dwell_used_us_10s=0

RFCO_PERTX during TX wait: profile_id=2 tx_status=0x00(OK) hop_idx=0 channel_idx=0 epoch=0 freq_hz=0 pkt_toa_us=12864 legal_dwell_used_us_10s=0

2026-07-27 00:30:13,087 INFO image_tx_daemon: frame seq=242 done: 4 fragments ok

RFCO_PERTX during TX wait: profile_id=2 tx_status=0x00(OK) hop_idx=0 channel_idx=0 epoch=0 freq_hz=0 pkt_toa_us=94784 legal_dwell_used_us_10s=0

2026-07-27 00:30:13,216 INFO image_tx_daemon: frame seq=250 done: 1 fragments ok

RFCO_PERTX during TX wait: profile_id=2 tx_status=0x00(OK) hop_idx=0 channel_idx=0 epoch=0 freq_hz=0 pkt_toa_us=99904 legal_dwell_used_us_10s=0

RFCO_PERTX during TX wait: profile_id=2 tx_status=0x00(OK) hop_idx=0 channel_idx=0 epoch=0 freq_hz=0 pkt_toa_us=12864 legal_dwell_used_us_10s=0

2026-07-27 00:30:13,379 INFO image_tx_daemon: frame seq=1 done: 2 fragments ok

RFCO_PERTX during TX wait: profile_id=2 tx_status=0x00(OK) hop_idx=0 channel_idx=0 epoch=0 freq_hz=0 pkt_toa_us=99904 legal_dwell_used_us_10s=0

RFCO_PERTX during TX wait: profile_id=2 tx_status=0x00(OK) hop_idx=0 channel_idx=0 epoch=0 freq_hz=0 pkt_toa_us=99904 legal_dwell_used_us_10s=0

RFCO_PERTX during TX wait: profile_id=2 tx_status=0x00(OK) hop_idx=0 channel_idx=0 epoch=0 freq_hz=0 pkt_toa_us=99904 legal_dwell_used_us_10s=0

RFCO_PERTX during TX wait: profile_id=2 tx_status=0x00(OK) hop_idx=0 channel_idx=0 epoch=0 freq_hz=0 pkt_toa_us=20544 legal_dwell_used_us_10s=0

2026-07-27 00:30:13,818 INFO image_tx_daemon: frame seq=7 done: 4 fragments ok

RFCO_PERTX during TX wait: profile_id=2 tx_status=0x00(OK) hop_idx=0 channel_idx=0 epoch=0 freq_hz=0 pkt_toa_us=99904 legal_dwell_used_us_10s=0

RFCO_PERTX during TX wait: profile_id=2 tx_status=0x00(OK) hop_idx=0 channel_idx=0 epoch=0 freq_hz=0 pkt_toa_us=99904 legal_dwell_used_us_10s=0

2026-07-27 00:30:14,076 INFO image_tx_daemon: frame seq=10 done: 2 fragments ok

RFCO_PERTX during TX wait: profile_id=2 tx_status=0x00(OK) hop_idx=0 channel_idx=0 epoch=0 freq_hz=0 pkt_toa_us=99904 legal_dwell_used_us_10s=0

2026-07-27 00:30:14,206 INFO image_tx_daemon: frame seq=16 done: 1 fragments ok

RFCO_PERTX during TX wait: profile_id=2 tx_status=0x00(OK) hop_idx=0 channel_idx=0 epoch=0 freq_hz=0 pkt_toa_us=99904 legal_dwell_used_us_10s=0

RFCO_PERTX during TX wait: profile_id=2 tx_status=0x00(OK) hop_idx=0 channel_idx=0 epoch=0 freq_hz=0 pkt_toa_us=11584 legal_dwell_used_us_10s=0

2026-07-27 00:30:14,368 INFO image_tx_daemon: frame seq=21 done: 2 fragments ok

RFCO_PERTX during TX wait: profile_id=2 tx_status=0x00(OK) hop_idx=0 channel_idx=0 epoch=0 freq_hz=0 pkt_toa_us=99904 legal_dwell_used_us_10s=0

2026-07-27 00:30:14,488 INFO image_tx_daemon: LoRa cmd: PROBE seq=128 phase_ms=0 (rx#16)

RFCO_PERTX during TX wait: profile_id=2 tx_status=0x00(OK) hop_idx=0 channel_idx=0 epoch=0 freq_hz=0 pkt_toa_us=99904 legal_dwell_used_us_10s=0

RFCO_PERTX during TX wait: profile_id=2 tx_status=0x00(OK) hop_idx=0 channel_idx=0 epoch=0 freq_hz=0 pkt_toa_us=97344 legal_dwell_used_us_10s=0

2026-07-27 00:30:14,765 INFO image_tx_daemon: frame seq=26 done: 3 fragments ok

RFCO_PERTX during TX wait: profile_id=2 tx_status=0x00(OK) hop_idx=0 channel_idx=0 epoch=0 freq_hz=0 pkt_toa_us=11584 legal_dwell_used_us_10s=0

RFCO_PERTX during TX wait: profile_id=2 tx_status=0x00(OK) hop_idx=0 channel_idx=0 epoch=0 freq_hz=0 pkt_toa_us=11584 legal_dwell_used_us_10s=0

RFCO_PERTX during TX wait: profile_id=2 tx_status=0x00(OK) hop_idx=0 channel_idx=0 epoch=0 freq_hz=0 pkt_toa_us=99904 legal_dwell_used_us_10s=0

RFCO_PERTX during TX wait: profile_id=2 tx_status=0x00(OK) hop_idx=0 channel_idx=0 epoch=0 freq_hz=0 pkt_toa_us=99904 legal_dwell_used_us_10s=0

RFCO_PERTX during TX wait: profile_id=2 tx_status=0x00(OK) hop_idx=0 channel_idx=0 epoch=0 freq_hz=0 pkt_toa_us=97344 legal_dwell_used_us_10s=0

2026-07-27 00:30:15,209 INFO image_tx_daemon: frame seq=29 done: 3 fragments ok

RFCO_PERTX during TX wait: profile_id=2 tx_status=0x00(OK) hop_idx=0 channel_idx=0 epoch=0 freq_hz=0 pkt_toa_us=99904 legal_dwell_used_us_10s=0

RFCO_PERTX during TX wait: profile_id=2 tx_status=0x00(OK) hop_idx=0 channel_idx=0 epoch=0 freq_hz=0 pkt_toa_us=11584 legal_dwell_used_us_10s=0

2026-07-27 00:30:15,371 INFO image_tx_daemon: frame seq=37 done: 2 fragments ok

RFCO_PERTX during TX wait: profile_id=2 tx_status=0x00(OK) hop_idx=0 channel_idx=0 epoch=0 freq_hz=0 pkt_toa_us=99904 legal_dwell_used_us_10s=0

RFCO_PERTX during TX wait: profile_id=2 tx_status=0x00(OK) hop_idx=0 channel_idx=0 epoch=0 freq_hz=0 pkt_toa_us=11584 legal_dwell_used_us_10s=0

2026-07-27 00:30:15,533 INFO image_tx_daemon: frame seq=43 done: 2 fragments ok

RFCO_PERTX during TX wait: profile_id=2 tx_status=0x00(OK) hop_idx=0 channel_idx=0 epoch=0 freq_hz=0 pkt_toa_us=99904 legal_dwell_used_us_10s=0

RFCO_PERTX during TX wait: profile_id=2 tx_status=0x00(OK) hop_idx=0 channel_idx=0 epoch=0 freq_hz=0 pkt_toa_us=99904 legal_dwell_used_us_10s=0

RFCO_PERTX during TX wait: profile_id=2 tx_status=0x00(OK) hop_idx=0 channel_idx=0 epoch=0 freq_hz=0 pkt_toa_us=99904 legal_dwell_used_us_10s=0

RFCO_PERTX during TX wait: profile_id=2 tx_status=0x00(OK) hop_idx=0 channel_idx=0 epoch=0 freq_hz=0 pkt_toa_us=12864 legal_dwell_used_us_10s=0

2026-07-27 00:30:15,962 INFO image_tx_daemon: frame seq=50 done: 4 fragments ok

RFCO_PERTX during TX wait: profile_id=2 tx_status=0x00(OK) hop_idx=0 channel_idx=0 epoch=0 freq_hz=0 pkt_toa_us=99904 legal_dwell_used_us_10s=0

RFCO_PERTX during TX wait: profile_id=2 tx_status=0x00(OK) hop_idx=0 channel_idx=0 epoch=0 freq_hz=0 pkt_toa_us=11584 legal_dwell_used_us_10s=0

2026-07-27 00:30:16,124 INFO image_tx_daemon: frame seq=53 done: 2 fragments ok

RFCO_PERTX during TX wait: profile_id=2 tx_status=0x00(OK) hop_idx=0 channel_idx=0 epoch=0 freq_hz=0 pkt_toa_us=96064 legal_dwell_used_us_10s=0

2026-07-27 00:30:16,253 INFO image_tx_daemon: frame seq=62 done: 1 fragments ok

RFCO_PERTX during TX wait: profile_id=2 tx_status=0x00(OK) hop_idx=0 channel_idx=0 epoch=0 freq_hz=0 pkt_toa_us=99904 legal_dwell_used_us_10s=0

RFCO_PERTX during TX wait: profile_id=2 tx_status=0x00(OK) hop_idx=0 channel_idx=0 epoch=0 freq_hz=0 pkt_toa_us=11584 legal_dwell_used_us_10s=0

2026-07-27 00:30:16,415 INFO image_tx_daemon: frame seq=63 done: 2 fragments ok

RFCO_PERTX during TX wait: profile_id=2 tx_status=0x00(OK) hop_idx=0 channel_idx=0 epoch=0 freq_hz=0 pkt_toa_us=99904 legal_dwell_used_us_10s=0

RFCO_PERTX during TX wait: profile_id=2 tx_status=0x00(OK) hop_idx=0 channel_idx=0 epoch=0 freq_hz=0 pkt_toa_us=99904 legal_dwell_used_us_10s=0

RFCO_PERTX during TX wait: profile_id=2 tx_status=0x00(OK) hop_idx=0 channel_idx=0 epoch=0 freq_hz=0 pkt_toa_us=99904 legal_dwell_used_us_10s=0

RFCO_PERTX during TX wait: profile_id=2 tx_status=0x00(OK) hop_idx=0 channel_idx=0 epoch=0 freq_hz=0 pkt_toa_us=16704 legal_dwell_used_us_10s=0

2026-07-27 00:30:16,844 INFO image_tx_daemon: frame seq=67 done: 4 fragments ok

RFCO_PERTX during TX wait: profile_id=2 tx_status=0x00(OK) hop_idx=0 channel_idx=0 epoch=0 freq_hz=0 pkt_toa_us=99904 legal_dwell_used_us_10s=0

RFCO_PERTX during TX wait: profile_id=2 tx_status=0x00(OK) hop_idx=0 channel_idx=0 epoch=0 freq_hz=0 pkt_toa_us=99904 legal_dwell_used_us_10s=0

RFCO_PERTX during TX wait: profile_id=2 tx_status=0x00(OK) hop_idx=0 channel_idx=0 epoch=0 freq_hz=0 pkt_toa_us=99904 legal_dwell_used_us_10s=0

RFCO_PERTX during TX wait: profile_id=2 tx_status=0x00(OK) hop_idx=0 channel_idx=0 epoch=0 freq_hz=0 pkt_toa_us=16704 legal_dwell_used_us_10s=0

2026-07-27 00:30:17,273 INFO image_tx_daemon: frame seq=70 done: 4 fragments ok

RFCO_PERTX during TX wait: profile_id=2 tx_status=0x00(OK) hop_idx=0 channel_idx=0 epoch=0 freq_hz=0 pkt_toa_us=99904 legal_dwell_used_us_10s=0

RFCO_PERTX during TX wait: profile_id=2 tx_status=0x00(OK) hop_idx=0 channel_idx=0 epoch=0 freq_hz=0 pkt_toa_us=99904 legal_dwell_used_us_10s=0

RFCO_PERTX during TX wait: profile_id=2 tx_status=0x00(OK) hop_idx=0 channel_idx=0 epoch=0 freq_hz=0 pkt_toa_us=11584 legal_dwell_used_us_10s=0

2026-07-27 00:30:17,564 INFO image_tx_daemon: frame seq=78 done: 3 fragments ok

RFCO_PERTX during TX wait: profile_id=2 tx_status=0x00(OK) hop_idx=0 channel_idx=0 epoch=0 freq_hz=0 pkt_toa_us=99904 legal_dwell_used_us_10s=0

2026-07-27 00:30:17,683 INFO image_tx_daemon: LoRa cmd: PROBE seq=132 phase_ms=0 (rx#17)

RFCO_PERTX during TX wait: profile_id=2 tx_status=0x00(OK) hop_idx=0 channel_idx=0 epoch=0 freq_hz=0 pkt_toa_us=11584 legal_dwell_used_us_10s=0

2026-07-27 00:30:17,727 INFO image_tx_daemon: frame seq=85 done: 2 fragments ok

RFCO_PERTX during TX wait: profile_id=2 tx_status=0x00(OK) hop_idx=0 channel_idx=0 epoch=0 freq_hz=0 pkt_toa_us=11584 legal_dwell_used_us_10s=0

RFCO_PERTX during TX wait: profile_id=2 tx_status=0x00(OK) hop_idx=0 channel_idx=0 epoch=0 freq_hz=0 pkt_toa_us=11584 legal_dwell_used_us_10s=0

RFCO_PERTX during TX wait: profile_id=2 tx_status=0x00(OK) hop_idx=0 channel_idx=0 epoch=0 freq_hz=0 pkt_toa_us=99904 legal_dwell_used_us_10s=0

RFCO_PERTX during TX wait: profile_id=2 tx_status=0x00(OK) hop_idx=0 channel_idx=0 epoch=0 freq_hz=0 pkt_toa_us=11584 legal_dwell_used_us_10s=0

2026-07-27 00:30:17,944 INFO image_tx_daemon: frame seq=95 done: 2 fragments ok

RFCO_PERTX during TX wait: profile_id=2 tx_status=0x00(OK) hop_idx=0 channel_idx=0 epoch=0 freq_hz=0 pkt_toa_us=99904 legal_dwell_used_us_10s=0

RFCO_PERTX during TX wait: profile_id=2 tx_status=0x00(OK) hop_idx=0 channel_idx=0 epoch=0 freq_hz=0 pkt_toa_us=99904 legal_dwell_used_us_10s=0

RFCO_PERTX during TX wait: profile_id=2 tx_status=0x00(OK) hop_idx=0 channel_idx=0 epoch=0 freq_hz=0 pkt_toa_us=99904 legal_dwell_used_us_10s=0

RFCO_PERTX during TX wait: profile_id=2 tx_status=0x00(OK) hop_idx=0 channel_idx=0 epoch=0 freq_hz=0 pkt_toa_us=16704 legal_dwell_used_us_10s=0

2026-07-27 00:30:18,374 INFO image_tx_daemon: frame seq=98 done: 4 fragments ok

2026-07-27 00:30:18,380 INFO image_tx_daemon: stats: goodput=1728.8 B/s util=73% pipeline=v2 frames_in=1902 ok=324 fail=0 drop_full=1242 drop_stale=0 frags_ok=919 frags_fail=0 qdepth=3 parity_tx=0

RFCO_PERTX during TX wait: profile_id=2 tx_status=0x00(OK) hop_idx=0 channel_idx=0 epoch=0 freq_hz=0 pkt_toa_us=99904 legal_dwell_used_us_10s=0

2026-07-27 00:30:18,493 INFO image_tx_daemon: LoRa cmd: PROBE seq=133 phase_ms=0 (rx#18)

RFCO_PERTX during TX wait: profile_id=2 tx_status=0x00(OK) hop_idx=0 channel_idx=0 epoch=0 freq_hz=0 pkt_toa_us=11584 legal_dwell_used_us_10s=0

2026-07-27 00:30:18,537 INFO image_tx_daemon: frame seq=101 done: 2 fragments ok

RFCO_PERTX during TX wait: profile_id=2 tx_status=0x00(OK) hop_idx=0 channel_idx=0 epoch=0 freq_hz=0 pkt_toa_us=11584 legal_dwell_used_us_10s=0

RFCO_PERTX during TX wait: profile_id=2 tx_status=0x00(OK) hop_idx=0 channel_idx=0 epoch=0 freq_hz=0 pkt_toa_us=11584 legal_dwell_used_us_10s=0

RFCO_PERTX during TX wait: profile_id=2 tx_status=0x00(OK) hop_idx=0 channel_idx=0 epoch=0 freq_hz=0 pkt_toa_us=99904 legal_dwell_used_us_10s=0

RFCO_PERTX during TX wait: profile_id=2 tx_status=0x00(OK) hop_idx=0 channel_idx=0 epoch=0 freq_hz=0 pkt_toa_us=11584 legal_dwell_used_us_10s=0

2026-07-27 00:30:18,754 INFO image_tx_daemon: frame seq=107 done: 2 fragments ok

RFCO_PERTX during TX wait: profile_id=2 tx_status=0x00(OK) hop_idx=0 channel_idx=0 epoch=0 freq_hz=0 pkt_toa_us=99904 legal_dwell_used_us_10s=0

RFCO_PERTX during TX wait: profile_id=2 tx_status=0x00(OK) hop_idx=0 channel_idx=0 epoch=0 freq_hz=0 pkt_toa_us=99904 legal_dwell_used_us_10s=0

RFCO_PERTX during TX wait: profile_id=2 tx_status=0x00(OK) hop_idx=0 channel_idx=0 epoch=0 freq_hz=0 pkt_toa_us=99904 legal_dwell_used_us_10s=0

RFCO_PERTX during TX wait: profile_id=2 tx_status=0x00(OK) hop_idx=0 channel_idx=0 epoch=0 freq_hz=0 pkt_toa_us=12864 legal_dwell_used_us_10s=0

2026-07-27 00:30:19,173 INFO image_tx_daemon: frame seq=114 done: 4 fragments ok

RFCO_PERTX during TX wait: profile_id=2 tx_status=0x00(OK) hop_idx=0 channel_idx=0 epoch=0 freq_hz=0 pkt_toa_us=99904 legal_dwell_used_us_10s=0

RFCO_PERTX during TX wait: profile_id=2 tx_status=0x00(OK) hop_idx=0 channel_idx=0 epoch=0 freq_hz=0 pkt_toa_us=11584 legal_dwell_used_us_10s=0

2026-07-27 00:30:19,336 INFO image_tx_daemon: frame seq=117 done: 2 fragments ok

RFCO_PERTX during TX wait: profile_id=2 tx_status=0x00(OK) hop_idx=0 channel_idx=0 epoch=0 freq_hz=0 pkt_toa_us=96064 legal_dwell_used_us_10s=0

2026-07-27 00:30:19,465 INFO image_tx_daemon: frame seq=126 done: 1 fragments ok

RFCO_PERTX during TX wait: profile_id=2 tx_status=0x00(OK) hop_idx=0 channel_idx=0 epoch=0 freq_hz=0 pkt_toa_us=99904 legal_dwell_used_us_10s=0

RFCO_PERTX during TX wait: profile_id=2 tx_status=0x00(OK) hop_idx=0 channel_idx=0 epoch=0 freq_hz=0 pkt_toa_us=11584 legal_dwell_used_us_10s=0

2026-07-27 00:30:19,627 INFO image_tx_daemon: frame seq=127 done: 2 fragments ok

RFCO_PERTX during TX wait: profile_id=2 tx_status=0x00(OK) hop_idx=0 channel_idx=0 epoch=0 freq_hz=0 pkt_toa_us=99904 legal_dwell_used_us_10s=0

RFCO_PERTX during TX wait: profile_id=2 tx_status=0x00(OK) hop_idx=0 channel_idx=0 epoch=0 freq_hz=0 pkt_toa_us=99904 legal_dwell_used_us_10s=0

RFCO_PERTX during TX wait: profile_id=2 tx_status=0x00(OK) hop_idx=0 channel_idx=0 epoch=0 freq_hz=0 pkt_toa_us=99904 legal_dwell_used_us_10s=0

RFCO_PERTX during TX wait: profile_id=2 tx_status=0x00(OK) hop_idx=0 channel_idx=0 epoch=0 freq_hz=0 pkt_toa_us=16704 legal_dwell_used_us_10s=0

2026-07-27 00:30:20,067 INFO image_tx_daemon: frame seq=132 done: 4 fragments ok

RFCO_PERTX during TX wait: profile_id=2 tx_status=0x00(OK) hop_idx=0 channel_idx=0 epoch=0 freq_hz=0 pkt_toa_us=99904 legal_dwell_used_us_10s=0

RFCO_PERTX during TX wait: profile_id=2 tx_status=0x00(OK) hop_idx=0 channel_idx=0 epoch=0 freq_hz=0 pkt_toa_us=99904 legal_dwell_used_us_10s=0

RFCO_PERTX during TX wait: profile_id=2 tx_status=0x00(OK) hop_idx=0 channel_idx=0 epoch=0 freq_hz=0 pkt_toa_us=99904 legal_dwell_used_us_10s=0

RFCO_PERTX during TX wait: profile_id=2 tx_status=0x00(OK) hop_idx=0 channel_idx=0 epoch=0 freq_hz=0 pkt_toa_us=17984 legal_dwell_used_us_10s=0

2026-07-27 00:30:20,500 INFO image_tx_daemon: frame seq=135 done: 4 fragments ok

RFCO_PERTX during TX wait: profile_id=2 tx_status=0x00(OK) hop_idx=0 channel_idx=0 epoch=0 freq_hz=0 pkt_toa_us=99904 legal_dwell_used_us_10s=0

2026-07-27 00:30:20,629 INFO image_tx_daemon: frame seq=142 done: 1 fragments ok

RFCO_PERTX during TX wait: profile_id=2 tx_status=0x00(OK) hop_idx=0 channel_idx=0 epoch=0 freq_hz=0 pkt_toa_us=99904 legal_dwell_used_us_10s=0

RFCO_PERTX during TX wait: profile_id=2 tx_status=0x00(OK) hop_idx=0 channel_idx=0 epoch=0 freq_hz=0 pkt_toa_us=11584 legal_dwell_used_us_10s=0

2026-07-27 00:30:20,792 INFO image_tx_daemon: frame seq=149 done: 2 fragments ok

RFCO_PERTX during TX wait: profile_id=2 tx_status=0x00(OK) hop_idx=0 channel_idx=0 epoch=0 freq_hz=0 pkt_toa_us=99904 legal_dwell_used_us_10s=0

RFCO_PERTX during TX wait: profile_id=2 tx_status=0x00(OK) hop_idx=0 channel_idx=0 epoch=0 freq_hz=0 pkt_toa_us=99904 legal_dwell_used_us_10s=0

RFCO_PERTX during TX wait: profile_id=2 tx_status=0x00(OK) hop_idx=0 channel_idx=0 epoch=0 freq_hz=0 pkt_toa_us=96064 legal_dwell_used_us_10s=0

2026-07-27 00:30:21,178 INFO image_tx_daemon: frame seq=155 done: 3 fragments ok

RFCO_PERTX during TX wait: profile_id=2 tx_status=0x00(OK) hop_idx=0 channel_idx=0 epoch=0 freq_hz=0 pkt_toa_us=99904 legal_dwell_used_us_10s=0

RFCO_PERTX during TX wait: profile_id=2 tx_status=0x00(OK) hop_idx=0 channel_idx=0 epoch=0 freq_hz=0 pkt_toa_us=99904 legal_dwell_used_us_10s=0

2026-07-27 00:30:21,436 INFO image_tx_daemon: frame seq=158 done: 2 fragments ok

RFCO_PERTX during TX wait: profile_id=2 tx_status=0x00(OK) hop_idx=0 channel_idx=0 epoch=0 freq_hz=0 pkt_toa_us=99904 legal_dwell_used_us_10s=0

RFCO_PERTX during TX wait: profile_id=2 tx_status=0x00(OK) hop_idx=0 channel_idx=0 epoch=0 freq_hz=0 pkt_toa_us=99904 legal_dwell_used_us_10s=0

RFCO_PERTX during TX wait: profile_id=2 tx_status=0x00(OK) hop_idx=0 channel_idx=0 epoch=0 freq_hz=0 pkt_toa_us=99904 legal_dwell_used_us_10s=0

RFCO_PERTX during TX wait: profile_id=2 tx_status=0x00(OK) hop_idx=0 channel_idx=0 epoch=0 freq_hz=0 pkt_toa_us=17984 legal_dwell_used_us_10s=0

2026-07-27 00:30:21,875 INFO image_tx_daemon: frame seq=164 done: 4 fragments ok

RFCO_PERTX during TX wait: profile_id=2 tx_status=0x00(OK) hop_idx=0 channel_idx=0 epoch=0 freq_hz=0 pkt_toa_us=99904 legal_dwell_used_us_10s=0

RFCO_PERTX during TX wait: profile_id=2 tx_status=0x00(OK) hop_idx=0 channel_idx=0 epoch=0 freq_hz=0 pkt_toa_us=99904 legal_dwell_used_us_10s=0

RFCO_PERTX during TX wait: profile_id=2 tx_status=0x00(OK) hop_idx=0 channel_idx=0 epoch=0 freq_hz=0 pkt_toa_us=99904 legal_dwell_used_us_10s=0

RFCO_PERTX during TX wait: profile_id=2 tx_status=0x00(OK) hop_idx=0 channel_idx=0 epoch=0 freq_hz=0 pkt_toa_us=12864 legal_dwell_used_us_10s=0

2026-07-27 00:30:22,294 INFO image_tx_daemon: frame seq=170 done: 4 fragments ok

2026-07-27 00:30:22,294 INFO image_tx_daemon: batching: 547 frames in 201 trains so far (this train: 3 frames, 718 B)

RFCO_PERTX during TX wait: profile_id=2 tx_status=0x00(OK) hop_idx=0 channel_idx=0 epoch=0 freq_hz=0 pkt_toa_us=99904 legal_dwell_used_us_10s=0

RFCO_PERTX during TX wait: profile_id=2 tx_status=0x00(OK) hop_idx=0 channel_idx=0 epoch=0 freq_hz=0 pkt_toa_us=99904 legal_dwell_used_us_10s=0

RFCO_PERTX during TX wait: profile_id=2 tx_status=0x00(OK) hop_idx=0 channel_idx=0 epoch=0 freq_hz=0 pkt_toa_us=98624 legal_dwell_used_us_10s=0

2026-07-27 00:30:22,680 INFO image_tx_daemon: frame seq=179 done: 3 fragments ok

RFCO_PERTX during TX wait: profile_id=2 tx_status=0x00(OK) hop_idx=0 channel_idx=0 epoch=0 freq_hz=0 pkt_toa_us=99904 legal_dwell_used_us_10s=0

RFCO_PERTX during TX wait: profile_id=2 tx_status=0x00(OK) hop_idx=0 channel_idx=0 epoch=0 freq_hz=0 pkt_toa_us=11584 legal_dwell_used_us_10s=0

2026-07-27 00:30:22,842 INFO image_tx_daemon: frame seq=187 done: 2 fragments ok

RFCO_PERTX during TX wait: profile_id=2 tx_status=0x00(OK) hop_idx=0 channel_idx=0 epoch=0 freq_hz=0 pkt_toa_us=99904 legal_dwell_used_us_10s=0

RFCO_PERTX during TX wait: profile_id=2 tx_status=0x00(OK) hop_idx=0 channel_idx=0 epoch=0 freq_hz=0 pkt_toa_us=12864 legal_dwell_used_us_10s=0

2026-07-27 00:30:23,004 INFO image_tx_daemon: frame seq=193 done: 2 fragments ok

RFCO_PERTX during TX wait: profile_id=2 tx_status=0x00(OK) hop_idx=0 channel_idx=0 epoch=0 freq_hz=0 pkt_toa_us=99904 legal_dwell_used_us_10s=0

RFCO_PERTX during TX wait: profile_id=2 tx_status=0x00(OK) hop_idx=0 channel_idx=0 epoch=0 freq_hz=0 pkt_toa_us=99904 legal_dwell_used_us_10s=0

RFCO_PERTX during TX wait: profile_id=2 tx_status=0x00(OK) hop_idx=0 channel_idx=0 epoch=0 freq_hz=0 pkt_toa_us=99904 legal_dwell_used_us_10s=0

RFCO_PERTX during TX wait: profile_id=2 tx_status=0x00(OK) hop_idx=0 channel_idx=0 epoch=0 freq_hz=0 pkt_toa_us=20544 legal_dwell_used_us_10s=0

2026-07-27 00:30:23,434 INFO image_tx_daemon: frame seq=199 done: 4 fragments ok

RFCO_PERTX during TX wait: profile_id=2 tx_status=0x00(OK) hop_idx=0 channel_idx=0 epoch=0 freq_hz=0 pkt_toa_us=99904 legal_dwell_used_us_10s=0

RFCO_PERTX during TX wait: profile_id=2 tx_status=0x00(OK) hop_idx=0 channel_idx=0 epoch=0 freq_hz=0 pkt_toa_us=99904 legal_dwell_used_us_10s=0

RFCO_PERTX during TX wait: profile_id=2 tx_status=0x00(OK) hop_idx=0 channel_idx=0 epoch=0 freq_hz=0 pkt_toa_us=99904 legal_dwell_used_us_10s=0

RFCO_PERTX during TX wait: profile_id=2 tx_status=0x00(OK) hop_idx=0 channel_idx=0 epoch=0 freq_hz=0 pkt_toa_us=12864 legal_dwell_used_us_10s=0

2026-07-27 00:30:23,852 INFO image_tx_daemon: frame seq=202 done: 4 fragments ok

RFCO_PERTX during TX wait: profile_id=2 tx_status=0x00(OK) hop_idx=0 channel_idx=0 epoch=0 freq_hz=0 pkt_toa_us=99904 legal_dwell_used_us_10s=0

RFCO_PERTX during TX wait: profile_id=2 tx_status=0x00(OK) hop_idx=0 channel_idx=0 epoch=0 freq_hz=0 pkt_toa_us=99904 legal_dwell_used_us_10s=0

RFCO_PERTX during TX wait: profile_id=2 tx_status=0x00(OK) hop_idx=0 channel_idx=0 epoch=0 freq_hz=0 pkt_toa_us=99904 legal_dwell_used_us_10s=0

RFCO_PERTX during TX wait: profile_id=2 tx_status=0x00(OK) hop_idx=0 channel_idx=0 epoch=0 freq_hz=0 pkt_toa_us=12864 legal_dwell_used_us_10s=0

2026-07-27 00:30:24,286 INFO image_tx_daemon: frame seq=210 done: 4 fragments ok

RFCO_PERTX during TX wait: profile_id=2 tx_status=0x00(OK) hop_idx=0 channel_idx=0 epoch=0 freq_hz=0 pkt_toa_us=94784 legal_dwell_used_us_10s=0

2026-07-27 00:30:24,415 INFO image_tx_daemon: frame seq=218 done: 1 fragments ok

RFCO_PERTX during TX wait: profile_id=2 tx_status=0x00(OK) hop_idx=0 channel_idx=0 epoch=0 freq_hz=0 pkt_toa_us=99904 legal_dwell_used_us_10s=0

RFCO_PERTX during TX wait: profile_id=2 tx_status=0x00(OK) hop_idx=0 channel_idx=0 epoch=0 freq_hz=0 pkt_toa_us=12864 legal_dwell_used_us_10s=0

2026-07-27 00:30:24,577 INFO image_tx_daemon: frame seq=225 done: 2 fragments ok

RFCO_PERTX during TX wait: profile_id=2 tx_status=0x00(OK) hop_idx=0 channel_idx=0 epoch=0 freq_hz=0 pkt_toa_us=99904 legal_dwell_used_us_10s=0

RFCO_PERTX during TX wait: profile_id=2 tx_status=0x00(OK) hop_idx=0 channel_idx=0 epoch=0 freq_hz=0 pkt_toa_us=99904 legal_dwell_used_us_10s=0

RFCO_PERTX during TX wait: profile_id=2 tx_status=0x00(OK) hop_idx=0 channel_idx=0 epoch=0 freq_hz=0 pkt_toa_us=99904 legal_dwell_used_us_10s=0

RFCO_PERTX during TX wait: profile_id=2 tx_status=0x00(OK) hop_idx=0 channel_idx=0 epoch=0 freq_hz=0 pkt_toa_us=20544 legal_dwell_used_us_10s=0

2026-07-27 00:30:25,007 INFO image_tx_daemon: frame seq=231 done: 4 fragments ok

RFCO_PERTX during TX wait: profile_id=2 tx_status=0x00(OK) hop_idx=0 channel_idx=0 epoch=0 freq_hz=0 pkt_toa_us=99904 legal_dwell_used_us_10s=0

RFCO_PERTX during TX wait: profile_id=2 tx_status=0x00(OK) hop_idx=0 channel_idx=0 epoch=0 freq_hz=0 pkt_toa_us=99904 legal_dwell_used_us_10s=0

2026-07-27 00:30:25,265 INFO image_tx_daemon: frame seq=234 done: 2 fragments ok

RFCO_PERTX during TX wait: profile_id=2 tx_status=0x00(OK) hop_idx=0 channel_idx=0 epoch=0 freq_hz=0 pkt_toa_us=99904 legal_dwell_used_us_10s=0

RFCO_PERTX during TX wait: profile_id=2 tx_status=0x00(OK) hop_idx=0 channel_idx=0 epoch=0 freq_hz=0 pkt_toa_us=99904 legal_dwell_used_us_10s=0

RFCO_PERTX during TX wait: profile_id=2 tx_status=0x00(OK) hop_idx=0 channel_idx=0 epoch=0 freq_hz=0 pkt_toa_us=11584 legal_dwell_used_us_10s=0

2026-07-27 00:30:25,556 INFO image_tx_daemon: frame seq=240 done: 3 fragments ok

RFCO_PERTX during TX wait: profile_id=2 tx_status=0x00(OK) hop_idx=0 channel_idx=0 epoch=0 freq_hz=0 pkt_toa_us=99904 legal_dwell_used_us_10s=0

2026-07-27 00:30:25,676 INFO image_tx_daemon: LoRa cmd: PROBE seq=143 phase_ms=0 (rx#19)

RFCO_PERTX during TX wait: profile_id=2 tx_status=0x00(OK) hop_idx=0 channel_idx=0 epoch=0 freq_hz=0 pkt_toa_us=11584 legal_dwell_used_us_10s=0

2026-07-27 00:30:25,722 INFO image_tx_daemon: frame seq=245 done: 2 fragments ok

RFCO_PERTX during TX wait: profile_id=2 tx_status=0x00(OK) hop_idx=0 channel_idx=0 epoch=0 freq_hz=0 pkt_toa_us=11584 legal_dwell_used_us_10s=0

RFCO_PERTX during TX wait: profile_id=2 tx_status=0x00(OK) hop_idx=0 channel_idx=0 epoch=0 freq_hz=0 pkt_toa_us=11584 legal_dwell_used_us_10s=0

RFCO_PERTX during TX wait: profile_id=2 tx_status=0x00(OK) hop_idx=0 channel_idx=0 epoch=0 freq_hz=0 pkt_toa_us=99904 legal_dwell_used_us_10s=0

RFCO_PERTX during TX wait: profile_id=2 tx_status=0x00(OK) hop_idx=0 channel_idx=0 epoch=0 freq_hz=0 pkt_toa_us=11584 legal_dwell_used_us_10s=0

2026-07-27 00:30:25,940 INFO image_tx_daemon: frame seq=255 done: 2 fragments ok

RFCO_PERTX during TX wait: profile_id=2 tx_status=0x00(OK) hop_idx=0 channel_idx=0 epoch=0 freq_hz=0 pkt_toa_us=99904 legal_dwell_used_us_10s=0

RFCO_PERTX during TX wait: profile_id=2 tx_status=0x00(OK) hop_idx=0 channel_idx=0 epoch=0 freq_hz=0 pkt_toa_us=99904 legal_dwell_used_us_10s=0

RFCO_PERTX during TX wait: profile_id=2 tx_status=0x00(OK) hop_idx=0 channel_idx=0 epoch=0 freq_hz=0 pkt_toa_us=99904 legal_dwell_used_us_10s=0

RFCO_PERTX during TX wait: profile_id=2 tx_status=0x00(OK) hop_idx=0 channel_idx=0 epoch=0 freq_hz=0 pkt_toa_us=16704 legal_dwell_used_us_10s=0

2026-07-27 00:30:26,370 INFO image_tx_daemon: frame seq=2 done: 4 fragments ok

RFCO_PERTX during TX wait: profile_id=2 tx_status=0x00(OK) hop_idx=0 channel_idx=0 epoch=0 freq_hz=0 pkt_toa_us=99904 legal_dwell_used_us_10s=0

2026-07-27 00:30:26,490 INFO image_tx_daemon: LoRa cmd: PROBE seq=144 phase_ms=0 (rx#20)

RFCO_PERTX during TX wait: profile_id=2 tx_status=0x00(OK) hop_idx=0 channel_idx=0 epoch=0 freq_hz=0 pkt_toa_us=99904 legal_dwell_used_us_10s=0

RFCO_PERTX during TX wait: profile_id=2 tx_status=0x00(OK) hop_idx=0 channel_idx=0 epoch=0 freq_hz=0 pkt_toa_us=12864 legal_dwell_used_us_10s=0

2026-07-27 00:30:26,662 INFO image_tx_daemon: frame seq=5 done: 3 fragments ok

RFCO_PERTX during TX wait: profile_id=2 tx_status=0x00(OK) hop_idx=0 channel_idx=0 epoch=0 freq_hz=0 pkt_toa_us=11584 legal_dwell_used_us_10s=0

RFCO_PERTX during TX wait: profile_id=2 tx_status=0x00(OK) hop_idx=0 channel_idx=0 epoch=0 freq_hz=0 pkt_toa_us=11584 legal_dwell_used_us_10s=0

RFCO_PERTX during TX wait: profile_id=2 tx_status=0x00(OK) hop_idx=0 channel_idx=0 epoch=0 freq_hz=0 pkt_toa_us=99904 legal_dwell_used_us_10s=0

RFCO_PERTX during TX wait: profile_id=2 tx_status=0x00(OK) hop_idx=0 channel_idx=0 epoch=0 freq_hz=0 pkt_toa_us=11584 legal_dwell_used_us_10s=0

2026-07-27 00:30:26,879 INFO image_tx_daemon: frame seq=11 done: 2 fragments ok

RFCO_PERTX during TX wait: profile_id=2 tx_status=0x00(OK) hop_idx=0 channel_idx=0 epoch=0 freq_hz=0 pkt_toa_us=99904 legal_dwell_used_us_10s=0

RFCO_PERTX during TX wait: profile_id=2 tx_status=0x00(OK) hop_idx=0 channel_idx=0 epoch=0 freq_hz=0 pkt_toa_us=11584 legal_dwell_used_us_10s=0

2026-07-27 00:30:27,051 INFO image_tx_daemon: frame seq=21 done: 2 fragments ok

RFCO_PERTX during TX wait: profile_id=2 tx_status=0x00(OK) hop_idx=0 channel_idx=0 epoch=0 freq_hz=0 pkt_toa_us=99904 legal_dwell_used_us_10s=0

RFCO_PERTX during TX wait: profile_id=2 tx_status=0x00(OK) hop_idx=0 channel_idx=0 epoch=0 freq_hz=0 pkt_toa_us=99904 legal_dwell_used_us_10s=0

RFCO_PERTX during TX wait: profile_id=2 tx_status=0x00(OK) hop_idx=0 channel_idx=0 epoch=0 freq_hz=0 pkt_toa_us=97344 legal_dwell_used_us_10s=0

2026-07-27 00:30:27,437 INFO image_tx_daemon: frame seq=24 done: 3 fragments ok

RFCO_PERTX during TX wait: profile_id=2 tx_status=0x00(OK) hop_idx=0 channel_idx=0 epoch=0 freq_hz=0 pkt_toa_us=99904 legal_dwell_used_us_10s=0

RFCO_PERTX during TX wait: profile_id=2 tx_status=0x00(OK) hop_idx=0 channel_idx=0 epoch=0 freq_hz=0 pkt_toa_us=99904 legal_dwell_used_us_10s=0

RFCO_PERTX during TX wait: profile_id=2 tx_status=0x00(OK) hop_idx=0 channel_idx=0 epoch=0 freq_hz=0 pkt_toa_us=12864 legal_dwell_used_us_10s=0

2026-07-27 00:30:27,738 INFO image_tx_daemon: frame seq=27 done: 3 fragments ok

RFCO_PERTX during TX wait: profile_id=2 tx_status=0x00(OK) hop_idx=0 channel_idx=0 epoch=0 freq_hz=0 pkt_toa_us=99904 legal_dwell_used_us_10s=0

RFCO_PERTX during TX wait: profile_id=2 tx_status=0x00(OK) hop_idx=0 channel_idx=0 epoch=0 freq_hz=0 pkt_toa_us=12864 legal_dwell_used_us_10s=0

2026-07-27 00:30:27,900 INFO image_tx_daemon: frame seq=33 done: 2 fragments ok

RFCO_PERTX during TX wait: profile_id=2 tx_status=0x00(OK) hop_idx=0 channel_idx=0 epoch=0 freq_hz=0 pkt_toa_us=99904 legal_dwell_used_us_10s=0

RFCO_PERTX during TX wait: profile_id=2 tx_status=0x00(OK) hop_idx=0 channel_idx=0 epoch=0 freq_hz=0 pkt_toa_us=99904 legal_dwell_used_us_10s=0

RFCO_PERTX during TX wait: profile_id=2 tx_status=0x00(OK) hop_idx=0 channel_idx=0 epoch=0 freq_hz=0 pkt_toa_us=14144 legal_dwell_used_us_10s=0

2026-07-27 00:30:28,191 INFO image_tx_daemon: frame seq=41 done: 3 fragments ok

RFCO_PERTX during TX wait: profile_id=2 tx_status=0x00(OK) hop_idx=0 channel_idx=0 epoch=0 freq_hz=0 pkt_toa_us=99904 legal_dwell_used_us_10s=0

RFCO_PERTX during TX wait: profile_id=2 tx_status=0x00(OK) hop_idx=0 channel_idx=0 epoch=0 freq_hz=0 pkt_toa_us=11584 legal_dwell_used_us_10s=0

2026-07-27 00:30:28,353 INFO image_tx_daemon: frame seq=43 done: 2 fragments ok

2026-07-27 00:30:28,391 INFO image_tx_daemon: stats: goodput=1704.5 B/s util=71% pipeline=v2 frames_in=2102 ok=360 fail=0 drop_full=1374 drop_stale=0 frags_ok=1015 frags_fail=0 qdepth=1 parity_tx=0

RFCO_PERTX during TX wait: profile_id=2 tx_status=0x00(OK) hop_idx=0 channel_idx=0 epoch=0 freq_hz=0 pkt_toa_us=99904 legal_dwell_used_us_10s=0

2026-07-27 00:30:28,472 INFO image_tx_daemon: LoRa cmd: PROBE seq=147 phase_ms=0 (rx#21)

RFCO_PERTX during TX wait: profile_id=2 tx_status=0x00(OK) hop_idx=0 channel_idx=0 epoch=0 freq_hz=0 pkt_toa_us=99904 legal_dwell_used_us_10s=0

RFCO_PERTX during TX wait: profile_id=2 tx_status=0x00(OK) hop_idx=0 channel_idx=0 epoch=0 freq_hz=0 pkt_toa_us=99904 legal_dwell_used_us_10s=0

RFCO_PERTX during TX wait: profile_id=2 tx_status=0x00(OK) hop_idx=0 channel_idx=0 epoch=0 freq_hz=0 pkt_toa_us=12864 legal_dwell_used_us_10s=0

2026-07-27 00:30:28,773 INFO image_tx_daemon: frame seq=50 done: 4 fragments ok

RFCO_PERTX during TX wait: profile_id=2 tx_status=0x00(OK) hop_idx=0 channel_idx=0 epoch=0 freq_hz=0 pkt_toa_us=11584 legal_dwell_used_us_10s=0

RFCO_PERTX during TX wait: profile_id=2 tx_status=0x00(OK) hop_idx=0 channel_idx=0 epoch=0 freq_hz=0 pkt_toa_us=11584 legal_dwell_used_us_10s=0

RFCO_PERTX during TX wait: profile_id=2 tx_status=0x00(OK) hop_idx=0 channel_idx=0 epoch=0 freq_hz=0 pkt_toa_us=99904 legal_dwell_used_us_10s=0

RFCO_PERTX during TX wait: profile_id=2 tx_status=0x00(OK) hop_idx=0 channel_idx=0 epoch=0 freq_hz=0 pkt_toa_us=11584 legal_dwell_used_us_10s=0

2026-07-27 00:30:29,000 INFO image_tx_daemon: frame seq=53 done: 2 fragments ok

RFCO_PERTX during TX wait: profile_id=2 tx_status=0x00(OK) hop_idx=0 channel_idx=0 epoch=0 freq_hz=0 pkt_toa_us=99904 legal_dwell_used_us_10s=0

RFCO_PERTX during TX wait: profile_id=2 tx_status=0x00(OK) hop_idx=0 channel_idx=0 epoch=0 freq_hz=0 pkt_toa_us=11584 legal_dwell_used_us_10s=0

2026-07-27 00:30:29,162 INFO image_tx_daemon: frame seq=63 done: 2 fragments ok

RFCO_PERTX during TX wait: profile_id=2 tx_status=0x00(OK) hop_idx=0 channel_idx=0 epoch=0 freq_hz=0 pkt_toa_us=99904 legal_dwell_used_us_10s=0

RFCO_PERTX during TX wait: profile_id=2 tx_status=0x00(OK) hop_idx=0 channel_idx=0 epoch=0 freq_hz=0 pkt_toa_us=99904 legal_dwell_used_us_10s=0

RFCO_PERTX during TX wait: profile_id=2 tx_status=0x00(OK) hop_idx=0 channel_idx=0 epoch=0 freq_hz=0 pkt_toa_us=99904 legal_dwell_used_us_10s=0

RFCO_PERTX during TX wait: profile_id=2 tx_status=0x00(OK) hop_idx=0 channel_idx=0 epoch=0 freq_hz=0 pkt_toa_us=16704 legal_dwell_used_us_10s=0

2026-07-27 00:30:29,591 INFO image_tx_daemon: frame seq=66 done: 4 fragments ok

RFCO_PERTX during TX wait: profile_id=2 tx_status=0x00(OK) hop_idx=0 channel_idx=0 epoch=0 freq_hz=0 pkt_toa_us=99904 legal_dwell_used_us_10s=0

2026-07-27 00:30:29,710 INFO image_tx_daemon: LoRa cmd: PROBE seq=149 phase_ms=0 (rx#22)

RFCO_PERTX during TX wait: profile_id=2 tx_status=0x00(OK) hop_idx=0 channel_idx=0 epoch=0 freq_hz=0 pkt_toa_us=11584 legal_dwell_used_us_10s=0

2026-07-27 00:30:29,754 INFO image_tx_daemon: frame seq=69 done: 2 fragments ok

RFCO_PERTX during TX wait: profile_id=2 tx_status=0x00(OK) hop_idx=0 channel_idx=0 epoch=0 freq_hz=0 pkt_toa_us=11584 legal_dwell_used_us_10s=0

RFCO_PERTX during TX wait: profile_id=2 tx_status=0x00(OK) hop_idx=0 channel_idx=0 epoch=0 freq_hz=0 pkt_toa_us=11584 legal_dwell_used_us_10s=0

RFCO_PERTX during TX wait: profile_id=2 tx_status=0x00(OK) hop_idx=0 channel_idx=0 epoch=0 freq_hz=0 pkt_toa_us=99904 legal_dwell_used_us_10s=0

RFCO_PERTX during TX wait: profile_id=2 tx_status=0x00(OK) hop_idx=0 channel_idx=0 epoch=0 freq_hz=0 pkt_toa_us=11584 legal_dwell_used_us_10s=0

2026-07-27 00:30:29,971 INFO image_tx_daemon: frame seq=75 done: 2 fragments ok

RFCO_PERTX during TX wait: profile_id=2 tx_status=0x00(OK) hop_idx=0 channel_idx=0 epoch=0 freq_hz=0 pkt_toa_us=99904 legal_dwell_used_us_10s=0

RFCO_PERTX during TX wait: profile_id=2 tx_status=0x00(OK) hop_idx=0 channel_idx=0 epoch=0 freq_hz=0 pkt_toa_us=99904 legal_dwell_used_us_10s=0

RFCO_PERTX during TX wait: profile_id=2 tx_status=0x00(OK) hop_idx=0 channel_idx=0 epoch=0 freq_hz=0 pkt_toa_us=99904 legal_dwell_used_us_10s=0

RFCO_PERTX during TX wait: profile_id=2 tx_status=0x00(OK) hop_idx=0 channel_idx=0 epoch=0 freq_hz=0 pkt_toa_us=12864 legal_dwell_used_us_10s=0

2026-07-27 00:30:30,390 INFO image_tx_daemon: frame seq=82 done: 4 fragments ok

RFCO_PERTX during TX wait: profile_id=2 tx_status=0x00(OK) hop_idx=0 channel_idx=0 epoch=0 freq_hz=0 pkt_toa_us=99904 legal_dwell_used_us_10s=0

RFCO_PERTX during TX wait: profile_id=2 tx_status=0x00(OK) hop_idx=0 channel_idx=0 epoch=0 freq_hz=0 pkt_toa_us=11584 legal_dwell_used_us_10s=0

2026-07-27 00:30:30,552 INFO image_tx_daemon: frame seq=85 done: 2 fragments ok

RFCO_PERTX during TX wait: profile_id=2 tx_status=0x00(OK) hop_idx=0 channel_idx=0 epoch=0 freq_hz=0 pkt_toa_us=96064 legal_dwell_used_us_10s=0

2026-07-27 00:30:30,681 INFO image_tx_daemon: frame seq=94 done: 1 fragments ok

RFCO_PERTX during TX wait: profile_id=2 tx_status=0x00(OK) hop_idx=0 channel_idx=0 epoch=0 freq_hz=0 pkt_toa_us=99904 legal_dwell_used_us_10s=0

RFCO_PERTX during TX wait: profile_id=2 tx_status=0x00(OK) hop_idx=0 channel_idx=0 epoch=0 freq_hz=0 pkt_toa_us=11584 legal_dwell_used_us_10s=0

2026-07-27 00:30:30,843 INFO image_tx_daemon: frame seq=95 done: 2 fragments ok

RFCO_PERTX during TX wait: profile_id=2 tx_status=0x00(OK) hop_idx=0 channel_idx=0 epoch=0 freq_hz=0 pkt_toa_us=99904 legal_dwell_used_us_10s=0

RFCO_PERTX during TX wait: profile_id=2 tx_status=0x00(OK) hop_idx=0 channel_idx=0 epoch=0 freq_hz=0 pkt_toa_us=99904 legal_dwell_used_us_10s=0

RFCO_PERTX during TX wait: profile_id=2 tx_status=0x00(OK) hop_idx=0 channel_idx=0 epoch=0 freq_hz=0 pkt_toa_us=99904 legal_dwell_used_us_10s=0

RFCO_PERTX during TX wait: profile_id=2 tx_status=0x00(OK) hop_idx=0 channel_idx=0 epoch=0 freq_hz=0 pkt_toa_us=16704 legal_dwell_used_us_10s=0

2026-07-27 00:30:31,275 INFO image_tx_daemon: frame seq=100 done: 4 fragments ok

RFCO_PERTX during TX wait: profile_id=2 tx_status=0x00(OK) hop_idx=0 channel_idx=0 epoch=0 freq_hz=0 pkt_toa_us=99904 legal_dwell_used_us_10s=0

RFCO_PERTX during TX wait: profile_id=2 tx_status=0x00(OK) hop_idx=0 channel_idx=0 epoch=0 freq_hz=0 pkt_toa_us=99904 legal_dwell_used_us_10s=0

RFCO_PERTX during TX wait: profile_id=2 tx_status=0x00(OK) hop_idx=0 channel_idx=0 epoch=0 freq_hz=0 pkt_toa_us=99904 legal_dwell_used_us_10s=0

RFCO_PERTX during TX wait: profile_id=2 tx_status=0x00(OK) hop_idx=0 channel_idx=0 epoch=0 freq_hz=0 pkt_toa_us=17984 legal_dwell_used_us_10s=0

2026-07-27 00:30:31,704 INFO image_tx_daemon: frame seq=103 done: 4 fragments ok

RFCO_PERTX during TX wait: profile_id=2 tx_status=0x00(OK) hop_idx=0 channel_idx=0 epoch=0 freq_hz=0 pkt_toa_us=98624 legal_dwell_used_us_10s=0

2026-07-27 00:30:31,840 INFO image_tx_daemon: frame seq=111 done: 1 fragments ok

RFCO_PERTX during TX wait: profile_id=2 tx_status=0x00(OK) hop_idx=0 channel_idx=0 epoch=0 freq_hz=0 pkt_toa_us=99904 legal_dwell_used_us_10s=0

RFCO_PERTX during TX wait: profile_id=2 tx_status=0x00(OK) hop_idx=0 channel_idx=0 epoch=0 freq_hz=0 pkt_toa_us=11584 legal_dwell_used_us_10s=0

2026-07-27 00:30:32,003 INFO image_tx_daemon: frame seq=117 done: 2 fragments ok

RFCO_PERTX during TX wait: profile_id=2 tx_status=0x00(OK) hop_idx=0 channel_idx=0 epoch=0 freq_hz=0 pkt_toa_us=99904 legal_dwell_used_us_10s=0

RFCO_PERTX during TX wait: profile_id=2 tx_status=0x00(OK) hop_idx=0 channel_idx=0 epoch=0 freq_hz=0 pkt_toa_us=99904 legal_dwell_used_us_10s=0

RFCO_PERTX during TX wait: profile_id=2 tx_status=0x00(OK) hop_idx=0 channel_idx=0 epoch=0 freq_hz=0 pkt_toa_us=96064 legal_dwell_used_us_10s=0

2026-07-27 00:30:32,389 INFO image_tx_daemon: frame seq=123 done: 3 fragments ok

RFCO_PERTX during TX wait: profile_id=2 tx_status=0x00(OK) hop_idx=0 channel_idx=0 epoch=0 freq_hz=0 pkt_toa_us=99904 legal_dwell_used_us_10s=0

RFCO_PERTX during TX wait: profile_id=2 tx_status=0x00(OK) hop_idx=0 channel_idx=0 epoch=0 freq_hz=0 pkt_toa_us=99904 legal_dwell_used_us_10s=0

2026-07-27 00:30:32,647 INFO image_tx_daemon: frame seq=126 done: 2 fragments ok

RFCO_PERTX during TX wait: profile_id=2 tx_status=0x00(OK) hop_idx=0 channel_idx=0 epoch=0 freq_hz=0 pkt_toa_us=99904 legal_dwell_used_us_10s=0

RFCO_PERTX during TX wait: profile_id=2 tx_status=0x00(OK) hop_idx=0 channel_idx=0 epoch=0 freq_hz=0 pkt_toa_us=99904 legal_dwell_used_us_10s=0

RFCO_PERTX during TX wait: profile_id=2 tx_status=0x00(OK) hop_idx=0 channel_idx=0 epoch=0 freq_hz=0 pkt_toa_us=99904 legal_dwell_used_us_10s=0

RFCO_PERTX during TX wait: profile_id=2 tx_status=0x00(OK) hop_idx=0 channel_idx=0 epoch=0 freq_hz=0 pkt_toa_us=17984 legal_dwell_used_us_10s=0

2026-07-27 00:30:33,075 INFO image_tx_daemon: frame seq=132 done: 4 fragments ok

RFCO_PERTX during TX wait: profile_id=2 tx_status=0x00(OK) hop_idx=0 channel_idx=0 epoch=0 freq_hz=0 pkt_toa_us=99904 legal_dwell_used_us_10s=0

RFCO_PERTX during TX wait: profile_id=2 tx_status=0x00(OK) hop_idx=0 channel_idx=0 epoch=0 freq_hz=0 pkt_toa_us=99904 legal_dwell_used_us_10s=0

RFCO_PERTX during TX wait: profile_id=2 tx_status=0x00(OK) hop_idx=0 channel_idx=0 epoch=0 freq_hz=0 pkt_toa_us=99904 legal_dwell_used_us_10s=0

RFCO_PERTX during TX wait: profile_id=2 tx_status=0x00(OK) hop_idx=0 channel_idx=0 epoch=0 freq_hz=0 pkt_toa_us=12864 legal_dwell_used_us_10s=0

2026-07-27 00:30:33,495 INFO image_tx_daemon: frame seq=138 done: 4 fragments ok

RFCO_PERTX during TX wait: profile_id=2 tx_status=0x00(OK) hop_idx=0 channel_idx=0 epoch=0 freq_hz=0 pkt_toa_us=99904 legal_dwell_used_us_10s=0

RFCO_PERTX during TX wait: profile_id=2 tx_status=0x00(OK) hop_idx=0 channel_idx=0 epoch=0 freq_hz=0 pkt_toa_us=99904 legal_dwell_used_us_10s=0

RFCO_PERTX during TX wait: profile_id=2 tx_status=0x00(OK) hop_idx=0 channel_idx=0 epoch=0 freq_hz=0 pkt_toa_us=98624 legal_dwell_used_us_10s=0

2026-07-27 00:30:33,880 INFO image_tx_daemon: frame seq=147 done: 3 fragments ok

RFCO_PERTX during TX wait: profile_id=2 tx_status=0x00(OK) hop_idx=0 channel_idx=0 epoch=0 freq_hz=0 pkt_toa_us=99904 legal_dwell_used_us_10s=0

RFCO_PERTX during TX wait: profile_id=2 tx_status=0x00(OK) hop_idx=0 channel_idx=0 epoch=0 freq_hz=0 pkt_toa_us=11584 legal_dwell_used_us_10s=0

2026-07-27 00:30:34,042 INFO image_tx_daemon: frame seq=155 done: 2 fragments ok

RFCO_PERTX during TX wait: profile_id=2 tx_status=0x00(OK) hop_idx=0 channel_idx=0 epoch=0 freq_hz=0 pkt_toa_us=99904 legal_dwell_used_us_10s=0

RFCO_PERTX during TX wait: profile_id=2 tx_status=0x00(OK) hop_idx=0 channel_idx=0 epoch=0 freq_hz=0 pkt_toa_us=12864 legal_dwell_used_us_10s=0

2026-07-27 00:30:34,204 INFO image_tx_daemon: frame seq=161 done: 2 fragments ok

RFCO_PERTX during TX wait: profile_id=2 tx_status=0x00(OK) hop_idx=0 channel_idx=0 epoch=0 freq_hz=0 pkt_toa_us=99904 legal_dwell_used_us_10s=0

RFCO_PERTX during TX wait: profile_id=2 tx_status=0x00(OK) hop_idx=0 channel_idx=0 epoch=0 freq_hz=0 pkt_toa_us=99904 legal_dwell_used_us_10s=0

RFCO_PERTX during TX wait: profile_id=2 tx_status=0x00(OK) hop_idx=0 channel_idx=0 epoch=0 freq_hz=0 pkt_toa_us=99904 legal_dwell_used_us_10s=0

RFCO_PERTX during TX wait: profile_id=2 tx_status=0x00(OK) hop_idx=0 channel_idx=0 epoch=0 freq_hz=0 pkt_toa_us=20544 legal_dwell_used_us_10s=0

2026-07-27 00:30:34,634 INFO image_tx_daemon: frame seq=167 done: 4 fragments ok

RFCO_PERTX during TX wait: profile_id=2 tx_status=0x00(OK) hop_idx=0 channel_idx=0 epoch=0 freq_hz=0 pkt_toa_us=99904 legal_dwell_used_us_10s=0

RFCO_PERTX during TX wait: profile_id=2 tx_status=0x00(OK) hop_idx=0 channel_idx=0 epoch=0 freq_hz=0 pkt_toa_us=99904 legal_dwell_used_us_10s=0

RFCO_PERTX during TX wait: profile_id=2 tx_status=0x00(OK) hop_idx=0 channel_idx=0 epoch=0 freq_hz=0 pkt_toa_us=99904 legal_dwell_used_us_10s=0

RFCO_PERTX during TX wait: profile_id=2 tx_status=0x00(OK) hop_idx=0 channel_idx=0 epoch=0 freq_hz=0 pkt_toa_us=12864 legal_dwell_used_us_10s=0

2026-07-27 00:30:35,052 INFO image_tx_daemon: frame seq=170 done: 4 fragments ok

RFCO_PERTX during TX wait: profile_id=2 tx_status=0x00(OK) hop_idx=0 channel_idx=0 epoch=0 freq_hz=0 pkt_toa_us=99904 legal_dwell_used_us_10s=0

RFCO_PERTX during TX wait: profile_id=2 tx_status=0x00(OK) hop_idx=0 channel_idx=0 epoch=0 freq_hz=0 pkt_toa_us=99904 legal_dwell_used_us_10s=0

RFCO_PERTX during TX wait: profile_id=2 tx_status=0x00(OK) hop_idx=0 channel_idx=0 epoch=0 freq_hz=0 pkt_toa_us=99904 legal_dwell_used_us_10s=0

RFCO_PERTX during TX wait: profile_id=2 tx_status=0x00(OK) hop_idx=0 channel_idx=0 epoch=0 freq_hz=0 pkt_toa_us=12864 legal_dwell_used_us_10s=0

2026-07-27 00:30:35,485 INFO image_tx_daemon: frame seq=178 done: 4 fragments ok

RFCO_PERTX during TX wait: profile_id=2 tx_status=0x00(OK) hop_idx=0 channel_idx=0 epoch=0 freq_hz=0 pkt_toa_us=94784 legal_dwell_used_us_10s=0

2026-07-27 00:30:35,614 INFO image_tx_daemon: frame seq=186 done: 1 fragments ok

RFCO_PERTX during TX wait: profile_id=2 tx_status=0x00(OK) hop_idx=0 channel_idx=0 epoch=0 freq_hz=0 pkt_toa_us=99904 legal_dwell_used_us_10s=0

RFCO_PERTX during TX wait: profile_id=2 tx_status=0x00(OK) hop_idx=0 channel_idx=0 epoch=0 freq_hz=0 pkt_toa_us=12864 legal_dwell_used_us_10s=0

2026-07-27 00:30:35,776 INFO image_tx_daemon: frame seq=193 done: 2 fragments ok

2026-07-27 00:30:35,777 INFO image_tx_daemon: batching: 616 frames in 226 trains so far (this train: 3 frames, 746 B)

RFCO_PERTX during TX wait: profile_id=2 tx_status=0x00(OK) hop_idx=0 channel_idx=0 epoch=0 freq_hz=0 pkt_toa_us=99904 legal_dwell_used_us_10s=0

RFCO_PERTX during TX wait: profile_id=2 tx_status=0x00(OK) hop_idx=0 channel_idx=0 epoch=0 freq_hz=0 pkt_toa_us=99904 legal_dwell_used_us_10s=0

RFCO_PERTX during TX wait: profile_id=2 tx_status=0x00(OK) hop_idx=0 channel_idx=0 epoch=0 freq_hz=0 pkt_toa_us=99904 legal_dwell_used_us_10s=0

RFCO_PERTX during TX wait: profile_id=2 tx_status=0x00(OK) hop_idx=0 channel_idx=0 epoch=0 freq_hz=0 pkt_toa_us=20544 legal_dwell_used_us_10s=0

2026-07-27 00:30:36,207 INFO image_tx_daemon: frame seq=199 done: 4 fragments ok

RFCO_PERTX during TX wait: profile_id=2 tx_status=0x00(OK) hop_idx=0 channel_idx=0 epoch=0 freq_hz=0 pkt_toa_us=99904 legal_dwell_used_us_10s=0

RFCO_PERTX during TX wait: profile_id=2 tx_status=0x00(OK) hop_idx=0 channel_idx=0 epoch=0 freq_hz=0 pkt_toa_us=99904 legal_dwell_used_us_10s=0

2026-07-27 00:30:36,464 INFO image_tx_daemon: frame seq=202 done: 2 fragments ok

RFCO_PERTX during TX wait: profile_id=2 tx_status=0x00(OK) hop_idx=0 channel_idx=0 epoch=0 freq_hz=0 pkt_toa_us=99904 legal_dwell_used_us_10s=0

RFCO_PERTX during TX wait: profile_id=2 tx_status=0x00(OK) hop_idx=0 channel_idx=0 epoch=0 freq_hz=0 pkt_toa_us=99904 legal_dwell_used_us_10s=0

RFCO_PERTX during TX wait: profile_id=2 tx_status=0x00(OK) hop_idx=0 channel_idx=0 epoch=0 freq_hz=0 pkt_toa_us=11584 legal_dwell_used_us_10s=0

2026-07-27 00:30:36,757 INFO image_tx_daemon: frame seq=208 done: 3 fragments ok

RFCO_PERTX during TX wait: profile_id=2 tx_status=0x00(OK) hop_idx=0 channel_idx=0 epoch=0 freq_hz=0 pkt_toa_us=99904 legal_dwell_used_us_10s=0

RFCO_PERTX during TX wait: profile_id=2 tx_status=0x00(OK) hop_idx=0 channel_idx=0 epoch=0 freq_hz=0 pkt_toa_us=11584 legal_dwell_used_us_10s=0

2026-07-27 00:30:36,919 INFO image_tx_daemon: frame seq=213 done: 2 fragments ok

RFCO_PERTX during TX wait: profile_id=2 tx_status=0x00(OK) hop_idx=0 channel_idx=0 epoch=0 freq_hz=0 pkt_toa_us=99904 legal_dwell_used_us_10s=0

RFCO_PERTX during TX wait: profile_id=2 tx_status=0x00(OK) hop_idx=0 channel_idx=0 epoch=0 freq_hz=0 pkt_toa_us=92224 legal_dwell_used_us_10s=0

2026-07-27 00:30:37,177 INFO image_tx_daemon: frame seq=221 done: 2 fragments ok

RFCO_PERTX during TX wait: profile_id=2 tx_status=0x00(OK) hop_idx=0 channel_idx=0 epoch=0 freq_hz=0 pkt_toa_us=99904 legal_dwell_used_us_10s=0

RFCO_PERTX during TX wait: profile_id=2 tx_status=0x00(OK) hop_idx=0 channel_idx=0 epoch=0 freq_hz=0 pkt_toa_us=11584 legal_dwell_used_us_10s=0

2026-07-27 00:30:37,340 INFO image_tx_daemon: frame seq=223 done: 2 fragments ok

RFCO_PERTX during TX wait: profile_id=2 tx_status=0x00(OK) hop_idx=0 channel_idx=0 epoch=0 freq_hz=0 pkt_toa_us=99904 legal_dwell_used_us_10s=0

RFCO_PERTX during TX wait: profile_id=2 tx_status=0x00(OK) hop_idx=0 channel_idx=0 epoch=0 freq_hz=0 pkt_toa_us=99904 legal_dwell_used_us_10s=0

RFCO_PERTX during TX wait: profile_id=2 tx_status=0x00(OK) hop_idx=0 channel_idx=0 epoch=0 freq_hz=0 pkt_toa_us=99904 legal_dwell_used_us_10s=0

RFCO_PERTX during TX wait: profile_id=2 tx_status=0x00(OK) hop_idx=0 channel_idx=0 epoch=0 freq_hz=0 pkt_toa_us=19264 legal_dwell_used_us_10s=0

2026-07-27 00:30:37,769 INFO image_tx_daemon: frame seq=230 done: 4 fragments ok

RFCO_PERTX during TX wait: profile_id=2 tx_status=0x00(OK) hop_idx=0 channel_idx=0 epoch=0 freq_hz=0 pkt_toa_us=99904 legal_dwell_used_us_10s=0

RFCO_PERTX during TX wait: profile_id=2 tx_status=0x00(OK) hop_idx=0 channel_idx=0 epoch=0 freq_hz=0 pkt_toa_us=99904 legal_dwell_used_us_10s=0

RFCO_PERTX during TX wait: profile_id=2 tx_status=0x00(OK) hop_idx=0 channel_idx=0 epoch=0 freq_hz=0 pkt_toa_us=99904 legal_dwell_used_us_10s=0

RFCO_PERTX during TX wait: profile_id=2 tx_status=0x00(OK) hop_idx=0 channel_idx=0 epoch=0 freq_hz=0 pkt_toa_us=14144 legal_dwell_used_us_10s=0

2026-07-27 00:30:38,188 INFO image_tx_daemon: frame seq=233 done: 4 fragments ok

RFCO_PERTX during TX wait: profile_id=2 tx_status=0x00(OK) hop_idx=0 channel_idx=0 epoch=0 freq_hz=0 pkt_toa_us=99904 legal_dwell_used_us_10s=0

2026-07-27 00:30:38,404 INFO image_tx_daemon: stats: goodput=1727.2 B/s util=72% pipeline=v2 frames_in=2302 ok=394 fail=0 drop_full=1503 drop_stale=0 frags_ok=1110 frags_fail=0 qdepth=4 parity_tx=0

RFCO_PERTX during TX wait: profile_id=2 tx_status=0x00(OK) hop_idx=0 channel_idx=0 epoch=0 freq_hz=0 pkt_toa_us=99904 legal_dwell_used_us_10s=0

RFCO_PERTX during TX wait: profile_id=2 tx_status=0x00(OK) hop_idx=0 channel_idx=0 epoch=0 freq_hz=0 pkt_toa_us=99904 legal_dwell_used_us_10s=0

RFCO_PERTX during TX wait: profile_id=2 tx_status=0x00(OK) hop_idx=0 channel_idx=0 epoch=0 freq_hz=0 pkt_toa_us=12864 legal_dwell_used_us_10s=0

2026-07-27 00:30:38,619 INFO image_tx_daemon: frame seq=240 done: 4 fragments ok

INFO: unrelated frame during TX wait type=0xC4

RFCO_PERTX during TX wait: profile_id=2 tx_status=0x00(OK) hop_idx=0 channel_idx=0 epoch=0 freq_hz=0 pkt_toa_us=99904 legal_dwell_used_us_10s=0

RFCO_PERTX during TX wait: profile_id=2 tx_status=0x00(OK) hop_idx=0 channel_idx=0 epoch=0 freq_hz=0 pkt_toa_us=11584 legal_dwell_used_us_10s=0

2026-07-27 00:30:38,786 INFO image_tx_daemon: frame seq=249 done: 2 fragments ok

RFCO_PERTX during TX wait: profile_id=2 tx_status=0x00(OK) hop_idx=0 channel_idx=0 epoch=0 freq_hz=0 pkt_toa_us=99904 legal_dwell_used_us_10s=0

2026-07-27 00:30:38,905 INFO image_tx_daemon: LoRa cmd: PROBE seq=162 phase_ms=0 (rx#23)

RFCO_PERTX during TX wait: profile_id=2 tx_status=0x00(OK) hop_idx=0 channel_idx=0 epoch=0 freq_hz=0 pkt_toa_us=11584 legal_dwell_used_us_10s=0

2026-07-27 00:30:38,950 INFO image_tx_daemon: frame seq=255 done: 2 fragments ok

RFCO_PERTX during TX wait: profile_id=2 tx_status=0x00(OK) hop_idx=0 channel_idx=0 epoch=0 freq_hz=0 pkt_toa_us=11584 legal_dwell_used_us_10s=0

RFCO_PERTX during TX wait: profile_id=2 tx_status=0x00(OK) hop_idx=0 channel_idx=0 epoch=0 freq_hz=0 pkt_toa_us=11584 legal_dwell_used_us_10s=0

RFCO_PERTX during TX wait: profile_id=2 tx_status=0x00(OK) hop_idx=0 channel_idx=0 epoch=0 freq_hz=0 pkt_toa_us=99904 legal_dwell_used_us_10s=0

RFCO_PERTX during TX wait: profile_id=2 tx_status=0x00(OK) hop_idx=0 channel_idx=0 epoch=0 freq_hz=0 pkt_toa_us=99904 legal_dwell_used_us_10s=0

RFCO_PERTX during TX wait: profile_id=2 tx_status=0x00(OK) hop_idx=0 channel_idx=0 epoch=0 freq_hz=0 pkt_toa_us=99904 legal_dwell_used_us_10s=0

RFCO_PERTX during TX wait: profile_id=2 tx_status=0x00(OK) hop_idx=0 channel_idx=0 epoch=0 freq_hz=0 pkt_toa_us=20544 legal_dwell_used_us_10s=0

2026-07-27 00:30:39,435 INFO image_tx_daemon: frame seq=7 done: 4 fragments ok

RFCO_PERTX during TX wait: profile_id=2 tx_status=0x00(OK) hop_idx=0 channel_idx=0 epoch=0 freq_hz=0 pkt_toa_us=99904 legal_dwell_used_us_10s=0

RFCO_PERTX during TX wait: profile_id=2 tx_status=0x00(OK) hop_idx=0 channel_idx=0 epoch=0 freq_hz=0 pkt_toa_us=99904 legal_dwell_used_us_10s=0

RFCO_PERTX during TX wait: profile_id=2 tx_status=0x00(OK) hop_idx=0 channel_idx=0 epoch=0 freq_hz=0 pkt_toa_us=99904 legal_dwell_used_us_10s=0

RFCO_PERTX during TX wait: profile_id=2 tx_status=0x00(OK) hop_idx=0 channel_idx=0 epoch=0 freq_hz=0 pkt_toa_us=12864 legal_dwell_used_us_10s=0

2026-07-27 00:30:39,854 INFO image_tx_daemon: frame seq=10 done: 4 fragments ok

RFCO_PERTX during TX wait: profile_id=2 tx_status=0x00(OK) hop_idx=0 channel_idx=0 epoch=0 freq_hz=0 pkt_toa_us=99904 legal_dwell_used_us_10s=0

RFCO_PERTX during TX wait: profile_id=2 tx_status=0x00(OK) hop_idx=0 channel_idx=0 epoch=0 freq_hz=0 pkt_toa_us=99904 legal_dwell_used_us_10s=0

RFCO_PERTX during TX wait: profile_id=2 tx_status=0x00(OK) hop_idx=0 channel_idx=0 epoch=0 freq_hz=0 pkt_toa_us=99904 legal_dwell_used_us_10s=0

RFCO_PERTX during TX wait: profile_id=2 tx_status=0x00(OK) hop_idx=0 channel_idx=0 epoch=0 freq_hz=0 pkt_toa_us=12864 legal_dwell_used_us_10s=0

2026-07-27 00:30:40,286 INFO image_tx_daemon: frame seq=18 done: 4 fragments ok

RFCO_PERTX during TX wait: profile_id=2 tx_status=0x00(OK) hop_idx=0 channel_idx=0 epoch=0 freq_hz=0 pkt_toa_us=94784 legal_dwell_used_us_10s=0

2026-07-27 00:30:40,415 INFO image_tx_daemon: frame seq=26 done: 1 fragments ok

RFCO_PERTX during TX wait: profile_id=2 tx_status=0x00(OK) hop_idx=0 channel_idx=0 epoch=0 freq_hz=0 pkt_toa_us=99904 legal_dwell_used_us_10s=0

RFCO_PERTX during TX wait: profile_id=2 tx_status=0x00(OK) hop_idx=0 channel_idx=0 epoch=0 freq_hz=0 pkt_toa_us=12864 legal_dwell_used_us_10s=0

2026-07-27 00:30:40,577 INFO image_tx_daemon: frame seq=33 done: 2 fragments ok

RFCO_PERTX during TX wait: profile_id=2 tx_status=0x00(OK) hop_idx=0 channel_idx=0 epoch=0 freq_hz=0 pkt_toa_us=99904 legal_dwell_used_us_10s=0

RFCO_PERTX during TX wait: profile_id=2 tx_status=0x00(OK) hop_idx=0 channel_idx=0 epoch=0 freq_hz=0 pkt_toa_us=99904 legal_dwell_used_us_10s=0

RFCO_PERTX during TX wait: profile_id=2 tx_status=0x00(OK) hop_idx=0 channel_idx=0 epoch=0 freq_hz=0 pkt_toa_us=99904 legal_dwell_used_us_10s=0

RFCO_PERTX during TX wait: profile_id=2 tx_status=0x00(OK) hop_idx=0 channel_idx=0 epoch=0 freq_hz=0 pkt_toa_us=20544 legal_dwell_used_us_10s=0

2026-07-27 00:30:41,007 INFO image_tx_daemon: frame seq=39 done: 4 fragments ok

RFCO_PERTX during TX wait: profile_id=2 tx_status=0x00(OK) hop_idx=0 channel_idx=0 epoch=0 freq_hz=0 pkt_toa_us=99904 legal_dwell_used_us_10s=0

RFCO_PERTX during TX wait: profile_id=2 tx_status=0x00(OK) hop_idx=0 channel_idx=0 epoch=0 freq_hz=0 pkt_toa_us=99904 legal_dwell_used_us_10s=0

2026-07-27 00:30:41,265 INFO image_tx_daemon: frame seq=42 done: 2 fragments ok

RFCO_PERTX during TX wait: profile_id=2 tx_status=0x00(OK) hop_idx=0 channel_idx=0 epoch=0 freq_hz=0 pkt_toa_us=99904 legal_dwell_used_us_10s=0

RFCO_PERTX during TX wait: profile_id=2 tx_status=0x00(OK) hop_idx=0 channel_idx=0 epoch=0 freq_hz=0 pkt_toa_us=99904 legal_dwell_used_us_10s=0

RFCO_PERTX during TX wait: profile_id=2 tx_status=0x00(OK) hop_idx=0 channel_idx=0 epoch=0 freq_hz=0 pkt_toa_us=11584 legal_dwell_used_us_10s=0

2026-07-27 00:30:41,555 INFO image_tx_daemon: frame seq=48 done: 3 fragments ok

RFCO_PERTX during TX wait: profile_id=2 tx_status=0x00(OK) hop_idx=0 channel_idx=0 epoch=0 freq_hz=0 pkt_toa_us=99904 legal_dwell_used_us_10s=0

RFCO_PERTX during TX wait: profile_id=2 tx_status=0x00(OK) hop_idx=0 channel_idx=0 epoch=0 freq_hz=0 pkt_toa_us=11584 legal_dwell_used_us_10s=0

2026-07-27 00:30:41,717 INFO image_tx_daemon: frame seq=53 done: 2 fragments ok

RFCO_PERTX during TX wait: profile_id=2 tx_status=0x00(OK) hop_idx=0 channel_idx=0 epoch=0 freq_hz=0 pkt_toa_us=99904 legal_dwell_used_us_10s=0

RFCO_PERTX during TX wait: profile_id=2 tx_status=0x00(OK) hop_idx=0 channel_idx=0 epoch=0 freq_hz=0 pkt_toa_us=92224 legal_dwell_used_us_10s=0

2026-07-27 00:30:41,975 INFO image_tx_daemon: frame seq=61 done: 2 fragments ok

RFCO_PERTX during TX wait: profile_id=2 tx_status=0x00(OK) hop_idx=0 channel_idx=0 epoch=0 freq_hz=0 pkt_toa_us=99904 legal_dwell_used_us_10s=0

RFCO_PERTX during TX wait: profile_id=2 tx_status=0x00(OK) hop_idx=0 channel_idx=0 epoch=0 freq_hz=0 pkt_toa_us=11584 legal_dwell_used_us_10s=0

2026-07-27 00:30:42,140 INFO image_tx_daemon: frame seq=63 done: 2 fragments ok

RFCO_PERTX during TX wait: profile_id=2 tx_status=0x00(OK) hop_idx=0 channel_idx=0 epoch=0 freq_hz=0 pkt_toa_us=99904 legal_dwell_used_us_10s=0

2026-07-27 00:30:42,259 INFO image_tx_daemon: LoRa cmd: PROBE seq=167 phase_ms=0 (rx#24)

RFCO_PERTX during TX wait: profile_id=2 tx_status=0x00(OK) hop_idx=0 channel_idx=0 epoch=0 freq_hz=0 pkt_toa_us=99904 legal_dwell_used_us_10s=0

RFCO_PERTX during TX wait: profile_id=2 tx_status=0x00(OK) hop_idx=0 channel_idx=0 epoch=0 freq_hz=0 pkt_toa_us=99904 legal_dwell_used_us_10s=0

RFCO_PERTX during TX wait: profile_id=2 tx_status=0x00(OK) hop_idx=0 channel_idx=0 epoch=0 freq_hz=0 pkt_toa_us=19264 legal_dwell_used_us_10s=0

2026-07-27 00:30:42,571 INFO image_tx_daemon: frame seq=70 done: 4 fragments ok

RFCO_PERTX during TX wait: profile_id=2 tx_status=0x00(OK) hop_idx=0 channel_idx=0 epoch=0 freq_hz=0 pkt_toa_us=11584 legal_dwell_used_us_10s=0

RFCO_PERTX during TX wait: profile_id=2 tx_status=0x00(OK) hop_idx=0 channel_idx=0 epoch=0 freq_hz=0 pkt_toa_us=11584 legal_dwell_used_us_10s=0

RFCO_PERTX during TX wait: profile_id=2 tx_status=0x00(OK) hop_idx=0 channel_idx=0 epoch=0 freq_hz=0 pkt_toa_us=99904 legal_dwell_used_us_10s=0

RFCO_PERTX during TX wait: profile_id=2 tx_status=0x00(OK) hop_idx=0 channel_idx=0 epoch=0 freq_hz=0 pkt_toa_us=99904 legal_dwell_used_us_10s=0

RFCO_PERTX during TX wait: profile_id=2 tx_status=0x00(OK) hop_idx=0 channel_idx=0 epoch=0 freq_hz=0 pkt_toa_us=99904 legal_dwell_used_us_10s=0

RFCO_PERTX during TX wait: profile_id=2 tx_status=0x00(OK) hop_idx=0 channel_idx=0 epoch=0 freq_hz=0 pkt_toa_us=15424 legal_dwell_used_us_10s=0

2026-07-27 00:30:43,044 INFO image_tx_daemon: frame seq=73 done: 4 fragments ok

RFCO_PERTX during TX wait: profile_id=2 tx_status=0x00(OK) hop_idx=0 channel_idx=0 epoch=0 freq_hz=0 pkt_toa_us=99904 legal_dwell_used_us_10s=0

RFCO_PERTX during TX wait: profile_id=2 tx_status=0x00(OK) hop_idx=0 channel_idx=0 epoch=0 freq_hz=0 pkt_toa_us=99904 legal_dwell_used_us_10s=0

RFCO_PERTX during TX wait: profile_id=2 tx_status=0x00(OK) hop_idx=0 channel_idx=0 epoch=0 freq_hz=0 pkt_toa_us=99904 legal_dwell_used_us_10s=0

RFCO_PERTX during TX wait: profile_id=2 tx_status=0x00(OK) hop_idx=0 channel_idx=0 epoch=0 freq_hz=0 pkt_toa_us=12864 legal_dwell_used_us_10s=0

2026-07-27 00:30:43,463 INFO image_tx_daemon: frame seq=82 done: 4 fragments ok

RFCO_PERTX during TX wait: profile_id=2 tx_status=0x00(OK) hop_idx=0 channel_idx=0 epoch=0 freq_hz=0 pkt_toa_us=99904 legal_dwell_used_us_10s=0

RFCO_PERTX during TX wait: profile_id=2 tx_status=0x00(OK) hop_idx=0 channel_idx=0 epoch=0 freq_hz=0 pkt_toa_us=96064 legal_dwell_used_us_10s=0

2026-07-27 00:30:43,720 INFO image_tx_daemon: frame seq=90 done: 2 fragments ok

RFCO_PERTX during TX wait: profile_id=2 tx_status=0x00(OK) hop_idx=0 channel_idx=0 epoch=0 freq_hz=0 pkt_toa_us=99904 legal_dwell_used_us_10s=0

RFCO_PERTX during TX wait: profile_id=2 tx_status=0x00(OK) hop_idx=0 channel_idx=0 epoch=0 freq_hz=0 pkt_toa_us=12864 legal_dwell_used_us_10s=0

2026-07-27 00:30:43,883 INFO image_tx_daemon: frame seq=97 done: 2 fragments ok

RFCO_PERTX during TX wait: profile_id=2 tx_status=0x00(OK) hop_idx=0 channel_idx=0 epoch=0 freq_hz=0 pkt_toa_us=99904 legal_dwell_used_us_10s=0

RFCO_PERTX during TX wait: profile_id=2 tx_status=0x00(OK) hop_idx=0 channel_idx=0 epoch=0 freq_hz=0 pkt_toa_us=99904 legal_dwell_used_us_10s=0

RFCO_PERTX during TX wait: profile_id=2 tx_status=0x00(OK) hop_idx=0 channel_idx=0 epoch=0 freq_hz=0 pkt_toa_us=14144 legal_dwell_used_us_10s=0

2026-07-27 00:30:44,173 INFO image_tx_daemon: frame seq=105 done: 3 fragments ok

RFCO_PERTX during TX wait: profile_id=2 tx_status=0x00(OK) hop_idx=0 channel_idx=0 epoch=0 freq_hz=0 pkt_toa_us=99904 legal_dwell_used_us_10s=0

RFCO_PERTX during TX wait: profile_id=2 tx_status=0x00(OK) hop_idx=0 channel_idx=0 epoch=0 freq_hz=0 pkt_toa_us=11584 legal_dwell_used_us_10s=0

2026-07-27 00:30:44,336 INFO image_tx_daemon: frame seq=107 done: 2 fragments ok

RFCO_PERTX during TX wait: profile_id=2 tx_status=0x00(OK) hop_idx=0 channel_idx=0 epoch=0 freq_hz=0 pkt_toa_us=99904 legal_dwell_used_us_10s=0

RFCO_PERTX during TX wait: profile_id=2 tx_status=0x00(OK) hop_idx=0 channel_idx=0 epoch=0 freq_hz=0 pkt_toa_us=99904 legal_dwell_used_us_10s=0

RFCO_PERTX during TX wait: profile_id=2 tx_status=0x00(OK) hop_idx=0 channel_idx=0 epoch=0 freq_hz=0 pkt_toa_us=99904 legal_dwell_used_us_10s=0

RFCO_PERTX during TX wait: profile_id=2 tx_status=0x00(OK) hop_idx=0 channel_idx=0 epoch=0 freq_hz=0 pkt_toa_us=12864 legal_dwell_used_us_10s=0

2026-07-27 00:30:44,754 INFO image_tx_daemon: frame seq=114 done: 4 fragments ok

RFCO_PERTX during TX wait: profile_id=2 tx_status=0x00(OK) hop_idx=0 channel_idx=0 epoch=0 freq_hz=0 pkt_toa_us=99904 legal_dwell_used_us_10s=0

RFCO_PERTX during TX wait: profile_id=2 tx_status=0x00(OK) hop_idx=0 channel_idx=0 epoch=0 freq_hz=0 pkt_toa_us=11584 legal_dwell_used_us_10s=0

2026-07-27 00:30:44,916 INFO image_tx_daemon: frame seq=117 done: 2 fragments ok

RFCO_PERTX during TX wait: profile_id=2 tx_status=0x00(OK) hop_idx=0 channel_idx=0 epoch=0 freq_hz=0 pkt_toa_us=99904 legal_dwell_used_us_10s=0

2026-07-27 00:30:45,036 INFO image_tx_daemon: LoRa cmd: PROBE seq=171 phase_ms=0 (rx#25)

RFCO_PERTX during TX wait: profile_id=2 tx_status=0x00(OK) hop_idx=0 channel_idx=0 epoch=0 freq_hz=0 pkt_toa_us=92224 legal_dwell_used_us_10s=0

2026-07-27 00:30:45,175 INFO image_tx_daemon: frame seq=125 done: 2 fragments ok

RFCO_PERTX during TX wait: profile_id=2 tx_status=0x00(OK) hop_idx=0 channel_idx=0 epoch=0 freq_hz=0 pkt_toa_us=11584 legal_dwell_used_us_10s=0

RFCO_PERTX during TX wait: profile_id=2 tx_status=0x00(OK) hop_idx=0 channel_idx=0 epoch=0 freq_hz=0 pkt_toa_us=11584 legal_dwell_used_us_10s=0

RFCO_PERTX during TX wait: profile_id=2 tx_status=0x00(OK) hop_idx=0 channel_idx=0 epoch=0 freq_hz=0 pkt_toa_us=99904 legal_dwell_used_us_10s=0

RFCO_PERTX during TX wait: profile_id=2 tx_status=0x00(OK) hop_idx=0 channel_idx=0 epoch=0 freq_hz=0 pkt_toa_us=11584 legal_dwell_used_us_10s=0

2026-07-27 00:30:45,392 INFO image_tx_daemon: frame seq=127 done: 2 fragments ok

RFCO_PERTX during TX wait: profile_id=2 tx_status=0x00(OK) hop_idx=0 channel_idx=0 epoch=0 freq_hz=0 pkt_toa_us=99904 legal_dwell_used_us_10s=0

RFCO_PERTX during TX wait: profile_id=2 tx_status=0x00(OK) hop_idx=0 channel_idx=0 epoch=0 freq_hz=0 pkt_toa_us=99904 legal_dwell_used_us_10s=0

RFCO_PERTX during TX wait: profile_id=2 tx_status=0x00(OK) hop_idx=0 channel_idx=0 epoch=0 freq_hz=0 pkt_toa_us=99904 legal_dwell_used_us_10s=0

RFCO_PERTX during TX wait: profile_id=2 tx_status=0x00(OK) hop_idx=0 channel_idx=0 epoch=0 freq_hz=0 pkt_toa_us=20544 legal_dwell_used_us_10s=0

2026-07-27 00:30:45,821 INFO image_tx_daemon: frame seq=135 done: 4 fragments ok

RFCO_PERTX during TX wait: profile_id=2 tx_status=0x00(OK) hop_idx=0 channel_idx=0 epoch=0 freq_hz=0 pkt_toa_us=99904 legal_dwell_used_us_10s=0

RFCO_PERTX during TX wait: profile_id=2 tx_status=0x00(OK) hop_idx=0 channel_idx=0 epoch=0 freq_hz=0 pkt_toa_us=99904 legal_dwell_used_us_10s=0

2026-07-27 00:30:46,079 INFO image_tx_daemon: frame seq=138 done: 2 fragments ok

RFCO_PERTX during TX wait: profile_id=2 tx_status=0x00(OK) hop_idx=0 channel_idx=0 epoch=0 freq_hz=0 pkt_toa_us=99904 legal_dwell_used_us_10s=0

2026-07-27 00:30:46,208 INFO image_tx_daemon: frame seq=144 done: 1 fragments ok

RFCO_PERTX during TX wait: profile_id=2 tx_status=0x00(OK) hop_idx=0 channel_idx=0 epoch=0 freq_hz=0 pkt_toa_us=99904 legal_dwell_used_us_10s=0

RFCO_PERTX during TX wait: profile_id=2 tx_status=0x00(OK) hop_idx=0 channel_idx=0 epoch=0 freq_hz=0 pkt_toa_us=11584 legal_dwell_used_us_10s=0

2026-07-27 00:30:46,370 INFO image_tx_daemon: frame seq=149 done: 2 fragments ok

RFCO_PERTX during TX wait: profile_id=2 tx_status=0x00(OK) hop_idx=0 channel_idx=0 epoch=0 freq_hz=0 pkt_toa_us=99904 legal_dwell_used_us_10s=0

2026-07-27 00:30:46,490 INFO image_tx_daemon: LoRa cmd: PROBE seq=173 phase_ms=0 (rx#26)

RFCO_PERTX during TX wait: profile_id=2 tx_status=0x00(OK) hop_idx=0 channel_idx=0 epoch=0 freq_hz=0 pkt_toa_us=99904 legal_dwell_used_us_10s=0

RFCO_PERTX during TX wait: profile_id=2 tx_status=0x00(OK) hop_idx=0 channel_idx=0 epoch=0 freq_hz=0 pkt_toa_us=97344 legal_dwell_used_us_10s=0

2026-07-27 00:30:46,767 INFO image_tx_daemon: frame seq=154 done: 3 fragments ok

RFCO_PERTX during TX wait: profile_id=2 tx_status=0x00(OK) hop_idx=0 channel_idx=0 epoch=0 freq_hz=0 pkt_toa_us=11584 legal_dwell_used_us_10s=0

RFCO_PERTX during TX wait: profile_id=2 tx_status=0x00(OK) hop_idx=0 channel_idx=0 epoch=0 freq_hz=0 pkt_toa_us=11584 legal_dwell_used_us_10s=0

RFCO_PERTX during TX wait: profile_id=2 tx_status=0x00(OK) hop_idx=0 channel_idx=0 epoch=0 freq_hz=0 pkt_toa_us=99904 legal_dwell_used_us_10s=0

RFCO_PERTX during TX wait: profile_id=2 tx_status=0x00(OK) hop_idx=0 channel_idx=0 epoch=0 freq_hz=0 pkt_toa_us=99904 legal_dwell_used_us_10s=0

RFCO_PERTX during TX wait: profile_id=2 tx_status=0x00(OK) hop_idx=0 channel_idx=0 epoch=0 freq_hz=0 pkt_toa_us=97344 legal_dwell_used_us_10s=0

2026-07-27 00:30:47,207 INFO image_tx_daemon: frame seq=157 done: 3 fragments ok

RFCO_PERTX during TX wait: profile_id=2 tx_status=0x00(OK) hop_idx=0 channel_idx=0 epoch=0 freq_hz=0 pkt_toa_us=99904 legal_dwell_used_us_10s=0

RFCO_PERTX during TX wait: profile_id=2 tx_status=0x00(OK) hop_idx=0 channel_idx=0 epoch=0 freq_hz=0 pkt_toa_us=11584 legal_dwell_used_us_10s=0

2026-07-27 00:30:47,370 INFO image_tx_daemon: frame seq=165 done: 2 fragments ok

RFCO_PERTX during TX wait: profile_id=2 tx_status=0x00(OK) hop_idx=0 channel_idx=0 epoch=0 freq_hz=0 pkt_toa_us=99904 legal_dwell_used_us_10s=0

RFCO_PERTX during TX wait: profile_id=2 tx_status=0x00(OK) hop_idx=0 channel_idx=0 epoch=0 freq_hz=0 pkt_toa_us=11584 legal_dwell_used_us_10s=0

2026-07-27 00:30:47,536 INFO image_tx_daemon: frame seq=171 done: 2 fragments ok

2026-07-27 00:30:47,537 INFO image_tx_daemon: batching: 681 frames in 251 trains so far (this train: 3 frames, 726 B)

RFCO_PERTX during TX wait: profile_id=2 tx_status=0x00(OK) hop_idx=0 channel_idx=0 epoch=0 freq_hz=0 pkt_toa_us=99904 legal_dwell_used_us_10s=0

RFCO_PERTX during TX wait: profile_id=2 tx_status=0x00(OK) hop_idx=0 channel_idx=0 epoch=0 freq_hz=0 pkt_toa_us=99904 legal_dwell_used_us_10s=0

RFCO_PERTX during TX wait: profile_id=2 tx_status=0x00(OK) hop_idx=0 channel_idx=0 epoch=0 freq_hz=0 pkt_toa_us=99904 legal_dwell_used_us_10s=0

RFCO_PERTX during TX wait: profile_id=2 tx_status=0x00(OK) hop_idx=0 channel_idx=0 epoch=0 freq_hz=0 pkt_toa_us=12864 legal_dwell_used_us_10s=0

2026-07-27 00:30:47,966 INFO image_tx_daemon: frame seq=178 done: 4 fragments ok

RFCO_PERTX during TX wait: profile_id=2 tx_status=0x00(OK) hop_idx=0 channel_idx=0 epoch=0 freq_hz=0 pkt_toa_us=99904 legal_dwell_used_us_10s=0

RFCO_PERTX during TX wait: profile_id=2 tx_status=0x00(OK) hop_idx=0 channel_idx=0 epoch=0 freq_hz=0 pkt_toa_us=11584 legal_dwell_used_us_10s=0

2026-07-27 00:30:48,128 INFO image_tx_daemon: frame seq=181 done: 2 fragments ok

RFCO_PERTX during TX wait: profile_id=2 tx_status=0x00(OK) hop_idx=0 channel_idx=0 epoch=0 freq_hz=0 pkt_toa_us=96064 legal_dwell_used_us_10s=0

2026-07-27 00:30:48,257 INFO image_tx_daemon: frame seq=190 done: 1 fragments ok

RFCO_PERTX during TX wait: profile_id=2 tx_status=0x00(OK) hop_idx=0 channel_idx=0 epoch=0 freq_hz=0 pkt_toa_us=99904 legal_dwell_used_us_10s=0

RFCO_PERTX during TX wait: profile_id=2 tx_status=0x00(OK) hop_idx=0 channel_idx=0 epoch=0 freq_hz=0 pkt_toa_us=11584 legal_dwell_used_us_10s=0

2026-07-27 00:30:48,415 INFO image_tx_daemon: stats: goodput=1723.2 B/s util=72% pipeline=v2 frames_in=2502 ok=430 fail=0 drop_full=1637 drop_stale=0 frags_ok=1206 frags_fail=0 qdepth=4 parity_tx=0

2026-07-27 00:30:48,420 INFO image_tx_daemon: frame seq=191 done: 2 fragments ok

RFCO_PERTX during TX wait: profile_id=2 tx_status=0x00(OK) hop_idx=0 channel_idx=0 epoch=0 freq_hz=0 pkt_toa_us=99904 legal_dwell_used_us_10s=0

RFCO_PERTX during TX wait: profile_id=2 tx_status=0x00(OK) hop_idx=0 channel_idx=0 epoch=0 freq_hz=0 pkt_toa_us=99904 legal_dwell_used_us_10s=0

RFCO_PERTX during TX wait: profile_id=2 tx_status=0x00(OK) hop_idx=0 channel_idx=0 epoch=0 freq_hz=0 pkt_toa_us=99904 legal_dwell_used_us_10s=0

RFCO_PERTX during TX wait: profile_id=2 tx_status=0x00(OK) hop_idx=0 channel_idx=0 epoch=0 freq_hz=0 pkt_toa_us=16704 legal_dwell_used_us_10s=0

2026-07-27 00:30:48,850 INFO image_tx_daemon: frame seq=195 done: 4 fragments ok

RFCO_PERTX during TX wait: profile_id=2 tx_status=0x00(OK) hop_idx=0 channel_idx=0 epoch=0 freq_hz=0 pkt_toa_us=99904 legal_dwell_used_us_10s=0

RFCO_PERTX during TX wait: profile_id=2 tx_status=0x00(OK) hop_idx=0 channel_idx=0 epoch=0 freq_hz=0 pkt_toa_us=99904 legal_dwell_used_us_10s=0

RFCO_PERTX during TX wait: profile_id=2 tx_status=0x00(OK) hop_idx=0 channel_idx=0 epoch=0 freq_hz=0 pkt_toa_us=99904 legal_dwell_used_us_10s=0

RFCO_PERTX during TX wait: profile_id=2 tx_status=0x00(OK) hop_idx=0 channel_idx=0 epoch=0 freq_hz=0 pkt_toa_us=16704 legal_dwell_used_us_10s=0

2026-07-27 00:30:49,279 INFO image_tx_daemon: frame seq=198 done: 4 fragments ok

RFCO_PERTX during TX wait: profile_id=2 tx_status=0x00(OK) hop_idx=0 channel_idx=0 epoch=0 freq_hz=0 pkt_toa_us=99904 legal_dwell_used_us_10s=0

2026-07-27 00:30:49,408 INFO image_tx_daemon: frame seq=206 done: 1 fragments ok

RFCO_PERTX during TX wait: profile_id=2 tx_status=0x00(OK) hop_idx=0 channel_idx=0 epoch=0 freq_hz=0 pkt_toa_us=99904 legal_dwell_used_us_10s=0

RFCO_PERTX during TX wait: profile_id=2 tx_status=0x00(OK) hop_idx=0 channel_idx=0 epoch=0 freq_hz=0 pkt_toa_us=11584 legal_dwell_used_us_10s=0

2026-07-27 00:30:49,570 INFO image_tx_daemon: frame seq=213 done: 2 fragments ok

RFCO_PERTX during TX wait: profile_id=2 tx_status=0x00(OK) hop_idx=0 channel_idx=0 epoch=0 freq_hz=0 pkt_toa_us=99904 legal_dwell_used_us_10s=0

RFCO_PERTX during TX wait: profile_id=2 tx_status=0x00(OK) hop_idx=0 channel_idx=0 epoch=0 freq_hz=0 pkt_toa_us=99904 legal_dwell_used_us_10s=0

RFCO_PERTX during TX wait: profile_id=2 tx_status=0x00(OK) hop_idx=0 channel_idx=0 epoch=0 freq_hz=0 pkt_toa_us=97344 legal_dwell_used_us_10s=0

2026-07-27 00:30:49,966 INFO image_tx_daemon: frame seq=218 done: 3 fragments ok

RFCO_PERTX during TX wait: profile_id=2 tx_status=0x00(OK) hop_idx=0 channel_idx=0 epoch=0 freq_hz=0 pkt_toa_us=99904 legal_dwell_used_us_10s=0

RFCO_PERTX during TX wait: profile_id=2 tx_status=0x00(OK) hop_idx=0 channel_idx=0 epoch=0 freq_hz=0 pkt_toa_us=99904 legal_dwell_used_us_10s=0

RFCO_PERTX during TX wait: profile_id=2 tx_status=0x00(OK) hop_idx=0 channel_idx=0 epoch=0 freq_hz=0 pkt_toa_us=98624 legal_dwell_used_us_10s=0

2026-07-27 00:30:50,352 INFO image_tx_daemon: frame seq=221 done: 3 fragments ok

RFCO_PERTX during TX wait: profile_id=2 tx_status=0x00(OK) hop_idx=0 channel_idx=0 epoch=0 freq_hz=0 pkt_toa_us=99904 legal_dwell_used_us_10s=0

RFCO_PERTX during TX wait: profile_id=2 tx_status=0x00(OK) hop_idx=0 channel_idx=0 epoch=0 freq_hz=0 pkt_toa_us=99904 legal_dwell_used_us_10s=0

RFCO_PERTX during TX wait: profile_id=2 tx_status=0x00(OK) hop_idx=0 channel_idx=0 epoch=0 freq_hz=0 pkt_toa_us=12864 legal_dwell_used_us_10s=0

2026-07-27 00:30:50,643 INFO image_tx_daemon: frame seq=228 done: 3 fragments ok

RFCO_PERTX during TX wait: profile_id=2 tx_status=0x00(OK) hop_idx=0 channel_idx=0 epoch=0 freq_hz=0 pkt_toa_us=99904 legal_dwell_used_us_10s=0

RFCO_PERTX during TX wait: profile_id=2 tx_status=0x00(OK) hop_idx=0 channel_idx=0 epoch=0 freq_hz=0 pkt_toa_us=11584 legal_dwell_used_us_10s=0

2026-07-27 00:30:50,805 INFO image_tx_daemon: frame seq=235 done: 2 fragments ok

RFCO_PERTX during TX wait: profile_id=2 tx_status=0x00(OK) hop_idx=0 channel_idx=0 epoch=0 freq_hz=0 pkt_toa_us=99904 legal_dwell_used_us_10s=0

RFCO_PERTX during TX wait: profile_id=2 tx_status=0x00(OK) hop_idx=0 channel_idx=0 epoch=0 freq_hz=0 pkt_toa_us=99904 legal_dwell_used_us_10s=0

RFCO_PERTX during TX wait: profile_id=2 tx_status=0x00(OK) hop_idx=0 channel_idx=0 epoch=0 freq_hz=0 pkt_toa_us=12864 legal_dwell_used_us_10s=0

2026-07-27 00:30:51,095 INFO image_tx_daemon: frame seq=243 done: 3 fragments ok

RFCO_PERTX during TX wait: profile_id=2 tx_status=0x00(OK) hop_idx=0 channel_idx=0 epoch=0 freq_hz=0 pkt_toa_us=99904 legal_dwell_used_us_10s=0

2026-07-27 00:30:51,224 INFO image_tx_daemon: LoRa cmd: PROBE seq=178 phase_ms=0 (rx#27)

RFCO_PERTX during TX wait: profile_id=2 tx_status=0x00(OK) hop_idx=0 channel_idx=0 epoch=0 freq_hz=0 pkt_toa_us=11584 legal_dwell_used_us_10s=0

2026-07-27 00:30:51,269 INFO image_tx_daemon: frame seq=245 done: 2 fragments ok

RFCO_PERTX during TX wait: profile_id=2 tx_status=0x00(OK) hop_idx=0 channel_idx=0 epoch=0 freq_hz=0 pkt_toa_us=11584 legal_dwell_used_us_10s=0

RFCO_PERTX during TX wait: profile_id=2 tx_status=0x00(OK) hop_idx=0 channel_idx=0 epoch=0 freq_hz=0 pkt_toa_us=11584 legal_dwell_used_us_10s=0

RFCO_PERTX during TX wait: profile_id=2 tx_status=0x00(OK) hop_idx=0 channel_idx=0 epoch=0 freq_hz=0 pkt_toa_us=96064 legal_dwell_used_us_10s=0

2026-07-27 00:30:51,458 INFO image_tx_daemon: frame seq=254 done: 1 fragments ok

RFCO_PERTX during TX wait: profile_id=2 tx_status=0x00(OK) hop_idx=0 channel_idx=0 epoch=0 freq_hz=0 pkt_toa_us=99904 legal_dwell_used_us_10s=0

RFCO_PERTX during TX wait: profile_id=2 tx_status=0x00(OK) hop_idx=0 channel_idx=0 epoch=0 freq_hz=0 pkt_toa_us=11584 legal_dwell_used_us_10s=0

2026-07-27 00:30:51,620 INFO image_tx_daemon: frame seq=255 done: 2 fragments ok

RFCO_PERTX during TX wait: profile_id=2 tx_status=0x00(OK) hop_idx=0 channel_idx=0 epoch=0 freq_hz=0 pkt_toa_us=99904 legal_dwell_used_us_10s=0

RFCO_PERTX during TX wait: profile_id=2 tx_status=0x00(OK) hop_idx=0 channel_idx=0 epoch=0 freq_hz=0 pkt_toa_us=99904 legal_dwell_used_us_10s=0

RFCO_PERTX during TX wait: profile_id=2 tx_status=0x00(OK) hop_idx=0 channel_idx=0 epoch=0 freq_hz=0 pkt_toa_us=99904 legal_dwell_used_us_10s=0

RFCO_PERTX during TX wait: profile_id=2 tx_status=0x00(OK) hop_idx=0 channel_idx=0 epoch=0 freq_hz=0 pkt_toa_us=16704 legal_dwell_used_us_10s=0

2026-07-27 00:30:52,050 INFO image_tx_daemon: frame seq=3 done: 4 fragments ok

RFCO_PERTX during TX wait: profile_id=2 tx_status=0x00(OK) hop_idx=0 channel_idx=0 epoch=0 freq_hz=0 pkt_toa_us=99904 legal_dwell_used_us_10s=0

RFCO_PERTX during TX wait: profile_id=2 tx_status=0x00(OK) hop_idx=0 channel_idx=0 epoch=0 freq_hz=0 pkt_toa_us=99904 legal_dwell_used_us_10s=0

RFCO_PERTX during TX wait: profile_id=2 tx_status=0x00(OK) hop_idx=0 channel_idx=0 epoch=0 freq_hz=0 pkt_toa_us=99904 legal_dwell_used_us_10s=0

RFCO_PERTX during TX wait: profile_id=2 tx_status=0x00(OK) hop_idx=0 channel_idx=0 epoch=0 freq_hz=0 pkt_toa_us=16704 legal_dwell_used_us_10s=0

2026-07-27 00:30:52,489 INFO image_tx_daemon: frame seq=6 done: 4 fragments ok

RFCO_PERTX during TX wait: profile_id=2 tx_status=0x00(OK) hop_idx=0 channel_idx=0 epoch=0 freq_hz=0 pkt_toa_us=99904 legal_dwell_used_us_10s=0

2026-07-27 00:30:52,619 INFO image_tx_daemon: frame seq=14 done: 1 fragments ok

RFCO_PERTX during TX wait: profile_id=2 tx_status=0x00(OK) hop_idx=0 channel_idx=0 epoch=0 freq_hz=0 pkt_toa_us=99904 legal_dwell_used_us_10s=0

RFCO_PERTX during TX wait: profile_id=2 tx_status=0x00(OK) hop_idx=0 channel_idx=0 epoch=0 freq_hz=0 pkt_toa_us=11584 legal_dwell_used_us_10s=0

2026-07-27 00:30:52,781 INFO image_tx_daemon: frame seq=21 done: 2 fragments ok

RFCO_PERTX during TX wait: profile_id=2 tx_status=0x00(OK) hop_idx=0 channel_idx=0 epoch=0 freq_hz=0 pkt_toa_us=99904 legal_dwell_used_us_10s=0

RFCO_PERTX during TX wait: profile_id=2 tx_status=0x00(OK) hop_idx=0 channel_idx=0 epoch=0 freq_hz=0 pkt_toa_us=99904 legal_dwell_used_us_10s=0

RFCO_PERTX during TX wait: profile_id=2 tx_status=0x00(OK) hop_idx=0 channel_idx=0 epoch=0 freq_hz=0 pkt_toa_us=96064 legal_dwell_used_us_10s=0

2026-07-27 00:30:53,169 INFO image_tx_daemon: frame seq=27 done: 3 fragments ok

RFCO_PERTX during TX wait: profile_id=2 tx_status=0x00(OK) hop_idx=0 channel_idx=0 epoch=0 freq_hz=0 pkt_toa_us=99904 legal_dwell_used_us_10s=0

RFCO_PERTX during TX wait: profile_id=2 tx_status=0x00(OK) hop_idx=0 channel_idx=0 epoch=0 freq_hz=0 pkt_toa_us=99904 legal_dwell_used_us_10s=0

2026-07-27 00:30:53,427 INFO image_tx_daemon: frame seq=30 done: 2 fragments ok

RFCO_PERTX during TX wait: profile_id=2 tx_status=0x00(OK) hop_idx=0 channel_idx=0 epoch=0 freq_hz=0 pkt_toa_us=99904 legal_dwell_used_us_10s=0

RFCO_PERTX during TX wait: profile_id=2 tx_status=0x00(OK) hop_idx=0 channel_idx=0 epoch=0 freq_hz=0 pkt_toa_us=99904 legal_dwell_used_us_10s=0

RFCO_PERTX during TX wait: profile_id=2 tx_status=0x00(OK) hop_idx=0 channel_idx=0 epoch=0 freq_hz=0 pkt_toa_us=99904 legal_dwell_used_us_10s=0

RFCO_PERTX during TX wait: profile_id=2 tx_status=0x00(OK) hop_idx=0 channel_idx=0 epoch=0 freq_hz=0 pkt_toa_us=17984 legal_dwell_used_us_10s=0

2026-07-27 00:30:53,867 INFO image_tx_daemon: frame seq=35 done: 4 fragments ok

RFCO_PERTX during TX wait: profile_id=2 tx_status=0x00(OK) hop_idx=0 channel_idx=0 epoch=0 freq_hz=0 pkt_toa_us=99904 legal_dwell_used_us_10s=0

RFCO_PERTX during TX wait: profile_id=2 tx_status=0x00(OK) hop_idx=0 channel_idx=0 epoch=0 freq_hz=0 pkt_toa_us=99904 legal_dwell_used_us_10s=0

RFCO_PERTX during TX wait: profile_id=2 tx_status=0x00(OK) hop_idx=0 channel_idx=0 epoch=0 freq_hz=0 pkt_toa_us=99904 legal_dwell_used_us_10s=0

RFCO_PERTX during TX wait: profile_id=2 tx_status=0x00(OK) hop_idx=0 channel_idx=0 epoch=0 freq_hz=0 pkt_toa_us=12864 legal_dwell_used_us_10s=0

2026-07-27 00:30:54,286 INFO image_tx_daemon: frame seq=42 done: 4 fragments ok

RFCO_PERTX during TX wait: profile_id=2 tx_status=0x00(OK) hop_idx=0 channel_idx=0 epoch=0 freq_hz=0 pkt_toa_us=99904 legal_dwell_used_us_10s=0

RFCO_PERTX during TX wait: profile_id=2 tx_status=0x00(OK) hop_idx=0 channel_idx=0 epoch=0 freq_hz=0 pkt_toa_us=99904 legal_dwell_used_us_10s=0

RFCO_PERTX during TX wait: profile_id=2 tx_status=0x00(OK) hop_idx=0 channel_idx=0 epoch=0 freq_hz=0 pkt_toa_us=97344 legal_dwell_used_us_10s=0

2026-07-27 00:30:54,672 INFO image_tx_daemon: frame seq=50 done: 3 fragments ok

RFCO_PERTX during TX wait: profile_id=2 tx_status=0x00(OK) hop_idx=0 channel_idx=0 epoch=0 freq_hz=0 pkt_toa_us=99904 legal_dwell_used_us_10s=0

RFCO_PERTX during TX wait: profile_id=2 tx_status=0x00(OK) hop_idx=0 channel_idx=0 epoch=0 freq_hz=0 pkt_toa_us=99904 legal_dwell_used_us_10s=0

RFCO_PERTX during TX wait: profile_id=2 tx_status=0x00(OK) hop_idx=0 channel_idx=0 epoch=0 freq_hz=0 pkt_toa_us=12864 legal_dwell_used_us_10s=0

2026-07-27 00:30:54,963 INFO image_tx_daemon: frame seq=59 done: 3 fragments ok

RFCO_PERTX during TX wait: profile_id=2 tx_status=0x00(OK) hop_idx=0 channel_idx=0 epoch=0 freq_hz=0 pkt_toa_us=99904 legal_dwell_used_us_10s=0

RFCO_PERTX during TX wait: profile_id=2 tx_status=0x00(OK) hop_idx=0 channel_idx=0 epoch=0 freq_hz=0 pkt_toa_us=12864 legal_dwell_used_us_10s=0

2026-07-27 00:30:55,125 INFO image_tx_daemon: frame seq=65 done: 2 fragments ok

RFCO_PERTX during TX wait: profile_id=2 tx_status=0x00(OK) hop_idx=0 channel_idx=0 epoch=0 freq_hz=0 pkt_toa_us=98624 legal_dwell_used_us_10s=0

2026-07-27 00:30:55,254 INFO image_tx_daemon: frame seq=74 done: 1 fragments ok

RFCO_PERTX during TX wait: profile_id=2 tx_status=0x00(OK) hop_idx=0 channel_idx=0 epoch=0 freq_hz=0 pkt_toa_us=99904 legal_dwell_used_us_10s=0

RFCO_PERTX during TX wait: profile_id=2 tx_status=0x00(OK) hop_idx=0 channel_idx=0 epoch=0 freq_hz=0 pkt_toa_us=11584 legal_dwell_used_us_10s=0

2026-07-27 00:30:55,416 INFO image_tx_daemon: frame seq=75 done: 2 fragments ok

RFCO_PERTX during TX wait: profile_id=2 tx_status=0x00(OK) hop_idx=0 channel_idx=0 epoch=0 freq_hz=0 pkt_toa_us=99904 legal_dwell_used_us_10s=0

RFCO_PERTX during TX wait: profile_id=2 tx_status=0x00(OK) hop_idx=0 channel_idx=0 epoch=0 freq_hz=0 pkt_toa_us=99904 legal_dwell_used_us_10s=0

RFCO_PERTX during TX wait: profile_id=2 tx_status=0x00(OK) hop_idx=0 channel_idx=0 epoch=0 freq_hz=0 pkt_toa_us=99904 legal_dwell_used_us_10s=0

RFCO_PERTX during TX wait: profile_id=2 tx_status=0x00(OK) hop_idx=0 channel_idx=0 epoch=0 freq_hz=0 pkt_toa_us=12864 legal_dwell_used_us_10s=0

2026-07-27 00:30:55,835 INFO image_tx_daemon: frame seq=79 done: 4 fragments ok

RFCO_PERTX during TX wait: profile_id=2 tx_status=0x00(OK) hop_idx=0 channel_idx=0 epoch=0 freq_hz=0 pkt_toa_us=99904 legal_dwell_used_us_10s=0

RFCO_PERTX during TX wait: profile_id=2 tx_status=0x00(OK) hop_idx=0 channel_idx=0 epoch=0 freq_hz=0 pkt_toa_us=99904 legal_dwell_used_us_10s=0

RFCO_PERTX during TX wait: profile_id=2 tx_status=0x00(OK) hop_idx=0 channel_idx=0 epoch=0 freq_hz=0 pkt_toa_us=99904 legal_dwell_used_us_10s=0

RFCO_PERTX during TX wait: profile_id=2 tx_status=0x00(OK) hop_idx=0 channel_idx=0 epoch=0 freq_hz=0 pkt_toa_us=12864 legal_dwell_used_us_10s=0

2026-07-27 00:30:56,254 INFO image_tx_daemon: frame seq=82 done: 4 fragments ok

RFCO_PERTX during TX wait: profile_id=2 tx_status=0x00(OK) hop_idx=0 channel_idx=0 epoch=0 freq_hz=0 pkt_toa_us=99904 legal_dwell_used_us_10s=0

RFCO_PERTX during TX wait: profile_id=2 tx_status=0x00(OK) hop_idx=0 channel_idx=0 epoch=0 freq_hz=0 pkt_toa_us=96064 legal_dwell_used_us_10s=0

2026-07-27 00:30:56,512 INFO image_tx_daemon: frame seq=90 done: 2 fragments ok

RFCO_PERTX during TX wait: profile_id=2 tx_status=0x00(OK) hop_idx=0 channel_idx=0 epoch=0 freq_hz=0 pkt_toa_us=99904 legal_dwell_used_us_10s=0

RFCO_PERTX during TX wait: profile_id=2 tx_status=0x00(OK) hop_idx=0 channel_idx=0 epoch=0 freq_hz=0 pkt_toa_us=12864 legal_dwell_used_us_10s=0

2026-07-27 00:30:56,674 INFO image_tx_daemon: frame seq=97 done: 2 fragments ok

RFCO_PERTX during TX wait: profile_id=2 tx_status=0x00(OK) hop_idx=0 channel_idx=0 epoch=0 freq_hz=0 pkt_toa_us=99904 legal_dwell_used_us_10s=0

RFCO_PERTX during TX wait: profile_id=2 tx_status=0x00(OK) hop_idx=0 channel_idx=0 epoch=0 freq_hz=0 pkt_toa_us=99904 legal_dwell_used_us_10s=0

RFCO_PERTX during TX wait: profile_id=2 tx_status=0x00(OK) hop_idx=0 channel_idx=0 epoch=0 freq_hz=0 pkt_toa_us=14144 legal_dwell_used_us_10s=0

2026-07-27 00:30:56,965 INFO image_tx_daemon: frame seq=105 done: 3 fragments ok

RFCO_PERTX during TX wait: profile_id=2 tx_status=0x00(OK) hop_idx=0 channel_idx=0 epoch=0 freq_hz=0 pkt_toa_us=99904 legal_dwell_used_us_10s=0

RFCO_PERTX during TX wait: profile_id=2 tx_status=0x00(OK) hop_idx=0 channel_idx=0 epoch=0 freq_hz=0 pkt_toa_us=11584 legal_dwell_used_us_10s=0

2026-07-27 00:30:57,127 INFO image_tx_daemon: frame seq=107 done: 2 fragments ok

RFCO_PERTX during TX wait: profile_id=2 tx_status=0x00(OK) hop_idx=0 channel_idx=0 epoch=0 freq_hz=0 pkt_toa_us=99904 legal_dwell_used_us_10s=0

RFCO_PERTX during TX wait: profile_id=2 tx_status=0x00(OK) hop_idx=0 channel_idx=0 epoch=0 freq_hz=0 pkt_toa_us=99904 legal_dwell_used_us_10s=0

RFCO_PERTX during TX wait: profile_id=2 tx_status=0x00(OK) hop_idx=0 channel_idx=0 epoch=0 freq_hz=0 pkt_toa_us=99904 legal_dwell_used_us_10s=0

RFCO_PERTX during TX wait: profile_id=2 tx_status=0x00(OK) hop_idx=0 channel_idx=0 epoch=0 freq_hz=0 pkt_toa_us=12864 legal_dwell_used_us_10s=0

2026-07-27 00:30:57,546 INFO image_tx_daemon: frame seq=114 done: 4 fragments ok

RFCO_PERTX during TX wait: profile_id=2 tx_status=0x00(OK) hop_idx=0 channel_idx=0 epoch=0 freq_hz=0 pkt_toa_us=99904 legal_dwell_used_us_10s=0

2026-07-27 00:30:57,665 INFO image_tx_daemon: LoRa cmd: PROBE seq=187 phase_ms=0 (rx#28)

RFCO_PERTX during TX wait: profile_id=2 tx_status=0x00(OK) hop_idx=0 channel_idx=0 epoch=0 freq_hz=0 pkt_toa_us=11584 legal_dwell_used_us_10s=0

2026-07-27 00:30:57,710 INFO image_tx_daemon: frame seq=117 done: 2 fragments ok

RFCO_PERTX during TX wait: profile_id=2 tx_status=0x00(OK) hop_idx=0 channel_idx=0 epoch=0 freq_hz=0 pkt_toa_us=11584 legal_dwell_used_us_10s=0

RFCO_PERTX during TX wait: profile_id=2 tx_status=0x00(OK) hop_idx=0 channel_idx=0 epoch=0 freq_hz=0 pkt_toa_us=11584 legal_dwell_used_us_10s=0

RFCO_PERTX during TX wait: profile_id=2 tx_status=0x00(OK) hop_idx=0 channel_idx=0 epoch=0 freq_hz=0 pkt_toa_us=96064 legal_dwell_used_us_10s=0

2026-07-27 00:30:57,894 INFO image_tx_daemon: frame seq=126 done: 1 fragments ok

RFCO_PERTX during TX wait: profile_id=2 tx_status=0x00(OK) hop_idx=0 channel_idx=0 epoch=0 freq_hz=0 pkt_toa_us=99904 legal_dwell_used_us_10s=0

RFCO_PERTX during TX wait: profile_id=2 tx_status=0x00(OK) hop_idx=0 channel_idx=0 epoch=0 freq_hz=0 pkt_toa_us=11584 legal_dwell_used_us_10s=0

2026-07-27 00:30:58,056 INFO image_tx_daemon: frame seq=127 done: 2 fragments ok

RFCO_PERTX during TX wait: profile_id=2 tx_status=0x00(OK) hop_idx=0 channel_idx=0 epoch=0 freq_hz=0 pkt_toa_us=99904 legal_dwell_used_us_10s=0

RFCO_PERTX during TX wait: profile_id=2 tx_status=0x00(OK) hop_idx=0 channel_idx=0 epoch=0 freq_hz=0 pkt_toa_us=99904 legal_dwell_used_us_10s=0

2026-07-27 00:30:58,426 INFO image_tx_daemon: stats: goodput=1721.7 B/s util=72% pipeline=v2 frames_in=2703 ok=466 fail=0 drop_full=1767 drop_stale=0 frags_ok=1299 frags_fail=0 qdepth=4 parity_tx=0

RFCO_PERTX during TX wait: profile_id=2 tx_status=0x00(OK) hop_idx=0 channel_idx=0 epoch=0 freq_hz=0 pkt_toa_us=99904 legal_dwell_used_us_10s=0

RFCO_PERTX during TX wait: profile_id=2 tx_status=0x00(OK) hop_idx=0 channel_idx=0 epoch=0 freq_hz=0 pkt_toa_us=16704 legal_dwell_used_us_10s=0

2026-07-27 00:30:58,490 INFO image_tx_daemon: frame seq=132 done: 4 fragments ok

RFCO_PERTX during TX wait: profile_id=2 tx_status=0x00(OK) hop_idx=0 channel_idx=0 epoch=0 freq_hz=0 pkt_toa_us=99904 legal_dwell_used_us_10s=0

RFCO_PERTX during TX wait: profile_id=2 tx_status=0x00(OK) hop_idx=0 channel_idx=0 epoch=0 freq_hz=0 pkt_toa_us=99904 legal_dwell_used_us_10s=0

RFCO_PERTX during TX wait: profile_id=2 tx_status=0x00(OK) hop_idx=0 channel_idx=0 epoch=0 freq_hz=0 pkt_toa_us=99904 legal_dwell_used_us_10s=0

RFCO_PERTX during TX wait: profile_id=2 tx_status=0x00(OK) hop_idx=0 channel_idx=0 epoch=0 freq_hz=0 pkt_toa_us=17984 legal_dwell_used_us_10s=0

2026-07-27 00:30:58,919 INFO image_tx_daemon: frame seq=135 done: 4 fragments ok

RFCO_PERTX during TX wait: profile_id=2 tx_status=0x00(OK) hop_idx=0 channel_idx=0 epoch=0 freq_hz=0 pkt_toa_us=98624 legal_dwell_used_us_10s=0

2026-07-27 00:30:59,048 INFO image_tx_daemon: frame seq=143 done: 1 fragments ok

RFCO_PERTX during TX wait: profile_id=2 tx_status=0x00(OK) hop_idx=0 channel_idx=0 epoch=0 freq_hz=0 pkt_toa_us=99904 legal_dwell_used_us_10s=0

RFCO_PERTX during TX wait: profile_id=2 tx_status=0x00(OK) hop_idx=0 channel_idx=0 epoch=0 freq_hz=0 pkt_toa_us=11584 legal_dwell_used_us_10s=0

2026-07-27 00:30:59,210 INFO image_tx_daemon: frame seq=149 done: 2 fragments ok

RFCO_PERTX during TX wait: profile_id=2 tx_status=0x00(OK) hop_idx=0 channel_idx=0 epoch=0 freq_hz=0 pkt_toa_us=99904 legal_dwell_used_us_10s=0

RFCO_PERTX during TX wait: profile_id=2 tx_status=0x00(OK) hop_idx=0 channel_idx=0 epoch=0 freq_hz=0 pkt_toa_us=99904 legal_dwell_used_us_10s=0

RFCO_PERTX during TX wait: profile_id=2 tx_status=0x00(OK) hop_idx=0 channel_idx=0 epoch=0 freq_hz=0 pkt_toa_us=96064 legal_dwell_used_us_10s=0

2026-07-27 00:30:59,596 INFO image_tx_daemon: frame seq=155 done: 3 fragments ok

RFCO_PERTX during TX wait: profile_id=2 tx_status=0x00(OK) hop_idx=0 channel_idx=0 epoch=0 freq_hz=0 pkt_toa_us=99904 legal_dwell_used_us_10s=0

RFCO_PERTX during TX wait: profile_id=2 tx_status=0x00(OK) hop_idx=0 channel_idx=0 epoch=0 freq_hz=0 pkt_toa_us=99904 legal_dwell_used_us_10s=0

2026-07-27 00:30:59,854 INFO image_tx_daemon: frame seq=158 done: 2 fragments ok

RFCO_PERTX during TX wait: profile_id=2 tx_status=0x00(OK) hop_idx=0 channel_idx=0 epoch=0 freq_hz=0 pkt_toa_us=99904 legal_dwell_used_us_10s=0

RFCO_PERTX during TX wait: profile_id=2 tx_status=0x00(OK) hop_idx=0 channel_idx=0 epoch=0 freq_hz=0 pkt_toa_us=99904 legal_dwell_used_us_10s=0

RFCO_PERTX during TX wait: profile_id=2 tx_status=0x00(OK) hop_idx=0 channel_idx=0 epoch=0 freq_hz=0 pkt_toa_us=99904 legal_dwell_used_us_10s=0

RFCO_PERTX during TX wait: profile_id=2 tx_status=0x00(OK) hop_idx=0 channel_idx=0 epoch=0 freq_hz=0 pkt_toa_us=17984 legal_dwell_used_us_10s=0

2026-07-27 00:31:00,282 INFO image_tx_daemon: frame seq=164 done: 4 fragments ok

2026-07-27 00:31:00,283 INFO image_tx_daemon: batching: 749 frames in 276 trains so far (this train: 3 frames, 726 B)

RFCO_PERTX during TX wait: profile_id=2 tx_status=0x00(OK) hop_idx=0 channel_idx=0 epoch=0 freq_hz=0 pkt_toa_us=99904 legal_dwell_used_us_10s=0

RFCO_PERTX during TX wait: profile_id=2 tx_status=0x00(OK) hop_idx=0 channel_idx=0 epoch=0 freq_hz=0 pkt_toa_us=99904 legal_dwell_used_us_10s=0

RFCO_PERTX during TX wait: profile_id=2 tx_status=0x00(OK) hop_idx=0 channel_idx=0 epoch=0 freq_hz=0 pkt_toa_us=99904 legal_dwell_used_us_10s=0

RFCO_PERTX during TX wait: profile_id=2 tx_status=0x00(OK) hop_idx=0 channel_idx=0 epoch=0 freq_hz=0 pkt_toa_us=12864 legal_dwell_used_us_10s=0

2026-07-27 00:31:00,701 INFO image_tx_daemon: frame seq=170 done: 4 fragments ok

RFCO_PERTX during TX wait: profile_id=2 tx_status=0x00(OK) hop_idx=0 channel_idx=0 epoch=0 freq_hz=0 pkt_toa_us=99904 legal_dwell_used_us_10s=0

RFCO_PERTX during TX wait: profile_id=2 tx_status=0x00(OK) hop_idx=0 channel_idx=0 epoch=0 freq_hz=0 pkt_toa_us=99904 legal_dwell_used_us_10s=0

RFCO_PERTX during TX wait: profile_id=2 tx_status=0x00(OK) hop_idx=0 channel_idx=0 epoch=0 freq_hz=0 pkt_toa_us=98624 legal_dwell_used_us_10s=0

2026-07-27 00:31:01,087 INFO image_tx_daemon: frame seq=179 done: 3 fragments ok

RFCO_PERTX during TX wait: profile_id=2 tx_status=0x00(OK) hop_idx=0 channel_idx=0 epoch=0 freq_hz=0 pkt_toa_us=99904 legal_dwell_used_us_10s=0

RFCO_PERTX during TX wait: profile_id=2 tx_status=0x00(OK) hop_idx=0 channel_idx=0 epoch=0 freq_hz=0 pkt_toa_us=11584 legal_dwell_used_us_10s=0

2026-07-27 00:31:01,250 INFO image_tx_daemon: frame seq=187 done: 2 fragments ok

RFCO_PERTX during TX wait: profile_id=2 tx_status=0x00(OK) hop_idx=0 channel_idx=0 epoch=0 freq_hz=0 pkt_toa_us=99904 legal_dwell_used_us_10s=0

RFCO_PERTX during TX wait: profile_id=2 tx_status=0x00(OK) hop_idx=0 channel_idx=0 epoch=0 freq_hz=0 pkt_toa_us=12864 legal_dwell_used_us_10s=0

2026-07-27 00:31:01,412 INFO image_tx_daemon: frame seq=193 done: 2 fragments ok

RFCO_PERTX during TX wait: profile_id=2 tx_status=0x00(OK) hop_idx=0 channel_idx=0 epoch=0 freq_hz=0 pkt_toa_us=99904 legal_dwell_used_us_10s=0

RFCO_PERTX during TX wait: profile_id=2 tx_status=0x00(OK) hop_idx=0 channel_idx=0 epoch=0 freq_hz=0 pkt_toa_us=99904 legal_dwell_used_us_10s=0

RFCO_PERTX during TX wait: profile_id=2 tx_status=0x00(OK) hop_idx=0 channel_idx=0 epoch=0 freq_hz=0 pkt_toa_us=99904 legal_dwell_used_us_10s=0

RFCO_PERTX during TX wait: profile_id=2 tx_status=0x00(OK) hop_idx=0 channel_idx=0 epoch=0 freq_hz=0 pkt_toa_us=20544 legal_dwell_used_us_10s=0

2026-07-27 00:31:01,842 INFO image_tx_daemon: frame seq=199 done: 4 fragments ok

RFCO_PERTX during TX wait: profile_id=2 tx_status=0x00(OK) hop_idx=0 channel_idx=0 epoch=0 freq_hz=0 pkt_toa_us=99904 legal_dwell_used_us_10s=0

RFCO_PERTX during TX wait: profile_id=2 tx_status=0x00(OK) hop_idx=0 channel_idx=0 epoch=0 freq_hz=0 pkt_toa_us=99904 legal_dwell_used_us_10s=0

RFCO_PERTX during TX wait: profile_id=2 tx_status=0x00(OK) hop_idx=0 channel_idx=0 epoch=0 freq_hz=0 pkt_toa_us=99904 legal_dwell_used_us_10s=0

RFCO_PERTX during TX wait: profile_id=2 tx_status=0x00(OK) hop_idx=0 channel_idx=0 epoch=0 freq_hz=0 pkt_toa_us=12864 legal_dwell_used_us_10s=0

2026-07-27 00:31:02,260 INFO image_tx_daemon: frame seq=202 done: 4 fragments ok

RFCO_PERTX during TX wait: profile_id=2 tx_status=0x00(OK) hop_idx=0 channel_idx=0 epoch=0 freq_hz=0 pkt_toa_us=99904 legal_dwell_used_us_10s=0

RFCO_PERTX during TX wait: profile_id=2 tx_status=0x00(OK) hop_idx=0 channel_idx=0 epoch=0 freq_hz=0 pkt_toa_us=99904 legal_dwell_used_us_10s=0

RFCO_PERTX during TX wait: profile_id=2 tx_status=0x00(OK) hop_idx=0 channel_idx=0 epoch=0 freq_hz=0 pkt_toa_us=99904 legal_dwell_used_us_10s=0

RFCO_PERTX during TX wait: profile_id=2 tx_status=0x00(OK) hop_idx=0 channel_idx=0 epoch=0 freq_hz=0 pkt_toa_us=12864 legal_dwell_used_us_10s=0

2026-07-27 00:31:02,692 INFO image_tx_daemon: frame seq=210 done: 4 fragments ok

RFCO_PERTX during TX wait: profile_id=2 tx_status=0x00(OK) hop_idx=0 channel_idx=0 epoch=0 freq_hz=0 pkt_toa_us=94784 legal_dwell_used_us_10s=0

2026-07-27 00:31:02,821 INFO image_tx_daemon: frame seq=218 done: 1 fragments ok

RFCO_PERTX during TX wait: profile_id=2 tx_status=0x00(OK) hop_idx=0 channel_idx=0 epoch=0 freq_hz=0 pkt_toa_us=99904 legal_dwell_used_us_10s=0

RFCO_PERTX during TX wait: profile_id=2 tx_status=0x00(OK) hop_idx=0 channel_idx=0 epoch=0 freq_hz=0 pkt_toa_us=12864 legal_dwell_used_us_10s=0

2026-07-27 00:31:02,983 INFO image_tx_daemon: frame seq=225 done: 2 fragments ok

RFCO_PERTX during TX wait: profile_id=2 tx_status=0x00(OK) hop_idx=0 channel_idx=0 epoch=0 freq_hz=0 pkt_toa_us=99904 legal_dwell_used_us_10s=0

RFCO_PERTX during TX wait: profile_id=2 tx_status=0x00(OK) hop_idx=0 channel_idx=0 epoch=0 freq_hz=0 pkt_toa_us=99904 legal_dwell_used_us_10s=0

RFCO_PERTX during TX wait: profile_id=2 tx_status=0x00(OK) hop_idx=0 channel_idx=0 epoch=0 freq_hz=0 pkt_toa_us=99904 legal_dwell_used_us_10s=0

RFCO_PERTX during TX wait: profile_id=2 tx_status=0x00(OK) hop_idx=0 channel_idx=0 epoch=0 freq_hz=0 pkt_toa_us=20544 legal_dwell_used_us_10s=0

2026-07-27 00:31:03,416 INFO image_tx_daemon: frame seq=231 done: 4 fragments ok

RFCO_PERTX during TX wait: profile_id=2 tx_status=0x00(OK) hop_idx=0 channel_idx=0 epoch=0 freq_hz=0 pkt_toa_us=99904 legal_dwell_used_us_10s=0

2026-07-27 00:31:03,536 INFO image_tx_daemon: LoRa cmd: PROBE seq=195 phase_ms=0 (rx#29)

RFCO_PERTX during TX wait: profile_id=2 tx_status=0x00(OK) hop_idx=0 channel_idx=0 epoch=0 freq_hz=0 pkt_toa_us=99904 legal_dwell_used_us_10s=0

2026-07-27 00:31:03,678 INFO image_tx_daemon: frame seq=234 done: 2 fragments ok

RFCO_PERTX during TX wait: profile_id=2 tx_status=0x00(OK) hop_idx=0 channel_idx=0 epoch=0 freq_hz=0 pkt_toa_us=11584 legal_dwell_used_us_10s=0

RFCO_PERTX during TX wait: profile_id=2 tx_status=0x00(OK) hop_idx=0 channel_idx=0 epoch=0 freq_hz=0 pkt_toa_us=11584 legal_dwell_used_us_10s=0

RFCO_PERTX during TX wait: profile_id=2 tx_status=0x00(OK) hop_idx=0 channel_idx=0 epoch=0 freq_hz=0 pkt_toa_us=99904 legal_dwell_used_us_10s=0

RFCO_PERTX during TX wait: profile_id=2 tx_status=0x00(OK) hop_idx=0 channel_idx=0 epoch=0 freq_hz=0 pkt_toa_us=99904 legal_dwell_used_us_10s=0

RFCO_PERTX during TX wait: profile_id=2 tx_status=0x00(OK) hop_idx=0 channel_idx=0 epoch=0 freq_hz=0 pkt_toa_us=99904 legal_dwell_used_us_10s=0

RFCO_PERTX during TX wait: profile_id=2 tx_status=0x00(OK) hop_idx=0 channel_idx=0 epoch=0 freq_hz=0 pkt_toa_us=11584 legal_dwell_used_us_10s=0

2026-07-27 00:31:04,155 INFO image_tx_daemon: frame seq=240 done: 4 fragments ok

