2026-09-12 19:21:36,704 INFO image_rx_daemon: opening L072 HostLink on /dev/ttymxc3 @ 921600

2026-09-12 19:21:36,707 INFO image_rx_daemon: image_rx_daemon started; mqtt=127.0.0.1:1883 uart=/dev/ttymxc3

2026-09-12 19:21:36,710 INFO image_rx_daemon: ctrl MQTT connected (192.168.1.79)

2026-09-12 19:21:36,715 INFO image_rx_daemon: MQTT connected; ready to publish lifetrac/v25/video/tile_delta

2026-09-12 19:21:36,718 INFO image_rx_daemon: LIFETRAC_SKIP_RESET_REQ=1 — relying on external NRST; draining boot chatter only

2026-09-12 19:21:36,733 INFO image_rx_daemon: accepting first retained lifetrac/v25/control/radio_profile pin after start (restart convergence)

2026-09-12 19:21:37,160 INFO image_rx_daemon: L072 VER warm-up ok (attempt 1)

INFO: post-VER drain queued type=0xF1 seq=0

INFO: post-VER drain queued type=0xC1 seq=0

Initializing regulatory profile 2 on co-processor...

  FHSS mask: single channel 0 (0100000000000000)

CFG_SET_REQ(FHSS_CHANNEL_MASK) OK: 07000800

CFG_SET_REQ(ANTENNA_GAIN_DBI) OK: 15000100

CFG_SET_REQ(HW_CEILING_DBM) OK: 16000100

  FHSS seed: (0,0) legacy shared permutation [set LIFETRAC_FHSS_FARM_ID / LIFETRAC_FHSS_LINK_ID to separate pairs]

CFG_SET_REQ(FHSS_FARM_ID) OK: 17000800

CFG_SET_REQ(FHSS_NODE_ID) OK: 18000800

CFG_SET_REQ(REG_PROFILE=2) OK: 14000100

  forcing FRF -> 927.500 MHz (raw=0xE7E000 -> Msb=0xE7 Mid=0xE0 Lsb=0x00)

  FRF readback: 0xE7E000 = 927.500 MHz (OK)

2026-09-12 19:21:37,608 INFO image_rx_daemon: LBT_ENABLE=0 (command uplink shares the image channel)

PHY contract OK: image_bw500 == {'sf': 7, 'bw_khz': 500, 'cr_den': 5, 'preamble': 8}

2026-09-12 19:21:37,692 INFO image_rx_daemon: SX1276 RXCONT autowake: opmode 0x81 -> 0x85

2026-09-12 19:21:37,692 INFO image_rx_daemon: RX worker ready; draining RX_FRAME_URC...

2026-09-12 19:21:37,706 INFO image_rx_daemon: stats: rx_frames=0 rx_decode_err=0 frames_published=0 publish_err=0 reassembler_decode_err=0 reassembler_timeouts=0 parity_recon=0 idle_drain_deferred=0

2026-09-12 19:21:43,773 INFO image_rx_daemon: frag_arrival: seq=1 idx=0 total=1 fw_us=1157869107 len=184

2026-09-12 19:21:43,774 INFO image_rx_daemon: published frame_id=0 seq=1 180 B → lifetrac/v25/video/tile_delta

2026-09-12 19:21:43,964 INFO image_rx_daemon: frag_arrival: seq=2 idx=0 total=1 fw_us=1158060093 len=186

2026-09-12 19:21:43,966 INFO image_rx_daemon: published frame_id=0 seq=2 182 B → lifetrac/v25/video/tile_delta

2026-09-12 19:21:44,487 INFO image_rx_daemon: frag_arrival: seq=3 idx=0 total=1 fw_us=1158587946 len=184

2026-09-12 19:21:44,490 INFO image_rx_daemon: published frame_id=0 seq=3 180 B → lifetrac/v25/video/tile_delta

2026-09-12 19:21:45,020 INFO image_rx_daemon: frag_arrival: seq=4 idx=0 total=1 fw_us=1159129097 len=186

2026-09-12 19:21:45,021 INFO image_rx_daemon: published frame_id=0 seq=4 182 B → lifetrac/v25/video/tile_delta

RFCO_PERTX during TX wait: profile_id=2 tx_status=0x00(OK) hop_idx=0 channel_idx=0 epoch=0 freq_hz=0 pkt_toa_us=15424 legal_dwell_used_us_10s=0

2026-09-12 19:21:45,553 INFO image_rx_daemon: command TX opcode=0x6c copy=1/1 OK (on air)

2026-09-12 19:21:46,093 INFO image_rx_daemon: frag_arrival: seq=6 idx=0 total=1 fw_us=1160189979 len=188

2026-09-12 19:21:46,094 INFO image_rx_daemon: published frame_id=0 seq=6 184 B → lifetrac/v25/video/tile_delta

2026-09-12 19:21:46,610 INFO image_rx_daemon: frag_arrival: seq=7 idx=0 total=1 fw_us=1160713193 len=184

2026-09-12 19:21:46,611 INFO image_rx_daemon: published frame_id=0 seq=7 180 B → lifetrac/v25/video/tile_delta

2026-09-12 19:21:47,140 INFO image_rx_daemon: frag_arrival: seq=8 idx=0 total=1 fw_us=1161240175 len=182

2026-09-12 19:21:47,142 INFO image_rx_daemon: published frame_id=0 seq=8 178 B → lifetrac/v25/video/tile_delta

2026-09-12 19:21:47,689 INFO image_rx_daemon: frag_arrival: seq=9 idx=0 total=1 fw_us=1161784789 len=182

2026-09-12 19:21:47,690 INFO image_rx_daemon: published frame_id=0 seq=9 178 B → lifetrac/v25/video/tile_delta

2026-09-12 19:21:47,709 INFO image_rx_daemon: stats: rx_frames=8 rx_decode_err=0 frames_published=8 publish_err=0 reassembler_decode_err=0 reassembler_timeouts=0 parity_recon=0 idle_drain_deferred=0

2026-09-12 19:21:47,709 INFO image_rx_daemon: air_gap: n=7 dt_med=527853us dt_p95=1060882us len_med=184B cmd_tx_ok=1 cmd_tx_fail=0

2026-09-12 19:21:47,712 INFO image_rx_daemon: air_gap_hist(ms): <200:1 <1000:5 >=1000:1

2026-09-12 19:21:47,714 INFO image_rx_daemon: rx_rf: n_rssi=8 n_snr=8 rssi[min/med/max]=-70/-69/-69 snr[min/med/max]=5.0/6.0/6.0

2026-09-12 19:21:47,715 INFO image_rx_daemon: phase_telemetry: valid=8 invalid=0 pre_f8=0 last_epoch=0 last_hop=0 slot_off=[0..0]

2026-09-12 19:21:47,717 INFO image_rx_daemon: air_gap_by_class: boundary: n=7 med=527.9ms

2026-09-12 19:21:48,228 INFO image_rx_daemon: frag_arrival: seq=10 idx=0 total=1 fw_us=1162330375 len=182

2026-09-12 19:21:48,230 INFO image_rx_daemon: published frame_id=0 seq=10 178 B → lifetrac/v25/video/tile_delta

RFCO_PERTX during TX wait: profile_id=2 tx_status=0x00(OK) hop_idx=0 channel_idx=0 epoch=0 freq_hz=0 pkt_toa_us=15424 legal_dwell_used_us_10s=0

2026-09-12 19:21:48,516 INFO image_rx_daemon: command TX opcode=0x6c copy=1/1 OK (on air)

2026-09-12 19:21:48,776 INFO image_rx_daemon: frag_arrival: seq=11 idx=0 total=2 fw_us=1162882916 len=247

2026-09-12 19:21:48,977 INFO image_rx_daemon: frag_arrival: seq=11 idx=1 total=2 fw_us=1163072980 len=167

2026-09-12 19:21:48,978 INFO image_rx_daemon: published frame_id=0 seq=11 406 B → lifetrac/v25/video/tile_delta

2026-09-12 19:21:49,313 INFO image_rx_daemon: frag_arrival: seq=12 idx=0 total=2 fw_us=1163411773 len=247

2026-09-12 19:21:49,519 INFO image_rx_daemon: frag_arrival: seq=12 idx=1 total=2 fw_us=1163617515 len=207

2026-09-12 19:21:49,520 INFO image_rx_daemon: published frame_id=0 seq=12 446 B → lifetrac/v25/video/tile_delta

2026-09-12 19:21:49,817 INFO image_rx_daemon: frag_arrival: seq=13 idx=0 total=1 fw_us=1163910193 len=175

2026-09-12 19:21:49,820 INFO image_rx_daemon: published frame_id=0 seq=13 171 B → lifetrac/v25/video/tile_delta

2026-09-12 19:21:50,360 INFO image_rx_daemon: frag_arrival: seq=14 idx=0 total=1 fw_us=1164465574 len=225

2026-09-12 19:21:50,362 INFO image_rx_daemon: published frame_id=0 seq=14 221 B → lifetrac/v25/video/tile_delta

2026-09-12 19:21:50,930 INFO image_rx_daemon: frag_arrival: seq=15 idx=0 total=2 fw_us=1165024911 len=247

2026-09-12 19:21:51,131 INFO image_rx_daemon: frag_arrival: seq=15 idx=1 total=2 fw_us=1165237311 len=223

2026-09-12 19:21:51,132 INFO image_rx_daemon: published frame_id=0 seq=15 462 B → lifetrac/v25/video/tile_delta

2026-09-12 19:21:51,443 INFO image_rx_daemon: frag_arrival: seq=16 idx=0 total=1 fw_us=1165549463 len=239

2026-09-12 19:21:51,445 INFO image_rx_daemon: published frame_id=0 seq=16 235 B → lifetrac/v25/video/tile_delta

RFCO_PERTX during TX wait: profile_id=2 tx_status=0x00(OK) hop_idx=0 channel_idx=0 epoch=0 freq_hz=0 pkt_toa_us=15424 legal_dwell_used_us_10s=0

2026-09-12 19:21:51,478 INFO image_rx_daemon: command TX opcode=0x6c copy=1/1 OK (on air)

2026-09-12 19:21:51,972 INFO image_rx_daemon: frag_arrival: seq=17 idx=0 total=1 fw_us=1166080592 len=242

2026-09-12 19:21:51,973 INFO image_rx_daemon: published frame_id=0 seq=17 238 B → lifetrac/v25/video/tile_delta

RFCO_PERTX during TX wait: profile_id=2 tx_status=0x00(OK) hop_idx=0 channel_idx=0 epoch=0 freq_hz=0 pkt_toa_us=10304 legal_dwell_used_us_10s=0

2026-09-12 19:21:52,257 INFO image_rx_daemon: command TX opcode=0x60 copy=1/1 OK (on air)

2026-09-12 19:21:52,484 INFO image_rx_daemon: frag_arrival: seq=18 idx=0 total=1 fw_us=1166579113 len=169

2026-09-12 19:21:52,485 INFO image_rx_daemon: published frame_id=0 seq=18 165 B → lifetrac/v25/video/tile_delta

RFCO_PERTX during TX wait: profile_id=2 tx_status=0x00(OK) hop_idx=0 channel_idx=0 epoch=0 freq_hz=0 pkt_toa_us=10304 legal_dwell_used_us_10s=0

2026-09-12 19:21:52,765 INFO image_rx_daemon: command TX opcode=0x60 copy=1/1 OK (on air)

2026-09-12 19:21:53,039 INFO image_rx_daemon: frag_arrival: seq=19 idx=0 total=1 fw_us=1167140494 len=238

2026-09-12 19:21:53,039 INFO image_rx_daemon: cmd 0x60 CONVERGED after 2 attempts (1.0 s): keyframe received (UNVERIFIED delivery — keyframe may be encoder-initiated)

2026-09-12 19:21:53,041 INFO image_rx_daemon: published frame_id=0 seq=19 234 B → lifetrac/v25/video/tile_delta

2026-09-12 19:21:53,537 INFO image_rx_daemon: frag_arrival: seq=20 idx=0 total=1 fw_us=1167636141 len=153

2026-09-12 19:21:53,538 INFO image_rx_daemon: published frame_id=0 seq=20 149 B → lifetrac/v25/video/tile_delta

2026-09-12 19:21:54,098 INFO image_rx_daemon: frag_arrival: seq=21 idx=0 total=2 fw_us=1168192687 len=247

2026-09-12 19:21:54,323 INFO image_rx_daemon: frag_arrival: seq=21 idx=1 total=2 fw_us=1168421162 len=237

2026-09-12 19:21:54,325 INFO image_rx_daemon: published frame_id=0 seq=21 476 B → lifetrac/v25/video/tile_delta

RFCO_PERTX during TX wait: profile_id=2 tx_status=0x00(OK) hop_idx=0 channel_idx=0 epoch=0 freq_hz=0 pkt_toa_us=15424 legal_dwell_used_us_10s=0

2026-09-12 19:21:54,605 INFO image_rx_daemon: command TX opcode=0x6c copy=1/1 OK (on air)

2026-09-12 19:21:54,838 INFO image_rx_daemon: frag_arrival: seq=22 idx=1 total=2 fw_us=1168939928 len=225

2026-09-12 19:21:55,146 INFO image_rx_daemon: frag_arrival: seq=23 idx=0 total=2 fw_us=1169246910 len=247

2026-09-12 19:21:55,370 INFO image_rx_daemon: frag_arrival: seq=23 idx=1 total=2 fw_us=1169463765 len=209

2026-09-12 19:21:55,371 INFO image_rx_daemon: published frame_id=0 seq=23 448 B → lifetrac/v25/video/tile_delta

2026-09-12 19:21:55,689 INFO image_rx_daemon: frag_arrival: seq=24 idx=0 total=2 fw_us=1169799030 len=247

2026-09-12 19:21:55,921 INFO image_rx_daemon: frag_arrival: seq=24 idx=1 total=2 fw_us=1170018094 len=216

2026-09-12 19:21:55,922 INFO image_rx_daemon: published frame_id=0 seq=24 455 B → lifetrac/v25/video/tile_delta

2026-09-12 19:21:56,218 INFO image_rx_daemon: frag_arrival: seq=25 idx=0 total=2 fw_us=1170311642 len=247

2026-09-12 19:21:56,420 INFO image_rx_daemon: frag_arrival: seq=25 idx=1 total=2 fw_us=1170520331 len=212

2026-09-12 19:21:56,422 INFO image_rx_daemon: published frame_id=0 seq=25 451 B → lifetrac/v25/video/tile_delta

2026-09-12 19:21:56,741 INFO image_rx_daemon: frag_arrival: seq=26 idx=0 total=2 fw_us=1170835347 len=247

2026-09-12 19:21:56,922 INFO image_rx_daemon: frag_arrival: seq=26 idx=1 total=2 fw_us=1171020598 len=133

2026-09-12 19:21:56,925 INFO image_rx_daemon: published frame_id=0 seq=26 372 B → lifetrac/v25/video/tile_delta

2026-09-12 19:21:57,275 INFO image_rx_daemon: frag_arrival: seq=27 idx=0 total=2 fw_us=1171373422 len=247

2026-09-12 19:21:57,490 INFO image_rx_daemon: frag_arrival: seq=27 idx=1 total=2 fw_us=1171595093 len=244

2026-09-12 19:21:57,491 INFO image_rx_daemon: published frame_id=0 seq=27 483 B → lifetrac/v25/video/tile_delta

RFCO_PERTX during TX wait: profile_id=2 tx_status=0x00(OK) hop_idx=0 channel_idx=0 epoch=0 freq_hz=0 pkt_toa_us=15424 legal_dwell_used_us_10s=0

2026-09-12 19:21:57,519 INFO image_rx_daemon: command TX opcode=0x6c copy=1/1 OK (on air)

2026-09-12 19:21:57,721 INFO image_rx_daemon: stats: rx_frames=35 rx_decode_err=0 frames_published=25 publish_err=0 reassembler_decode_err=0 reassembler_timeouts=1 parity_recon=0 idle_drain_deferred=0

2026-09-12 19:21:57,723 INFO image_rx_daemon: air_gap: n=27 dt_med=315016us dt_p95=559337us len_med=237B cmd_tx_ok=7 cmd_tx_fail=0

2026-09-12 19:21:57,725 INFO image_rx_daemon: air_gap_hist(ms): <200:2 <400:15 <1000:10

2026-09-12 19:21:57,727 INFO image_rx_daemon: rx_rf: n_rssi=27 n_snr=27 rssi[min/med/max]=-70/-69/-69 snr[min/med/max]=5.0/6.0/6.0

2026-09-12 19:21:57,728 INFO image_rx_daemon: phase_telemetry: valid=27 invalid=0 pre_f8=0 last_epoch=0 last_hop=0 slot_off=[0..0]

2026-09-12 19:21:57,730 INFO image_rx_daemon: air_gap_by_class: seq: n=9 med=212.4ms | boundary: n=17 med=495.6ms | post_loss: n=1 med=518.8ms

2026-09-12 19:21:57,730 INFO image_rx_daemon: lost_frag_idx: n=1 idx0=1 (3.85% of idx0 arrivals) other=0 (0.00%) verdict=CLUSTERED-AT-0 | top 0:1

2026-09-12 19:21:57,794 INFO image_rx_daemon: frag_arrival: seq=28 idx=0 total=1 fw_us=1171893556 len=227

2026-09-12 19:21:57,795 INFO image_rx_daemon: published frame_id=0 seq=28 223 B → lifetrac/v25/video/tile_delta

2026-09-12 19:21:58,313 INFO image_rx_daemon: frag_arrival: seq=29 idx=0 total=1 fw_us=1172409784 len=203

2026-09-12 19:21:58,314 INFO image_rx_daemon: published frame_id=0 seq=29 199 B → lifetrac/v25/video/tile_delta

2026-09-12 19:21:58,849 INFO image_rx_daemon: frag_arrival: seq=30 idx=0 total=1 fw_us=1172943134 len=242

2026-09-12 19:21:58,850 INFO image_rx_daemon: published frame_id=0 seq=30 238 B → lifetrac/v25/video/tile_delta

2026-09-12 19:21:59,393 INFO image_rx_daemon: frag_arrival: seq=31 idx=0 total=2 fw_us=1173482455 len=247

2026-09-12 19:21:59,594 INFO image_rx_daemon: frag_arrival: seq=31 idx=1 total=2 fw_us=1173689177 len=185

2026-09-12 19:21:59,595 INFO image_rx_daemon: published frame_id=0 seq=31 424 B → lifetrac/v25/video/tile_delta

2026-09-12 19:21:59,913 INFO image_rx_daemon: frag_arrival: seq=32 idx=0 total=2 fw_us=1174008487 len=247

2026-09-12 19:22:00,106 INFO image_rx_daemon: frag_arrival: seq=32 idx=1 total=2 fw_us=1174208260 len=167

2026-09-12 19:22:00,108 INFO image_rx_daemon: published frame_id=0 seq=32 406 B → lifetrac/v25/video/tile_delta

2026-09-12 19:22:00,406 INFO image_rx_daemon: frag_arrival: seq=33 idx=0 total=2 fw_us=1174503514 len=247

2026-09-12 19:22:00,564 INFO image_rx_daemon: frag_arrival: seq=33 idx=1 total=2 fw_us=1174668226 len=107

2026-09-12 19:22:00,567 INFO image_rx_daemon: published frame_id=0 seq=33 346 B → lifetrac/v25/video/tile_delta

RFCO_PERTX during TX wait: profile_id=2 tx_status=0x00(OK) hop_idx=0 channel_idx=0 epoch=0 freq_hz=0 pkt_toa_us=15424 legal_dwell_used_us_10s=0

2026-09-12 19:22:00,598 INFO image_rx_daemon: command TX opcode=0x6c copy=1/1 OK (on air)

2026-09-12 19:22:00,913 INFO image_rx_daemon: frag_arrival: seq=34 idx=0 total=2 fw_us=1175003641 len=247

2026-09-12 19:22:01,116 INFO image_rx_daemon: frag_arrival: seq=34 idx=1 total=2 fw_us=1175222907 len=229

2026-09-12 19:22:01,117 INFO image_rx_daemon: published frame_id=0 seq=34 468 B → lifetrac/v25/video/tile_delta

2026-09-12 19:22:01,393 INFO image_rx_daemon: frag_arrival: seq=35 idx=0 total=2 fw_us=1175484339 len=247

2026-09-12 19:22:01,609 INFO image_rx_daemon: frag_arrival: seq=35 idx=1 total=2 fw_us=1175697082 len=222

2026-09-12 19:22:01,610 INFO image_rx_daemon: published frame_id=0 seq=35 461 B → lifetrac/v25/video/tile_delta

2026-09-12 19:22:01,923 INFO image_rx_daemon: frag_arrival: seq=36 idx=0 total=2 fw_us=1176011694 len=247

2026-09-12 19:22:02,145 INFO image_rx_daemon: frag_arrival: seq=36 idx=1 total=2 fw_us=1176245155 len=246

2026-09-12 19:22:02,147 INFO image_rx_daemon: published frame_id=0 seq=36 485 B → lifetrac/v25/video/tile_delta

2026-09-12 19:22:02,370 INFO image_rx_daemon: frag_arrival: seq=37 idx=0 total=2 fw_us=1176463768 len=247

2026-09-12 19:22:02,572 INFO image_rx_daemon: frag_arrival: seq=37 idx=1 total=2 fw_us=1176682174 len=238

2026-09-12 19:22:02,574 INFO image_rx_daemon: published frame_id=0 seq=37 477 B → lifetrac/v25/video/tile_delta

2026-09-12 19:22:02,870 INFO image_rx_daemon: frag_arrival: seq=38 idx=0 total=2 fw_us=1176962667 len=247

2026-09-12 19:22:03,074 INFO image_rx_daemon: frag_arrival: seq=38 idx=1 total=2 fw_us=1177167709 len=205

2026-09-12 19:22:03,075 INFO image_rx_daemon: published frame_id=0 seq=38 444 B → lifetrac/v25/video/tile_delta

2026-09-12 19:22:03,377 INFO image_rx_daemon: frag_arrival: seq=39 idx=0 total=2 fw_us=1177461912 len=247

2026-09-12 19:22:03,590 INFO image_rx_daemon: frag_arrival: seq=39 idx=1 total=2 fw_us=1177693006 len=245

2026-09-12 19:22:03,591 INFO image_rx_daemon: published frame_id=0 seq=39 484 B → lifetrac/v25/video/tile_delta

RFCO_PERTX during TX wait: profile_id=2 tx_status=0x00(OK) hop_idx=0 channel_idx=0 epoch=0 freq_hz=0 pkt_toa_us=15424 legal_dwell_used_us_10s=0

2026-09-12 19:22:03,615 INFO image_rx_daemon: command TX opcode=0x6c copy=1/1 OK (on air)

2026-09-12 19:22:03,893 INFO image_rx_daemon: frag_arrival: seq=40 idx=0 total=1 fw_us=1177983529 len=210

2026-09-12 19:22:03,894 INFO image_rx_daemon: published frame_id=0 seq=40 206 B → lifetrac/v25/video/tile_delta

2026-09-12 19:22:04,393 INFO image_rx_daemon: frag_arrival: seq=41 idx=0 total=2 fw_us=1178483419 len=247

2026-09-12 19:22:04,603 INFO image_rx_daemon: frag_arrival: seq=41 idx=1 total=2 fw_us=1178702939 len=212

2026-09-12 19:22:04,605 INFO image_rx_daemon: published frame_id=0 seq=41 451 B → lifetrac/v25/video/tile_delta

2026-09-12 19:22:04,867 INFO image_rx_daemon: frag_arrival: seq=42 idx=0 total=1 fw_us=1178967441 len=230

2026-09-12 19:22:04,868 INFO image_rx_daemon: published frame_id=0 seq=42 226 B → lifetrac/v25/video/tile_delta

2026-09-12 19:22:05,341 INFO image_rx_daemon: frag_arrival: seq=43 idx=0 total=1 fw_us=1179440561 len=175

2026-09-12 19:22:05,342 INFO image_rx_daemon: published frame_id=0 seq=43 171 B → lifetrac/v25/video/tile_delta

2026-09-12 19:22:05,856 INFO image_rx_daemon: frag_arrival: seq=44 idx=0 total=1 fw_us=1179951694 len=216

2026-09-12 19:22:05,858 INFO image_rx_daemon: published frame_id=0 seq=44 212 B → lifetrac/v25/video/tile_delta

2026-09-12 19:22:06,393 INFO image_rx_daemon: frag_arrival: seq=45 idx=0 total=1 fw_us=1180482170 len=223

2026-09-12 19:22:06,394 INFO image_rx_daemon: published frame_id=0 seq=45 219 B → lifetrac/v25/video/tile_delta

RFCO_PERTX during TX wait: profile_id=2 tx_status=0x00(OK) hop_idx=0 channel_idx=0 epoch=0 freq_hz=0 pkt_toa_us=15424 legal_dwell_used_us_10s=0

2026-09-12 19:22:06,684 INFO image_rx_daemon: command TX opcode=0x6c copy=1/1 OK (on air)

2026-09-12 19:22:06,861 INFO image_rx_daemon: frag_arrival: seq=46 idx=0 total=1 fw_us=1180961459 len=212

2026-09-12 19:22:06,862 INFO image_rx_daemon: published frame_id=0 seq=46 208 B → lifetrac/v25/video/tile_delta

RFCO_PERTX during TX wait: profile_id=2 tx_status=0x00(OK) hop_idx=0 channel_idx=0 epoch=0 freq_hz=0 pkt_toa_us=10304 legal_dwell_used_us_10s=0

2026-09-12 19:22:07,140 INFO image_rx_daemon: command TX opcode=0x60 copy=1/1 OK (on air)

2026-09-12 19:22:07,369 INFO image_rx_daemon: frag_arrival: seq=47 idx=0 total=1 fw_us=1181458953 len=210

2026-09-12 19:22:07,370 INFO image_rx_daemon: published frame_id=0 seq=47 206 B → lifetrac/v25/video/tile_delta

RFCO_PERTX during TX wait: profile_id=2 tx_status=0x00(OK) hop_idx=0 channel_idx=0 epoch=0 freq_hz=0 pkt_toa_us=10304 legal_dwell_used_us_10s=0

2026-09-12 19:22:07,649 INFO image_rx_daemon: command TX opcode=0x60 copy=1/1 OK (on air)

2026-09-12 19:22:07,733 INFO image_rx_daemon: stats: rx_frames=65 rx_decode_err=0 frames_published=45 publish_err=0 reassembler_decode_err=0 reassembler_timeouts=1 parity_recon=0 idle_drain_deferred=0

2026-09-12 19:22:07,735 INFO image_rx_daemon: air_gap: n=30 dt_med=294203us dt_p95=533350us len_med=230B cmd_tx_ok=12 cmd_tx_fail=0

2026-09-12 19:22:07,736 INFO image_rx_daemon: air_gap_hist(ms): <200:2 <400:19 <1000:9

2026-09-12 19:22:07,737 INFO image_rx_daemon: rx_rf: n_rssi=30 n_snr=30 rssi[min/med/max]=-70/-69/-69 snr[min/med/max]=5.0/6.0/6.0

2026-09-12 19:22:07,738 INFO image_rx_daemon: phase_telemetry: valid=30 invalid=0 pre_f8=0 last_epoch=0 last_hop=0 slot_off=[0..0]

2026-09-12 19:22:07,739 INFO image_rx_daemon: air_gap_by_class: seq: n=10 med=218.4ms | boundary: n=20 med=335.4ms

2026-09-12 19:22:07,852 INFO image_rx_daemon: frag_arrival: seq=48 idx=0 total=1 fw_us=1181949191 len=196

2026-09-12 19:22:07,852 INFO image_rx_daemon: cmd 0x60 CONVERGED after 2 attempts (0.8 s): keyframe received (UNVERIFIED delivery — keyframe may be encoder-initiated)

2026-09-12 19:22:07,853 INFO image_rx_daemon: published frame_id=0 seq=48 192 B → lifetrac/v25/video/tile_delta

2026-09-12 19:22:08,389 INFO image_rx_daemon: frag_arrival: seq=49 idx=0 total=1 fw_us=1182487724 len=228

2026-09-12 19:22:08,390 INFO image_rx_daemon: published frame_id=0 seq=49 224 B → lifetrac/v25/video/tile_delta

2026-09-12 19:22:08,889 INFO image_rx_daemon: frag_arrival: seq=50 idx=0 total=1 fw_us=1182983864 len=203

2026-09-12 19:22:08,890 INFO image_rx_daemon: published frame_id=0 seq=50 199 B → lifetrac/v25/video/tile_delta

2026-09-12 19:22:09,393 INFO image_rx_daemon: frag_arrival: seq=51 idx=0 total=1 fw_us=1183495325 len=211

2026-09-12 19:22:09,394 INFO image_rx_daemon: published frame_id=0 seq=51 207 B → lifetrac/v25/video/tile_delta

RFCO_PERTX during TX wait: profile_id=2 tx_status=0x00(OK) hop_idx=0 channel_idx=0 epoch=0 freq_hz=0 pkt_toa_us=15424 legal_dwell_used_us_10s=0

2026-09-12 19:22:09,679 INFO image_rx_daemon: command TX opcode=0x6c copy=1/1 OK (on air)

2026-09-12 19:22:09,917 INFO image_rx_daemon: frag_arrival: seq=52 idx=0 total=1 fw_us=1184006805 len=219

2026-09-12 19:22:09,918 INFO image_rx_daemon: published frame_id=0 seq=52 215 B → lifetrac/v25/video/tile_delta

2026-09-12 19:22:10,432 INFO image_rx_daemon: frag_arrival: seq=53 idx=0 total=1 fw_us=1184521227 len=232

2026-09-12 19:22:10,433 INFO image_rx_daemon: published frame_id=0 seq=53 228 B → lifetrac/v25/video/tile_delta

2026-09-12 19:22:10,861 INFO image_rx_daemon: frag_arrival: seq=54 idx=0 total=1 fw_us=1184960943 len=189

2026-09-12 19:22:10,862 INFO image_rx_daemon: published frame_id=0 seq=54 185 B → lifetrac/v25/video/tile_delta

2026-09-12 19:22:11,365 INFO image_rx_daemon: frag_arrival: seq=55 idx=0 total=1 fw_us=1185463207 len=210

2026-09-12 19:22:11,366 INFO image_rx_daemon: published frame_id=0 seq=55 206 B → lifetrac/v25/video/tile_delta

2026-09-12 19:22:11,871 INFO image_rx_daemon: frag_arrival: seq=56 idx=0 total=1 fw_us=1185971121 len=219

2026-09-12 19:22:11,872 INFO image_rx_daemon: published frame_id=0 seq=56 215 B → lifetrac/v25/video/tile_delta

2026-09-12 19:22:12,354 INFO image_rx_daemon: frag_arrival: seq=57 idx=0 total=1 fw_us=1186450959 len=213

2026-09-12 19:22:12,355 INFO image_rx_daemon: published frame_id=0 seq=57 209 B → lifetrac/v25/video/tile_delta

RFCO_PERTX during TX wait: profile_id=2 tx_status=0x00(OK) hop_idx=0 channel_idx=0 epoch=0 freq_hz=0 pkt_toa_us=15424 legal_dwell_used_us_10s=0

2026-09-12 19:22:12,644 INFO image_rx_daemon: command TX opcode=0x6c copy=1/1 OK (on air)

2026-09-12 19:22:12,870 INFO image_rx_daemon: frag_arrival: seq=58 idx=0 total=2 fw_us=1186960536 len=247

2026-09-12 19:22:13,081 INFO image_rx_daemon: frag_arrival: seq=58 idx=1 total=2 fw_us=1187179146 len=213

2026-09-12 19:22:13,082 INFO image_rx_daemon: published frame_id=0 seq=58 452 B → lifetrac/v25/video/tile_delta

2026-09-12 19:22:13,366 INFO image_rx_daemon: frag_arrival: seq=59 idx=0 total=2 fw_us=1187461729 len=247

2026-09-12 19:22:13,602 INFO image_rx_daemon: frag_arrival: seq=59 idx=1 total=2 fw_us=1187691679 len=240

2026-09-12 19:22:13,604 INFO image_rx_daemon: published frame_id=0 seq=59 479 B → lifetrac/v25/video/tile_delta

2026-09-12 19:22:13,888 INFO image_rx_daemon: frag_arrival: seq=60 idx=0 total=2 fw_us=1187980030 len=247

2026-09-12 19:22:14,122 INFO image_rx_daemon: frag_arrival: seq=60 idx=1 total=2 fw_us=1188210375 len=245

2026-09-12 19:22:14,123 INFO image_rx_daemon: published frame_id=0 seq=60 484 B → lifetrac/v25/video/tile_delta

2026-09-12 19:22:14,398 INFO image_rx_daemon: frag_arrival: seq=61 idx=0 total=2 fw_us=1188489273 len=247

2026-09-12 19:22:14,601 INFO image_rx_daemon: frag_arrival: seq=61 idx=1 total=2 fw_us=1188695569 len=207

2026-09-12 19:22:14,602 INFO image_rx_daemon: published frame_id=0 seq=61 446 B → lifetrac/v25/video/tile_delta

2026-09-12 19:22:14,883 INFO image_rx_daemon: frag_arrival: seq=62 idx=0 total=2 fw_us=1188979981 len=247

2026-09-12 19:22:15,093 INFO image_rx_daemon: frag_arrival: seq=62 idx=1 total=2 fw_us=1189191096 len=196

2026-09-12 19:22:15,094 INFO image_rx_daemon: published frame_id=0 seq=62 435 B → lifetrac/v25/video/tile_delta

2026-09-12 19:22:15,385 INFO image_rx_daemon: frag_arrival: seq=63 idx=0 total=2 fw_us=1189473957 len=247

2026-09-12 19:22:15,490 INFO image_rx_daemon: frag_arrival: seq=63 idx=1 total=2 fw_us=1189606997 len=6

2026-09-12 19:22:15,492 INFO image_rx_daemon: published frame_id=0 seq=63 245 B → lifetrac/v25/video/tile_delta

RFCO_PERTX during TX wait: profile_id=2 tx_status=0x00(OK) hop_idx=0 channel_idx=0 epoch=0 freq_hz=0 pkt_toa_us=15424 legal_dwell_used_us_10s=0

2026-09-12 19:22:15,516 INFO image_rx_daemon: command TX opcode=0x6c copy=1/1 OK (on air)

2026-09-12 19:22:15,883 INFO image_rx_daemon: frag_arrival: seq=64 idx=0 total=2 fw_us=1189968512 len=247

2026-09-12 19:22:16,095 INFO image_rx_daemon: frag_arrival: seq=64 idx=1 total=2 fw_us=1190191749 len=245

2026-09-12 19:22:16,096 INFO image_rx_daemon: published frame_id=0 seq=64 484 B → lifetrac/v25/video/tile_delta

2026-09-12 19:22:16,377 INFO image_rx_daemon: frag_arrival: seq=65 idx=0 total=2 fw_us=1190463918 len=247

2026-09-12 19:22:16,589 INFO image_rx_daemon: frag_arrival: seq=65 idx=1 total=2 fw_us=1190685201 len=220

2026-09-12 19:22:16,590 INFO image_rx_daemon: published frame_id=0 seq=65 459 B → lifetrac/v25/video/tile_delta

2026-09-12 19:22:16,898 INFO image_rx_daemon: frag_arrival: seq=66 idx=0 total=2 fw_us=1190988705 len=247

2026-09-12 19:22:17,086 INFO image_rx_daemon: frag_arrival: seq=66 idx=1 total=2 fw_us=1191188119 len=166

2026-09-12 19:22:17,087 INFO image_rx_daemon: published frame_id=0 seq=66 405 B → lifetrac/v25/video/tile_delta

2026-09-12 19:22:17,372 INFO image_rx_daemon: frag_arrival: seq=67 idx=0 total=1 fw_us=1191479963 len=165

2026-09-12 19:22:17,373 INFO image_rx_daemon: published frame_id=0 seq=67 161 B → lifetrac/v25/video/tile_delta

2026-09-12 19:22:17,742 INFO image_rx_daemon: stats: rx_frames=94 rx_decode_err=0 frames_published=65 publish_err=0 reassembler_decode_err=0 reassembler_timeouts=1 parity_recon=0 idle_drain_deferred=0

2026-09-12 19:22:17,744 INFO image_rx_daemon: air_gap: n=29 dt_med=288351us dt_p95=514422us len_med=220B cmd_tx_ok=15 cmd_tx_fail=0

2026-09-12 19:22:17,746 INFO image_rx_daemon: air_gap_hist(ms): <200:2 <400:16 <1000:11

2026-09-12 19:22:17,748 INFO image_rx_daemon: rx_rf: n_rssi=29 n_snr=29 rssi[min/med/max]=-70/-69/-68 snr[min/med/max]=5.0/6.0/6.0

2026-09-12 19:22:17,749 INFO image_rx_daemon: phase_telemetry: valid=29 invalid=0 pre_f8=0 last_epoch=0 last_hop=0 slot_off=[0..0]

2026-09-12 19:22:17,750 INFO image_rx_daemon: air_gap_by_class: seq: n=9 med=218.6ms | boundary: n=20 med=479.8ms

2026-09-12 19:22:17,910 INFO image_rx_daemon: frag_arrival: seq=68 idx=0 total=2 fw_us=1191998775 len=247

2026-09-12 19:22:18,121 INFO image_rx_daemon: frag_arrival: seq=68 idx=1 total=2 fw_us=1192214235 len=205

2026-09-12 19:22:18,122 INFO image_rx_daemon: published frame_id=0 seq=68 444 B → lifetrac/v25/video/tile_delta

2026-09-12 19:22:18,417 INFO image_rx_daemon: frag_arrival: seq=69 idx=0 total=1 fw_us=1192512570 len=240

2026-09-12 19:22:18,418 INFO image_rx_daemon: published frame_id=0 seq=69 236 B → lifetrac/v25/video/tile_delta

RFCO_PERTX during TX wait: profile_id=2 tx_status=0x00(OK) hop_idx=0 channel_idx=0 epoch=0 freq_hz=0 pkt_toa_us=15424 legal_dwell_used_us_10s=0

2026-09-12 19:22:18,698 INFO image_rx_daemon: command TX opcode=0x6c copy=1/1 OK (on air)

2026-09-12 19:22:18,922 INFO image_rx_daemon: frag_arrival: seq=70 idx=0 total=1 fw_us=1193014945 len=233

2026-09-12 19:22:18,923 INFO image_rx_daemon: published frame_id=0 seq=70 229 B → lifetrac/v25/video/tile_delta

2026-09-12 19:22:19,416 INFO image_rx_daemon: frag_arrival: seq=71 idx=0 total=1 fw_us=1193509724 len=239

2026-09-12 19:22:19,418 INFO image_rx_daemon: published frame_id=0 seq=71 235 B → lifetrac/v25/video/tile_delta

2026-09-12 19:22:19,897 INFO image_rx_daemon: frag_arrival: seq=72 idx=0 total=2 fw_us=1193986665 len=247

2026-09-12 19:22:20,097 INFO image_rx_daemon: frag_arrival: seq=72 idx=1 total=2 fw_us=1194188967 len=175

2026-09-12 19:22:20,098 INFO image_rx_daemon: published frame_id=0 seq=72 414 B → lifetrac/v25/video/tile_delta

2026-09-12 19:22:20,413 INFO image_rx_daemon: frag_arrival: seq=73 idx=0 total=2 fw_us=1194494662 len=247

2026-09-12 19:22:20,594 INFO image_rx_daemon: frag_arrival: seq=73 idx=1 total=2 fw_us=1194691182 len=161

2026-09-12 19:22:20,595 INFO image_rx_daemon: published frame_id=0 seq=73 400 B → lifetrac/v25/video/tile_delta

2026-09-12 19:22:20,912 INFO image_rx_daemon: frag_arrival: seq=74 idx=0 total=2 fw_us=1195001591 len=247

2026-09-12 19:22:21,148 INFO image_rx_daemon: frag_arrival: seq=74 idx=1 total=2 fw_us=1195234496 len=246

2026-09-12 19:22:21,150 INFO image_rx_daemon: published frame_id=0 seq=74 485 B → lifetrac/v25/video/tile_delta

2026-09-12 19:22:21,409 INFO image_rx_daemon: frag_arrival: seq=75 idx=0 total=2 fw_us=1195493695 len=247

2026-09-12 19:22:21,637 INFO image_rx_daemon: frag_arrival: seq=75 idx=1 total=2 fw_us=1195719261 len=230

2026-09-12 19:22:21,638 INFO image_rx_daemon: published frame_id=0 seq=75 469 B → lifetrac/v25/video/tile_delta

RFCO_PERTX during TX wait: profile_id=2 tx_status=0x00(OK) hop_idx=0 channel_idx=0 epoch=0 freq_hz=0 pkt_toa_us=15424 legal_dwell_used_us_10s=0

2026-09-12 19:22:21,669 INFO image_rx_daemon: command TX opcode=0x6c copy=1/1 OK (on air)

2026-09-12 19:22:21,893 INFO image_rx_daemon: frag_arrival: seq=76 idx=0 total=2 fw_us=1195986921 len=247

2026-09-12 19:22:22,105 INFO image_rx_daemon: frag_arrival: seq=76 idx=1 total=2 fw_us=1196199779 len=221

2026-09-12 19:22:22,106 INFO image_rx_daemon: published frame_id=0 seq=76 460 B → lifetrac/v25/video/tile_delta

RFCO_PERTX during TX wait: profile_id=2 tx_status=0x00(OK) hop_idx=0 channel_idx=0 epoch=0 freq_hz=0 pkt_toa_us=10304 legal_dwell_used_us_10s=0

2026-09-12 19:22:22,137 INFO image_rx_daemon: command TX opcode=0x60 copy=1/1 OK (on air)

2026-09-12 19:22:22,373 INFO image_rx_daemon: frag_arrival: seq=77 idx=0 total=1 fw_us=1196467233 len=217

2026-09-12 19:22:22,374 INFO image_rx_daemon: published frame_id=0 seq=77 213 B → lifetrac/v25/video/tile_delta

RFCO_PERTX during TX wait: profile_id=2 tx_status=0x00(OK) hop_idx=0 channel_idx=0 epoch=0 freq_hz=0 pkt_toa_us=10304 legal_dwell_used_us_10s=0

2026-09-12 19:22:22,653 INFO image_rx_daemon: command TX opcode=0x60 copy=1/1 OK (on air)

2026-09-12 19:22:22,861 INFO image_rx_daemon: frag_arrival: seq=78 idx=0 total=1 fw_us=1196956720 len=246

2026-09-12 19:22:22,862 INFO image_rx_daemon: cmd 0x60 CONVERGED after 2 attempts (0.8 s): keyframe received (UNVERIFIED delivery — keyframe may be encoder-initiated)

2026-09-12 19:22:22,863 INFO image_rx_daemon: published frame_id=0 seq=78 242 B → lifetrac/v25/video/tile_delta

2026-09-12 19:22:23,372 INFO image_rx_daemon: frag_arrival: seq=79 idx=0 total=1 fw_us=1197466933 len=230

2026-09-12 19:22:23,374 INFO image_rx_daemon: published frame_id=0 seq=79 226 B → lifetrac/v25/video/tile_delta

2026-09-12 19:22:23,861 INFO image_rx_daemon: frag_arrival: seq=80 idx=0 total=2 fw_us=1197950838 len=247

2026-09-12 19:22:24,081 INFO image_rx_daemon: frag_arrival: seq=80 idx=1 total=2 fw_us=1198170739 len=215

2026-09-12 19:22:24,082 INFO image_rx_daemon: published frame_id=0 seq=80 454 B → lifetrac/v25/video/tile_delta

2026-09-12 19:22:24,381 INFO image_rx_daemon: frag_arrival: seq=81 idx=0 total=1 fw_us=1198465277 len=242

2026-09-12 19:22:24,382 INFO image_rx_daemon: published frame_id=0 seq=81 238 B → lifetrac/v25/video/tile_delta

RFCO_PERTX during TX wait: profile_id=2 tx_status=0x00(OK) hop_idx=0 channel_idx=0 epoch=0 freq_hz=0 pkt_toa_us=15424 legal_dwell_used_us_10s=0

2026-09-12 19:22:24,659 INFO image_rx_daemon: command TX opcode=0x6c copy=1/1 OK (on air)

2026-09-12 19:22:24,886 INFO image_rx_daemon: frag_arrival: seq=82 idx=0 total=2 fw_us=1198975021 len=247

2026-09-12 19:22:25,089 INFO image_rx_daemon: frag_arrival: seq=82 idx=1 total=2 fw_us=1199180284 len=181

2026-09-12 19:22:25,090 INFO image_rx_daemon: published frame_id=0 seq=82 420 B → lifetrac/v25/video/tile_delta

2026-09-12 19:22:25,378 INFO image_rx_daemon: frag_arrival: seq=83 idx=0 total=2 fw_us=1199470208 len=247

2026-09-12 19:22:25,601 INFO image_rx_daemon: frag_arrival: seq=83 idx=1 total=2 fw_us=1199692780 len=222

2026-09-12 19:22:25,602 INFO image_rx_daemon: published frame_id=0 seq=83 461 B → lifetrac/v25/video/tile_delta

2026-09-12 19:22:25,915 INFO image_rx_daemon: frag_arrival: seq=84 idx=0 total=2 fw_us=1200010145 len=247

2026-09-12 19:22:26,106 INFO image_rx_daemon: frag_arrival: seq=84 idx=1 total=2 fw_us=1200199689 len=143

2026-09-12 19:22:26,107 INFO image_rx_daemon: published frame_id=0 seq=84 382 B → lifetrac/v25/video/tile_delta

2026-09-12 19:22:26,451 INFO image_rx_daemon: frag_arrival: seq=85 idx=0 total=2 fw_us=1200539369 len=247

2026-09-12 19:22:26,675 INFO image_rx_daemon: frag_arrival: seq=85 idx=1 total=2 fw_us=1200766215 len=235

2026-09-12 19:22:26,676 INFO image_rx_daemon: published frame_id=0 seq=85 474 B → lifetrac/v25/video/tile_delta

2026-09-12 19:22:26,921 INFO image_rx_daemon: frag_arrival: seq=86 idx=0 total=2 fw_us=1201010642 len=247

2026-09-12 19:22:27,145 INFO image_rx_daemon: frag_arrival: seq=86 idx=1 total=2 fw_us=1201233524 len=222

2026-09-12 19:22:27,146 INFO image_rx_daemon: published frame_id=0 seq=86 461 B → lifetrac/v25/video/tile_delta

2026-09-12 19:22:27,550 INFO image_rx_daemon: frag_arrival: seq=87 idx=1 total=2 fw_us=1201649644 len=30

RFCO_PERTX during TX wait: profile_id=2 tx_status=0x00(OK) hop_idx=0 channel_idx=0 epoch=0 freq_hz=0 pkt_toa_us=15424 legal_dwell_used_us_10s=0

2026-09-12 19:22:27,579 INFO image_rx_daemon: command TX opcode=0x6c copy=1/1 OK (on air)

2026-09-12 19:22:27,753 INFO image_rx_daemon: stats: rx_frames=126 rx_decode_err=0 frames_published=84 publish_err=0 reassembler_decode_err=0 reassembler_timeouts=1 parity_recon=0 idle_drain_deferred=0

2026-09-12 19:22:27,755 INFO image_rx_daemon: air_gap: n=32 dt_med=289924us dt_p95=510213us len_med=240B cmd_tx_ok=21 cmd_tx_fail=0

2026-09-12 19:22:27,757 INFO image_rx_daemon: air_gap_hist(ms): <200:2 <400:21 <1000:9

2026-09-12 19:22:27,758 INFO image_rx_daemon: rx_rf: n_rssi=32 n_snr=32 rssi[min/med/max]=-70/-69/-69 snr[min/med/max]=5.0/6.0/6.0

2026-09-12 19:22:27,759 INFO image_rx_daemon: phase_telemetry: valid=32 invalid=0 pre_f8=0 last_epoch=0 last_hop=0 slot_off=[0..0]

2026-09-12 19:22:27,760 INFO image_rx_daemon: air_gap_by_class: seq: n=12 med=219.9ms | boundary: n=19 med=317.4ms | post_loss: n=1 med=416.1ms

2026-09-12 19:22:27,760 INFO image_rx_daemon: lost_frag_idx: n=1 idx0=1 (1.67% of idx0 arrivals) other=0 (0.00%) verdict=CLUSTERED-AT-0 | top 0:1

2026-09-12 19:22:27,929 INFO image_rx_daemon: frag_arrival: seq=88 idx=0 total=2 fw_us=1202021162 len=247

2026-09-12 19:22:28,142 INFO image_rx_daemon: frag_arrival: seq=88 idx=1 total=2 fw_us=1202239234 len=228

2026-09-12 19:22:28,144 INFO image_rx_daemon: published frame_id=0 seq=88 467 B → lifetrac/v25/video/tile_delta

2026-09-12 19:22:28,417 INFO image_rx_daemon: frag_arrival: seq=89 idx=0 total=2 fw_us=1202510294 len=247

2026-09-12 19:22:28,645 INFO image_rx_daemon: frag_arrival: seq=89 idx=1 total=2 fw_us=1202731693 len=220

2026-09-12 19:22:28,648 INFO image_rx_daemon: published frame_id=0 seq=89 459 B → lifetrac/v25/video/tile_delta

2026-09-12 19:22:28,858 INFO image_rx_daemon: frag_arrival: seq=90 idx=0 total=1 fw_us=1202951580 len=203

2026-09-12 19:22:28,859 INFO image_rx_daemon: published frame_id=0 seq=90 199 B → lifetrac/v25/video/tile_delta

2026-09-12 19:22:29,363 INFO image_rx_daemon: frag_arrival: seq=91 idx=0 total=1 fw_us=1203448466 len=206

2026-09-12 19:22:29,365 INFO image_rx_daemon: published frame_id=0 seq=91 202 B → lifetrac/v25/video/tile_delta

2026-09-12 19:22:29,905 INFO image_rx_daemon: frag_arrival: seq=92 idx=0 total=1 fw_us=1203987384 len=230

2026-09-12 19:22:29,906 INFO image_rx_daemon: published frame_id=0 seq=92 226 B → lifetrac/v25/video/tile_delta

2026-09-12 19:22:30,373 INFO image_rx_daemon: frag_arrival: seq=93 idx=0 total=1 fw_us=1204459918 len=177

2026-09-12 19:22:30,374 INFO image_rx_daemon: published frame_id=0 seq=93 173 B → lifetrac/v25/video/tile_delta

RFCO_PERTX during TX wait: profile_id=2 tx_status=0x00(OK) hop_idx=0 channel_idx=0 epoch=0 freq_hz=0 pkt_toa_us=15424 legal_dwell_used_us_10s=0

2026-09-12 19:22:30,666 INFO image_rx_daemon: command TX opcode=0x6c copy=1/1 OK (on air)

2026-09-12 19:22:30,909 INFO image_rx_daemon: frag_arrival: seq=94 idx=0 total=2 fw_us=1204989837 len=247

2026-09-12 19:22:31,118 INFO image_rx_daemon: frag_arrival: seq=94 idx=1 total=2 fw_us=1205214397 len=228

2026-09-12 19:22:31,120 INFO image_rx_daemon: published frame_id=0 seq=94 467 B → lifetrac/v25/video/tile_delta

2026-09-12 19:22:31,389 INFO image_rx_daemon: frag_arrival: seq=95 idx=0 total=2 fw_us=1205475740 len=247

2026-09-12 19:22:31,613 INFO image_rx_daemon: frag_arrival: seq=95 idx=1 total=2 fw_us=1205702733 len=233

2026-09-12 19:22:31,614 INFO image_rx_daemon: published frame_id=0 seq=95 472 B → lifetrac/v25/video/tile_delta

2026-09-12 19:22:31,865 INFO image_rx_daemon: frag_arrival: seq=96 idx=0 total=1 fw_us=1205958809 len=208

2026-09-12 19:22:31,867 INFO image_rx_daemon: published frame_id=0 seq=96 204 B → lifetrac/v25/video/tile_delta

2026-09-12 19:22:32,381 INFO image_rx_daemon: frag_arrival: seq=97 idx=0 total=1 fw_us=1206465293 len=238

2026-09-12 19:22:32,382 INFO image_rx_daemon: published frame_id=0 seq=97 234 B → lifetrac/v25/video/tile_delta

2026-09-12 19:22:32,889 INFO image_rx_daemon: frag_arrival: seq=98 idx=0 total=1 fw_us=1206981169 len=210

2026-09-12 19:22:32,890 INFO image_rx_daemon: published frame_id=0 seq=98 206 B → lifetrac/v25/video/tile_delta

2026-09-12 19:22:33,368 INFO image_rx_daemon: frag_arrival: seq=99 idx=0 total=1 fw_us=1207468871 len=192

2026-09-12 19:22:33,369 INFO image_rx_daemon: published frame_id=0 seq=99 188 B → lifetrac/v25/video/tile_delta

2026-09-12 19:22:33,653 INFO image_rx_daemon: command TX opcode=0x6c copy=1/1 OK (on air)

RFCO_PERTX during TX wait: profile_id=2 tx_status=0x00(OK) hop_idx=0 channel_idx=0 epoch=0 freq_hz=0 pkt_toa_us=15424 legal_dwell_used_us_10s=0

2026-09-12 19:22:33,886 INFO image_rx_daemon: frag_arrival: seq=100 idx=0 total=1 fw_us=1207980541 len=224

2026-09-12 19:22:33,887 INFO image_rx_daemon: published frame_id=0 seq=100 220 B → lifetrac/v25/video/tile_delta

2026-09-12 19:22:34,393 INFO image_rx_daemon: frag_arrival: seq=101 idx=0 total=1 fw_us=1208480783 len=203

2026-09-12 19:22:34,394 INFO image_rx_daemon: published frame_id=0 seq=101 199 B → lifetrac/v25/video/tile_delta

2026-09-12 19:22:34,901 INFO image_rx_daemon: frag_arrival: seq=102 idx=0 total=1 fw_us=1208989934 len=207

2026-09-12 19:22:34,902 INFO image_rx_daemon: published frame_id=0 seq=102 203 B → lifetrac/v25/video/tile_delta

2026-09-12 19:22:35,399 INFO image_rx_daemon: frag_arrival: seq=103 idx=0 total=1 fw_us=1209488279 len=215

2026-09-12 19:22:35,400 INFO image_rx_daemon: published frame_id=0 seq=103 211 B → lifetrac/v25/video/tile_delta

2026-09-12 19:22:35,897 INFO image_rx_daemon: frag_arrival: seq=104 idx=0 total=1 fw_us=1209989851 len=234

2026-09-12 19:22:35,898 INFO image_rx_daemon: published frame_id=0 seq=104 230 B → lifetrac/v25/video/tile_delta

2026-09-12 19:22:36,377 INFO image_rx_daemon: frag_arrival: seq=105 idx=0 total=1 fw_us=1210463033 len=187

2026-09-12 19:22:36,378 INFO image_rx_daemon: published frame_id=0 seq=105 183 B → lifetrac/v25/video/tile_delta

RFCO_PERTX during TX wait: profile_id=2 tx_status=0x00(OK) hop_idx=0 channel_idx=0 epoch=0 freq_hz=0 pkt_toa_us=15424 legal_dwell_used_us_10s=0

2026-09-12 19:22:36,665 INFO image_rx_daemon: command TX opcode=0x6c copy=1/1 OK (on air)

2026-09-12 19:22:36,878 INFO image_rx_daemon: frag_arrival: seq=106 idx=0 total=1 fw_us=1210971186 len=216

2026-09-12 19:22:36,881 INFO image_rx_daemon: published frame_id=0 seq=106 212 B → lifetrac/v25/video/tile_delta

RFCO_PERTX during TX wait: profile_id=2 tx_status=0x00(OK) hop_idx=0 channel_idx=0 epoch=0 freq_hz=0 pkt_toa_us=10304 legal_dwell_used_us_10s=0

2026-09-12 19:22:37,160 INFO image_rx_daemon: command TX opcode=0x60 copy=1/1 OK (on air)

2026-09-12 19:22:37,406 INFO image_rx_daemon: frag_arrival: seq=107 idx=0 total=2 fw_us=1211489179 len=247

2026-09-12 19:22:37,629 INFO image_rx_daemon: frag_arrival: seq=107 idx=1 total=2 fw_us=1211711032 len=221

2026-09-12 19:22:37,630 INFO image_rx_daemon: published frame_id=0 seq=107 460 B → lifetrac/v25/video/tile_delta

RFCO_PERTX during TX wait: profile_id=2 tx_status=0x00(OK) hop_idx=0 channel_idx=0 epoch=0 freq_hz=0 pkt_toa_us=10304 legal_dwell_used_us_10s=0

2026-09-12 19:22:37,656 INFO image_rx_daemon: command TX opcode=0x60 copy=1/1 OK (on air)

2026-09-12 19:22:37,763 INFO image_rx_daemon: stats: rx_frames=151 rx_decode_err=0 frames_published=104 publish_err=0 reassembler_decode_err=0 reassembler_timeouts=2 parity_recon=0 idle_drain_deferred=0

2026-09-12 19:22:37,765 INFO image_rx_daemon: air_gap: n=25 dt_med=487702us dt_p95=529919us len_med=221B cmd_tx_ok=26 cmd_tx_fail=0

2026-09-12 19:22:37,768 INFO image_rx_daemon: air_gap_hist(ms): <400:10 <1000:15

2026-09-12 19:22:37,769 INFO image_rx_daemon: rx_rf: n_rssi=25 n_snr=25 rssi[min/med/max]=-70/-69/-68 snr[min/med/max]=5.0/6.0/6.0

2026-09-12 19:22:37,771 INFO image_rx_daemon: phase_telemetry: valid=25 invalid=0 pre_f8=0 last_epoch=0 last_hop=0 slot_off=[0..0]

2026-09-12 19:22:37,773 INFO image_rx_daemon: air_gap_by_class: seq: n=5 med=221.9ms | boundary: n=20 med=500.2ms

2026-09-12 19:22:37,881 INFO image_rx_daemon: frag_arrival: seq=108 idx=0 total=1 fw_us=1211973176 len=209

2026-09-12 19:22:37,882 INFO image_rx_daemon: cmd 0x60 CONVERGED after 2 attempts (0.9 s): keyframe received (UNVERIFIED delivery — keyframe may be encoder-initiated)

2026-09-12 19:22:37,882 INFO image_rx_daemon: published frame_id=0 seq=108 205 B → lifetrac/v25/video/tile_delta

2026-09-12 19:22:38,397 INFO image_rx_daemon: frag_arrival: seq=109 idx=0 total=1 fw_us=1212485924 len=211

2026-09-12 19:22:38,398 INFO image_rx_daemon: published frame_id=0 seq=109 207 B → lifetrac/v25/video/tile_delta

2026-09-12 19:22:38,894 INFO image_rx_daemon: frag_arrival: seq=110 idx=0 total=2 fw_us=1212981714 len=247

2026-09-12 19:22:39,080 INFO image_rx_daemon: frag_arrival: seq=110 idx=1 total=2 fw_us=1213169721 len=165

2026-09-12 19:22:39,082 INFO image_rx_daemon: published frame_id=0 seq=110 404 B → lifetrac/v25/video/tile_delta

2026-09-12 19:22:39,395 INFO image_rx_daemon: frag_arrival: seq=111 idx=0 total=2 fw_us=1213485996 len=247

2026-09-12 19:22:39,563 INFO image_rx_daemon: frag_arrival: seq=111 idx=1 total=2 fw_us=1213658337 len=101

2026-09-12 19:22:39,565 INFO image_rx_daemon: published frame_id=0 seq=111 340 B → lifetrac/v25/video/tile_delta

RFCO_PERTX during TX wait: profile_id=2 tx_status=0x00(OK) hop_idx=0 channel_idx=0 epoch=0 freq_hz=0 pkt_toa_us=15424 legal_dwell_used_us_10s=0

2026-09-12 19:22:39,592 INFO image_rx_daemon: command TX opcode=0x6c copy=1/1 OK (on air)

2026-09-12 19:22:39,933 INFO image_rx_daemon: frag_arrival: seq=112 idx=0 total=2 fw_us=1214020366 len=247

2026-09-12 19:22:40,018 WARNING image_rx_daemon: crc_dump: irq=0x70 rx_len=255 snr=-12.5 rssi=-111 dump=f328750ff7da9e37baa526b891e01f88a90ef3805baeb564d6430b18bb919cc3d67538ed881349544d5a5ab47302dcf9d1d08861d92a4d2987588fd2e933846e8ee0495e71ac8f424621ed05264f271933b29b367b57e0821d842748cc2a3e593a4bf6c72511f31d84f69ffcd77c3ba6b5c5cbdf9a1fdba5933900afabce825a9a933429aaa2161a33177976b2acef418969863c9be3ea64d1e81057acb70b8691525125b249d612d393d79fff9fb703df7976c69bbf5b904826776a2e820f1db2c415a41f246f6bd0d2851544f22044d2792731b1cc69d8e92584ffa0b9a911860eda18de24411c4996cde5403a9d6163df62fe74f332643a40bf

2026-09-12 19:22:40,145 INFO image_rx_daemon: frag_arrival: seq=112 idx=1 total=2 fw_us=1214234833 len=223

2026-09-12 19:22:40,147 INFO image_rx_daemon: published frame_id=0 seq=112 462 B → lifetrac/v25/video/tile_delta

2026-09-12 19:22:40,375 INFO image_rx_daemon: frag_arrival: seq=113 idx=0 total=2 fw_us=1214470096 len=247

2026-09-12 19:22:40,617 INFO image_rx_daemon: frag_arrival: seq=113 idx=1 total=2 fw_us=1214701361 len=245

2026-09-12 19:22:40,618 INFO image_rx_daemon: published frame_id=0 seq=113 484 B → lifetrac/v25/video/tile_delta

2026-09-12 19:22:40,905 INFO image_rx_daemon: frag_arrival: seq=114 idx=0 total=2 fw_us=1214990455 len=247

2026-09-12 19:22:41,117 INFO image_rx_daemon: frag_arrival: seq=114 idx=1 total=2 fw_us=1215207739 len=235

2026-09-12 19:22:41,119 INFO image_rx_daemon: published frame_id=0 seq=114 474 B → lifetrac/v25/video/tile_delta

2026-09-12 19:22:41,388 INFO image_rx_daemon: frag_arrival: seq=115 idx=0 total=2 fw_us=1215481218 len=247

2026-09-12 19:22:41,588 INFO image_rx_daemon: frag_arrival: seq=115 idx=1 total=2 fw_us=1215678202 len=186

2026-09-12 19:22:41,590 INFO image_rx_daemon: published frame_id=0 seq=115 425 B → lifetrac/v25/video/tile_delta

2026-09-12 19:22:41,887 INFO image_rx_daemon: frag_arrival: seq=116 idx=0 total=2 fw_us=1215976665 len=247

2026-09-12 19:22:42,101 INFO image_rx_daemon: frag_arrival: seq=116 idx=1 total=2 fw_us=1216190032 len=223

2026-09-12 19:22:42,102 INFO image_rx_daemon: published frame_id=0 seq=116 462 B → lifetrac/v25/video/tile_delta

2026-09-12 19:22:42,386 INFO image_rx_daemon: frag_arrival: seq=117 idx=0 total=2 fw_us=1216473370 len=247

2026-09-12 19:22:42,589 INFO image_rx_daemon: frag_arrival: seq=117 idx=1 total=2 fw_us=1216677409 len=202

2026-09-12 19:22:42,591 INFO image_rx_daemon: published frame_id=0 seq=117 441 B → lifetrac/v25/video/tile_delta

RFCO_PERTX during TX wait: profile_id=2 tx_status=0x00(OK) hop_idx=0 channel_idx=0 epoch=0 freq_hz=0 pkt_toa_us=15424 legal_dwell_used_us_10s=0

2026-09-12 19:22:42,614 INFO image_rx_daemon: command TX opcode=0x6c copy=1/1 OK (on air)

2026-09-12 19:22:42,850 INFO image_rx_daemon: frag_arrival: seq=118 idx=0 total=1 fw_us=1216939381 len=182

2026-09-12 19:22:42,853 INFO image_rx_daemon: published frame_id=0 seq=118 178 B → lifetrac/v25/video/tile_delta

2026-09-12 19:22:43,433 INFO image_rx_daemon: frag_arrival: seq=119 idx=0 total=2 fw_us=1217515730 len=247

2026-09-12 19:22:43,647 INFO image_rx_daemon: frag_arrival: seq=119 idx=1 total=2 fw_us=1217745602 len=242

2026-09-12 19:22:43,648 INFO image_rx_daemon: published frame_id=0 seq=119 481 B → lifetrac/v25/video/tile_delta

2026-09-12 19:22:43,937 INFO image_rx_daemon: frag_arrival: seq=120 idx=0 total=2 fw_us=1218024834 len=247

2026-09-12 19:22:44,160 INFO image_rx_daemon: frag_arrival: seq=120 idx=1 total=2 fw_us=1218253205 len=237

2026-09-12 19:22:44,162 INFO image_rx_daemon: published frame_id=0 seq=120 476 B → lifetrac/v25/video/tile_delta

2026-09-12 19:22:44,443 INFO image_rx_daemon: frag_arrival: seq=121 idx=0 total=2 fw_us=1218533737 len=247

2026-09-12 19:22:44,674 INFO image_rx_daemon: frag_arrival: seq=121 idx=1 total=2 fw_us=1218764206 len=242

2026-09-12 19:22:44,675 INFO image_rx_daemon: published frame_id=0 seq=121 481 B → lifetrac/v25/video/tile_delta

2026-09-12 19:22:44,950 INFO image_rx_daemon: frag_arrival: seq=122 idx=0 total=2 fw_us=1219040932 len=247

2026-09-12 19:22:45,177 INFO image_rx_daemon: frag_arrival: seq=122 idx=1 total=2 fw_us=1219265187 len=225

2026-09-12 19:22:45,178 INFO image_rx_daemon: published frame_id=0 seq=122 464 B → lifetrac/v25/video/tile_delta

2026-09-12 19:22:45,429 INFO image_rx_daemon: frag_arrival: seq=123 idx=0 total=2 fw_us=1219506605 len=247

2026-09-12 19:22:45,653 INFO image_rx_daemon: frag_arrival: seq=123 idx=1 total=2 fw_us=1219737874 len=245

2026-09-12 19:22:45,654 INFO image_rx_daemon: published frame_id=0 seq=123 484 B → lifetrac/v25/video/tile_delta

RFCO_PERTX during TX wait: profile_id=2 tx_status=0x00(OK) hop_idx=0 channel_idx=0 epoch=0 freq_hz=0 pkt_toa_us=15424 legal_dwell_used_us_10s=0

2026-09-12 19:22:45,678 INFO image_rx_daemon: command TX opcode=0x6c copy=1/1 OK (on air)

2026-09-12 19:22:45,913 INFO image_rx_daemon: frag_arrival: seq=124 idx=0 total=1 fw_us=1219995894 len=239

2026-09-12 19:22:45,914 INFO image_rx_daemon: published frame_id=0 seq=124 235 B → lifetrac/v25/video/tile_delta

2026-09-12 19:22:46,410 INFO image_rx_daemon: frag_arrival: seq=125 idx=0 total=2 fw_us=1220497449 len=247

2026-09-12 19:22:46,637 INFO image_rx_daemon: frag_arrival: seq=125 idx=1 total=2 fw_us=1220722761 len=230

2026-09-12 19:22:46,638 INFO image_rx_daemon: published frame_id=0 seq=125 469 B → lifetrac/v25/video/tile_delta

2026-09-12 19:22:46,873 INFO image_rx_daemon: frag_arrival: seq=126 idx=0 total=1 fw_us=1220957359 len=165

2026-09-12 19:22:46,874 INFO image_rx_daemon: published frame_id=0 seq=126 161 B → lifetrac/v25/video/tile_delta

2026-09-12 19:22:47,404 INFO image_rx_daemon: frag_arrival: seq=127 idx=0 total=1 fw_us=1221488271 len=240

2026-09-12 19:22:47,405 INFO image_rx_daemon: published frame_id=0 seq=127 236 B → lifetrac/v25/video/tile_delta

2026-09-12 19:22:47,777 INFO image_rx_daemon: stats: rx_frames=185 rx_decode_err=0 frames_published=124 publish_err=0 reassembler_decode_err=0 reassembler_timeouts=2 parity_recon=0 idle_drain_deferred=0

2026-09-12 19:22:47,780 INFO image_rx_daemon: air_gap: n=34 dt_med=258020us dt_p95=530912us len_med=242B cmd_tx_ok=29 cmd_tx_fail=0

2026-09-12 19:22:47,784 INFO image_rx_daemon: air_gap_hist(ms): <200:3 <400:26 <1000:5

2026-09-12 19:22:47,785 INFO image_rx_daemon: rx_rf: n_rssi=34 n_snr=34 rssi[min/med/max]=-70/-69/-69 snr[min/med/max]=5.0/6.0/6.0

2026-09-12 19:22:47,785 INFO image_rx_daemon: phase_telemetry: valid=34 invalid=0 pre_f8=0 last_epoch=0 last_hop=0 slot_off=[0..0]

2026-09-12 19:22:47,786 INFO image_rx_daemon: air_gap_by_class: seq: n=14 med=224.3ms | boundary: n=20 med=283.3ms

2026-09-12 19:22:47,877 INFO image_rx_daemon: frag_arrival: seq=128 idx=0 total=1 fw_us=1221972831 len=218

2026-09-12 19:22:47,879 INFO image_rx_daemon: published frame_id=0 seq=128 214 B → lifetrac/v25/video/tile_delta

2026-09-12 19:22:48,373 INFO image_rx_daemon: frag_arrival: seq=129 idx=0 total=1 fw_us=1222465226 len=219

2026-09-12 19:22:48,375 INFO image_rx_daemon: published frame_id=0 seq=129 215 B → lifetrac/v25/video/tile_delta

RFCO_PERTX during TX wait: profile_id=2 tx_status=0x00(OK) hop_idx=0 channel_idx=0 epoch=0 freq_hz=0 pkt_toa_us=15424 legal_dwell_used_us_10s=0

2026-09-12 19:22:48,663 INFO image_rx_daemon: command TX opcode=0x6c copy=1/1 OK (on air)

2026-09-12 19:22:48,889 INFO image_rx_daemon: frag_arrival: seq=130 idx=0 total=1 fw_us=1222974033 len=212

2026-09-12 19:22:48,890 INFO image_rx_daemon: published frame_id=0 seq=130 208 B → lifetrac/v25/video/tile_delta

2026-09-12 19:22:49,413 INFO image_rx_daemon: frag_arrival: seq=131 idx=0 total=2 fw_us=1223498954 len=247

2026-09-12 19:22:49,642 INFO image_rx_daemon: frag_arrival: seq=131 idx=1 total=2 fw_us=1223722893 len=226

2026-09-12 19:22:49,645 INFO image_rx_daemon: published frame_id=0 seq=131 465 B → lifetrac/v25/video/tile_delta

2026-09-12 19:22:49,911 INFO image_rx_daemon: frag_arrival: seq=132 idx=0 total=2 fw_us=1224004235 len=247

2026-09-12 19:22:50,103 INFO image_rx_daemon: frag_arrival: seq=132 idx=1 total=2 fw_us=1224192266 len=163

2026-09-12 19:22:50,105 INFO image_rx_daemon: published frame_id=0 seq=132 402 B → lifetrac/v25/video/tile_delta

2026-09-12 19:22:50,407 INFO image_rx_daemon: frag_arrival: seq=133 idx=0 total=2 fw_us=1224493521 len=247

2026-09-12 19:22:50,617 INFO image_rx_daemon: frag_arrival: seq=133 idx=1 total=2 fw_us=1224708818 len=205

2026-09-12 19:22:50,618 INFO image_rx_daemon: published frame_id=0 seq=133 444 B → lifetrac/v25/video/tile_delta

2026-09-12 19:22:50,884 INFO image_rx_daemon: frag_arrival: seq=134 idx=0 total=1 fw_us=1224974722 len=244

2026-09-12 19:22:50,885 INFO image_rx_daemon: published frame_id=0 seq=134 240 B → lifetrac/v25/video/tile_delta

2026-09-12 19:22:51,399 INFO image_rx_daemon: frag_arrival: seq=135 idx=0 total=2 fw_us=1225487204 len=247

2026-09-12 19:22:51,598 INFO image_rx_daemon: frag_arrival: seq=135 idx=1 total=2 fw_us=1225685246 len=163

2026-09-12 19:22:51,600 INFO image_rx_daemon: published frame_id=0 seq=135 402 B → lifetrac/v25/video/tile_delta

RFCO_PERTX during TX wait: profile_id=2 tx_status=0x00(OK) hop_idx=0 channel_idx=0 epoch=0 freq_hz=0 pkt_toa_us=15424 legal_dwell_used_us_10s=0

2026-09-12 19:22:51,624 INFO image_rx_daemon: command TX opcode=0x6c copy=1/1 OK (on air)

2026-09-12 19:22:51,908 INFO image_rx_daemon: frag_arrival: seq=136 idx=0 total=2 fw_us=1225997225 len=247

2026-09-12 19:22:52,125 INFO image_rx_daemon: frag_arrival: seq=136 idx=1 total=2 fw_us=1226212315 len=223

2026-09-12 19:22:52,126 INFO image_rx_daemon: published frame_id=0 seq=136 462 B → lifetrac/v25/video/tile_delta

RFCO_PERTX during TX wait: profile_id=2 tx_status=0x00(OK) hop_idx=0 channel_idx=0 epoch=0 freq_hz=0 pkt_toa_us=10304 legal_dwell_used_us_10s=0

2026-09-12 19:22:52,157 INFO image_rx_daemon: command TX opcode=0x60 copy=1/1 OK (on air)

2026-09-12 19:22:52,441 INFO image_rx_daemon: frag_arrival: seq=137 idx=0 total=2 fw_us=1226521349 len=247

2026-09-12 19:22:52,653 INFO image_rx_daemon: frag_arrival: seq=137 idx=1 total=2 fw_us=1226744566 len=242

2026-09-12 19:22:52,654 INFO image_rx_daemon: published frame_id=0 seq=137 481 B → lifetrac/v25/video/tile_delta

RFCO_PERTX during TX wait: profile_id=2 tx_status=0x00(OK) hop_idx=0 channel_idx=0 epoch=0 freq_hz=0 pkt_toa_us=10304 legal_dwell_used_us_10s=0

2026-09-12 19:22:52,681 INFO image_rx_daemon: command TX opcode=0x60 copy=1/1 OK (on air)

2026-09-12 19:22:52,932 INFO image_rx_daemon: frag_arrival: seq=138 idx=0 total=1 fw_us=1227019900 len=224

2026-09-12 19:22:52,933 INFO image_rx_daemon: cmd 0x60 CONVERGED after 2 attempts (0.9 s): keyframe received (UNVERIFIED delivery — keyframe may be encoder-initiated)

2026-09-12 19:22:52,934 INFO image_rx_daemon: published frame_id=0 seq=138 220 B → lifetrac/v25/video/tile_delta

2026-09-12 19:22:53,420 INFO image_rx_daemon: frag_arrival: seq=139 idx=0 total=1 fw_us=1227515030 len=225

2026-09-12 19:22:53,421 INFO image_rx_daemon: published frame_id=0 seq=139 221 B → lifetrac/v25/video/tile_delta

2026-09-12 19:22:53,917 INFO image_rx_daemon: frag_arrival: seq=140 idx=0 total=2 fw_us=1227998705 len=247

2026-09-12 19:22:54,102 INFO image_rx_daemon: frag_arrival: seq=140 idx=1 total=2 fw_us=1228189998 len=145

2026-09-12 19:22:54,103 INFO image_rx_daemon: published frame_id=0 seq=140 384 B → lifetrac/v25/video/tile_delta

2026-09-12 19:22:54,409 INFO image_rx_daemon: frag_arrival: seq=141 idx=0 total=2 fw_us=1228497856 len=247

2026-09-12 19:22:54,633 INFO image_rx_daemon: frag_arrival: seq=141 idx=1 total=2 fw_us=1228718803 len=220

2026-09-12 19:22:54,634 INFO image_rx_daemon: published frame_id=0 seq=141 459 B → lifetrac/v25/video/tile_delta

RFCO_PERTX during TX wait: profile_id=2 tx_status=0x00(OK) hop_idx=0 channel_idx=0 epoch=0 freq_hz=0 pkt_toa_us=15424 legal_dwell_used_us_10s=0

2026-09-12 19:22:54,666 INFO image_rx_daemon: command TX opcode=0x6c copy=1/1 OK (on air)

2026-09-12 19:22:54,915 INFO image_rx_daemon: frag_arrival: seq=142 idx=0 total=2 fw_us=1229000809 len=247

2026-09-12 19:22:55,132 INFO image_rx_daemon: frag_arrival: seq=142 idx=1 total=2 fw_us=1229211750 len=211

2026-09-12 19:22:55,134 INFO image_rx_daemon: published frame_id=0 seq=142 450 B → lifetrac/v25/video/tile_delta

2026-09-12 19:22:55,408 INFO image_rx_daemon: frag_arrival: seq=143 idx=0 total=2 fw_us=1229493901 len=247

2026-09-12 19:22:55,621 INFO image_rx_daemon: frag_arrival: seq=143 idx=1 total=2 fw_us=1229704831 len=194

2026-09-12 19:22:55,622 INFO image_rx_daemon: published frame_id=0 seq=143 433 B → lifetrac/v25/video/tile_delta

2026-09-12 19:22:55,901 INFO image_rx_daemon: frag_arrival: seq=144 idx=0 total=2 fw_us=1229983875 len=247

2026-09-12 19:22:56,117 INFO image_rx_daemon: frag_arrival: seq=144 idx=1 total=2 fw_us=1230202401 len=214

2026-09-12 19:22:56,118 INFO image_rx_daemon: published frame_id=0 seq=144 453 B → lifetrac/v25/video/tile_delta

2026-09-12 19:22:56,394 INFO image_rx_daemon: frag_arrival: seq=145 idx=0 total=2 fw_us=1230480915 len=247

2026-09-12 19:22:56,589 INFO image_rx_daemon: frag_arrival: seq=145 idx=1 total=2 fw_us=1230675030 len=175

2026-09-12 19:22:56,590 INFO image_rx_daemon: published frame_id=0 seq=145 414 B → lifetrac/v25/video/tile_delta

2026-09-12 19:22:56,877 INFO image_rx_daemon: frag_arrival: seq=146 idx=0 total=1 fw_us=1230965013 len=216

2026-09-12 19:22:56,878 INFO image_rx_daemon: published frame_id=0 seq=146 212 B → lifetrac/v25/video/tile_delta

2026-09-12 19:22:57,385 INFO image_rx_daemon: frag_arrival: seq=147 idx=0 total=1 fw_us=1231474008 len=173

2026-09-12 19:22:57,386 INFO image_rx_daemon: published frame_id=0 seq=147 169 B → lifetrac/v25/video/tile_delta

RFCO_PERTX during TX wait: profile_id=2 tx_status=0x00(OK) hop_idx=0 channel_idx=0 epoch=0 freq_hz=0 pkt_toa_us=15424 legal_dwell_used_us_10s=0

2026-09-12 19:22:57,666 INFO image_rx_daemon: command TX opcode=0x6c copy=1/1 OK (on air)

2026-09-12 19:22:57,789 INFO image_rx_daemon: stats: rx_frames=217 rx_decode_err=0 frames_published=144 publish_err=0 reassembler_decode_err=0 reassembler_timeouts=2 parity_recon=0 idle_drain_deferred=0

2026-09-12 19:22:57,791 INFO image_rx_daemon: air_gap: n=32 dt_med=281342us dt_p95=512482us len_med=225B cmd_tx_ok=35 cmd_tx_fail=0

2026-09-12 19:22:57,794 INFO image_rx_daemon: air_gap_hist(ms): <200:4 <400:20 <1000:8

2026-09-12 19:22:57,795 INFO image_rx_daemon: rx_rf: n_rssi=32 n_snr=32 rssi[min/med/max]=-70/-69/-68 snr[min/med/max]=5.0/6.0/6.0

2026-09-12 19:22:57,796 INFO image_rx_daemon: phase_telemetry: valid=32 invalid=0 pre_f8=0 last_epoch=0 last_hop=0 slot_off=[0..0]

2026-09-12 19:22:57,797 INFO image_rx_daemon: air_gap_by_class: seq: n=12 med=215.1ms | boundary: n=20 med=309.0ms

2026-09-12 19:22:57,905 INFO image_rx_daemon: frag_arrival: seq=148 idx=0 total=1 fw_us=1231989235 len=229

2026-09-12 19:22:57,906 INFO image_rx_daemon: published frame_id=0 seq=148 225 B → lifetrac/v25/video/tile_delta

2026-09-12 19:22:58,393 INFO image_rx_daemon: frag_arrival: seq=149 idx=0 total=1 fw_us=1232475872 len=208

2026-09-12 19:22:58,394 INFO image_rx_daemon: published frame_id=0 seq=149 204 B → lifetrac/v25/video/tile_delta

2026-09-12 19:22:58,905 INFO image_rx_daemon: frag_arrival: seq=150 idx=0 total=1 fw_us=1232987839 len=238

2026-09-12 19:22:58,906 INFO image_rx_daemon: published frame_id=0 seq=150 234 B → lifetrac/v25/video/tile_delta

2026-09-12 19:22:59,389 INFO image_rx_daemon: frag_arrival: seq=151 idx=0 total=1 fw_us=1233478917 len=214

2026-09-12 19:22:59,390 INFO image_rx_daemon: published frame_id=0 seq=151 210 B → lifetrac/v25/video/tile_delta

2026-09-12 19:22:59,897 INFO image_rx_daemon: frag_arrival: seq=152 idx=0 total=2 fw_us=1233980468 len=247

2026-09-12 19:23:00,099 INFO image_rx_daemon: frag_arrival: seq=152 idx=1 total=2 fw_us=1234192941 len=200

2026-09-12 19:23:00,100 INFO image_rx_daemon: published frame_id=0 seq=152 439 B → lifetrac/v25/video/tile_delta

2026-09-12 19:23:00,386 INFO image_rx_daemon: frag_arrival: seq=153 idx=0 total=2 fw_us=1234478430 len=247

2026-09-12 19:23:00,599 INFO image_rx_daemon: frag_arrival: seq=153 idx=1 total=2 fw_us=1234700258 len=218

2026-09-12 19:23:00,601 INFO image_rx_daemon: published frame_id=0 seq=153 457 B → lifetrac/v25/video/tile_delta

RFCO_PERTX during TX wait: profile_id=2 tx_status=0x00(OK) hop_idx=0 channel_idx=0 epoch=0 freq_hz=0 pkt_toa_us=15424 legal_dwell_used_us_10s=0

2026-09-12 19:23:00,625 INFO image_rx_daemon: command TX opcode=0x6c copy=1/1 OK (on air)

2026-09-12 19:23:00,901 INFO image_rx_daemon: frag_arrival: seq=154 idx=0 total=1 fw_us=1234984800 len=226

2026-09-12 19:23:00,902 INFO image_rx_daemon: published frame_id=0 seq=154 222 B → lifetrac/v25/video/tile_delta

2026-09-12 19:23:01,385 INFO image_rx_daemon: frag_arrival: seq=155 idx=0 total=1 fw_us=1235470199 len=209

2026-09-12 19:23:01,386 INFO image_rx_daemon: published frame_id=0 seq=155 205 B → lifetrac/v25/video/tile_delta

2026-09-12 19:23:01,872 INFO image_rx_daemon: frag_arrival: seq=156 idx=0 total=1 fw_us=1235963677 len=201

2026-09-12 19:23:01,873 INFO image_rx_daemon: published frame_id=0 seq=156 197 B → lifetrac/v25/video/tile_delta

2026-09-12 19:23:02,405 INFO image_rx_daemon: frag_arrival: seq=157 idx=0 total=1 fw_us=1236492848 len=209

2026-09-12 19:23:02,407 INFO image_rx_daemon: published frame_id=0 seq=157 205 B → lifetrac/v25/video/tile_delta

2026-09-12 19:23:02,921 INFO image_rx_daemon: frag_arrival: seq=158 idx=0 total=2 fw_us=1237004293 len=247

2026-09-12 19:23:03,134 INFO image_rx_daemon: frag_arrival: seq=158 idx=1 total=2 fw_us=1237220414 len=231

2026-09-12 19:23:03,136 INFO image_rx_daemon: published frame_id=0 seq=158 470 B → lifetrac/v25/video/tile_delta

2026-09-12 19:23:03,429 INFO image_rx_daemon: frag_arrival: seq=159 idx=0 total=1 fw_us=1237508231 len=230

2026-09-12 19:23:03,430 INFO image_rx_daemon: published frame_id=0 seq=159 226 B → lifetrac/v25/video/tile_delta

RFCO_PERTX during TX wait: profile_id=2 tx_status=0x00(OK) hop_idx=0 channel_idx=0 epoch=0 freq_hz=0 pkt_toa_us=15424 legal_dwell_used_us_10s=0

2026-09-12 19:23:03,708 INFO image_rx_daemon: command TX opcode=0x6c copy=1/1 OK (on air)

2026-09-12 19:23:03,913 INFO image_rx_daemon: frag_arrival: seq=160 idx=0 total=1 fw_us=1237998735 len=187

2026-09-12 19:23:03,914 INFO image_rx_daemon: published frame_id=0 seq=160 183 B → lifetrac/v25/video/tile_delta

2026-09-12 19:23:04,420 INFO image_rx_daemon: frag_arrival: seq=161 idx=0 total=1 fw_us=1238505097 len=216

2026-09-12 19:23:04,421 INFO image_rx_daemon: published frame_id=0 seq=161 212 B → lifetrac/v25/video/tile_delta

2026-09-12 19:23:04,917 INFO image_rx_daemon: frag_arrival: seq=162 idx=0 total=1 fw_us=1239003147 len=217

2026-09-12 19:23:04,918 INFO image_rx_daemon: published frame_id=0 seq=162 213 B → lifetrac/v25/video/tile_delta

2026-09-12 19:23:05,393 INFO image_rx_daemon: frag_arrival: seq=163 idx=0 total=2 fw_us=1239475307 len=247

2026-09-12 19:23:05,611 INFO image_rx_daemon: frag_arrival: seq=163 idx=1 total=2 fw_us=1239696576 len=219

2026-09-12 19:23:05,613 INFO image_rx_daemon: published frame_id=0 seq=163 458 B → lifetrac/v25/video/tile_delta

2026-09-12 19:23:05,890 INFO image_rx_daemon: frag_arrival: seq=164 idx=0 total=2 fw_us=1239975942 len=247

2026-09-12 19:23:06,091 INFO image_rx_daemon: frag_arrival: seq=164 idx=1 total=2 fw_us=1240192748 len=229

2026-09-12 19:23:06,093 INFO image_rx_daemon: published frame_id=0 seq=164 468 B → lifetrac/v25/video/tile_delta

2026-09-12 19:23:06,375 INFO image_rx_daemon: frag_arrival: seq=165 idx=0 total=2 fw_us=1240459821 len=247

2026-09-12 19:23:06,557 INFO image_rx_daemon: frag_arrival: seq=165 idx=1 total=2 fw_us=1240642337 len=149

2026-09-12 19:23:06,558 INFO image_rx_daemon: published frame_id=0 seq=165 388 B → lifetrac/v25/video/tile_delta

RFCO_PERTX during TX wait: profile_id=2 tx_status=0x00(OK) hop_idx=0 channel_idx=0 epoch=0 freq_hz=0 pkt_toa_us=15424 legal_dwell_used_us_10s=0

2026-09-12 19:23:06,837 INFO image_rx_daemon: command TX opcode=0x6c copy=1/1 OK (on air)

2026-09-12 19:23:07,095 INFO image_rx_daemon: frag_arrival: seq=166 idx=1 total=2 fw_us=1241181465 len=247

RFCO_PERTX during TX wait: profile_id=2 tx_status=0x00(OK) hop_idx=0 channel_idx=0 epoch=0 freq_hz=0 pkt_toa_us=10304 legal_dwell_used_us_10s=0

2026-09-12 19:23:07,122 INFO image_rx_daemon: command TX opcode=0x60 copy=1/1 OK (on air)

2026-09-12 19:23:07,366 INFO image_rx_daemon: frag_arrival: seq=167 idx=0 total=2 fw_us=1241449665 len=247

2026-09-12 19:23:07,581 INFO image_rx_daemon: frag_arrival: seq=167 idx=1 total=2 fw_us=1241661985 len=214

2026-09-12 19:23:07,582 INFO image_rx_daemon: published frame_id=0 seq=167 453 B → lifetrac/v25/video/tile_delta

RFCO_PERTX during TX wait: profile_id=2 tx_status=0x00(OK) hop_idx=0 channel_idx=0 epoch=0 freq_hz=0 pkt_toa_us=10304 legal_dwell_used_us_10s=0

2026-09-12 19:23:07,613 INFO image_rx_daemon: command TX opcode=0x60 copy=1/1 OK (on air)

2026-09-12 19:23:07,799 INFO image_rx_daemon: stats: rx_frames=244 rx_decode_err=0 frames_published=163 publish_err=0 reassembler_decode_err=0 reassembler_timeouts=2 parity_recon=0 idle_drain_deferred=0

2026-09-12 19:23:07,801 INFO image_rx_daemon: air_gap: n=27 dt_med=472160us dt_p95=529171us len_med=226B cmd_tx_ok=40 cmd_tx_fail=0

2026-09-12 19:23:07,801 INFO image_rx_daemon: air_gap_hist(ms): <200:1 <400:12 <1000:14

2026-09-12 19:23:07,802 INFO image_rx_daemon: rx_rf: n_rssi=27 n_snr=27 rssi[min/med/max]=-70/-69/-69 snr[min/med/max]=5.0/6.0/6.0

2026-09-12 19:23:07,802 INFO image_rx_daemon: phase_telemetry: valid=27 invalid=0 pre_f8=0 last_epoch=0 last_hop=0 slot_off=[0..0]

2026-09-12 19:23:07,803 INFO image_rx_daemon: air_gap_by_class: seq: n=7 med=216.1ms | boundary: n=19 med=490.5ms | post_loss: n=1 med=539.1ms

2026-09-12 19:23:07,804 INFO image_rx_daemon: lost_frag_idx: n=1 idx0=1 (1.25% of idx0 arrivals) other=0 (0.00%) verdict=CLUSTERED-AT-0 | top 0:1

2026-09-12 19:23:07,897 INFO image_rx_daemon: frag_arrival: seq=168 idx=0 total=1 fw_us=1241980126 len=215

2026-09-12 19:23:07,897 INFO image_rx_daemon: cmd 0x60 CONVERGED after 2 attempts (0.9 s): keyframe received (UNVERIFIED delivery — keyframe may be encoder-initiated)

2026-09-12 19:23:07,898 INFO image_rx_daemon: published frame_id=0 seq=168 211 B → lifetrac/v25/video/tile_delta

2026-09-12 19:23:08,382 INFO image_rx_daemon: frag_arrival: seq=169 idx=0 total=1 fw_us=1242469850 len=182

2026-09-12 19:23:08,383 INFO image_rx_daemon: published frame_id=0 seq=169 178 B → lifetrac/v25/video/tile_delta

2026-09-12 19:23:08,892 INFO image_rx_daemon: frag_arrival: seq=170 idx=0 total=2 fw_us=1242972781 len=247

2026-09-12 19:23:09,103 INFO image_rx_daemon: frag_arrival: seq=170 idx=1 total=2 fw_us=1243192392 len=217

2026-09-12 19:23:09,104 INFO image_rx_daemon: published frame_id=0 seq=170 456 B → lifetrac/v25/video/tile_delta

2026-09-12 19:23:09,378 INFO image_rx_daemon: frag_arrival: seq=171 idx=0 total=2 fw_us=1243467170 len=247

2026-09-12 19:23:09,601 INFO image_rx_daemon: frag_arrival: seq=171 idx=1 total=2 fw_us=1243690181 len=222

2026-09-12 19:23:09,603 INFO image_rx_daemon: published frame_id=0 seq=171 461 B → lifetrac/v25/video/tile_delta

INFO: unrelated frame during TX wait type=0x91

RFCO_PERTX during TX wait: profile_id=2 tx_status=0x00(OK) hop_idx=0 channel_idx=0 epoch=0 freq_hz=0 pkt_toa_us=15424 legal_dwell_used_us_10s=0

2026-09-12 19:23:09,883 INFO image_rx_daemon: command TX opcode=0x6c copy=1/1 OK (on air)

2026-09-12 19:23:10,053 INFO image_rx_daemon: frag_arrival: seq=172 idx=1 total=2 fw_us=1244145629 len=217

2026-09-12 19:23:10,361 INFO image_rx_daemon: frag_arrival: seq=173 idx=0 total=1 fw_us=1244444691 len=242

2026-09-12 19:23:10,363 INFO image_rx_daemon: published frame_id=0 seq=173 238 B → lifetrac/v25/video/tile_delta

2026-09-12 19:23:10,864 INFO image_rx_daemon: frag_arrival: seq=174 idx=0 total=2 fw_us=1244947850 len=247

2026-09-12 19:23:11,076 INFO image_rx_daemon: frag_arrival: seq=174 idx=1 total=2 fw_us=1245168152 len=217

2026-09-12 19:23:11,078 INFO image_rx_daemon: published frame_id=0 seq=174 456 B → lifetrac/v25/video/tile_delta

2026-09-12 19:23:11,386 INFO image_rx_daemon: frag_arrival: seq=175 idx=0 total=2 fw_us=1245479030 len=247

2026-09-12 19:23:11,597 INFO image_rx_daemon: frag_arrival: seq=175 idx=1 total=2 fw_us=1245693115 len=225

2026-09-12 19:23:11,598 INFO image_rx_daemon: published frame_id=0 seq=175 464 B → lifetrac/v25/video/tile_delta

2026-09-12 19:23:11,873 INFO image_rx_daemon: frag_arrival: seq=176 idx=0 total=1 fw_us=1245962119 len=244

2026-09-12 19:23:11,874 INFO image_rx_daemon: published frame_id=0 seq=176 240 B → lifetrac/v25/video/tile_delta

2026-09-12 19:23:12,352 INFO image_rx_daemon: frag_arrival: seq=177 idx=0 total=1 fw_us=1246445474 len=167

2026-09-12 19:23:12,354 INFO image_rx_daemon: published frame_id=0 seq=177 163 B → lifetrac/v25/video/tile_delta

INFO: unrelated frame during TX wait type=0x91

RFCO_PERTX during TX wait: profile_id=2 tx_status=0x00(OK) hop_idx=0 channel_idx=0 epoch=0 freq_hz=0 pkt_toa_us=15424 legal_dwell_used_us_10s=0

2026-09-12 19:23:12,890 INFO image_rx_daemon: command TX opcode=0x6c copy=1/1 OK (on air)

2026-09-12 19:23:13,388 INFO image_rx_daemon: frag_arrival: seq=179 idx=0 total=2 fw_us=1247469499 len=247

2026-09-12 19:23:13,613 INFO image_rx_daemon: frag_arrival: seq=179 idx=1 total=2 fw_us=1247696691 len=232

2026-09-12 19:23:13,614 INFO image_rx_daemon: published frame_id=0 seq=179 471 B → lifetrac/v25/video/tile_delta

2026-09-12 19:23:13,870 INFO image_rx_daemon: frag_arrival: seq=180 idx=0 total=2 fw_us=1247961033 len=247

2026-09-12 19:23:14,081 INFO image_rx_daemon: frag_arrival: seq=180 idx=1 total=2 fw_us=1248169030 len=209

2026-09-12 19:23:14,082 INFO image_rx_daemon: published frame_id=0 seq=180 448 B → lifetrac/v25/video/tile_delta

2026-09-12 19:23:14,352 INFO image_rx_daemon: frag_arrival: seq=181 idx=0 total=1 fw_us=1248450486 len=212

2026-09-12 19:23:14,354 INFO image_rx_daemon: published frame_id=0 seq=181 208 B → lifetrac/v25/video/tile_delta

2026-09-12 19:23:14,880 INFO image_rx_daemon: frag_arrival: seq=182 idx=0 total=2 fw_us=1248963796 len=247

2026-09-12 19:23:15,093 INFO image_rx_daemon: frag_arrival: seq=182 idx=1 total=2 fw_us=1249184011 len=240

2026-09-12 19:23:15,094 INFO image_rx_daemon: published frame_id=0 seq=182 479 B → lifetrac/v25/video/tile_delta

2026-09-12 19:23:15,402 INFO image_rx_daemon: frag_arrival: seq=183 idx=0 total=2 fw_us=1249487848 len=247

2026-09-12 19:23:15,614 INFO image_rx_daemon: frag_arrival: seq=183 idx=1 total=2 fw_us=1249703096 len=207

2026-09-12 19:23:15,615 INFO image_rx_daemon: published frame_id=0 seq=183 446 B → lifetrac/v25/video/tile_delta

INFO: unrelated frame during TX wait type=0x91

RFCO_PERTX during TX wait: profile_id=2 tx_status=0x00(OK) hop_idx=0 channel_idx=0 epoch=0 freq_hz=0 pkt_toa_us=15424 legal_dwell_used_us_10s=0

2026-09-12 19:23:15,908 INFO image_rx_daemon: command TX opcode=0x6c copy=1/1 OK (on air)

2026-09-12 19:23:16,145 INFO image_rx_daemon: frag_arrival: seq=184 idx=1 total=2 fw_us=1250225696 len=224

2026-09-12 19:23:16,389 INFO image_rx_daemon: frag_arrival: seq=185 idx=0 total=2 fw_us=1250468856 len=247

2026-09-12 19:23:16,603 INFO image_rx_daemon: frag_arrival: seq=185 idx=1 total=2 fw_us=1250692792 len=227

2026-09-12 19:23:16,604 INFO image_rx_daemon: published frame_id=0 seq=185 466 B → lifetrac/v25/video/tile_delta

2026-09-12 19:23:16,837 INFO image_rx_daemon: frag_arrival: seq=186 idx=0 total=1 fw_us=1250924355 len=149

2026-09-12 19:23:16,838 INFO image_rx_daemon: published frame_id=0 seq=186 145 B → lifetrac/v25/video/tile_delta

2026-09-12 19:23:17,338 INFO image_rx_daemon: frag_arrival: seq=187 idx=0 total=1 fw_us=1251427675 len=203

2026-09-12 19:23:17,340 INFO image_rx_daemon: published frame_id=0 seq=187 199 B → lifetrac/v25/video/tile_delta

2026-09-12 19:23:17,807 INFO image_rx_daemon: stats: rx_frames=272 rx_decode_err=0 frames_published=180 publish_err=0 reassembler_decode_err=0 reassembler_timeouts=4 parity_recon=0 idle_drain_deferred=0

2026-09-12 19:23:17,809 INFO image_rx_daemon: air_gap: n=28 dt_med=281456us dt_p95=522600us len_med=227B cmd_tx_ok=43 cmd_tx_fail=0

2026-09-12 19:23:17,811 INFO image_rx_daemon: air_gap_hist(ms): <400:19 <1000:8 >=1000:1

2026-09-12 19:23:17,812 INFO image_rx_daemon: rx_rf: n_rssi=28 n_snr=28 rssi[min/med/max]=-70/-69/-68 snr[min/med/max]=5.0/6.0/6.0

2026-09-12 19:23:17,812 INFO image_rx_daemon: phase_telemetry: valid=28 invalid=0 pre_f8=0 last_epoch=0 last_hop=0 slot_off=[0..0]

2026-09-12 19:23:17,813 INFO image_rx_daemon: air_gap_by_class: seq: n=9 med=220.2ms | boundary: n=17 med=310.9ms | post_loss: n=2 med=522.6ms

2026-09-12 19:23:17,814 INFO image_rx_daemon: lost_frag_idx: n=2 idx0=2 (10.53% of idx0 arrivals) other=0 (0.00%) verdict=CLUSTERED-AT-0 | top 0:2

2026-09-12 19:23:17,839 INFO image_rx_daemon: frag_arrival: seq=188 idx=0 total=1 fw_us=1251932943 len=244

2026-09-12 19:23:17,841 INFO image_rx_daemon: published frame_id=0 seq=188 240 B → lifetrac/v25/video/tile_delta

2026-09-12 19:23:18,389 INFO image_rx_daemon: frag_arrival: seq=189 idx=0 total=3 fw_us=1252472030 len=247

2026-09-12 19:23:18,509 INFO image_rx_daemon: frag_arrival: seq=189 idx=1 total=3 fw_us=1252588373 len=247

2026-09-12 19:23:18,605 INFO image_rx_daemon: frag_arrival: seq=189 idx=2 total=3 fw_us=1252714154 len=10

2026-09-12 19:23:18,606 INFO image_rx_daemon: published frame_id=0 seq=189 492 B → lifetrac/v25/video/tile_delta

RFCO_PERTX during TX wait: profile_id=2 tx_status=0x00(OK) hop_idx=0 channel_idx=0 epoch=0 freq_hz=0 pkt_toa_us=15424 legal_dwell_used_us_10s=0

2026-09-12 19:23:18,886 INFO image_rx_daemon: command TX opcode=0x6c copy=1/1 OK (on air)

2026-09-12 19:23:19,414 INFO image_rx_daemon: frag_arrival: seq=191 idx=0 total=2 fw_us=1253496657 len=247

2026-09-12 19:23:19,637 INFO image_rx_daemon: frag_arrival: seq=191 idx=1 total=2 fw_us=1253723747 len=232

2026-09-12 19:23:19,639 INFO image_rx_daemon: published frame_id=0 seq=191 471 B → lifetrac/v25/video/tile_delta

2026-09-12 19:23:19,902 INFO image_rx_daemon: frag_arrival: seq=192 idx=0 total=2 fw_us=1253989345 len=247

2026-09-12 19:23:20,125 INFO image_rx_daemon: frag_arrival: seq=192 idx=1 total=2 fw_us=1254207589 len=214

2026-09-12 19:23:20,126 INFO image_rx_daemon: published frame_id=0 seq=192 453 B → lifetrac/v25/video/tile_delta

2026-09-12 19:23:20,417 INFO image_rx_daemon: frag_arrival: seq=193 idx=0 total=2 fw_us=1254501468 len=247

2026-09-12 19:23:20,629 INFO image_rx_daemon: frag_arrival: seq=193 idx=1 total=2 fw_us=1254718383 len=235

2026-09-12 19:23:20,630 INFO image_rx_daemon: published frame_id=0 seq=193 474 B → lifetrac/v25/video/tile_delta

2026-09-12 19:23:20,906 INFO image_rx_daemon: frag_arrival: seq=194 idx=0 total=2 fw_us=1254992601 len=247

2026-09-12 19:23:21,121 INFO image_rx_daemon: frag_arrival: seq=194 idx=1 total=2 fw_us=1255213856 len=218

2026-09-12 19:23:21,122 INFO image_rx_daemon: published frame_id=0 seq=194 457 B → lifetrac/v25/video/tile_delta

2026-09-12 19:23:21,407 INFO image_rx_daemon: frag_arrival: seq=195 idx=0 total=2 fw_us=1255490844 len=247

2026-09-12 19:23:21,619 INFO image_rx_daemon: frag_arrival: seq=195 idx=1 total=2 fw_us=1255709996 len=211

2026-09-12 19:23:21,620 INFO image_rx_daemon: published frame_id=0 seq=195 450 B → lifetrac/v25/video/tile_delta

INFO: unrelated frame during TX wait type=0x91

RFCO_PERTX during TX wait: profile_id=2 tx_status=0x00(OK) hop_idx=0 channel_idx=0 epoch=0 freq_hz=0 pkt_toa_us=15424 legal_dwell_used_us_10s=0

2026-09-12 19:23:21,910 INFO image_rx_daemon: command TX opcode=0x6c copy=1/1 OK (on air)

RFCO_PERTX during TX wait: profile_id=2 tx_status=0x00(OK) hop_idx=0 channel_idx=0 epoch=0 freq_hz=0 pkt_toa_us=10304 legal_dwell_used_us_10s=0

2026-09-12 19:23:22,199 INFO image_rx_daemon: command TX opcode=0x60 copy=1/1 OK (on air)

2026-09-12 19:23:22,355 INFO image_rx_daemon: frag_arrival: seq=197 idx=0 total=1 fw_us=1256452122 len=176

2026-09-12 19:23:22,358 INFO image_rx_daemon: published frame_id=0 seq=197 172 B → lifetrac/v25/video/tile_delta

RFCO_PERTX during TX wait: profile_id=2 tx_status=0x00(OK) hop_idx=0 channel_idx=0 epoch=0 freq_hz=0 pkt_toa_us=10304 legal_dwell_used_us_10s=0

2026-09-12 19:23:22,645 INFO image_rx_daemon: command TX opcode=0x60 copy=1/1 OK (on air)

2026-09-12 19:23:22,881 INFO image_rx_daemon: frag_arrival: seq=198 idx=0 total=1 fw_us=1256962691 len=242

2026-09-12 19:23:22,882 INFO image_rx_daemon: cmd 0x60 CONVERGED after 2 attempts (0.9 s): keyframe received (UNVERIFIED delivery — keyframe may be encoder-initiated)

2026-09-12 19:23:22,883 INFO image_rx_daemon: published frame_id=0 seq=198 238 B → lifetrac/v25/video/tile_delta

2026-09-12 19:23:23,349 INFO image_rx_daemon: frag_arrival: seq=199 idx=0 total=1 fw_us=1257433633 len=175

2026-09-12 19:23:23,354 INFO image_rx_daemon: published frame_id=0 seq=199 171 B → lifetrac/v25/video/tile_delta

2026-09-12 19:23:23,861 INFO image_rx_daemon: frag_arrival: seq=200 idx=0 total=1 fw_us=1257948112 len=222

2026-09-12 19:23:23,862 INFO image_rx_daemon: published frame_id=0 seq=200 218 B → lifetrac/v25/video/tile_delta

2026-09-12 19:23:24,365 INFO image_rx_daemon: frag_arrival: seq=201 idx=0 total=1 fw_us=1258452778 len=236

2026-09-12 19:23:24,366 INFO image_rx_daemon: published frame_id=0 seq=201 232 B → lifetrac/v25/video/tile_delta

INFO: unrelated frame during TX wait type=0x91

RFCO_PERTX during TX wait: profile_id=2 tx_status=0x00(OK) hop_idx=0 channel_idx=0 epoch=0 freq_hz=0 pkt_toa_us=15424 legal_dwell_used_us_10s=0

2026-09-12 19:23:24,906 INFO image_rx_daemon: command TX opcode=0x6c copy=1/1 OK (on air)

2026-09-12 19:23:25,401 INFO image_rx_daemon: frag_arrival: seq=203 idx=0 total=2 fw_us=1259482363 len=247

2026-09-12 19:23:25,594 INFO image_rx_daemon: frag_arrival: seq=203 idx=1 total=2 fw_us=1259683266 len=172

2026-09-12 19:23:25,597 INFO image_rx_daemon: published frame_id=0 seq=203 411 B → lifetrac/v25/video/tile_delta

2026-09-12 19:23:25,885 INFO image_rx_daemon: frag_arrival: seq=204 idx=0 total=2 fw_us=1259972893 len=247

2026-09-12 19:23:26,105 INFO image_rx_daemon: frag_arrival: seq=204 idx=1 total=2 fw_us=1260190739 len=234

2026-09-12 19:23:26,106 INFO image_rx_daemon: published frame_id=0 seq=204 473 B → lifetrac/v25/video/tile_delta

2026-09-12 19:23:26,369 INFO image_rx_daemon: frag_arrival: seq=205 idx=0 total=1 fw_us=1260459580 len=232

2026-09-12 19:23:26,371 INFO image_rx_daemon: published frame_id=0 seq=205 228 B → lifetrac/v25/video/tile_delta

2026-09-12 19:23:26,876 INFO image_rx_daemon: frag_arrival: seq=206 idx=0 total=2 fw_us=1260964380 len=247

2026-09-12 19:23:27,089 INFO image_rx_daemon: frag_arrival: seq=206 idx=1 total=2 fw_us=1261176098 len=220

2026-09-12 19:23:27,090 INFO image_rx_daemon: published frame_id=0 seq=206 459 B → lifetrac/v25/video/tile_delta

2026-09-12 19:23:27,368 INFO image_rx_daemon: frag_arrival: seq=207 idx=0 total=2 fw_us=1261464505 len=247

2026-09-12 19:23:27,605 INFO image_rx_daemon: frag_arrival: seq=207 idx=1 total=2 fw_us=1261684926 len=240

2026-09-12 19:23:27,606 INFO image_rx_daemon: published frame_id=0 seq=207 479 B → lifetrac/v25/video/tile_delta

2026-09-12 19:23:27,817 INFO image_rx_daemon: stats: rx_frames=300 rx_decode_err=0 frames_published=197 publish_err=0 reassembler_decode_err=0 reassembler_timeouts=5 parity_recon=0 idle_drain_deferred=0

2026-09-12 19:23:27,817 INFO image_rx_daemon: air_gap: n=28 dt_med=276988us dt_p95=782503us len_med=240B cmd_tx_ok=48 cmd_tx_fail=0

2026-09-12 19:23:27,818 INFO image_rx_daemon: air_gap_hist(ms): <120:1 <200:1 <400:16 <1000:9 >=1000:1

2026-09-12 19:23:27,818 INFO image_rx_daemon: rx_rf: n_rssi=28 n_snr=28 rssi[min/med/max]=-70/-69/-69 snr[min/med/max]=5.0/5.0/6.0

2026-09-12 19:23:27,819 INFO image_rx_daemon: phase_telemetry: valid=28 invalid=0 pre_f8=0 last_epoch=0 last_hop=0 slot_off=[0..0]

2026-09-12 19:23:27,819 INFO image_rx_daemon: air_gap_by_class: seq: n=11 med=217.8ms | boundary: n=17 med=504.7ms

RFCO_PERTX during TX wait: profile_id=2 tx_status=0x00(OK) hop_idx=0 channel_idx=0 epoch=0 freq_hz=0 pkt_toa_us=15424 legal_dwell_used_us_10s=0

2026-09-12 19:23:27,880 INFO image_rx_daemon: command TX opcode=0x6c copy=1/1 OK (on air)

2026-09-12 19:23:28,373 INFO image_rx_daemon: frag_arrival: seq=209 idx=0 total=1 fw_us=1262458372 len=203

2026-09-12 19:23:28,374 INFO image_rx_daemon: published frame_id=0 seq=209 199 B → lifetrac/v25/video/tile_delta

2026-09-12 19:23:28,885 INFO image_rx_daemon: frag_arrival: seq=210 idx=0 total=1 fw_us=1262967601 len=203

2026-09-12 19:23:28,886 INFO image_rx_daemon: published frame_id=0 seq=210 199 B → lifetrac/v25/video/tile_delta

2026-09-12 19:23:29,393 INFO image_rx_daemon: frag_arrival: seq=211 idx=0 total=1 fw_us=1263481192 len=213

2026-09-12 19:23:29,394 INFO image_rx_daemon: published frame_id=0 seq=211 209 B → lifetrac/v25/video/tile_delta

2026-09-12 19:23:29,913 INFO image_rx_daemon: frag_arrival: seq=212 idx=0 total=1 fw_us=1263999470 len=217

2026-09-12 19:23:29,915 INFO image_rx_daemon: published frame_id=0 seq=212 213 B → lifetrac/v25/video/tile_delta

2026-09-12 19:23:30,420 INFO image_rx_daemon: frag_arrival: seq=213 idx=0 total=1 fw_us=1264501542 len=234

2026-09-12 19:23:30,421 INFO image_rx_daemon: published frame_id=0 seq=213 230 B → lifetrac/v25/video/tile_delta

RFCO_PERTX during TX wait: profile_id=2 tx_status=0x00(OK) hop_idx=0 channel_idx=0 epoch=0 freq_hz=0 pkt_toa_us=15424 legal_dwell_used_us_10s=0

2026-09-12 19:23:30,703 INFO image_rx_daemon: command TX opcode=0x6c copy=1/1 OK (on air)

2026-09-12 19:23:30,885 INFO image_rx_daemon: frag_arrival: seq=214 idx=0 total=1 fw_us=1264976033 len=187

2026-09-12 19:23:30,886 INFO image_rx_daemon: published frame_id=0 seq=214 183 B → lifetrac/v25/video/tile_delta

2026-09-12 19:23:31,375 INFO image_rx_daemon: frag_arrival: seq=215 idx=0 total=2 fw_us=1265460596 len=247

2026-09-12 19:23:31,601 INFO image_rx_daemon: frag_arrival: seq=215 idx=1 total=2 fw_us=1265680410 len=215

2026-09-12 19:23:31,602 INFO image_rx_daemon: published frame_id=0 seq=215 454 B → lifetrac/v25/video/tile_delta

2026-09-12 19:23:31,859 INFO image_rx_daemon: frag_arrival: seq=216 idx=0 total=1 fw_us=1265941539 len=214

2026-09-12 19:23:31,860 INFO image_rx_daemon: published frame_id=0 seq=216 210 B → lifetrac/v25/video/tile_delta

2026-09-12 19:23:32,418 INFO image_rx_daemon: frag_arrival: seq=217 idx=0 total=2 fw_us=1266505082 len=247

2026-09-12 19:23:32,653 INFO image_rx_daemon: frag_arrival: seq=217 idx=1 total=2 fw_us=1266732752 len=233

2026-09-12 19:23:32,654 INFO image_rx_daemon: published frame_id=0 seq=217 472 B → lifetrac/v25/video/tile_delta

2026-09-12 19:23:32,925 INFO image_rx_daemon: frag_arrival: seq=218 idx=0 total=2 fw_us=1266999555 len=247

2026-09-12 19:23:33,129 INFO image_rx_daemon: frag_arrival: seq=218 idx=1 total=2 fw_us=1267212009 len=221

2026-09-12 19:23:33,130 INFO image_rx_daemon: published frame_id=0 seq=218 460 B → lifetrac/v25/video/tile_delta

2026-09-12 19:23:33,393 INFO image_rx_daemon: frag_arrival: seq=219 idx=0 total=1 fw_us=1267477187 len=211

2026-09-12 19:23:33,394 INFO image_rx_daemon: published frame_id=0 seq=219 207 B → lifetrac/v25/video/tile_delta

2026-09-12 19:23:33,893 INFO image_rx_daemon: frag_arrival: seq=220 idx=0 total=2 fw_us=1267972844 len=247

2026-09-12 19:23:34,068 INFO image_rx_daemon: frag_arrival: seq=220 idx=1 total=2 fw_us=1268164924 len=151

2026-09-12 19:23:34,070 INFO image_rx_daemon: published frame_id=0 seq=220 390 B → lifetrac/v25/video/tile_delta

RFCO_PERTX during TX wait: profile_id=2 tx_status=0x00(OK) hop_idx=0 channel_idx=0 epoch=0 freq_hz=0 pkt_toa_us=15424 legal_dwell_used_us_10s=0

2026-09-12 19:23:34,097 INFO image_rx_daemon: command TX opcode=0x6c copy=1/1 OK (on air)

2026-09-12 19:23:34,397 INFO image_rx_daemon: frag_arrival: seq=221 idx=0 total=2 fw_us=1268477255 len=247

2026-09-12 19:23:34,597 INFO image_rx_daemon: frag_arrival: seq=221 idx=1 total=2 fw_us=1268684555 len=206

2026-09-12 19:23:34,598 INFO image_rx_daemon: published frame_id=0 seq=221 445 B → lifetrac/v25/video/tile_delta

2026-09-12 19:23:34,885 INFO image_rx_daemon: frag_arrival: seq=222 idx=0 total=1 fw_us=1268970824 len=221

2026-09-12 19:23:34,886 INFO image_rx_daemon: published frame_id=0 seq=222 217 B → lifetrac/v25/video/tile_delta

2026-09-12 19:23:35,401 INFO image_rx_daemon: frag_arrival: seq=223 idx=0 total=1 fw_us=1269484912 len=190

2026-09-12 19:23:35,402 INFO image_rx_daemon: published frame_id=0 seq=223 186 B → lifetrac/v25/video/tile_delta

2026-09-12 19:23:35,945 INFO image_rx_daemon: frag_arrival: seq=224 idx=0 total=2 fw_us=1270019262 len=247

2026-09-12 19:23:36,166 INFO image_rx_daemon: frag_arrival: seq=224 idx=1 total=2 fw_us=1270248994 len=239

2026-09-12 19:23:36,168 INFO image_rx_daemon: published frame_id=0 seq=224 478 B → lifetrac/v25/video/tile_delta

2026-09-12 19:23:36,461 INFO image_rx_daemon: frag_arrival: seq=225 idx=0 total=2 fw_us=1270537462 len=247

2026-09-12 19:23:36,667 INFO image_rx_daemon: frag_arrival: seq=225 idx=1 total=2 fw_us=1270761512 len=226

2026-09-12 19:23:36,669 INFO image_rx_daemon: published frame_id=0 seq=225 465 B → lifetrac/v25/video/tile_delta

RFCO_PERTX during TX wait: profile_id=2 tx_status=0x00(OK) hop_idx=0 channel_idx=0 epoch=0 freq_hz=0 pkt_toa_us=15424 legal_dwell_used_us_10s=0

2026-09-12 19:23:36,696 INFO image_rx_daemon: command TX opcode=0x6c copy=1/1 OK (on air)

2026-09-12 19:23:36,921 INFO image_rx_daemon: frag_arrival: seq=226 idx=0 total=1 fw_us=1271003033 len=242

2026-09-12 19:23:36,922 INFO image_rx_daemon: published frame_id=0 seq=226 238 B → lifetrac/v25/video/tile_delta

RFCO_PERTX during TX wait: profile_id=2 tx_status=0x00(OK) hop_idx=0 channel_idx=0 epoch=0 freq_hz=0 pkt_toa_us=10304 legal_dwell_used_us_10s=0

2026-09-12 19:23:37,202 INFO image_rx_daemon: command TX opcode=0x60 copy=1/1 OK (on air)

2026-09-12 19:23:37,438 INFO image_rx_daemon: frag_arrival: seq=227 idx=0 total=2 fw_us=1271523838 len=247

2026-09-12 19:23:37,653 INFO image_rx_daemon: frag_arrival: seq=227 idx=1 total=2 fw_us=1271737549 len=225

2026-09-12 19:23:37,654 INFO image_rx_daemon: published frame_id=0 seq=227 464 B → lifetrac/v25/video/tile_delta

RFCO_PERTX during TX wait: profile_id=2 tx_status=0x00(OK) hop_idx=0 channel_idx=0 epoch=0 freq_hz=0 pkt_toa_us=10304 legal_dwell_used_us_10s=0

2026-09-12 19:23:37,685 INFO image_rx_daemon: command TX opcode=0x60 copy=1/1 OK (on air)

2026-09-12 19:23:37,823 INFO image_rx_daemon: stats: rx_frames=327 rx_decode_err=0 frames_published=216 publish_err=0 reassembler_decode_err=0 reassembler_timeouts=5 parity_recon=0 idle_drain_deferred=0

2026-09-12 19:23:37,825 INFO image_rx_daemon: air_gap: n=27 dt_med=288468us dt_p95=563543us len_med=225B cmd_tx_ok=54 cmd_tx_fail=0

2026-09-12 19:23:37,826 INFO image_rx_daemon: air_gap_hist(ms): <200:1 <400:14 <1000:12

2026-09-12 19:23:37,827 INFO image_rx_daemon: rx_rf: n_rssi=27 n_snr=27 rssi[min/med/max]=-70/-69/-68 snr[min/med/max]=5.0/6.0/6.0

2026-09-12 19:23:37,828 INFO image_rx_daemon: phase_telemetry: valid=27 invalid=0 pre_f8=0 last_epoch=0 last_hop=0 slot_off=[0..0]

2026-09-12 19:23:37,829 INFO image_rx_daemon: air_gap_by_class: seq: n=8 med=219.8ms | boundary: n=19 med=495.7ms

2026-09-12 19:23:37,901 INFO image_rx_daemon: frag_arrival: seq=228 idx=0 total=1 fw_us=1271989833 len=235

2026-09-12 19:23:37,902 INFO image_rx_daemon: cmd 0x60 CONVERGED after 2 attempts (0.8 s): keyframe received (UNVERIFIED delivery — keyframe may be encoder-initiated)

2026-09-12 19:23:37,903 INFO image_rx_daemon: published frame_id=0 seq=228 231 B → lifetrac/v25/video/tile_delta

2026-09-12 19:23:38,407 INFO image_rx_daemon: frag_arrival: seq=229 idx=0 total=1 fw_us=1272488970 len=238

2026-09-12 19:23:38,408 INFO image_rx_daemon: published frame_id=0 seq=229 234 B → lifetrac/v25/video/tile_delta

2026-09-12 19:23:38,881 INFO image_rx_daemon: frag_arrival: seq=230 idx=0 total=2 fw_us=1272967946 len=247

2026-09-12 19:23:39,056 INFO image_rx_daemon: frag_arrival: seq=230 idx=1 total=2 fw_us=1273153487 len=157

2026-09-12 19:23:39,059 INFO image_rx_daemon: published frame_id=0 seq=230 396 B → lifetrac/v25/video/tile_delta

2026-09-12 19:23:39,378 INFO image_rx_daemon: frag_arrival: seq=231 idx=0 total=2 fw_us=1273461472 len=247

2026-09-12 19:23:39,601 INFO image_rx_daemon: frag_arrival: seq=231 idx=1 total=2 fw_us=1273681416 len=216

2026-09-12 19:23:39,602 INFO image_rx_daemon: published frame_id=0 seq=231 455 B → lifetrac/v25/video/tile_delta

INFO: unrelated frame during TX wait type=0x91

RFCO_PERTX during TX wait: profile_id=2 tx_status=0x00(OK) hop_idx=0 channel_idx=0 epoch=0 freq_hz=0 pkt_toa_us=15424 legal_dwell_used_us_10s=0

2026-09-12 19:23:39,881 INFO image_rx_daemon: command TX opcode=0x6c copy=1/1 OK (on air)

2026-09-12 19:23:40,125 INFO image_rx_daemon: frag_arrival: seq=232 idx=1 total=2 fw_us=1274209400 len=231

2026-09-12 19:23:40,396 INFO image_rx_daemon: frag_arrival: seq=233 idx=0 total=1 fw_us=1274486033 len=246

2026-09-12 19:23:40,397 INFO image_rx_daemon: published frame_id=0 seq=233 242 B → lifetrac/v25/video/tile_delta

2026-09-12 19:23:40,933 INFO image_rx_daemon: frag_arrival: seq=234 idx=0 total=2 fw_us=1275016671 len=247

2026-09-12 19:23:41,145 INFO image_rx_daemon: frag_arrival: seq=234 idx=1 total=2 fw_us=1275233845 len=210

2026-09-12 19:23:41,146 INFO image_rx_daemon: published frame_id=0 seq=234 449 B → lifetrac/v25/video/tile_delta

2026-09-12 19:23:41,433 INFO image_rx_daemon: frag_arrival: seq=235 idx=0 total=2 fw_us=1275514907 len=247

2026-09-12 19:23:41,649 INFO image_rx_daemon: frag_arrival: seq=235 idx=1 total=2 fw_us=1275727502 len=200

2026-09-12 19:23:41,650 INFO image_rx_daemon: published frame_id=0 seq=235 439 B → lifetrac/v25/video/tile_delta

2026-09-12 19:23:41,934 INFO image_rx_daemon: frag_arrival: seq=236 idx=0 total=2 fw_us=1276018178 len=247

2026-09-12 19:23:42,125 INFO image_rx_daemon: frag_arrival: seq=236 idx=1 total=2 fw_us=1276213386 len=155

2026-09-12 19:23:42,126 INFO image_rx_daemon: published frame_id=0 seq=236 394 B → lifetrac/v25/video/tile_delta

2026-09-12 19:23:42,465 INFO image_rx_daemon: frag_arrival: seq=237 idx=0 total=2 fw_us=1276545949 len=247

2026-09-12 19:23:42,667 INFO image_rx_daemon: frag_arrival: seq=237 idx=1 total=2 fw_us=1276752738 len=183

2026-09-12 19:23:42,669 INFO image_rx_daemon: published frame_id=0 seq=237 422 B → lifetrac/v25/video/tile_delta

INFO: unrelated frame during TX wait type=0x91

RFCO_PERTX during TX wait: profile_id=2 tx_status=0x00(OK) hop_idx=0 channel_idx=0 epoch=0 freq_hz=0 pkt_toa_us=15424 legal_dwell_used_us_10s=0

2026-09-12 19:23:42,949 INFO image_rx_daemon: command TX opcode=0x6c copy=1/1 OK (on air)

2026-09-12 19:23:43,411 INFO image_rx_daemon: frag_arrival: seq=239 idx=0 total=1 fw_us=1277505653 len=233

2026-09-12 19:23:43,413 INFO image_rx_daemon: published frame_id=0 seq=239 229 B → lifetrac/v25/video/tile_delta

2026-09-12 19:23:43,933 INFO image_rx_daemon: frag_arrival: seq=240 idx=0 total=2 fw_us=1278011583 len=247

2026-09-12 19:23:44,133 INFO image_rx_daemon: frag_arrival: seq=240 idx=1 total=2 fw_us=1278223662 len=220

2026-09-12 19:23:44,134 INFO image_rx_daemon: published frame_id=0 seq=240 459 B → lifetrac/v25/video/tile_delta

2026-09-12 19:23:44,136 WARNING image_rx_daemon: crc_dump: irq=0x70 rx_len=24 snr=-11.5 rssi=-113 dump=cf15a8b77aa4c687fd2f782da2f2f36b4007b02fe2d5dafe

2026-09-12 19:23:44,384 INFO image_rx_daemon: frag_arrival: seq=241 idx=0 total=1 fw_us=1278467400 len=203

2026-09-12 19:23:44,385 INFO image_rx_daemon: published frame_id=0 seq=241 199 B → lifetrac/v25/video/tile_delta

2026-09-12 19:23:44,897 INFO image_rx_daemon: frag_arrival: seq=242 idx=0 total=1 fw_us=1278975191 len=246

2026-09-12 19:23:44,898 INFO image_rx_daemon: published frame_id=0 seq=242 242 B → lifetrac/v25/video/tile_delta

2026-09-12 19:23:45,400 INFO image_rx_daemon: frag_arrival: seq=243 idx=0 total=3 fw_us=1279486436 len=247

2026-09-12 19:23:45,516 INFO image_rx_daemon: frag_arrival: seq=243 idx=1 total=3 fw_us=1279603640 len=247

2026-09-12 19:23:45,625 INFO image_rx_daemon: frag_arrival: seq=243 idx=2 total=3 fw_us=1279729650 len=8

2026-09-12 19:23:45,629 INFO image_rx_daemon: published frame_id=0 seq=243 490 B → lifetrac/v25/video/tile_delta

INFO: unrelated frame during TX wait type=0x91

RFCO_PERTX during TX wait: profile_id=2 tx_status=0x00(OK) hop_idx=0 channel_idx=0 epoch=0 freq_hz=0 pkt_toa_us=15424 legal_dwell_used_us_10s=0

2026-09-12 19:23:45,910 INFO image_rx_daemon: command TX opcode=0x6c copy=1/1 OK (on air)

2026-09-12 19:23:46,081 INFO image_rx_daemon: frag_arrival: seq=244 idx=1 total=2 fw_us=1280171216 len=213

2026-09-12 19:23:46,397 INFO image_rx_daemon: frag_arrival: seq=245 idx=0 total=2 fw_us=1280481643 len=247

2026-09-12 19:23:46,635 INFO image_rx_daemon: frag_arrival: seq=245 idx=1 total=2 fw_us=1280713169 len=244

2026-09-12 19:23:46,636 INFO image_rx_daemon: published frame_id=0 seq=245 483 B → lifetrac/v25/video/tile_delta

2026-09-12 19:23:46,870 INFO image_rx_daemon: frag_arrival: seq=246 idx=0 total=2 fw_us=1280970330 len=247

2026-09-12 19:23:47,103 INFO image_rx_daemon: frag_arrival: seq=246 idx=1 total=2 fw_us=1281188566 len=214

2026-09-12 19:23:47,104 INFO image_rx_daemon: published frame_id=0 seq=246 453 B → lifetrac/v25/video/tile_delta

2026-09-12 19:23:47,379 INFO image_rx_daemon: frag_arrival: seq=247 idx=0 total=2 fw_us=1281467301 len=247

2026-09-12 19:23:47,613 INFO image_rx_daemon: frag_arrival: seq=247 idx=1 total=2 fw_us=1281697114 len=241

2026-09-12 19:23:47,614 INFO image_rx_daemon: published frame_id=0 seq=247 480 B → lifetrac/v25/video/tile_delta

2026-09-12 19:23:47,832 INFO image_rx_daemon: stats: rx_frames=358 rx_decode_err=0 frames_published=233 publish_err=0 reassembler_decode_err=0 reassembler_timeouts=7 parity_recon=0 idle_drain_deferred=0

2026-09-12 19:23:47,834 INFO image_rx_daemon: air_gap: n=31 dt_med=276633us dt_p95=530638us len_med=241B cmd_tx_ok=57 cmd_tx_fail=0

2026-09-12 19:23:47,835 INFO image_rx_daemon: air_gap_hist(ms): <120:1 <200:3 <400:18 <1000:9

2026-09-12 19:23:47,836 INFO image_rx_daemon: rx_rf: n_rssi=31 n_snr=31 rssi[min/med/max]=-70/-69/-68 snr[min/med/max]=5.0/6.0/6.0

2026-09-12 19:23:47,836 INFO image_rx_daemon: phase_telemetry: valid=31 invalid=0 pre_f8=0 last_epoch=0 last_hop=0 slot_off=[0..0]

2026-09-12 19:23:47,837 INFO image_rx_daemon: air_gap_by_class: seq: n=12 med=212.6ms | boundary: n=17 med=310.4ms | post_loss: n=2 med=528.0ms

2026-09-12 19:23:47,838 INFO image_rx_daemon: lost_frag_idx: n=2 idx0=2 (3.64% of idx0 arrivals) other=0 (0.00%) verdict=CLUSTERED-AT-0 | top 0:2

2026-09-12 19:23:47,882 INFO image_rx_daemon: frag_arrival: seq=248 idx=0 total=1 fw_us=1281955469 len=226

2026-09-12 19:23:47,883 INFO image_rx_daemon: published frame_id=0 seq=248 222 B → lifetrac/v25/video/tile_delta

2026-09-12 19:23:48,398 INFO image_rx_daemon: frag_arrival: seq=249 idx=0 total=1 fw_us=1282480769 len=217

2026-09-12 19:23:48,399 INFO image_rx_daemon: published frame_id=0 seq=249 213 B → lifetrac/v25/video/tile_delta

2026-09-12 19:23:48,873 INFO image_rx_daemon: frag_arrival: seq=250 idx=0 total=1 fw_us=1282956325 len=172

2026-09-12 19:23:48,874 INFO image_rx_daemon: published frame_id=0 seq=250 168 B → lifetrac/v25/video/tile_delta

RFCO_PERTX during TX wait: profile_id=2 tx_status=0x00(OK) hop_idx=0 channel_idx=0 epoch=0 freq_hz=0 pkt_toa_us=15424 legal_dwell_used_us_10s=0

2026-09-12 19:23:48,906 INFO image_rx_daemon: command TX opcode=0x6c copy=1/1 OK (on air)

2026-09-12 19:23:49,393 INFO image_rx_daemon: frag_arrival: seq=251 idx=0 total=1 fw_us=1283480601 len=232

2026-09-12 19:23:49,394 INFO image_rx_daemon: published frame_id=0 seq=251 228 B → lifetrac/v25/video/tile_delta

2026-09-12 19:23:49,889 INFO image_rx_daemon: frag_arrival: seq=252 idx=0 total=2 fw_us=1283970247 len=247

2026-09-12 19:23:50,089 INFO image_rx_daemon: frag_arrival: seq=252 idx=1 total=2 fw_us=1284176089 len=206

2026-09-12 19:23:50,091 INFO image_rx_daemon: published frame_id=0 seq=252 445 B → lifetrac/v25/video/tile_delta

2026-09-12 19:23:50,353 INFO image_rx_daemon: frag_arrival: seq=253 idx=0 total=1 fw_us=1284440709 len=175

2026-09-12 19:23:50,354 INFO image_rx_daemon: published frame_id=0 seq=253 171 B → lifetrac/v25/video/tile_delta

2026-09-12 19:23:50,893 INFO image_rx_daemon: frag_arrival: seq=254 idx=0 total=2 fw_us=1284990685 len=247

2026-09-12 19:23:51,123 INFO image_rx_daemon: frag_arrival: seq=254 idx=1 total=2 fw_us=1285209075 len=212

2026-09-12 19:23:51,124 INFO image_rx_daemon: published frame_id=0 seq=254 451 B → lifetrac/v25/video/tile_delta

2026-09-12 19:23:51,396 INFO image_rx_daemon: frag_arrival: seq=255 idx=0 total=2 fw_us=1285486416 len=247

2026-09-12 19:23:51,597 INFO image_rx_daemon: frag_arrival: seq=255 idx=1 total=2 fw_us=1285684555 len=165

2026-09-12 19:23:51,598 INFO image_rx_daemon: published frame_id=0 seq=255 404 B → lifetrac/v25/video/tile_delta

2026-09-12 19:23:51,883 INFO image_rx_daemon: command TX opcode=0x6c copy=1/1 OK (on air)

RFCO_PERTX during TX wait: profile_id=2 tx_status=0x00(OK) hop_idx=0 channel_idx=0 epoch=0 freq_hz=0 pkt_toa_us=15424 legal_dwell_used_us_10s=0

RFCO_PERTX during TX wait: profile_id=2 tx_status=0x00(OK) hop_idx=0 channel_idx=0 epoch=0 freq_hz=0 pkt_toa_us=10304 legal_dwell_used_us_10s=0

2026-09-12 19:23:52,176 INFO image_rx_daemon: command TX opcode=0x60 copy=1/1 OK (on air)

2026-09-12 19:23:52,400 INFO image_rx_daemon: frag_arrival: seq=1 idx=0 total=3 fw_us=1286481102 len=247

2026-09-12 19:23:52,517 INFO image_rx_daemon: frag_arrival: seq=1 idx=1 total=3 fw_us=1286598228 len=247

2026-09-12 19:23:52,626 INFO image_rx_daemon: frag_arrival: seq=1 idx=2 total=3 fw_us=1286722831 len=5

2026-09-12 19:23:52,631 INFO image_rx_daemon: published frame_id=0 seq=1 487 B → lifetrac/v25/video/tile_delta

RFCO_PERTX during TX wait: profile_id=2 tx_status=0x00(OK) hop_idx=0 channel_idx=0 epoch=0 freq_hz=0 pkt_toa_us=10304 legal_dwell_used_us_10s=0

2026-09-12 19:23:52,660 INFO image_rx_daemon: command TX opcode=0x60 copy=1/1 OK (on air)

2026-09-12 19:23:52,885 INFO image_rx_daemon: frag_arrival: seq=2 idx=0 total=1 fw_us=1286967553 len=232

2026-09-12 19:23:52,886 INFO image_rx_daemon: cmd 0x60 CONVERGED after 2 attempts (0.9 s): keyframe received (UNVERIFIED delivery — keyframe may be encoder-initiated)

2026-09-12 19:23:52,887 INFO image_rx_daemon: published frame_id=0 seq=2 228 B → lifetrac/v25/video/tile_delta

2026-09-12 19:23:53,373 INFO image_rx_daemon: frag_arrival: seq=3 idx=0 total=1 fw_us=1287462570 len=232

2026-09-12 19:23:53,375 INFO image_rx_daemon: published frame_id=0 seq=3 228 B → lifetrac/v25/video/tile_delta

2026-09-12 19:23:53,905 INFO image_rx_daemon: frag_arrival: seq=4 idx=0 total=2 fw_us=1287987087 len=247

2026-09-12 19:23:54,096 INFO image_rx_daemon: frag_arrival: seq=4 idx=1 total=2 fw_us=1288190165 len=200

2026-09-12 19:23:54,097 INFO image_rx_daemon: published frame_id=0 seq=4 439 B → lifetrac/v25/video/tile_delta

2026-09-12 19:23:54,393 INFO image_rx_daemon: frag_arrival: seq=5 idx=0 total=1 fw_us=1288475302 len=220

2026-09-12 19:23:54,394 INFO image_rx_daemon: published frame_id=0 seq=5 216 B → lifetrac/v25/video/tile_delta

2026-09-12 19:23:54,889 INFO image_rx_daemon: frag_arrival: seq=6 idx=0 total=1 fw_us=1288983030 len=203

2026-09-12 19:23:54,890 INFO image_rx_daemon: published frame_id=0 seq=6 199 B → lifetrac/v25/video/tile_delta

2026-09-12 19:23:54,913 INFO image_rx_daemon: command TX opcode=0x6c copy=1/1 OK (on air)

RFCO_PERTX during TX wait: profile_id=2 tx_status=0x00(OK) hop_idx=0 channel_idx=0 epoch=0 freq_hz=0 pkt_toa_us=15424 legal_dwell_used_us_10s=0

2026-09-12 19:23:55,385 INFO image_rx_daemon: frag_arrival: seq=7 idx=0 total=1 fw_us=1289470315 len=242

2026-09-12 19:23:55,386 INFO image_rx_daemon: published frame_id=0 seq=7 238 B → lifetrac/v25/video/tile_delta

2026-09-12 19:23:55,890 INFO image_rx_daemon: frag_arrival: seq=8 idx=0 total=2 fw_us=1289971224 len=247

2026-09-12 19:23:56,101 INFO image_rx_daemon: frag_arrival: seq=8 idx=1 total=2 fw_us=1290191017 len=217

2026-09-12 19:23:56,103 INFO image_rx_daemon: published frame_id=0 seq=8 456 B → lifetrac/v25/video/tile_delta

2026-09-12 19:23:56,399 INFO image_rx_daemon: frag_arrival: seq=9 idx=0 total=1 fw_us=1290487269 len=215

2026-09-12 19:23:56,400 INFO image_rx_daemon: published frame_id=0 seq=9 211 B → lifetrac/v25/video/tile_delta

2026-09-12 19:23:56,904 INFO image_rx_daemon: frag_arrival: seq=10 idx=0 total=1 fw_us=1290988185 len=213

2026-09-12 19:23:56,905 INFO image_rx_daemon: published frame_id=0 seq=10 209 B → lifetrac/v25/video/tile_delta

2026-09-12 19:23:57,413 INFO image_rx_daemon: frag_arrival: seq=11 idx=0 total=1 fw_us=1291500475 len=237

2026-09-12 19:23:57,414 INFO image_rx_daemon: published frame_id=0 seq=11 233 B → lifetrac/v25/video/tile_delta

2026-09-12 19:23:57,841 INFO image_rx_daemon: stats: rx_frames=384 rx_decode_err=0 frames_published=252 publish_err=0 reassembler_decode_err=0 reassembler_timeouts=7 parity_recon=0 idle_drain_deferred=0

2026-09-12 19:23:57,842 INFO image_rx_daemon: air_gap: n=26 dt_med=475556us dt_p95=549976us len_med=226B cmd_tx_ok=62 cmd_tx_fail=0

2026-09-12 19:23:57,844 INFO image_rx_daemon: air_gap_hist(ms): <120:1 <200:2 <400:10 <1000:13

2026-09-12 19:23:57,845 INFO image_rx_daemon: rx_rf: n_rssi=26 n_snr=26 rssi[min/med/max]=-70/-69/-69 snr[min/med/max]=5.0/6.0/6.0

2026-09-12 19:23:57,846 INFO image_rx_daemon: phase_telemetry: valid=26 invalid=0 pre_f8=0 last_epoch=0 last_hop=0 slot_off=[0..0]

2026-09-12 19:23:57,847 INFO image_rx_daemon: air_gap_by_class: seq: n=7 med=203.1ms | boundary: n=19 med=495.0ms

2026-09-12 19:23:57,910 INFO image_rx_daemon: frag_arrival: seq=12 idx=0 total=2 fw_us=1291990966 len=247

2026-09-12 19:23:58,121 INFO image_rx_daemon: frag_arrival: seq=12 idx=1 total=2 fw_us=1292205141 len=203

2026-09-12 19:23:58,122 INFO image_rx_daemon: published frame_id=0 seq=12 442 B → lifetrac/v25/video/tile_delta

RFCO_PERTX during TX wait: profile_id=2 tx_status=0x00(OK) hop_idx=0 channel_idx=0 epoch=0 freq_hz=0 pkt_toa_us=15424 legal_dwell_used_us_10s=0

2026-09-12 19:23:58,154 INFO image_rx_daemon: command TX opcode=0x6c copy=1/1 OK (on air)

2026-09-12 19:23:58,396 INFO image_rx_daemon: frag_arrival: seq=13 idx=0 total=2 fw_us=1292484083 len=247

2026-09-12 19:23:58,621 INFO image_rx_daemon: frag_arrival: seq=13 idx=1 total=2 fw_us=1292707697 len=243

2026-09-12 19:23:58,622 INFO image_rx_daemon: published frame_id=0 seq=13 482 B → lifetrac/v25/video/tile_delta

2026-09-12 19:23:58,865 INFO image_rx_daemon: frag_arrival: seq=14 idx=0 total=1 fw_us=1292954720 len=188

2026-09-12 19:23:58,866 INFO image_rx_daemon: published frame_id=0 seq=14 184 B → lifetrac/v25/video/tile_delta

2026-09-12 19:23:59,394 INFO image_rx_daemon: frag_arrival: seq=15 idx=0 total=2 fw_us=1293480537 len=247

2026-09-12 19:23:59,609 INFO image_rx_daemon: frag_arrival: seq=15 idx=1 total=2 fw_us=1293696129 len=205

2026-09-12 19:23:59,610 INFO image_rx_daemon: published frame_id=0 seq=15 444 B → lifetrac/v25/video/tile_delta

2026-09-12 19:23:59,877 INFO image_rx_daemon: frag_arrival: seq=16 idx=0 total=1 fw_us=1293958875 len=209

2026-09-12 19:23:59,878 INFO image_rx_daemon: published frame_id=0 seq=16 205 B → lifetrac/v25/video/tile_delta

2026-09-12 19:24:00,402 INFO image_rx_daemon: frag_arrival: seq=17 idx=0 total=2 fw_us=1294491839 len=247

2026-09-12 19:24:00,632 INFO image_rx_daemon: frag_arrival: seq=17 idx=1 total=2 fw_us=1294723433 len=243

2026-09-12 19:24:00,634 INFO image_rx_daemon: published frame_id=0 seq=17 482 B → lifetrac/v25/video/tile_delta

INFO: unrelated frame during TX wait type=0x91

RFCO_PERTX during TX wait: profile_id=2 tx_status=0x00(OK) hop_idx=0 channel_idx=0 epoch=0 freq_hz=0 pkt_toa_us=15424 legal_dwell_used_us_10s=0

2026-09-12 19:24:00,912 INFO image_rx_daemon: command TX opcode=0x6c copy=1/1 OK (on air)

2026-09-12 19:24:01,105 INFO image_rx_daemon: frag_arrival: seq=18 idx=1 total=2 fw_us=1295188951 len=225

2026-09-12 19:24:01,400 INFO image_rx_daemon: frag_arrival: seq=19 idx=0 total=2 fw_us=1295483600 len=247

2026-09-12 19:24:01,618 INFO image_rx_daemon: frag_arrival: seq=19 idx=1 total=2 fw_us=1295704908 len=221

2026-09-12 19:24:01,621 INFO image_rx_daemon: published frame_id=0 seq=19 460 B → lifetrac/v25/video/tile_delta

2026-09-12 19:24:01,909 INFO image_rx_daemon: frag_arrival: seq=20 idx=0 total=2 fw_us=1295991269 len=247

2026-09-12 19:24:02,137 INFO image_rx_daemon: frag_arrival: seq=20 idx=1 total=2 fw_us=1296218499 len=233

2026-09-12 19:24:02,138 INFO image_rx_daemon: published frame_id=0 seq=20 472 B → lifetrac/v25/video/tile_delta

2026-09-12 19:24:02,410 INFO image_rx_daemon: frag_arrival: seq=21 idx=0 total=1 fw_us=1296494522 len=231

2026-09-12 19:24:02,412 INFO image_rx_daemon: published frame_id=0 seq=21 227 B → lifetrac/v25/video/tile_delta

2026-09-12 19:24:02,905 INFO image_rx_daemon: frag_arrival: seq=22 idx=0 total=1 fw_us=1296987139 len=225

2026-09-12 19:24:02,906 INFO image_rx_daemon: published frame_id=0 seq=22 221 B → lifetrac/v25/video/tile_delta

2026-09-12 19:24:03,401 INFO image_rx_daemon: frag_arrival: seq=23 idx=0 total=1 fw_us=1297487604 len=235

2026-09-12 19:24:03,402 INFO image_rx_daemon: published frame_id=0 seq=23 231 B → lifetrac/v25/video/tile_delta

2026-09-12 19:24:03,901 INFO image_rx_daemon: frag_arrival: seq=24 idx=0 total=2 fw_us=1297983774 len=247

2026-09-12 19:24:04,116 INFO image_rx_daemon: frag_arrival: seq=24 idx=1 total=2 fw_us=1298196784 len=222

2026-09-12 19:24:04,117 INFO image_rx_daemon: published frame_id=0 seq=24 461 B → lifetrac/v25/video/tile_delta

RFCO_PERTX during TX wait: profile_id=2 tx_status=0x00(OK) hop_idx=0 channel_idx=0 epoch=0 freq_hz=0 pkt_toa_us=15424 legal_dwell_used_us_10s=0

2026-09-12 19:24:04,143 INFO image_rx_daemon: command TX opcode=0x6c copy=1/1 OK (on air)

2026-09-12 19:24:04,393 INFO image_rx_daemon: frag_arrival: seq=25 idx=0 total=2 fw_us=1298477417 len=247

2026-09-12 19:24:04,613 INFO image_rx_daemon: frag_arrival: seq=25 idx=1 total=2 fw_us=1298694916 len=229

2026-09-12 19:24:04,614 INFO image_rx_daemon: published frame_id=0 seq=25 468 B → lifetrac/v25/video/tile_delta

2026-09-12 19:24:04,891 INFO image_rx_daemon: frag_arrival: seq=26 idx=0 total=2 fw_us=1298972914 len=247

2026-09-12 19:24:05,085 INFO image_rx_daemon: frag_arrival: seq=26 idx=1 total=2 fw_us=1299171587 len=187

2026-09-12 19:24:05,087 INFO image_rx_daemon: published frame_id=0 seq=26 426 B → lifetrac/v25/video/tile_delta

2026-09-12 19:24:05,409 INFO image_rx_daemon: frag_arrival: seq=27 idx=0 total=1 fw_us=1299492843 len=246

2026-09-12 19:24:05,410 INFO image_rx_daemon: published frame_id=0 seq=27 242 B → lifetrac/v25/video/tile_delta

2026-09-12 19:24:05,900 INFO image_rx_daemon: frag_arrival: seq=28 idx=0 total=2 fw_us=1299990872 len=247

2026-09-12 19:24:06,092 INFO image_rx_daemon: frag_arrival: seq=28 idx=1 total=2 fw_us=1300183459 len=151

2026-09-12 19:24:06,095 INFO image_rx_daemon: published frame_id=0 seq=28 390 B → lifetrac/v25/video/tile_delta

2026-09-12 19:24:06,382 INFO image_rx_daemon: frag_arrival: seq=29 idx=0 total=1 fw_us=1300471682 len=222

2026-09-12 19:24:06,383 INFO image_rx_daemon: published frame_id=0 seq=29 218 B → lifetrac/v25/video/tile_delta

2026-09-12 19:24:06,877 INFO image_rx_daemon: frag_arrival: seq=30 idx=0 total=1 fw_us=1300961406 len=215

2026-09-12 19:24:06,878 INFO image_rx_daemon: published frame_id=0 seq=30 211 B → lifetrac/v25/video/tile_delta

RFCO_PERTX during TX wait: profile_id=2 tx_status=0x00(OK) hop_idx=0 channel_idx=0 epoch=0 freq_hz=0 pkt_toa_us=15424 legal_dwell_used_us_10s=0

2026-09-12 19:24:06,902 INFO image_rx_daemon: command TX opcode=0x6c copy=1/1 OK (on air)

RFCO_PERTX during TX wait: profile_id=2 tx_status=0x00(OK) hop_idx=0 channel_idx=0 epoch=0 freq_hz=0 pkt_toa_us=10304 legal_dwell_used_us_10s=0

2026-09-12 19:24:07,191 INFO image_rx_daemon: command TX opcode=0x60 copy=1/1 OK (on air)

2026-09-12 19:24:07,417 INFO image_rx_daemon: frag_arrival: seq=31 idx=0 total=2 fw_us=1301506428 len=247

2026-09-12 19:24:07,649 INFO image_rx_daemon: frag_arrival: seq=31 idx=1 total=2 fw_us=1301730839 len=244

2026-09-12 19:24:07,651 INFO image_rx_daemon: published frame_id=0 seq=31 483 B → lifetrac/v25/video/tile_delta

RFCO_PERTX during TX wait: profile_id=2 tx_status=0x00(OK) hop_idx=0 channel_idx=0 epoch=0 freq_hz=0 pkt_toa_us=10304 legal_dwell_used_us_10s=0

2026-09-12 19:24:07,681 INFO image_rx_daemon: command TX opcode=0x60 copy=1/1 OK (on air)

2026-09-12 19:24:07,850 INFO image_rx_daemon: stats: rx_frames=415 rx_decode_err=0 frames_published=271 publish_err=0 reassembler_decode_err=0 reassembler_timeouts=8 parity_recon=0 idle_drain_deferred=0

2026-09-12 19:24:07,852 INFO image_rx_daemon: air_gap: n=31 dt_med=278942us dt_p95=532964us len_med=235B cmd_tx_ok=68 cmd_tx_fail=0

2026-09-12 19:24:07,854 INFO image_rx_daemon: air_gap_hist(ms): <200:2 <400:19 <1000:10

2026-09-12 19:24:07,854 INFO image_rx_daemon: rx_rf: n_rssi=31 n_snr=31 rssi[min/med/max]=-70/-69/-69 snr[min/med/max]=5.0/6.0/6.0

2026-09-12 19:24:07,855 INFO image_rx_daemon: phase_telemetry: valid=31 invalid=0 pre_f8=0 last_epoch=0 last_hop=0 slot_off=[0..0]

2026-09-12 19:24:07,856 INFO image_rx_daemon: air_gap_by_class: seq: n=11 med=217.5ms | boundary: n=19 med=321.3ms | post_loss: n=1 med=465.5ms

2026-09-12 19:24:07,856 INFO image_rx_daemon: lost_frag_idx: n=1 idx0=1 (2.56% of idx0 arrivals) other=0 (0.00%) verdict=CLUSTERED-AT-0 | top 0:1

2026-09-12 19:24:07,921 INFO image_rx_daemon: frag_arrival: seq=32 idx=0 total=1 fw_us=1302000747 len=214

2026-09-12 19:24:07,922 INFO image_rx_daemon: cmd 0x60 CONVERGED after 2 attempts (0.9 s): keyframe received (UNVERIFIED delivery — keyframe may be encoder-initiated)

2026-09-12 19:24:07,923 INFO image_rx_daemon: published frame_id=0 seq=32 210 B → lifetrac/v25/video/tile_delta

2026-09-12 19:24:08,427 INFO image_rx_daemon: frag_arrival: seq=33 idx=0 total=1 fw_us=1302515664 len=214

2026-09-12 19:24:08,428 INFO image_rx_daemon: published frame_id=0 seq=33 210 B → lifetrac/v25/video/tile_delta

2026-09-12 19:24:08,893 INFO image_rx_daemon: frag_arrival: seq=34 idx=0 total=2 fw_us=1302975547 len=247

2026-09-12 19:24:09,084 INFO image_rx_daemon: frag_arrival: seq=34 idx=1 total=2 fw_us=1303167014 len=171

2026-09-12 19:24:09,085 INFO image_rx_daemon: published frame_id=0 seq=34 410 B → lifetrac/v25/video/tile_delta

2026-09-12 19:24:09,385 INFO image_rx_daemon: frag_arrival: seq=35 idx=0 total=2 fw_us=1303461961 len=247

2026-09-12 19:24:09,492 INFO image_rx_daemon: frag_arrival: seq=35 idx=1 total=2 fw_us=1303598219 len=12

2026-09-12 19:24:09,494 INFO image_rx_daemon: published frame_id=0 seq=35 251 B → lifetrac/v25/video/tile_delta

2026-09-12 19:24:09,874 INFO image_rx_daemon: frag_arrival: seq=36 idx=0 total=2 fw_us=1303957311 len=247

2026-09-12 19:24:10,053 INFO image_rx_daemon: frag_arrival: seq=36 idx=1 total=2 fw_us=1304142793 len=157

2026-09-12 19:24:10,054 INFO image_rx_daemon: published frame_id=0 seq=36 396 B → lifetrac/v25/video/tile_delta

RFCO_PERTX during TX wait: profile_id=2 tx_status=0x00(OK) hop_idx=0 channel_idx=0 epoch=0 freq_hz=0 pkt_toa_us=15424 legal_dwell_used_us_10s=0

2026-09-12 19:24:10,080 INFO image_rx_daemon: command TX opcode=0x6c copy=1/1 OK (on air)

2026-09-12 19:24:10,367 INFO image_rx_daemon: frag_arrival: seq=37 idx=0 total=2 fw_us=1304451534 len=247

2026-09-12 19:24:10,485 INFO image_rx_daemon: frag_arrival: seq=37 idx=1 total=2 fw_us=1304586777 len=26

2026-09-12 19:24:10,487 INFO image_rx_daemon: published frame_id=0 seq=37 265 B → lifetrac/v25/video/tile_delta

2026-09-12 19:24:10,877 INFO image_rx_daemon: frag_arrival: seq=38 idx=0 total=2 fw_us=1304956163 len=247

2026-09-12 19:24:11,052 INFO image_rx_daemon: frag_arrival: seq=38 idx=1 total=2 fw_us=1305140980 len=149

2026-09-12 19:24:11,055 INFO image_rx_daemon: published frame_id=0 seq=38 388 B → lifetrac/v25/video/tile_delta

2026-09-12 19:24:11,353 INFO image_rx_daemon: frag_arrival: seq=39 idx=0 total=1 fw_us=1305433981 len=246

2026-09-12 19:24:11,354 INFO image_rx_daemon: published frame_id=0 seq=39 242 B → lifetrac/v25/video/tile_delta

2026-09-12 19:24:11,853 INFO image_rx_daemon: frag_arrival: seq=40 idx=0 total=2 fw_us=1305937030 len=247

2026-09-12 19:24:12,059 INFO image_rx_daemon: frag_arrival: seq=40 idx=1 total=2 fw_us=1306151120 len=204

2026-09-12 19:24:12,061 INFO image_rx_daemon: published frame_id=0 seq=40 443 B → lifetrac/v25/video/tile_delta

2026-09-12 19:24:12,369 INFO image_rx_daemon: frag_arrival: seq=41 idx=0 total=2 fw_us=1306454019 len=247

2026-09-12 19:24:12,585 INFO image_rx_daemon: frag_arrival: seq=41 idx=1 total=2 fw_us=1306664349 len=209

2026-09-12 19:24:12,586 INFO image_rx_daemon: published frame_id=0 seq=41 448 B → lifetrac/v25/video/tile_delta

RFCO_PERTX during TX wait: profile_id=2 tx_status=0x00(OK) hop_idx=0 channel_idx=0 epoch=0 freq_hz=0 pkt_toa_us=15424 legal_dwell_used_us_10s=0

2026-09-12 19:24:12,865 INFO image_rx_daemon: command TX opcode=0x6c copy=1/1 OK (on air)

2026-09-12 19:24:13,125 INFO image_rx_daemon: frag_arrival: seq=42 idx=1 total=2 fw_us=1307209171 len=206

2026-09-12 19:24:13,410 INFO image_rx_daemon: frag_arrival: seq=43 idx=0 total=2 fw_us=1307490341 len=247

2026-09-12 19:24:13,641 INFO image_rx_daemon: frag_arrival: seq=43 idx=1 total=2 fw_us=1307722073 len=245

2026-09-12 19:24:13,643 INFO image_rx_daemon: published frame_id=0 seq=43 484 B → lifetrac/v25/video/tile_delta

2026-09-12 19:24:13,889 INFO image_rx_daemon: frag_arrival: seq=44 idx=0 total=1 fw_us=1307968596 len=221

2026-09-12 19:24:13,890 INFO image_rx_daemon: published frame_id=0 seq=44 217 B → lifetrac/v25/video/tile_delta

2026-09-12 19:24:14,345 INFO image_rx_daemon: frag_arrival: seq=45 idx=0 total=1 fw_us=1308433669 len=226

2026-09-12 19:24:14,347 INFO image_rx_daemon: published frame_id=0 seq=45 222 B → lifetrac/v25/video/tile_delta

2026-09-12 19:24:14,889 INFO image_rx_daemon: frag_arrival: seq=46 idx=0 total=1 fw_us=1308974134 len=236

2026-09-12 19:24:14,890 INFO image_rx_daemon: published frame_id=0 seq=46 232 B → lifetrac/v25/video/tile_delta

2026-09-12 19:24:15,393 INFO image_rx_daemon: frag_arrival: seq=47 idx=0 total=2 fw_us=1309471507 len=247

2026-09-12 19:24:15,598 INFO image_rx_daemon: frag_arrival: seq=47 idx=1 total=2 fw_us=1309684719 len=223

2026-09-12 19:24:15,600 INFO image_rx_daemon: published frame_id=0 seq=47 462 B → lifetrac/v25/video/tile_delta

INFO: unrelated frame during TX wait type=0x91

RFCO_PERTX during TX wait: profile_id=2 tx_status=0x00(OK) hop_idx=0 channel_idx=0 epoch=0 freq_hz=0 pkt_toa_us=15424 legal_dwell_used_us_10s=0

2026-09-12 19:24:15,878 INFO image_rx_daemon: command TX opcode=0x6c copy=1/1 OK (on air)

2026-09-12 19:24:16,388 INFO image_rx_daemon: frag_arrival: seq=49 idx=0 total=1 fw_us=1310469142 len=219

2026-09-12 19:24:16,390 INFO image_rx_daemon: published frame_id=0 seq=49 215 B → lifetrac/v25/video/tile_delta

2026-09-12 19:24:16,889 INFO image_rx_daemon: frag_arrival: seq=50 idx=0 total=1 fw_us=1310971028 len=244

2026-09-12 19:24:16,890 INFO image_rx_daemon: published frame_id=0 seq=50 240 B → lifetrac/v25/video/tile_delta

2026-09-12 19:24:17,381 INFO image_rx_daemon: frag_arrival: seq=51 idx=0 total=2 fw_us=1311465153 len=247

2026-09-12 19:24:17,585 INFO image_rx_daemon: frag_arrival: seq=51 idx=1 total=2 fw_us=1311663472 len=187

2026-09-12 19:24:17,586 INFO image_rx_daemon: published frame_id=0 seq=51 426 B → lifetrac/v25/video/tile_delta

2026-09-12 19:24:17,865 INFO image_rx_daemon: stats: rx_frames=444 rx_decode_err=0 frames_published=289 publish_err=0 reassembler_decode_err=0 reassembler_timeouts=9 parity_recon=0 idle_drain_deferred=0

2026-09-12 19:24:17,866 INFO image_rx_daemon: air_gap: n=29 dt_med=294947us dt_p95=544822us len_med=226B cmd_tx_ok=71 cmd_tx_fail=0

2026-09-12 19:24:17,868 INFO image_rx_daemon: air_gap_hist(ms): <200:6 <400:13 <1000:10

2026-09-12 19:24:17,869 INFO image_rx_daemon: rx_rf: n_rssi=29 n_snr=29 rssi[min/med/max]=-70/-69/-69 snr[min/med/max]=5.0/5.0/6.0

2026-09-12 19:24:17,870 INFO image_rx_daemon: phase_telemetry: valid=29 invalid=0 pre_f8=0 last_epoch=0 last_hop=0 slot_off=[0..0]

2026-09-12 19:24:17,870 INFO image_rx_daemon: air_gap_by_class: seq: n=10 med=198.3ms | boundary: n=18 med=459.9ms | post_loss: n=1 med=544.8ms

2026-09-12 19:24:17,871 INFO image_rx_daemon: lost_frag_idx: n=1 idx0=1 (5.26% of idx0 arrivals) other=0 (0.00%) verdict=CLUSTERED-AT-0 | top 0:1

2026-09-12 19:24:17,879 INFO image_rx_daemon: frag_arrival: seq=52 idx=0 total=2 fw_us=1311963972 len=247

2026-09-12 19:24:18,103 INFO image_rx_daemon: frag_arrival: seq=52 idx=1 total=2 fw_us=1312186322 len=220

2026-09-12 19:24:18,104 INFO image_rx_daemon: published frame_id=0 seq=52 459 B → lifetrac/v25/video/tile_delta

2026-09-12 19:24:18,372 INFO image_rx_daemon: frag_arrival: seq=53 idx=0 total=2 fw_us=1312454936 len=247

2026-09-12 19:24:18,563 INFO image_rx_daemon: frag_arrival: seq=53 idx=1 total=2 fw_us=1312653374 len=189

2026-09-12 19:24:18,564 INFO image_rx_daemon: published frame_id=0 seq=53 428 B → lifetrac/v25/video/tile_delta

RFCO_PERTX during TX wait: profile_id=2 tx_status=0x00(OK) hop_idx=0 channel_idx=0 epoch=0 freq_hz=0 pkt_toa_us=15424 legal_dwell_used_us_10s=0

2026-09-12 19:24:18,843 INFO image_rx_daemon: command TX opcode=0x6c copy=1/1 OK (on air)

2026-09-12 19:24:19,341 INFO image_rx_daemon: frag_arrival: seq=55 idx=0 total=1 fw_us=1313430335 len=173

2026-09-12 19:24:19,342 INFO image_rx_daemon: published frame_id=0 seq=55 169 B → lifetrac/v25/video/tile_delta

2026-09-12 19:24:19,928 INFO image_rx_daemon: frag_arrival: seq=56 idx=0 total=3 fw_us=1314008279 len=247

2026-09-12 19:24:20,015 WARNING image_rx_daemon: crc_dump: irq=0x70 rx_len=255 snr=-1.2 rssi=-65 dump=a50824aa6a34cd9747460a809b6751f147de2f6fc9778b4145ab0fe9003f23bb53a15aae0cfd3ed99c9d7cc014042a438fffb38bbeec690d263357d6a4852d764d14001ee55ccb671c83dfea0303e0ff90bb58641465f2f1fcf490b814145446a6d038951940b34f61348c473673f930312a29bec7eef64eae3bbd6e519fdffe94b62e339a5339d4b32c3dfcca757bb173f543b53ea904094b1ac9af598a7ec1b633c6d50c51248810a59a17848ac853ab5aed767d485115d42a55874bffbd60e1ad244550755d3fd45f5d91f44c4bb9122288176107307f564f502d3322426f5492cc2a49adfc55b3b9b76ee03e42f0234195479789e741917122

2026-09-12 19:24:20,155 INFO image_rx_daemon: frag_arrival: seq=56 idx=2 total=3 fw_us=1314250983 len=9

2026-09-12 19:24:20,433 INFO image_rx_daemon: frag_arrival: seq=57 idx=0 total=1 fw_us=1314512887 len=234

2026-09-12 19:24:20,434 INFO image_rx_daemon: published frame_id=0 seq=57 230 B → lifetrac/v25/video/tile_delta

2026-09-12 19:24:20,913 INFO image_rx_daemon: frag_arrival: seq=58 idx=0 total=2 fw_us=1314988456 len=247

2026-09-12 19:24:21,129 INFO image_rx_daemon: frag_arrival: seq=58 idx=1 total=2 fw_us=1315209941 len=220

2026-09-12 19:24:21,130 INFO image_rx_daemon: published frame_id=0 seq=58 459 B → lifetrac/v25/video/tile_delta

2026-09-12 19:24:21,384 WARNING image_rx_daemon: crc_dump: irq=0x70 rx_len=206 snr=1.8 rssi=-68 dump=01c2000000000000fe3b00000c3b0c08240000100000000810000000000061524946465a00000057454250565438204e000900100400bd012a200020003ec134a66ca7a4a3aa280aa8f018096500be48111cca62150417f224347e0000fef0c6bc6881480a8a2bffca2200c7d92726eeb01d64ac1611e913c7eeb0b6519f72a00c49526546e74200106057454256de0038aa3000c60080000c95018a2000238c3ee050a04c7724a3abf6980860f008a96c08cc809dc5eed7ff82508cfef10f23cc069d2273c9dcd9335247974100

2026-09-12 19:24:21,882 INFO image_rx_daemon: frag_arrival: seq=60 idx=0 total=1 fw_us=1315973199 len=222

2026-09-12 19:24:21,884 INFO image_rx_daemon: published frame_id=0 seq=60 218 B → lifetrac/v25/video/tile_delta

RFCO_PERTX during TX wait: profile_id=2 tx_status=0x00(OK) hop_idx=0 channel_idx=0 epoch=0 freq_hz=0 pkt_toa_us=15424 legal_dwell_used_us_10s=0

2026-09-12 19:24:21,907 INFO image_rx_daemon: command TX opcode=0x6c copy=1/1 OK (on air)

RFCO_PERTX during TX wait: profile_id=2 tx_status=0x00(OK) hop_idx=0 channel_idx=0 epoch=0 freq_hz=0 pkt_toa_us=10304 legal_dwell_used_us_10s=0

2026-09-12 19:24:22,206 INFO image_rx_daemon: command TX opcode=0x60 copy=1/1 OK (on air)

2026-09-12 19:24:22,388 INFO image_rx_daemon: frag_arrival: seq=61 idx=0 total=2 fw_us=1316473917 len=247

2026-09-12 19:24:22,489 WARNING image_rx_daemon: crc_dump: irq=0x70 rx_len=255 snr=-12.0 rssi=-115 dump=2943d130feedcff52d7ae5759f46a2c78588b785240ae124764171c70878e237dcda5c82bda8b68c645f613e0e3d1be28e80efd71e5234e03b2b9277b20017f147e93f7588c126f83b63d6f96be94baeb239a74ddf68694f14d95d3498a8ef4716b91bd36d298098d55f6393f2669ae8f2fafd99ca8bdb9c45c768d39c4a1aa5c8017f30e841ecd4901dd18577e4048fc811ff3e1941c857a8f005a7fbc129baad4d704b111df1ea0e93e7a12633ce6a35a03db9c88a7a8bd1d7d43d09c4ab379bac224153656f13a8db8203c75aa9004108fec15bb4d81fb71bb1187e4a848c52d8f1e21209fa5de68c47a9a3ba529abdd93e2268421592f7027b

2026-09-12 19:24:22,609 INFO image_rx_daemon: frag_arrival: seq=61 idx=1 total=2 fw_us=1316692384 len=234

2026-09-12 19:24:22,610 INFO image_rx_daemon: published frame_id=0 seq=61 473 B → lifetrac/v25/video/tile_delta

RFCO_PERTX during TX wait: profile_id=2 tx_status=0x00(OK) hop_idx=0 channel_idx=0 epoch=0 freq_hz=0 pkt_toa_us=10304 legal_dwell_used_us_10s=0

2026-09-12 19:24:22,632 INFO image_rx_daemon: command TX opcode=0x60 copy=1/1 OK (on air)

2026-09-12 19:24:22,870 INFO image_rx_daemon: frag_arrival: seq=62 idx=0 total=1 fw_us=1316956496 len=208

2026-09-12 19:24:22,872 INFO image_rx_daemon: cmd 0x60 CONVERGED after 2 attempts (0.8 s): keyframe received (UNVERIFIED delivery — keyframe may be encoder-initiated)

2026-09-12 19:24:22,873 INFO image_rx_daemon: published frame_id=0 seq=62 204 B → lifetrac/v25/video/tile_delta

2026-09-12 19:24:23,375 INFO image_rx_daemon: frag_arrival: seq=63 idx=0 total=1 fw_us=1317463882 len=238

2026-09-12 19:24:23,377 INFO image_rx_daemon: published frame_id=0 seq=63 234 B → lifetrac/v25/video/tile_delta

2026-09-12 19:24:23,849 INFO image_rx_daemon: frag_arrival: seq=64 idx=0 total=1 fw_us=1317938633 len=201

2026-09-12 19:24:23,850 INFO image_rx_daemon: published frame_id=0 seq=64 197 B → lifetrac/v25/video/tile_delta

2026-09-12 19:24:24,353 INFO image_rx_daemon: frag_arrival: seq=65 idx=0 total=1 fw_us=1318438533 len=213

2026-09-12 19:24:24,354 INFO image_rx_daemon: published frame_id=0 seq=65 209 B → lifetrac/v25/video/tile_delta

2026-09-12 19:24:24,870 INFO image_rx_daemon: frag_arrival: seq=66 idx=0 total=2 fw_us=1318958311 len=247

2026-09-12 19:24:25,073 INFO image_rx_daemon: frag_arrival: seq=66 idx=1 total=2 fw_us=1319162640 len=203

2026-09-12 19:24:25,074 INFO image_rx_daemon: published frame_id=0 seq=66 442 B → lifetrac/v25/video/tile_delta

RFCO_PERTX during TX wait: profile_id=2 tx_status=0x00(OK) hop_idx=0 channel_idx=0 epoch=0 freq_hz=0 pkt_toa_us=15424 legal_dwell_used_us_10s=0

2026-09-12 19:24:25,100 INFO image_rx_daemon: command TX opcode=0x6c copy=1/1 OK (on air)

2026-09-12 19:24:25,391 INFO image_rx_daemon: frag_arrival: seq=67 idx=0 total=1 fw_us=1319477731 len=235

2026-09-12 19:24:25,392 INFO image_rx_daemon: published frame_id=0 seq=67 231 B → lifetrac/v25/video/tile_delta

2026-09-12 19:24:25,865 INFO image_rx_daemon: frag_arrival: seq=68 idx=0 total=1 fw_us=1319950981 len=186

2026-09-12 19:24:25,866 INFO image_rx_daemon: published frame_id=0 seq=68 182 B → lifetrac/v25/video/tile_delta

2026-09-12 19:24:26,385 INFO image_rx_daemon: frag_arrival: seq=69 idx=0 total=2 fw_us=1320470432 len=247

2026-09-12 19:24:26,420 WARNING image_rx_daemon: crc_dump: irq=0x70 rx_len=92 snr=-12.2 rssi=-116 dump=0f77e37bd01093e8765f46453c38feff8e43b1d76e7b3735b62ca4362f42a2d09c679e494b86f65b25b7c552279b7f40e81cd613b71116738f824925c5341ec9750741bf7ff4815d58b1d5585c0d3a0ae297383bde538b0480087ee4

2026-09-12 19:24:26,603 INFO image_rx_daemon: frag_arrival: seq=69 idx=1 total=2 fw_us=1320689604 len=213

2026-09-12 19:24:26,604 INFO image_rx_daemon: published frame_id=0 seq=69 452 B → lifetrac/v25/video/tile_delta

2026-09-12 19:24:26,878 INFO image_rx_daemon: frag_arrival: seq=70 idx=0 total=2 fw_us=1320969538 len=247

2026-09-12 19:24:27,092 INFO image_rx_daemon: frag_arrival: seq=70 idx=1 total=2 fw_us=1321179784 len=215

2026-09-12 19:24:27,094 INFO image_rx_daemon: published frame_id=0 seq=70 454 B → lifetrac/v25/video/tile_delta

2026-09-12 19:24:27,346 INFO image_rx_daemon: frag_arrival: seq=71 idx=0 total=1 fw_us=1321449514 len=186

2026-09-12 19:24:27,347 INFO image_rx_daemon: published frame_id=0 seq=71 182 B → lifetrac/v25/video/tile_delta

2026-09-12 19:24:27,853 INFO image_rx_daemon: frag_arrival: seq=72 idx=0 total=1 fw_us=1321940764 len=182

2026-09-12 19:24:27,854 INFO image_rx_daemon: published frame_id=0 seq=72 178 B → lifetrac/v25/video/tile_delta

RFCO_PERTX during TX wait: profile_id=2 tx_status=0x00(OK) hop_idx=0 channel_idx=0 epoch=0 freq_hz=0 pkt_toa_us=15424 legal_dwell_used_us_10s=0

2026-09-12 19:24:27,880 INFO image_rx_daemon: command TX opcode=0x6c copy=1/1 OK (on air)

2026-09-12 19:24:27,885 INFO image_rx_daemon: stats: rx_frames=471 rx_decode_err=0 frames_published=307 publish_err=0 reassembler_decode_err=0 reassembler_timeouts=10 parity_recon=0 idle_drain_deferred=0

2026-09-12 19:24:27,887 INFO image_rx_daemon: air_gap: n=27 dt_med=300500us dt_p95=763258us len_med=220B cmd_tx_ok=77 cmd_tx_fail=0

2026-09-12 19:24:27,889 INFO image_rx_daemon: air_gap_hist(ms): <200:1 <400:14 <1000:12

2026-09-12 19:24:27,891 INFO image_rx_daemon: rx_rf: n_rssi=27 n_snr=27 rssi[min/med/max]=-70/-69/-68 snr[min/med/max]=5.0/6.0/6.0

2026-09-12 19:24:27,892 INFO image_rx_daemon: phase_telemetry: valid=27 invalid=0 pre_f8=0 last_epoch=0 last_hop=0 slot_off=[0..0]

2026-09-12 19:24:27,894 INFO image_rx_daemon: air_gap_by_class: seq: n=7 med=218.5ms | boundary: n=19 med=475.6ms | post_loss: n=1 med=242.7ms

2026-09-12 19:24:27,896 INFO image_rx_daemon: lost_frag_idx: n=1 idx0=0 (0.00% of idx0 arrivals) other=1 (11.11%) verdict=not-clustered | top 1:1

2026-09-12 19:24:28,370 INFO image_rx_daemon: frag_arrival: seq=73 idx=0 total=2 fw_us=1322454881 len=247

2026-09-12 19:24:28,551 INFO image_rx_daemon: frag_arrival: seq=73 idx=1 total=2 fw_us=1322636983 len=149

2026-09-12 19:24:28,554 INFO image_rx_daemon: published frame_id=0 seq=73 388 B → lifetrac/v25/video/tile_delta

2026-09-12 19:24:28,861 INFO image_rx_daemon: frag_arrival: seq=74 idx=0 total=1 fw_us=1322949003 len=230

2026-09-12 19:24:28,862 INFO image_rx_daemon: published frame_id=0 seq=74 226 B → lifetrac/v25/video/tile_delta

2026-09-12 19:24:29,381 INFO image_rx_daemon: frag_arrival: seq=75 idx=0 total=1 fw_us=1323464033 len=201

2026-09-12 19:24:29,382 INFO image_rx_daemon: published frame_id=0 seq=75 197 B → lifetrac/v25/video/tile_delta

2026-09-12 19:24:29,886 INFO image_rx_daemon: frag_arrival: seq=76 idx=0 total=2 fw_us=1323971033 len=247

2026-09-12 19:24:30,087 INFO image_rx_daemon: frag_arrival: seq=76 idx=1 total=2 fw_us=1324180799 len=192

2026-09-12 19:24:30,088 INFO image_rx_daemon: published frame_id=0 seq=76 431 B → lifetrac/v25/video/tile_delta

2026-09-12 19:24:30,390 INFO image_rx_daemon: frag_arrival: seq=77 idx=0 total=2 fw_us=1324475231 len=247

2026-09-12 19:24:30,559 INFO image_rx_daemon: frag_arrival: seq=77 idx=1 total=2 fw_us=1324654662 len=117

2026-09-12 19:24:30,561 INFO image_rx_daemon: published frame_id=0 seq=77 356 B → lifetrac/v25/video/tile_delta

RFCO_PERTX during TX wait: profile_id=2 tx_status=0x00(OK) hop_idx=0 channel_idx=0 epoch=0 freq_hz=0 pkt_toa_us=15424 legal_dwell_used_us_10s=0

2026-09-12 19:24:30,842 INFO image_rx_daemon: command TX opcode=0x6c copy=1/1 OK (on air)

2026-09-12 19:24:31,102 INFO image_rx_daemon: frag_arrival: seq=78 idx=1 total=2 fw_us=1325198150 len=235

2026-09-12 19:24:31,370 INFO image_rx_daemon: frag_arrival: seq=79 idx=0 total=1 fw_us=1325461164 len=233

2026-09-12 19:24:31,371 INFO image_rx_daemon: published frame_id=0 seq=79 229 B → lifetrac/v25/video/tile_delta

2026-09-12 19:24:31,860 INFO image_rx_daemon: frag_arrival: seq=80 idx=0 total=1 fw_us=1325946333 len=217

2026-09-12 19:24:31,862 INFO image_rx_daemon: published frame_id=0 seq=80 213 B → lifetrac/v25/video/tile_delta

2026-09-12 19:24:32,359 INFO image_rx_daemon: frag_arrival: seq=81 idx=0 total=1 fw_us=1326450690 len=239

2026-09-12 19:24:32,360 INFO image_rx_daemon: published frame_id=0 seq=81 235 B → lifetrac/v25/video/tile_delta

2026-09-12 19:24:32,880 INFO image_rx_daemon: frag_arrival: seq=82 idx=0 total=1 fw_us=1326964659 len=227

2026-09-12 19:24:32,881 INFO image_rx_daemon: published frame_id=0 seq=82 223 B → lifetrac/v25/video/tile_delta

2026-09-12 19:24:33,362 INFO image_rx_daemon: frag_arrival: seq=83 idx=0 total=1 fw_us=1327455812 len=211

2026-09-12 19:24:33,363 INFO image_rx_daemon: published frame_id=0 seq=83 207 B → lifetrac/v25/video/tile_delta

2026-09-12 19:24:33,849 INFO image_rx_daemon: frag_arrival: seq=84 idx=0 total=1 fw_us=1327936239 len=185

2026-09-12 19:24:33,850 INFO image_rx_daemon: published frame_id=0 seq=84 181 B → lifetrac/v25/video/tile_delta

2026-09-12 19:24:33,881 INFO image_rx_daemon: command TX opcode=0x6c copy=1/1 OK (on air)

RFCO_PERTX during TX wait: profile_id=2 tx_status=0x00(OK) hop_idx=0 channel_idx=0 epoch=0 freq_hz=0 pkt_toa_us=15424 legal_dwell_used_us_10s=0

2026-09-12 19:24:34,398 INFO image_rx_daemon: frag_arrival: seq=85 idx=0 total=2 fw_us=1328483233 len=247

2026-09-12 19:24:34,621 INFO image_rx_daemon: frag_arrival: seq=85 idx=1 total=2 fw_us=1328704590 len=219

2026-09-12 19:24:34,622 INFO image_rx_daemon: published frame_id=0 seq=85 458 B → lifetrac/v25/video/tile_delta

2026-09-12 19:24:34,900 INFO image_rx_daemon: frag_arrival: seq=86 idx=0 total=1 fw_us=1328987387 len=238

2026-09-12 19:24:34,901 INFO image_rx_daemon: published frame_id=0 seq=86 234 B → lifetrac/v25/video/tile_delta

2026-09-12 19:24:35,416 INFO image_rx_daemon: frag_arrival: seq=87 idx=0 total=2 fw_us=1329506030 len=247

2026-09-12 19:24:35,645 INFO image_rx_daemon: frag_arrival: seq=87 idx=1 total=2 fw_us=1329727947 len=246

2026-09-12 19:24:35,646 INFO image_rx_daemon: published frame_id=0 seq=87 485 B → lifetrac/v25/video/tile_delta

2026-09-12 19:24:35,903 INFO image_rx_daemon: frag_arrival: seq=88 idx=0 total=1 fw_us=1329995030 len=218

2026-09-12 19:24:35,904 INFO image_rx_daemon: published frame_id=0 seq=88 214 B → lifetrac/v25/video/tile_delta

2026-09-12 19:24:36,400 INFO image_rx_daemon: frag_arrival: seq=89 idx=0 total=1 fw_us=1330489409 len=184

2026-09-12 19:24:36,402 INFO image_rx_daemon: published frame_id=0 seq=89 180 B → lifetrac/v25/video/tile_delta

2026-09-12 19:24:36,917 INFO image_rx_daemon: frag_arrival: seq=90 idx=0 total=1 fw_us=1331003612 len=163

2026-09-12 19:24:36,918 INFO image_rx_daemon: published frame_id=0 seq=90 159 B → lifetrac/v25/video/tile_delta

RFCO_PERTX during TX wait: profile_id=2 tx_status=0x00(OK) hop_idx=0 channel_idx=0 epoch=0 freq_hz=0 pkt_toa_us=15424 legal_dwell_used_us_10s=0

2026-09-12 19:24:36,950 INFO image_rx_daemon: command TX opcode=0x6c copy=1/1 OK (on air)

RFCO_PERTX during TX wait: profile_id=2 tx_status=0x00(OK) hop_idx=0 channel_idx=0 epoch=0 freq_hz=0 pkt_toa_us=10304 legal_dwell_used_us_10s=0

2026-09-12 19:24:37,240 INFO image_rx_daemon: command TX opcode=0x60 copy=1/1 OK (on air)

2026-09-12 19:24:37,417 INFO image_rx_daemon: frag_arrival: seq=91 idx=0 total=2 fw_us=1331498662 len=247

2026-09-12 19:24:37,617 INFO image_rx_daemon: frag_arrival: seq=91 idx=1 total=2 fw_us=1331705626 len=206

2026-09-12 19:24:37,618 INFO image_rx_daemon: published frame_id=0 seq=91 445 B → lifetrac/v25/video/tile_delta

RFCO_PERTX during TX wait: profile_id=2 tx_status=0x00(OK) hop_idx=0 channel_idx=0 epoch=0 freq_hz=0 pkt_toa_us=10304 legal_dwell_used_us_10s=0

2026-09-12 19:24:37,645 INFO image_rx_daemon: command TX opcode=0x60 copy=1/1 OK (on air)

2026-09-12 19:24:37,904 INFO image_rx_daemon: stats: rx_frames=496 rx_decode_err=0 frames_published=325 publish_err=0 reassembler_decode_err=0 reassembler_timeouts=11 parity_recon=0 idle_drain_deferred=0

2026-09-12 19:24:37,905 INFO image_rx_daemon: air_gap: n=25 dt_med=485169us dt_p95=543488us len_med=227B cmd_tx_ok=82 cmd_tx_fail=0

2026-09-12 19:24:37,908 INFO image_rx_daemon: air_gap_hist(ms): <200:2 <400:9 <1000:14

2026-09-12 19:24:37,909 INFO image_rx_daemon: rx_rf: n_rssi=25 n_snr=25 rssi[min/med/max]=-70/-69/-69 snr[min/med/max]=5.0/5.0/6.0

2026-09-12 19:24:37,909 INFO image_rx_daemon: phase_telemetry: valid=25 invalid=0 pre_f8=0 last_epoch=0 last_hop=0 slot_off=[0..0]

2026-09-12 19:24:37,910 INFO image_rx_daemon: air_gap_by_class: seq: n=6 med=209.8ms | boundary: n=18 med=495.1ms | post_loss: n=1 med=543.5ms

2026-09-12 19:24:37,910 INFO image_rx_daemon: lost_frag_idx: n=1 idx0=1 (5.26% of idx0 arrivals) other=0 (0.00%) verdict=CLUSTERED-AT-0 | top 0:1

2026-09-12 19:24:37,928 INFO image_rx_daemon: frag_arrival: seq=92 idx=0 total=1 fw_us=1332021212 len=218

2026-09-12 19:24:37,929 INFO image_rx_daemon: cmd 0x60 CONVERGED after 2 attempts (0.9 s): keyframe received (UNVERIFIED delivery — keyframe may be encoder-initiated)

2026-09-12 19:24:37,931 INFO image_rx_daemon: published frame_id=0 seq=92 214 B → lifetrac/v25/video/tile_delta

2026-09-12 19:24:38,397 INFO image_rx_daemon: frag_arrival: seq=93 idx=0 total=1 fw_us=1332484409 len=161

2026-09-12 19:24:38,400 INFO image_rx_daemon: published frame_id=0 seq=93 157 B → lifetrac/v25/video/tile_delta

2026-09-12 19:24:38,897 INFO image_rx_daemon: frag_arrival: seq=94 idx=0 total=2 fw_us=1332983675 len=247

2026-09-12 19:24:39,113 INFO image_rx_daemon: frag_arrival: seq=94 idx=1 total=2 fw_us=1333193957 len=215

2026-09-12 19:24:39,114 INFO image_rx_daemon: published frame_id=0 seq=94 454 B → lifetrac/v25/video/tile_delta

2026-09-12 19:24:39,385 INFO image_rx_daemon: frag_arrival: seq=95 idx=0 total=2 fw_us=1333468980 len=247

2026-09-12 19:24:39,493 INFO image_rx_daemon: frag_arrival: seq=95 idx=1 total=2 fw_us=1333599397 len=22

2026-09-12 19:24:39,498 INFO image_rx_daemon: published frame_id=0 seq=95 261 B → lifetrac/v25/video/tile_delta

2026-09-12 19:24:39,885 INFO image_rx_daemon: frag_arrival: seq=96 idx=0 total=2 fw_us=1333972169 len=247

2026-09-12 19:24:40,076 INFO image_rx_daemon: frag_arrival: seq=96 idx=1 total=2 fw_us=1334165292 len=151

2026-09-12 19:24:40,079 INFO image_rx_daemon: published frame_id=0 seq=96 390 B → lifetrac/v25/video/tile_delta

RFCO_PERTX during TX wait: profile_id=2 tx_status=0x00(OK) hop_idx=0 channel_idx=0 epoch=0 freq_hz=0 pkt_toa_us=15424 legal_dwell_used_us_10s=0

2026-09-12 19:24:40,110 INFO image_rx_daemon: command TX opcode=0x6c copy=1/1 OK (on air)

2026-09-12 19:24:40,377 INFO image_rx_daemon: frag_arrival: seq=97 idx=0 total=2 fw_us=1334462772 len=247

2026-09-12 19:24:40,557 INFO image_rx_daemon: frag_arrival: seq=97 idx=1 total=2 fw_us=1334653512 len=163

2026-09-12 19:24:40,558 INFO image_rx_daemon: published frame_id=0 seq=97 402 B → lifetrac/v25/video/tile_delta

2026-09-12 19:24:40,891 INFO image_rx_daemon: frag_arrival: seq=98 idx=0 total=2 fw_us=1334976375 len=247

2026-09-12 19:24:41,110 INFO image_rx_daemon: frag_arrival: seq=98 idx=1 total=2 fw_us=1335194695 len=236

2026-09-12 19:24:41,111 INFO image_rx_daemon: published frame_id=0 seq=98 475 B → lifetrac/v25/video/tile_delta

2026-09-12 19:24:41,378 INFO image_rx_daemon: frag_arrival: seq=99 idx=0 total=2 fw_us=1335477821 len=247

2026-09-12 19:24:41,544 INFO image_rx_daemon: frag_arrival: seq=99 idx=1 total=2 fw_us=1335645550 len=89

2026-09-12 19:24:41,547 INFO image_rx_daemon: published frame_id=0 seq=99 328 B → lifetrac/v25/video/tile_delta

2026-09-12 19:24:41,867 INFO image_rx_daemon: frag_arrival: seq=100 idx=0 total=1 fw_us=1335954475 len=201

2026-09-12 19:24:41,868 INFO image_rx_daemon: published frame_id=0 seq=100 197 B → lifetrac/v25/video/tile_delta

2026-09-12 19:24:42,374 INFO image_rx_daemon: frag_arrival: seq=101 idx=0 total=1 fw_us=1336462970 len=239

2026-09-12 19:24:42,375 INFO image_rx_daemon: published frame_id=0 seq=101 235 B → lifetrac/v25/video/tile_delta

2026-09-12 19:24:42,861 INFO image_rx_daemon: frag_arrival: seq=102 idx=0 total=1 fw_us=1336948480 len=223

2026-09-12 19:24:42,863 INFO image_rx_daemon: published frame_id=0 seq=102 219 B → lifetrac/v25/video/tile_delta

RFCO_PERTX during TX wait: profile_id=2 tx_status=0x00(OK) hop_idx=0 channel_idx=0 epoch=0 freq_hz=0 pkt_toa_us=15424 legal_dwell_used_us_10s=0

2026-09-12 19:24:42,889 INFO image_rx_daemon: command TX opcode=0x6c copy=1/1 OK (on air)

2026-09-12 19:24:43,337 INFO image_rx_daemon: frag_arrival: seq=103 idx=0 total=1 fw_us=1337427795 len=187

2026-09-12 19:24:43,338 INFO image_rx_daemon: published frame_id=0 seq=103 183 B → lifetrac/v25/video/tile_delta

2026-09-12 19:24:43,885 INFO image_rx_daemon: frag_arrival: seq=104 idx=0 total=2 fw_us=1337970210 len=247

2026-09-12 19:24:44,094 INFO image_rx_daemon: frag_arrival: seq=104 idx=1 total=2 fw_us=1338185596 len=207

2026-09-12 19:24:44,096 INFO image_rx_daemon: published frame_id=0 seq=104 446 B → lifetrac/v25/video/tile_delta

2026-09-12 19:24:44,373 INFO image_rx_daemon: frag_arrival: seq=105 idx=0 total=1 fw_us=1338456834 len=224

2026-09-12 19:24:44,374 INFO image_rx_daemon: published frame_id=0 seq=105 220 B → lifetrac/v25/video/tile_delta

2026-09-12 19:24:44,873 INFO image_rx_daemon: frag_arrival: seq=106 idx=0 total=1 fw_us=1338956651 len=234

2026-09-12 19:24:44,875 INFO image_rx_daemon: published frame_id=0 seq=106 230 B → lifetrac/v25/video/tile_delta

2026-09-12 19:24:45,425 INFO image_rx_daemon: frag_arrival: seq=107 idx=0 total=2 fw_us=1339511218 len=247

2026-09-12 19:24:45,652 INFO image_rx_daemon: frag_arrival: seq=107 idx=1 total=2 fw_us=1339731078 len=217

2026-09-12 19:24:45,654 INFO image_rx_daemon: published frame_id=0 seq=107 456 B → lifetrac/v25/video/tile_delta

INFO: unrelated frame during TX wait type=0x91

RFCO_PERTX during TX wait: profile_id=2 tx_status=0x00(OK) hop_idx=0 channel_idx=0 epoch=0 freq_hz=0 pkt_toa_us=15424 legal_dwell_used_us_10s=0

2026-09-12 19:24:45,933 INFO image_rx_daemon: command TX opcode=0x6c copy=1/1 OK (on air)

2026-09-12 19:24:46,117 INFO image_rx_daemon: frag_arrival: seq=108 idx=1 total=2 fw_us=1340205578 len=221

2026-09-12 19:24:46,405 INFO image_rx_daemon: frag_arrival: seq=109 idx=0 total=1 fw_us=1340489830 len=244

2026-09-12 19:24:46,406 INFO image_rx_daemon: published frame_id=0 seq=109 240 B → lifetrac/v25/video/tile_delta

2026-09-12 19:24:46,913 INFO image_rx_daemon: frag_arrival: seq=110 idx=0 total=2 fw_us=1340996751 len=247

2026-09-12 19:24:47,115 INFO image_rx_daemon: frag_arrival: seq=110 idx=1 total=2 fw_us=1341199267 len=175

2026-09-12 19:24:47,116 INFO image_rx_daemon: published frame_id=0 seq=110 414 B → lifetrac/v25/video/tile_delta

2026-09-12 19:24:47,373 INFO image_rx_daemon: frag_arrival: seq=111 idx=0 total=1 fw_us=1341462005 len=175

2026-09-12 19:24:47,374 INFO image_rx_daemon: published frame_id=0 seq=111 171 B → lifetrac/v25/video/tile_delta

2026-09-12 19:24:47,896 INFO image_rx_daemon: frag_arrival: seq=112 idx=0 total=2 fw_us=1341991624 len=247

2026-09-12 19:24:47,919 INFO image_rx_daemon: stats: rx_frames=526 rx_decode_err=0 frames_published=344 publish_err=0 reassembler_decode_err=0 reassembler_timeouts=12 parity_recon=0 idle_drain_deferred=0

2026-09-12 19:24:47,921 INFO image_rx_daemon: air_gap: n=30 dt_med=308925us dt_p95=542415us len_med=224B cmd_tx_ok=85 cmd_tx_fail=0

2026-09-12 19:24:47,924 INFO image_rx_daemon: air_gap_hist(ms): <200:4 <400:15 <1000:11

2026-09-12 19:24:47,925 INFO image_rx_daemon: rx_rf: n_rssi=30 n_snr=30 rssi[min/med/max]=-70/-69/-69 snr[min/med/max]=5.0/5.0/7.0

2026-09-12 19:24:47,927 INFO image_rx_daemon: phase_telemetry: valid=30 invalid=0 pre_f8=0 last_epoch=0 last_hop=0 slot_off=[0..0]

2026-09-12 19:24:47,929 INFO image_rx_daemon: air_gap_by_class: seq: n=9 med=202.5ms | boundary: n=20 med=463.2ms | post_loss: n=1 med=474.5ms

2026-09-12 19:24:47,930 INFO image_rx_daemon: lost_frag_idx: n=1 idx0=1 (4.76% of idx0 arrivals) other=0 (0.00%) verdict=CLUSTERED-AT-0 | top 0:1

2026-09-12 19:24:48,136 INFO image_rx_daemon: frag_arrival: seq=112 idx=1 total=2 fw_us=1342219198 len=232

2026-09-12 19:24:48,137 INFO image_rx_daemon: published frame_id=0 seq=112 471 B → lifetrac/v25/video/tile_delta

2026-09-12 19:24:48,393 INFO image_rx_daemon: frag_arrival: seq=113 idx=0 total=2 fw_us=1342480030 len=247

2026-09-12 19:24:48,593 INFO image_rx_daemon: frag_arrival: seq=113 idx=1 total=2 fw_us=1342681830 len=175

2026-09-12 19:24:48,594 INFO image_rx_daemon: published frame_id=0 seq=113 414 B → lifetrac/v25/video/tile_delta

2026-09-12 19:24:48,860 INFO image_rx_daemon: frag_arrival: seq=114 idx=0 total=1 fw_us=1342957252 len=169

2026-09-12 19:24:48,861 INFO image_rx_daemon: published frame_id=0 seq=114 165 B → lifetrac/v25/video/tile_delta

RFCO_PERTX during TX wait: profile_id=2 tx_status=0x00(OK) hop_idx=0 channel_idx=0 epoch=0 freq_hz=0 pkt_toa_us=15424 legal_dwell_used_us_10s=0

2026-09-12 19:24:48,885 INFO image_rx_daemon: command TX opcode=0x6c copy=1/1 OK (on air)

2026-09-12 19:24:49,387 INFO image_rx_daemon: frag_arrival: seq=115 idx=0 total=2 fw_us=1343472560 len=247

2026-09-12 19:24:49,589 INFO image_rx_daemon: frag_arrival: seq=115 idx=1 total=2 fw_us=1343685239 len=224

2026-09-12 19:24:49,590 INFO image_rx_daemon: published frame_id=0 seq=115 463 B → lifetrac/v25/video/tile_delta

2026-09-12 19:24:49,889 INFO image_rx_daemon: frag_arrival: seq=116 idx=0 total=2 fw_us=1343971764 len=247

2026-09-12 19:24:50,091 INFO image_rx_daemon: frag_arrival: seq=116 idx=1 total=2 fw_us=1344194638 len=222

2026-09-12 19:24:50,093 INFO image_rx_daemon: published frame_id=0 seq=116 461 B → lifetrac/v25/video/tile_delta

2026-09-12 19:24:50,366 INFO image_rx_daemon: frag_arrival: seq=117 idx=0 total=1 fw_us=1344457263 len=226

2026-09-12 19:24:50,367 INFO image_rx_daemon: published frame_id=0 seq=117 222 B → lifetrac/v25/video/tile_delta

2026-09-12 19:24:50,850 INFO image_rx_daemon: frag_arrival: seq=118 idx=0 total=1 fw_us=1344946282 len=212

2026-09-12 19:24:50,852 INFO image_rx_daemon: published frame_id=0 seq=118 208 B → lifetrac/v25/video/tile_delta

2026-09-12 19:24:51,386 INFO image_rx_daemon: frag_arrival: seq=119 idx=0 total=1 fw_us=1345478264 len=223

2026-09-12 19:24:51,388 INFO image_rx_daemon: published frame_id=0 seq=119 219 B → lifetrac/v25/video/tile_delta

2026-09-12 19:24:51,898 INFO image_rx_daemon: frag_arrival: seq=120 idx=0 total=2 fw_us=1345986535 len=247

2026-09-12 19:24:52,125 INFO image_rx_daemon: frag_arrival: seq=120 idx=1 total=2 fw_us=1346209517 len=224

2026-09-12 19:24:52,126 INFO image_rx_daemon: published frame_id=0 seq=120 463 B → lifetrac/v25/video/tile_delta

RFCO_PERTX during TX wait: profile_id=2 tx_status=0x00(OK) hop_idx=0 channel_idx=0 epoch=0 freq_hz=0 pkt_toa_us=10304 legal_dwell_used_us_10s=0

2026-09-12 19:24:52,157 INFO image_rx_daemon: command TX opcode=0x60 copy=1/1 OK (on air)

2026-09-12 19:24:52,393 INFO image_rx_daemon: frag_arrival: seq=121 idx=0 total=2 fw_us=1346479530 len=247

2026-09-12 19:24:52,566 INFO image_rx_daemon: frag_arrival: seq=121 idx=1 total=2 fw_us=1346659110 len=139

2026-09-12 19:24:52,567 INFO image_rx_daemon: published frame_id=0 seq=121 378 B → lifetrac/v25/video/tile_delta

RFCO_PERTX during TX wait: profile_id=2 tx_status=0x00(OK) hop_idx=0 channel_idx=0 epoch=0 freq_hz=0 pkt_toa_us=10304 legal_dwell_used_us_10s=0

2026-09-12 19:24:52,598 INFO image_rx_daemon: command TX opcode=0x60 copy=1/1 OK (on air)

INFO: unrelated frame during TX wait type=0x91

RFCO_PERTX during TX wait: profile_id=2 tx_status=0x00(OK) hop_idx=0 channel_idx=0 epoch=0 freq_hz=0 pkt_toa_us=15424 legal_dwell_used_us_10s=0

2026-09-12 19:24:52,890 INFO image_rx_daemon: command TX opcode=0x6c copy=1/1 OK (on air)

RFCO_PERTX during TX wait: profile_id=2 tx_status=0x00(OK) hop_idx=0 channel_idx=0 epoch=0 freq_hz=0 pkt_toa_us=10304 legal_dwell_used_us_10s=0

2026-09-12 19:24:53,188 INFO image_rx_daemon: command TX opcode=0x60 copy=1/1 OK (on air)

2026-09-12 19:24:53,357 INFO image_rx_daemon: frag_arrival: seq=123 idx=0 total=1 fw_us=1347449520 len=201

2026-09-12 19:24:53,358 INFO image_rx_daemon: cmd 0x60 CONVERGED after 3 attempts (1.3 s): keyframe received (UNVERIFIED delivery — keyframe may be encoder-initiated)

2026-09-12 19:24:53,359 INFO image_rx_daemon: published frame_id=0 seq=123 197 B → lifetrac/v25/video/tile_delta

2026-09-12 19:24:53,881 INFO image_rx_daemon: frag_arrival: seq=124 idx=0 total=1 fw_us=1347972746 len=203

2026-09-12 19:24:53,884 INFO image_rx_daemon: published frame_id=0 seq=124 199 B → lifetrac/v25/video/tile_delta

2026-09-12 19:24:54,409 INFO image_rx_daemon: frag_arrival: seq=125 idx=0 total=2 fw_us=1348500780 len=247

2026-09-12 19:24:54,515 WARNING image_rx_daemon: crc_dump: irq=0x70 rx_len=255 snr=-12.2 rssi=-115 dump=676f98e378fe84487a256659bad7c315a08a9370d57060371572f83652494a1e6c8951e8afd905bec3f4d6f9ea31e3da9404a43ca77a19dd2959ff9da134bfea68356ddc752c742200cb821bb1304b62bc5628e792a967254d1cee488daa7939d3a7376129be4f2c1a7254e3bd052ba08bb03ea604bac9e08da14ba8e54160d702feb1105cedbb891001f3fe2c87b24193abf96e3e0d6bf7f9ec469174a29fae4e1255e959e242368b242dce661bf66198b1c4371d3a8894c18a84df075e0fb2783dc91e1359d36c785ec22eecf390c37564e7eafe83ee05fb93f0302673870c3b539ab44f22d68932746b51a76ce95ce12cb2ef08ec8cf348895d

2026-09-12 19:24:54,637 INFO image_rx_daemon: frag_arrival: seq=125 idx=1 total=2 fw_us=1348718909 len=211

2026-09-12 19:24:54,638 INFO image_rx_daemon: published frame_id=0 seq=125 450 B → lifetrac/v25/video/tile_delta

INFO: unrelated frame during TX wait type=0x91

RFCO_PERTX during TX wait: profile_id=2 tx_status=0x00(OK) hop_idx=0 channel_idx=0 epoch=0 freq_hz=0 pkt_toa_us=15424 legal_dwell_used_us_10s=0

2026-09-12 19:24:54,918 INFO image_rx_daemon: command TX opcode=0x6c copy=1/1 OK (on air)

2026-09-12 19:24:55,151 INFO image_rx_daemon: frag_arrival: seq=126 idx=1 total=2 fw_us=1349235096 len=208

2026-09-12 19:24:55,425 INFO image_rx_daemon: frag_arrival: seq=127 idx=0 total=1 fw_us=1349508716 len=211

2026-09-12 19:24:55,426 INFO image_rx_daemon: published frame_id=0 seq=127 207 B → lifetrac/v25/video/tile_delta

2026-09-12 19:24:55,921 INFO image_rx_daemon: frag_arrival: seq=128 idx=0 total=1 fw_us=1350011033 len=217

2026-09-12 19:24:55,922 INFO image_rx_daemon: published frame_id=0 seq=128 213 B → lifetrac/v25/video/tile_delta

2026-09-12 19:24:56,429 INFO image_rx_daemon: frag_arrival: seq=129 idx=0 total=1 fw_us=1350512293 len=232

2026-09-12 19:24:56,431 INFO image_rx_daemon: published frame_id=0 seq=129 228 B → lifetrac/v25/video/tile_delta

2026-09-12 19:24:56,894 INFO image_rx_daemon: frag_arrival: seq=130 idx=0 total=2 fw_us=1350982941 len=247

2026-09-12 19:24:57,084 INFO image_rx_daemon: frag_arrival: seq=130 idx=1 total=2 fw_us=1351178374 len=157

2026-09-12 19:24:57,086 INFO image_rx_daemon: published frame_id=0 seq=130 396 B → lifetrac/v25/video/tile_delta

2026-09-12 19:24:57,374 INFO image_rx_daemon: frag_arrival: seq=131 idx=0 total=1 fw_us=1351462687 len=243

2026-09-12 19:24:57,375 INFO image_rx_daemon: published frame_id=0 seq=131 239 B → lifetrac/v25/video/tile_delta

INFO: unrelated frame during TX wait type=0x91

RFCO_PERTX during TX wait: profile_id=2 tx_status=0x00(OK) hop_idx=0 channel_idx=0 epoch=0 freq_hz=0 pkt_toa_us=15424 legal_dwell_used_us_10s=0

2026-09-12 19:24:57,911 INFO image_rx_daemon: command TX opcode=0x6c copy=1/1 OK (on air)

2026-09-12 19:24:57,933 INFO image_rx_daemon: stats: rx_frames=552 rx_decode_err=0 frames_published=362 publish_err=0 reassembler_decode_err=0 reassembler_timeouts=13 parity_recon=0 idle_drain_deferred=0

2026-09-12 19:24:57,934 INFO image_rx_daemon: air_gap: n=26 dt_med=284313us dt_p95=531982us len_med=224B cmd_tx_ok=92 cmd_tx_fail=0

2026-09-12 19:24:57,936 INFO image_rx_daemon: air_gap_hist(ms): <200:2 <400:13 <1000:11

2026-09-12 19:24:57,937 INFO image_rx_daemon: rx_rf: n_rssi=26 n_snr=26 rssi[min/med/max]=-70/-69/-69 snr[min/med/max]=5.0/6.0/6.0

2026-09-12 19:24:57,938 INFO image_rx_daemon: phase_telemetry: valid=26 invalid=0 pre_f8=0 last_epoch=0 last_hop=0 slot_off=[0..0]

2026-09-12 19:24:57,940 INFO image_rx_daemon: air_gap_by_class: seq: n=8 med=218.1ms | boundary: n=17 med=489.0ms | post_loss: n=1 med=516.2ms

2026-09-12 19:24:57,940 INFO image_rx_daemon: lost_frag_idx: n=1 idx0=1 (5.56% of idx0 arrivals) other=0 (0.00%) verdict=CLUSTERED-AT-0 | top 0:1

2026-09-12 19:24:58,161 INFO image_rx_daemon: frag_arrival: seq=132 idx=1 total=2 fw_us=1352246782 len=236

2026-09-12 19:24:58,382 INFO image_rx_daemon: frag_arrival: seq=133 idx=0 total=1 fw_us=1352468695 len=199

2026-09-12 19:24:58,383 INFO image_rx_daemon: published frame_id=0 seq=133 195 B → lifetrac/v25/video/tile_delta

2026-09-12 19:24:58,901 INFO image_rx_daemon: frag_arrival: seq=134 idx=0 total=2 fw_us=1352990674 len=247

2026-09-12 19:24:59,117 INFO image_rx_daemon: frag_arrival: seq=134 idx=1 total=2 fw_us=1353203185 len=222

2026-09-12 19:24:59,118 INFO image_rx_daemon: published frame_id=0 seq=134 461 B → lifetrac/v25/video/tile_delta

2026-09-12 19:24:59,397 INFO image_rx_daemon: frag_arrival: seq=135 idx=0 total=2 fw_us=1353484702 len=247

2026-09-12 19:24:59,609 INFO image_rx_daemon: frag_arrival: seq=135 idx=1 total=2 fw_us=1353697847 len=222

2026-09-12 19:24:59,610 INFO image_rx_daemon: published frame_id=0 seq=135 461 B → lifetrac/v25/video/tile_delta

2026-09-12 19:24:59,864 INFO image_rx_daemon: frag_arrival: seq=136 idx=0 total=1 fw_us=1353965032 len=235

2026-09-12 19:24:59,866 INFO image_rx_daemon: published frame_id=0 seq=136 231 B → lifetrac/v25/video/tile_delta

2026-09-12 19:25:00,360 INFO image_rx_daemon: frag_arrival: seq=137 idx=0 total=1 fw_us=1354452730 len=227

2026-09-12 19:25:00,362 INFO image_rx_daemon: published frame_id=0 seq=137 223 B → lifetrac/v25/video/tile_delta

2026-09-12 19:25:00,895 INFO image_rx_daemon: frag_arrival: seq=138 idx=0 total=1 fw_us=1354981322 len=235

2026-09-12 19:25:00,897 INFO image_rx_daemon: published frame_id=0 seq=138 231 B → lifetrac/v25/video/tile_delta

RFCO_PERTX during TX wait: profile_id=2 tx_status=0x00(OK) hop_idx=0 channel_idx=0 epoch=0 freq_hz=0 pkt_toa_us=15424 legal_dwell_used_us_10s=0

2026-09-12 19:25:00,924 INFO image_rx_daemon: command TX opcode=0x6c copy=1/1 OK (on air)

2026-09-12 19:25:01,387 INFO image_rx_daemon: frag_arrival: seq=139 idx=0 total=2 fw_us=1355479282 len=247

2026-09-12 19:25:01,614 INFO image_rx_daemon: frag_arrival: seq=139 idx=1 total=2 fw_us=1355701864 len=222

2026-09-12 19:25:01,615 INFO image_rx_daemon: published frame_id=0 seq=139 461 B → lifetrac/v25/video/tile_delta

2026-09-12 19:25:01,891 INFO image_rx_daemon: frag_arrival: seq=140 idx=0 total=2 fw_us=1355991032 len=247

2026-09-12 19:25:02,135 INFO image_rx_daemon: frag_arrival: seq=140 idx=1 total=2 fw_us=1356216423 len=230

2026-09-12 19:25:02,136 INFO image_rx_daemon: published frame_id=0 seq=140 469 B → lifetrac/v25/video/tile_delta

2026-09-12 19:25:02,389 INFO image_rx_daemon: frag_arrival: seq=141 idx=0 total=1 fw_us=1356478012 len=225

2026-09-12 19:25:02,390 INFO image_rx_daemon: published frame_id=0 seq=141 221 B → lifetrac/v25/video/tile_delta

2026-09-12 19:25:02,877 INFO image_rx_daemon: frag_arrival: seq=142 idx=0 total=1 fw_us=1356967985 len=217

2026-09-12 19:25:02,878 INFO image_rx_daemon: published frame_id=0 seq=142 213 B → lifetrac/v25/video/tile_delta

2026-09-12 19:25:03,377 INFO image_rx_daemon: frag_arrival: seq=143 idx=0 total=1 fw_us=1357464425 len=210

2026-09-12 19:25:03,378 INFO image_rx_daemon: published frame_id=0 seq=143 206 B → lifetrac/v25/video/tile_delta

2026-09-12 19:25:03,894 INFO image_rx_daemon: frag_arrival: seq=144 idx=0 total=2 fw_us=1357986852 len=247

2026-09-12 19:25:04,117 INFO image_rx_daemon: frag_arrival: seq=144 idx=1 total=2 fw_us=1358201013 len=225

2026-09-12 19:25:04,118 INFO image_rx_daemon: published frame_id=0 seq=144 464 B → lifetrac/v25/video/tile_delta

RFCO_PERTX during TX wait: profile_id=2 tx_status=0x00(OK) hop_idx=0 channel_idx=0 epoch=0 freq_hz=0 pkt_toa_us=15424 legal_dwell_used_us_10s=0

2026-09-12 19:25:04,145 INFO image_rx_daemon: command TX opcode=0x6c copy=1/1 OK (on air)

2026-09-12 19:25:04,405 INFO image_rx_daemon: frag_arrival: seq=145 idx=0 total=1 fw_us=1358490100 len=238

2026-09-12 19:25:04,406 INFO image_rx_daemon: published frame_id=0 seq=145 234 B → lifetrac/v25/video/tile_delta

2026-09-12 19:25:04,945 INFO image_rx_daemon: frag_arrival: seq=146 idx=0 total=2 fw_us=1359036575 len=247

2026-09-12 19:25:05,173 INFO image_rx_daemon: frag_arrival: seq=146 idx=1 total=2 fw_us=1359257733 len=242

2026-09-12 19:25:05,179 INFO image_rx_daemon: published frame_id=0 seq=146 481 B → lifetrac/v25/video/tile_delta

2026-09-12 19:25:05,410 INFO image_rx_daemon: frag_arrival: seq=147 idx=0 total=2 fw_us=1359500359 len=247

2026-09-12 19:25:05,636 INFO image_rx_daemon: frag_arrival: seq=147 idx=1 total=2 fw_us=1359715679 len=204

2026-09-12 19:25:05,638 INFO image_rx_daemon: published frame_id=0 seq=147 443 B → lifetrac/v25/video/tile_delta

2026-09-12 19:25:05,901 INFO image_rx_daemon: frag_arrival: seq=148 idx=0 total=1 fw_us=1359992775 len=180

2026-09-12 19:25:05,902 INFO image_rx_daemon: published frame_id=0 seq=148 176 B → lifetrac/v25/video/tile_delta

2026-09-12 19:25:06,433 INFO image_rx_daemon: frag_arrival: seq=149 idx=0 total=2 fw_us=1360512628 len=247

2026-09-12 19:25:06,637 INFO image_rx_daemon: frag_arrival: seq=149 idx=1 total=2 fw_us=1360724284 len=218

2026-09-12 19:25:06,638 INFO image_rx_daemon: published frame_id=0 seq=149 457 B → lifetrac/v25/video/tile_delta

2026-09-12 19:25:06,926 INFO image_rx_daemon: frag_arrival: seq=150 idx=0 total=2 fw_us=1361010901 len=247

2026-09-12 19:25:07,134 INFO image_rx_daemon: frag_arrival: seq=150 idx=1 total=2 fw_us=1361222446 len=220

2026-09-12 19:25:07,136 INFO image_rx_daemon: published frame_id=0 seq=150 459 B → lifetrac/v25/video/tile_delta

RFCO_PERTX during TX wait: profile_id=2 tx_status=0x00(OK) hop_idx=0 channel_idx=0 epoch=0 freq_hz=0 pkt_toa_us=10304 legal_dwell_used_us_10s=0

2026-09-12 19:25:07,162 INFO image_rx_daemon: command TX opcode=0x60 copy=1/1 OK (on air)

2026-09-12 19:25:07,410 INFO image_rx_daemon: frag_arrival: seq=151 idx=0 total=2 fw_us=1361495473 len=247

2026-09-12 19:25:07,621 INFO image_rx_daemon: frag_arrival: seq=151 idx=1 total=2 fw_us=1361711661 len=228

2026-09-12 19:25:07,622 INFO image_rx_daemon: published frame_id=0 seq=151 467 B → lifetrac/v25/video/tile_delta

RFCO_PERTX during TX wait: profile_id=2 tx_status=0x00(OK) hop_idx=0 channel_idx=0 epoch=0 freq_hz=0 pkt_toa_us=10304 legal_dwell_used_us_10s=0

2026-09-12 19:25:07,649 INFO image_rx_daemon: command TX opcode=0x60 copy=1/1 OK (on air)

RFCO_PERTX during TX wait: profile_id=2 tx_status=0x00(OK) hop_idx=0 channel_idx=0 epoch=0 freq_hz=0 pkt_toa_us=15424 legal_dwell_used_us_10s=0

2026-09-12 19:25:07,942 INFO image_rx_daemon: command TX opcode=0x6c copy=1/1 OK (on air)

2026-09-12 19:25:07,946 INFO image_rx_daemon: stats: rx_frames=582 rx_decode_err=0 frames_published=381 publish_err=0 reassembler_decode_err=0 reassembler_timeouts=14 parity_recon=0 idle_drain_deferred=0

2026-09-12 19:25:07,947 INFO image_rx_daemon: air_gap: n=30 dt_med=277096us dt_p95=546475us len_med=235B cmd_tx_ok=97 cmd_tx_fail=0

2026-09-12 19:25:07,948 INFO image_rx_daemon: air_gap_hist(ms): <400:20 <1000:10

2026-09-12 19:25:07,949 INFO image_rx_daemon: rx_rf: n_rssi=30 n_snr=30 rssi[min/med/max]=-70/-69/-69 snr[min/med/max]=5.0/6.0/6.0

2026-09-12 19:25:07,949 INFO image_rx_daemon: phase_telemetry: valid=30 invalid=0 pre_f8=0 last_epoch=0 last_hop=0 slot_off=[0..0]

2026-09-12 19:25:07,950 INFO image_rx_daemon: air_gap_by_class: seq: n=10 med=215.3ms | boundary: n=19 med=289.2ms | post_loss: n=1 med=784.1ms

2026-09-12 19:25:07,950 INFO image_rx_daemon: lost_frag_idx: n=1 idx0=1 (5.00% of idx0 arrivals) other=0 (0.00%) verdict=CLUSTERED-AT-0 | top 0:1

RFCO_PERTX during TX wait: profile_id=2 tx_status=0x00(OK) hop_idx=0 channel_idx=0 epoch=0 freq_hz=0 pkt_toa_us=10304 legal_dwell_used_us_10s=0

2026-09-12 19:25:08,232 INFO image_rx_daemon: command TX opcode=0x60 copy=1/1 OK (on air)

2026-09-12 19:25:08,449 INFO image_rx_daemon: frag_arrival: seq=153 idx=0 total=2 fw_us=1362531033 len=247

2026-09-12 19:25:08,676 INFO image_rx_daemon: frag_arrival: seq=153 idx=1 total=2 fw_us=1362756739 len=229

2026-09-12 19:25:08,677 INFO image_rx_daemon: published frame_id=0 seq=153 468 B → lifetrac/v25/video/tile_delta

RFCO_PERTX during TX wait: profile_id=2 tx_status=0x00(OK) hop_idx=0 channel_idx=0 epoch=0 freq_hz=0 pkt_toa_us=10304 legal_dwell_used_us_10s=0

2026-09-12 19:25:08,704 INFO image_rx_daemon: command TX opcode=0x60 copy=1/1 OK (on air)

2026-09-12 19:25:08,897 INFO image_rx_daemon: frag_arrival: seq=154 idx=0 total=1 fw_us=1362982330 len=237

2026-09-12 19:25:08,898 INFO image_rx_daemon: cmd 0x60 CONVERGED after 4 attempts (1.9 s): keyframe received (UNVERIFIED delivery — keyframe may be encoder-initiated)

2026-09-12 19:25:08,899 INFO image_rx_daemon: published frame_id=0 seq=154 233 B → lifetrac/v25/video/tile_delta

2026-09-12 19:25:09,384 INFO image_rx_daemon: frag_arrival: seq=155 idx=0 total=1 fw_us=1363474641 len=228

2026-09-12 19:25:09,386 INFO image_rx_daemon: published frame_id=0 seq=155 224 B → lifetrac/v25/video/tile_delta

2026-09-12 19:25:09,885 INFO image_rx_daemon: frag_arrival: seq=156 idx=0 total=2 fw_us=1363971651 len=247

2026-09-12 19:25:10,089 INFO image_rx_daemon: frag_arrival: seq=156 idx=1 total=2 fw_us=1364172943 len=195

2026-09-12 19:25:10,090 INFO image_rx_daemon: published frame_id=0 seq=156 434 B → lifetrac/v25/video/tile_delta

RFCO_PERTX during TX wait: profile_id=2 tx_status=0x00(OK) hop_idx=0 channel_idx=0 epoch=0 freq_hz=0 pkt_toa_us=15424 legal_dwell_used_us_10s=0

2026-09-12 19:25:10,112 INFO image_rx_daemon: command TX opcode=0x6c copy=1/1 OK (on air)

2026-09-12 19:25:10,421 INFO image_rx_daemon: frag_arrival: seq=157 idx=0 total=3 fw_us=1364504596 len=247

2026-09-12 19:25:10,533 INFO image_rx_daemon: frag_arrival: seq=157 idx=1 total=3 fw_us=1364622099 len=247

2026-09-12 19:25:10,648 INFO image_rx_daemon: frag_arrival: seq=157 idx=2 total=3 fw_us=1364756662 len=12

2026-09-12 19:25:10,650 INFO image_rx_daemon: published frame_id=0 seq=157 494 B → lifetrac/v25/video/tile_delta

2026-09-12 19:25:10,873 INFO image_rx_daemon: frag_arrival: seq=158 idx=0 total=1 fw_us=1364960611 len=187

2026-09-12 19:25:10,874 INFO image_rx_daemon: published frame_id=0 seq=158 183 B → lifetrac/v25/video/tile_delta

2026-09-12 19:25:11,393 INFO image_rx_daemon: frag_arrival: seq=159 idx=0 total=1 fw_us=1365480737 len=238

2026-09-12 19:25:11,394 INFO image_rx_daemon: published frame_id=0 seq=159 234 B → lifetrac/v25/video/tile_delta

2026-09-12 19:25:11,852 INFO image_rx_daemon: frag_arrival: seq=160 idx=0 total=1 fw_us=1365932373 len=215

2026-09-12 19:25:11,854 INFO image_rx_daemon: published frame_id=0 seq=160 211 B → lifetrac/v25/video/tile_delta

2026-09-12 19:25:12,390 INFO image_rx_daemon: frag_arrival: seq=161 idx=0 total=2 fw_us=1366482390 len=247

2026-09-12 19:25:12,634 INFO image_rx_daemon: frag_arrival: seq=161 idx=1 total=2 fw_us=1366708398 len=231

2026-09-12 19:25:12,635 INFO image_rx_daemon: published frame_id=0 seq=161 470 B → lifetrac/v25/video/tile_delta

2026-09-12 19:25:12,901 INFO image_rx_daemon: frag_arrival: seq=162 idx=0 total=2 fw_us=1366989770 len=247

2026-09-12 19:25:13,123 INFO image_rx_daemon: frag_arrival: seq=162 idx=1 total=2 fw_us=1367215179 len=230

2026-09-12 19:25:13,124 INFO image_rx_daemon: published frame_id=0 seq=162 469 B → lifetrac/v25/video/tile_delta

RFCO_PERTX during TX wait: profile_id=2 tx_status=0x00(OK) hop_idx=0 channel_idx=0 epoch=0 freq_hz=0 pkt_toa_us=15424 legal_dwell_used_us_10s=0

2026-09-12 19:25:13,151 INFO image_rx_daemon: command TX opcode=0x6c copy=1/1 OK (on air)

2026-09-12 19:25:13,408 INFO image_rx_daemon: frag_arrival: seq=163 idx=0 total=2 fw_us=1367507182 len=247

2026-09-12 19:25:13,643 INFO image_rx_daemon: frag_arrival: seq=163 idx=1 total=2 fw_us=1367732677 len=246

2026-09-12 19:25:13,644 INFO image_rx_daemon: published frame_id=0 seq=163 485 B → lifetrac/v25/video/tile_delta

2026-09-12 19:25:13,909 INFO image_rx_daemon: frag_arrival: seq=164 idx=0 total=1 fw_us=1367991938 len=229

2026-09-12 19:25:13,910 INFO image_rx_daemon: published frame_id=0 seq=164 225 B → lifetrac/v25/video/tile_delta

2026-09-12 19:25:14,382 INFO image_rx_daemon: frag_arrival: seq=165 idx=0 total=2 fw_us=1368466258 len=247

2026-09-12 19:25:14,573 INFO image_rx_daemon: frag_arrival: seq=165 idx=1 total=2 fw_us=1368666451 len=167

2026-09-12 19:25:14,574 INFO image_rx_daemon: published frame_id=0 seq=165 406 B → lifetrac/v25/video/tile_delta

2026-09-12 19:25:14,869 INFO image_rx_daemon: frag_arrival: seq=166 idx=0 total=1 fw_us=1368955893 len=246

2026-09-12 19:25:14,871 INFO image_rx_daemon: published frame_id=0 seq=166 242 B → lifetrac/v25/video/tile_delta

2026-09-12 19:25:15,369 INFO image_rx_daemon: frag_arrival: seq=167 idx=0 total=2 fw_us=1369456163 len=247

2026-09-12 19:25:15,561 INFO image_rx_daemon: frag_arrival: seq=167 idx=1 total=2 fw_us=1369653201 len=161

2026-09-12 19:25:15,562 INFO image_rx_daemon: published frame_id=0 seq=167 400 B → lifetrac/v25/video/tile_delta

2026-09-12 19:25:15,871 INFO image_rx_daemon: frag_arrival: seq=168 idx=0 total=1 fw_us=1369956689 len=218

2026-09-12 19:25:15,872 INFO image_rx_daemon: published frame_id=0 seq=168 214 B → lifetrac/v25/video/tile_delta

RFCO_PERTX during TX wait: profile_id=2 tx_status=0x00(OK) hop_idx=0 channel_idx=0 epoch=0 freq_hz=0 pkt_toa_us=15424 legal_dwell_used_us_10s=0

2026-09-12 19:25:16,159 INFO image_rx_daemon: command TX opcode=0x6c copy=1/1 OK (on air)

2026-09-12 19:25:16,385 INFO image_rx_daemon: frag_arrival: seq=169 idx=0 total=2 fw_us=1370470597 len=247

2026-09-12 19:25:16,579 INFO image_rx_daemon: frag_arrival: seq=169 idx=1 total=2 fw_us=1370668681 len=165

2026-09-12 19:25:16,581 INFO image_rx_daemon: published frame_id=0 seq=169 404 B → lifetrac/v25/video/tile_delta

2026-09-12 19:25:16,898 INFO image_rx_daemon: frag_arrival: seq=170 idx=0 total=2 fw_us=1370980645 len=247

2026-09-12 19:25:17,116 INFO image_rx_daemon: frag_arrival: seq=170 idx=1 total=2 fw_us=1371206180 len=230

2026-09-12 19:25:17,118 INFO image_rx_daemon: published frame_id=0 seq=170 469 B → lifetrac/v25/video/tile_delta

2026-09-12 19:25:17,401 INFO image_rx_daemon: frag_arrival: seq=171 idx=0 total=1 fw_us=1371483404 len=226

2026-09-12 19:25:17,402 INFO image_rx_daemon: published frame_id=0 seq=171 222 B → lifetrac/v25/video/tile_delta

2026-09-12 19:25:17,909 INFO image_rx_daemon: frag_arrival: seq=172 idx=0 total=1 fw_us=1371996395 len=239

2026-09-12 19:25:17,910 INFO image_rx_daemon: published frame_id=0 seq=172 235 B → lifetrac/v25/video/tile_delta

2026-09-12 19:25:17,953 INFO image_rx_daemon: stats: rx_frames=613 rx_decode_err=0 frames_published=401 publish_err=0 reassembler_decode_err=0 reassembler_timeouts=14 parity_recon=0 idle_drain_deferred=0

2026-09-12 19:25:17,955 INFO image_rx_daemon: air_gap: n=31 dt_med=281372us dt_p95=550017us len_med=237B cmd_tx_ok=102 cmd_tx_fail=0

2026-09-12 19:25:17,958 INFO image_rx_daemon: air_gap_hist(ms): <120:1 <200:3 <400:17 <1000:10

2026-09-12 19:25:17,959 INFO image_rx_daemon: rx_rf: n_rssi=31 n_snr=31 rssi[min/med/max]=-70/-69/-69 snr[min/med/max]=5.0/5.0/7.0

2026-09-12 19:25:17,961 INFO image_rx_daemon: phase_telemetry: valid=31 invalid=0 pre_f8=0 last_epoch=0 last_hop=0 slot_off=[0..0]

2026-09-12 19:25:17,963 INFO image_rx_daemon: air_gap_by_class: seq: n=11 med=201.3ms | boundary: n=20 med=451.6ms

2026-09-12 19:25:18,415 INFO image_rx_daemon: frag_arrival: seq=173 idx=0 total=1 fw_us=1372507498 len=232

2026-09-12 19:25:18,416 INFO image_rx_daemon: published frame_id=0 seq=173 228 B → lifetrac/v25/video/tile_delta

2026-09-12 19:25:18,875 INFO image_rx_daemon: frag_arrival: seq=174 idx=0 total=1 fw_us=1372969203 len=203

2026-09-12 19:25:18,877 INFO image_rx_daemon: published frame_id=0 seq=174 199 B → lifetrac/v25/video/tile_delta

RFCO_PERTX during TX wait: profile_id=2 tx_status=0x00(OK) hop_idx=0 channel_idx=0 epoch=0 freq_hz=0 pkt_toa_us=15424 legal_dwell_used_us_10s=0

2026-09-12 19:25:19,170 INFO image_rx_daemon: command TX opcode=0x6c copy=1/1 OK (on air)

2026-09-12 19:25:19,405 INFO image_rx_daemon: frag_arrival: seq=175 idx=0 total=1 fw_us=1373491283 len=222

2026-09-12 19:25:19,406 INFO image_rx_daemon: published frame_id=0 seq=175 218 B → lifetrac/v25/video/tile_delta

2026-09-12 19:25:19,922 INFO image_rx_daemon: frag_arrival: seq=176 idx=0 total=2 fw_us=1374013812 len=247

2026-09-12 19:25:20,141 INFO image_rx_daemon: frag_arrival: seq=176 idx=1 total=2 fw_us=1374231795 len=214

2026-09-12 19:25:20,143 INFO image_rx_daemon: published frame_id=0 seq=176 453 B → lifetrac/v25/video/tile_delta

2026-09-12 19:25:20,399 INFO image_rx_daemon: frag_arrival: seq=177 idx=0 total=2 fw_us=1374480981 len=247

2026-09-12 19:25:20,622 INFO image_rx_daemon: frag_arrival: seq=177 idx=1 total=2 fw_us=1374707481 len=235

2026-09-12 19:25:20,623 INFO image_rx_daemon: published frame_id=0 seq=177 474 B → lifetrac/v25/video/tile_delta

2026-09-12 19:25:20,909 INFO image_rx_daemon: frag_arrival: seq=178 idx=0 total=2 fw_us=1374991834 len=247

2026-09-12 19:25:21,133 INFO image_rx_daemon: frag_arrival: seq=178 idx=1 total=2 fw_us=1375219020 len=232

2026-09-12 19:25:21,134 INFO image_rx_daemon: published frame_id=0 seq=178 471 B → lifetrac/v25/video/tile_delta

2026-09-12 19:25:21,406 INFO image_rx_daemon: frag_arrival: seq=179 idx=0 total=1 fw_us=1375499332 len=224

2026-09-12 19:25:21,408 INFO image_rx_daemon: published frame_id=0 seq=179 220 B → lifetrac/v25/video/tile_delta

2026-09-12 19:25:21,901 INFO image_rx_daemon: frag_arrival: seq=180 idx=0 total=1 fw_us=1375991707 len=203

2026-09-12 19:25:21,902 INFO image_rx_daemon: published frame_id=0 seq=180 199 B → lifetrac/v25/video/tile_delta

RFCO_PERTX during TX wait: profile_id=2 tx_status=0x00(OK) hop_idx=0 channel_idx=0 epoch=0 freq_hz=0 pkt_toa_us=10304 legal_dwell_used_us_10s=0

2026-09-12 19:25:22,191 INFO image_rx_daemon: command TX opcode=0x60 copy=1/1 OK (on air)

RFCO_PERTX during TX wait: profile_id=2 tx_status=0x00(OK) hop_idx=0 channel_idx=0 epoch=0 freq_hz=0 pkt_toa_us=15424 legal_dwell_used_us_10s=0

2026-09-12 19:25:22,229 INFO image_rx_daemon: command TX opcode=0x6c copy=1/1 OK (on air)

2026-09-12 19:25:22,373 INFO image_rx_daemon: frag_arrival: seq=181 idx=0 total=1 fw_us=1376458576 len=211

2026-09-12 19:25:22,374 INFO image_rx_daemon: published frame_id=0 seq=181 207 B → lifetrac/v25/video/tile_delta

RFCO_PERTX during TX wait: profile_id=2 tx_status=0x00(OK) hop_idx=0 channel_idx=0 epoch=0 freq_hz=0 pkt_toa_us=10304 legal_dwell_used_us_10s=0

2026-09-12 19:25:22,653 INFO image_rx_daemon: command TX opcode=0x60 copy=1/1 OK (on air)

2026-09-12 19:25:22,871 INFO image_rx_daemon: frag_arrival: seq=182 idx=0 total=1 fw_us=1376959223 len=215

2026-09-12 19:25:22,871 INFO image_rx_daemon: cmd 0x60 CONVERGED after 2 attempts (0.8 s): keyframe received (UNVERIFIED delivery — keyframe may be encoder-initiated)

2026-09-12 19:25:22,872 INFO image_rx_daemon: published frame_id=0 seq=182 211 B → lifetrac/v25/video/tile_delta

2026-09-12 19:25:23,364 INFO image_rx_daemon: frag_arrival: seq=183 idx=0 total=1 fw_us=1377456379 len=213

2026-09-12 19:25:23,365 INFO image_rx_daemon: published frame_id=0 seq=183 209 B → lifetrac/v25/video/tile_delta

2026-09-12 19:25:23,883 INFO image_rx_daemon: frag_arrival: seq=184 idx=0 total=2 fw_us=1377970547 len=247

2026-09-12 19:25:24,105 INFO image_rx_daemon: frag_arrival: seq=184 idx=1 total=2 fw_us=1378196774 len=229

2026-09-12 19:25:24,106 INFO image_rx_daemon: published frame_id=0 seq=184 468 B → lifetrac/v25/video/tile_delta

2026-09-12 19:25:24,380 INFO image_rx_daemon: frag_arrival: seq=185 idx=0 total=2 fw_us=1378473367 len=247

2026-09-12 19:25:24,594 INFO image_rx_daemon: frag_arrival: seq=185 idx=1 total=2 fw_us=1378685993 len=222

2026-09-12 19:25:24,596 INFO image_rx_daemon: published frame_id=0 seq=185 461 B → lifetrac/v25/video/tile_delta

2026-09-12 19:25:24,893 INFO image_rx_daemon: frag_arrival: seq=186 idx=0 total=2 fw_us=1378981556 len=247

2026-09-12 19:25:25,097 INFO image_rx_daemon: frag_arrival: seq=186 idx=1 total=2 fw_us=1379182383 len=171

2026-09-12 19:25:25,098 INFO image_rx_daemon: published frame_id=0 seq=186 410 B → lifetrac/v25/video/tile_delta

RFCO_PERTX during TX wait: profile_id=2 tx_status=0x00(OK) hop_idx=0 channel_idx=0 epoch=0 freq_hz=0 pkt_toa_us=15424 legal_dwell_used_us_10s=0

2026-09-12 19:25:25,129 INFO image_rx_daemon: command TX opcode=0x6c copy=1/1 OK (on air)

2026-09-12 19:25:25,389 INFO image_rx_daemon: frag_arrival: seq=187 idx=0 total=1 fw_us=1379474656 len=243

2026-09-12 19:25:25,390 INFO image_rx_daemon: published frame_id=0 seq=187 239 B → lifetrac/v25/video/tile_delta

2026-09-12 19:25:25,865 INFO image_rx_daemon: frag_arrival: seq=188 idx=0 total=1 fw_us=1379952884 len=203

2026-09-12 19:25:25,866 INFO image_rx_daemon: published frame_id=0 seq=188 199 B → lifetrac/v25/video/tile_delta

2026-09-12 19:25:26,381 INFO image_rx_daemon: frag_arrival: seq=189 idx=0 total=2 fw_us=1380469430 len=247

2026-09-12 19:25:26,586 INFO image_rx_daemon: frag_arrival: seq=189 idx=1 total=2 fw_us=1380684501 len=204

2026-09-12 19:25:26,588 INFO image_rx_daemon: published frame_id=0 seq=189 443 B → lifetrac/v25/video/tile_delta

2026-09-12 19:25:26,875 INFO image_rx_daemon: frag_arrival: seq=190 idx=0 total=2 fw_us=1380968609 len=247

2026-09-12 19:25:27,087 INFO image_rx_daemon: frag_arrival: seq=190 idx=1 total=2 fw_us=1381191122 len=222

2026-09-12 19:25:27,089 INFO image_rx_daemon: published frame_id=0 seq=190 461 B → lifetrac/v25/video/tile_delta

2026-09-12 19:25:27,365 INFO image_rx_daemon: frag_arrival: seq=191 idx=0 total=1 fw_us=1381448312 len=229

2026-09-12 19:25:27,366 INFO image_rx_daemon: published frame_id=0 seq=191 225 B → lifetrac/v25/video/tile_delta

2026-09-12 19:25:27,853 INFO image_rx_daemon: frag_arrival: seq=192 idx=0 total=1 fw_us=1381937681 len=221

2026-09-12 19:25:27,854 INFO image_rx_daemon: published frame_id=0 seq=192 217 B → lifetrac/v25/video/tile_delta

2026-09-12 19:25:27,966 INFO image_rx_daemon: stats: rx_frames=641 rx_decode_err=0 frames_published=421 publish_err=0 reassembler_decode_err=0 reassembler_timeouts=14 parity_recon=0 idle_drain_deferred=0

2026-09-12 19:25:27,968 INFO image_rx_daemon: air_gap: n=28 dt_med=292273us dt_p95=522080us len_med=229B cmd_tx_ok=107 cmd_tx_fail=0

2026-09-12 19:25:27,970 INFO image_rx_daemon: air_gap_hist(ms): <400:16 <1000:12

2026-09-12 19:25:27,971 INFO image_rx_daemon: rx_rf: n_rssi=28 n_snr=28 rssi[min/med/max]=-70/-69/-69 snr[min/med/max]=5.0/6.0/6.0

2026-09-12 19:25:27,971 INFO image_rx_daemon: phase_telemetry: valid=28 invalid=0 pre_f8=0 last_epoch=0 last_hop=0 slot_off=[0..0]

2026-09-12 19:25:27,972 INFO image_rx_daemon: air_gap_by_class: seq: n=8 med=222.5ms | boundary: n=20 med=478.2ms

RFCO_PERTX during TX wait: profile_id=2 tx_status=0x00(OK) hop_idx=0 channel_idx=0 epoch=0 freq_hz=0 pkt_toa_us=15424 legal_dwell_used_us_10s=0

2026-09-12 19:25:28,137 INFO image_rx_daemon: command TX opcode=0x6c copy=1/1 OK (on air)

2026-09-12 19:25:28,373 INFO image_rx_daemon: frag_arrival: seq=193 idx=0 total=1 fw_us=1382464106 len=212

2026-09-12 19:25:28,374 INFO image_rx_daemon: published frame_id=0 seq=193 208 B → lifetrac/v25/video/tile_delta

2026-09-12 19:25:28,873 INFO image_rx_daemon: frag_arrival: seq=194 idx=0 total=1 fw_us=1382963303 len=217

2026-09-12 19:25:28,874 INFO image_rx_daemon: published frame_id=0 seq=194 213 B → lifetrac/v25/video/tile_delta

2026-09-12 19:25:29,385 INFO image_rx_daemon: frag_arrival: seq=195 idx=0 total=2 fw_us=1383470293 len=247

2026-09-12 19:25:29,611 INFO image_rx_daemon: frag_arrival: seq=195 idx=1 total=2 fw_us=1383698573 len=236

2026-09-12 19:25:29,612 INFO image_rx_daemon: published frame_id=0 seq=195 475 B → lifetrac/v25/video/tile_delta

2026-09-12 19:25:29,881 INFO image_rx_daemon: frag_arrival: seq=196 idx=0 total=1 fw_us=1383969761 len=227

2026-09-12 19:25:29,882 INFO image_rx_daemon: published frame_id=0 seq=196 223 B → lifetrac/v25/video/tile_delta

2026-09-12 19:25:30,403 INFO image_rx_daemon: frag_arrival: seq=197 idx=0 total=1 fw_us=1384482495 len=211

2026-09-12 19:25:30,405 INFO image_rx_daemon: published frame_id=0 seq=197 207 B → lifetrac/v25/video/tile_delta

2026-09-12 19:25:30,925 INFO image_rx_daemon: frag_arrival: seq=198 idx=0 total=2 fw_us=1385010179 len=247

2026-09-12 19:25:31,141 INFO image_rx_daemon: frag_arrival: seq=198 idx=1 total=2 fw_us=1385226275 len=206

2026-09-12 19:25:31,142 INFO image_rx_daemon: published frame_id=0 seq=198 445 B → lifetrac/v25/video/tile_delta

RFCO_PERTX during TX wait: profile_id=2 tx_status=0x00(OK) hop_idx=0 channel_idx=0 epoch=0 freq_hz=0 pkt_toa_us=15424 legal_dwell_used_us_10s=0

2026-09-12 19:25:31,174 INFO image_rx_daemon: command TX opcode=0x6c copy=1/1 OK (on air)

2026-09-12 19:25:31,421 INFO image_rx_daemon: frag_arrival: seq=199 idx=0 total=2 fw_us=1385511099 len=247

2026-09-12 19:25:31,647 INFO image_rx_daemon: frag_arrival: seq=199 idx=1 total=2 fw_us=1385735863 len=246

2026-09-12 19:25:31,648 INFO image_rx_daemon: published frame_id=0 seq=199 485 B → lifetrac/v25/video/tile_delta

2026-09-12 19:25:31,885 INFO image_rx_daemon: frag_arrival: seq=200 idx=0 total=2 fw_us=1385967755 len=247

2026-09-12 19:25:32,077 INFO image_rx_daemon: frag_arrival: seq=200 idx=1 total=2 fw_us=1386166338 len=165

2026-09-12 19:25:32,078 INFO image_rx_daemon: published frame_id=0 seq=200 404 B → lifetrac/v25/video/tile_delta

2026-09-12 19:25:32,374 INFO image_rx_daemon: frag_arrival: seq=201 idx=0 total=2 fw_us=1386456944 len=247

2026-09-12 19:25:32,584 INFO image_rx_daemon: frag_arrival: seq=201 idx=1 total=2 fw_us=1386672617 len=204

2026-09-12 19:25:32,585 INFO image_rx_daemon: published frame_id=0 seq=201 443 B → lifetrac/v25/video/tile_delta

2026-09-12 19:25:32,861 INFO image_rx_daemon: frag_arrival: seq=202 idx=0 total=2 fw_us=1386950453 len=247

2026-09-12 19:25:33,072 INFO image_rx_daemon: frag_arrival: seq=202 idx=1 total=2 fw_us=1387158728 len=188

2026-09-12 19:25:33,074 INFO image_rx_daemon: published frame_id=0 seq=202 427 B → lifetrac/v25/video/tile_delta

2026-09-12 19:25:33,365 INFO image_rx_daemon: frag_arrival: seq=203 idx=0 total=2 fw_us=1387448144 len=247

2026-09-12 19:25:33,576 INFO image_rx_daemon: frag_arrival: seq=203 idx=1 total=2 fw_us=1387677427 len=238

2026-09-12 19:25:33,578 INFO image_rx_daemon: published frame_id=0 seq=203 477 B → lifetrac/v25/video/tile_delta

2026-09-12 19:25:33,893 INFO image_rx_daemon: frag_arrival: seq=204 idx=0 total=1 fw_us=1387982373 len=212

2026-09-12 19:25:33,894 INFO image_rx_daemon: published frame_id=0 seq=204 208 B → lifetrac/v25/video/tile_delta

RFCO_PERTX during TX wait: profile_id=2 tx_status=0x00(OK) hop_idx=0 channel_idx=0 epoch=0 freq_hz=0 pkt_toa_us=15424 legal_dwell_used_us_10s=0

2026-09-12 19:25:34,172 INFO image_rx_daemon: command TX opcode=0x6c copy=1/1 OK (on air)

2026-09-12 19:25:34,389 INFO image_rx_daemon: frag_arrival: seq=205 idx=0 total=2 fw_us=1388476033 len=247

2026-09-12 19:25:34,605 INFO image_rx_daemon: frag_arrival: seq=205 idx=1 total=2 fw_us=1388688890 len=224

2026-09-12 19:25:34,606 INFO image_rx_daemon: published frame_id=0 seq=205 463 B → lifetrac/v25/video/tile_delta

2026-09-12 19:25:34,885 INFO image_rx_daemon: frag_arrival: seq=206 idx=0 total=1 fw_us=1388968658 len=221

2026-09-12 19:25:34,886 INFO image_rx_daemon: published frame_id=0 seq=206 217 B → lifetrac/v25/video/tile_delta

2026-09-12 19:25:35,370 INFO image_rx_daemon: frag_arrival: seq=207 idx=0 total=3 fw_us=1389459574 len=247

2026-09-12 19:25:35,493 INFO image_rx_daemon: frag_arrival: seq=207 idx=1 total=3 fw_us=1389576714 len=247

2026-09-12 19:25:35,593 INFO image_rx_daemon: frag_arrival: seq=207 idx=2 total=3 fw_us=1389701613 len=6

2026-09-12 19:25:35,597 INFO image_rx_daemon: published frame_id=0 seq=207 488 B → lifetrac/v25/video/tile_delta

2026-09-12 19:25:35,842 INFO image_rx_daemon: frag_arrival: seq=208 idx=0 total=1 fw_us=1389943372 len=222

2026-09-12 19:25:35,843 INFO image_rx_daemon: published frame_id=0 seq=208 218 B → lifetrac/v25/video/tile_delta

2026-09-12 19:25:36,357 INFO image_rx_daemon: frag_arrival: seq=209 idx=0 total=1 fw_us=1390456654 len=236

2026-09-12 19:25:36,358 INFO image_rx_daemon: published frame_id=0 seq=209 232 B → lifetrac/v25/video/tile_delta

2026-09-12 19:25:36,868 INFO image_rx_daemon: frag_arrival: seq=210 idx=0 total=1 fw_us=1390963252 len=187

2026-09-12 19:25:36,870 INFO image_rx_daemon: published frame_id=0 seq=210 183 B → lifetrac/v25/video/tile_delta

RFCO_PERTX during TX wait: profile_id=2 tx_status=0x00(OK) hop_idx=0 channel_idx=0 epoch=0 freq_hz=0 pkt_toa_us=10304 legal_dwell_used_us_10s=0

2026-09-12 19:25:37,149 INFO image_rx_daemon: command TX opcode=0x60 copy=1/1 OK (on air)

RFCO_PERTX during TX wait: profile_id=2 tx_status=0x00(OK) hop_idx=0 channel_idx=0 epoch=0 freq_hz=0 pkt_toa_us=15424 legal_dwell_used_us_10s=0

2026-09-12 19:25:37,185 INFO image_rx_daemon: command TX opcode=0x6c copy=1/1 OK (on air)

2026-09-12 19:25:37,390 INFO image_rx_daemon: frag_arrival: seq=211 idx=0 total=2 fw_us=1391480618 len=247

2026-09-12 19:25:37,613 INFO image_rx_daemon: frag_arrival: seq=211 idx=1 total=2 fw_us=1391696688 len=224

2026-09-12 19:25:37,614 INFO image_rx_daemon: published frame_id=0 seq=211 463 B → lifetrac/v25/video/tile_delta

RFCO_PERTX during TX wait: profile_id=2 tx_status=0x00(OK) hop_idx=0 channel_idx=0 epoch=0 freq_hz=0 pkt_toa_us=10304 legal_dwell_used_us_10s=0

2026-09-12 19:25:37,638 INFO image_rx_daemon: command TX opcode=0x60 copy=1/1 OK (on air)

2026-09-12 19:25:37,871 INFO image_rx_daemon: frag_arrival: seq=212 idx=0 total=1 fw_us=1391962794 len=240

2026-09-12 19:25:37,872 INFO image_rx_daemon: cmd 0x60 CONVERGED after 2 attempts (0.8 s): keyframe received (UNVERIFIED delivery — keyframe may be encoder-initiated)

2026-09-12 19:25:37,873 INFO image_rx_daemon: published frame_id=0 seq=212 236 B → lifetrac/v25/video/tile_delta

2026-09-12 19:25:37,974 INFO image_rx_daemon: stats: rx_frames=672 rx_decode_err=0 frames_published=441 publish_err=0 reassembler_decode_err=0 reassembler_timeouts=14 parity_recon=0 idle_drain_deferred=0

2026-09-12 19:25:37,975 INFO image_rx_daemon: air_gap: n=31 dt_med=277836us dt_p95=526425us len_med=236B cmd_tx_ok=113 cmd_tx_fail=0

2026-09-12 19:25:37,977 INFO image_rx_daemon: air_gap_hist(ms): <120:1 <200:2 <400:18 <1000:10

2026-09-12 19:25:37,978 INFO image_rx_daemon: rx_rf: n_rssi=31 n_snr=31 rssi[min/med/max]=-70/-69/-69 snr[min/med/max]=5.0/6.0/6.0

2026-09-12 19:25:37,978 INFO image_rx_daemon: phase_telemetry: valid=31 invalid=0 pre_f8=0 last_epoch=0 last_hop=0 slot_off=[0..0]

2026-09-12 19:25:37,979 INFO image_rx_daemon: air_gap_by_class: seq: n=11 med=215.7ms | boundary: n=20 med=490.9ms

2026-09-12 19:25:38,365 INFO image_rx_daemon: frag_arrival: seq=213 idx=0 total=1 fw_us=1392451030 len=211

2026-09-12 19:25:38,366 INFO image_rx_daemon: published frame_id=0 seq=213 207 B → lifetrac/v25/video/tile_delta

2026-09-12 19:25:38,873 INFO image_rx_daemon: frag_arrival: seq=214 idx=0 total=2 fw_us=1392954638 len=247

2026-09-12 19:25:39,085 INFO image_rx_daemon: frag_arrival: seq=214 idx=1 total=2 fw_us=1393175031 len=217

2026-09-12 19:25:39,086 INFO image_rx_daemon: published frame_id=0 seq=214 456 B → lifetrac/v25/video/tile_delta

2026-09-12 19:25:39,393 INFO image_rx_daemon: frag_arrival: seq=215 idx=0 total=2 fw_us=1393483589 len=247

2026-09-12 19:25:39,605 INFO image_rx_daemon: frag_arrival: seq=215 idx=1 total=2 fw_us=1393695314 len=221

2026-09-12 19:25:39,606 INFO image_rx_daemon: published frame_id=0 seq=215 460 B → lifetrac/v25/video/tile_delta

2026-09-12 19:25:39,886 INFO image_rx_daemon: frag_arrival: seq=216 idx=0 total=1 fw_us=1393970263 len=244

2026-09-12 19:25:39,887 INFO image_rx_daemon: published frame_id=0 seq=216 240 B → lifetrac/v25/video/tile_delta

RFCO_PERTX during TX wait: profile_id=2 tx_status=0x00(OK) hop_idx=0 channel_idx=0 epoch=0 freq_hz=0 pkt_toa_us=15424 legal_dwell_used_us_10s=0

2026-09-12 19:25:40,176 INFO image_rx_daemon: command TX opcode=0x6c copy=1/1 OK (on air)

2026-09-12 19:25:40,389 INFO image_rx_daemon: frag_arrival: seq=217 idx=0 total=2 fw_us=1394475233 len=247

2026-09-12 19:25:40,581 INFO image_rx_daemon: frag_arrival: seq=217 idx=1 total=2 fw_us=1394670815 len=155

2026-09-12 19:25:40,584 INFO image_rx_daemon: published frame_id=0 seq=217 394 B → lifetrac/v25/video/tile_delta

2026-09-12 19:25:40,885 INFO image_rx_daemon: frag_arrival: seq=218 idx=0 total=2 fw_us=1394971020 len=247

2026-09-12 19:25:41,065 INFO image_rx_daemon: frag_arrival: seq=218 idx=1 total=2 fw_us=1395160030 len=163

2026-09-12 19:25:41,066 INFO image_rx_daemon: published frame_id=0 seq=218 402 B → lifetrac/v25/video/tile_delta

2026-09-12 19:25:41,382 INFO image_rx_daemon: frag_arrival: seq=219 idx=0 total=2 fw_us=1395467330 len=247

2026-09-12 19:25:41,609 INFO image_rx_daemon: frag_arrival: seq=219 idx=1 total=2 fw_us=1395694631 len=234

2026-09-12 19:25:41,610 INFO image_rx_daemon: published frame_id=0 seq=219 473 B → lifetrac/v25/video/tile_delta

2026-09-12 19:25:41,871 INFO image_rx_daemon: frag_arrival: seq=220 idx=0 total=1 fw_us=1395957550 len=240

2026-09-12 19:25:41,873 INFO image_rx_daemon: published frame_id=0 seq=220 236 B → lifetrac/v25/video/tile_delta

2026-09-12 19:25:42,357 INFO image_rx_daemon: frag_arrival: seq=221 idx=0 total=1 fw_us=1396445435 len=226

2026-09-12 19:25:42,359 INFO image_rx_daemon: published frame_id=0 seq=221 222 B → lifetrac/v25/video/tile_delta

2026-09-12 19:25:42,885 INFO image_rx_daemon: frag_arrival: seq=222 idx=0 total=1 fw_us=1396976416 len=244

2026-09-12 19:25:42,887 INFO image_rx_daemon: published frame_id=0 seq=222 240 B → lifetrac/v25/video/tile_delta

RFCO_PERTX during TX wait: profile_id=2 tx_status=0x00(OK) hop_idx=0 channel_idx=0 epoch=0 freq_hz=0 pkt_toa_us=15424 legal_dwell_used_us_10s=0

2026-09-12 19:25:43,175 INFO image_rx_daemon: command TX opcode=0x6c copy=1/1 OK (on air)

2026-09-12 19:25:43,397 INFO image_rx_daemon: frag_arrival: seq=223 idx=0 total=3 fw_us=1397481957 len=247

2026-09-12 19:25:43,505 INFO image_rx_daemon: frag_arrival: seq=223 idx=1 total=3 fw_us=1397600030 len=247

2026-09-12 19:25:43,614 INFO image_rx_daemon: frag_arrival: seq=223 idx=2 total=3 fw_us=1397723813 len=6

2026-09-12 19:25:43,618 INFO image_rx_daemon: published frame_id=0 seq=223 488 B → lifetrac/v25/video/tile_delta

2026-09-12 19:25:43,909 INFO image_rx_daemon: frag_arrival: seq=224 idx=0 total=2 fw_us=1397989032 len=247

2026-09-12 19:25:44,121 INFO image_rx_daemon: frag_arrival: seq=224 idx=1 total=2 fw_us=1398209938 len=218

2026-09-12 19:25:44,123 INFO image_rx_daemon: published frame_id=0 seq=224 457 B → lifetrac/v25/video/tile_delta

2026-09-12 19:25:44,413 INFO image_rx_daemon: frag_arrival: seq=225 idx=0 total=2 fw_us=1398495495 len=247

2026-09-12 19:25:44,607 INFO image_rx_daemon: frag_arrival: seq=225 idx=1 total=2 fw_us=1398705507 len=193

2026-09-12 19:25:44,609 INFO image_rx_daemon: published frame_id=0 seq=225 432 B → lifetrac/v25/video/tile_delta

2026-09-12 19:25:44,881 INFO image_rx_daemon: frag_arrival: seq=226 idx=0 total=1 fw_us=1398976177 len=212

2026-09-12 19:25:44,883 INFO image_rx_daemon: published frame_id=0 seq=226 208 B → lifetrac/v25/video/tile_delta

2026-09-12 19:25:45,395 INFO image_rx_daemon: frag_arrival: seq=227 idx=0 total=1 fw_us=1399480406 len=232

2026-09-12 19:25:45,397 INFO image_rx_daemon: published frame_id=0 seq=227 228 B → lifetrac/v25/video/tile_delta

2026-09-12 19:25:45,885 INFO image_rx_daemon: frag_arrival: seq=228 idx=0 total=1 fw_us=1399975579 len=227

2026-09-12 19:25:45,886 INFO image_rx_daemon: published frame_id=0 seq=228 223 B → lifetrac/v25/video/tile_delta

RFCO_PERTX during TX wait: profile_id=2 tx_status=0x00(OK) hop_idx=0 channel_idx=0 epoch=0 freq_hz=0 pkt_toa_us=15424 legal_dwell_used_us_10s=0

2026-09-12 19:25:46,177 INFO image_rx_daemon: command TX opcode=0x6c copy=1/1 OK (on air)

2026-09-12 19:25:46,382 INFO image_rx_daemon: frag_arrival: seq=229 idx=0 total=1 fw_us=1400467876 len=222

2026-09-12 19:25:46,383 INFO image_rx_daemon: published frame_id=0 seq=229 218 B → lifetrac/v25/video/tile_delta

2026-09-12 19:25:46,905 INFO image_rx_daemon: frag_arrival: seq=230 idx=0 total=2 fw_us=1400990514 len=247

2026-09-12 19:25:47,129 INFO image_rx_daemon: frag_arrival: seq=230 idx=1 total=2 fw_us=1401215214 len=228

2026-09-12 19:25:47,130 INFO image_rx_daemon: published frame_id=0 seq=230 467 B → lifetrac/v25/video/tile_delta

2026-09-12 19:25:47,385 INFO image_rx_daemon: frag_arrival: seq=231 idx=0 total=1 fw_us=1401482661 len=201

2026-09-12 19:25:47,386 INFO image_rx_daemon: published frame_id=0 seq=231 197 B → lifetrac/v25/video/tile_delta

2026-09-12 19:25:47,916 INFO image_rx_daemon: frag_arrival: seq=232 idx=0 total=1 fw_us=1402004809 len=219

2026-09-12 19:25:47,917 INFO image_rx_daemon: published frame_id=0 seq=232 215 B → lifetrac/v25/video/tile_delta

2026-09-12 19:25:47,983 INFO image_rx_daemon: stats: rx_frames=702 rx_decode_err=0 frames_published=461 publish_err=0 reassembler_decode_err=0 reassembler_timeouts=14 parity_recon=0 idle_drain_deferred=0

2026-09-12 19:25:47,987 INFO image_rx_daemon: air_gap: n=30 dt_med=285557us dt_p95=522638us len_med=232B cmd_tx_ok=116 cmd_tx_fail=0

2026-09-12 19:25:47,991 INFO image_rx_daemon: air_gap_hist(ms): <120:1 <200:3 <400:15 <1000:11

2026-09-12 19:25:47,991 INFO image_rx_daemon: rx_rf: n_rssi=30 n_snr=30 rssi[min/med/max]=-70/-69/-69 snr[min/med/max]=5.0/6.0/6.0

2026-09-12 19:25:47,992 INFO image_rx_daemon: phase_telemetry: valid=30 invalid=0 pre_f8=0 last_epoch=0 last_hop=0 slot_off=[0..0]

2026-09-12 19:25:47,992 INFO image_rx_daemon: air_gap_by_class: seq: n=10 med=211.7ms | boundary: n=20 med=488.2ms

2026-09-12 19:25:48,433 INFO image_rx_daemon: frag_arrival: seq=233 idx=0 total=1 fw_us=1402527727 len=215

2026-09-12 19:25:48,434 INFO image_rx_daemon: published frame_id=0 seq=233 211 B → lifetrac/v25/video/tile_delta

2026-09-12 19:25:48,903 INFO image_rx_daemon: frag_arrival: seq=234 idx=0 total=3 fw_us=1402992459 len=247

2026-09-12 19:25:49,012 INFO image_rx_daemon: frag_arrival: seq=234 idx=1 total=3 fw_us=1403109647 len=247

2026-09-12 19:25:49,121 WARNING image_rx_daemon: crc_dump: irq=0x70 rx_len=255 snr=-12.0 rssi=-115 dump=8fa67ac868ebf96c345717f876829ae9e31c4327674a3b61a81ef6b27cb673d26a40c7dbe4bbc1dc04476e12dde27374f1329abc9e20edc25820ac2932ea942098d49d3b709fccd20d9b417bfb6124dab073a3f3fbc72a5c2cb936cf73aeac038f218f63da52667d8564d6f8c6fc36f6da756eb77655f18347896b205b93a337d39dda6b3b6282fdd15885d4ae920fc8aadc692dc7ff59f1e92444079a7aff38b579f06be38945f952300ce2bd43bd3213c662047b1e79483a2fc3371eb7fbcbeab915880e5c17d5e10632516028a25ae12e2c7694c0ba2561b8e4416e15dcd97937c37f075eae66e0fd8006edbcf8bde17a24078ae88eb32adfb3

2026-09-12 19:25:49,122 INFO image_rx_daemon: frag_arrival: seq=234 idx=2 total=3 fw_us=1403237453 len=12

2026-09-12 19:25:49,123 INFO image_rx_daemon: published frame_id=0 seq=234 494 B → lifetrac/v25/video/tile_delta

RFCO_PERTX during TX wait: profile_id=2 tx_status=0x00(OK) hop_idx=0 channel_idx=0 epoch=0 freq_hz=0 pkt_toa_us=15424 legal_dwell_used_us_10s=0

2026-09-12 19:25:49,147 INFO image_rx_daemon: command TX opcode=0x6c copy=1/1 OK (on air)

2026-09-12 19:25:49,393 INFO image_rx_daemon: frag_arrival: seq=235 idx=0 total=2 fw_us=1403483443 len=247

2026-09-12 19:25:49,575 INFO image_rx_daemon: frag_arrival: seq=235 idx=1 total=2 fw_us=1403664433 len=141

2026-09-12 19:25:49,577 INFO image_rx_daemon: published frame_id=0 seq=235 380 B → lifetrac/v25/video/tile_delta

2026-09-12 19:25:49,897 INFO image_rx_daemon: frag_arrival: seq=236 idx=0 total=2 fw_us=1403987274 len=247

2026-09-12 19:25:50,093 INFO image_rx_daemon: frag_arrival: seq=236 idx=1 total=2 fw_us=1404193845 len=183

2026-09-12 19:25:50,095 INFO image_rx_daemon: published frame_id=0 seq=236 422 B → lifetrac/v25/video/tile_delta

2026-09-12 19:25:50,369 INFO image_rx_daemon: frag_arrival: seq=237 idx=0 total=1 fw_us=1404462451 len=206

2026-09-12 19:25:50,370 INFO image_rx_daemon: published frame_id=0 seq=237 202 B → lifetrac/v25/video/tile_delta

2026-09-12 19:25:50,891 INFO image_rx_daemon: frag_arrival: seq=238 idx=0 total=2 fw_us=1404975542 len=247

2026-09-12 19:25:51,113 INFO image_rx_daemon: frag_arrival: seq=238 idx=1 total=2 fw_us=1405206113 len=240

2026-09-12 19:25:51,115 INFO image_rx_daemon: published frame_id=0 seq=238 479 B → lifetrac/v25/video/tile_delta

2026-09-12 19:25:51,385 INFO image_rx_daemon: frag_arrival: seq=239 idx=0 total=2 fw_us=1405471566 len=247

2026-09-12 19:25:51,586 INFO image_rx_daemon: frag_arrival: seq=239 idx=1 total=2 fw_us=1405683135 len=219

2026-09-12 19:25:51,588 INFO image_rx_daemon: published frame_id=0 seq=239 458 B → lifetrac/v25/video/tile_delta

2026-09-12 19:25:51,850 INFO image_rx_daemon: frag_arrival: seq=240 idx=0 total=1 fw_us=1405947245 len=221

2026-09-12 19:25:51,852 INFO image_rx_daemon: published frame_id=0 seq=240 217 B → lifetrac/v25/video/tile_delta

RFCO_PERTX during TX wait: profile_id=2 tx_status=0x00(OK) hop_idx=0 channel_idx=0 epoch=0 freq_hz=0 pkt_toa_us=10304 legal_dwell_used_us_10s=0

2026-09-12 19:25:52,140 INFO image_rx_daemon: command TX opcode=0x60 copy=1/1 OK (on air)

RFCO_PERTX during TX wait: profile_id=2 tx_status=0x00(OK) hop_idx=0 channel_idx=0 epoch=0 freq_hz=0 pkt_toa_us=15424 legal_dwell_used_us_10s=0

2026-09-12 19:25:52,178 INFO image_rx_daemon: command TX opcode=0x6c copy=1/1 OK (on air)

2026-09-12 19:25:52,396 INFO image_rx_daemon: frag_arrival: seq=241 idx=0 total=2 fw_us=1406488162 len=247

2026-09-12 19:25:52,609 INFO image_rx_daemon: frag_arrival: seq=241 idx=1 total=2 fw_us=1406698984 len=212

2026-09-12 19:25:52,610 INFO image_rx_daemon: published frame_id=0 seq=241 451 B → lifetrac/v25/video/tile_delta

RFCO_PERTX during TX wait: profile_id=2 tx_status=0x00(OK) hop_idx=0 channel_idx=0 epoch=0 freq_hz=0 pkt_toa_us=10304 legal_dwell_used_us_10s=0

2026-09-12 19:25:52,641 INFO image_rx_daemon: command TX opcode=0x60 copy=1/1 OK (on air)

2026-09-12 19:25:52,890 INFO image_rx_daemon: frag_arrival: seq=242 idx=0 total=1 fw_us=1406973139 len=226

2026-09-12 19:25:52,891 INFO image_rx_daemon: cmd 0x60 CONVERGED after 2 attempts (0.8 s): keyframe received (UNVERIFIED delivery — keyframe may be encoder-initiated)

2026-09-12 19:25:52,892 INFO image_rx_daemon: published frame_id=0 seq=242 222 B → lifetrac/v25/video/tile_delta

2026-09-12 19:25:53,375 INFO image_rx_daemon: frag_arrival: seq=243 idx=0 total=1 fw_us=1407465013 len=209

2026-09-12 19:25:53,377 INFO image_rx_daemon: published frame_id=0 seq=243 205 B → lifetrac/v25/video/tile_delta

2026-09-12 19:25:53,885 INFO image_rx_daemon: frag_arrival: seq=244 idx=0 total=2 fw_us=1407975904 len=247

2026-09-12 19:25:54,101 INFO image_rx_daemon: frag_arrival: seq=244 idx=1 total=2 fw_us=1408191762 len=207

2026-09-12 19:25:54,103 INFO image_rx_daemon: published frame_id=0 seq=244 446 B → lifetrac/v25/video/tile_delta

2026-09-12 19:25:54,393 INFO image_rx_daemon: frag_arrival: seq=245 idx=0 total=2 fw_us=1408482308 len=247

2026-09-12 19:25:54,593 INFO image_rx_daemon: frag_arrival: seq=245 idx=1 total=2 fw_us=1408690719 len=189

2026-09-12 19:25:54,594 INFO image_rx_daemon: published frame_id=0 seq=245 428 B → lifetrac/v25/video/tile_delta

2026-09-12 19:25:54,901 INFO image_rx_daemon: frag_arrival: seq=246 idx=0 total=2 fw_us=1408990624 len=247

2026-09-12 19:25:55,125 INFO image_rx_daemon: frag_arrival: seq=246 idx=1 total=2 fw_us=1409219029 len=237

2026-09-12 19:25:55,126 INFO image_rx_daemon: published frame_id=0 seq=246 476 B → lifetrac/v25/video/tile_delta

RFCO_PERTX during TX wait: profile_id=2 tx_status=0x00(OK) hop_idx=0 channel_idx=0 epoch=0 freq_hz=0 pkt_toa_us=15424 legal_dwell_used_us_10s=0

2026-09-12 19:25:55,153 INFO image_rx_daemon: command TX opcode=0x6c copy=1/1 OK (on air)

2026-09-12 19:25:55,441 INFO image_rx_daemon: frag_arrival: seq=247 idx=0 total=2 fw_us=1409532549 len=247

2026-09-12 19:25:55,641 INFO image_rx_daemon: frag_arrival: seq=247 idx=1 total=2 fw_us=1409738916 len=203

2026-09-12 19:25:55,642 INFO image_rx_daemon: published frame_id=0 seq=247 442 B → lifetrac/v25/video/tile_delta

2026-09-12 19:25:55,921 INFO image_rx_daemon: frag_arrival: seq=248 idx=0 total=1 fw_us=1410012481 len=244

2026-09-12 19:25:55,922 INFO image_rx_daemon: published frame_id=0 seq=248 240 B → lifetrac/v25/video/tile_delta

2026-09-12 19:25:56,404 INFO image_rx_daemon: frag_arrival: seq=249 idx=0 total=2 fw_us=1410505394 len=247

2026-09-12 19:25:56,641 INFO image_rx_daemon: frag_arrival: seq=249 idx=1 total=2 fw_us=1410728331 len=224

2026-09-12 19:25:56,642 INFO image_rx_daemon: published frame_id=0 seq=249 463 B → lifetrac/v25/video/tile_delta

2026-09-12 19:25:56,917 INFO image_rx_daemon: frag_arrival: seq=250 idx=0 total=2 fw_us=1411015695 len=247

2026-09-12 19:25:57,149 INFO image_rx_daemon: frag_arrival: seq=250 idx=1 total=2 fw_us=1411239549 len=226

2026-09-12 19:25:57,150 INFO image_rx_daemon: published frame_id=0 seq=250 465 B → lifetrac/v25/video/tile_delta

2026-09-12 19:25:57,393 INFO image_rx_daemon: frag_arrival: seq=251 idx=0 total=2 fw_us=1411486247 len=247

2026-09-12 19:25:57,549 INFO image_rx_daemon: frag_arrival: seq=251 idx=1 total=2 fw_us=1411651653 len=83

2026-09-12 19:25:57,552 INFO image_rx_daemon: published frame_id=0 seq=251 322 B → lifetrac/v25/video/tile_delta

2026-09-12 19:25:57,895 INFO image_rx_daemon: frag_arrival: seq=252 idx=0 total=2 fw_us=1411984240 len=247

2026-09-12 19:25:57,995 INFO image_rx_daemon: stats: rx_frames=736 rx_decode_err=0 frames_published=480 publish_err=0 reassembler_decode_err=0 reassembler_timeouts=14 parity_recon=0 idle_drain_deferred=0

2026-09-12 19:25:57,997 INFO image_rx_daemon: air_gap: n=34 dt_med=265453us dt_p95=522918us len_med=240B cmd_tx_ok=121 cmd_tx_fail=0

2026-09-12 19:25:57,999 INFO image_rx_daemon: air_gap_hist(ms): <120:1 <200:3 <400:23 <1000:7

2026-09-12 19:25:58,000 INFO image_rx_daemon: rx_rf: n_rssi=34 n_snr=34 rssi[min/med/max]=-70/-69/-69 snr[min/med/max]=5.0/5.0/6.0

2026-09-12 19:25:58,001 INFO image_rx_daemon: phase_telemetry: valid=34 invalid=0 pre_f8=0 last_epoch=0 last_hop=0 slot_off=[0..0]

2026-09-12 19:25:58,001 INFO image_rx_daemon: air_gap_by_class: seq: n=14 med=210.8ms | boundary: n=20 med=313.5ms

2026-09-12 19:25:58,109 INFO image_rx_daemon: frag_arrival: seq=252 idx=1 total=2 fw_us=1412202526 len=238

2026-09-12 19:25:58,110 INFO image_rx_daemon: published frame_id=0 seq=252 477 B → lifetrac/v25/video/tile_delta

RFCO_PERTX during TX wait: profile_id=2 tx_status=0x00(OK) hop_idx=0 channel_idx=0 epoch=0 freq_hz=0 pkt_toa_us=15424 legal_dwell_used_us_10s=0

2026-09-12 19:25:58,137 INFO image_rx_daemon: command TX opcode=0x6c copy=1/1 OK (on air)

2026-09-12 19:25:58,397 INFO image_rx_daemon: frag_arrival: seq=253 idx=0 total=2 fw_us=1412487985 len=247

2026-09-12 19:25:58,601 INFO image_rx_daemon: frag_arrival: seq=253 idx=1 total=2 fw_us=1412696785 len=208

2026-09-12 19:25:58,602 INFO image_rx_daemon: published frame_id=0 seq=253 447 B → lifetrac/v25/video/tile_delta

2026-09-12 19:25:58,906 INFO image_rx_daemon: frag_arrival: seq=254 idx=0 total=2 fw_us=1413000659 len=247

2026-09-12 19:25:59,137 INFO image_rx_daemon: frag_arrival: seq=254 idx=1 total=2 fw_us=1413227646 len=232

2026-09-12 19:25:59,138 INFO image_rx_daemon: published frame_id=0 seq=254 471 B → lifetrac/v25/video/tile_delta

2026-09-12 19:25:59,384 INFO image_rx_daemon: frag_arrival: seq=255 idx=0 total=1 fw_us=1413478788 len=223

2026-09-12 19:25:59,385 INFO image_rx_daemon: published frame_id=0 seq=255 219 B → lifetrac/v25/video/tile_delta

2026-09-12 19:25:59,870 INFO image_rx_daemon: frag_arrival: seq=0 idx=0 total=1 fw_us=1413966723 len=227

2026-09-12 19:25:59,871 INFO image_rx_daemon: published frame_id=0 seq=0 223 B → lifetrac/v25/video/tile_delta

2026-09-12 19:26:00,355 INFO image_rx_daemon: frag_arrival: seq=1 idx=0 total=1 fw_us=1414455322 len=213

2026-09-12 19:26:00,357 INFO image_rx_daemon: published frame_id=0 seq=1 209 B → lifetrac/v25/video/tile_delta

2026-09-12 19:26:00,890 INFO image_rx_daemon: frag_arrival: seq=2 idx=0 total=1 fw_us=1414992181 len=237

2026-09-12 19:26:00,892 INFO image_rx_daemon: published frame_id=0 seq=2 233 B → lifetrac/v25/video/tile_delta

RFCO_PERTX during TX wait: profile_id=2 tx_status=0x00(OK) hop_idx=0 channel_idx=0 epoch=0 freq_hz=0 pkt_toa_us=15424 legal_dwell_used_us_10s=0

2026-09-12 19:26:01,169 INFO image_rx_daemon: command TX opcode=0x6c copy=1/1 OK (on air)

2026-09-12 19:26:01,385 INFO image_rx_daemon: frag_arrival: seq=3 idx=0 total=1 fw_us=1415482433 len=226

2026-09-12 19:26:01,386 INFO image_rx_daemon: published frame_id=0 seq=3 222 B → lifetrac/v25/video/tile_delta

2026-09-12 19:26:01,878 INFO image_rx_daemon: frag_arrival: seq=4 idx=0 total=2 fw_us=1415979033 len=247

2026-09-12 19:26:02,109 INFO image_rx_daemon: frag_arrival: seq=4 idx=1 total=2 fw_us=1416208485 len=240

2026-09-12 19:26:02,110 INFO image_rx_daemon: published frame_id=0 seq=4 479 B → lifetrac/v25/video/tile_delta

2026-09-12 19:26:02,363 INFO image_rx_daemon: frag_arrival: seq=5 idx=0 total=1 fw_us=1416458384 len=185

2026-09-12 19:26:02,365 INFO image_rx_daemon: published frame_id=0 seq=5 181 B → lifetrac/v25/video/tile_delta

2026-09-12 19:26:02,893 INFO image_rx_daemon: frag_arrival: seq=6 idx=0 total=1 fw_us=1416984627 len=214

2026-09-12 19:26:02,894 INFO image_rx_daemon: published frame_id=0 seq=6 210 B → lifetrac/v25/video/tile_delta

2026-09-12 19:26:03,433 INFO image_rx_daemon: frag_arrival: seq=7 idx=0 total=1 fw_us=1417533150 len=242

2026-09-12 19:26:03,434 INFO image_rx_daemon: published frame_id=0 seq=7 238 B → lifetrac/v25/video/tile_delta

2026-09-12 19:26:03,925 INFO image_rx_daemon: frag_arrival: seq=8 idx=0 total=2 fw_us=1418018793 len=247

2026-09-12 19:26:04,125 INFO image_rx_daemon: frag_arrival: seq=8 idx=1 total=2 fw_us=1418233346 len=228

2026-09-12 19:26:04,127 INFO image_rx_daemon: published frame_id=0 seq=8 467 B → lifetrac/v25/video/tile_delta

RFCO_PERTX during TX wait: profile_id=2 tx_status=0x00(OK) hop_idx=0 channel_idx=0 epoch=0 freq_hz=0 pkt_toa_us=15424 legal_dwell_used_us_10s=0

2026-09-12 19:26:04,153 INFO image_rx_daemon: command TX opcode=0x6c copy=1/1 OK (on air)

2026-09-12 19:26:04,409 INFO image_rx_daemon: frag_arrival: seq=9 idx=0 total=1 fw_us=1418502165 len=216

2026-09-12 19:26:04,410 INFO image_rx_daemon: published frame_id=0 seq=9 212 B → lifetrac/v25/video/tile_delta

2026-09-12 19:26:04,915 INFO image_rx_daemon: frag_arrival: seq=10 idx=0 total=2 fw_us=1419007471 len=247

2026-09-12 19:26:05,125 INFO image_rx_daemon: frag_arrival: seq=10 idx=1 total=2 fw_us=1419222022 len=203

2026-09-12 19:26:05,127 INFO image_rx_daemon: published frame_id=0 seq=10 442 B → lifetrac/v25/video/tile_delta

2026-09-12 19:26:05,417 INFO image_rx_daemon: frag_arrival: seq=11 idx=0 total=2 fw_us=1419507648 len=247

2026-09-12 19:26:05,633 INFO image_rx_daemon: frag_arrival: seq=11 idx=1 total=2 fw_us=1419726197 len=211

2026-09-12 19:26:05,634 INFO image_rx_daemon: published frame_id=0 seq=11 450 B → lifetrac/v25/video/tile_delta

2026-09-12 19:26:05,909 INFO image_rx_daemon: frag_arrival: seq=12 idx=0 total=2 fw_us=1420009832 len=247

2026-09-12 19:26:06,150 INFO image_rx_daemon: frag_arrival: seq=12 idx=1 total=2 fw_us=1420239741 len=241

2026-09-12 19:26:06,152 INFO image_rx_daemon: published frame_id=0 seq=12 480 B → lifetrac/v25/video/tile_delta

2026-09-12 19:26:06,397 INFO image_rx_daemon: frag_arrival: seq=13 idx=0 total=1 fw_us=1420495404 len=242

2026-09-12 19:26:06,398 INFO image_rx_daemon: published frame_id=0 seq=13 238 B → lifetrac/v25/video/tile_delta

2026-09-12 19:26:06,905 INFO image_rx_daemon: frag_arrival: seq=14 idx=0 total=2 fw_us=1420997437 len=247

2026-09-12 19:26:07,094 INFO image_rx_daemon: frag_arrival: seq=14 idx=1 total=2 fw_us=1421189383 len=171

2026-09-12 19:26:07,095 INFO image_rx_daemon: published frame_id=0 seq=14 410 B → lifetrac/v25/video/tile_delta

RFCO_PERTX during TX wait: profile_id=2 tx_status=0x00(OK) hop_idx=0 channel_idx=0 epoch=0 freq_hz=0 pkt_toa_us=10304 legal_dwell_used_us_10s=0

2026-09-12 19:26:07,126 INFO image_rx_daemon: command TX opcode=0x60 copy=1/1 OK (on air)

2026-09-12 19:26:07,385 INFO image_rx_daemon: frag_arrival: seq=15 idx=0 total=1 fw_us=1421480317 len=238

2026-09-12 19:26:07,386 INFO image_rx_daemon: published frame_id=0 seq=15 234 B → lifetrac/v25/video/tile_delta

RFCO_PERTX during TX wait: profile_id=2 tx_status=0x00(OK) hop_idx=0 channel_idx=0 epoch=0 freq_hz=0 pkt_toa_us=15424 legal_dwell_used_us_10s=0

2026-09-12 19:26:07,413 INFO image_rx_daemon: command TX opcode=0x6c copy=1/1 OK (on air)

RFCO_PERTX during TX wait: profile_id=2 tx_status=0x00(OK) hop_idx=0 channel_idx=0 epoch=0 freq_hz=0 pkt_toa_us=10304 legal_dwell_used_us_10s=0

2026-09-12 19:26:07,708 INFO image_rx_daemon: command TX opcode=0x60 copy=1/1 OK (on air)

2026-09-12 19:26:07,867 INFO image_rx_daemon: frag_arrival: seq=16 idx=0 total=1 fw_us=1421963839 len=212

2026-09-12 19:26:07,868 INFO image_rx_daemon: cmd 0x60 CONVERGED after 2 attempts (0.8 s): keyframe received (UNVERIFIED delivery — keyframe may be encoder-initiated)

2026-09-12 19:26:07,869 INFO image_rx_daemon: published frame_id=0 seq=16 208 B → lifetrac/v25/video/tile_delta

2026-09-12 19:26:08,004 INFO image_rx_daemon: stats: rx_frames=765 rx_decode_err=0 frames_published=501 publish_err=0 reassembler_decode_err=0 reassembler_timeouts=14 parity_recon=0 idle_drain_deferred=0

2026-09-12 19:26:08,004 INFO image_rx_daemon: air_gap: n=29 dt_med=285459us dt_p95=536859us len_med=237B cmd_tx_ok=127 cmd_tx_fail=0

2026-09-12 19:26:08,005 INFO image_rx_daemon: air_gap_hist(ms): <200:1 <400:17 <1000:11

2026-09-12 19:26:08,006 INFO image_rx_daemon: rx_rf: n_rssi=29 n_snr=29 rssi[min/med/max]=-70/-69/-69 snr[min/med/max]=5.0/6.0/6.0

2026-09-12 19:26:08,007 INFO image_rx_daemon: phase_telemetry: valid=29 invalid=0 pre_f8=0 last_epoch=0 last_hop=0 slot_off=[0..0]

2026-09-12 19:26:08,007 INFO image_rx_daemon: air_gap_by_class: seq: n=9 med=218.3ms | boundary: n=20 med=485.6ms

2026-09-12 19:26:08,346 INFO image_rx_daemon: frag_arrival: seq=17 idx=0 total=1 fw_us=1422454263 len=169

2026-09-12 19:26:08,349 INFO image_rx_daemon: published frame_id=0 seq=17 165 B → lifetrac/v25/video/tile_delta

2026-09-12 19:26:08,906 INFO image_rx_daemon: frag_arrival: seq=18 idx=0 total=2 fw_us=1423003696 len=247

2026-09-12 19:26:09,010 WARNING image_rx_daemon: crc_dump: irq=0x70 rx_len=252 snr=-12.2 rssi=-111 dump=8a7bf707f860155b8a2ad161bc38cddc80241ef0708024dff0006f0c2f0cde564a8318459eefe642ca19c39084cb8532a88c2d78d7ec978c31b8f7fba4bb818faa4565f1f891c49adb23c675ff679df79a3b2b1030dfeff08c0aadf3db1105ac148e3586878a96140793ee40330ba9aea94be2f4cc8cd9e0e65279c94a40eb23c978e13eba4df9787eefd57bd7ce635b27b46f4f5caf1a8fe70916af4ae7dff930299c820f612e93a93b1788c5f7c5a5f4d4964404a2b3a0c2210f321f030fb0a2a4c75c90ffcdeb4b5e42e4c78f2cd045f871e84e0de34e55241d00a22b69b61f9cdce348c6c2d84710fb4aac4f937bf6fa6ffedaf3a494120c09

2026-09-12 19:26:09,133 INFO image_rx_daemon: frag_arrival: seq=18 idx=1 total=2 fw_us=1423229501 len=230

2026-09-12 19:26:09,134 INFO image_rx_daemon: published frame_id=0 seq=18 469 B → lifetrac/v25/video/tile_delta

2026-09-12 19:26:09,398 INFO image_rx_daemon: frag_arrival: seq=19 idx=0 total=1 fw_us=1423491030 len=242

2026-09-12 19:26:09,399 INFO image_rx_daemon: published frame_id=0 seq=19 238 B → lifetrac/v25/video/tile_delta

2026-09-12 19:26:09,897 INFO image_rx_daemon: frag_arrival: seq=20 idx=0 total=2 fw_us=1423986427 len=247

2026-09-12 19:26:10,121 INFO image_rx_daemon: frag_arrival: seq=20 idx=1 total=2 fw_us=1424213577 len=232

2026-09-12 19:26:10,122 INFO image_rx_daemon: published frame_id=0 seq=20 471 B → lifetrac/v25/video/tile_delta

RFCO_PERTX during TX wait: profile_id=2 tx_status=0x00(OK) hop_idx=0 channel_idx=0 epoch=0 freq_hz=0 pkt_toa_us=15424 legal_dwell_used_us_10s=0

2026-09-12 19:26:10,153 INFO image_rx_daemon: command TX opcode=0x6c copy=1/1 OK (on air)

2026-09-12 19:26:10,401 INFO image_rx_daemon: frag_arrival: seq=21 idx=0 total=2 fw_us=1424499772 len=247

2026-09-12 19:26:10,625 INFO image_rx_daemon: frag_arrival: seq=21 idx=1 total=2 fw_us=1424718395 len=233

2026-09-12 19:26:10,626 INFO image_rx_daemon: published frame_id=0 seq=21 472 B → lifetrac/v25/video/tile_delta

2026-09-12 19:26:10,893 INFO image_rx_daemon: frag_arrival: seq=22 idx=0 total=2 fw_us=1424993697 len=247

2026-09-12 19:26:11,009 INFO image_rx_daemon: frag_arrival: seq=22 idx=1 total=2 fw_us=1425130927 len=16

2026-09-12 19:26:11,010 INFO image_rx_daemon: published frame_id=0 seq=22 255 B → lifetrac/v25/video/tile_delta

2026-09-12 19:26:11,381 INFO image_rx_daemon: frag_arrival: seq=23 idx=0 total=1 fw_us=1425480194 len=203

2026-09-12 19:26:11,382 INFO image_rx_daemon: published frame_id=0 seq=23 199 B → lifetrac/v25/video/tile_delta

2026-09-12 19:26:11,882 INFO image_rx_daemon: frag_arrival: seq=24 idx=0 total=1 fw_us=1425980153 len=210

2026-09-12 19:26:11,884 INFO image_rx_daemon: published frame_id=0 seq=24 206 B → lifetrac/v25/video/tile_delta

2026-09-12 19:26:12,405 INFO image_rx_daemon: frag_arrival: seq=25 idx=0 total=2 fw_us=1426499285 len=247

2026-09-12 19:26:12,616 INFO image_rx_daemon: frag_arrival: seq=25 idx=1 total=2 fw_us=1426716345 len=234

2026-09-12 19:26:12,617 INFO image_rx_daemon: published frame_id=0 seq=25 473 B → lifetrac/v25/video/tile_delta

2026-09-12 19:26:12,892 INFO image_rx_daemon: frag_arrival: seq=26 idx=0 total=2 fw_us=1426996957 len=247

2026-09-12 19:26:13,125 INFO image_rx_daemon: frag_arrival: seq=26 idx=1 total=2 fw_us=1427226922 len=239

2026-09-12 19:26:13,127 INFO image_rx_daemon: published frame_id=0 seq=26 478 B → lifetrac/v25/video/tile_delta

RFCO_PERTX during TX wait: profile_id=2 tx_status=0x00(OK) hop_idx=0 channel_idx=0 epoch=0 freq_hz=0 pkt_toa_us=15424 legal_dwell_used_us_10s=0

2026-09-12 19:26:13,158 INFO image_rx_daemon: command TX opcode=0x6c copy=1/1 OK (on air)

2026-09-12 19:26:13,398 INFO image_rx_daemon: frag_arrival: seq=27 idx=0 total=1 fw_us=1427497449 len=226

2026-09-12 19:26:13,399 INFO image_rx_daemon: published frame_id=0 seq=27 222 B → lifetrac/v25/video/tile_delta

2026-09-12 19:26:13,915 INFO image_rx_daemon: frag_arrival: seq=28 idx=0 total=1 fw_us=1428012947 len=240

2026-09-12 19:26:13,916 INFO image_rx_daemon: published frame_id=0 seq=28 236 B → lifetrac/v25/video/tile_delta

2026-09-12 19:26:14,393 INFO image_rx_daemon: frag_arrival: seq=29 idx=0 total=1 fw_us=1428499145 len=218

2026-09-12 19:26:14,395 INFO image_rx_daemon: published frame_id=0 seq=29 214 B → lifetrac/v25/video/tile_delta

2026-09-12 19:26:14,873 INFO image_rx_daemon: frag_arrival: seq=30 idx=0 total=1 fw_us=1428969327 len=230

2026-09-12 19:26:14,874 INFO image_rx_daemon: published frame_id=0 seq=30 226 B → lifetrac/v25/video/tile_delta

2026-09-12 19:26:15,370 INFO image_rx_daemon: frag_arrival: seq=31 idx=0 total=2 fw_us=1429476073 len=247

2026-09-12 19:26:15,581 INFO image_rx_daemon: frag_arrival: seq=31 idx=1 total=2 fw_us=1429684791 len=187

2026-09-12 19:26:15,582 INFO image_rx_daemon: published frame_id=0 seq=31 426 B → lifetrac/v25/video/tile_delta

2026-09-12 19:26:15,869 INFO image_rx_daemon: frag_arrival: seq=32 idx=0 total=2 fw_us=1429966126 len=247

2026-09-12 19:26:16,081 INFO image_rx_daemon: frag_arrival: seq=32 idx=1 total=2 fw_us=1430180569 len=227

2026-09-12 19:26:16,082 INFO image_rx_daemon: published frame_id=0 seq=32 466 B → lifetrac/v25/video/tile_delta

RFCO_PERTX during TX wait: profile_id=2 tx_status=0x00(OK) hop_idx=0 channel_idx=0 epoch=0 freq_hz=0 pkt_toa_us=15424 legal_dwell_used_us_10s=0

2026-09-12 19:26:16,109 INFO image_rx_daemon: command TX opcode=0x6c copy=1/1 OK (on air)

2026-09-12 19:26:16,369 INFO image_rx_daemon: frag_arrival: seq=33 idx=0 total=2 fw_us=1430463033 len=247

2026-09-12 19:26:16,593 INFO image_rx_daemon: frag_arrival: seq=33 idx=1 total=2 fw_us=1430686355 len=245

2026-09-12 19:26:16,594 INFO image_rx_daemon: published frame_id=0 seq=33 484 B → lifetrac/v25/video/tile_delta

2026-09-12 19:26:16,844 INFO image_rx_daemon: frag_arrival: seq=34 idx=0 total=1 fw_us=1430949033 len=237

2026-09-12 19:26:16,846 INFO image_rx_daemon: published frame_id=0 seq=34 233 B → lifetrac/v25/video/tile_delta

2026-09-12 19:26:17,362 INFO image_rx_daemon: frag_arrival: seq=35 idx=0 total=2 fw_us=1431451892 len=247

2026-09-12 19:26:17,577 INFO image_rx_daemon: frag_arrival: seq=35 idx=1 total=2 fw_us=1431674371 len=222

2026-09-12 19:26:17,578 INFO image_rx_daemon: published frame_id=0 seq=35 461 B → lifetrac/v25/video/tile_delta

2026-09-12 19:26:17,844 INFO image_rx_daemon: frag_arrival: seq=36 idx=0 total=1 fw_us=1431957675 len=203

2026-09-12 19:26:17,846 INFO image_rx_daemon: published frame_id=0 seq=36 199 B → lifetrac/v25/video/tile_delta

2026-09-12 19:26:18,012 INFO image_rx_daemon: stats: rx_frames=795 rx_decode_err=0 frames_published=521 publish_err=0 reassembler_decode_err=0 reassembler_timeouts=14 parity_recon=0 idle_drain_deferred=0

2026-09-12 19:26:18,012 INFO image_rx_daemon: air_gap: n=30 dt_med=281335us dt_p95=519132us len_med=237B cmd_tx_ok=130 cmd_tx_fail=0

2026-09-12 19:26:18,013 INFO image_rx_daemon: air_gap_hist(ms): <200:1 <400:19 <1000:10

2026-09-12 19:26:18,013 INFO image_rx_daemon: rx_rf: n_rssi=30 n_snr=30 rssi[min/med/max]=-70/-69/-69 snr[min/med/max]=5.0/6.0/6.0

2026-09-12 19:26:18,014 INFO image_rx_daemon: phase_telemetry: valid=30 invalid=0 pre_f8=0 last_epoch=0 last_hop=0 slot_off=[0..0]

2026-09-12 19:26:18,014 INFO image_rx_daemon: air_gap_by_class: seq: n=10 med=222.5ms | boundary: n=20 med=470.2ms

2026-09-12 19:26:18,394 INFO image_rx_daemon: frag_arrival: seq=37 idx=0 total=1 fw_us=1432487110 len=240

2026-09-12 19:26:18,395 INFO image_rx_daemon: published frame_id=0 seq=37 236 B → lifetrac/v25/video/tile_delta

2026-09-12 19:26:18,889 INFO image_rx_daemon: frag_arrival: seq=38 idx=0 total=1 fw_us=1432985310 len=240

2026-09-12 19:26:18,891 INFO image_rx_daemon: published frame_id=0 seq=38 236 B → lifetrac/v25/video/tile_delta

RFCO_PERTX during TX wait: profile_id=2 tx_status=0x00(OK) hop_idx=0 channel_idx=0 epoch=0 freq_hz=0 pkt_toa_us=15424 legal_dwell_used_us_10s=0

2026-09-12 19:26:19,170 INFO image_rx_daemon: command TX opcode=0x6c copy=1/1 OK (on air)

2026-09-12 19:26:19,387 INFO image_rx_daemon: frag_arrival: seq=39 idx=0 total=2 fw_us=1433484510 len=247

2026-09-12 19:26:19,613 INFO image_rx_daemon: frag_arrival: seq=39 idx=1 total=2 fw_us=1433706033 len=243

2026-09-12 19:26:19,614 INFO image_rx_daemon: published frame_id=0 seq=39 482 B → lifetrac/v25/video/tile_delta

2026-09-12 19:26:19,878 INFO image_rx_daemon: frag_arrival: seq=40 idx=0 total=2 fw_us=1433979674 len=247

2026-09-12 19:26:20,092 INFO image_rx_daemon: frag_arrival: seq=40 idx=1 total=2 fw_us=1434198429 len=213

2026-09-12 19:26:20,094 INFO image_rx_daemon: published frame_id=0 seq=40 452 B → lifetrac/v25/video/tile_delta

2026-09-12 19:26:20,371 INFO image_rx_daemon: frag_arrival: seq=41 idx=0 total=1 fw_us=1434464514 len=230

2026-09-12 19:26:20,372 INFO image_rx_daemon: published frame_id=0 seq=41 226 B → lifetrac/v25/video/tile_delta

2026-09-12 19:26:20,873 INFO image_rx_daemon: frag_arrival: seq=42 idx=0 total=2 fw_us=1434969849 len=247

2026-09-12 19:26:21,097 INFO image_rx_daemon: frag_arrival: seq=42 idx=1 total=2 fw_us=1435200470 len=241

2026-09-12 19:26:21,098 INFO image_rx_daemon: published frame_id=0 seq=42 480 B → lifetrac/v25/video/tile_delta

2026-09-12 19:26:21,367 INFO image_rx_daemon: frag_arrival: seq=43 idx=0 total=2 fw_us=1435462090 len=247

2026-09-12 19:26:21,589 INFO image_rx_daemon: frag_arrival: seq=43 idx=1 total=2 fw_us=1435686666 len=225

2026-09-12 19:26:21,590 INFO image_rx_daemon: published frame_id=0 seq=43 464 B → lifetrac/v25/video/tile_delta

2026-09-12 19:26:21,861 INFO image_rx_daemon: frag_arrival: seq=44 idx=0 total=2 fw_us=1435953614 len=247

2026-09-12 19:26:22,074 INFO image_rx_daemon: frag_arrival: seq=44 idx=1 total=2 fw_us=1436178453 len=227

2026-09-12 19:26:22,076 INFO image_rx_daemon: published frame_id=0 seq=44 466 B → lifetrac/v25/video/tile_delta

RFCO_PERTX during TX wait: profile_id=2 tx_status=0x00(OK) hop_idx=0 channel_idx=0 epoch=0 freq_hz=0 pkt_toa_us=10304 legal_dwell_used_us_10s=0

2026-09-12 19:26:22,099 INFO image_rx_daemon: command TX opcode=0x60 copy=1/1 OK (on air)

2026-09-12 19:26:22,342 INFO image_rx_daemon: frag_arrival: seq=45 idx=0 total=1 fw_us=1436446014 len=232

2026-09-12 19:26:22,343 INFO image_rx_daemon: published frame_id=0 seq=45 228 B → lifetrac/v25/video/tile_delta

RFCO_PERTX during TX wait: profile_id=2 tx_status=0x00(OK) hop_idx=0 channel_idx=0 epoch=0 freq_hz=0 pkt_toa_us=15424 legal_dwell_used_us_10s=0

2026-09-12 19:26:22,374 INFO image_rx_daemon: command TX opcode=0x6c copy=1/1 OK (on air)

RFCO_PERTX during TX wait: profile_id=2 tx_status=0x00(OK) hop_idx=0 channel_idx=0 epoch=0 freq_hz=0 pkt_toa_us=10304 legal_dwell_used_us_10s=0

2026-09-12 19:26:22,664 INFO image_rx_daemon: command TX opcode=0x60 copy=1/1 OK (on air)

2026-09-12 19:26:22,873 INFO image_rx_daemon: frag_arrival: seq=46 idx=0 total=1 fw_us=1436967974 len=217

2026-09-12 19:26:22,873 INFO image_rx_daemon: cmd 0x60 CONVERGED after 2 attempts (0.8 s): keyframe received (UNVERIFIED delivery — keyframe may be encoder-initiated)

2026-09-12 19:26:22,874 INFO image_rx_daemon: published frame_id=0 seq=46 213 B → lifetrac/v25/video/tile_delta

2026-09-12 19:26:23,381 INFO image_rx_daemon: frag_arrival: seq=47 idx=0 total=1 fw_us=1437479821 len=238

2026-09-12 19:26:23,383 INFO image_rx_daemon: published frame_id=0 seq=47 234 B → lifetrac/v25/video/tile_delta

2026-09-12 19:26:23,877 INFO image_rx_daemon: frag_arrival: seq=48 idx=0 total=2 fw_us=1437975155 len=247

2026-09-12 19:26:24,105 INFO image_rx_daemon: frag_arrival: seq=48 idx=1 total=2 fw_us=1438201125 len=229

2026-09-12 19:26:24,106 INFO image_rx_daemon: published frame_id=0 seq=48 468 B → lifetrac/v25/video/tile_delta

2026-09-12 19:26:24,373 INFO image_rx_daemon: frag_arrival: seq=49 idx=0 total=2 fw_us=1438470128 len=247

2026-09-12 19:26:24,609 INFO image_rx_daemon: frag_arrival: seq=49 idx=1 total=2 fw_us=1438700216 len=242

2026-09-12 19:26:24,610 INFO image_rx_daemon: published frame_id=0 seq=49 481 B → lifetrac/v25/video/tile_delta

2026-09-12 19:26:24,866 INFO image_rx_daemon: frag_arrival: seq=50 idx=0 total=2 fw_us=1438967863 len=247

2026-09-12 19:26:25,045 INFO image_rx_daemon: frag_arrival: seq=50 idx=1 total=2 fw_us=1439153693 len=133

2026-09-12 19:26:25,046 INFO image_rx_daemon: published frame_id=0 seq=50 372 B → lifetrac/v25/video/tile_delta

RFCO_PERTX during TX wait: profile_id=2 tx_status=0x00(OK) hop_idx=0 channel_idx=0 epoch=0 freq_hz=0 pkt_toa_us=15424 legal_dwell_used_us_10s=0

2026-09-12 19:26:25,338 INFO image_rx_daemon: command TX opcode=0x6c copy=1/1 OK (on air)

2026-09-12 19:26:25,527 INFO image_rx_daemon: frag_arrival: seq=51 idx=1 total=2 fw_us=1439633974 len=71

2026-09-12 19:26:25,899 INFO image_rx_daemon: frag_arrival: seq=52 idx=0 total=1 fw_us=1439996547 len=220

2026-09-12 19:26:25,900 INFO image_rx_daemon: published frame_id=0 seq=52 216 B → lifetrac/v25/video/tile_delta

2026-09-12 19:26:26,404 INFO image_rx_daemon: frag_arrival: seq=53 idx=0 total=1 fw_us=1440503466 len=219

2026-09-12 19:26:26,405 INFO image_rx_daemon: published frame_id=0 seq=53 215 B → lifetrac/v25/video/tile_delta

2026-09-12 19:26:26,913 INFO image_rx_daemon: frag_arrival: seq=54 idx=0 total=1 fw_us=1441010225 len=231

2026-09-12 19:26:26,914 INFO image_rx_daemon: published frame_id=0 seq=54 227 B → lifetrac/v25/video/tile_delta

2026-09-12 19:26:27,418 INFO image_rx_daemon: frag_arrival: seq=55 idx=0 total=1 fw_us=1441514303 len=233

2026-09-12 19:26:27,419 INFO image_rx_daemon: published frame_id=0 seq=55 229 B → lifetrac/v25/video/tile_delta

2026-09-12 19:26:27,894 INFO image_rx_daemon: frag_arrival: seq=56 idx=0 total=2 fw_us=1441998193 len=247

2026-09-12 19:26:28,016 INFO image_rx_daemon: stats: rx_frames=823 rx_decode_err=0 frames_published=539 publish_err=0 reassembler_decode_err=0 reassembler_timeouts=15 parity_recon=0 idle_drain_deferred=0

2026-09-12 19:26:28,017 INFO image_rx_daemon: air_gap: n=28 dt_med=273641us dt_p95=521960us len_med=240B cmd_tx_ok=135 cmd_tx_fail=0

2026-09-12 19:26:28,017 INFO image_rx_daemon: air_gap_hist(ms): <200:1 <400:15 <1000:12

2026-09-12 19:26:28,018 INFO image_rx_daemon: rx_rf: n_rssi=28 n_snr=28 rssi[min/med/max]=-70/-69/-69 snr[min/med/max]=5.0/6.0/6.0

2026-09-12 19:26:28,018 INFO image_rx_daemon: phase_telemetry: valid=28 invalid=0 pre_f8=0 last_epoch=0 last_hop=0 slot_off=[0..0]

2026-09-12 19:26:28,018 INFO image_rx_daemon: air_gap_by_class: seq: n=8 med=224.8ms | boundary: n=19 med=495.3ms | post_loss: n=1 med=480.3ms

2026-09-12 19:26:28,019 INFO image_rx_daemon: lost_frag_idx: n=1 idx0=1 (0.62% of idx0 arrivals) other=0 (0.00%) verdict=CLUSTERED-AT-0 | top 0:1

2026-09-12 19:26:28,121 INFO image_rx_daemon: frag_arrival: seq=56 idx=1 total=2 fw_us=1442220138 len=221

2026-09-12 19:26:28,122 INFO image_rx_daemon: published frame_id=0 seq=56 460 B → lifetrac/v25/video/tile_delta

RFCO_PERTX during TX wait: profile_id=2 tx_status=0x00(OK) hop_idx=0 channel_idx=0 epoch=0 freq_hz=0 pkt_toa_us=15424 legal_dwell_used_us_10s=0

2026-09-12 19:26:28,148 INFO image_rx_daemon: command TX opcode=0x6c copy=1/1 OK (on air)

2026-09-12 19:26:28,389 INFO image_rx_daemon: frag_arrival: seq=57 idx=0 total=1 fw_us=1442485257 len=237

2026-09-12 19:26:28,390 INFO image_rx_daemon: published frame_id=0 seq=57 233 B → lifetrac/v25/video/tile_delta

2026-09-12 19:26:28,877 INFO image_rx_daemon: frag_arrival: seq=58 idx=0 total=1 fw_us=1442974671 len=232

2026-09-12 19:26:28,878 INFO image_rx_daemon: published frame_id=0 seq=58 228 B → lifetrac/v25/video/tile_delta

2026-09-12 19:26:29,373 INFO image_rx_daemon: frag_arrival: seq=59 idx=0 total=1 fw_us=1443470146 len=234

2026-09-12 19:26:29,374 INFO image_rx_daemon: published frame_id=0 seq=59 230 B → lifetrac/v25/video/tile_delta

2026-09-12 19:26:29,846 INFO image_rx_daemon: frag_arrival: seq=60 idx=0 total=1 fw_us=1443953597 len=211

2026-09-12 19:26:29,847 INFO image_rx_daemon: published frame_id=0 seq=60 207 B → lifetrac/v25/video/tile_delta

2026-09-12 19:26:30,355 INFO image_rx_daemon: frag_arrival: seq=61 idx=0 total=1 fw_us=1444457475 len=236

2026-09-12 19:26:30,356 INFO image_rx_daemon: published frame_id=0 seq=61 232 B → lifetrac/v25/video/tile_delta

2026-09-12 19:26:30,846 INFO image_rx_daemon: frag_arrival: seq=62 idx=0 total=1 fw_us=1444945530 len=187

2026-09-12 19:26:30,847 INFO image_rx_daemon: published frame_id=0 seq=62 183 B → lifetrac/v25/video/tile_delta

RFCO_PERTX during TX wait: profile_id=2 tx_status=0x00(OK) hop_idx=0 channel_idx=0 epoch=0 freq_hz=0 pkt_toa_us=15424 legal_dwell_used_us_10s=0

2026-09-12 19:26:31,133 INFO image_rx_daemon: command TX opcode=0x6c copy=1/1 OK (on air)

2026-09-12 19:26:31,371 INFO image_rx_daemon: frag_arrival: seq=63 idx=0 total=1 fw_us=1445485120 len=212

2026-09-12 19:26:31,372 INFO image_rx_daemon: published frame_id=0 seq=63 208 B → lifetrac/v25/video/tile_delta

2026-09-12 19:26:31,888 INFO image_rx_daemon: frag_arrival: seq=64 idx=0 total=2 fw_us=1445994224 len=247

2026-09-12 19:26:32,121 INFO image_rx_daemon: frag_arrival: seq=64 idx=1 total=2 fw_us=1446218679 len=228

2026-09-12 19:26:32,122 INFO image_rx_daemon: published frame_id=0 seq=64 467 B → lifetrac/v25/video/tile_delta

2026-09-12 19:26:32,357 INFO image_rx_daemon: frag_arrival: seq=65 idx=0 total=2 fw_us=1446455018 len=247

2026-09-12 19:26:32,585 INFO image_rx_daemon: frag_arrival: seq=65 idx=1 total=2 fw_us=1446677965 len=224

2026-09-12 19:26:32,586 INFO image_rx_daemon: published frame_id=0 seq=65 463 B → lifetrac/v25/video/tile_delta

2026-09-12 19:26:32,885 INFO image_rx_daemon: frag_arrival: seq=66 idx=0 total=2 fw_us=1446984265 len=247

2026-09-12 19:26:33,105 INFO image_rx_daemon: frag_arrival: seq=66 idx=1 total=2 fw_us=1447207258 len=224

2026-09-12 19:26:33,107 INFO image_rx_daemon: published frame_id=0 seq=66 463 B → lifetrac/v25/video/tile_delta

2026-09-12 19:26:33,361 INFO image_rx_daemon: frag_arrival: seq=67 idx=0 total=1 fw_us=1447464258 len=215

2026-09-12 19:26:33,362 INFO image_rx_daemon: published frame_id=0 seq=67 211 B → lifetrac/v25/video/tile_delta

2026-09-12 19:26:33,885 INFO image_rx_daemon: frag_arrival: seq=68 idx=0 total=1 fw_us=1447975965 len=215

2026-09-12 19:26:33,886 INFO image_rx_daemon: published frame_id=0 seq=68 211 B → lifetrac/v25/video/tile_delta

RFCO_PERTX during TX wait: profile_id=2 tx_status=0x00(OK) hop_idx=0 channel_idx=0 epoch=0 freq_hz=0 pkt_toa_us=15424 legal_dwell_used_us_10s=0

2026-09-12 19:26:34,180 INFO image_rx_daemon: command TX opcode=0x6c copy=1/1 OK (on air)

2026-09-12 19:26:34,365 INFO image_rx_daemon: frag_arrival: seq=69 idx=0 total=2 fw_us=1448459515 len=247

2026-09-12 19:26:34,569 INFO image_rx_daemon: frag_arrival: seq=69 idx=1 total=2 fw_us=1448669409 len=215

2026-09-12 19:26:34,570 INFO image_rx_daemon: published frame_id=0 seq=69 454 B → lifetrac/v25/video/tile_delta

2026-09-12 19:26:34,844 INFO image_rx_daemon: frag_arrival: seq=70 idx=0 total=1 fw_us=1448950537 len=246

2026-09-12 19:26:34,845 INFO image_rx_daemon: published frame_id=0 seq=70 242 B → lifetrac/v25/video/tile_delta

2026-09-12 19:26:35,348 INFO image_rx_daemon: frag_arrival: seq=71 idx=0 total=2 fw_us=1449446593 len=247

2026-09-12 19:26:35,576 INFO image_rx_daemon: frag_arrival: seq=71 idx=1 total=2 fw_us=1449676167 len=241

2026-09-12 19:26:35,577 INFO image_rx_daemon: published frame_id=0 seq=71 480 B → lifetrac/v25/video/tile_delta

2026-09-12 19:26:35,885 INFO image_rx_daemon: frag_arrival: seq=72 idx=0 total=2 fw_us=1449988128 len=247

2026-09-12 19:26:36,094 INFO image_rx_daemon: frag_arrival: seq=72 idx=1 total=2 fw_us=1450201608 len=224

2026-09-12 19:26:36,096 INFO image_rx_daemon: published frame_id=0 seq=72 463 B → lifetrac/v25/video/tile_delta

2026-09-12 19:26:36,365 INFO image_rx_daemon: frag_arrival: seq=73 idx=0 total=1 fw_us=1450462736 len=215

2026-09-12 19:26:36,366 INFO image_rx_daemon: published frame_id=0 seq=73 211 B → lifetrac/v25/video/tile_delta

2026-09-12 19:26:36,891 INFO image_rx_daemon: frag_arrival: seq=74 idx=0 total=2 fw_us=1450979786 len=247

2026-09-12 19:26:37,110 INFO image_rx_daemon: frag_arrival: seq=74 idx=1 total=2 fw_us=1451208449 len=236

2026-09-12 19:26:37,112 INFO image_rx_daemon: published frame_id=0 seq=74 475 B → lifetrac/v25/video/tile_delta

RFCO_PERTX during TX wait: profile_id=2 tx_status=0x00(OK) hop_idx=0 channel_idx=0 epoch=0 freq_hz=0 pkt_toa_us=10304 legal_dwell_used_us_10s=0

2026-09-12 19:26:37,139 INFO image_rx_daemon: command TX opcode=0x60 copy=1/1 OK (on air)

2026-09-12 19:26:37,386 INFO image_rx_daemon: frag_arrival: seq=75 idx=0 total=2 fw_us=1451483268 len=247

2026-09-12 19:26:37,590 INFO image_rx_daemon: frag_arrival: seq=75 idx=1 total=2 fw_us=1451691780 len=210

2026-09-12 19:26:37,592 INFO image_rx_daemon: published frame_id=0 seq=75 449 B → lifetrac/v25/video/tile_delta

RFCO_PERTX during TX wait: profile_id=2 tx_status=0x00(OK) hop_idx=0 channel_idx=0 epoch=0 freq_hz=0 pkt_toa_us=10304 legal_dwell_used_us_10s=0

2026-09-12 19:26:37,623 INFO image_rx_daemon: command TX opcode=0x60 copy=1/1 OK (on air)

2026-09-12 19:26:37,886 INFO image_rx_daemon: frag_arrival: seq=76 idx=0 total=1 fw_us=1451983643 len=246

2026-09-12 19:26:37,889 INFO image_rx_daemon: cmd 0x60 CONVERGED after 2 attempts (0.8 s): keyframe received (UNVERIFIED delivery — keyframe may be encoder-initiated)

2026-09-12 19:26:37,890 INFO image_rx_daemon: published frame_id=0 seq=76 242 B → lifetrac/v25/video/tile_delta

RFCO_PERTX during TX wait: profile_id=2 tx_status=0x00(OK) hop_idx=0 channel_idx=0 epoch=0 freq_hz=0 pkt_toa_us=15424 legal_dwell_used_us_10s=0

2026-09-12 19:26:37,921 INFO image_rx_daemon: command TX opcode=0x6c copy=1/1 OK (on air)

2026-09-12 19:26:38,020 INFO image_rx_daemon: stats: rx_frames=852 rx_decode_err=0 frames_published=560 publish_err=0 reassembler_decode_err=0 reassembler_timeouts=15 parity_recon=0 idle_drain_deferred=0

2026-09-12 19:26:38,021 INFO image_rx_daemon: air_gap: n=29 dt_med=281128us dt_p95=517050us len_med=234B cmd_tx_ok=141 cmd_tx_fail=0

2026-09-12 19:26:38,021 INFO image_rx_daemon: air_gap_hist(ms): <400:18 <1000:11

2026-09-12 19:26:38,022 INFO image_rx_daemon: rx_rf: n_rssi=29 n_snr=29 rssi[min/med/max]=-70/-69/-69 snr[min/med/max]=5.0/6.0/7.0

2026-09-12 19:26:38,022 INFO image_rx_daemon: phase_telemetry: valid=29 invalid=0 pre_f8=0 last_epoch=0 last_hop=0 slot_off=[0..0]

2026-09-12 19:26:38,023 INFO image_rx_daemon: air_gap_by_class: seq: n=8 med=223.0ms | boundary: n=20 med=483.6ms

2026-09-12 19:26:38,377 INFO image_rx_daemon: frag_arrival: seq=77 idx=0 total=1 fw_us=1452473694 len=197

2026-09-12 19:26:38,378 INFO image_rx_daemon: published frame_id=0 seq=77 193 B → lifetrac/v25/video/tile_delta

2026-09-12 19:26:38,897 INFO image_rx_daemon: frag_arrival: seq=78 idx=0 total=2 fw_us=1452990880 len=247

2026-09-12 19:26:39,114 INFO image_rx_daemon: frag_arrival: seq=78 idx=1 total=2 fw_us=1453213819 len=222

2026-09-12 19:26:39,116 INFO image_rx_daemon: published frame_id=0 seq=78 461 B → lifetrac/v25/video/tile_delta

2026-09-12 19:26:39,398 INFO image_rx_daemon: frag_arrival: seq=79 idx=0 total=1 fw_us=1453499558 len=228

2026-09-12 19:26:39,401 INFO image_rx_daemon: published frame_id=0 seq=79 224 B → lifetrac/v25/video/tile_delta

2026-09-12 19:26:39,905 INFO image_rx_daemon: frag_arrival: seq=80 idx=0 total=2 fw_us=1454004371 len=247

2026-09-12 19:26:40,116 INFO image_rx_daemon: frag_arrival: seq=80 idx=1 total=2 fw_us=1454227175 len=222

2026-09-12 19:26:40,118 INFO image_rx_daemon: published frame_id=0 seq=80 461 B → lifetrac/v25/video/tile_delta

RFCO_PERTX during TX wait: profile_id=2 tx_status=0x00(OK) hop_idx=0 channel_idx=0 epoch=0 freq_hz=0 pkt_toa_us=15424 legal_dwell_used_us_10s=0

2026-09-12 19:26:40,142 INFO image_rx_daemon: command TX opcode=0x6c copy=1/1 OK (on air)

2026-09-12 19:26:40,393 INFO image_rx_daemon: frag_arrival: seq=81 idx=0 total=2 fw_us=1454498865 len=247

2026-09-12 19:26:40,605 INFO image_rx_daemon: frag_arrival: seq=81 idx=1 total=2 fw_us=1454709742 len=214

2026-09-12 19:26:40,606 INFO image_rx_daemon: published frame_id=0 seq=81 453 B → lifetrac/v25/video/tile_delta

2026-09-12 19:26:40,882 INFO image_rx_daemon: frag_arrival: seq=82 idx=0 total=1 fw_us=1454989806 len=232

2026-09-12 19:26:40,883 INFO image_rx_daemon: published frame_id=0 seq=82 228 B → lifetrac/v25/video/tile_delta

2026-09-12 19:26:41,369 INFO image_rx_daemon: frag_arrival: seq=83 idx=0 total=1 fw_us=1455474477 len=205

2026-09-12 19:26:41,370 INFO image_rx_daemon: published frame_id=0 seq=83 201 B → lifetrac/v25/video/tile_delta

2026-09-12 19:26:41,889 INFO image_rx_daemon: frag_arrival: seq=84 idx=0 total=2 fw_us=1455990785 len=247

2026-09-12 19:26:42,093 INFO image_rx_daemon: frag_arrival: seq=84 idx=1 total=2 fw_us=1456198154 len=184

2026-09-12 19:26:42,094 INFO image_rx_daemon: published frame_id=0 seq=84 423 B → lifetrac/v25/video/tile_delta

2026-09-12 19:26:42,390 INFO image_rx_daemon: frag_arrival: seq=85 idx=0 total=2 fw_us=1456487838 len=247

2026-09-12 19:26:42,601 INFO image_rx_daemon: frag_arrival: seq=85 idx=1 total=2 fw_us=1456702999 len=227

2026-09-12 19:26:42,602 INFO image_rx_daemon: published frame_id=0 seq=85 466 B → lifetrac/v25/video/tile_delta

2026-09-12 19:26:42,876 INFO image_rx_daemon: frag_arrival: seq=86 idx=0 total=2 fw_us=1456976033 len=247

2026-09-12 19:26:43,052 INFO image_rx_daemon: frag_arrival: seq=86 idx=1 total=2 fw_us=1457167251 len=169

2026-09-12 19:26:43,054 INFO image_rx_daemon: published frame_id=0 seq=86 408 B → lifetrac/v25/video/tile_delta

RFCO_PERTX during TX wait: profile_id=2 tx_status=0x00(OK) hop_idx=0 channel_idx=0 epoch=0 freq_hz=0 pkt_toa_us=15424 legal_dwell_used_us_10s=0

2026-09-12 19:26:43,337 INFO image_rx_daemon: command TX opcode=0x6c copy=1/1 OK (on air)

2026-09-12 19:26:43,857 INFO image_rx_daemon: frag_arrival: seq=88 idx=0 total=1 fw_us=1457963250 len=230

2026-09-12 19:26:43,858 INFO image_rx_daemon: published frame_id=0 seq=88 226 B → lifetrac/v25/video/tile_delta

2026-09-12 19:26:44,361 INFO image_rx_daemon: frag_arrival: seq=89 idx=0 total=1 fw_us=1458455796 len=246

2026-09-12 19:26:44,362 INFO image_rx_daemon: published frame_id=0 seq=89 242 B → lifetrac/v25/video/tile_delta

2026-09-12 19:26:44,898 INFO image_rx_daemon: frag_arrival: seq=90 idx=0 total=2 fw_us=1459015702 len=247

2026-09-12 19:26:45,121 INFO image_rx_daemon: frag_arrival: seq=90 idx=1 total=2 fw_us=1459222807 len=183

2026-09-12 19:26:45,122 INFO image_rx_daemon: published frame_id=0 seq=90 422 B → lifetrac/v25/video/tile_delta

2026-09-12 19:26:45,377 INFO image_rx_daemon: frag_arrival: seq=91 idx=0 total=1 fw_us=1459479582 len=246

2026-09-12 19:26:45,378 INFO image_rx_daemon: published frame_id=0 seq=91 242 B → lifetrac/v25/video/tile_delta

2026-09-12 19:26:45,889 INFO image_rx_daemon: frag_arrival: seq=92 idx=0 total=2 fw_us=1459989216 len=247

2026-09-12 19:26:46,102 INFO image_rx_daemon: frag_arrival: seq=92 idx=1 total=2 fw_us=1460213691 len=226

2026-09-12 19:26:46,104 INFO image_rx_daemon: published frame_id=0 seq=92 465 B → lifetrac/v25/video/tile_delta

RFCO_PERTX during TX wait: profile_id=2 tx_status=0x00(OK) hop_idx=0 channel_idx=0 epoch=0 freq_hz=0 pkt_toa_us=15424 legal_dwell_used_us_10s=0

2026-09-12 19:26:46,127 INFO image_rx_daemon: command TX opcode=0x6c copy=1/1 OK (on air)

2026-09-12 19:26:46,382 INFO image_rx_daemon: frag_arrival: seq=93 idx=0 total=2 fw_us=1460483993 len=247

2026-09-12 19:26:46,597 INFO image_rx_daemon: frag_arrival: seq=93 idx=1 total=2 fw_us=1460699093 len=223

2026-09-12 19:26:46,598 INFO image_rx_daemon: published frame_id=0 seq=93 462 B → lifetrac/v25/video/tile_delta

2026-09-12 19:26:46,877 INFO image_rx_daemon: frag_arrival: seq=94 idx=0 total=2 fw_us=1460979605 len=247

2026-09-12 19:26:47,081 INFO image_rx_daemon: frag_arrival: seq=94 idx=1 total=2 fw_us=1461182349 len=173

2026-09-12 19:26:47,084 INFO image_rx_daemon: published frame_id=0 seq=94 412 B → lifetrac/v25/video/tile_delta

2026-09-12 19:26:47,359 INFO image_rx_daemon: frag_arrival: seq=95 idx=0 total=1 fw_us=1461462624 len=223

2026-09-12 19:26:47,360 INFO image_rx_daemon: published frame_id=0 seq=95 219 B → lifetrac/v25/video/tile_delta

2026-09-12 19:26:47,866 INFO image_rx_daemon: frag_arrival: seq=96 idx=0 total=2 fw_us=1461976235 len=247

2026-09-12 19:26:48,024 INFO image_rx_daemon: stats: rx_frames=881 rx_decode_err=0 frames_published=578 publish_err=0 reassembler_decode_err=0 reassembler_timeouts=15 parity_recon=0 idle_drain_deferred=0

2026-09-12 19:26:48,024 INFO image_rx_daemon: air_gap: n=29 dt_med=280064us dt_p95=559906us len_med=230B cmd_tx_ok=144 cmd_tx_fail=0

2026-09-12 19:26:48,025 INFO image_rx_daemon: air_gap_hist(ms): <200:1 <400:18 <1000:10

2026-09-12 19:26:48,026 INFO image_rx_daemon: rx_rf: n_rssi=29 n_snr=29 rssi[min/med/max]=-70/-69/-68 snr[min/med/max]=5.0/6.0/6.0

2026-09-12 19:26:48,026 INFO image_rx_daemon: phase_telemetry: valid=29 invalid=0 pre_f8=0 last_epoch=0 last_hop=0 slot_off=[0..0]

2026-09-12 19:26:48,027 INFO image_rx_daemon: air_gap_by_class: seq: n=10 med=215.1ms | boundary: n=19 med=484.7ms

2026-09-12 19:26:48,101 INFO image_rx_daemon: frag_arrival: seq=96 idx=1 total=2 fw_us=1462201924 len=222

2026-09-12 19:26:48,102 INFO image_rx_daemon: published frame_id=0 seq=96 461 B → lifetrac/v25/video/tile_delta

2026-09-12 19:26:48,372 INFO image_rx_daemon: frag_arrival: seq=97 idx=0 total=1 fw_us=1462487351 len=198

2026-09-12 19:26:48,374 INFO image_rx_daemon: published frame_id=0 seq=97 194 B → lifetrac/v25/video/tile_delta

2026-09-12 19:26:48,880 INFO image_rx_daemon: frag_arrival: seq=98 idx=0 total=2 fw_us=1462987006 len=247

2026-09-12 19:26:49,050 INFO image_rx_daemon: frag_arrival: seq=98 idx=1 total=2 fw_us=1463161842 len=131

2026-09-12 19:26:49,052 INFO image_rx_daemon: published frame_id=0 seq=98 370 B → lifetrac/v25/video/tile_delta

RFCO_PERTX during TX wait: profile_id=2 tx_status=0x00(OK) hop_idx=0 channel_idx=0 epoch=0 freq_hz=0 pkt_toa_us=15424 legal_dwell_used_us_10s=0

2026-09-12 19:26:49,332 INFO image_rx_daemon: command TX opcode=0x6c copy=1/1 OK (on air)

2026-09-12 19:26:49,590 INFO image_rx_daemon: frag_arrival: seq=99 idx=1 total=2 fw_us=1463701924 len=223

2026-09-12 19:26:49,877 INFO image_rx_daemon: frag_arrival: seq=100 idx=0 total=2 fw_us=1463976854 len=247

2026-09-12 19:26:50,093 INFO image_rx_daemon: frag_arrival: seq=100 idx=1 total=2 fw_us=1464193946 len=209

2026-09-12 19:26:50,094 INFO image_rx_daemon: published frame_id=0 seq=100 448 B → lifetrac/v25/video/tile_delta

2026-09-12 19:26:50,353 INFO image_rx_daemon: frag_arrival: seq=101 idx=0 total=1 fw_us=1464465364 len=217

2026-09-12 19:26:50,354 INFO image_rx_daemon: published frame_id=0 seq=101 213 B → lifetrac/v25/video/tile_delta

2026-09-12 19:26:50,869 INFO image_rx_daemon: frag_arrival: seq=102 idx=0 total=1 fw_us=1464984807 len=242

2026-09-12 19:26:50,871 INFO image_rx_daemon: published frame_id=0 seq=102 238 B → lifetrac/v25/video/tile_delta

