2026-08-17 23:20:34,888 INFO image_rx_daemon: opening L072 HostLink on /dev/ttymxc3 @ 921600

2026-08-17 23:20:34,892 INFO image_rx_daemon: image_rx_daemon started; mqtt=127.0.0.1:1883 uart=/dev/ttymxc3

2026-08-17 23:20:34,893 INFO image_rx_daemon: ctrl MQTT connected (192.168.1.79)

2026-08-17 23:20:34,900 INFO image_rx_daemon: MQTT connected; ready to publish lifetrac/v25/video/tile_delta

2026-08-17 23:20:34,903 INFO image_rx_daemon: LIFETRAC_SKIP_RESET_REQ=1 — relying on external NRST; draining boot chatter only

2026-08-17 23:20:34,916 INFO image_rx_daemon: accepting first retained lifetrac/v25/control/radio_profile pin after start (restart convergence)

2026-08-17 23:20:35,338 INFO image_rx_daemon: L072 VER warm-up ok (attempt 1)

Initializing regulatory profile 2 on co-processor...

  FHSS mask: single channel 0 (0100000000000000)

CFG_SET_REQ(FHSS_CHANNEL_MASK) OK: 07000800

CFG_SET_REQ(ANTENNA_GAIN_DBI) OK: 15000100

CFG_SET_REQ(HW_CEILING_DBM) OK: 16000100

  FHSS seed: (0,0) legacy shared permutation [set LIFETRAC_FHSS_FARM_ID / LIFETRAC_FHSS_LINK_ID to separate pairs]

CFG_SET_REQ(FHSS_FARM_ID) OK: 17000800

CFG_SET_REQ(FHSS_NODE_ID) OK: 18000800

CFG_SET_REQ(REG_PROFILE=2) OK: 14000100

  forcing FRF -> 927.500 MHz (raw=0xE7E000 -> Msb=0xE7 Mid=0xE0 Lsb=0x00)

  FRF readback: 0xE7E000 = 927.500 MHz (OK)

2026-08-17 23:20:35,787 INFO image_rx_daemon: LBT_ENABLE=0 (command uplink shares the image channel)

PHY contract OK: image_bw500 == {'sf': 7, 'bw_khz': 500, 'cr_den': 5, 'preamble': 8}

2026-08-17 23:20:35,870 INFO image_rx_daemon: SX1276 RXCONT autowake: opmode 0x81 -> 0x85

2026-08-17 23:20:35,871 INFO image_rx_daemon: RX worker ready; draining RX_FRAME_URC...

2026-08-17 23:20:35,890 INFO image_rx_daemon: stats: rx_frames=0 rx_decode_err=0 frames_published=0 publish_err=0 reassembler_decode_err=0 reassembler_timeouts=0 parity_recon=0

RFCO_PERTX during TX wait: profile_id=2 tx_status=0x00(OK) hop_idx=0 channel_idx=0 epoch=0 freq_hz=0 pkt_toa_us=10304 legal_dwell_used_us_10s=0

2026-08-17 23:20:36,158 INFO image_rx_daemon: command TX opcode=0x63 copy=1/1 OK (on air)

RFCO_PERTX during TX wait: profile_id=2 tx_status=0x00(OK) hop_idx=0 channel_idx=0 epoch=0 freq_hz=0 pkt_toa_us=10304 legal_dwell_used_us_10s=0

2026-08-17 23:20:36,716 INFO image_rx_daemon: command TX opcode=0x63 copy=1/1 OK (on air)

RFCO_PERTX during TX wait: profile_id=2 tx_status=0x00(OK) hop_idx=0 channel_idx=0 epoch=0 freq_hz=0 pkt_toa_us=10304 legal_dwell_used_us_10s=0

2026-08-17 23:20:37,262 INFO image_rx_daemon: command TX opcode=0x63 copy=1/1 OK (on air)

RFCO_PERTX during TX wait: profile_id=2 tx_status=0x00(OK) hop_idx=0 channel_idx=0 epoch=0 freq_hz=0 pkt_toa_us=10304 legal_dwell_used_us_10s=0

2026-08-17 23:20:37,816 INFO image_rx_daemon: command TX opcode=0x63 copy=1/1 OK (on air)

RFCO_PERTX during TX wait: profile_id=2 tx_status=0x00(OK) hop_idx=0 channel_idx=0 epoch=0 freq_hz=0 pkt_toa_us=10304 legal_dwell_used_us_10s=0

2026-08-17 23:20:38,376 INFO image_rx_daemon: command TX opcode=0x63 copy=1/1 OK (on air)

RFCO_PERTX during TX wait: profile_id=2 tx_status=0x00(OK) hop_idx=0 channel_idx=0 epoch=0 freq_hz=0 pkt_toa_us=10304 legal_dwell_used_us_10s=0

2026-08-17 23:20:38,926 INFO image_rx_daemon: command TX opcode=0x63 copy=1/1 OK (on air)

RFCO_PERTX during TX wait: profile_id=2 tx_status=0x00(OK) hop_idx=0 channel_idx=0 epoch=0 freq_hz=0 pkt_toa_us=10304 legal_dwell_used_us_10s=0

2026-08-17 23:20:39,471 INFO image_rx_daemon: command TX opcode=0x63 copy=1/1 OK (on air)

RFCO_PERTX during TX wait: profile_id=2 tx_status=0x00(OK) hop_idx=0 channel_idx=0 epoch=0 freq_hz=0 pkt_toa_us=10304 legal_dwell_used_us_10s=0

2026-08-17 23:20:40,011 INFO image_rx_daemon: command TX opcode=0x63 copy=1/1 OK (on air)

RFCO_PERTX during TX wait: profile_id=2 tx_status=0x00(OK) hop_idx=0 channel_idx=0 epoch=0 freq_hz=0 pkt_toa_us=10304 legal_dwell_used_us_10s=0

2026-08-17 23:20:40,552 INFO image_rx_daemon: command TX opcode=0x63 copy=1/1 OK (on air)

RFCO_PERTX during TX wait: profile_id=2 tx_status=0x00(OK) hop_idx=0 channel_idx=0 epoch=0 freq_hz=0 pkt_toa_us=10304 legal_dwell_used_us_10s=0

2026-08-17 23:20:41,103 INFO image_rx_daemon: command TX opcode=0x63 copy=1/1 OK (on air)

RFCO_PERTX during TX wait: profile_id=2 tx_status=0x00(OK) hop_idx=0 channel_idx=0 epoch=0 freq_hz=0 pkt_toa_us=10304 legal_dwell_used_us_10s=0

2026-08-17 23:20:41,666 INFO image_rx_daemon: command TX opcode=0x63 copy=1/1 OK (on air)

RFCO_PERTX during TX wait: profile_id=2 tx_status=0x00(OK) hop_idx=0 channel_idx=0 epoch=0 freq_hz=0 pkt_toa_us=10304 legal_dwell_used_us_10s=0

2026-08-17 23:20:42,219 INFO image_rx_daemon: command TX opcode=0x63 copy=1/1 OK (on air)

RFCO_PERTX during TX wait: profile_id=2 tx_status=0x00(OK) hop_idx=0 channel_idx=0 epoch=0 freq_hz=0 pkt_toa_us=10304 legal_dwell_used_us_10s=0

2026-08-17 23:20:42,766 INFO image_rx_daemon: command TX opcode=0x63 copy=1/1 OK (on air)

RFCO_PERTX during TX wait: profile_id=2 tx_status=0x00(OK) hop_idx=0 channel_idx=0 epoch=0 freq_hz=0 pkt_toa_us=10304 legal_dwell_used_us_10s=0

2026-08-17 23:20:43,317 INFO image_rx_daemon: command TX opcode=0x63 copy=1/1 OK (on air)

RFCO_PERTX during TX wait: profile_id=2 tx_status=0x00(OK) hop_idx=0 channel_idx=0 epoch=0 freq_hz=0 pkt_toa_us=10304 legal_dwell_used_us_10s=0

2026-08-17 23:20:43,865 INFO image_rx_daemon: command TX opcode=0x63 copy=1/1 OK (on air)

RFCO_PERTX during TX wait: profile_id=2 tx_status=0x00(OK) hop_idx=0 channel_idx=0 epoch=0 freq_hz=0 pkt_toa_us=10304 legal_dwell_used_us_10s=0

2026-08-17 23:20:44,418 INFO image_rx_daemon: command TX opcode=0x63 copy=1/1 OK (on air)

2026-08-17 23:20:44,952 WARNING image_rx_daemon: cmd 0x63 GAVE UP after 16 attempts (10.0 s)

2026-08-17 23:20:45,894 INFO image_rx_daemon: stats: rx_frames=0 rx_decode_err=0 frames_published=0 publish_err=0 reassembler_decode_err=0 reassembler_timeouts=0 parity_recon=0

2026-08-17 23:20:51,691 INFO image_rx_daemon: frag_arrival: seq=1 idx=0 total=13 fw_us=1044667855 len=247

2026-08-17 23:20:51,811 INFO image_rx_daemon: frag_arrival: seq=1 idx=1 total=13 fw_us=1044784756 len=247

2026-08-17 23:20:51,920 INFO image_rx_daemon: frag_arrival: seq=1 idx=2 total=13 fw_us=1044901875 len=247

2026-08-17 23:20:52,028 INFO image_rx_daemon: frag_arrival: seq=1 idx=3 total=13 fw_us=1045018938 len=247

2026-08-17 23:20:52,163 INFO image_rx_daemon: frag_arrival: seq=1 idx=4 total=13 fw_us=1045136072 len=247

2026-08-17 23:20:52,272 INFO image_rx_daemon: frag_arrival: seq=1 idx=5 total=13 fw_us=1045253105 len=247

2026-08-17 23:20:52,391 INFO image_rx_daemon: frag_arrival: seq=1 idx=6 total=13 fw_us=1045370149 len=247

2026-08-17 23:20:52,515 INFO image_rx_daemon: frag_arrival: seq=1 idx=7 total=13 fw_us=1045487226 len=247

2026-08-17 23:20:52,633 INFO image_rx_daemon: frag_arrival: seq=1 idx=8 total=13 fw_us=1045604260 len=247

2026-08-17 23:20:52,741 INFO image_rx_daemon: frag_arrival: seq=1 idx=9 total=13 fw_us=1045721108 len=247

2026-08-17 23:20:52,863 INFO image_rx_daemon: frag_arrival: seq=1 idx=10 total=13 fw_us=1045838213 len=247

2026-08-17 23:20:52,973 INFO image_rx_daemon: frag_arrival: seq=1 idx=11 total=13 fw_us=1045955204 len=247

2026-08-17 23:20:53,007 INFO image_rx_daemon: frag_arrival: seq=1 idx=12 total=13 fw_us=1045996923 len=73

2026-08-17 23:20:53,008 INFO image_rx_daemon: published frame_id=0 2985 B → lifetrac/v25/video/tile_delta

2026-08-17 23:20:53,286 INFO image_rx_daemon: frag_arrival: seq=2 idx=0 total=13 fw_us=1046259166 len=247

2026-08-17 23:20:53,403 INFO image_rx_daemon: frag_arrival: seq=2 idx=1 total=13 fw_us=1046375922 len=247

2026-08-17 23:20:53,513 INFO image_rx_daemon: frag_arrival: seq=2 idx=2 total=13 fw_us=1046493013 len=247

2026-08-17 23:20:53,644 INFO image_rx_daemon: frag_arrival: seq=2 idx=3 total=13 fw_us=1046610124 len=247

2026-08-17 23:20:53,752 INFO image_rx_daemon: frag_arrival: seq=2 idx=4 total=13 fw_us=1046727114 len=247

2026-08-17 23:20:53,875 INFO image_rx_daemon: frag_arrival: seq=2 idx=5 total=13 fw_us=1046844067 len=247

2026-08-17 23:20:53,980 INFO image_rx_daemon: frag_arrival: seq=2 idx=6 total=13 fw_us=1046961005 len=247

2026-08-17 23:20:54,095 INFO image_rx_daemon: frag_arrival: seq=2 idx=7 total=13 fw_us=1047078090 len=247

2026-08-17 23:20:54,215 INFO image_rx_daemon: frag_arrival: seq=2 idx=8 total=13 fw_us=1047194919 len=247

2026-08-17 23:20:54,332 INFO image_rx_daemon: frag_arrival: seq=2 idx=9 total=13 fw_us=1047311959 len=247

2026-08-17 23:20:54,451 INFO image_rx_daemon: frag_arrival: seq=2 idx=10 total=13 fw_us=1047428982 len=247

2026-08-17 23:20:54,580 INFO image_rx_daemon: frag_arrival: seq=2 idx=11 total=13 fw_us=1047545931 len=247

2026-08-17 23:20:54,595 INFO image_rx_daemon: frag_arrival: seq=2 idx=12 total=13 fw_us=1047586320 len=68

2026-08-17 23:20:54,599 INFO image_rx_daemon: published frame_id=0 2980 B → lifetrac/v25/video/tile_delta

2026-08-17 23:20:54,879 INFO image_rx_daemon: frag_arrival: seq=3 idx=0 total=13 fw_us=1047849798 len=247

2026-08-17 23:20:54,988 INFO image_rx_daemon: frag_arrival: seq=3 idx=1 total=13 fw_us=1047967628 len=247

2026-08-17 23:20:55,107 INFO image_rx_daemon: frag_arrival: seq=3 idx=2 total=13 fw_us=1048083801 len=247

2026-08-17 23:20:55,227 INFO image_rx_daemon: frag_arrival: seq=3 idx=3 total=13 fw_us=1048200625 len=247

2026-08-17 23:20:55,344 INFO image_rx_daemon: frag_arrival: seq=3 idx=4 total=13 fw_us=1048317726 len=247

2026-08-17 23:20:55,452 INFO image_rx_daemon: frag_arrival: seq=3 idx=5 total=13 fw_us=1048434912 len=247

2026-08-17 23:20:55,572 INFO image_rx_daemon: frag_arrival: seq=3 idx=6 total=13 fw_us=1048551881 len=247

2026-08-17 23:20:55,693 INFO image_rx_daemon: frag_arrival: seq=3 idx=7 total=13 fw_us=1048668894 len=247

2026-08-17 23:20:55,821 INFO image_rx_daemon: frag_arrival: seq=3 idx=8 total=13 fw_us=1048785972 len=247

2026-08-17 23:20:55,898 INFO image_rx_daemon: stats: rx_frames=35 rx_decode_err=0 frames_published=2 publish_err=0 reassembler_decode_err=0 reassembler_timeouts=0 parity_recon=0

2026-08-17 23:20:55,900 INFO image_rx_daemon: air_gap: n=34 dt_med=117034us dt_p95=262243us len_med=247B cmd_tx_ok=16 cmd_tx_fail=0

2026-08-17 23:20:55,902 INFO image_rx_daemon: air_gap_hist(ms): <80:2 <120:30 <400:2

2026-08-17 23:20:55,904 INFO image_rx_daemon: rx_rf: n_rssi=35 n_snr=35 rssi[min/med/max]=-70/-70/-69 snr[min/med/max]=5.0/6.0/7.0

2026-08-17 23:20:55,905 INFO image_rx_daemon: phase_telemetry: valid=35 invalid=0 pre_f8=0 last_epoch=0 last_hop=0 slot_off=[0..0]

2026-08-17 23:20:55,905 INFO image_rx_daemon: air_gap_by_class: seq: n=32 med=117.0ms | boundary: n=2 med=263.5ms

2026-08-17 23:20:55,919 INFO image_rx_daemon: frag_arrival: seq=3 idx=9 total=13 fw_us=1048902883 len=247

2026-08-17 23:20:56,054 INFO image_rx_daemon: frag_arrival: seq=3 idx=10 total=13 fw_us=1049020072 len=247

2026-08-17 23:20:56,164 INFO image_rx_daemon: frag_arrival: seq=3 idx=11 total=13 fw_us=1049137118 len=247

2026-08-17 23:20:56,193 INFO image_rx_daemon: frag_arrival: seq=3 idx=12 total=13 fw_us=1049178825 len=71

2026-08-17 23:20:56,197 INFO image_rx_daemon: published frame_id=0 2983 B → lifetrac/v25/video/tile_delta

2026-08-17 23:20:56,460 INFO image_rx_daemon: frag_arrival: seq=4 idx=0 total=12 fw_us=1049441020 len=247

2026-08-17 23:20:56,583 INFO image_rx_daemon: frag_arrival: seq=4 idx=1 total=12 fw_us=1049557899 len=247

2026-08-17 23:20:56,700 INFO image_rx_daemon: frag_arrival: seq=4 idx=2 total=12 fw_us=1049674963 len=247

2026-08-17 23:20:56,820 INFO image_rx_daemon: frag_arrival: seq=4 idx=3 total=12 fw_us=1049792047 len=247

2026-08-17 23:20:56,927 INFO image_rx_daemon: frag_arrival: seq=4 idx=4 total=12 fw_us=1049909050 len=247

2026-08-17 23:20:57,051 INFO image_rx_daemon: frag_arrival: seq=4 idx=5 total=12 fw_us=1050026086 len=247

2026-08-17 23:20:57,177 INFO image_rx_daemon: frag_arrival: seq=4 idx=6 total=12 fw_us=1050143136 len=247

2026-08-17 23:20:57,286 INFO image_rx_daemon: frag_arrival: seq=4 idx=7 total=12 fw_us=1050260102 len=247

2026-08-17 23:20:57,404 INFO image_rx_daemon: frag_arrival: seq=4 idx=8 total=12 fw_us=1050377173 len=247

2026-08-17 23:20:57,523 INFO image_rx_daemon: frag_arrival: seq=4 idx=9 total=12 fw_us=1050494297 len=247

2026-08-17 23:20:57,632 INFO image_rx_daemon: frag_arrival: seq=4 idx=10 total=12 fw_us=1050611405 len=247

2026-08-17 23:20:57,739 INFO image_rx_daemon: frag_arrival: seq=4 idx=11 total=12 fw_us=1050720233 len=236

2026-08-17 23:20:57,741 INFO image_rx_daemon: published frame_id=0 2905 B → lifetrac/v25/video/tile_delta

2026-08-17 23:20:57,944 INFO image_rx_daemon: frag_arrival: seq=5 idx=0 total=12 fw_us=1050915273 len=247

2026-08-17 23:20:58,055 INFO image_rx_daemon: frag_arrival: seq=5 idx=1 total=12 fw_us=1051032174 len=247

2026-08-17 23:20:58,181 INFO image_rx_daemon: frag_arrival: seq=5 idx=2 total=12 fw_us=1051149327 len=247

2026-08-17 23:20:58,292 INFO image_rx_daemon: frag_arrival: seq=5 idx=3 total=12 fw_us=1051266313 len=247

2026-08-17 23:20:58,411 INFO image_rx_daemon: frag_arrival: seq=5 idx=4 total=12 fw_us=1051383334 len=247

2026-08-17 23:20:58,530 INFO image_rx_daemon: frag_arrival: seq=5 idx=5 total=12 fw_us=1051500446 len=247

2026-08-17 23:20:58,639 INFO image_rx_daemon: frag_arrival: seq=5 idx=6 total=12 fw_us=1051617553 len=247

2026-08-17 23:20:58,759 INFO image_rx_daemon: frag_arrival: seq=5 idx=7 total=12 fw_us=1051734595 len=247

2026-08-17 23:20:58,879 INFO image_rx_daemon: frag_arrival: seq=5 idx=8 total=12 fw_us=1051851616 len=247

2026-08-17 23:20:59,006 INFO image_rx_daemon: frag_arrival: seq=5 idx=9 total=12 fw_us=1051968677 len=247

2026-08-17 23:20:59,104 INFO image_rx_daemon: frag_arrival: seq=5 idx=10 total=12 fw_us=1052085714 len=247

2026-08-17 23:20:59,232 INFO image_rx_daemon: frag_arrival: seq=5 idx=11 total=12 fw_us=1052202630 len=246

2026-08-17 23:20:59,234 INFO image_rx_daemon: published frame_id=0 2915 B → lifetrac/v25/video/tile_delta

2026-08-17 23:20:59,414 INFO image_rx_daemon: frag_arrival: seq=7 idx=0 total=13 fw_us=1052389907 len=247

2026-08-17 23:20:59,535 INFO image_rx_daemon: frag_arrival: seq=7 idx=1 total=13 fw_us=1052506782 len=247

2026-08-17 23:20:59,642 INFO image_rx_daemon: frag_arrival: seq=7 idx=2 total=13 fw_us=1052623797 len=247

2026-08-17 23:20:59,760 INFO image_rx_daemon: frag_arrival: seq=7 idx=3 total=13 fw_us=1052740813 len=247

2026-08-17 23:20:59,881 INFO image_rx_daemon: frag_arrival: seq=7 idx=4 total=13 fw_us=1052857842 len=247

2026-08-17 23:21:00,006 INFO image_rx_daemon: frag_arrival: seq=7 idx=5 total=13 fw_us=1052974872 len=247

2026-08-17 23:21:00,115 INFO image_rx_daemon: frag_arrival: seq=7 idx=6 total=13 fw_us=1053091970 len=247

2026-08-17 23:21:00,235 INFO image_rx_daemon: frag_arrival: seq=7 idx=7 total=13 fw_us=1053208951 len=247

2026-08-17 23:21:00,355 INFO image_rx_daemon: frag_arrival: seq=7 idx=8 total=13 fw_us=1053326108 len=247

2026-08-17 23:21:00,467 INFO image_rx_daemon: frag_arrival: seq=7 idx=9 total=13 fw_us=1053443148 len=247

2026-08-17 23:21:00,587 INFO image_rx_daemon: frag_arrival: seq=7 idx=10 total=13 fw_us=1053560230 len=247

2026-08-17 23:21:00,707 INFO image_rx_daemon: frag_arrival: seq=7 idx=11 total=13 fw_us=1053677319 len=247

2026-08-17 23:21:00,722 INFO image_rx_daemon: frag_arrival: seq=7 idx=12 total=13 fw_us=1053715147 len=63

2026-08-17 23:21:00,725 INFO image_rx_daemon: published frame_id=0 2975 B → lifetrac/v25/video/tile_delta

2026-08-17 23:21:01,005 INFO image_rx_daemon: frag_arrival: seq=10 idx=0 total=13 fw_us=1053981198 len=247

2026-08-17 23:21:01,124 INFO image_rx_daemon: frag_arrival: seq=10 idx=1 total=13 fw_us=1054097993 len=247

2026-08-17 23:21:01,252 INFO image_rx_daemon: frag_arrival: seq=10 idx=2 total=13 fw_us=1054215248 len=247

2026-08-17 23:21:01,363 INFO image_rx_daemon: frag_arrival: seq=10 idx=3 total=13 fw_us=1054332350 len=247

2026-08-17 23:21:01,472 INFO image_rx_daemon: frag_arrival: seq=10 idx=4 total=13 fw_us=1054449333 len=247

2026-08-17 23:21:01,588 INFO image_rx_daemon: frag_arrival: seq=10 idx=5 total=13 fw_us=1054566380 len=247

2026-08-17 23:21:01,710 INFO image_rx_daemon: frag_arrival: seq=10 idx=6 total=13 fw_us=1054683412 len=247

2026-08-17 23:21:01,828 INFO image_rx_daemon: frag_arrival: seq=10 idx=7 total=13 fw_us=1054800435 len=247

2026-08-17 23:21:01,947 INFO image_rx_daemon: frag_arrival: seq=10 idx=8 total=13 fw_us=1054917487 len=247

2026-08-17 23:21:02,059 INFO image_rx_daemon: frag_arrival: seq=10 idx=9 total=13 fw_us=1055034534 len=247

2026-08-17 23:21:02,179 INFO image_rx_daemon: frag_arrival: seq=10 idx=10 total=13 fw_us=1055151624 len=247

2026-08-17 23:21:02,297 INFO image_rx_daemon: frag_arrival: seq=10 idx=11 total=13 fw_us=1055268603 len=247

2026-08-17 23:21:02,326 INFO image_rx_daemon: frag_arrival: seq=10 idx=12 total=13 fw_us=1055310351 len=73

2026-08-17 23:21:02,331 INFO image_rx_daemon: published frame_id=0 2985 B → lifetrac/v25/video/tile_delta

2026-08-17 23:21:02,595 INFO image_rx_daemon: frag_arrival: seq=13 idx=0 total=13 fw_us=1055572801 len=247

2026-08-17 23:21:02,716 INFO image_rx_daemon: frag_arrival: seq=13 idx=1 total=13 fw_us=1055689816 len=247

2026-08-17 23:21:02,825 INFO image_rx_daemon: frag_arrival: seq=13 idx=2 total=13 fw_us=1055806822 len=247

2026-08-17 23:21:02,947 INFO image_rx_daemon: frag_arrival: seq=13 idx=3 total=13 fw_us=1055923888 len=247

2026-08-17 23:21:03,064 INFO image_rx_daemon: frag_arrival: seq=13 idx=4 total=13 fw_us=1056040913 len=247

2026-08-17 23:21:03,180 INFO image_rx_daemon: frag_arrival: seq=13 idx=5 total=13 fw_us=1056157987 len=247

2026-08-17 23:21:03,300 INFO image_rx_daemon: frag_arrival: seq=13 idx=6 total=13 fw_us=1056274994 len=247

2026-08-17 23:21:03,418 INFO image_rx_daemon: frag_arrival: seq=13 idx=7 total=13 fw_us=1056391981 len=247

2026-08-17 23:21:03,539 INFO image_rx_daemon: frag_arrival: seq=13 idx=8 total=13 fw_us=1056509051 len=247

2026-08-17 23:21:03,648 INFO image_rx_daemon: frag_arrival: seq=13 idx=9 total=13 fw_us=1056626155 len=247

2026-08-17 23:21:03,771 INFO image_rx_daemon: frag_arrival: seq=13 idx=10 total=13 fw_us=1056743188 len=247

2026-08-17 23:21:03,892 INFO image_rx_daemon: frag_arrival: seq=13 idx=11 total=13 fw_us=1056860203 len=247

2026-08-17 23:21:03,892 INFO image_rx_daemon: frag_arrival: seq=13 idx=12 total=13 fw_us=1056877102 len=7

2026-08-17 23:21:03,893 INFO image_rx_daemon: published frame_id=0 2919 B → lifetrac/v25/video/tile_delta

2026-08-17 23:21:04,074 INFO image_rx_daemon: frag_arrival: seq=16 idx=0 total=13 fw_us=1057052455 len=247

2026-08-17 23:21:04,192 INFO image_rx_daemon: frag_arrival: seq=16 idx=1 total=13 fw_us=1057169457 len=247

2026-08-17 23:21:04,311 INFO image_rx_daemon: frag_arrival: seq=16 idx=2 total=13 fw_us=1057286596 len=247

2026-08-17 23:21:04,428 INFO image_rx_daemon: frag_arrival: seq=16 idx=3 total=13 fw_us=1057403678 len=247

2026-08-17 23:21:04,548 INFO image_rx_daemon: frag_arrival: seq=16 idx=4 total=13 fw_us=1057520707 len=247

2026-08-17 23:21:04,787 INFO image_rx_daemon: frag_arrival: seq=16 idx=6 total=13 fw_us=1057754711 len=247

2026-08-17 23:21:04,896 INFO image_rx_daemon: frag_arrival: seq=16 idx=7 total=13 fw_us=1057871752 len=247

2026-08-17 23:21:05,006 INFO image_rx_daemon: frag_arrival: seq=16 idx=8 total=13 fw_us=1057988782 len=247

2026-08-17 23:21:05,136 INFO image_rx_daemon: frag_arrival: seq=16 idx=9 total=13 fw_us=1058105870 len=247

2026-08-17 23:21:05,247 INFO image_rx_daemon: frag_arrival: seq=16 idx=10 total=13 fw_us=1058222841 len=247

2026-08-17 23:21:05,367 INFO image_rx_daemon: frag_arrival: seq=16 idx=11 total=13 fw_us=1058339861 len=247

2026-08-17 23:21:05,397 INFO image_rx_daemon: frag_arrival: seq=16 idx=12 total=13 fw_us=1058381595 len=73

2026-08-17 23:21:05,671 INFO image_rx_daemon: frag_arrival: seq=20 idx=0 total=13 fw_us=1058643893 len=247

2026-08-17 23:21:05,789 INFO image_rx_daemon: frag_arrival: seq=20 idx=1 total=13 fw_us=1058760915 len=247

2026-08-17 23:21:05,901 INFO image_rx_daemon: frag_arrival: seq=20 idx=2 total=13 fw_us=1058877947 len=247

2026-08-17 23:21:05,908 INFO image_rx_daemon: stats: rx_frames=117 rx_decode_err=0 frames_published=8 publish_err=0 reassembler_decode_err=0 reassembler_timeouts=0 parity_recon=0

2026-08-17 23:21:05,908 INFO image_rx_daemon: air_gap: n=82 dt_med=117037us dt_p95=234004us len_med=247B cmd_tx_ok=16 cmd_tx_fail=0

2026-08-17 23:21:05,909 INFO image_rx_daemon: air_gap_hist(ms): <20:1 <40:1 <80:3 <120:69 <200:3 <400:5

2026-08-17 23:21:05,910 INFO image_rx_daemon: rx_rf: n_rssi=82 n_snr=82 rssi[min/med/max]=-71/-70/-69 snr[min/med/max]=5.0/6.0/7.0

2026-08-17 23:21:05,910 INFO image_rx_daemon: phase_telemetry: valid=82 invalid=0 pre_f8=0 last_epoch=0 last_hop=0 slot_off=[0..0]

2026-08-17 23:21:05,910 INFO image_rx_daemon: air_gap_by_class: seq: n=74 med=117.0ms | boundary: n=7 med=262.2ms | post_loss: n=1 med=234.0ms

2026-08-17 23:21:05,911 INFO image_rx_daemon: lost_frag_idx: n=1 idx0=0 (0.00% of idx0 arrivals) other=1 (0.93%) verdict=not-clustered | top 5:1

2026-08-17 23:21:06,009 INFO image_rx_daemon: frag_arrival: seq=20 idx=3 total=13 fw_us=1058995035 len=247

2026-08-17 23:21:06,136 INFO image_rx_daemon: frag_arrival: seq=20 idx=4 total=13 fw_us=1059112199 len=247

2026-08-17 23:21:06,244 INFO image_rx_daemon: frag_arrival: seq=20 idx=5 total=13 fw_us=1059229355 len=247

2026-08-17 23:21:06,375 INFO image_rx_daemon: frag_arrival: seq=20 idx=6 total=13 fw_us=1059346480 len=247

2026-08-17 23:21:06,484 INFO image_rx_daemon: frag_arrival: seq=20 idx=7 total=13 fw_us=1059463506 len=247

2026-08-17 23:21:06,607 INFO image_rx_daemon: frag_arrival: seq=20 idx=8 total=13 fw_us=1059580537 len=247

2026-08-17 23:21:06,719 INFO image_rx_daemon: frag_arrival: seq=20 idx=9 total=13 fw_us=1059697574 len=247

2026-08-17 23:21:06,836 INFO image_rx_daemon: frag_arrival: seq=20 idx=10 total=13 fw_us=1059814625 len=247

2026-08-17 23:21:06,961 INFO image_rx_daemon: frag_arrival: seq=20 idx=11 total=13 fw_us=1059931671 len=247

2026-08-17 23:21:06,974 INFO image_rx_daemon: frag_arrival: seq=20 idx=12 total=13 fw_us=1059964216 len=47

2026-08-17 23:21:06,976 INFO image_rx_daemon: published frame_id=0 2959 B → lifetrac/v25/video/tile_delta

2026-08-17 23:21:07,168 INFO image_rx_daemon: frag_arrival: seq=23 idx=0 total=13 fw_us=1060142262 len=247

2026-08-17 23:21:07,287 INFO image_rx_daemon: frag_arrival: seq=23 idx=1 total=13 fw_us=1060259319 len=247

2026-08-17 23:21:07,396 INFO image_rx_daemon: frag_arrival: seq=23 idx=2 total=13 fw_us=1060376448 len=247

2026-08-17 23:21:07,513 INFO image_rx_daemon: frag_arrival: seq=23 idx=3 total=13 fw_us=1060493499 len=247

2026-08-17 23:21:07,571 WARNING image_rx_daemon: crc_dump: irq=0x70 rx_len=177 snr=2.2 rssi=-66 dump=ebc42e8456adb2b0699954e6a1f67fc41c16769270d12cc42d391e554cc78e067a040e360360980624c2971f9a3060c38c70f71416ef8d676ada254654afe8c6eab919fbaa9fc7188a7b14c852dfb3996b796c52b66eff95028ce38eb246e4a11ac648536ccd48d55a58162e4e5471e17746f6834f7a40a4312ee8b6e193809bd7d5ee1af8c7bd980ab2503e4b36587fb7ef1d56d8b11d9ba4acf99d30eea44dba48409d5b3f31145378b0b0107f83ffc6

2026-08-17 23:21:07,752 INFO image_rx_daemon: frag_arrival: seq=23 idx=5 total=13 fw_us=1060727558 len=247

2026-08-17 23:21:07,872 INFO image_rx_daemon: frag_arrival: seq=23 idx=6 total=13 fw_us=1060844558 len=247

2026-08-17 23:21:07,957 WARNING image_rx_daemon: crc_dump: irq=0x70 rx_len=146 snr=-0.5 rssi=-67 dump=58aae9da069c78d17bbd0e159676a08b271c9dd47dd30d4e095baf41ab487094025081519762ed194073fd914952a3cb93cd4c5e93a798b7e484403cf757cf1e468994658d717683a1cb5437192e7ccedcc422e3ffc4488e9408fb17071af1ca76037b557b69345e509e6176d4f3bc465587155e607f7a612ad2d3b2bf8efb2f1b5ee7ac5ef5320b4016315035a095be1d8a

2026-08-17 23:21:08,094 INFO image_rx_daemon: frag_arrival: seq=23 idx=8 total=13 fw_us=1061078697 len=247

2026-08-17 23:21:08,222 INFO image_rx_daemon: frag_arrival: seq=23 idx=9 total=13 fw_us=1061195698 len=247

2026-08-17 23:21:08,343 INFO image_rx_daemon: frag_arrival: seq=23 idx=10 total=13 fw_us=1061312750 len=247

2026-08-17 23:21:08,457 INFO image_rx_daemon: frag_arrival: seq=23 idx=11 total=13 fw_us=1061429776 len=247

2026-08-17 23:21:08,458 INFO image_rx_daemon: frag_arrival: seq=23 idx=12 total=13 fw_us=1061458452 len=39

2026-08-17 23:21:08,676 INFO image_rx_daemon: frag_arrival: seq=26 idx=0 total=13 fw_us=1061635836 len=247

2026-08-17 23:21:08,775 INFO image_rx_daemon: frag_arrival: seq=26 idx=1 total=13 fw_us=1061752940 len=247

2026-08-17 23:21:08,899 INFO image_rx_daemon: frag_arrival: seq=26 idx=2 total=13 fw_us=1061870018 len=247

2026-08-17 23:21:09,007 INFO image_rx_daemon: frag_arrival: seq=26 idx=3 total=13 fw_us=1061987085 len=247

2026-08-17 23:21:09,127 INFO image_rx_daemon: frag_arrival: seq=26 idx=4 total=13 fw_us=1062104162 len=247

2026-08-17 23:21:09,245 INFO image_rx_daemon: frag_arrival: seq=26 idx=5 total=13 fw_us=1062221171 len=247

2026-08-17 23:21:09,364 INFO image_rx_daemon: frag_arrival: seq=26 idx=6 total=13 fw_us=1062338228 len=247

2026-08-17 23:21:09,484 INFO image_rx_daemon: frag_arrival: seq=26 idx=7 total=13 fw_us=1062455298 len=247

2026-08-17 23:21:09,592 INFO image_rx_daemon: frag_arrival: seq=26 idx=8 total=13 fw_us=1062572296 len=247

2026-08-17 23:21:09,712 INFO image_rx_daemon: frag_arrival: seq=26 idx=9 total=13 fw_us=1062689329 len=247

2026-08-17 23:21:09,832 INFO image_rx_daemon: frag_arrival: seq=26 idx=10 total=13 fw_us=1062806433 len=247

2026-08-17 23:21:09,955 INFO image_rx_daemon: frag_arrival: seq=26 idx=11 total=13 fw_us=1062923485 len=247

2026-08-17 23:21:09,956 INFO image_rx_daemon: frag_arrival: seq=26 idx=12 total=13 fw_us=1062941698 len=11

2026-08-17 23:21:09,957 INFO image_rx_daemon: published frame_id=0 2923 B → lifetrac/v25/video/tile_delta

2026-08-17 23:21:10,137 INFO image_rx_daemon: frag_arrival: seq=29 idx=0 total=13 fw_us=1063116952 len=247

2026-08-17 23:21:10,256 INFO image_rx_daemon: frag_arrival: seq=29 idx=1 total=13 fw_us=1063233997 len=247

2026-08-17 23:21:10,375 INFO image_rx_daemon: frag_arrival: seq=29 idx=2 total=13 fw_us=1063351055 len=247

2026-08-17 23:21:10,495 INFO image_rx_daemon: frag_arrival: seq=29 idx=3 total=13 fw_us=1063468096 len=247

2026-08-17 23:21:10,619 INFO image_rx_daemon: frag_arrival: seq=29 idx=4 total=13 fw_us=1063585069 len=247

2026-08-17 23:21:10,727 INFO image_rx_daemon: frag_arrival: seq=29 idx=5 total=13 fw_us=1063702116 len=247

2026-08-17 23:21:10,847 INFO image_rx_daemon: frag_arrival: seq=29 idx=6 total=13 fw_us=1063819078 len=247

2026-08-17 23:21:10,961 INFO image_rx_daemon: frag_arrival: seq=29 idx=7 total=13 fw_us=1063936136 len=247

2026-08-17 23:21:11,083 INFO image_rx_daemon: frag_arrival: seq=29 idx=8 total=13 fw_us=1064053178 len=247

2026-08-17 23:21:11,195 INFO image_rx_daemon: frag_arrival: seq=29 idx=9 total=13 fw_us=1064170205 len=247

2026-08-17 23:21:11,319 INFO image_rx_daemon: frag_arrival: seq=29 idx=10 total=13 fw_us=1064287231 len=247

2026-08-17 23:21:11,431 INFO image_rx_daemon: frag_arrival: seq=29 idx=11 total=13 fw_us=1064404270 len=247

2026-08-17 23:21:11,461 INFO image_rx_daemon: frag_arrival: seq=29 idx=12 total=13 fw_us=1064448631 len=80

2026-08-17 23:21:11,464 INFO image_rx_daemon: published frame_id=0 2992 B → lifetrac/v25/video/tile_delta

2026-08-17 23:21:11,724 INFO image_rx_daemon: frag_arrival: seq=32 idx=0 total=12 fw_us=1064708313 len=247

2026-08-17 23:21:11,839 INFO image_rx_daemon: frag_arrival: seq=32 idx=1 total=12 fw_us=1064825303 len=247

2026-08-17 23:21:11,964 INFO image_rx_daemon: frag_arrival: seq=32 idx=2 total=12 fw_us=1064942428 len=247

2026-08-17 23:21:12,084 INFO image_rx_daemon: frag_arrival: seq=32 idx=3 total=12 fw_us=1065059433 len=247

2026-08-17 23:21:12,203 INFO image_rx_daemon: frag_arrival: seq=32 idx=4 total=12 fw_us=1065176432 len=247

2026-08-17 23:21:12,332 INFO image_rx_daemon: frag_arrival: seq=32 idx=5 total=12 fw_us=1065293541 len=247

2026-08-17 23:21:12,433 INFO image_rx_daemon: frag_arrival: seq=32 idx=6 total=12 fw_us=1065410625 len=247

2026-08-17 23:21:12,552 INFO image_rx_daemon: frag_arrival: seq=32 idx=7 total=12 fw_us=1065527538 len=247

2026-08-17 23:21:12,670 INFO image_rx_daemon: frag_arrival: seq=32 idx=8 total=12 fw_us=1065644736 len=247

2026-08-17 23:21:12,788 INFO image_rx_daemon: frag_arrival: seq=32 idx=9 total=12 fw_us=1065761593 len=247

2026-08-17 23:21:12,907 INFO image_rx_daemon: frag_arrival: seq=32 idx=10 total=12 fw_us=1065878797 len=247

2026-08-17 23:21:13,022 INFO image_rx_daemon: frag_arrival: seq=32 idx=11 total=12 fw_us=1065990024 len=241

2026-08-17 23:21:13,031 INFO image_rx_daemon: published frame_id=0 2910 B → lifetrac/v25/video/tile_delta

2026-08-17 23:21:13,204 INFO image_rx_daemon: frag_arrival: seq=35 idx=0 total=13 fw_us=1066182618 len=247

2026-08-17 23:21:13,323 INFO image_rx_daemon: frag_arrival: seq=35 idx=1 total=13 fw_us=1066299416 len=247

2026-08-17 23:21:13,441 INFO image_rx_daemon: frag_arrival: seq=35 idx=2 total=13 fw_us=1066416631 len=247

2026-08-17 23:21:13,560 INFO image_rx_daemon: frag_arrival: seq=35 idx=3 total=13 fw_us=1066533714 len=247

2026-08-17 23:21:13,683 INFO image_rx_daemon: frag_arrival: seq=35 idx=4 total=13 fw_us=1066650770 len=247

2026-08-17 23:21:13,795 INFO image_rx_daemon: frag_arrival: seq=35 idx=5 total=13 fw_us=1066767779 len=247

2026-08-17 23:21:13,912 INFO image_rx_daemon: frag_arrival: seq=35 idx=6 total=13 fw_us=1066884830 len=247

2026-08-17 23:21:14,034 INFO image_rx_daemon: frag_arrival: seq=35 idx=7 total=13 fw_us=1067001911 len=247

2026-08-17 23:21:14,142 INFO image_rx_daemon: frag_arrival: seq=35 idx=8 total=13 fw_us=1067119054 len=247

2026-08-17 23:21:14,260 INFO image_rx_daemon: frag_arrival: seq=35 idx=9 total=13 fw_us=1067236023 len=247

2026-08-17 23:21:14,383 INFO image_rx_daemon: frag_arrival: seq=35 idx=10 total=13 fw_us=1067353266 len=247

2026-08-17 23:21:14,492 INFO image_rx_daemon: frag_arrival: seq=35 idx=11 total=13 fw_us=1067470275 len=247

2026-08-17 23:21:14,521 INFO image_rx_daemon: frag_arrival: seq=35 idx=12 total=13 fw_us=1067511974 len=71

2026-08-17 23:21:14,526 INFO image_rx_daemon: published frame_id=0 2983 B → lifetrac/v25/video/tile_delta

2026-08-17 23:21:14,790 INFO image_rx_daemon: frag_arrival: seq=38 idx=0 total=12 fw_us=1067774099 len=247

2026-08-17 23:21:14,911 INFO image_rx_daemon: frag_arrival: seq=38 idx=1 total=12 fw_us=1067890878 len=247

2026-08-17 23:21:15,018 INFO image_rx_daemon: frag_arrival: seq=38 idx=2 total=12 fw_us=1068008012 len=247

2026-08-17 23:21:15,145 INFO image_rx_daemon: frag_arrival: seq=38 idx=3 total=12 fw_us=1068125104 len=247

2026-08-17 23:21:15,263 INFO image_rx_daemon: frag_arrival: seq=38 idx=4 total=12 fw_us=1068241958 len=247

2026-08-17 23:21:15,497 INFO image_rx_daemon: frag_arrival: seq=38 idx=6 total=12 fw_us=1068476229 len=247

2026-08-17 23:21:15,619 INFO image_rx_daemon: frag_arrival: seq=38 idx=7 total=12 fw_us=1068593283 len=247

2026-08-17 23:21:15,735 INFO image_rx_daemon: frag_arrival: seq=38 idx=8 total=12 fw_us=1068710365 len=247

2026-08-17 23:21:15,859 INFO image_rx_daemon: frag_arrival: seq=38 idx=9 total=12 fw_us=1068827418 len=247

2026-08-17 23:21:15,914 INFO image_rx_daemon: stats: rx_frames=198 rx_decode_err=0 frames_published=13 publish_err=0 reassembler_decode_err=0 reassembler_timeouts=2 parity_recon=0

2026-08-17 23:21:15,916 INFO image_rx_daemon: air_gap: n=81 dt_med=117052us dt_p95=234059us len_med=247B cmd_tx_ok=16 cmd_tx_fail=0

2026-08-17 23:21:15,920 INFO image_rx_daemon: air_gap_hist(ms): <20:1 <40:2 <80:2 <120:67 <200:4 <400:5

2026-08-17 23:21:15,922 INFO image_rx_daemon: rx_rf: n_rssi=81 n_snr=81 rssi[min/med/max]=-71/-70/-69 snr[min/med/max]=5.0/6.0/7.0

2026-08-17 23:21:15,922 INFO image_rx_daemon: phase_telemetry: valid=81 invalid=0 pre_f8=0 last_epoch=0 last_hop=0 slot_off=[0..0]

2026-08-17 23:21:15,923 INFO image_rx_daemon: air_gap_by_class: seq: n=72 med=117.1ms | boundary: n=6 med=192.6ms | post_loss: n=3 med=234.1ms

2026-08-17 23:21:15,924 INFO image_rx_daemon: lost_frag_idx: n=3 idx0=0 (0.00% of idx0 arrivals) other=3 (3.85%) verdict=not-clustered | top 4:1 7:1 5:1

2026-08-17 23:21:15,968 INFO image_rx_daemon: frag_arrival: seq=38 idx=10 total=12 fw_us=1068944551 len=247

2026-08-17 23:21:16,064 WARNING image_rx_daemon: crc_dump: irq=0x70 rx_len=255 snr=-0.2 rssi=-66 dump=01020000000000753653545b326447716470f4893aae4af957ef1b54b5c502318c79c06f8f1aae8587283e69952512689130bba7de750d93e12155f9d67481fee33db086dea9ffc046d988372d7fdcd824a0d78988e220ef28190d7b59b53b73f98590ae59b9e1617aa406e3d703b72175328c7fc1aefe7ce387464db2607b1ad45110ba070338332a6edb44fc58ce127b6c3167da581322cff83fdb5662216a802f2417ad1cf27b1353deb7323fe72a5295aa0977ce1ba008da8b2f6e2a98c68181e3bff6b37451bf1116a0d072ba2f9e33bd1fe8525f0e72bbaf0af51e96616f3a1287179bd78e1c62646f6259985dc70b032c2cc117d7c9985b

2026-08-17 23:21:16,279 INFO image_rx_daemon: frag_arrival: seq=41 idx=0 total=13 fw_us=1069248216 len=247

2026-08-17 23:21:16,382 INFO image_rx_daemon: frag_arrival: seq=41 idx=1 total=13 fw_us=1069365143 len=247

2026-08-17 23:21:16,512 INFO image_rx_daemon: frag_arrival: seq=41 idx=2 total=13 fw_us=1069482175 len=247

2026-08-17 23:21:16,620 INFO image_rx_daemon: frag_arrival: seq=41 idx=3 total=13 fw_us=1069599393 len=247

2026-08-17 23:21:16,738 INFO image_rx_daemon: frag_arrival: seq=41 idx=4 total=13 fw_us=1069716405 len=247

2026-08-17 23:21:16,859 WARNING image_rx_daemon: crc_dump: irq=0x70 rx_len=255 snr=3.0 rssi=-69 dump=01c20000000000003e23050c20005ec15ca64eb42523b32808028018096400bb3325f4601ccf5ace60ed3172a10000feee885377585cab7ff3d33ec37d86e7bbc133b66eef66d89ef7fb2a0e5ec93b0e8e771b3dba63ddbc34102ec7c661985a02e800c06f5249464668058a0054454250c65038205c0000033004008d012a80081003bec15a674e3425afb228080a80180566009f3e84e14fa0719d2d000933ca380308fedf32b41744ed0bf91a25d5e9c8179122b1d765e092c4e1e1f3d9dc6e3b3f3a4f8d054253a3c0d060ac0e9e243a30c6008732c944e60d000050176d72c6524058697c30a00010c6209d382a2400208a7ef15ea34c45b4

2026-08-17 23:21:16,980 INFO image_rx_daemon: frag_arrival: seq=41 idx=6 total=13 fw_us=1069950524 len=247

2026-08-17 23:21:17,076 INFO image_rx_daemon: frag_arrival: seq=41 idx=7 total=13 fw_us=1070067631 len=247

2026-08-17 23:21:17,204 INFO image_rx_daemon: frag_arrival: seq=41 idx=8 total=13 fw_us=1070184607 len=247

2026-08-17 23:21:17,323 INFO image_rx_daemon: frag_arrival: seq=41 idx=9 total=13 fw_us=1070301547 len=247

2026-08-17 23:21:17,443 INFO image_rx_daemon: frag_arrival: seq=41 idx=10 total=13 fw_us=1070418762 len=247

2026-08-17 23:21:17,567 INFO image_rx_daemon: frag_arrival: seq=41 idx=11 total=13 fw_us=1070535753 len=247

2026-08-17 23:21:17,759 INFO image_rx_daemon: frag_arrival: seq=44 idx=0 total=13 fw_us=1070735392 len=247

2026-08-17 23:21:17,879 INFO image_rx_daemon: frag_arrival: seq=44 idx=1 total=13 fw_us=1070852270 len=247

2026-08-17 23:21:17,983 WARNING image_rx_daemon: crc_dump: irq=0x70 rx_len=255 snr=2.8 rssi=-66 dump=21e4eade59631890d29eaf87e877ede3aafcc7acfc6d11822031a4c58946f60e97ea9fe5b09e636fe962492cefd3970dca8154278d55de2ab55d1a32da3609d2803a5729d27065dd3e66d288ae5662684362ab8052ef2e9bf1aa34b026d05b7717d22b461877dda6c3267065cb46ff439039d88a8c03d9918c48943bae322e63a430c588b33b04945dbe9cde9b1cc0d45d87a0a353c59e9690daa7727d90741f844d2fe5deb0c62666411032ba189e22adc3ab9974dd3ea16ae57840352e5cf0059662a9e639ca95f03bf708644abb6e4dc308ebb908f1b058c9b0e10c28f2532043af681b879e3d11d59ce8af04b95c761996c9696bf7043f7995

2026-08-17 23:21:18,103 INFO image_rx_daemon: frag_arrival: seq=44 idx=3 total=13 fw_us=1071086559 len=247

2026-08-17 23:21:18,231 INFO image_rx_daemon: frag_arrival: seq=44 idx=4 total=13 fw_us=1071203534 len=247

2026-08-17 23:21:18,339 INFO image_rx_daemon: frag_arrival: seq=44 idx=5 total=13 fw_us=1071320428 len=247

2026-08-17 23:21:18,460 INFO image_rx_daemon: frag_arrival: seq=44 idx=6 total=13 fw_us=1071438628 len=247

2026-08-17 23:21:18,585 INFO image_rx_daemon: frag_arrival: seq=44 idx=7 total=13 fw_us=1071554625 len=247

2026-08-17 23:21:18,695 INFO image_rx_daemon: frag_arrival: seq=44 idx=8 total=13 fw_us=1071671574 len=247

2026-08-17 23:21:18,815 INFO image_rx_daemon: frag_arrival: seq=44 idx=9 total=13 fw_us=1071788595 len=247

2026-08-17 23:21:18,924 INFO image_rx_daemon: frag_arrival: seq=44 idx=10 total=13 fw_us=1071905558 len=247

2026-08-17 23:21:19,041 INFO image_rx_daemon: frag_arrival: seq=44 idx=11 total=13 fw_us=1072022631 len=247

2026-08-17 23:21:19,055 INFO image_rx_daemon: frag_arrival: seq=44 idx=12 total=13 fw_us=1072052604 len=41

2026-08-17 23:21:19,263 INFO image_rx_daemon: frag_arrival: seq=47 idx=0 total=13 fw_us=1072230050 len=247

2026-08-17 23:21:19,372 INFO image_rx_daemon: frag_arrival: seq=47 idx=1 total=13 fw_us=1072347123 len=247

2026-08-17 23:21:19,508 INFO image_rx_daemon: frag_arrival: seq=47 idx=2 total=13 fw_us=1072464318 len=247

2026-08-17 23:21:19,605 WARNING image_rx_daemon: crc_dump: irq=0x70 rx_len=255 snr=3.0 rssi=-69 dump=01c2000000000000fe2f030c04009d012a200020003ec160ac4fb42da4b0a0080200180964009d333442cfa000610bafa6f3ce944050ddff6e49a76665d701d520ff877700f77aa8d9eed24bbfead9abcd9c43872c8b6366103d7699b4adfc719317de6fd24005cd52494606c6000c0057454250565a3820bf0400001006009b012a200020009ec158a24d27a5323e280caa40180964009e3334399fb371086c16c00fd80fb552080dc0033561756f6935680b0f2fcd34a80000ceaea0282a33e5bf969ff9f99fc691f8d22e61f9440f7bfc2a61e7baee2afee622aa76bc88a83a8522f6fef263dc73cd41429fbe6c73b66c8c185e6b46eb0547b8

2026-08-17 23:21:19,724 INFO image_rx_daemon: frag_arrival: seq=47 idx=4 total=13 fw_us=1072698321 len=247

2026-08-17 23:21:19,843 INFO image_rx_daemon: frag_arrival: seq=47 idx=5 total=13 fw_us=1072815342 len=247

2026-08-17 23:21:19,952 INFO image_rx_daemon: frag_arrival: seq=47 idx=6 total=13 fw_us=1072932393 len=247

2026-08-17 23:21:20,071 INFO image_rx_daemon: frag_arrival: seq=47 idx=7 total=13 fw_us=1073049411 len=247

2026-08-17 23:21:20,195 INFO image_rx_daemon: frag_arrival: seq=47 idx=8 total=13 fw_us=1073166354 len=247

2026-08-17 23:21:20,304 INFO image_rx_daemon: frag_arrival: seq=47 idx=9 total=13 fw_us=1073283381 len=247

2026-08-17 23:21:20,421 INFO image_rx_daemon: frag_arrival: seq=47 idx=10 total=13 fw_us=1073400431 len=247

2026-08-17 23:21:20,548 INFO image_rx_daemon: frag_arrival: seq=47 idx=11 total=13 fw_us=1073517378 len=247

2026-08-17 23:21:20,549 INFO image_rx_daemon: frag_arrival: seq=47 idx=12 total=13 fw_us=1073546010 len=37

2026-08-17 23:21:20,751 INFO image_rx_daemon: frag_arrival: seq=50 idx=0 total=13 fw_us=1073723338 len=247

2026-08-17 23:21:20,861 INFO image_rx_daemon: frag_arrival: seq=50 idx=1 total=13 fw_us=1073840343 len=247

2026-08-17 23:21:20,980 INFO image_rx_daemon: frag_arrival: seq=50 idx=2 total=13 fw_us=1073957566 len=247

2026-08-17 23:21:21,103 INFO image_rx_daemon: frag_arrival: seq=50 idx=3 total=13 fw_us=1074074572 len=247

2026-08-17 23:21:21,211 INFO image_rx_daemon: frag_arrival: seq=50 idx=4 total=13 fw_us=1074191615 len=247

2026-08-17 23:21:21,330 INFO image_rx_daemon: frag_arrival: seq=50 idx=5 total=13 fw_us=1074308672 len=247

2026-08-17 23:21:21,448 INFO image_rx_daemon: frag_arrival: seq=50 idx=6 total=13 fw_us=1074425761 len=247

2026-08-17 23:21:21,571 INFO image_rx_daemon: frag_arrival: seq=50 idx=7 total=13 fw_us=1074542794 len=247

2026-08-17 23:21:21,683 INFO image_rx_daemon: frag_arrival: seq=50 idx=8 total=13 fw_us=1074659925 len=247

2026-08-17 23:21:21,807 INFO image_rx_daemon: frag_arrival: seq=50 idx=9 total=13 fw_us=1074776970 len=247

2026-08-17 23:21:21,912 INFO image_rx_daemon: frag_arrival: seq=50 idx=10 total=13 fw_us=1074893933 len=247

2026-08-17 23:21:22,020 INFO image_rx_daemon: frag_arrival: seq=50 idx=11 total=13 fw_us=1075011008 len=247

2026-08-17 23:21:22,095 WARNING image_rx_daemon: crc_dump: irq=0x70 rx_len=195 snr=-12.2 rssi=-115 dump=cebc20f0c1064e155831cbfa1a9bb5c886c05639a71bce9631ccd9ea3c65c6497de5014122867c0395b4300f55e8f03bcd1cc455ffe9bfe5dd4cef8bf2e09f116fc66c79f1fc9e25f9ea4eb35ecedf37db7bbfe8d303cdc2720ff021c60438db7a3453d36fa2fd3c3e7c6c692d2b9256d09aacded94abb10f4dfab119b03a4db478f3fb1e1d3831835a889b7851e7835bbc75ee8599bb0abf0db7534f97256d0ade4c553442ccb1fbe1209c980c22fcd96610c4241f7f21324a3bbc59726dff0c03ef9

2026-08-17 23:21:22,247 INFO image_rx_daemon: frag_arrival: seq=53 idx=0 total=13 fw_us=1075219413 len=247

2026-08-17 23:21:22,356 INFO image_rx_daemon: frag_arrival: seq=53 idx=1 total=13 fw_us=1075336620 len=247

2026-08-17 23:21:22,463 INFO image_rx_daemon: frag_arrival: seq=53 idx=2 total=13 fw_us=1075454628 len=247

2026-08-17 23:21:22,592 INFO image_rx_daemon: frag_arrival: seq=53 idx=3 total=13 fw_us=1075570595 len=247

2026-08-17 23:21:22,710 INFO image_rx_daemon: frag_arrival: seq=53 idx=4 total=13 fw_us=1075687581 len=247

2026-08-17 23:21:22,831 INFO image_rx_daemon: frag_arrival: seq=53 idx=5 total=13 fw_us=1075804762 len=247

2026-08-17 23:21:22,951 INFO image_rx_daemon: frag_arrival: seq=53 idx=6 total=13 fw_us=1075921722 len=247

2026-08-17 23:21:23,060 INFO image_rx_daemon: frag_arrival: seq=53 idx=7 total=13 fw_us=1076038802 len=247

2026-08-17 23:21:23,180 INFO image_rx_daemon: frag_arrival: seq=53 idx=8 total=13 fw_us=1076155820 len=247

2026-08-17 23:21:23,299 INFO image_rx_daemon: frag_arrival: seq=53 idx=9 total=13 fw_us=1076272793 len=247

2026-08-17 23:21:23,419 INFO image_rx_daemon: frag_arrival: seq=53 idx=10 total=13 fw_us=1076389867 len=247

2026-08-17 23:21:23,528 INFO image_rx_daemon: frag_arrival: seq=53 idx=11 total=13 fw_us=1076506849 len=247

2026-08-17 23:21:23,568 INFO image_rx_daemon: frag_arrival: seq=53 idx=12 total=13 fw_us=1076551178 len=79

2026-08-17 23:21:23,571 INFO image_rx_daemon: published frame_id=0 2991 B → lifetrac/v25/video/tile_delta

2026-08-17 23:21:23,840 INFO image_rx_daemon: frag_arrival: seq=59 idx=0 total=13 fw_us=1076810840 len=247

2026-08-17 23:21:23,947 INFO image_rx_daemon: frag_arrival: seq=59 idx=1 total=13 fw_us=1076927775 len=247

2026-08-17 23:21:24,069 INFO image_rx_daemon: frag_arrival: seq=59 idx=2 total=13 fw_us=1077044699 len=247

2026-08-17 23:21:24,188 INFO image_rx_daemon: frag_arrival: seq=59 idx=3 total=13 fw_us=1077161971 len=247

2026-08-17 23:21:24,302 WARNING image_rx_daemon: crc_dump: irq=0x70 rx_len=255 snr=2.0 rssi=-70 dump=01c20000000600003e3b040c6fddc3f2321ce0030f48f31f5ae04f58b567ab4148733ceebc4d33ca0962835c65ff0ebf2a0ce3ca5ddd6befe77fc49282889f6d975d62a1883007aa86f455ba21977fbcf03adbd074765a3d78dbcd433ff485fb18cf8fcef79924bba7b6b041cc99349f851d6160e5368c5b8d17e975266d27a0fff51fddffbd5ce7c3738b92c6bf92449210ab53d062f000009952494446920c0000374542505f503820860003089004009d012a200020003ec15aa74ea7a523b328080260180966009d3303482f201ec0046801effe29043f8a8001fedb67f47e389349ee7f1ff90422ed9e2217b6b8929900f7643911ff835ff6

2026-08-17 23:21:24,420 INFO image_rx_daemon: frag_arrival: seq=59 idx=5 total=13 fw_us=1077395905 len=247

2026-08-17 23:21:24,533 INFO image_rx_daemon: frag_arrival: seq=59 idx=6 total=13 fw_us=1077512982 len=247

2026-08-17 23:21:24,648 INFO image_rx_daemon: frag_arrival: seq=59 idx=7 total=13 fw_us=1077629911 len=247

2026-08-17 23:21:24,771 INFO image_rx_daemon: frag_arrival: seq=59 idx=8 total=13 fw_us=1077747101 len=247

2026-08-17 23:21:24,891 INFO image_rx_daemon: frag_arrival: seq=59 idx=9 total=13 fw_us=1077864036 len=247

2026-08-17 23:21:25,027 INFO image_rx_daemon: frag_arrival: seq=59 idx=10 total=13 fw_us=1077981247 len=247

2026-08-17 23:21:25,131 INFO image_rx_daemon: frag_arrival: seq=59 idx=11 total=13 fw_us=1078098384 len=247

2026-08-17 23:21:25,161 INFO image_rx_daemon: frag_arrival: seq=59 idx=12 total=13 fw_us=1078142773 len=81

2026-08-17 23:21:25,431 INFO image_rx_daemon: frag_arrival: seq=60 idx=0 total=12 fw_us=1078402341 len=247

2026-08-17 23:21:25,543 INFO image_rx_daemon: frag_arrival: seq=60 idx=1 total=12 fw_us=1078519180 len=247

2026-08-17 23:21:25,668 INFO image_rx_daemon: frag_arrival: seq=60 idx=2 total=12 fw_us=1078636242 len=247

2026-08-17 23:21:25,776 INFO image_rx_daemon: frag_arrival: seq=60 idx=3 total=12 fw_us=1078753444 len=247

2026-08-17 23:21:25,895 INFO image_rx_daemon: frag_arrival: seq=60 idx=4 total=12 fw_us=1078870465 len=247

2026-08-17 23:21:25,927 INFO image_rx_daemon: stats: rx_frames=276 rx_decode_err=0 frames_published=14 publish_err=0 reassembler_decode_err=0 reassembler_timeouts=7 parity_recon=0

2026-08-17 23:21:25,929 INFO image_rx_daemon: air_gap: n=78 dt_med=117045us dt_p95=234289us len_med=247B cmd_tx_ok=16 cmd_tx_fail=0

2026-08-17 23:21:25,933 INFO image_rx_daemon: air_gap_hist(ms): <40:2 <80:2 <120:63 <200:3 <400:8

2026-08-17 23:21:25,935 INFO image_rx_daemon: rx_rf: n_rssi=78 n_snr=78 rssi[min/med/max]=-70/-70/-69 snr[min/med/max]=5.0/6.0/6.0

2026-08-17 23:21:25,936 INFO image_rx_daemon: phase_telemetry: valid=78 invalid=0 pre_f8=0 last_epoch=0 last_hop=0 slot_off=[0..0]

2026-08-17 23:21:25,938 INFO image_rx_daemon: air_gap_by_class: seq: n=67 med=117.0ms | boundary: n=7 med=208.4ms | post_loss: n=4 med=234.1ms

2026-08-17 23:21:25,939 INFO image_rx_daemon: lost_frag_idx: n=7 idx0=0 (0.00% of idx0 arrivals) other=7 (8.97%) verdict=not-clustered | top 12:2 11:1 5:1 2:1 3:1 4:1

2026-08-17 23:21:26,006 INFO image_rx_daemon: frag_arrival: seq=60 idx=5 total=12 fw_us=1078987503 len=247

2026-08-17 23:21:26,124 INFO image_rx_daemon: frag_arrival: seq=60 idx=6 total=12 fw_us=1079104611 len=247

2026-08-17 23:21:26,236 INFO image_rx_daemon: frag_arrival: seq=60 idx=7 total=12 fw_us=1079221462 len=247

2026-08-17 23:21:26,367 INFO image_rx_daemon: frag_arrival: seq=60 idx=8 total=12 fw_us=1079338631 len=247

2026-08-17 23:21:26,476 INFO image_rx_daemon: frag_arrival: seq=60 idx=9 total=12 fw_us=1079455576 len=247

2026-08-17 23:21:26,595 INFO image_rx_daemon: frag_arrival: seq=60 idx=10 total=12 fw_us=1079572781 len=247

2026-08-17 23:21:26,695 WARNING image_rx_daemon: crc_dump: irq=0x70 rx_len=255 snr=0.5 rssi=-66 dump=0102000000000085c2d7eefefe140683f6b98f6674b20944a1ee4bbc2c5e3b84871158a2ca4d381658d3e2921d5b9e59add6bd5177ad76398e6da238db91c35864f99fc0327635f3dee583a9ace091820730cea26521a781acae476db1c153c70e82fbdbf354e7521cd5b814159662332cc12197a1bcc97ec783774882f62c72225676e3e2fc87658badf39b68e49d5b595481dd8b8a56c8c35dc3a482f0f1bb1a7046cb21dff023db03a048cbd80981e0de440da19a3923b3a1919ad038c286ec259e25e9fe64a86063d3e2bd6a4d19a25ea1d38fa8e773f9a87bcacc1d99c1639005103883fde7d3a9fccb7ef5184f0a4b199994346f780a58b6

2026-08-17 23:21:26,896 INFO image_rx_daemon: frag_arrival: seq=62 idx=0 total=12 fw_us=1079876767 len=247

2026-08-17 23:21:27,005 INFO image_rx_daemon: frag_arrival: seq=62 idx=1 total=12 fw_us=1079993373 len=247

2026-08-17 23:21:27,139 INFO image_rx_daemon: frag_arrival: seq=62 idx=2 total=12 fw_us=1080110783 len=247

2026-08-17 23:21:27,249 INFO image_rx_daemon: frag_arrival: seq=62 idx=3 total=12 fw_us=1080227617 len=247

2026-08-17 23:21:27,367 INFO image_rx_daemon: frag_arrival: seq=62 idx=4 total=12 fw_us=1080344789 len=247

2026-08-17 23:21:27,489 INFO image_rx_daemon: frag_arrival: seq=62 idx=5 total=12 fw_us=1080461789 len=247

2026-08-17 23:21:27,601 INFO image_rx_daemon: frag_arrival: seq=62 idx=6 total=12 fw_us=1080579023 len=247

2026-08-17 23:21:27,720 INFO image_rx_daemon: frag_arrival: seq=62 idx=7 total=12 fw_us=1080696194 len=247

2026-08-17 23:21:27,827 INFO image_rx_daemon: frag_arrival: seq=62 idx=8 total=12 fw_us=1080813515 len=247

2026-08-17 23:21:27,955 INFO image_rx_daemon: frag_arrival: seq=62 idx=9 total=12 fw_us=1080930382 len=247

2026-08-17 23:21:28,072 WARNING image_rx_daemon: crc_dump: irq=0x70 rx_len=255 snr=2.8 rssi=-69 dump=01c20000000000003e3e0a0b205c0000007064009d018a200020003ec15ca74eb42c23b328080280180964009d328464089000214015ff368d16a5b00000fed092fc9eaecccbf1bdd175ee6be2b6ee2abbd9b627be063754df17c29b43c38794d3a7c1dc700f3752e6b1500000f552494640ee0003c05745425056563820e2000000b007009d012a200260003f0162a94eab25237330080260200968009d39417e9b6415d0384337737009600de0efdf2fde06d7759feba637178717cc85b3ac332294cf10f2c00009f8f323f2b867f513a22b5a1fdd4d9ff6a6afdbb955c0b824784debdb1fa0253042b0117d23c088bd4251b15764ee85a2d730

2026-08-17 23:21:28,192 INFO image_rx_daemon: frag_arrival: seq=62 idx=11 total=12 fw_us=1081165131 len=246

2026-08-17 23:21:28,372 INFO image_rx_daemon: frag_arrival: seq=65 idx=0 total=13 fw_us=1081352580 len=247

2026-08-17 23:21:28,492 INFO image_rx_daemon: frag_arrival: seq=65 idx=1 total=13 fw_us=1081469401 len=247

2026-08-17 23:21:28,613 INFO image_rx_daemon: frag_arrival: seq=65 idx=2 total=13 fw_us=1081586673 len=247

2026-08-17 23:21:28,725 INFO image_rx_daemon: frag_arrival: seq=65 idx=3 total=13 fw_us=1081703677 len=247

2026-08-17 23:21:28,835 INFO image_rx_daemon: frag_arrival: seq=65 idx=4 total=13 fw_us=1081820690 len=247

2026-08-17 23:21:28,965 INFO image_rx_daemon: frag_arrival: seq=65 idx=5 total=13 fw_us=1081937610 len=247

2026-08-17 23:21:29,077 INFO image_rx_daemon: frag_arrival: seq=65 idx=6 total=13 fw_us=1082054909 len=247

2026-08-17 23:21:29,196 INFO image_rx_daemon: frag_arrival: seq=65 idx=7 total=13 fw_us=1082171728 len=247

2026-08-17 23:21:29,319 INFO image_rx_daemon: frag_arrival: seq=65 idx=8 total=13 fw_us=1082288631 len=247

2026-08-17 23:21:29,428 INFO image_rx_daemon: frag_arrival: seq=65 idx=9 total=13 fw_us=1082405812 len=247

2026-08-17 23:21:29,546 INFO image_rx_daemon: frag_arrival: seq=65 idx=10 total=13 fw_us=1082522823 len=247

2026-08-17 23:21:29,664 INFO image_rx_daemon: frag_arrival: seq=65 idx=11 total=13 fw_us=1082639840 len=247

2026-08-17 23:21:29,694 INFO image_rx_daemon: frag_arrival: seq=65 idx=12 total=13 fw_us=1082681574 len=73

2026-08-17 23:21:29,697 INFO image_rx_daemon: published frame_id=0 2985 B → lifetrac/v25/video/tile_delta

2026-08-17 23:21:29,961 INFO image_rx_daemon: frag_arrival: seq=71 idx=0 total=13 fw_us=1082943439 len=247

2026-08-17 23:21:30,082 INFO image_rx_daemon: frag_arrival: seq=71 idx=1 total=13 fw_us=1083060355 len=247

2026-08-17 23:21:30,199 INFO image_rx_daemon: frag_arrival: seq=71 idx=2 total=13 fw_us=1083177411 len=247

2026-08-17 23:21:30,319 INFO image_rx_daemon: frag_arrival: seq=71 idx=3 total=13 fw_us=1083294488 len=247

2026-08-17 23:21:30,426 INFO image_rx_daemon: frag_arrival: seq=71 idx=4 total=13 fw_us=1083411383 len=247

2026-08-17 23:21:30,556 INFO image_rx_daemon: frag_arrival: seq=71 idx=5 total=13 fw_us=1083528506 len=247

2026-08-17 23:21:30,661 INFO image_rx_daemon: frag_arrival: seq=71 idx=6 total=13 fw_us=1083645514 len=247

2026-08-17 23:21:30,780 INFO image_rx_daemon: frag_arrival: seq=71 idx=7 total=13 fw_us=1083762524 len=247

2026-08-17 23:21:30,899 INFO image_rx_daemon: frag_arrival: seq=71 idx=8 total=13 fw_us=1083879502 len=247

2026-08-17 23:21:31,016 INFO image_rx_daemon: frag_arrival: seq=71 idx=9 total=13 fw_us=1083996313 len=247

2026-08-17 23:21:31,132 INFO image_rx_daemon: frag_arrival: seq=71 idx=10 total=13 fw_us=1084113454 len=247

2026-08-17 23:21:31,252 INFO image_rx_daemon: frag_arrival: seq=71 idx=11 total=13 fw_us=1084230385 len=247

2026-08-17 23:21:31,280 INFO image_rx_daemon: frag_arrival: seq=71 idx=12 total=13 fw_us=1084268201 len=63

2026-08-17 23:21:31,284 INFO image_rx_daemon: published frame_id=0 2975 B → lifetrac/v25/video/tile_delta

2026-08-17 23:21:31,560 INFO image_rx_daemon: frag_arrival: seq=72 idx=0 total=13 fw_us=1084534188 len=247

2026-08-17 23:21:31,680 INFO image_rx_daemon: frag_arrival: seq=72 idx=1 total=13 fw_us=1084651032 len=247

2026-08-17 23:21:31,790 INFO image_rx_daemon: frag_arrival: seq=72 idx=2 total=13 fw_us=1084768107 len=247

2026-08-17 23:21:31,911 INFO image_rx_daemon: frag_arrival: seq=72 idx=3 total=13 fw_us=1084885121 len=247

2026-08-17 23:21:32,010 INFO image_rx_daemon: frag_arrival: seq=72 idx=4 total=13 fw_us=1085002209 len=247

2026-08-17 23:21:32,143 INFO image_rx_daemon: frag_arrival: seq=72 idx=5 total=13 fw_us=1085119381 len=247

2026-08-17 23:21:32,258 INFO image_rx_daemon: frag_arrival: seq=72 idx=6 total=13 fw_us=1085236093 len=247

2026-08-17 23:21:32,383 INFO image_rx_daemon: frag_arrival: seq=72 idx=7 total=13 fw_us=1085353279 len=247

2026-08-17 23:21:32,491 INFO image_rx_daemon: frag_arrival: seq=72 idx=8 total=13 fw_us=1085470371 len=247

2026-08-17 23:21:32,608 INFO image_rx_daemon: frag_arrival: seq=72 idx=9 total=13 fw_us=1085587251 len=247

2026-08-17 23:21:32,728 INFO image_rx_daemon: frag_arrival: seq=72 idx=10 total=13 fw_us=1085704416 len=247

2026-08-17 23:21:32,845 INFO image_rx_daemon: frag_arrival: seq=72 idx=11 total=13 fw_us=1085821409 len=247

2026-08-17 23:21:32,875 INFO image_rx_daemon: frag_arrival: seq=72 idx=12 total=13 fw_us=1085863152 len=74

2026-08-17 23:21:32,878 INFO image_rx_daemon: published frame_id=0 2986 B → lifetrac/v25/video/tile_delta

2026-08-17 23:21:33,156 INFO image_rx_daemon: frag_arrival: seq=74 idx=0 total=13 fw_us=1086126628 len=247

2026-08-17 23:21:33,254 INFO image_rx_daemon: frag_arrival: seq=74 idx=1 total=13 fw_us=1086242857 len=247

2026-08-17 23:21:33,383 INFO image_rx_daemon: frag_arrival: seq=74 idx=2 total=13 fw_us=1086359835 len=247

2026-08-17 23:21:33,505 INFO image_rx_daemon: frag_arrival: seq=74 idx=3 total=13 fw_us=1086476903 len=247

2026-08-17 23:21:33,620 INFO image_rx_daemon: frag_arrival: seq=74 idx=4 total=13 fw_us=1086593933 len=247

2026-08-17 23:21:33,740 INFO image_rx_daemon: frag_arrival: seq=74 idx=5 total=13 fw_us=1086710920 len=247

2026-08-17 23:21:33,846 INFO image_rx_daemon: frag_arrival: seq=74 idx=6 total=13 fw_us=1086827963 len=247

2026-08-17 23:21:33,967 INFO image_rx_daemon: frag_arrival: seq=74 idx=7 total=13 fw_us=1086944806 len=247

2026-08-17 23:21:34,083 INFO image_rx_daemon: frag_arrival: seq=74 idx=8 total=13 fw_us=1087062099 len=247

2026-08-17 23:21:34,203 INFO image_rx_daemon: frag_arrival: seq=74 idx=9 total=13 fw_us=1087178918 len=247

2026-08-17 23:21:34,327 INFO image_rx_daemon: frag_arrival: seq=74 idx=10 total=13 fw_us=1087296127 len=247

2026-08-17 23:21:34,436 INFO image_rx_daemon: frag_arrival: seq=74 idx=11 total=13 fw_us=1087413185 len=247

2026-08-17 23:21:34,465 INFO image_rx_daemon: frag_arrival: seq=74 idx=12 total=13 fw_us=1087454929 len=73

2026-08-17 23:21:34,468 INFO image_rx_daemon: published frame_id=0 2985 B → lifetrac/v25/video/tile_delta

2026-08-17 23:21:34,740 INFO image_rx_daemon: frag_arrival: seq=77 idx=0 total=13 fw_us=1087717256 len=247

2026-08-17 23:21:34,857 INFO image_rx_daemon: frag_arrival: seq=77 idx=1 total=13 fw_us=1087834073 len=247

2026-08-17 23:21:34,976 INFO image_rx_daemon: frag_arrival: seq=77 idx=2 total=13 fw_us=1087951233 len=247

2026-08-17 23:21:35,095 INFO image_rx_daemon: frag_arrival: seq=77 idx=3 total=13 fw_us=1088068274 len=247

2026-08-17 23:21:35,204 INFO image_rx_daemon: frag_arrival: seq=77 idx=4 total=13 fw_us=1088185192 len=247

2026-08-17 23:21:35,327 INFO image_rx_daemon: frag_arrival: seq=77 idx=5 total=13 fw_us=1088302229 len=247

2026-08-17 23:21:35,447 INFO image_rx_daemon: frag_arrival: seq=77 idx=6 total=13 fw_us=1088419245 len=247

2026-08-17 23:21:35,555 INFO image_rx_daemon: frag_arrival: seq=77 idx=7 total=13 fw_us=1088536074 len=247

2026-08-17 23:21:35,675 INFO image_rx_daemon: frag_arrival: seq=77 idx=8 total=13 fw_us=1088653331 len=247

2026-08-17 23:21:35,795 INFO image_rx_daemon: frag_arrival: seq=77 idx=9 total=13 fw_us=1088770182 len=247

2026-08-17 23:21:35,910 INFO image_rx_daemon: frag_arrival: seq=77 idx=10 total=13 fw_us=1088887439 len=247

2026-08-17 23:21:35,942 INFO image_rx_daemon: stats: rx_frames=356 rx_decode_err=0 frames_published=18 publish_err=0 reassembler_decode_err=0 reassembler_timeouts=10 parity_recon=0

2026-08-17 23:21:35,944 INFO image_rx_daemon: air_gap: n=80 dt_med=117030us dt_p95=262327us len_med=247B cmd_tx_ok=16 cmd_tx_fail=0

2026-08-17 23:21:35,948 INFO image_rx_daemon: air_gap_hist(ms): <40:1 <80:3 <120:69 <200:1 <400:6

2026-08-17 23:21:35,950 INFO image_rx_daemon: rx_rf: n_rssi=80 n_snr=80 rssi[min/med/max]=-71/-70/-69 snr[min/med/max]=5.0/6.0/6.0

2026-08-17 23:21:35,952 INFO image_rx_daemon: phase_telemetry: valid=80 invalid=0 pre_f8=0 last_epoch=0 last_hop=0 slot_off=[0..0]

2026-08-17 23:21:35,954 INFO image_rx_daemon: air_gap_by_class: seq: n=73 med=117.0ms | boundary: n=6 med=263.5ms | post_loss: n=1 med=234.7ms

2026-08-17 23:21:35,954 INFO image_rx_daemon: lost_frag_idx: n=2 idx0=0 (0.00% of idx0 arrivals) other=2 (2.63%) verdict=not-clustered | top 11:1 10:1

2026-08-17 23:21:36,018 INFO image_rx_daemon: frag_arrival: seq=77 idx=11 total=13 fw_us=1089004468 len=247

2026-08-17 23:21:36,032 INFO image_rx_daemon: frag_arrival: seq=77 idx=12 total=13 fw_us=1089022334 len=7

2026-08-17 23:21:36,037 INFO image_rx_daemon: published frame_id=0 2919 B → lifetrac/v25/video/tile_delta

2026-08-17 23:21:36,215 INFO image_rx_daemon: frag_arrival: seq=81 idx=0 total=12 fw_us=1089196365 len=247

2026-08-17 23:21:36,343 INFO image_rx_daemon: frag_arrival: seq=81 idx=1 total=12 fw_us=1089313404 len=247

2026-08-17 23:21:36,417 WARNING image_rx_daemon: crc_dump: irq=0x70 rx_len=140 snr=0.2 rssi=-67 dump=b9f4c84d43148485a0a3baf2f4d981aee3591619253f5fcfca532e55a1cf3a87a97ff5ef0454f687d9cf1f9767ae6faefcabc5cddef46b5eaab565bc0cf068c89cc8310a259a067cfb8b0394f1ca515e5d8e0cb9f95aa06707eff8d600bb1b6fb78c01b414ec990dd86a0a62db747190136f499248babf6dfc1e63058aeaf7ec277d7ab0c3b5bb0b408c50c1

2026-08-17 23:21:36,568 INFO image_rx_daemon: frag_arrival: seq=81 idx=3 total=12 fw_us=1089547572 len=247

2026-08-17 23:21:36,687 INFO image_rx_daemon: frag_arrival: seq=81 idx=4 total=12 fw_us=1089664679 len=247

2026-08-17 23:21:36,811 INFO image_rx_daemon: frag_arrival: seq=81 idx=5 total=12 fw_us=1089781688 len=247

2026-08-17 23:21:36,921 INFO image_rx_daemon: frag_arrival: seq=81 idx=6 total=12 fw_us=1089898736 len=247

2026-08-17 23:21:37,031 INFO image_rx_daemon: frag_arrival: seq=81 idx=7 total=12 fw_us=1090015781 len=247

2026-08-17 23:21:37,160 INFO image_rx_daemon: frag_arrival: seq=81 idx=8 total=12 fw_us=1090132803 len=247

2026-08-17 23:21:37,268 INFO image_rx_daemon: frag_arrival: seq=81 idx=9 total=12 fw_us=1090249567 len=247

2026-08-17 23:21:37,396 INFO image_rx_daemon: frag_arrival: seq=81 idx=10 total=12 fw_us=1090366709 len=247

2026-08-17 23:21:37,495 WARNING image_rx_daemon: crc_dump: irq=0x70 rx_len=255 snr=1.5 rssi=-67 dump=0182008068efc551d9d6be71f9fb544252cf8636c1b20deb5d486c30d2d307d2ff5090b6e019c7004289c258193bd2e3bf6ab2fc95a125a1a1fea421daff1b7507d8af1bb6b7ec9b37f46f30153ffd4d44876e25724ce3111495aa1a22eae95e7a46cb2339b0aad265da89369ee338e1598e572660233aa3144c59050e697909ab53f860cfcbfaa902e78017efa3a6567fa6e28e3629fa9a27bf32bec3f007e39361bd3cf4076bb64fc343a96e9f5e8585578f73dab5ca4f7be66aea8d06c90e6228752d1a3c37cb1f9dec19207138fec126d7776b63110215d9ee35a4c094d215c0639008b21adab921cfd76434a71810f6b8ad080f0b47607f4f

2026-08-17 23:21:37,696 INFO image_rx_daemon: frag_arrival: seq=84 idx=0 total=13 fw_us=1090670779 len=247

2026-08-17 23:21:37,815 INFO image_rx_daemon: frag_arrival: seq=84 idx=1 total=13 fw_us=1090787544 len=247

2026-08-17 23:21:37,924 INFO image_rx_daemon: frag_arrival: seq=84 idx=2 total=13 fw_us=1090904671 len=247

2026-08-17 23:21:38,031 INFO image_rx_daemon: frag_arrival: seq=84 idx=3 total=13 fw_us=1091021738 len=247

2026-08-17 23:21:38,159 INFO image_rx_daemon: frag_arrival: seq=84 idx=4 total=13 fw_us=1091138787 len=247

2026-08-17 23:21:38,279 INFO image_rx_daemon: frag_arrival: seq=84 idx=5 total=13 fw_us=1091255730 len=247

2026-08-17 23:21:38,405 INFO image_rx_daemon: frag_arrival: seq=84 idx=6 total=13 fw_us=1091372787 len=247

2026-08-17 23:21:38,512 INFO image_rx_daemon: frag_arrival: seq=84 idx=7 total=13 fw_us=1091489630 len=247

2026-08-17 23:21:38,631 INFO image_rx_daemon: frag_arrival: seq=84 idx=8 total=13 fw_us=1091606913 len=247

2026-08-17 23:21:38,737 INFO image_rx_daemon: frag_arrival: seq=84 idx=9 total=13 fw_us=1091723836 len=247

2026-08-17 23:21:38,871 INFO image_rx_daemon: frag_arrival: seq=84 idx=10 total=13 fw_us=1091840979 len=247

2026-08-17 23:21:38,978 INFO image_rx_daemon: frag_arrival: seq=84 idx=11 total=13 fw_us=1091957998 len=247

2026-08-17 23:21:39,001 INFO image_rx_daemon: frag_arrival: seq=84 idx=12 total=13 fw_us=1091990560 len=47

2026-08-17 23:21:39,003 INFO image_rx_daemon: published frame_id=0 2959 B → lifetrac/v25/video/tile_delta

2026-08-17 23:21:39,195 INFO image_rx_daemon: frag_arrival: seq=87 idx=0 total=13 fw_us=1092169750 len=247

2026-08-17 23:21:39,315 INFO image_rx_daemon: frag_arrival: seq=87 idx=1 total=13 fw_us=1092286598 len=247

2026-08-17 23:21:39,427 INFO image_rx_daemon: frag_arrival: seq=87 idx=2 total=13 fw_us=1092403824 len=247

2026-08-17 23:21:39,545 INFO image_rx_daemon: frag_arrival: seq=87 idx=3 total=13 fw_us=1092520864 len=247

2026-08-17 23:21:39,667 INFO image_rx_daemon: frag_arrival: seq=87 idx=4 total=13 fw_us=1092637859 len=247

2026-08-17 23:21:39,783 INFO image_rx_daemon: frag_arrival: seq=87 idx=5 total=13 fw_us=1092754906 len=247

2026-08-17 23:21:39,891 INFO image_rx_daemon: frag_arrival: seq=87 idx=6 total=13 fw_us=1092871938 len=247

2026-08-17 23:21:40,007 INFO image_rx_daemon: frag_arrival: seq=87 idx=7 total=13 fw_us=1092988986 len=247

2026-08-17 23:21:40,131 INFO image_rx_daemon: frag_arrival: seq=87 idx=8 total=13 fw_us=1093105859 len=247

2026-08-17 23:21:40,255 INFO image_rx_daemon: frag_arrival: seq=87 idx=9 total=13 fw_us=1093222860 len=247

2026-08-17 23:21:40,364 INFO image_rx_daemon: frag_arrival: seq=87 idx=10 total=13 fw_us=1093340088 len=247

2026-08-17 23:21:40,481 INFO image_rx_daemon: frag_arrival: seq=87 idx=11 total=13 fw_us=1093457106 len=247

2026-08-17 23:21:40,496 INFO image_rx_daemon: frag_arrival: seq=87 idx=12 total=13 fw_us=1093485788 len=39

2026-08-17 23:21:40,499 INFO image_rx_daemon: published frame_id=0 2951 B → lifetrac/v25/video/tile_delta

2026-08-17 23:21:40,698 INFO image_rx_daemon: frag_arrival: seq=90 idx=0 total=13 fw_us=1093663246 len=247

2026-08-17 23:21:40,808 INFO image_rx_daemon: frag_arrival: seq=90 idx=1 total=13 fw_us=1093780187 len=247

2026-08-17 23:21:40,927 INFO image_rx_daemon: frag_arrival: seq=90 idx=2 total=13 fw_us=1093897273 len=247

2026-08-17 23:21:41,025 INFO image_rx_daemon: frag_arrival: seq=90 idx=3 total=13 fw_us=1094014302 len=247

2026-08-17 23:21:41,152 INFO image_rx_daemon: frag_arrival: seq=90 idx=4 total=13 fw_us=1094131299 len=247

2026-08-17 23:21:41,275 INFO image_rx_daemon: frag_arrival: seq=90 idx=5 total=13 fw_us=1094248345 len=247

2026-08-17 23:21:41,392 INFO image_rx_daemon: frag_arrival: seq=90 idx=6 total=13 fw_us=1094365344 len=247

2026-08-17 23:21:41,510 INFO image_rx_daemon: frag_arrival: seq=90 idx=7 total=13 fw_us=1094482422 len=247

2026-08-17 23:21:41,620 INFO image_rx_daemon: frag_arrival: seq=90 idx=8 total=13 fw_us=1094599448 len=247

2026-08-17 23:21:41,739 INFO image_rx_daemon: frag_arrival: seq=90 idx=9 total=13 fw_us=1094716481 len=247

2026-08-17 23:21:41,859 INFO image_rx_daemon: frag_arrival: seq=90 idx=10 total=13 fw_us=1094833599 len=247

2026-08-17 23:21:41,979 INFO image_rx_daemon: frag_arrival: seq=90 idx=11 total=13 fw_us=1094950622 len=247

2026-08-17 23:21:41,980 INFO image_rx_daemon: frag_arrival: seq=90 idx=12 total=13 fw_us=1094968834 len=11

2026-08-17 23:21:41,982 INFO image_rx_daemon: published frame_id=0 2923 B → lifetrac/v25/video/tile_delta

2026-08-17 23:21:42,164 INFO image_rx_daemon: frag_arrival: seq=93 idx=0 total=13 fw_us=1095144050 len=247

2026-08-17 23:21:42,286 INFO image_rx_daemon: frag_arrival: seq=93 idx=1 total=13 fw_us=1095261028 len=247

2026-08-17 23:21:42,404 INFO image_rx_daemon: frag_arrival: seq=93 idx=2 total=13 fw_us=1095378139 len=247

2026-08-17 23:21:42,527 INFO image_rx_daemon: frag_arrival: seq=93 idx=3 total=13 fw_us=1095495182 len=247

2026-08-17 23:21:42,635 INFO image_rx_daemon: frag_arrival: seq=93 idx=4 total=13 fw_us=1095612258 len=247

2026-08-17 23:21:42,755 INFO image_rx_daemon: frag_arrival: seq=93 idx=5 total=13 fw_us=1095729219 len=247

2026-08-17 23:21:42,879 INFO image_rx_daemon: frag_arrival: seq=93 idx=6 total=13 fw_us=1095846246 len=247

2026-08-17 23:21:42,986 INFO image_rx_daemon: frag_arrival: seq=93 idx=7 total=13 fw_us=1095963271 len=247

2026-08-17 23:21:43,104 INFO image_rx_daemon: frag_arrival: seq=93 idx=8 total=13 fw_us=1096080301 len=247

2026-08-17 23:21:43,227 INFO image_rx_daemon: frag_arrival: seq=93 idx=9 total=13 fw_us=1096197284 len=247

2026-08-17 23:21:43,333 INFO image_rx_daemon: frag_arrival: seq=93 idx=10 total=13 fw_us=1096314288 len=247

2026-08-17 23:21:43,452 INFO image_rx_daemon: frag_arrival: seq=93 idx=11 total=13 fw_us=1096431336 len=247

2026-08-17 23:21:43,492 INFO image_rx_daemon: frag_arrival: seq=93 idx=12 total=13 fw_us=1096475702 len=80

2026-08-17 23:21:43,495 INFO image_rx_daemon: published frame_id=0 2992 B → lifetrac/v25/video/tile_delta

2026-08-17 23:21:43,760 INFO image_rx_daemon: frag_arrival: seq=96 idx=0 total=12 fw_us=1096735414 len=247

2026-08-17 23:21:43,883 INFO image_rx_daemon: frag_arrival: seq=96 idx=1 total=12 fw_us=1096852203 len=247

2026-08-17 23:21:43,992 INFO image_rx_daemon: frag_arrival: seq=96 idx=2 total=12 fw_us=1096969470 len=247

2026-08-17 23:21:44,099 INFO image_rx_daemon: frag_arrival: seq=96 idx=3 total=12 fw_us=1097086544 len=247

2026-08-17 23:21:44,228 INFO image_rx_daemon: frag_arrival: seq=96 idx=4 total=12 fw_us=1097203398 len=247

2026-08-17 23:21:44,351 INFO image_rx_daemon: frag_arrival: seq=96 idx=5 total=12 fw_us=1097320413 len=247

2026-08-17 23:21:44,459 INFO image_rx_daemon: frag_arrival: seq=96 idx=6 total=12 fw_us=1097437394 len=247

2026-08-17 23:21:44,583 INFO image_rx_daemon: frag_arrival: seq=96 idx=7 total=12 fw_us=1097554300 len=247

2026-08-17 23:21:44,691 INFO image_rx_daemon: frag_arrival: seq=96 idx=8 total=12 fw_us=1097671393 len=247

2026-08-17 23:21:44,811 INFO image_rx_daemon: frag_arrival: seq=96 idx=9 total=12 fw_us=1097788344 len=247

2026-08-17 23:21:44,932 INFO image_rx_daemon: frag_arrival: seq=96 idx=10 total=12 fw_us=1097905456 len=247

2026-08-17 23:21:45,031 INFO image_rx_daemon: frag_arrival: seq=96 idx=11 total=12 fw_us=1098016721 len=241

2026-08-17 23:21:45,033 INFO image_rx_daemon: published frame_id=0 2910 B → lifetrac/v25/video/tile_delta

2026-08-17 23:21:45,233 INFO image_rx_daemon: frag_arrival: seq=99 idx=0 total=13 fw_us=1098209398 len=247

2026-08-17 23:21:45,352 INFO image_rx_daemon: frag_arrival: seq=99 idx=1 total=13 fw_us=1098326260 len=247

2026-08-17 23:21:45,473 INFO image_rx_daemon: frag_arrival: seq=99 idx=2 total=13 fw_us=1098443441 len=247

2026-08-17 23:21:45,587 INFO image_rx_daemon: frag_arrival: seq=99 idx=3 total=13 fw_us=1098560305 len=247

2026-08-17 23:21:45,710 INFO image_rx_daemon: frag_arrival: seq=99 idx=4 total=13 fw_us=1098677431 len=247

2026-08-17 23:21:45,821 INFO image_rx_daemon: frag_arrival: seq=99 idx=5 total=13 fw_us=1098794533 len=247

2026-08-17 23:21:45,931 INFO image_rx_daemon: frag_arrival: seq=99 idx=6 total=13 fw_us=1098911614 len=247

2026-08-17 23:21:45,957 INFO image_rx_daemon: stats: rx_frames=439 rx_decode_err=0 frames_published=24 publish_err=0 reassembler_decode_err=0 reassembler_timeouts=11 parity_recon=0

2026-08-17 23:21:45,959 INFO image_rx_daemon: air_gap: n=83 dt_med=117032us dt_p95=179190us len_med=247B cmd_tx_ok=16 cmd_tx_fail=0

2026-08-17 23:21:45,963 INFO image_rx_daemon: air_gap_hist(ms): <20:2 <40:2 <80:1 <120:70 <200:5 <400:3

2026-08-17 23:21:45,964 INFO image_rx_daemon: rx_rf: n_rssi=83 n_snr=83 rssi[min/med/max]=-71/-70/-69 snr[min/med/max]=5.0/5.0/6.0

2026-08-17 23:21:45,964 INFO image_rx_daemon: phase_telemetry: valid=83 invalid=0 pre_f8=0 last_epoch=0 last_hop=0 slot_off=[0..0]

2026-08-17 23:21:45,965 INFO image_rx_daemon: air_gap_by_class: seq: n=75 med=117.0ms | boundary: n=7 med=179.2ms | post_loss: n=1 med=234.2ms

2026-08-17 23:21:45,966 INFO image_rx_daemon: lost_frag_idx: n=2 idx0=0 (0.00% of idx0 arrivals) other=2 (2.56%) verdict=not-clustered | top 2:1 11:1

2026-08-17 23:21:46,052 INFO image_rx_daemon: frag_arrival: seq=99 idx=7 total=13 fw_us=1099028615 len=247

2026-08-17 23:21:46,175 INFO image_rx_daemon: frag_arrival: seq=99 idx=8 total=13 fw_us=1099145690 len=247

2026-08-17 23:21:46,284 INFO image_rx_daemon: frag_arrival: seq=99 idx=9 total=13 fw_us=1099262472 len=247

2026-08-17 23:21:46,403 INFO image_rx_daemon: frag_arrival: seq=99 idx=10 total=13 fw_us=1099379686 len=247

2026-08-17 23:21:46,523 INFO image_rx_daemon: frag_arrival: seq=99 idx=11 total=13 fw_us=1099496724 len=247

2026-08-17 23:21:46,552 INFO image_rx_daemon: frag_arrival: seq=99 idx=12 total=13 fw_us=1099538427 len=71

2026-08-17 23:21:46,555 INFO image_rx_daemon: published frame_id=0 2983 B → lifetrac/v25/video/tile_delta

2026-08-17 23:21:46,820 INFO image_rx_daemon: frag_arrival: seq=102 idx=0 total=12 fw_us=1099800606 len=247

2026-08-17 23:21:46,939 INFO image_rx_daemon: frag_arrival: seq=102 idx=1 total=12 fw_us=1099917431 len=247

2026-08-17 23:21:47,058 INFO image_rx_daemon: frag_arrival: seq=102 idx=2 total=12 fw_us=1100035628 len=247

2026-08-17 23:21:47,183 INFO image_rx_daemon: frag_arrival: seq=102 idx=3 total=12 fw_us=1100151702 len=247

2026-08-17 23:21:47,292 INFO image_rx_daemon: frag_arrival: seq=102 idx=4 total=12 fw_us=1100268576 len=247

2026-08-17 23:21:47,412 INFO image_rx_daemon: frag_arrival: seq=102 idx=5 total=12 fw_us=1100385805 len=247

2026-08-17 23:21:47,531 INFO image_rx_daemon: frag_arrival: seq=102 idx=6 total=12 fw_us=1100502877 len=247

2026-08-17 23:21:47,643 INFO image_rx_daemon: frag_arrival: seq=102 idx=7 total=12 fw_us=1100619685 len=247

2026-08-17 23:21:47,765 INFO image_rx_daemon: frag_arrival: seq=102 idx=8 total=12 fw_us=1100736856 len=247

2026-08-17 23:21:47,875 INFO image_rx_daemon: frag_arrival: seq=102 idx=9 total=12 fw_us=1100853690 len=247

2026-08-17 23:21:48,001 INFO image_rx_daemon: frag_arrival: seq=102 idx=10 total=12 fw_us=1100970913 len=247

2026-08-17 23:21:48,095 WARNING image_rx_daemon: crc_dump: irq=0x70 rx_len=255 snr=0.2 rssi=-67 dump=01020000000000b5f6c9281161606b7ec669f4d9b53fdf3747dc78d833658c511d23eafe2adc6fd7846c3d59618b92ae8d7812ae94253b1f89189311e63dad7edafbac1c9f70fdf340f4b0152077ef1ee6b4144398e7c042384a477f392639e19acd989d955db1a9d7a095238b93f0ae7d320a58c9fc76fcd0416241d17cfb3b197920d98e2a09fe0a678808f969c96a77a61867eb9e7bb59fb73f6ac06a292bcaa6b11b8a44b5fd336a48b5365c6b2b5373e2f914e71b83a39e1b494723b910a1d1832190d781798f53dda0f1fcbe7bfdbbfd1e4d5c655e5cbf069c340e44cdff5bd28c07385fae2f044c7c11b0986ea7031adfa0c1ae1dcd8838

2026-08-17 23:21:48,296 INFO image_rx_daemon: frag_arrival: seq=105 idx=0 total=13 fw_us=1101274691 len=247

2026-08-17 23:21:48,419 INFO image_rx_daemon: frag_arrival: seq=105 idx=1 total=13 fw_us=1101391598 len=247

2026-08-17 23:21:48,526 INFO image_rx_daemon: frag_arrival: seq=105 idx=2 total=13 fw_us=1101508763 len=247

2026-08-17 23:21:48,644 INFO image_rx_daemon: frag_arrival: seq=105 idx=3 total=13 fw_us=1101625866 len=247

2026-08-17 23:21:48,767 INFO image_rx_daemon: frag_arrival: seq=105 idx=4 total=13 fw_us=1101742859 len=247

2026-08-17 23:21:48,885 WARNING image_rx_daemon: crc_dump: irq=0x70 rx_len=255 snr=1.2 rssi=-70 dump=0107000000000030fe63050c20005fc15ca64eb42523b32808028018096400bb3325f4601ccf5ace6ced31b4a10000feeeb85377585cab7ff3d33ec37f86e7bbc132b66eef66d89ef7fb2a0e5ec93b0e8e771b3dba63ddbc34902ec75661985a02e800006f5219464668050a0054c54250c65038205c0000063004008d012a80002003bec15ac74e3425a3b228080a80180566009f3e84e14fa0719d2d000933ce380308fedf32b41644ed5bf91a25dde9c0179122b1d765e092c4e1e1c379d86e3bbf3a4f8d054253a3c0e0a0ac0e9e243a3006088732c946e608000050176d42c6524058e97c39a6801056409d318cac50438a7ef19e834d46b8

2026-08-17 23:21:49,002 INFO image_rx_daemon: frag_arrival: seq=105 idx=6 total=13 fw_us=1101977022 len=247

2026-08-17 23:21:49,120 INFO image_rx_daemon: frag_arrival: seq=105 idx=7 total=13 fw_us=1102094007 len=247

2026-08-17 23:21:49,243 INFO image_rx_daemon: frag_arrival: seq=105 idx=8 total=13 fw_us=1102211062 len=247

2026-08-17 23:21:49,352 INFO image_rx_daemon: frag_arrival: seq=105 idx=9 total=13 fw_us=1102328513 len=247

2026-08-17 23:21:49,459 INFO image_rx_daemon: frag_arrival: seq=105 idx=10 total=13 fw_us=1102445864 len=247

2026-08-17 23:21:49,586 INFO image_rx_daemon: frag_arrival: seq=105 idx=11 total=13 fw_us=1102562835 len=247

2026-08-17 23:21:49,587 INFO image_rx_daemon: frag_arrival: seq=105 idx=12 total=13 fw_us=1102586227 len=22

2026-08-17 23:21:49,791 INFO image_rx_daemon: frag_arrival: seq=108 idx=0 total=13 fw_us=1102762717 len=247

2026-08-17 23:21:49,912 INFO image_rx_daemon: frag_arrival: seq=108 idx=1 total=13 fw_us=1102879500 len=247

2026-08-17 23:21:50,018 INFO image_rx_daemon: frag_arrival: seq=108 idx=2 total=13 fw_us=1102996879 len=247

2026-08-17 23:21:50,136 INFO image_rx_daemon: frag_arrival: seq=108 idx=3 total=13 fw_us=1103113979 len=247

2026-08-17 23:21:50,255 INFO image_rx_daemon: frag_arrival: seq=108 idx=4 total=13 fw_us=1103230975 len=247

2026-08-17 23:21:50,372 INFO image_rx_daemon: frag_arrival: seq=108 idx=5 total=13 fw_us=1103348146 len=247

2026-08-17 23:21:50,495 INFO image_rx_daemon: frag_arrival: seq=108 idx=6 total=13 fw_us=1103465215 len=247

2026-08-17 23:21:50,611 INFO image_rx_daemon: frag_arrival: seq=108 idx=7 total=13 fw_us=1103582279 len=247

2026-08-17 23:21:50,723 INFO image_rx_daemon: frag_arrival: seq=108 idx=8 total=13 fw_us=1103699309 len=247

2026-08-17 23:21:50,840 INFO image_rx_daemon: frag_arrival: seq=108 idx=9 total=13 fw_us=1103816293 len=247

2026-08-17 23:21:50,959 INFO image_rx_daemon: frag_arrival: seq=108 idx=10 total=13 fw_us=1103933487 len=247

2026-08-17 23:21:51,079 INFO image_rx_daemon: frag_arrival: seq=108 idx=11 total=13 fw_us=1104050596 len=247

2026-08-17 23:21:51,081 INFO image_rx_daemon: frag_arrival: seq=108 idx=12 total=13 fw_us=1104080571 len=41

2026-08-17 23:21:51,082 INFO image_rx_daemon: published frame_id=0 2953 B → lifetrac/v25/video/tile_delta

2026-08-17 23:21:51,286 INFO image_rx_daemon: frag_arrival: seq=111 idx=0 total=13 fw_us=1104258866 len=247

2026-08-17 23:21:51,397 INFO image_rx_daemon: frag_arrival: seq=111 idx=1 total=13 fw_us=1104375819 len=247

2026-08-17 23:21:51,521 INFO image_rx_daemon: frag_arrival: seq=111 idx=2 total=13 fw_us=1104492972 len=247

2026-08-17 23:21:51,628 INFO image_rx_daemon: frag_arrival: seq=111 idx=3 total=13 fw_us=1104610009 len=247

2026-08-17 23:21:51,760 INFO image_rx_daemon: frag_arrival: seq=111 idx=4 total=13 fw_us=1104727002 len=247

2026-08-17 23:21:51,868 INFO image_rx_daemon: frag_arrival: seq=111 idx=5 total=13 fw_us=1104844122 len=247

2026-08-17 23:21:51,988 INFO image_rx_daemon: frag_arrival: seq=111 idx=6 total=13 fw_us=1104961164 len=247

2026-08-17 23:21:52,107 INFO image_rx_daemon: frag_arrival: seq=111 idx=7 total=13 fw_us=1105078325 len=247

2026-08-17 23:21:52,217 INFO image_rx_daemon: frag_arrival: seq=111 idx=8 total=13 fw_us=1105195231 len=247

2026-08-17 23:21:52,339 INFO image_rx_daemon: frag_arrival: seq=111 idx=9 total=13 fw_us=1105312323 len=247

2026-08-17 23:21:52,449 INFO image_rx_daemon: frag_arrival: seq=111 idx=10 total=13 fw_us=1105429324 len=247

2026-08-17 23:21:52,568 INFO image_rx_daemon: frag_arrival: seq=111 idx=11 total=13 fw_us=1105546368 len=247

2026-08-17 23:21:52,581 INFO image_rx_daemon: frag_arrival: seq=111 idx=12 total=13 fw_us=1105575015 len=37

2026-08-17 23:21:52,584 INFO image_rx_daemon: published frame_id=0 2949 B → lifetrac/v25/video/tile_delta

2026-08-17 23:21:52,767 INFO image_rx_daemon: frag_arrival: seq=114 idx=0 total=13 fw_us=1105752304 len=247

2026-08-17 23:21:52,883 INFO image_rx_daemon: frag_arrival: seq=114 idx=1 total=13 fw_us=1105869206 len=247

2026-08-17 23:21:53,005 INFO image_rx_daemon: frag_arrival: seq=114 idx=2 total=13 fw_us=1105986435 len=247

2026-08-17 23:21:53,124 INFO image_rx_daemon: frag_arrival: seq=114 idx=3 total=13 fw_us=1106103497 len=247

2026-08-17 23:21:53,247 INFO image_rx_daemon: frag_arrival: seq=114 idx=4 total=13 fw_us=1106220545 len=247

2026-08-17 23:21:53,367 INFO image_rx_daemon: frag_arrival: seq=114 idx=5 total=13 fw_us=1106337618 len=247

2026-08-17 23:21:53,479 INFO image_rx_daemon: frag_arrival: seq=114 idx=6 total=13 fw_us=1106455628 len=247

2026-08-17 23:21:53,599 INFO image_rx_daemon: frag_arrival: seq=114 idx=7 total=13 fw_us=1106571698 len=247

2026-08-17 23:21:53,708 INFO image_rx_daemon: frag_arrival: seq=114 idx=8 total=13 fw_us=1106688748 len=247

2026-08-17 23:21:53,829 INFO image_rx_daemon: frag_arrival: seq=114 idx=9 total=13 fw_us=1106805861 len=247

2026-08-17 23:21:53,951 INFO image_rx_daemon: frag_arrival: seq=114 idx=10 total=13 fw_us=1106922922 len=247

2026-08-17 23:21:54,059 INFO image_rx_daemon: frag_arrival: seq=114 idx=11 total=13 fw_us=1107039949 len=247

2026-08-17 23:21:54,072 INFO image_rx_daemon: frag_arrival: seq=114 idx=12 total=13 fw_us=1107069920 len=41

2026-08-17 23:21:54,075 INFO image_rx_daemon: published frame_id=0 2953 B → lifetrac/v25/video/tile_delta

2026-08-17 23:21:54,268 INFO image_rx_daemon: frag_arrival: seq=117 idx=0 total=13 fw_us=1107247584 len=247

2026-08-17 23:21:54,391 INFO image_rx_daemon: frag_arrival: seq=117 idx=1 total=13 fw_us=1107364683 len=247

2026-08-17 23:21:54,508 INFO image_rx_daemon: frag_arrival: seq=117 idx=2 total=13 fw_us=1107481722 len=247

2026-08-17 23:21:54,631 INFO image_rx_daemon: frag_arrival: seq=117 idx=3 total=13 fw_us=1107598801 len=247

2026-08-17 23:21:54,741 INFO image_rx_daemon: frag_arrival: seq=117 idx=4 total=13 fw_us=1107715938 len=247

2026-08-17 23:21:54,848 INFO image_rx_daemon: frag_arrival: seq=117 idx=5 total=13 fw_us=1107833318 len=247

2026-08-17 23:21:54,976 INFO image_rx_daemon: frag_arrival: seq=117 idx=6 total=13 fw_us=1107950263 len=247

2026-08-17 23:21:55,092 INFO image_rx_daemon: frag_arrival: seq=117 idx=7 total=13 fw_us=1108067381 len=247

2026-08-17 23:21:55,203 INFO image_rx_daemon: frag_arrival: seq=117 idx=8 total=13 fw_us=1108184346 len=247

2026-08-17 23:21:55,320 INFO image_rx_daemon: frag_arrival: seq=117 idx=9 total=13 fw_us=1108301501 len=247

2026-08-17 23:21:55,439 INFO image_rx_daemon: frag_arrival: seq=117 idx=10 total=13 fw_us=1108418561 len=247

2026-08-17 23:21:55,563 INFO image_rx_daemon: frag_arrival: seq=117 idx=11 total=13 fw_us=1108535551 len=247

2026-08-17 23:21:55,593 INFO image_rx_daemon: frag_arrival: seq=117 idx=12 total=13 fw_us=1108579901 len=79

2026-08-17 23:21:55,596 INFO image_rx_daemon: published frame_id=0 2991 B → lifetrac/v25/video/tile_delta

2026-08-17 23:21:55,864 INFO image_rx_daemon: frag_arrival: seq=123 idx=0 total=13 fw_us=1108839774 len=247

2026-08-17 23:21:55,980 INFO image_rx_daemon: stats: rx_frames=521 rx_decode_err=0 frames_published=29 publish_err=0 reassembler_decode_err=0 reassembler_timeouts=13 parity_recon=0

2026-08-17 23:21:55,982 INFO image_rx_daemon: frag_arrival: seq=123 idx=1 total=13 fw_us=1108956838 len=247

2026-08-17 23:21:55,982 INFO image_rx_daemon: air_gap: n=83 dt_med=117062us dt_p95=178295us len_med=247B cmd_tx_ok=16 cmd_tx_fail=0

2026-08-17 23:21:55,984 INFO image_rx_daemon: air_gap_hist(ms): <40:4 <80:2 <120:69 <200:4 <400:4

2026-08-17 23:21:55,985 INFO image_rx_daemon: rx_rf: n_rssi=83 n_snr=83 rssi[min/med/max]=-71/-70/-69 snr[min/med/max]=5.0/6.0/6.0

2026-08-17 23:21:55,985 INFO image_rx_daemon: phase_telemetry: valid=83 invalid=0 pre_f8=0 last_epoch=0 last_hop=0 slot_off=[0..0]

2026-08-17 23:21:55,986 INFO image_rx_daemon: air_gap_by_class: seq: n=75 med=117.0ms | boundary: n=7 med=178.3ms | post_loss: n=1 med=234.2ms

2026-08-17 23:21:55,986 INFO image_rx_daemon: lost_frag_idx: n=2 idx0=0 (0.00% of idx0 arrivals) other=2 (2.56%) verdict=not-clustered | top 11:1 5:1

2026-08-17 23:21:56,101 INFO image_rx_daemon: frag_arrival: seq=123 idx=2 total=13 fw_us=1109073916 len=247

2026-08-17 23:21:56,210 INFO image_rx_daemon: frag_arrival: seq=123 idx=3 total=13 fw_us=1109190894 len=247

2026-08-17 23:21:56,331 INFO image_rx_daemon: frag_arrival: seq=123 idx=4 total=13 fw_us=1109307964 len=247

2026-08-17 23:21:56,451 INFO image_rx_daemon: frag_arrival: seq=123 idx=5 total=13 fw_us=1109425056 len=247

2026-08-17 23:21:56,563 INFO image_rx_daemon: frag_arrival: seq=123 idx=6 total=13 fw_us=1109542064 len=247

2026-08-17 23:21:56,683 INFO image_rx_daemon: frag_arrival: seq=123 idx=7 total=13 fw_us=1109659283 len=247

2026-08-17 23:21:56,803 INFO image_rx_daemon: frag_arrival: seq=123 idx=8 total=13 fw_us=1109776204 len=247

2026-08-17 23:21:56,917 INFO image_rx_daemon: frag_arrival: seq=123 idx=9 total=13 fw_us=1109893082 len=247

2026-08-17 23:21:57,026 INFO image_rx_daemon: frag_arrival: seq=123 idx=10 total=13 fw_us=1110010351 len=247

2026-08-17 23:21:57,143 INFO image_rx_daemon: frag_arrival: seq=123 idx=11 total=13 fw_us=1110127413 len=247

2026-08-17 23:21:57,183 INFO image_rx_daemon: frag_arrival: seq=123 idx=12 total=13 fw_us=1110172763 len=81

2026-08-17 23:21:57,186 INFO image_rx_daemon: published frame_id=0 2993 B → lifetrac/v25/video/tile_delta

2026-08-17 23:21:57,449 INFO image_rx_daemon: frag_arrival: seq=124 idx=0 total=12 fw_us=1110431382 len=247

2026-08-17 23:21:57,571 INFO image_rx_daemon: frag_arrival: seq=124 idx=1 total=12 fw_us=1110548127 len=247

2026-08-17 23:21:57,690 INFO image_rx_daemon: frag_arrival: seq=124 idx=2 total=12 fw_us=1110665229 len=247

2026-08-17 23:21:57,811 INFO image_rx_daemon: frag_arrival: seq=124 idx=3 total=12 fw_us=1110782443 len=247

2026-08-17 23:21:57,919 INFO image_rx_daemon: frag_arrival: seq=124 idx=4 total=12 fw_us=1110899425 len=247

2026-08-17 23:21:58,028 INFO image_rx_daemon: frag_arrival: seq=124 idx=5 total=12 fw_us=1111016562 len=247

2026-08-17 23:21:58,156 INFO image_rx_daemon: frag_arrival: seq=124 idx=6 total=12 fw_us=1111133585 len=247

2026-08-17 23:21:58,276 INFO image_rx_daemon: frag_arrival: seq=124 idx=7 total=12 fw_us=1111250495 len=247

2026-08-17 23:21:58,389 INFO image_rx_daemon: frag_arrival: seq=124 idx=8 total=12 fw_us=1111367631 len=247

2026-08-17 23:21:58,508 INFO image_rx_daemon: frag_arrival: seq=124 idx=9 total=12 fw_us=1111484546 len=247

2026-08-17 23:21:58,631 INFO image_rx_daemon: frag_arrival: seq=124 idx=10 total=12 fw_us=1111601735 len=247

2026-08-17 23:21:58,723 WARNING image_rx_daemon: crc_dump: irq=0x70 rx_len=255 snr=-1.2 rssi=-66 dump=01020000000000c4a40082bb4ac5596be628dd7f22bb8fed9d2d62ed845acc90fdb4ceb1b6b7b615e174230fedebddd378bc0e0af7cf1f4df6d14d80ba1426c0b1fa49cb05bc0c4f3d01412c3aa09b1a1b73e347f2b544ab7c84cad586a666b54def3b6e9b180eb890aa421fafd359bd5d31c38d5506d1af525ba826b34208b56948b85c70e3dbafca59df36797dd61132bd00e49e644b773ebfb1b8792492c2fe1cf7e55841b5eb63f64354e291778966a3f33ecc550b7fc92dbba33469d7a46047bec4aa6a8717616e4dd279fb5772c1983f4fd33c854f17d9c2a8107d25efc2b5aecc7d3f6f96055bc59556f16dc5fca378260318307a1d3a93

2026-08-17 23:21:58,924 INFO image_rx_daemon: frag_arrival: seq=126 idx=0 total=12 fw_us=1111905565 len=247

2026-08-17 23:21:59,032 INFO image_rx_daemon: frag_arrival: seq=126 idx=1 total=12 fw_us=1112022397 len=247

2026-08-17 23:21:59,155 INFO image_rx_daemon: frag_arrival: seq=126 idx=2 total=12 fw_us=1112139578 len=247

2026-08-17 23:21:59,272 INFO image_rx_daemon: frag_arrival: seq=126 idx=3 total=12 fw_us=1112256544 len=247

2026-08-17 23:21:59,399 INFO image_rx_daemon: frag_arrival: seq=126 idx=4 total=12 fw_us=1112373594 len=247

2026-08-17 23:21:59,519 INFO image_rx_daemon: frag_arrival: seq=126 idx=5 total=12 fw_us=1112491628 len=247

2026-08-17 23:21:59,627 INFO image_rx_daemon: frag_arrival: seq=126 idx=6 total=12 fw_us=1112607669 len=247

2026-08-17 23:21:59,745 INFO image_rx_daemon: frag_arrival: seq=126 idx=7 total=12 fw_us=1112724509 len=247

2026-08-17 23:21:59,864 INFO image_rx_daemon: frag_arrival: seq=126 idx=8 total=12 fw_us=1112841732 len=247

2026-08-17 23:21:59,983 INFO image_rx_daemon: frag_arrival: seq=126 idx=9 total=12 fw_us=1112958559 len=247

2026-08-17 23:22:00,103 INFO image_rx_daemon: frag_arrival: seq=126 idx=10 total=12 fw_us=1113075787 len=247

2026-08-17 23:22:00,211 INFO image_rx_daemon: frag_arrival: seq=126 idx=11 total=12 fw_us=1113192922 len=246

2026-08-17 23:22:00,213 INFO image_rx_daemon: published frame_id=0 2915 B → lifetrac/v25/video/tile_delta

2026-08-17 23:22:00,393 INFO image_rx_daemon: frag_arrival: seq=129 idx=0 total=13 fw_us=1113379611 len=247

2026-08-17 23:22:00,520 INFO image_rx_daemon: frag_arrival: seq=129 idx=1 total=13 fw_us=1113496631 len=247

2026-08-17 23:22:00,639 INFO image_rx_daemon: frag_arrival: seq=129 idx=2 total=13 fw_us=1113613730 len=247

2026-08-17 23:22:00,748 INFO image_rx_daemon: frag_arrival: seq=129 idx=3 total=13 fw_us=1113730821 len=247

2026-08-17 23:22:00,867 INFO image_rx_daemon: frag_arrival: seq=129 idx=4 total=13 fw_us=1113847854 len=247

2026-08-17 23:22:00,987 INFO image_rx_daemon: frag_arrival: seq=129 idx=5 total=13 fw_us=1113965026 len=247

2026-08-17 23:22:01,104 INFO image_rx_daemon: frag_arrival: seq=129 idx=6 total=13 fw_us=1114081924 len=247

2026-08-17 23:22:01,220 INFO image_rx_daemon: frag_arrival: seq=129 idx=7 total=13 fw_us=1114199159 len=247

2026-08-17 23:22:01,343 INFO image_rx_daemon: frag_arrival: seq=129 idx=8 total=13 fw_us=1114316272 len=247

2026-08-17 23:22:01,455 INFO image_rx_daemon: frag_arrival: seq=129 idx=9 total=13 fw_us=1114433258 len=247

2026-08-17 23:22:01,575 INFO image_rx_daemon: frag_arrival: seq=129 idx=10 total=13 fw_us=1114550502 len=247

2026-08-17 23:22:01,684 INFO image_rx_daemon: frag_arrival: seq=129 idx=11 total=13 fw_us=1114667598 len=247

2026-08-17 23:22:01,723 INFO image_rx_daemon: frag_arrival: seq=129 idx=12 total=13 fw_us=1114709354 len=73

2026-08-17 23:22:01,727 INFO image_rx_daemon: published frame_id=0 2985 B → lifetrac/v25/video/tile_delta

2026-08-17 23:22:01,992 INFO image_rx_daemon: frag_arrival: seq=135 idx=0 total=13 fw_us=1114971622 len=247

2026-08-17 23:22:02,108 INFO image_rx_daemon: frag_arrival: seq=135 idx=1 total=13 fw_us=1115088744 len=247

2026-08-17 23:22:02,227 INFO image_rx_daemon: frag_arrival: seq=135 idx=2 total=13 fw_us=1115205810 len=247

2026-08-17 23:22:02,351 INFO image_rx_daemon: frag_arrival: seq=135 idx=3 total=13 fw_us=1115322977 len=247

2026-08-17 23:22:02,463 INFO image_rx_daemon: frag_arrival: seq=135 idx=4 total=13 fw_us=1115439976 len=247

2026-08-17 23:22:02,583 INFO image_rx_daemon: frag_arrival: seq=135 idx=5 total=13 fw_us=1115557023 len=247

2026-08-17 23:22:02,695 INFO image_rx_daemon: frag_arrival: seq=135 idx=6 total=13 fw_us=1115674056 len=247

2026-08-17 23:22:02,815 INFO image_rx_daemon: frag_arrival: seq=135 idx=7 total=13 fw_us=1115790955 len=247

2026-08-17 23:22:02,924 INFO image_rx_daemon: frag_arrival: seq=135 idx=8 total=13 fw_us=1115908102 len=247

2026-08-17 23:22:03,039 INFO image_rx_daemon: frag_arrival: seq=135 idx=9 total=13 fw_us=1116024974 len=247

2026-08-17 23:22:03,160 INFO image_rx_daemon: frag_arrival: seq=135 idx=10 total=13 fw_us=1116142168 len=247

2026-08-17 23:22:03,279 INFO image_rx_daemon: frag_arrival: seq=135 idx=11 total=13 fw_us=1116259115 len=247

2026-08-17 23:22:03,308 INFO image_rx_daemon: frag_arrival: seq=135 idx=12 total=13 fw_us=1116296960 len=63

2026-08-17 23:22:03,312 INFO image_rx_daemon: published frame_id=0 2975 B → lifetrac/v25/video/tile_delta

2026-08-17 23:22:03,588 INFO image_rx_daemon: frag_arrival: seq=136 idx=0 total=13 fw_us=1116563165 len=247

2026-08-17 23:22:03,707 INFO image_rx_daemon: frag_arrival: seq=136 idx=1 total=13 fw_us=1116680227 len=247

2026-08-17 23:22:03,816 INFO image_rx_daemon: frag_arrival: seq=136 idx=2 total=13 fw_us=1116797376 len=247

2026-08-17 23:22:03,936 INFO image_rx_daemon: frag_arrival: seq=136 idx=3 total=13 fw_us=1116914412 len=247

2026-08-17 23:22:04,055 INFO image_rx_daemon: frag_arrival: seq=136 idx=4 total=13 fw_us=1117031502 len=247

2026-08-17 23:22:04,179 INFO image_rx_daemon: frag_arrival: seq=136 idx=5 total=13 fw_us=1117148537 len=247

2026-08-17 23:22:04,287 INFO image_rx_daemon: frag_arrival: seq=136 idx=6 total=13 fw_us=1117265465 len=247

2026-08-17 23:22:04,407 INFO image_rx_daemon: frag_arrival: seq=136 idx=7 total=13 fw_us=1117382422 len=247

2026-08-17 23:22:04,519 INFO image_rx_daemon: frag_arrival: seq=136 idx=8 total=13 fw_us=1117499593 len=247

2026-08-17 23:22:04,636 INFO image_rx_daemon: frag_arrival: seq=136 idx=9 total=13 fw_us=1117616527 len=247

2026-08-17 23:22:04,759 INFO image_rx_daemon: frag_arrival: seq=136 idx=10 total=13 fw_us=1117733698 len=247

2026-08-17 23:22:04,868 INFO image_rx_daemon: frag_arrival: seq=136 idx=11 total=13 fw_us=1117850725 len=247

2026-08-17 23:22:04,907 INFO image_rx_daemon: frag_arrival: seq=136 idx=12 total=13 fw_us=1117892492 len=74

2026-08-17 23:22:04,911 INFO image_rx_daemon: published frame_id=0 2986 B → lifetrac/v25/video/tile_delta

2026-08-17 23:22:05,173 INFO image_rx_daemon: frag_arrival: seq=138 idx=0 total=13 fw_us=1118154690 len=247

2026-08-17 23:22:05,295 INFO image_rx_daemon: frag_arrival: seq=138 idx=1 total=13 fw_us=1118271623 len=247

2026-08-17 23:22:05,415 INFO image_rx_daemon: frag_arrival: seq=138 idx=2 total=13 fw_us=1118388712 len=247

2026-08-17 23:22:05,524 INFO image_rx_daemon: frag_arrival: seq=138 idx=3 total=13 fw_us=1118505815 len=247

2026-08-17 23:22:05,643 INFO image_rx_daemon: frag_arrival: seq=138 idx=4 total=13 fw_us=1118622718 len=247

2026-08-17 23:22:05,767 INFO image_rx_daemon: frag_arrival: seq=138 idx=5 total=13 fw_us=1118739864 len=247

2026-08-17 23:22:05,877 INFO image_rx_daemon: frag_arrival: seq=138 idx=6 total=13 fw_us=1118856929 len=247

2026-08-17 23:22:05,998 INFO image_rx_daemon: frag_arrival: seq=138 idx=7 total=13 fw_us=1118973880 len=247

2026-08-17 23:22:05,999 INFO image_rx_daemon: stats: rx_frames=602 rx_decode_err=0 frames_published=34 publish_err=0 reassembler_decode_err=0 reassembler_timeouts=14 parity_recon=0

2026-08-17 23:22:05,999 INFO image_rx_daemon: air_gap: n=81 dt_med=117065us dt_p95=258619us len_med=247B cmd_tx_ok=16 cmd_tx_fail=0

2026-08-17 23:22:06,000 INFO image_rx_daemon: air_gap_hist(ms): <40:1 <80:3 <120:71 <200:1 <400:5

2026-08-17 23:22:06,001 INFO image_rx_daemon: rx_rf: n_rssi=81 n_snr=81 rssi[min/med/max]=-71/-70/-69 snr[min/med/max]=5.0/6.0/6.0

2026-08-17 23:22:06,001 INFO image_rx_daemon: phase_telemetry: valid=81 invalid=0 pre_f8=0 last_epoch=0 last_hop=0 slot_off=[0..0]

2026-08-17 23:22:06,002 INFO image_rx_daemon: air_gap_by_class: seq: n=75 med=117.0ms | boundary: n=6 med=262.3ms

2026-08-17 23:22:06,002 INFO image_rx_daemon: lost_frag_idx: n=1 idx0=0 (0.00% of idx0 arrivals) other=1 (1.32%) verdict=not-clustered | top 11:1

2026-08-17 23:22:06,116 INFO image_rx_daemon: frag_arrival: seq=138 idx=8 total=13 fw_us=1119090976 len=247

2026-08-17 23:22:06,224 INFO image_rx_daemon: frag_arrival: seq=138 idx=9 total=13 fw_us=1119207629 len=247

2026-08-17 23:22:06,343 INFO image_rx_daemon: frag_arrival: seq=138 idx=10 total=13 fw_us=1119324885 len=247

2026-08-17 23:22:06,462 INFO image_rx_daemon: frag_arrival: seq=138 idx=11 total=13 fw_us=1119441890 len=247

2026-08-17 23:22:06,491 INFO image_rx_daemon: frag_arrival: seq=138 idx=12 total=13 fw_us=1119483609 len=73

2026-08-17 23:22:06,495 INFO image_rx_daemon: published frame_id=0 2985 B → lifetrac/v25/video/tile_delta

2026-08-17 23:22:06,763 INFO image_rx_daemon: frag_arrival: seq=142 idx=0 total=12 fw_us=1119745907 len=247

2026-08-17 23:22:06,885 INFO image_rx_daemon: frag_arrival: seq=142 idx=1 total=12 fw_us=1119862796 len=247

2026-08-17 23:22:07,004 INFO image_rx_daemon: frag_arrival: seq=142 idx=2 total=12 fw_us=1119979824 len=247

2026-08-17 23:22:07,120 INFO image_rx_daemon: frag_arrival: seq=142 idx=3 total=12 fw_us=1120096820 len=247

2026-08-17 23:22:07,229 WARNING image_rx_daemon: crc_dump: irq=0x70 rx_len=255 snr=2.5 rssi=-70 dump=01c2000000000030fe84040b023a0e89ff78bd47e3544591c61f44ecbe2b237f4b3efcbbf09c70a046d84d2eeffc5c157fbe1ea1ef868e31e1f99fcec3d60cac65ff1347783bdaed8d48ad0d8b28280000eb524946e6e400000a5745425056503820d8000000738700ad012a2000e0003ec152a14c2ba4a322240d50f018096c009d32847836c623003d003f6ebd200990f4803f4023b38abac68dd033e80f2e49c08e3b84185e54da0000feea82682280098eb50f41c24fe3bea9389e2ca76ff35b8d34252dc0f49dfd441ed4c1b33c763cbbb2d7fd1b27f7ef86387be1a8fb2ddff3b9dc3df0e47dafd045d5be90b0aef1e0bf47221d79c879d3

2026-08-17 23:22:07,349 INFO image_rx_daemon: frag_arrival: seq=142 idx=5 total=12 fw_us=1120330794 len=247

2026-08-17 23:22:07,475 INFO image_rx_daemon: frag_arrival: seq=142 idx=6 total=12 fw_us=1120447775 len=247

2026-08-17 23:22:07,585 INFO image_rx_daemon: frag_arrival: seq=142 idx=7 total=12 fw_us=1120564618 len=247

2026-08-17 23:22:07,707 INFO image_rx_daemon: frag_arrival: seq=142 idx=8 total=12 fw_us=1120681730 len=247

2026-08-17 23:22:07,827 INFO image_rx_daemon: frag_arrival: seq=142 idx=9 total=12 fw_us=1120798592 len=247

2026-08-17 23:22:07,936 INFO image_rx_daemon: frag_arrival: seq=142 idx=10 total=12 fw_us=1120915714 len=247

2026-08-17 23:22:08,022 WARNING image_rx_daemon: crc_dump: irq=0x70 rx_len=255 snr=-1.2 rssi=-66 dump=05f1bd6ce45f410bcb04d6ff2fb9741c5fa02275765abe44728c036742191618afdb5aef98d80e51ebf47c3b6215ac24db152f72011af77f5180a8c3786b152a2d4d90161781d0e7c73b8c76bf2136cb7f7981543571a570b43bb16aeba56ae4d460d2f6b5472ced39e31bd43313965e7a08e98724d395960fedaf529dc7977361abcde7cc7835393c09b6624d96df2bc37bc31b5ba36651a6fe1ae2114c4614f188dbb03f947652da1d507ebe679c7c41e84ac581b2152fd5e8db664ffad87173a449ad42c7a0668684eb361e836197aff76272d427515b0f1d63cbd5c1607c3c08f3bd70323cd0fbddccd734709d938cd367ded1d30d4820dc1f

2026-08-17 23:22:08,245 INFO image_rx_daemon: frag_arrival: seq=145 idx=0 total=12 fw_us=1121219460 len=247

2026-08-17 23:22:08,352 INFO image_rx_daemon: frag_arrival: seq=145 idx=1 total=12 fw_us=1121336363 len=247

2026-08-17 23:22:08,472 INFO image_rx_daemon: frag_arrival: seq=145 idx=2 total=12 fw_us=1121453361 len=247

2026-08-17 23:22:08,591 INFO image_rx_daemon: frag_arrival: seq=145 idx=3 total=12 fw_us=1121570518 len=247

2026-08-17 23:22:08,715 INFO image_rx_daemon: frag_arrival: seq=145 idx=4 total=12 fw_us=1121687385 len=247

2026-08-17 23:22:08,822 INFO image_rx_daemon: frag_arrival: seq=145 idx=5 total=12 fw_us=1121804598 len=247

2026-08-17 23:22:08,943 INFO image_rx_daemon: frag_arrival: seq=145 idx=6 total=12 fw_us=1121921426 len=247

2026-08-17 23:22:09,060 INFO image_rx_daemon: frag_arrival: seq=145 idx=7 total=12 fw_us=1122038751 len=247

2026-08-17 23:22:09,176 INFO image_rx_daemon: frag_arrival: seq=145 idx=8 total=12 fw_us=1122155787 len=247

2026-08-17 23:22:09,296 INFO image_rx_daemon: frag_arrival: seq=145 idx=9 total=12 fw_us=1122272687 len=247

2026-08-17 23:22:09,415 INFO image_rx_daemon: frag_arrival: seq=145 idx=10 total=12 fw_us=1122389821 len=247

2026-08-17 23:22:09,512 WARNING image_rx_daemon: crc_dump: irq=0x70 rx_len=255 snr=0.8 rssi=-67 dump=018200c002cffd11c7231d42df4154e7d6fed43ccd83f86f511a60acd370e5f3fcd314b745195b72e88568be8d2fd113376317500d7bc925e15d22251c2d5b446406a7a89cbbed52d3a45c755b0e9b8b3cbf2429c7b96b00ee73aa2b1424f1640016fb809921b99d65fab876c6d0de31698f9d360309b792270e415ee16141ac7953ab0dc7fb047723b8ac8edd366ec62c48e6f7a327bbc04bab1319c7f850aad00c18386c5ce8324f938c381dc53eb01859ceb060fcd37af9b668af015f7a8cba4e90a44b59dfca6cd20d29443503ce416fdf42ef63e2589de87bb3b4937b962636af185e7810732805d38422919e4ddac67842163ffe83684f65

2026-08-17 23:22:09,715 INFO image_rx_daemon: frag_arrival: seq=148 idx=0 total=13 fw_us=1122693584 len=247

2026-08-17 23:22:09,845 INFO image_rx_daemon: frag_arrival: seq=148 idx=1 total=13 fw_us=1122810616 len=247

2026-08-17 23:22:09,964 INFO image_rx_daemon: frag_arrival: seq=148 idx=2 total=13 fw_us=1122927515 len=247

2026-08-17 23:22:10,071 INFO image_rx_daemon: frag_arrival: seq=148 idx=3 total=13 fw_us=1123044610 len=247

2026-08-17 23:22:10,181 INFO image_rx_daemon: frag_arrival: seq=148 idx=4 total=13 fw_us=1123161929 len=247

2026-08-17 23:22:10,301 INFO image_rx_daemon: frag_arrival: seq=148 idx=5 total=13 fw_us=1123278819 len=247

2026-08-17 23:22:10,420 INFO image_rx_daemon: frag_arrival: seq=148 idx=6 total=13 fw_us=1123395767 len=247

2026-08-17 23:22:10,539 INFO image_rx_daemon: frag_arrival: seq=148 idx=7 total=13 fw_us=1123512967 len=247

2026-08-17 23:22:10,648 INFO image_rx_daemon: frag_arrival: seq=148 idx=8 total=13 fw_us=1123630055 len=247

2026-08-17 23:22:10,768 INFO image_rx_daemon: frag_arrival: seq=148 idx=9 total=13 fw_us=1123746890 len=247

2026-08-17 23:22:10,891 INFO image_rx_daemon: frag_arrival: seq=148 idx=10 total=13 fw_us=1123864119 len=247

2026-08-17 23:22:11,000 INFO image_rx_daemon: frag_arrival: seq=148 idx=11 total=13 fw_us=1123981159 len=247

2026-08-17 23:22:11,011 INFO image_rx_daemon: frag_arrival: seq=148 idx=12 total=13 fw_us=1124013747 len=47

2026-08-17 23:22:11,013 INFO image_rx_daemon: published frame_id=0 2959 B → lifetrac/v25/video/tile_delta

2026-08-17 23:22:11,228 INFO image_rx_daemon: frag_arrival: seq=151 idx=0 total=13 fw_us=1124191624 len=247

2026-08-17 23:22:11,325 INFO image_rx_daemon: frag_arrival: seq=151 idx=1 total=13 fw_us=1124308585 len=247

2026-08-17 23:22:11,444 INFO image_rx_daemon: frag_arrival: seq=151 idx=2 total=13 fw_us=1124425617 len=247

2026-08-17 23:22:11,563 INFO image_rx_daemon: frag_arrival: seq=151 idx=3 total=13 fw_us=1124542863 len=247

2026-08-17 23:22:11,684 INFO image_rx_daemon: frag_arrival: seq=151 idx=4 total=13 fw_us=1124659982 len=247

2026-08-17 23:22:11,803 INFO image_rx_daemon: frag_arrival: seq=151 idx=5 total=13 fw_us=1124777031 len=247

2026-08-17 23:22:11,913 INFO image_rx_daemon: frag_arrival: seq=151 idx=6 total=13 fw_us=1124894129 len=247

2026-08-17 23:22:12,020 INFO image_rx_daemon: frag_arrival: seq=151 idx=7 total=13 fw_us=1125011284 len=247

2026-08-17 23:22:12,148 INFO image_rx_daemon: frag_arrival: seq=151 idx=8 total=13 fw_us=1125128164 len=247

2026-08-17 23:22:12,271 INFO image_rx_daemon: frag_arrival: seq=151 idx=9 total=13 fw_us=1125245182 len=247

2026-08-17 23:22:12,381 INFO image_rx_daemon: frag_arrival: seq=151 idx=10 total=13 fw_us=1125362410 len=247

2026-08-17 23:22:12,503 INFO image_rx_daemon: frag_arrival: seq=151 idx=11 total=13 fw_us=1125479399 len=247

2026-08-17 23:22:12,517 INFO image_rx_daemon: frag_arrival: seq=151 idx=12 total=13 fw_us=1125508075 len=39

2026-08-17 23:22:12,520 INFO image_rx_daemon: published frame_id=0 2951 B → lifetrac/v25/video/tile_delta

2026-08-17 23:22:12,713 INFO image_rx_daemon: frag_arrival: seq=154 idx=0 total=13 fw_us=1125685265 len=247

2026-08-17 23:22:12,821 INFO image_rx_daemon: frag_arrival: seq=154 idx=1 total=13 fw_us=1125802263 len=247

2026-08-17 23:22:12,938 INFO image_rx_daemon: frag_arrival: seq=154 idx=2 total=13 fw_us=1125919381 len=247

2026-08-17 23:22:13,063 INFO image_rx_daemon: frag_arrival: seq=154 idx=3 total=13 fw_us=1126036437 len=247

2026-08-17 23:22:13,184 INFO image_rx_daemon: frag_arrival: seq=154 idx=4 total=13 fw_us=1126153421 len=247

2026-08-17 23:22:13,295 INFO image_rx_daemon: frag_arrival: seq=154 idx=5 total=13 fw_us=1126270367 len=247

2026-08-17 23:22:13,404 INFO image_rx_daemon: frag_arrival: seq=154 idx=6 total=13 fw_us=1126387345 len=247

2026-08-17 23:22:13,524 INFO image_rx_daemon: frag_arrival: seq=154 idx=7 total=13 fw_us=1126504353 len=247

2026-08-17 23:22:13,643 INFO image_rx_daemon: frag_arrival: seq=154 idx=8 total=13 fw_us=1126621189 len=247

2026-08-17 23:22:13,764 INFO image_rx_daemon: frag_arrival: seq=154 idx=9 total=13 fw_us=1126738315 len=247

2026-08-17 23:22:13,875 INFO image_rx_daemon: frag_arrival: seq=154 idx=10 total=13 fw_us=1126855358 len=247

2026-08-17 23:22:13,992 INFO image_rx_daemon: frag_arrival: seq=154 idx=11 total=13 fw_us=1126972321 len=247

2026-08-17 23:22:13,993 INFO image_rx_daemon: frag_arrival: seq=154 idx=12 total=13 fw_us=1126990536 len=11

2026-08-17 23:22:13,994 INFO image_rx_daemon: published frame_id=0 2923 B → lifetrac/v25/video/tile_delta

2026-08-17 23:22:14,187 INFO image_rx_daemon: frag_arrival: seq=157 idx=0 total=13 fw_us=1127166250 len=247

2026-08-17 23:22:14,304 INFO image_rx_daemon: frag_arrival: seq=157 idx=1 total=13 fw_us=1127283102 len=247

2026-08-17 23:22:14,427 INFO image_rx_daemon: frag_arrival: seq=157 idx=2 total=13 fw_us=1127400395 len=247

2026-08-17 23:22:14,534 INFO image_rx_daemon: frag_arrival: seq=157 idx=3 total=13 fw_us=1127517459 len=247

2026-08-17 23:22:14,656 INFO image_rx_daemon: frag_arrival: seq=157 idx=4 total=13 fw_us=1127634456 len=247

2026-08-17 23:22:14,779 INFO image_rx_daemon: frag_arrival: seq=157 idx=5 total=13 fw_us=1127751530 len=247

2026-08-17 23:22:14,891 INFO image_rx_daemon: frag_arrival: seq=157 idx=6 total=13 fw_us=1127868541 len=247

2026-08-17 23:22:15,007 INFO image_rx_daemon: frag_arrival: seq=157 idx=7 total=13 fw_us=1127985552 len=247

2026-08-17 23:22:15,127 INFO image_rx_daemon: frag_arrival: seq=157 idx=8 total=13 fw_us=1128102433 len=247

2026-08-17 23:22:15,239 INFO image_rx_daemon: frag_arrival: seq=157 idx=9 total=13 fw_us=1128219513 len=247

2026-08-17 23:22:15,356 INFO image_rx_daemon: frag_arrival: seq=157 idx=10 total=13 fw_us=1128336594 len=247

2026-08-17 23:22:15,475 INFO image_rx_daemon: frag_arrival: seq=157 idx=11 total=13 fw_us=1128453675 len=247

2026-08-17 23:22:15,505 INFO image_rx_daemon: frag_arrival: seq=157 idx=12 total=13 fw_us=1128498049 len=80

2026-08-17 23:22:15,509 INFO image_rx_daemon: published frame_id=0 2992 B → lifetrac/v25/video/tile_delta

2026-08-17 23:22:15,787 INFO image_rx_daemon: frag_arrival: seq=160 idx=0 total=12 fw_us=1128757609 len=247

2026-08-17 23:22:15,896 INFO image_rx_daemon: frag_arrival: seq=160 idx=1 total=12 fw_us=1128874762 len=247

2026-08-17 23:22:16,005 INFO image_rx_daemon: frag_arrival: seq=160 idx=2 total=12 fw_us=1128991738 len=247

2026-08-17 23:22:16,008 INFO image_rx_daemon: stats: rx_frames=684 rx_decode_err=0 frames_published=39 publish_err=0 reassembler_decode_err=0 reassembler_timeouts=16 parity_recon=0

2026-08-17 23:22:16,009 INFO image_rx_daemon: air_gap: n=81 dt_med=117032us dt_p95=233974us len_med=247B cmd_tx_ok=16 cmd_tx_fail=0

2026-08-17 23:22:16,010 INFO image_rx_daemon: air_gap_hist(ms): <20:1 <40:2 <80:2 <120:68 <200:3 <400:5

2026-08-17 23:22:16,011 INFO image_rx_daemon: rx_rf: n_rssi=81 n_snr=81 rssi[min/med/max]=-70/-70/-69 snr[min/med/max]=5.0/6.0/6.0

2026-08-17 23:22:16,011 INFO image_rx_daemon: phase_telemetry: valid=81 invalid=0 pre_f8=0 last_epoch=0 last_hop=0 slot_off=[0..0]

2026-08-17 23:22:16,012 INFO image_rx_daemon: air_gap_by_class: seq: n=73 med=117.0ms | boundary: n=7 med=259.6ms | post_loss: n=1 med=234.0ms

2026-08-17 23:22:16,012 INFO image_rx_daemon: lost_frag_idx: n=3 idx0=0 (0.00% of idx0 arrivals) other=3 (3.90%) verdict=not-clustered | top 11:2 4:1

2026-08-17 23:22:16,130 INFO image_rx_daemon: frag_arrival: seq=160 idx=3 total=12 fw_us=1129108754 len=247

2026-08-17 23:22:16,245 INFO image_rx_daemon: frag_arrival: seq=160 idx=4 total=12 fw_us=1129225813 len=247

2026-08-17 23:22:16,363 INFO image_rx_daemon: frag_arrival: seq=160 idx=5 total=12 fw_us=1129342919 len=247

2026-08-17 23:22:16,487 INFO image_rx_daemon: frag_arrival: seq=160 idx=6 total=12 fw_us=1129459934 len=247

2026-08-17 23:22:16,599 INFO image_rx_daemon: frag_arrival: seq=160 idx=7 total=12 fw_us=1129576889 len=247

2026-08-17 23:22:16,723 INFO image_rx_daemon: frag_arrival: seq=160 idx=8 total=12 fw_us=1129694053 len=247

2026-08-17 23:22:16,832 INFO image_rx_daemon: frag_arrival: seq=160 idx=9 total=12 fw_us=1129810963 len=247

2026-08-17 23:22:16,955 INFO image_rx_daemon: frag_arrival: seq=160 idx=10 total=12 fw_us=1129928108 len=247

2026-08-17 23:22:17,063 INFO image_rx_daemon: frag_arrival: seq=160 idx=11 total=12 fw_us=1130039421 len=241

2026-08-17 23:22:17,065 INFO image_rx_daemon: published frame_id=0 2910 B → lifetrac/v25/video/tile_delta

2026-08-17 23:22:17,259 INFO image_rx_daemon: frag_arrival: seq=163 idx=0 total=13 fw_us=1130232101 len=247

2026-08-17 23:22:17,488 INFO image_rx_daemon: frag_arrival: seq=163 idx=2 total=13 fw_us=1130466153 len=247

2026-08-17 23:22:17,608 INFO image_rx_daemon: frag_arrival: seq=163 idx=3 total=13 fw_us=1130583239 len=247

2026-08-17 23:22:17,727 INFO image_rx_daemon: frag_arrival: seq=163 idx=4 total=13 fw_us=1130700234 len=247

2026-08-17 23:22:17,836 INFO image_rx_daemon: frag_arrival: seq=163 idx=5 total=13 fw_us=1130817340 len=247

2026-08-17 23:22:17,955 INFO image_rx_daemon: frag_arrival: seq=163 idx=6 total=13 fw_us=1130934423 len=247

2026-08-17 23:22:18,079 INFO image_rx_daemon: frag_arrival: seq=163 idx=7 total=13 fw_us=1131051432 len=247

2026-08-17 23:22:18,188 INFO image_rx_daemon: frag_arrival: seq=163 idx=8 total=13 fw_us=1131168469 len=247

2026-08-17 23:22:18,304 INFO image_rx_daemon: frag_arrival: seq=163 idx=9 total=13 fw_us=1131285358 len=247

2026-08-17 23:22:18,427 INFO image_rx_daemon: frag_arrival: seq=163 idx=10 total=13 fw_us=1131402611 len=247

2026-08-17 23:22:18,544 INFO image_rx_daemon: frag_arrival: seq=163 idx=11 total=13 fw_us=1131519670 len=247

2026-08-17 23:22:18,573 INFO image_rx_daemon: frag_arrival: seq=163 idx=12 total=13 fw_us=1131561372 len=71

2026-08-17 23:22:18,843 INFO image_rx_daemon: frag_arrival: seq=166 idx=0 total=12 fw_us=1131823543 len=247

2026-08-17 23:22:18,967 INFO image_rx_daemon: frag_arrival: seq=166 idx=1 total=12 fw_us=1131940689 len=247

2026-08-17 23:22:19,079 INFO image_rx_daemon: frag_arrival: seq=166 idx=2 total=12 fw_us=1132057619 len=247

2026-08-17 23:22:19,197 INFO image_rx_daemon: frag_arrival: seq=166 idx=3 total=12 fw_us=1132174631 len=247

2026-08-17 23:22:19,314 INFO image_rx_daemon: frag_arrival: seq=166 idx=4 total=12 fw_us=1132291687 len=247

2026-08-17 23:22:19,439 INFO image_rx_daemon: frag_arrival: seq=166 idx=5 total=12 fw_us=1132408824 len=247

2026-08-17 23:22:19,545 INFO image_rx_daemon: frag_arrival: seq=166 idx=6 total=12 fw_us=1132525863 len=247

2026-08-17 23:22:19,664 INFO image_rx_daemon: frag_arrival: seq=166 idx=7 total=12 fw_us=1132642740 len=247

2026-08-17 23:22:19,787 INFO image_rx_daemon: frag_arrival: seq=166 idx=8 total=12 fw_us=1132759954 len=247

2026-08-17 23:22:19,895 INFO image_rx_daemon: frag_arrival: seq=166 idx=9 total=12 fw_us=1132876837 len=247

2026-08-17 23:22:20,005 INFO image_rx_daemon: frag_arrival: seq=166 idx=10 total=12 fw_us=1132994134 len=247

2026-08-17 23:22:20,112 WARNING image_rx_daemon: crc_dump: irq=0x70 rx_len=255 snr=-0.8 rssi=-66 dump=01020000000000735c2b1a1bb764c0c07322bea0338bea699d2ec7dc84304c20dc73ee46709eb6f6fd181ff53f71e1834c094d6d2211b7f9c88e9bf3ba9a06c14c9ababf78d7fc662488da2d0715334a38f3a901f15122ead8d5a3d89d5889b12d01a042d7ded76a32dda3fbe6f9d4a163c72f4c9241b084eccf526ecb4b5aaf446ce0440a06c8f4f2ca47c9c5fb8fe0e046857d468c125885b039e59f73d22209de4e95654ebcfb62b0576f21e5f389a51e9d4a3de62a56c782f865ebc2f1821dde289fcd4c3cf1ce6e03977f5fa84cc03fa48a2cc0270eb8a0a4bc8d54796cda633a954711f887aa8a66367a7ce9b2692b49c2a3f4b1759d3e55

2026-08-17 23:22:20,324 INFO image_rx_daemon: frag_arrival: seq=169 idx=0 total=13 fw_us=1133297987 len=247

2026-08-17 23:22:20,432 INFO image_rx_daemon: frag_arrival: seq=169 idx=1 total=13 fw_us=1133414990 len=247

2026-08-17 23:22:20,553 INFO image_rx_daemon: frag_arrival: seq=169 idx=2 total=13 fw_us=1133532103 len=247

2026-08-17 23:22:20,672 INFO image_rx_daemon: frag_arrival: seq=169 idx=3 total=13 fw_us=1133649210 len=247

2026-08-17 23:22:20,788 INFO image_rx_daemon: frag_arrival: seq=169 idx=4 total=13 fw_us=1133766177 len=247

2026-08-17 23:22:20,908 INFO image_rx_daemon: frag_arrival: seq=169 idx=5 total=13 fw_us=1133883226 len=247

2026-08-17 23:22:21,006 INFO image_rx_daemon: frag_arrival: seq=169 idx=6 total=13 fw_us=1134000183 len=247

2026-08-17 23:22:21,135 INFO image_rx_daemon: frag_arrival: seq=169 idx=7 total=13 fw_us=1134117069 len=247

2026-08-17 23:22:21,255 INFO image_rx_daemon: frag_arrival: seq=169 idx=8 total=13 fw_us=1134234208 len=247

2026-08-17 23:22:21,377 WARNING image_rx_daemon: crc_dump: irq=0x70 rx_len=255 snr=2.8 rssi=-70 dump=01c2000000060000fea3090ca03c3218cd63519a77d174a3772c5907c58b5bbb8ed0c3e31552e075aa4a3edc13c715e0a7a0a5800000675249464e6800000057454650565038205c000000500400fd012a200028003ec15aa74e342523b22808028028096c009d32deb857ba0042002a7b5ce2d0c0c000feea1b8e866dd0566c87fed255fcb6764f48ef5d7f05ce36cd6d0aab34689b17eaa3a4ca12a80fba9e9f2696184200005e524946465b00000057454230565038244c005000d0220095112a200010c02e9960b0583327a3a79300904b2504e8544263cb0000fdb1d0e4f58bb2ebd79f5e82e62feaefcedfa9e776eadd59056d671f3a0e1a

2026-08-17 23:22:21,493 INFO image_rx_daemon: frag_arrival: seq=169 idx=10 total=13 fw_us=1134468309 len=247

2026-08-17 23:22:21,601 INFO image_rx_daemon: frag_arrival: seq=169 idx=11 total=13 fw_us=1134585339 len=247

2026-08-17 23:22:21,614 INFO image_rx_daemon: frag_arrival: seq=169 idx=12 total=13 fw_us=1134608748 len=22

2026-08-17 23:22:21,807 INFO image_rx_daemon: frag_arrival: seq=172 idx=0 total=13 fw_us=1134785207 len=247

2026-08-17 23:22:21,927 INFO image_rx_daemon: frag_arrival: seq=172 idx=1 total=13 fw_us=1134902207 len=247

2026-08-17 23:22:22,024 INFO image_rx_daemon: frag_arrival: seq=172 idx=2 total=13 fw_us=1135019293 len=247

2026-08-17 23:22:22,155 INFO image_rx_daemon: frag_arrival: seq=172 idx=3 total=13 fw_us=1135136361 len=247

2026-08-17 23:22:22,275 INFO image_rx_daemon: frag_arrival: seq=172 idx=4 total=13 fw_us=1135253189 len=247

2026-08-17 23:22:22,392 INFO image_rx_daemon: frag_arrival: seq=172 idx=5 total=13 fw_us=1135370262 len=247

2026-08-17 23:22:22,512 INFO image_rx_daemon: frag_arrival: seq=172 idx=6 total=13 fw_us=1135487292 len=247

2026-08-17 23:22:22,635 INFO image_rx_daemon: frag_arrival: seq=172 idx=7 total=13 fw_us=1135604287 len=247

2026-08-17 23:22:22,744 INFO image_rx_daemon: frag_arrival: seq=172 idx=8 total=13 fw_us=1135721239 len=247

2026-08-17 23:22:22,863 INFO image_rx_daemon: frag_arrival: seq=172 idx=9 total=13 fw_us=1135838123 len=247

2026-08-17 23:22:22,971 INFO image_rx_daemon: frag_arrival: seq=172 idx=10 total=13 fw_us=1135955322 len=247

2026-08-17 23:22:23,091 INFO image_rx_daemon: frag_arrival: seq=172 idx=11 total=13 fw_us=1136072328 len=247

2026-08-17 23:22:23,105 INFO image_rx_daemon: frag_arrival: seq=172 idx=12 total=13 fw_us=1136102299 len=41

2026-08-17 23:22:23,108 INFO image_rx_daemon: published frame_id=0 2953 B → lifetrac/v25/video/tile_delta

2026-08-17 23:22:23,300 INFO image_rx_daemon: frag_arrival: seq=175 idx=0 total=13 fw_us=1136280190 len=247

2026-08-17 23:22:23,420 INFO image_rx_daemon: frag_arrival: seq=175 idx=1 total=13 fw_us=1136396845 len=247

2026-08-17 23:22:23,539 INFO image_rx_daemon: frag_arrival: seq=175 idx=2 total=13 fw_us=1136514199 len=247

2026-08-17 23:22:23,648 INFO image_rx_daemon: frag_arrival: seq=175 idx=3 total=13 fw_us=1136631286 len=247

2026-08-17 23:22:23,767 INFO image_rx_daemon: frag_arrival: seq=175 idx=4 total=13 fw_us=1136748314 len=247

2026-08-17 23:22:23,896 INFO image_rx_daemon: frag_arrival: seq=175 idx=5 total=13 fw_us=1136865328 len=247

2026-08-17 23:22:24,014 INFO image_rx_daemon: frag_arrival: seq=175 idx=6 total=13 fw_us=1136982324 len=247

2026-08-17 23:22:24,127 INFO image_rx_daemon: frag_arrival: seq=175 idx=7 total=13 fw_us=1137099379 len=247

2026-08-17 23:22:24,171 WARNING image_rx_daemon: crc_dump: irq=0x70 rx_len=143 snr=2.8 rssi=-67 dump=a4ae99e1078ad53504e3a44ee5fe5bc88735e018ea7559e85b3ba58fb95d8cc6ef36fd5876a7d5345f668698e8e80f2bb3ce2486895be19cff2242c1274ccb7104c5e1aa6fb19a2627112215fbd7c9e856c28e22ce94621e2ff7f146d94d355d6691f5c44dd1b7dab87b0efec038b89672d2bd2b99448b65239873c5da7db2bbc4ecb87753dcfff8e0cd3a48f27f0d

2026-08-17 23:22:24,352 INFO image_rx_daemon: frag_arrival: seq=175 idx=9 total=13 fw_us=1137333429 len=247

2026-08-17 23:22:24,471 INFO image_rx_daemon: frag_arrival: seq=175 idx=10 total=13 fw_us=1137450421 len=247

2026-08-17 23:22:24,594 INFO image_rx_daemon: frag_arrival: seq=175 idx=11 total=13 fw_us=1137567409 len=247

2026-08-17 23:22:24,595 INFO image_rx_daemon: frag_arrival: seq=175 idx=12 total=13 fw_us=1137596070 len=37

2026-08-17 23:22:24,799 INFO image_rx_daemon: frag_arrival: seq=178 idx=0 total=13 fw_us=1137773537 len=247

2026-08-17 23:22:24,908 INFO image_rx_daemon: frag_arrival: seq=178 idx=1 total=13 fw_us=1137890436 len=247

2026-08-17 23:22:25,015 INFO image_rx_daemon: frag_arrival: seq=178 idx=2 total=13 fw_us=1138007568 len=247

2026-08-17 23:22:25,143 INFO image_rx_daemon: frag_arrival: seq=178 idx=3 total=13 fw_us=1138124609 len=247

2026-08-17 23:22:25,263 INFO image_rx_daemon: frag_arrival: seq=178 idx=4 total=13 fw_us=1138241548 len=247

2026-08-17 23:22:25,383 INFO image_rx_daemon: frag_arrival: seq=178 idx=5 total=13 fw_us=1138358606 len=247

2026-08-17 23:22:25,507 INFO image_rx_daemon: frag_arrival: seq=178 idx=6 total=13 fw_us=1138475630 len=247

2026-08-17 23:22:25,616 INFO image_rx_daemon: frag_arrival: seq=178 idx=7 total=13 fw_us=1138592567 len=247

2026-08-17 23:22:25,739 INFO image_rx_daemon: frag_arrival: seq=178 idx=8 total=13 fw_us=1138709598 len=247

2026-08-17 23:22:25,847 WARNING image_rx_daemon: crc_dump: irq=0x70 rx_len=255 snr=3.2 rssi=-70 dump=01c20000000000003eb2090c6401e800440017e3939e044363e1cb775b6002fed3520be047a081d9a36fc3457472b5b687cf4384a885bed403a6e12bc292bd9a7d2490165f86ceffea0dfe0ea20f6b14323f8dd5937635a84484d92482f5a84784ae0ec16cee1afd44e6c05e44b83ded1cd1461543411199b25f3a2539ce03525fa500006d52494646660a000057454250665038e05a000300b003009d012a200020003ec15ca64eb42723b328080280180964009d0417fe0a72ad22450c8c00fee466fcef552d1087f925df879aca231b3331f4eea1fd6cfab668f4dd4bb1fd64588d3759c04a8d7ba1a823b0cc2d129000002d52494646660000

2026-08-17 23:22:25,967 INFO image_rx_daemon: frag_arrival: seq=178 idx=10 total=13 fw_us=1138943693 len=247

2026-08-17 23:22:26,016 INFO image_rx_daemon: stats: rx_frames=763 rx_decode_err=0 frames_published=41 publish_err=0 reassembler_decode_err=0 reassembler_timeouts=19 parity_recon=0

2026-08-17 23:22:26,017 INFO image_rx_daemon: air_gap: n=79 dt_med=117037us dt_p95=234095us len_med=247B cmd_tx_ok=16 cmd_tx_fail=0

2026-08-17 23:22:26,017 INFO image_rx_daemon: air_gap_hist(ms): <40:3 <80:1 <120:65 <200:4 <400:6

2026-08-17 23:22:26,018 INFO image_rx_daemon: rx_rf: n_rssi=79 n_snr=79 rssi[min/med/max]=-71/-70/-69 snr[min/med/max]=5.0/6.0/7.0

2026-08-17 23:22:26,018 INFO image_rx_daemon: phase_telemetry: valid=79 invalid=0 pre_f8=0 last_epoch=0 last_hop=0 slot_off=[0..0]

2026-08-17 23:22:26,019 INFO image_rx_daemon: air_gap_by_class: seq: n=69 med=117.0ms | boundary: n=6 med=192.7ms | post_loss: n=4 med=234.1ms

2026-08-17 23:22:26,019 INFO image_rx_daemon: lost_frag_idx: n=5 idx0=0 (0.00% of idx0 arrivals) other=5 (6.41%) verdict=not-clustered | top 9:2 1:1 11:1 8:1

2026-08-17 23:22:26,087 INFO image_rx_daemon: frag_arrival: seq=178 idx=11 total=13 fw_us=1139060674 len=247

2026-08-17 23:22:26,089 INFO image_rx_daemon: frag_arrival: seq=178 idx=12 total=13 fw_us=1139090626 len=41

2026-08-17 23:22:26,292 INFO image_rx_daemon: frag_arrival: seq=181 idx=0 total=13 fw_us=1139268408 len=247

2026-08-17 23:22:26,415 INFO image_rx_daemon: frag_arrival: seq=181 idx=1 total=13 fw_us=1139385402 len=247

2026-08-17 23:22:26,521 INFO image_rx_daemon: frag_arrival: seq=181 idx=2 total=13 fw_us=1139502485 len=247

2026-08-17 23:22:26,643 INFO image_rx_daemon: frag_arrival: seq=181 idx=3 total=13 fw_us=1139619571 len=247

2026-08-17 23:22:26,763 INFO image_rx_daemon: frag_arrival: seq=181 idx=4 total=13 fw_us=1139736554 len=247

2026-08-17 23:22:26,875 INFO image_rx_daemon: frag_arrival: seq=181 idx=5 total=13 fw_us=1139853554 len=247

2026-08-17 23:22:26,995 INFO image_rx_daemon: frag_arrival: seq=181 idx=6 total=13 fw_us=1139970574 len=247

2026-08-17 23:22:27,111 INFO image_rx_daemon: frag_arrival: seq=181 idx=7 total=13 fw_us=1140087627 len=247

2026-08-17 23:22:27,222 INFO image_rx_daemon: frag_arrival: seq=181 idx=8 total=13 fw_us=1140204500 len=247

2026-08-17 23:22:27,340 INFO image_rx_daemon: frag_arrival: seq=181 idx=9 total=13 fw_us=1140321431 len=247

2026-08-17 23:22:27,460 INFO image_rx_daemon: frag_arrival: seq=181 idx=10 total=13 fw_us=1140438620 len=247

2026-08-17 23:22:27,583 INFO image_rx_daemon: frag_arrival: seq=181 idx=11 total=13 fw_us=1140555619 len=247

2026-08-17 23:22:27,612 INFO image_rx_daemon: frag_arrival: seq=181 idx=12 total=13 fw_us=1140599949 len=79

2026-08-17 23:22:27,618 INFO image_rx_daemon: published frame_id=0 2991 B → lifetrac/v25/video/tile_delta

2026-08-17 23:22:27,884 INFO image_rx_daemon: frag_arrival: seq=187 idx=0 total=13 fw_us=1140859500 len=247

2026-08-17 23:22:27,998 INFO image_rx_daemon: frag_arrival: seq=187 idx=1 total=13 fw_us=1140976302 len=247

2026-08-17 23:22:28,116 INFO image_rx_daemon: frag_arrival: seq=187 idx=2 total=13 fw_us=1141093508 len=247

2026-08-17 23:22:28,239 INFO image_rx_daemon: frag_arrival: seq=187 idx=3 total=13 fw_us=1141210583 len=247

2026-08-17 23:22:28,335 INFO image_rx_daemon: frag_arrival: seq=187 idx=4 total=13 fw_us=1141327611 len=247

2026-08-17 23:22:28,464 INFO image_rx_daemon: frag_arrival: seq=187 idx=5 total=13 fw_us=1141444703 len=247

2026-08-17 23:22:28,587 INFO image_rx_daemon: frag_arrival: seq=187 idx=6 total=13 fw_us=1141561631 len=247

2026-08-17 23:22:28,820 INFO image_rx_daemon: frag_arrival: seq=187 idx=8 total=13 fw_us=1141795694 len=247

2026-08-17 23:22:28,939 INFO image_rx_daemon: frag_arrival: seq=187 idx=9 total=13 fw_us=1141912559 len=247

2026-08-17 23:22:29,057 INFO image_rx_daemon: frag_arrival: seq=187 idx=10 total=13 fw_us=1142029804 len=247

2026-08-17 23:22:29,155 INFO image_rx_daemon: frag_arrival: seq=187 idx=11 total=13 fw_us=1142146815 len=247

2026-08-17 23:22:29,207 INFO image_rx_daemon: frag_arrival: seq=187 idx=12 total=13 fw_us=1142191206 len=81

2026-08-17 23:22:29,475 INFO image_rx_daemon: frag_arrival: seq=188 idx=0 total=12 fw_us=1142450962 len=247

2026-08-17 23:22:29,595 INFO image_rx_daemon: frag_arrival: seq=188 idx=1 total=12 fw_us=1142567715 len=247

2026-08-17 23:22:29,707 INFO image_rx_daemon: frag_arrival: seq=188 idx=2 total=12 fw_us=1142684922 len=247

2026-08-17 23:22:29,827 INFO image_rx_daemon: frag_arrival: seq=188 idx=3 total=12 fw_us=1142802023 len=247

2026-08-17 23:22:29,937 INFO image_rx_daemon: frag_arrival: seq=188 idx=4 total=12 fw_us=1142919047 len=247

2026-08-17 23:22:30,049 INFO image_rx_daemon: frag_arrival: seq=188 idx=5 total=12 fw_us=1143036111 len=247

2026-08-17 23:22:30,183 INFO image_rx_daemon: frag_arrival: seq=188 idx=6 total=12 fw_us=1143153213 len=247

2026-08-17 23:22:30,292 INFO image_rx_daemon: frag_arrival: seq=188 idx=7 total=12 fw_us=1143270080 len=247

2026-08-17 23:22:30,408 INFO image_rx_daemon: frag_arrival: seq=188 idx=8 total=12 fw_us=1143387258 len=247

2026-08-17 23:22:30,528 INFO image_rx_daemon: frag_arrival: seq=188 idx=9 total=12 fw_us=1143504143 len=247

2026-08-17 23:22:30,640 INFO image_rx_daemon: frag_arrival: seq=188 idx=10 total=12 fw_us=1143621356 len=247

2026-08-17 23:22:30,737 WARNING image_rx_daemon: crc_dump: irq=0x70 rx_len=255 snr=0.2 rssi=-66 dump=010200000000009ee221d6ad497630e99c6ef4899f0f7ebb478c94f00203c5697ed62bc848546fdcc2e60d4f8c673a43440d84acda522ac3b786570bf493f553afb162dfc1530d2352a842d1d4ad4a3b8afce6f9e9f6fd40ceb198cc25294e40b9ed0a6dbb047f4de7d8f11552e8bd21c5bb1cceb4871c14f0292d7e12a919f5bea475d762aa04474a7d7924a92bfcde756256b3d54d4070baa4facbf50b2bb3138f4da4ded1400c319c39385a0016beaeaa05333a0b3a4a71c7b950d3739d5b5d443f4b9539f11fe8edac1e8a91da5fcb1e45995cb4ee97b66508521e7ebabb8a5f61ebbc68c36003bf6820031f2a6e2fb37a519eb857b5318464

2026-08-17 23:22:30,952 INFO image_rx_daemon: frag_arrival: seq=190 idx=0 total=12 fw_us=1143925247 len=247

2026-08-17 23:22:31,060 INFO image_rx_daemon: frag_arrival: seq=190 idx=1 total=12 fw_us=1144042087 len=247

2026-08-17 23:22:31,178 INFO image_rx_daemon: frag_arrival: seq=190 idx=2 total=12 fw_us=1144159441 len=247

2026-08-17 23:22:31,297 INFO image_rx_daemon: frag_arrival: seq=190 idx=3 total=12 fw_us=1144276412 len=247

2026-08-17 23:22:31,416 INFO image_rx_daemon: frag_arrival: seq=190 idx=4 total=12 fw_us=1144393484 len=247

2026-08-17 23:22:31,539 INFO image_rx_daemon: frag_arrival: seq=190 idx=5 total=12 fw_us=1144510704 len=247

2026-08-17 23:22:31,647 INFO image_rx_daemon: frag_arrival: seq=190 idx=6 total=12 fw_us=1144628628 len=247

2026-08-17 23:22:31,762 INFO image_rx_daemon: frag_arrival: seq=190 idx=7 total=12 fw_us=1144744557 len=247

2026-08-17 23:22:31,883 INFO image_rx_daemon: frag_arrival: seq=190 idx=8 total=12 fw_us=1144861763 len=247

2026-08-17 23:22:32,009 INFO image_rx_daemon: frag_arrival: seq=190 idx=9 total=12 fw_us=1144978681 len=247

2026-08-17 23:22:32,117 INFO image_rx_daemon: frag_arrival: seq=190 idx=10 total=12 fw_us=1145095916 len=247

2026-08-17 23:22:32,236 WARNING image_rx_daemon: crc_dump: irq=0x70 rx_len=254 snr=1.5 rssi=-70 dump=0102080003000400feba0b5b5ed1eebceb44143dda2f252d3a23e0540c1c50d2555283d761bce22b685e8201bdb908201ba5074fc3240ef2fd79d688282033e132e000eeabf718f98711569ef9499a7d8b867fab8f444def15cf5fb0d9a7bfddffe7fee1d7ca7e605bcb822c5da8354000885a4946cc840005005745425056503820780000001006009d012a200020005ec15aa74e27a523b228080240180966009d3282580006121091850d552e0000fee6ed9263fe3f77506bf969fe506b7ffe7beafff75ff9ffeff33fe7fe4b7f3abbfee5f43f18117201760b6770cfea2739e858f12aa5a439caf945be1401dd720e4628d669063d0beec957

2026-08-17 23:22:32,421 INFO image_rx_daemon: frag_arrival: seq=193 idx=0 total=13 fw_us=1145400007 len=247

2026-08-17 23:22:32,547 INFO image_rx_daemon: frag_arrival: seq=193 idx=1 total=13 fw_us=1145516809 len=247

2026-08-17 23:22:32,656 INFO image_rx_daemon: frag_arrival: seq=193 idx=2 total=13 fw_us=1145634053 len=247

2026-08-17 23:22:32,777 INFO image_rx_daemon: frag_arrival: seq=193 idx=3 total=13 fw_us=1145750959 len=247

2026-08-17 23:22:32,887 INFO image_rx_daemon: frag_arrival: seq=193 idx=4 total=13 fw_us=1145868015 len=247

2026-08-17 23:22:33,004 INFO image_rx_daemon: frag_arrival: seq=193 idx=5 total=13 fw_us=1145985026 len=247

2026-08-17 23:22:33,123 INFO image_rx_daemon: frag_arrival: seq=193 idx=6 total=13 fw_us=1146102028 len=247

2026-08-17 23:22:33,235 INFO image_rx_daemon: frag_arrival: seq=193 idx=7 total=13 fw_us=1146219044 len=247

2026-08-17 23:22:33,352 INFO image_rx_daemon: frag_arrival: seq=193 idx=8 total=13 fw_us=1146335941 len=247

2026-08-17 23:22:33,475 INFO image_rx_daemon: frag_arrival: seq=193 idx=9 total=13 fw_us=1146453103 len=247

2026-08-17 23:22:33,595 INFO image_rx_daemon: frag_arrival: seq=193 idx=10 total=13 fw_us=1146570203 len=247

2026-08-17 23:22:33,702 INFO image_rx_daemon: frag_arrival: seq=193 idx=11 total=13 fw_us=1146687310 len=247

2026-08-17 23:22:33,737 INFO image_rx_daemon: frag_arrival: seq=193 idx=12 total=13 fw_us=1146729054 len=73

2026-08-17 23:22:33,740 INFO image_rx_daemon: published frame_id=0 2985 B → lifetrac/v25/video/tile_delta

2026-08-17 23:22:34,008 INFO image_rx_daemon: frag_arrival: seq=199 idx=0 total=13 fw_us=1146991161 len=247

2026-08-17 23:22:34,131 INFO image_rx_daemon: frag_arrival: seq=199 idx=1 total=13 fw_us=1147108284 len=247

2026-08-17 23:22:34,251 INFO image_rx_daemon: frag_arrival: seq=199 idx=2 total=13 fw_us=1147225272 len=247

2026-08-17 23:22:34,363 INFO image_rx_daemon: frag_arrival: seq=199 idx=3 total=13 fw_us=1147342363 len=247

2026-08-17 23:22:34,483 INFO image_rx_daemon: frag_arrival: seq=199 idx=4 total=13 fw_us=1147459334 len=247

2026-08-17 23:22:34,607 INFO image_rx_daemon: frag_arrival: seq=199 idx=5 total=13 fw_us=1147576358 len=247

2026-08-17 23:22:34,721 INFO image_rx_daemon: frag_arrival: seq=199 idx=6 total=13 fw_us=1147693385 len=247

2026-08-17 23:22:34,835 INFO image_rx_daemon: frag_arrival: seq=199 idx=7 total=13 fw_us=1147810430 len=247

2026-08-17 23:22:34,959 INFO image_rx_daemon: frag_arrival: seq=199 idx=8 total=13 fw_us=1147927495 len=247

2026-08-17 23:22:35,068 INFO image_rx_daemon: frag_arrival: seq=199 idx=9 total=13 fw_us=1148044386 len=247

2026-08-17 23:22:35,187 INFO image_rx_daemon: frag_arrival: seq=199 idx=10 total=13 fw_us=1148161631 len=247

2026-08-17 23:22:35,296 INFO image_rx_daemon: frag_arrival: seq=199 idx=11 total=13 fw_us=1148278627 len=247

2026-08-17 23:22:35,324 INFO image_rx_daemon: frag_arrival: seq=199 idx=12 total=13 fw_us=1148316457 len=63

2026-08-17 23:22:35,330 INFO image_rx_daemon: published frame_id=0 2975 B → lifetrac/v25/video/tile_delta

2026-08-17 23:22:35,605 INFO image_rx_daemon: frag_arrival: seq=200 idx=0 total=13 fw_us=1148582463 len=247

2026-08-17 23:22:35,727 INFO image_rx_daemon: frag_arrival: seq=200 idx=1 total=13 fw_us=1148699260 len=247

2026-08-17 23:22:35,834 INFO image_rx_daemon: frag_arrival: seq=200 idx=2 total=13 fw_us=1148816469 len=247

2026-08-17 23:22:35,944 INFO image_rx_daemon: frag_arrival: seq=200 idx=3 total=13 fw_us=1148933519 len=247

2026-08-17 23:22:36,021 INFO image_rx_daemon: stats: rx_frames=842 rx_decode_err=0 frames_published=44 publish_err=0 reassembler_decode_err=0 reassembler_timeouts=24 parity_recon=0

2026-08-17 23:22:36,022 INFO image_rx_daemon: air_gap: n=79 dt_med=117045us dt_p95=262107us len_med=247B cmd_tx_ok=16 cmd_tx_fail=0

2026-08-17 23:22:36,022 INFO image_rx_daemon: air_gap_hist(ms): <40:2 <80:3 <120:66 <200:1 <400:7

2026-08-17 23:22:36,023 INFO image_rx_daemon: rx_rf: n_rssi=79 n_snr=79 rssi[min/med/max]=-71/-70/-69 snr[min/med/max]=5.0/6.0/6.0

2026-08-17 23:22:36,023 INFO image_rx_daemon: phase_telemetry: valid=79 invalid=0 pre_f8=0 last_epoch=0 last_hop=0 slot_off=[0..0]

2026-08-17 23:22:36,024 INFO image_rx_daemon: air_gap_by_class: seq: n=71 med=117.0ms | boundary: n=7 med=262.1ms | post_loss: n=1 med=234.1ms

2026-08-17 23:22:36,024 INFO image_rx_daemon: lost_frag_idx: n=3 idx0=0 (0.00% of idx0 arrivals) other=3 (4.00%) verdict=not-clustered | top 11:2 7:1

2026-08-17 23:22:36,072 INFO image_rx_daemon: frag_arrival: seq=200 idx=4 total=13 fw_us=1149050478 len=247

2026-08-17 23:22:36,192 INFO image_rx_daemon: frag_arrival: seq=200 idx=5 total=13 fw_us=1149167424 len=247

2026-08-17 23:22:36,315 INFO image_rx_daemon: frag_arrival: seq=200 idx=6 total=13 fw_us=1149284573 len=247

2026-08-17 23:22:36,425 INFO image_rx_daemon: frag_arrival: seq=200 idx=7 total=13 fw_us=1149401457 len=247

2026-08-17 23:22:36,544 INFO image_rx_daemon: frag_arrival: seq=200 idx=8 total=13 fw_us=1149518626 len=247

2026-08-17 23:22:36,655 INFO image_rx_daemon: frag_arrival: seq=200 idx=9 total=13 fw_us=1149635521 len=247

2026-08-17 23:22:36,779 INFO image_rx_daemon: frag_arrival: seq=200 idx=10 total=13 fw_us=1149752627 len=247

2026-08-17 23:22:36,889 INFO image_rx_daemon: frag_arrival: seq=200 idx=11 total=13 fw_us=1149869598 len=247

2026-08-17 23:22:36,919 INFO image_rx_daemon: frag_arrival: seq=200 idx=12 total=13 fw_us=1149911366 len=74

2026-08-17 23:22:36,922 INFO image_rx_daemon: published frame_id=0 2986 B → lifetrac/v25/video/tile_delta

2026-08-17 23:22:37,203 INFO image_rx_daemon: frag_arrival: seq=202 idx=0 total=13 fw_us=1150173389 len=247

2026-08-17 23:22:37,311 INFO image_rx_daemon: frag_arrival: seq=202 idx=1 total=13 fw_us=1150290169 len=247

2026-08-17 23:22:37,435 INFO image_rx_daemon: frag_arrival: seq=202 idx=2 total=13 fw_us=1150407409 len=247

2026-08-17 23:22:37,668 INFO image_rx_daemon: frag_arrival: seq=202 idx=4 total=13 fw_us=1150641473 len=247

2026-08-17 23:22:37,785 INFO image_rx_daemon: frag_arrival: seq=202 idx=5 total=13 fw_us=1150758380 len=247

2026-08-17 23:22:37,899 INFO image_rx_daemon: frag_arrival: seq=202 idx=6 total=13 fw_us=1150875583 len=247

2026-08-17 23:22:38,007 INFO image_rx_daemon: frag_arrival: seq=202 idx=7 total=13 fw_us=1150992562 len=247

2026-08-17 23:22:38,129 INFO image_rx_daemon: frag_arrival: seq=202 idx=8 total=13 fw_us=1151110628 len=247

2026-08-17 23:22:38,248 INFO image_rx_daemon: frag_arrival: seq=202 idx=9 total=13 fw_us=1151226459 len=247

2026-08-17 23:22:38,368 INFO image_rx_daemon: frag_arrival: seq=202 idx=10 total=13 fw_us=1151343725 len=247

2026-08-17 23:22:38,491 INFO image_rx_daemon: frag_arrival: seq=202 idx=11 total=13 fw_us=1151460706 len=247

2026-08-17 23:22:38,506 INFO image_rx_daemon: frag_arrival: seq=202 idx=12 total=13 fw_us=1151502450 len=73

2026-08-17 23:22:38,780 INFO image_rx_daemon: frag_arrival: seq=206 idx=0 total=12 fw_us=1151764417 len=247

2026-08-17 23:22:38,903 INFO image_rx_daemon: frag_arrival: seq=206 idx=1 total=12 fw_us=1151881251 len=247

2026-08-17 23:22:39,011 INFO image_rx_daemon: frag_arrival: seq=206 idx=2 total=12 fw_us=1151998624 len=247

2026-08-17 23:22:39,134 INFO image_rx_daemon: frag_arrival: seq=206 idx=3 total=12 fw_us=1152115622 len=247

2026-08-17 23:22:39,245 INFO image_rx_daemon: frag_arrival: seq=206 idx=4 total=12 fw_us=1152232605 len=247

2026-08-17 23:22:39,379 INFO image_rx_daemon: frag_arrival: seq=206 idx=5 total=12 fw_us=1152349717 len=247

2026-08-17 23:22:39,487 INFO image_rx_daemon: frag_arrival: seq=206 idx=6 total=12 fw_us=1152466774 len=247

2026-08-17 23:22:39,607 INFO image_rx_daemon: frag_arrival: seq=206 idx=7 total=12 fw_us=1152583720 len=247

2026-08-17 23:22:39,727 INFO image_rx_daemon: frag_arrival: seq=206 idx=8 total=12 fw_us=1152700847 len=247

2026-08-17 23:22:39,839 INFO image_rx_daemon: frag_arrival: seq=206 idx=9 total=12 fw_us=1152817720 len=247

2026-08-17 23:22:39,963 INFO image_rx_daemon: frag_arrival: seq=206 idx=10 total=12 fw_us=1152934946 len=247

2026-08-17 23:22:40,052 WARNING image_rx_daemon: crc_dump: irq=0x70 rx_len=255 snr=0.8 rssi=-67 dump=89b82990bb609b7a8ed9ea5def8cf19639add719c4d3cce58731870419d1a317a37f9dbfeb02682c1e2f48323b1713cbc6c4180ba70347ce478a50850037ec564755ef3d41ec4ea4f07537a0def3dd449b0415392a0ecf1d95ac06d6c04ca39d489456a40a7821104a337a0915b400083a725038a92fcefde0340b33cc20eb0db88d7fd93f667ce48a2c9e86b5a4a64112e5ad45411a52b53995024b08869b806e937401f2656a2afce304f85c92f58321629fa81a825cc4600ea0548c2abe94dd15dbbbdb0403a8ed1b912a6c3a55a2dbe1740358ec29cf77a0bdfc12e9a61780da08f915cb82aca3006feaf33308e1f9b5e201a989d72089d83e

2026-08-17 23:22:40,267 INFO image_rx_daemon: frag_arrival: seq=209 idx=0 total=12 fw_us=1153238876 len=247

2026-08-17 23:22:40,375 INFO image_rx_daemon: frag_arrival: seq=209 idx=1 total=12 fw_us=1153355703 len=247

2026-08-17 23:22:40,403 WARNING image_rx_daemon: crc_dump: irq=0x70 rx_len=61 snr=-0.8 rssi=-66 dump=2f1a39c25226ecf2a73bda614c0d8ad41298dbad849a0b8ea00133d472cca732fdca4816057522227f5a34066577bfc9d8562966e0ff88881924064874

2026-08-17 23:22:40,616 INFO image_rx_daemon: frag_arrival: seq=209 idx=3 total=12 fw_us=1153590124 len=247

2026-08-17 23:22:40,725 INFO image_rx_daemon: frag_arrival: seq=209 idx=4 total=12 fw_us=1153707191 len=247

2026-08-17 23:22:40,844 INFO image_rx_daemon: frag_arrival: seq=209 idx=5 total=12 fw_us=1153824264 len=247

2026-08-17 23:22:40,967 INFO image_rx_daemon: frag_arrival: seq=209 idx=6 total=12 fw_us=1153941325 len=247

2026-08-17 23:22:41,075 INFO image_rx_daemon: frag_arrival: seq=209 idx=7 total=12 fw_us=1154058211 len=247

2026-08-17 23:22:41,199 INFO image_rx_daemon: frag_arrival: seq=209 idx=8 total=12 fw_us=1154175372 len=247

2026-08-17 23:22:41,319 INFO image_rx_daemon: frag_arrival: seq=209 idx=9 total=12 fw_us=1154292382 len=247

2026-08-17 23:22:41,428 INFO image_rx_daemon: frag_arrival: seq=209 idx=10 total=12 fw_us=1154409551 len=247

2026-08-17 23:22:41,535 WARNING image_rx_daemon: crc_dump: irq=0x70 rx_len=255 snr=-1.0 rssi=-66 dump=018200d05af318856bf539d03e8d1f3dbd32dc271bb1e244705fb92ca812ae77c406dab3a9b9465a51e4144dfaaa62e0f0108d4b5db0b6bbc89301bd4d68c51c3f4ebcea68dda522804231129e899819309f9de2fceb148c408cbc05874d1d65ec9a5d60d7143d38f30a2a913ce7f3b541796a1a38fc7f0a75f8c75e1caf432614773c3e83e4cb309ab55308a5ccb0429de401c6cd0c56c7342f1acb6e15969d717d12df46591935efc2422d7379a1e1e8b246c3c61a23af8534f8a2c64fe0dba4770d7bf3079e4054ed03c117d6d9b6d7f91e163efd83d865f6cbcbb0cc9e391a6757029d9764a114036e43927dcaf4b51e488fdee52ec6718d97

2026-08-17 23:22:41,739 INFO image_rx_daemon: frag_arrival: seq=212 idx=0 total=13 fw_us=1154713549 len=247

2026-08-17 23:22:41,849 INFO image_rx_daemon: frag_arrival: seq=212 idx=1 total=13 fw_us=1154830612 len=247

2026-08-17 23:22:41,968 INFO image_rx_daemon: frag_arrival: seq=212 idx=2 total=13 fw_us=1154947744 len=247

2026-08-17 23:22:42,091 INFO image_rx_daemon: frag_arrival: seq=212 idx=3 total=13 fw_us=1155065628 len=247

2026-08-17 23:22:42,199 INFO image_rx_daemon: frag_arrival: seq=212 idx=4 total=13 fw_us=1155181818 len=247

2026-08-17 23:22:42,314 INFO image_rx_daemon: frag_arrival: seq=212 idx=5 total=13 fw_us=1155298949 len=247

2026-08-17 23:22:42,435 INFO image_rx_daemon: frag_arrival: seq=212 idx=6 total=13 fw_us=1155416043 len=247

2026-08-17 23:22:42,559 INFO image_rx_daemon: frag_arrival: seq=212 idx=7 total=13 fw_us=1155532894 len=247

2026-08-17 23:22:42,669 INFO image_rx_daemon: frag_arrival: seq=212 idx=8 total=13 fw_us=1155650096 len=247

2026-08-17 23:22:42,788 INFO image_rx_daemon: frag_arrival: seq=212 idx=9 total=13 fw_us=1155767002 len=247

2026-08-17 23:22:42,907 INFO image_rx_daemon: frag_arrival: seq=212 idx=10 total=13 fw_us=1155884257 len=247

2026-08-17 23:22:43,015 INFO image_rx_daemon: frag_arrival: seq=212 idx=11 total=13 fw_us=1156001254 len=247

2026-08-17 23:22:43,049 INFO image_rx_daemon: frag_arrival: seq=212 idx=12 total=13 fw_us=1156033825 len=47

2026-08-17 23:22:43,050 INFO image_rx_daemon: published frame_id=0 2959 B → lifetrac/v25/video/tile_delta

2026-08-17 23:22:43,237 INFO image_rx_daemon: frag_arrival: seq=215 idx=0 total=13 fw_us=1156211631 len=247

2026-08-17 23:22:43,346 INFO image_rx_daemon: frag_arrival: seq=215 idx=1 total=13 fw_us=1156328519 len=247

2026-08-17 23:22:43,467 INFO image_rx_daemon: frag_arrival: seq=215 idx=2 total=13 fw_us=1156445773 len=247

2026-08-17 23:22:43,583 INFO image_rx_daemon: frag_arrival: seq=215 idx=3 total=13 fw_us=1156562765 len=247

2026-08-17 23:22:43,707 INFO image_rx_daemon: frag_arrival: seq=215 idx=4 total=13 fw_us=1156679717 len=247

2026-08-17 23:22:43,816 INFO image_rx_daemon: frag_arrival: seq=215 idx=5 total=13 fw_us=1156796588 len=247

2026-08-17 23:22:43,939 INFO image_rx_daemon: frag_arrival: seq=215 idx=6 total=13 fw_us=1156913805 len=247

2026-08-17 23:22:44,048 INFO image_rx_daemon: frag_arrival: seq=215 idx=7 total=13 fw_us=1157030894 len=247

2026-08-17 23:22:44,167 INFO image_rx_daemon: frag_arrival: seq=215 idx=8 total=13 fw_us=1157147733 len=247

2026-08-17 23:22:44,286 INFO image_rx_daemon: frag_arrival: seq=215 idx=9 total=13 fw_us=1157264698 len=247

2026-08-17 23:22:44,404 INFO image_rx_daemon: frag_arrival: seq=215 idx=10 total=13 fw_us=1157381958 len=247

2026-08-17 23:22:44,512 INFO image_rx_daemon: frag_arrival: seq=215 idx=11 total=13 fw_us=1157498995 len=247

2026-08-17 23:22:44,542 INFO image_rx_daemon: frag_arrival: seq=215 idx=12 total=13 fw_us=1157527686 len=39

2026-08-17 23:22:44,544 INFO image_rx_daemon: published frame_id=0 2951 B → lifetrac/v25/video/tile_delta

2026-08-17 23:22:44,727 INFO image_rx_daemon: frag_arrival: seq=218 idx=0 total=13 fw_us=1157704924 len=247

2026-08-17 23:22:44,847 INFO image_rx_daemon: frag_arrival: seq=218 idx=1 total=13 fw_us=1157821604 len=247

2026-08-17 23:22:44,965 INFO image_rx_daemon: frag_arrival: seq=218 idx=2 total=13 fw_us=1157938904 len=247

2026-08-17 23:22:45,072 INFO image_rx_daemon: frag_arrival: seq=218 idx=3 total=13 fw_us=1158056289 len=247

2026-08-17 23:22:45,195 INFO image_rx_daemon: frag_arrival: seq=218 idx=4 total=13 fw_us=1158173176 len=247

2026-08-17 23:22:45,312 INFO image_rx_daemon: frag_arrival: seq=218 idx=5 total=13 fw_us=1158290218 len=247

2026-08-17 23:22:45,435 INFO image_rx_daemon: frag_arrival: seq=218 idx=6 total=13 fw_us=1158407243 len=247

2026-08-17 23:22:45,543 INFO image_rx_daemon: frag_arrival: seq=218 idx=7 total=13 fw_us=1158524218 len=247

2026-08-17 23:22:45,664 INFO image_rx_daemon: frag_arrival: seq=218 idx=8 total=13 fw_us=1158641218 len=247

2026-08-17 23:22:45,787 INFO image_rx_daemon: frag_arrival: seq=218 idx=9 total=13 fw_us=1158758257 len=247

2026-08-17 23:22:45,897 INFO image_rx_daemon: frag_arrival: seq=218 idx=10 total=13 fw_us=1158875188 len=247

2026-08-17 23:22:46,006 INFO image_rx_daemon: frag_arrival: seq=218 idx=11 total=13 fw_us=1158992308 len=247

2026-08-17 23:22:46,007 INFO image_rx_daemon: frag_arrival: seq=218 idx=12 total=13 fw_us=1159010534 len=11

2026-08-17 23:22:46,009 INFO image_rx_daemon: published frame_id=0 2923 B → lifetrac/v25/video/tile_delta

2026-08-17 23:22:46,026 INFO image_rx_daemon: stats: rx_frames=923 rx_decode_err=0 frames_published=48 publish_err=0 reassembler_decode_err=0 reassembler_timeouts=27 parity_recon=0

2026-08-17 23:22:46,028 INFO image_rx_daemon: air_gap: n=81 dt_med=117039us dt_p95=234421us len_med=247B cmd_tx_ok=16 cmd_tx_fail=0

2026-08-17 23:22:46,032 INFO image_rx_daemon: air_gap_hist(ms): <20:1 <40:2 <80:2 <120:68 <200:2 <400:6

2026-08-17 23:22:46,034 INFO image_rx_daemon: rx_rf: n_rssi=81 n_snr=81 rssi[min/med/max]=-71/-70/-69 snr[min/med/max]=5.0/6.0/6.0

2026-08-17 23:22:46,035 INFO image_rx_daemon: phase_telemetry: valid=81 invalid=0 pre_f8=0 last_epoch=0 last_hop=0 slot_off=[0..0]

2026-08-17 23:22:46,037 INFO image_rx_daemon: air_gap_by_class: seq: n=73 med=117.0ms | boundary: n=6 med=262.0ms | post_loss: n=2 med=234.4ms

2026-08-17 23:22:46,037 INFO image_rx_daemon: lost_frag_idx: n=4 idx0=0 (0.00% of idx0 arrivals) other=4 (5.06%) verdict=not-clustered | top 11:2 3:1 2:1

2026-08-17 23:22:46,205 INFO image_rx_daemon: frag_arrival: seq=221 idx=0 total=13 fw_us=1159185785 len=247

2026-08-17 23:22:46,324 INFO image_rx_daemon: frag_arrival: seq=221 idx=1 total=13 fw_us=1159302716 len=247

2026-08-17 23:22:46,420 WARNING image_rx_daemon: crc_dump: irq=0x70 rx_len=255 snr=0.2 rssi=-66 dump=e314f58e714165991a554157fbee5b57677113ae78b34cee45c4b092ca6b5836018b9ca69c9ee2fb3b7861907bad4572093c2d4056228c8e9ff9e92eab2a383b26688f5633b737dcb1ff9864d76e54986155a1fb74ab6ab27fac146958df1468c1647f9465e44ec02d853319bf6734f61668f06999f3b744f0d0013314b8260910a6122fa9b492b79bb89b3bdffb6185ccf2ec68a61456e3e3b86db14357c4fa48aeb98eaa018358dcec289aecb3eb060d9a0d85a73c5021ae3565b52d54c416fbea8413e8dce6fc7008bc002edaad5e83dc40d6259e5d50989576ce1aae641a00c1d1f3a4b7a4eeffcf5c5176d6b3b9fdd34766e4c01f4787cf2e

2026-08-17 23:22:46,560 INFO image_rx_daemon: frag_arrival: seq=221 idx=3 total=13 fw_us=1159536854 len=247

2026-08-17 23:22:46,681 INFO image_rx_daemon: frag_arrival: seq=221 idx=4 total=13 fw_us=1159653912 len=247

2026-08-17 23:22:46,791 INFO image_rx_daemon: frag_arrival: seq=221 idx=5 total=13 fw_us=1159770946 len=247

2026-08-17 23:22:46,911 INFO image_rx_daemon: frag_arrival: seq=221 idx=6 total=13 fw_us=1159887811 len=247

2026-08-17 23:22:47,019 INFO image_rx_daemon: frag_arrival: seq=221 idx=7 total=13 fw_us=1160004969 len=247

2026-08-17 23:22:47,143 INFO image_rx_daemon: frag_arrival: seq=221 idx=8 total=13 fw_us=1160121979 len=247

2026-08-17 23:22:47,258 INFO image_rx_daemon: frag_arrival: seq=221 idx=9 total=13 fw_us=1160238937 len=247

2026-08-17 23:22:47,379 INFO image_rx_daemon: frag_arrival: seq=221 idx=10 total=13 fw_us=1160355985 len=247

2026-08-17 23:22:47,503 INFO image_rx_daemon: frag_arrival: seq=221 idx=11 total=13 fw_us=1160472965 len=247

2026-08-17 23:22:47,533 INFO image_rx_daemon: frag_arrival: seq=221 idx=12 total=13 fw_us=1160517324 len=80

2026-08-17 23:22:47,805 INFO image_rx_daemon: frag_arrival: seq=224 idx=0 total=12 fw_us=1160776808 len=247

2026-08-17 23:22:47,912 INFO image_rx_daemon: frag_arrival: seq=224 idx=1 total=12 fw_us=1160893681 len=247

2026-08-17 23:22:48,018 INFO image_rx_daemon: frag_arrival: seq=224 idx=2 total=12 fw_us=1161010830 len=247

2026-08-17 23:22:48,157 INFO image_rx_daemon: frag_arrival: seq=224 idx=3 total=12 fw_us=1161127791 len=247

2026-08-17 23:22:48,263 INFO image_rx_daemon: frag_arrival: seq=224 idx=4 total=12 fw_us=1161244786 len=247

2026-08-17 23:22:48,387 INFO image_rx_daemon: frag_arrival: seq=224 idx=5 total=12 fw_us=1161361873 len=247

2026-08-17 23:22:48,484 INFO image_rx_daemon: frag_arrival: seq=224 idx=6 total=12 fw_us=1161478832 len=247

2026-08-17 23:22:48,615 INFO image_rx_daemon: frag_arrival: seq=224 idx=7 total=12 fw_us=1161595762 len=247

2026-08-17 23:22:48,741 INFO image_rx_daemon: frag_arrival: seq=224 idx=8 total=12 fw_us=1161712848 len=247

2026-08-17 23:22:48,851 INFO image_rx_daemon: frag_arrival: seq=224 idx=9 total=12 fw_us=1161829770 len=247

2026-08-17 23:22:48,971 INFO image_rx_daemon: frag_arrival: seq=224 idx=10 total=12 fw_us=1161946930 len=247

2026-08-17 23:22:49,081 INFO image_rx_daemon: frag_arrival: seq=224 idx=11 total=12 fw_us=1162058224 len=241

2026-08-17 23:22:49,082 INFO image_rx_daemon: published frame_id=0 2910 B → lifetrac/v25/video/tile_delta

2026-08-17 23:22:49,272 INFO image_rx_daemon: frag_arrival: seq=227 idx=0 total=13 fw_us=1162250531 len=247

2026-08-17 23:22:49,395 INFO image_rx_daemon: frag_arrival: seq=227 idx=1 total=13 fw_us=1162367304 len=247

2026-08-17 23:22:49,507 INFO image_rx_daemon: frag_arrival: seq=227 idx=2 total=13 fw_us=1162484427 len=247

2026-08-17 23:22:49,627 INFO image_rx_daemon: frag_arrival: seq=227 idx=3 total=13 fw_us=1162601333 len=247

2026-08-17 23:22:49,748 INFO image_rx_daemon: frag_arrival: seq=227 idx=4 total=13 fw_us=1162718679 len=247

2026-08-17 23:22:49,845 INFO image_rx_daemon: frag_arrival: seq=227 idx=5 total=13 fw_us=1162835711 len=247

2026-08-17 23:22:49,975 INFO image_rx_daemon: frag_arrival: seq=227 idx=6 total=13 fw_us=1162952723 len=247

2026-08-17 23:22:50,091 INFO image_rx_daemon: frag_arrival: seq=227 idx=7 total=13 fw_us=1163070628 len=247

2026-08-17 23:22:50,208 INFO image_rx_daemon: frag_arrival: seq=227 idx=8 total=13 fw_us=1163186630 len=247

2026-08-17 23:22:50,328 INFO image_rx_daemon: frag_arrival: seq=227 idx=9 total=13 fw_us=1163303561 len=247

2026-08-17 23:22:50,448 INFO image_rx_daemon: frag_arrival: seq=227 idx=10 total=13 fw_us=1163420763 len=247

2026-08-17 23:22:50,561 INFO image_rx_daemon: frag_arrival: seq=227 idx=11 total=13 fw_us=1163537840 len=247

2026-08-17 23:22:50,590 INFO image_rx_daemon: frag_arrival: seq=227 idx=12 total=13 fw_us=1163579540 len=71

2026-08-17 23:22:50,594 INFO image_rx_daemon: published frame_id=0 2983 B → lifetrac/v25/video/tile_delta

2026-08-17 23:22:50,867 INFO image_rx_daemon: frag_arrival: seq=230 idx=0 total=12 fw_us=1163841788 len=247

2026-08-17 23:22:50,979 INFO image_rx_daemon: frag_arrival: seq=230 idx=1 total=12 fw_us=1163958877 len=247

2026-08-17 23:22:51,096 INFO image_rx_daemon: frag_arrival: seq=230 idx=2 total=12 fw_us=1164075990 len=247

2026-08-17 23:22:51,211 INFO image_rx_daemon: frag_arrival: seq=230 idx=3 total=12 fw_us=1164192971 len=247

2026-08-17 23:22:51,327 INFO image_rx_daemon: frag_arrival: seq=230 idx=4 total=12 fw_us=1164309887 len=247

2026-08-17 23:22:51,448 INFO image_rx_daemon: frag_arrival: seq=230 idx=5 total=12 fw_us=1164427081 len=247

2026-08-17 23:22:51,567 INFO image_rx_daemon: frag_arrival: seq=230 idx=6 total=12 fw_us=1164543914 len=247

2026-08-17 23:22:51,687 INFO image_rx_daemon: frag_arrival: seq=230 idx=7 total=12 fw_us=1164660874 len=247

2026-08-17 23:22:51,796 INFO image_rx_daemon: frag_arrival: seq=230 idx=8 total=12 fw_us=1164778116 len=247

2026-08-17 23:22:51,917 INFO image_rx_daemon: frag_arrival: seq=230 idx=9 total=12 fw_us=1164894973 len=247

2026-08-17 23:22:52,025 INFO image_rx_daemon: frag_arrival: seq=230 idx=10 total=12 fw_us=1165012219 len=247

2026-08-17 23:22:52,139 WARNING image_rx_daemon: crc_dump: irq=0x70 rx_len=255 snr=-1.0 rssi=-66 dump=010200000000006bd7b881c8e27622b8f728bea0338b4a659d7dedccb43c4420be5aec10b09ab6f5387d365f376182af2a68880512729bc9e98a9bcbe89a0ea2408aaad6f8d6d56325de88b46fb53f4f3c902905a09667fed8d323fb39788b21ab019047cd8ed13af6ed35f9e6f0dee1e6e7ebe4d1c1bab449d5424edbdf6b2a54cce0481206cbf0e280cbc1a4320ad0b0d0817d83dd17788cb409768b6373820d7b4e19504d90fb6136476fb2e5f2ec051cab1b17d73a05ced3c840e2f1fd8a011e2b9cc44abcd1ae6d09a7b919f84fe45fa48a24c0218bba0380b68f04f96cda6f38954ed1f88d6306f676697dc932482a4346a3c711718df815

2026-08-17 23:22:52,340 INFO image_rx_daemon: frag_arrival: seq=233 idx=0 total=13 fw_us=1165315854 len=247

2026-08-17 23:22:52,459 INFO image_rx_daemon: frag_arrival: seq=233 idx=1 total=13 fw_us=1165432699 len=247

2026-08-17 23:22:52,571 INFO image_rx_daemon: frag_arrival: seq=233 idx=2 total=13 fw_us=1165549881 len=247

2026-08-17 23:22:52,691 INFO image_rx_daemon: frag_arrival: seq=233 idx=3 total=13 fw_us=1165666905 len=247

2026-08-17 23:22:52,815 INFO image_rx_daemon: frag_arrival: seq=233 idx=4 total=13 fw_us=1165783759 len=247

2026-08-17 23:22:52,928 INFO image_rx_daemon: frag_arrival: seq=233 idx=5 total=13 fw_us=1165900938 len=247

2026-08-17 23:22:53,025 INFO image_rx_daemon: frag_arrival: seq=233 idx=6 total=13 fw_us=1166017768 len=247

2026-08-17 23:22:53,156 INFO image_rx_daemon: frag_arrival: seq=233 idx=7 total=13 fw_us=1166134996 len=247

2026-08-17 23:22:53,274 INFO image_rx_daemon: frag_arrival: seq=233 idx=8 total=13 fw_us=1166251882 len=247

2026-08-17 23:22:53,393 INFO image_rx_daemon: frag_arrival: seq=233 idx=9 total=13 fw_us=1166368787 len=247

2026-08-17 23:22:53,515 INFO image_rx_daemon: frag_arrival: seq=233 idx=10 total=13 fw_us=1166485911 len=247

2026-08-17 23:22:53,624 INFO image_rx_daemon: frag_arrival: seq=233 idx=11 total=13 fw_us=1166602894 len=247

2026-08-17 23:22:53,676 WARNING image_rx_daemon: crc_dump: irq=0x70 rx_len=129 snr=-12.0 rssi=-114 dump=20d6691f64b3b168e43cca350335c3f16d78f17819bb2f50ec1da7598535d493e5c651d09f679f9cedee70a2095b4d864ecbbcb11bcb0094f8daa365ef218ff7ebe689d22644f02ea479de0f98261874bbe10a2b18accfa8b5f56afc7bb750dc5537f89b3342e325499500d373f81eb60740634fb30cc2e74fb3b244982f358cda

2026-08-17 23:22:53,828 INFO image_rx_daemon: frag_arrival: seq=236 idx=0 total=13 fw_us=1166802725 len=247

2026-08-17 23:22:53,947 INFO image_rx_daemon: frag_arrival: seq=236 idx=1 total=13 fw_us=1166919593 len=247

2026-08-17 23:22:54,055 INFO image_rx_daemon: frag_arrival: seq=236 idx=2 total=13 fw_us=1167036522 len=247

2026-08-17 23:22:54,172 INFO image_rx_daemon: frag_arrival: seq=236 idx=3 total=13 fw_us=1167153747 len=247

2026-08-17 23:22:54,292 INFO image_rx_daemon: frag_arrival: seq=236 idx=4 total=13 fw_us=1167270631 len=247

2026-08-17 23:22:54,411 INFO image_rx_daemon: frag_arrival: seq=236 idx=5 total=13 fw_us=1167387738 len=247

2026-08-17 23:22:54,535 INFO image_rx_daemon: frag_arrival: seq=236 idx=6 total=13 fw_us=1167504714 len=247

2026-08-17 23:22:54,644 INFO image_rx_daemon: frag_arrival: seq=236 idx=7 total=13 fw_us=1167621555 len=247

2026-08-17 23:22:54,767 INFO image_rx_daemon: frag_arrival: seq=236 idx=8 total=13 fw_us=1167738689 len=247

2026-08-17 23:22:54,876 INFO image_rx_daemon: frag_arrival: seq=236 idx=9 total=13 fw_us=1167855558 len=247

2026-08-17 23:22:55,001 INFO image_rx_daemon: frag_arrival: seq=236 idx=10 total=13 fw_us=1167972740 len=247

2026-08-17 23:22:55,107 INFO image_rx_daemon: frag_arrival: seq=236 idx=11 total=13 fw_us=1168089914 len=247

2026-08-17 23:22:55,120 INFO image_rx_daemon: frag_arrival: seq=236 idx=12 total=13 fw_us=1168119874 len=41

2026-08-17 23:22:55,124 INFO image_rx_daemon: published frame_id=0 2953 B → lifetrac/v25/video/tile_delta

2026-08-17 23:22:55,327 INFO image_rx_daemon: frag_arrival: seq=239 idx=0 total=13 fw_us=1168299259 len=247

2026-08-17 23:22:55,436 INFO image_rx_daemon: frag_arrival: seq=239 idx=1 total=13 fw_us=1168416199 len=247

2026-08-17 23:22:55,555 INFO image_rx_daemon: frag_arrival: seq=239 idx=2 total=13 fw_us=1168533299 len=247

2026-08-17 23:22:55,679 INFO image_rx_daemon: frag_arrival: seq=239 idx=3 total=13 fw_us=1168650287 len=247

2026-08-17 23:22:55,788 INFO image_rx_daemon: frag_arrival: seq=239 idx=4 total=13 fw_us=1168767296 len=247

2026-08-17 23:22:55,911 INFO image_rx_daemon: frag_arrival: seq=239 idx=5 total=13 fw_us=1168884347 len=247

2026-08-17 23:22:56,009 INFO image_rx_daemon: frag_arrival: seq=239 idx=6 total=13 fw_us=1169001376 len=247

2026-08-17 23:22:56,040 INFO image_rx_daemon: stats: rx_frames=1003 rx_decode_err=0 frames_published=51 publish_err=0 reassembler_decode_err=0 reassembler_timeouts=30 parity_recon=0

2026-08-17 23:22:56,042 INFO image_rx_daemon: air_gap: n=80 dt_med=117024us dt_p95=234138us len_med=247B cmd_tx_ok=16 cmd_tx_fail=0

2026-08-17 23:22:56,046 INFO image_rx_daemon: air_gap_hist(ms): <40:1 <80:2 <120:69 <200:4 <400:4

2026-08-17 23:22:56,049 INFO image_rx_daemon: rx_rf: n_rssi=80 n_snr=80 rssi[min/med/max]=-71/-70/-69 snr[min/med/max]=5.0/6.0/7.0

2026-08-17 23:22:56,050 INFO image_rx_daemon: phase_telemetry: valid=80 invalid=0 pre_f8=0 last_epoch=0 last_hop=0 slot_off=[0..0]

2026-08-17 23:22:56,051 INFO image_rx_daemon: air_gap_by_class: seq: n=72 med=117.0ms | boundary: n=7 med=199.8ms | post_loss: n=1 med=234.1ms

2026-08-17 23:22:56,052 INFO image_rx_daemon: lost_frag_idx: n=3 idx0=0 (0.00% of idx0 arrivals) other=3 (3.95%) verdict=not-clustered | top 2:1 11:1 12:1

2026-08-17 23:22:56,140 INFO image_rx_daemon: frag_arrival: seq=239 idx=7 total=13 fw_us=1169118273 len=247

2026-08-17 23:22:56,263 INFO image_rx_daemon: frag_arrival: seq=239 idx=8 total=13 fw_us=1169235392 len=247

2026-08-17 23:22:56,375 INFO image_rx_daemon: frag_arrival: seq=239 idx=9 total=13 fw_us=1169352469 len=247

2026-08-17 23:22:56,495 INFO image_rx_daemon: frag_arrival: seq=239 idx=10 total=13 fw_us=1169469458 len=247

2026-08-17 23:22:56,615 INFO image_rx_daemon: frag_arrival: seq=239 idx=11 total=13 fw_us=1169586475 len=247

2026-08-17 23:22:56,616 INFO image_rx_daemon: frag_arrival: seq=239 idx=12 total=13 fw_us=1169615128 len=37

2026-08-17 23:22:56,618 INFO image_rx_daemon: published frame_id=0 2949 B → lifetrac/v25/video/tile_delta

2026-08-17 23:22:56,820 INFO image_rx_daemon: frag_arrival: seq=242 idx=0 total=13 fw_us=1169792438 len=247

2026-08-17 23:22:56,931 INFO image_rx_daemon: frag_arrival: seq=242 idx=1 total=13 fw_us=1169909101 len=247

2026-08-17 23:22:57,051 INFO image_rx_daemon: frag_arrival: seq=242 idx=2 total=13 fw_us=1170026402 len=247

2026-08-17 23:22:57,171 INFO image_rx_daemon: frag_arrival: seq=242 idx=3 total=13 fw_us=1170143422 len=247

2026-08-17 23:22:57,279 INFO image_rx_daemon: frag_arrival: seq=242 idx=4 total=13 fw_us=1170260315 len=247

2026-08-17 23:22:57,399 INFO image_rx_daemon: frag_arrival: seq=242 idx=5 total=13 fw_us=1170377340 len=247

2026-08-17 23:22:57,523 INFO image_rx_daemon: frag_arrival: seq=242 idx=6 total=13 fw_us=1170494373 len=247

2026-08-17 23:22:57,635 INFO image_rx_daemon: frag_arrival: seq=242 idx=7 total=13 fw_us=1170611388 len=247

2026-08-17 23:22:57,753 INFO image_rx_daemon: frag_arrival: seq=242 idx=8 total=13 fw_us=1170728383 len=247

2026-08-17 23:22:57,872 INFO image_rx_daemon: frag_arrival: seq=242 idx=9 total=13 fw_us=1170845414 len=247

2026-08-17 23:22:57,995 INFO image_rx_daemon: frag_arrival: seq=242 idx=10 total=13 fw_us=1170962370 len=247

2026-08-17 23:22:58,104 INFO image_rx_daemon: frag_arrival: seq=242 idx=11 total=13 fw_us=1171079378 len=247

2026-08-17 23:22:58,116 INFO image_rx_daemon: frag_arrival: seq=242 idx=12 total=13 fw_us=1171109340 len=41

2026-08-17 23:22:58,119 INFO image_rx_daemon: published frame_id=0 2953 B → lifetrac/v25/video/tile_delta

2026-08-17 23:22:58,312 INFO image_rx_daemon: frag_arrival: seq=245 idx=0 total=13 fw_us=1171287135 len=247

2026-08-17 23:22:58,432 INFO image_rx_daemon: frag_arrival: seq=245 idx=1 total=13 fw_us=1171404069 len=247

2026-08-17 23:22:58,540 INFO image_rx_daemon: frag_arrival: seq=245 idx=2 total=13 fw_us=1171521049 len=247

2026-08-17 23:22:58,659 INFO image_rx_daemon: frag_arrival: seq=245 idx=3 total=13 fw_us=1171638093 len=247

2026-08-17 23:22:58,783 INFO image_rx_daemon: frag_arrival: seq=245 idx=4 total=13 fw_us=1171755045 len=247

2026-08-17 23:22:58,894 INFO image_rx_daemon: frag_arrival: seq=245 idx=5 total=13 fw_us=1171872270 len=247

2026-08-17 23:22:59,005 INFO image_rx_daemon: frag_arrival: seq=245 idx=6 total=13 fw_us=1171989232 len=247

2026-08-17 23:22:59,131 INFO image_rx_daemon: frag_arrival: seq=245 idx=7 total=13 fw_us=1172106242 len=247

2026-08-17 23:22:59,255 INFO image_rx_daemon: frag_arrival: seq=245 idx=8 total=13 fw_us=1172223222 len=247

2026-08-17 23:22:59,364 INFO image_rx_daemon: frag_arrival: seq=245 idx=9 total=13 fw_us=1172340326 len=247

2026-08-17 23:22:59,486 INFO image_rx_daemon: frag_arrival: seq=245 idx=10 total=13 fw_us=1172457351 len=247

2026-08-17 23:22:59,595 INFO image_rx_daemon: frag_arrival: seq=245 idx=11 total=13 fw_us=1172574347 len=247

2026-08-17 23:22:59,635 INFO image_rx_daemon: frag_arrival: seq=245 idx=12 total=13 fw_us=1172618681 len=79

2026-08-17 23:22:59,639 INFO image_rx_daemon: published frame_id=0 2991 B → lifetrac/v25/video/tile_delta

2026-08-17 23:22:59,904 INFO image_rx_daemon: frag_arrival: seq=251 idx=0 total=13 fw_us=1172878332 len=247

2026-08-17 23:23:00,015 INFO image_rx_daemon: frag_arrival: seq=251 idx=1 total=13 fw_us=1172995240 len=247

2026-08-17 23:23:00,139 INFO image_rx_daemon: frag_arrival: seq=251 idx=2 total=13 fw_us=1173112233 len=247

2026-08-17 23:23:00,261 INFO image_rx_daemon: frag_arrival: seq=251 idx=3 total=13 fw_us=1173229354 len=247

2026-08-17 23:23:00,371 INFO image_rx_daemon: frag_arrival: seq=251 idx=4 total=13 fw_us=1173346280 len=247

2026-08-17 23:23:00,490 INFO image_rx_daemon: frag_arrival: seq=251 idx=5 total=13 fw_us=1173463685 len=247

2026-08-17 23:23:00,598 INFO image_rx_daemon: frag_arrival: seq=251 idx=6 total=13 fw_us=1173580684 len=247

2026-08-17 23:23:00,716 INFO image_rx_daemon: frag_arrival: seq=251 idx=7 total=13 fw_us=1173697668 len=247

2026-08-17 23:23:00,835 INFO image_rx_daemon: frag_arrival: seq=251 idx=8 total=13 fw_us=1173814897 len=247

2026-08-17 23:23:00,961 INFO image_rx_daemon: frag_arrival: seq=251 idx=9 total=13 fw_us=1173931902 len=247

2026-08-17 23:23:01,068 INFO image_rx_daemon: frag_arrival: seq=251 idx=10 total=13 fw_us=1174049036 len=247

2026-08-17 23:23:01,185 INFO image_rx_daemon: frag_arrival: seq=251 idx=11 total=13 fw_us=1174165885 len=247

2026-08-17 23:23:01,226 INFO image_rx_daemon: frag_arrival: seq=251 idx=12 total=13 fw_us=1174210259 len=81

2026-08-17 23:23:01,231 INFO image_rx_daemon: published frame_id=0 2993 B → lifetrac/v25/video/tile_delta

2026-08-17 23:23:01,497 INFO image_rx_daemon: frag_arrival: seq=252 idx=0 total=12 fw_us=1174470538 len=247

2026-08-17 23:23:01,604 INFO image_rx_daemon: frag_arrival: seq=252 idx=1 total=12 fw_us=1174587320 len=247

2026-08-17 23:23:01,737 INFO image_rx_daemon: frag_arrival: seq=252 idx=2 total=12 fw_us=1174704553 len=247

2026-08-17 23:23:01,844 INFO image_rx_daemon: frag_arrival: seq=252 idx=3 total=12 fw_us=1174821585 len=247

2026-08-17 23:23:01,964 INFO image_rx_daemon: frag_arrival: seq=252 idx=4 total=12 fw_us=1174938608 len=247

2026-08-17 23:23:02,083 INFO image_rx_daemon: frag_arrival: seq=252 idx=5 total=12 fw_us=1175055515 len=247

2026-08-17 23:23:02,194 INFO image_rx_daemon: frag_arrival: seq=252 idx=6 total=12 fw_us=1175172572 len=247

2026-08-17 23:23:02,312 INFO image_rx_daemon: frag_arrival: seq=252 idx=7 total=12 fw_us=1175289519 len=247

2026-08-17 23:23:02,435 INFO image_rx_daemon: frag_arrival: seq=252 idx=8 total=12 fw_us=1175406476 len=247

2026-08-17 23:23:02,543 INFO image_rx_daemon: frag_arrival: seq=252 idx=9 total=12 fw_us=1175524628 len=247

2026-08-17 23:23:02,667 INFO image_rx_daemon: frag_arrival: seq=252 idx=10 total=12 fw_us=1175640685 len=247

2026-08-17 23:23:02,756 WARNING image_rx_daemon: crc_dump: irq=0x70 rx_len=255 snr=-0.8 rssi=-66 dump=01020000000000daa13b8d5fcadaf04b6a20bee33382436dad4eeddcb73c4400be5aec10309ab6f6217820c961d75cfbd7ac8acbc6aa174d961eccd9b22c3e7117fa19a188fc38d9115024ac12a15ef883193947f7731a992f4cdab5d58e76d6c16b0bfbdc812d3185afe75f95b110b77dbfc79c739b93aca4cafa753d463111ed58db4ce082d8afc63ace3270fbb70431a10c875a4cdb3496b381ef6174004efe2d31a5642299fb5a304b048249e3b8a021cbf1269d2a70cd7db8a9350b4b39718438c4aaa6af875ba60db7bfbf5738d4a85e0c8b0ce0a573ec0420202ecfedf140afcd1f136795938b55561efb0c20e4a6b86c021993de0d60d9

2026-08-17 23:23:02,971 INFO image_rx_daemon: frag_arrival: seq=254 idx=0 total=12 fw_us=1175944598 len=247

2026-08-17 23:23:03,091 INFO image_rx_daemon: frag_arrival: seq=254 idx=1 total=12 fw_us=1176061328 len=247

2026-08-17 23:23:03,203 INFO image_rx_daemon: frag_arrival: seq=254 idx=2 total=12 fw_us=1176178502 len=247

2026-08-17 23:23:03,329 INFO image_rx_daemon: frag_arrival: seq=254 idx=3 total=12 fw_us=1176295594 len=247

2026-08-17 23:23:03,443 INFO image_rx_daemon: frag_arrival: seq=254 idx=4 total=12 fw_us=1176412594 len=247

2026-08-17 23:23:03,548 INFO image_rx_daemon: frag_arrival: seq=254 idx=5 total=12 fw_us=1176529746 len=247

2026-08-17 23:23:03,667 INFO image_rx_daemon: frag_arrival: seq=254 idx=6 total=12 fw_us=1176646580 len=247

2026-08-17 23:23:03,789 INFO image_rx_daemon: frag_arrival: seq=254 idx=7 total=12 fw_us=1176763672 len=247

2026-08-17 23:23:03,908 INFO image_rx_daemon: frag_arrival: seq=254 idx=8 total=12 fw_us=1176880805 len=247

2026-08-17 23:23:04,020 INFO image_rx_daemon: frag_arrival: seq=254 idx=9 total=12 fw_us=1176998628 len=247

2026-08-17 23:23:04,140 INFO image_rx_daemon: frag_arrival: seq=254 idx=10 total=12 fw_us=1177114821 len=247

2026-08-17 23:23:04,263 INFO image_rx_daemon: frag_arrival: seq=254 idx=11 total=12 fw_us=1177232628 len=246

2026-08-17 23:23:04,264 INFO image_rx_daemon: published frame_id=0 2915 B → lifetrac/v25/video/tile_delta

2026-08-17 23:23:04,451 INFO image_rx_daemon: frag_arrival: seq=1 idx=0 total=13 fw_us=1177419051 len=247

2026-08-17 23:23:04,561 INFO image_rx_daemon: frag_arrival: seq=1 idx=1 total=13 fw_us=1177535887 len=247

2026-08-17 23:23:04,683 INFO image_rx_daemon: frag_arrival: seq=1 idx=2 total=13 fw_us=1177653071 len=247

2026-08-17 23:23:04,795 INFO image_rx_daemon: frag_arrival: seq=1 idx=3 total=13 fw_us=1177770093 len=247

2026-08-17 23:23:04,915 INFO image_rx_daemon: frag_arrival: seq=1 idx=4 total=13 fw_us=1177887050 len=247

2026-08-17 23:23:05,012 INFO image_rx_daemon: frag_arrival: seq=1 idx=5 total=13 fw_us=1178004108 len=247

2026-08-17 23:23:05,140 INFO image_rx_daemon: frag_arrival: seq=1 idx=6 total=13 fw_us=1178120958 len=247

2026-08-17 23:23:05,260 INFO image_rx_daemon: frag_arrival: seq=1 idx=7 total=13 fw_us=1178237884 len=247

2026-08-17 23:23:05,379 WARNING image_rx_daemon: crc_dump: irq=0x70 rx_len=255 snr=2.5 rssi=-69 dump=0107000000000000fe0b080c341ffd600000e552494686ce0000005745425056503820c2000000d007009d012a200020003ec142a04b27a42331b008023018096c009d608482cf805cffd1dd301e2018a03fffdf00110873802823386deff8cf76ac3331a40a5745ff315620390000fee741a77b92eda778cf1efc786441aff9c139752ebc9567e94f211ac283a397c1da12bb1698fc13452427614ca65ffa751483683a5c3f7f593e217b72275c9705f6794c2a67a907b5fef6a81396594a4125f56785329219690153f1876ea8cb279553577cde52f4e297818db9e8cfcf8610373f779388dc01006d522946466600000057494250565038235a

2026-08-17 23:23:05,498 INFO image_rx_daemon: frag_arrival: seq=1 idx=9 total=13 fw_us=1178472085 len=247

2026-08-17 23:23:05,616 INFO image_rx_daemon: frag_arrival: seq=1 idx=10 total=13 fw_us=1178589050 len=247

2026-08-17 23:23:05,724 INFO image_rx_daemon: frag_arrival: seq=1 idx=11 total=13 fw_us=1178705972 len=247

2026-08-17 23:23:05,763 INFO image_rx_daemon: frag_arrival: seq=1 idx=12 total=13 fw_us=1178747697 len=73

2026-08-17 23:23:06,019 INFO image_rx_daemon: frag_arrival: seq=7 idx=0 total=13 fw_us=1179010012 len=247

2026-08-17 23:23:06,054 INFO image_rx_daemon: stats: rx_frames=1084 rx_decode_err=0 frames_published=56 publish_err=0 reassembler_decode_err=0 reassembler_timeouts=31 parity_recon=0

2026-08-17 23:23:06,055 INFO image_rx_daemon: air_gap: n=81 dt_med=117010us dt_p95=234201us len_med=247B cmd_tx_ok=16 cmd_tx_fail=0

2026-08-17 23:23:06,056 INFO image_rx_daemon: air_gap_hist(ms): <40:2 <80:3 <120:68 <200:3 <400:5

2026-08-17 23:23:06,057 INFO image_rx_daemon: rx_rf: n_rssi=81 n_snr=81 rssi[min/med/max]=-71/-70/-69 snr[min/med/max]=5.0/6.0/7.0

2026-08-17 23:23:06,057 INFO image_rx_daemon: phase_telemetry: valid=81 invalid=0 pre_f8=0 last_epoch=0 last_hop=0 slot_off=[0..0]

2026-08-17 23:23:06,058 INFO image_rx_daemon: air_gap_by_class: seq: n=73 med=117.0ms | boundary: n=7 med=259.7ms | post_loss: n=1 med=234.2ms

2026-08-17 23:23:06,059 INFO image_rx_daemon: lost_frag_idx: n=2 idx0=0 (0.00% of idx0 arrivals) other=2 (2.63%) verdict=not-clustered | top 11:1 8:1

2026-08-17 23:23:06,148 INFO image_rx_daemon: frag_arrival: seq=7 idx=1 total=13 fw_us=1179126878 len=247

2026-08-17 23:23:06,269 INFO image_rx_daemon: frag_arrival: seq=7 idx=2 total=13 fw_us=1179243970 len=247

2026-08-17 23:23:06,401 INFO image_rx_daemon: frag_arrival: seq=7 idx=3 total=13 fw_us=1179361018 len=247

2026-08-17 23:23:06,501 INFO image_rx_daemon: frag_arrival: seq=7 idx=4 total=13 fw_us=1179478057 len=247

2026-08-17 23:23:06,619 INFO image_rx_daemon: frag_arrival: seq=7 idx=5 total=13 fw_us=1179595080 len=247

2026-08-17 23:23:06,729 INFO image_rx_daemon: frag_arrival: seq=7 idx=6 total=13 fw_us=1179711920 len=247

2026-08-17 23:23:06,853 INFO image_rx_daemon: frag_arrival: seq=7 idx=7 total=13 fw_us=1179829086 len=247

2026-08-17 23:23:06,973 INFO image_rx_daemon: frag_arrival: seq=7 idx=8 total=13 fw_us=1179946050 len=247

2026-08-17 23:23:07,092 INFO image_rx_daemon: frag_arrival: seq=7 idx=9 total=13 fw_us=1180063129 len=247

2026-08-17 23:23:07,200 INFO image_rx_daemon: frag_arrival: seq=7 idx=10 total=13 fw_us=1180180129 len=247

2026-08-17 23:23:07,309 INFO image_rx_daemon: frag_arrival: seq=7 idx=11 total=13 fw_us=1180297224 len=247

2026-08-17 23:23:07,348 INFO image_rx_daemon: frag_arrival: seq=7 idx=12 total=13 fw_us=1180335055 len=63

2026-08-17 23:23:07,353 INFO image_rx_daemon: published frame_id=0 2975 B → lifetrac/v25/video/tile_delta

2026-08-17 23:23:07,628 INFO image_rx_daemon: frag_arrival: seq=8 idx=0 total=13 fw_us=1180600984 len=247

2026-08-17 23:23:07,769 WARNING image_rx_daemon: crc_dump: irq=0x70 rx_len=235 snr=-0.8 rssi=-67 dump=08d7cf9f73ddd29c515e12278a0cf9a1c8da55b6591ecffdf785f372d0c24133beed57a475af7ab9c1bed5c48a3c51063d819f334d1f13c84e064aa41bc77479b36d9b217c54915b7aa7cd1577c740ea82389f2a4600c85c547dd7341c3d4f7520df246a4235e9cde45315aa4f760f47df1e341d63c160a2b4eb9374bd4c2ce0768f1aad4de886d4e2ffdbc2b79a0b587b723bcf1912909dba4c754d63832f18b5e5c6c979eb09e129e282a42a75375687f1d233f14600241371ab79b53c861ee3211881f60e3890e879974f48563ece759660b93426948e134007f24877648b41bed01db1ce7e1761420c

2026-08-17 23:23:07,981 INFO image_rx_daemon: frag_arrival: seq=8 idx=3 total=13 fw_us=1180951910 len=247

2026-08-17 23:23:08,091 INFO image_rx_daemon: frag_arrival: seq=8 idx=4 total=13 fw_us=1181068948 len=247

2026-08-17 23:23:08,215 INFO image_rx_daemon: frag_arrival: seq=8 idx=5 total=13 fw_us=1181185792 len=247

2026-08-17 23:23:08,330 INFO image_rx_daemon: frag_arrival: seq=8 idx=6 total=13 fw_us=1181302730 len=247

2026-08-17 23:23:08,440 INFO image_rx_daemon: frag_arrival: seq=8 idx=7 total=13 fw_us=1181419834 len=247

2026-08-17 23:23:08,559 INFO image_rx_daemon: frag_arrival: seq=8 idx=8 total=13 fw_us=1181536787 len=247

2026-08-17 23:23:08,676 INFO image_rx_daemon: frag_arrival: seq=8 idx=9 total=13 fw_us=1181653989 len=247

2026-08-17 23:23:08,795 INFO image_rx_daemon: frag_arrival: seq=8 idx=10 total=13 fw_us=1181770847 len=247

2026-08-17 23:23:08,915 INFO image_rx_daemon: frag_arrival: seq=8 idx=11 total=13 fw_us=1181887863 len=247

2026-08-17 23:23:08,945 INFO image_rx_daemon: frag_arrival: seq=8 idx=12 total=13 fw_us=1181929605 len=74

2026-08-17 23:23:09,210 INFO image_rx_daemon: frag_arrival: seq=10 idx=0 total=13 fw_us=1182191710 len=247

2026-08-17 23:23:09,322 INFO image_rx_daemon: frag_arrival: seq=10 idx=1 total=13 fw_us=1182308477 len=247

2026-08-17 23:23:09,455 INFO image_rx_daemon: frag_arrival: seq=10 idx=2 total=13 fw_us=1182425631 len=247

2026-08-17 23:23:09,576 INFO image_rx_daemon: frag_arrival: seq=10 idx=3 total=13 fw_us=1182542617 len=247

2026-08-17 23:23:09,685 INFO image_rx_daemon: frag_arrival: seq=10 idx=4 total=13 fw_us=1182659585 len=247

2026-08-17 23:23:09,804 INFO image_rx_daemon: frag_arrival: seq=10 idx=5 total=13 fw_us=1182776576 len=247

2026-08-17 23:23:09,936 INFO image_rx_daemon: frag_arrival: seq=10 idx=6 total=13 fw_us=1182893558 len=247

2026-08-17 23:23:10,023 INFO image_rx_daemon: frag_arrival: seq=10 idx=7 total=13 fw_us=1183010464 len=247

2026-08-17 23:23:10,150 INFO image_rx_daemon: frag_arrival: seq=10 idx=8 total=13 fw_us=1183127531 len=247

2026-08-17 23:23:10,271 INFO image_rx_daemon: frag_arrival: seq=10 idx=9 total=13 fw_us=1183244461 len=247

2026-08-17 23:23:10,395 INFO image_rx_daemon: frag_arrival: seq=10 idx=10 total=13 fw_us=1183361502 len=247

2026-08-17 23:23:10,493 INFO image_rx_daemon: frag_arrival: seq=10 idx=11 total=13 fw_us=1183478485 len=247

2026-08-17 23:23:10,530 INFO image_rx_daemon: frag_arrival: seq=10 idx=12 total=13 fw_us=1183520212 len=73

2026-08-17 23:23:10,533 INFO image_rx_daemon: published frame_id=0 2985 B → lifetrac/v25/video/tile_delta

2026-08-17 23:23:10,808 INFO image_rx_daemon: frag_arrival: seq=14 idx=0 total=12 fw_us=1183782216 len=247

2026-08-17 23:23:10,931 INFO image_rx_daemon: frag_arrival: seq=14 idx=1 total=12 fw_us=1183899107 len=247

2026-08-17 23:23:11,031 INFO image_rx_daemon: frag_arrival: seq=14 idx=2 total=12 fw_us=1184016077 len=247

2026-08-17 23:23:11,160 INFO image_rx_daemon: frag_arrival: seq=14 idx=3 total=12 fw_us=1184133158 len=247

2026-08-17 23:23:11,383 INFO image_rx_daemon: frag_arrival: seq=14 idx=5 total=12 fw_us=1184367361 len=247

2026-08-17 23:23:11,511 INFO image_rx_daemon: frag_arrival: seq=14 idx=6 total=12 fw_us=1184484327 len=247

2026-08-17 23:23:11,627 INFO image_rx_daemon: frag_arrival: seq=14 idx=7 total=12 fw_us=1184601505 len=247

2026-08-17 23:23:11,724 WARNING image_rx_daemon: crc_dump: irq=0x70 rx_len=255 snr=3.5 rssi=-66 dump=9dee9b88f1ed732e5a09f626bac949fe15c0fa9c7faf2ffcc78058e809cb46c1bcb9fc69b1a7e53175e0863ee8f239abb3fb8086e9391d9893eeac25035c51c70c6e1b4bf0fccaa8f7e19468afedea341acb4d5f2895365560a8a2f0460e50815a5ba8f8b8998c8f557b34f1d0e82dbe754e5e51a07b0e93ea950f7919305c9db6dada897cf4a3a9ae6ba28930c5cb2531e5517cb0d77eb0be1ee5903d376318f758a214803b60accd4f3c439ccd256129a79bbc1472a927a4533a55e60dbe7426ae488dc64755096819d8b6c7aa3b8703c6c5189d021bcc567be073b8085fc0b205b8bbfb6bdaa8a72ec8581aff98c01c2d03f3827872f0ebc14c

2026-08-17 23:23:11,864 INFO image_rx_daemon: frag_arrival: seq=14 idx=9 total=12 fw_us=1184835533 len=247

2026-08-17 23:23:11,977 INFO image_rx_daemon: frag_arrival: seq=14 idx=10 total=12 fw_us=1184952498 len=247

2026-08-17 23:23:12,075 WARNING image_rx_daemon: crc_dump: irq=0x70 rx_len=255 snr=0.5 rssi=-66 dump=014a087060c953c27a2a0a68031b622ae54a538e015a37a3a4db1042ff6afdbc71f94328fa02c98a448a301c16006b112e639d90ca5256669b11e7e7e1c7111e18a2cd9210f8f779a8e364a387014ec83fbe75474f7dd1fee58c4632047c85894fcf5386c930300df9a55e9f87187de350e9cd01e3dec49178f49a9430e2eee04a7a193385337fdce87fb3fefe0882c14b333dd681979e79f2af2f72e058f79034c690935484c6cffd7dd2ab533aac0649b62c23a3474b64c0dfe017d3b51ed6e35034698147d8a49c64e3b5049e9328ddd45b42d578fc953dbddf3cc98b83d70f92a6d52432adf48bdffd0cfa04edd0ae83cfc07a55f9e436a49f

2026-08-17 23:23:12,276 INFO image_rx_daemon: frag_arrival: seq=17 idx=0 total=12 fw_us=1185256630 len=247

2026-08-17 23:23:12,405 INFO image_rx_daemon: frag_arrival: seq=17 idx=1 total=12 fw_us=1185373561 len=247

2026-08-17 23:23:12,512 INFO image_rx_daemon: frag_arrival: seq=17 idx=2 total=12 fw_us=1185490631 len=247

2026-08-17 23:23:12,632 INFO image_rx_daemon: frag_arrival: seq=17 idx=3 total=12 fw_us=1185607631 len=247

2026-08-17 23:23:12,755 INFO image_rx_daemon: frag_arrival: seq=17 idx=4 total=12 fw_us=1185724779 len=247

2026-08-17 23:23:12,863 INFO image_rx_daemon: frag_arrival: seq=17 idx=5 total=12 fw_us=1185841816 len=247

2026-08-17 23:23:12,983 INFO image_rx_daemon: frag_arrival: seq=17 idx=6 total=12 fw_us=1185958793 len=247

2026-08-17 23:23:13,104 INFO image_rx_daemon: frag_arrival: seq=17 idx=7 total=12 fw_us=1186075816 len=247

2026-08-17 23:23:13,223 INFO image_rx_daemon: frag_arrival: seq=17 idx=8 total=12 fw_us=1186192793 len=247

2026-08-17 23:23:13,322 INFO image_rx_daemon: frag_arrival: seq=17 idx=9 total=12 fw_us=1186309890 len=247

2026-08-17 23:23:13,452 INFO image_rx_daemon: frag_arrival: seq=17 idx=10 total=12 fw_us=1186426913 len=247

2026-08-17 23:23:13,553 WARNING image_rx_daemon: crc_dump: irq=0x70 rx_len=255 snr=6.0 rssi=-67 dump=01020040dcbc9c8a40ed834fd9434d847bcb23a287af5e22d3719bde5f442c58ebbf0e0d10ee9ba1ac17b30b2123ecc051def2b4b20c0f663248ebf4eb5ab0a47237635b4309d2f97a3c1f8f6147ac26cbe490237b9fc6a735a9288215ac663bcd6ee37bb2ff914781c2d7cbd251876321e819a5d5dcbce1ee83a8253b3dfd5a44dd93df2eb39ad2159e7f69f2d3cf7b7155ae1f856675b8d1713571397e7255b7f68fb57927be5a51ec19e4af2ad49e73ec33223fe7c8b7f47b5bb329b49fe17edf8acc244f7cdfb80866057998345a3e24c50d4087baafc3c2943e4943ab56cdb308bc3307d75e4ffe8166bbba76eacf30999e4f12fa3dce743a

2026-08-17 23:23:13,759 INFO image_rx_daemon: frag_arrival: seq=20 idx=0 total=13 fw_us=1186730785 len=247

2026-08-17 23:23:13,868 INFO image_rx_daemon: frag_arrival: seq=20 idx=1 total=13 fw_us=1186847582 len=247

2026-08-17 23:23:13,987 INFO image_rx_daemon: frag_arrival: seq=20 idx=2 total=13 fw_us=1186964730 len=247

2026-08-17 23:23:14,220 INFO image_rx_daemon: frag_arrival: seq=20 idx=4 total=13 fw_us=1187198708 len=247

2026-08-17 23:23:14,340 INFO image_rx_daemon: frag_arrival: seq=20 idx=5 total=13 fw_us=1187315671 len=247

2026-08-17 23:23:14,459 INFO image_rx_daemon: frag_arrival: seq=20 idx=6 total=13 fw_us=1187432696 len=247

2026-08-17 23:23:14,579 INFO image_rx_daemon: frag_arrival: seq=20 idx=7 total=13 fw_us=1187549718 len=247

2026-08-17 23:23:14,691 INFO image_rx_daemon: frag_arrival: seq=20 idx=8 total=13 fw_us=1187666865 len=247

2026-08-17 23:23:14,810 INFO image_rx_daemon: frag_arrival: seq=20 idx=9 total=13 fw_us=1187783856 len=247

2026-08-17 23:23:14,931 INFO image_rx_daemon: frag_arrival: seq=20 idx=10 total=13 fw_us=1187900960 len=247

2026-08-17 23:23:15,031 INFO image_rx_daemon: frag_arrival: seq=20 idx=11 total=13 fw_us=1188017952 len=247

2026-08-17 23:23:15,064 INFO image_rx_daemon: frag_arrival: seq=20 idx=12 total=13 fw_us=1188050513 len=47

2026-08-17 23:23:15,260 INFO image_rx_daemon: frag_arrival: seq=23 idx=0 total=13 fw_us=1188231672 len=247

2026-08-17 23:23:15,375 INFO image_rx_daemon: frag_arrival: seq=23 idx=1 total=13 fw_us=1188348767 len=247

2026-08-17 23:23:15,496 INFO image_rx_daemon: frag_arrival: seq=23 idx=2 total=13 fw_us=1188465630 len=247

2026-08-17 23:23:15,604 INFO image_rx_daemon: frag_arrival: seq=23 idx=3 total=13 fw_us=1188582799 len=247

2026-08-17 23:23:15,720 INFO image_rx_daemon: frag_arrival: seq=23 idx=4 total=13 fw_us=1188699765 len=247

2026-08-17 23:23:15,847 INFO image_rx_daemon: frag_arrival: seq=23 idx=5 total=13 fw_us=1188816841 len=247

2026-08-17 23:23:15,957 INFO image_rx_daemon: frag_arrival: seq=23 idx=6 total=13 fw_us=1188933882 len=247

2026-08-17 23:23:16,074 INFO image_rx_daemon: stats: rx_frames=1159 rx_decode_err=0 frames_published=58 publish_err=0 reassembler_decode_err=0 reassembler_timeouts=35 parity_recon=0

2026-08-17 23:23:16,076 INFO image_rx_daemon: frag_arrival: seq=23 idx=7 total=13 fw_us=1189050885 len=247

2026-08-17 23:23:16,076 INFO image_rx_daemon: air_gap: n=76 dt_med=117023us dt_p95=265929us len_med=247B cmd_tx_ok=16 cmd_tx_fail=0

2026-08-17 23:23:16,078 INFO image_rx_daemon: air_gap_hist(ms): <40:2 <80:2 <120:62 <200:1 <400:9

2026-08-17 23:23:16,078 INFO image_rx_daemon: rx_rf: n_rssi=76 n_snr=76 rssi[min/med/max]=-71/-70/-69 snr[min/med/max]=5.0/6.0/6.0

2026-08-17 23:23:16,078 INFO image_rx_daemon: phase_telemetry: valid=76 invalid=0 pre_f8=0 last_epoch=0 last_hop=0 slot_off=[0..0]

2026-08-17 23:23:16,079 INFO image_rx_daemon: air_gap_by_class: seq: n=64 med=117.0ms | boundary: n=6 med=265.9ms | post_loss: n=4 med=234.2ms

2026-08-17 23:23:16,079 INFO image_rx_daemon: lost_frag_idx: n=6 idx0=0 (0.00% of idx0 arrivals) other=6 (7.89%) verdict=not-clustered | top 11:2 1:1 2:1 8:1 3:1

2026-08-17 23:23:16,080 INFO image_rx_daemon: frag_reordered: 2 late out-of-order arrivals had a provisional loss retracted (in-order assumption violated — see RS-11.4)

2026-08-17 23:23:16,199 INFO image_rx_daemon: frag_arrival: seq=23 idx=8 total=13 fw_us=1189167734 len=247

2026-08-17 23:23:16,304 INFO image_rx_daemon: frag_arrival: seq=23 idx=9 total=13 fw_us=1189284962 len=247

2026-08-17 23:23:16,430 INFO image_rx_daemon: frag_arrival: seq=23 idx=10 total=13 fw_us=1189401924 len=247

2026-08-17 23:23:16,553 INFO image_rx_daemon: frag_arrival: seq=23 idx=11 total=13 fw_us=1189518977 len=247

2026-08-17 23:23:16,554 INFO image_rx_daemon: frag_arrival: seq=23 idx=12 total=13 fw_us=1189548628 len=39

2026-08-17 23:23:16,555 INFO image_rx_daemon: published frame_id=0 2951 B → lifetrac/v25/video/tile_delta

2026-08-17 23:23:16,747 INFO image_rx_daemon: frag_arrival: seq=26 idx=0 total=13 fw_us=1189727402 len=247

2026-08-17 23:23:16,875 INFO image_rx_daemon: frag_arrival: seq=26 idx=1 total=13 fw_us=1189844395 len=247

2026-08-17 23:23:16,984 INFO image_rx_daemon: frag_arrival: seq=26 idx=2 total=13 fw_us=1189961416 len=247

2026-08-17 23:23:17,107 INFO image_rx_daemon: frag_arrival: seq=26 idx=3 total=13 fw_us=1190078445 len=247

2026-08-17 23:23:17,225 INFO image_rx_daemon: frag_arrival: seq=26 idx=4 total=13 fw_us=1190195361 len=247

2026-08-17 23:23:17,330 INFO image_rx_daemon: frag_arrival: seq=26 idx=5 total=13 fw_us=1190312432 len=247

2026-08-17 23:23:17,459 INFO image_rx_daemon: frag_arrival: seq=26 idx=6 total=13 fw_us=1190429226 len=247

2026-08-17 23:23:17,569 INFO image_rx_daemon: frag_arrival: seq=26 idx=7 total=13 fw_us=1190546237 len=247

2026-08-17 23:23:17,688 INFO image_rx_daemon: frag_arrival: seq=26 idx=8 total=13 fw_us=1190663147 len=247

2026-08-17 23:23:17,807 INFO image_rx_daemon: frag_arrival: seq=26 idx=9 total=13 fw_us=1190780395 len=247

2026-08-17 23:23:17,931 INFO image_rx_daemon: frag_arrival: seq=26 idx=10 total=13 fw_us=1190897390 len=247

2026-08-17 23:23:18,031 INFO image_rx_daemon: frag_arrival: seq=26 idx=11 total=13 fw_us=1191014406 len=247

2026-08-17 23:23:18,043 INFO image_rx_daemon: frag_arrival: seq=26 idx=12 total=13 fw_us=1191032627 len=11

2026-08-17 23:23:18,045 INFO image_rx_daemon: published frame_id=0 2923 B → lifetrac/v25/video/tile_delta

2026-08-17 23:23:18,236 INFO image_rx_daemon: frag_arrival: seq=29 idx=0 total=13 fw_us=1191208808 len=247

2026-08-17 23:23:18,355 INFO image_rx_daemon: frag_arrival: seq=29 idx=1 total=13 fw_us=1191325714 len=247

2026-08-17 23:23:18,473 INFO image_rx_daemon: frag_arrival: seq=29 idx=2 total=13 fw_us=1191442809 len=247

2026-08-17 23:23:18,583 INFO image_rx_daemon: frag_arrival: seq=29 idx=3 total=13 fw_us=1191559793 len=247

2026-08-17 23:23:18,705 INFO image_rx_daemon: frag_arrival: seq=29 idx=4 total=13 fw_us=1191677628 len=247

2026-08-17 23:23:18,827 INFO image_rx_daemon: frag_arrival: seq=29 idx=5 total=13 fw_us=1191793723 len=247

2026-08-17 23:23:18,948 INFO image_rx_daemon: frag_arrival: seq=29 idx=6 total=13 fw_us=1191910599 len=247

2026-08-17 23:23:19,055 INFO image_rx_daemon: frag_arrival: seq=29 idx=7 total=13 fw_us=1192027761 len=247

2026-08-17 23:23:19,179 INFO image_rx_daemon: frag_arrival: seq=29 idx=8 total=13 fw_us=1192144727 len=247

2026-08-17 23:23:19,287 INFO image_rx_daemon: frag_arrival: seq=29 idx=9 total=13 fw_us=1192261703 len=247

2026-08-17 23:23:19,407 INFO image_rx_daemon: frag_arrival: seq=29 idx=10 total=13 fw_us=1192378751 len=247

2026-08-17 23:23:19,528 INFO image_rx_daemon: frag_arrival: seq=29 idx=11 total=13 fw_us=1192495840 len=247

2026-08-17 23:23:19,558 INFO image_rx_daemon: frag_arrival: seq=29 idx=12 total=13 fw_us=1192540177 len=80

2026-08-17 23:23:19,561 INFO image_rx_daemon: published frame_id=0 2992 B → lifetrac/v25/video/tile_delta

2026-08-17 23:23:19,829 INFO image_rx_daemon: frag_arrival: seq=32 idx=0 total=12 fw_us=1192799443 len=247

2026-08-17 23:23:19,945 INFO image_rx_daemon: frag_arrival: seq=32 idx=1 total=12 fw_us=1192916220 len=247

2026-08-17 23:23:20,066 INFO image_rx_daemon: frag_arrival: seq=32 idx=2 total=12 fw_us=1193033380 len=247

2026-08-17 23:23:20,181 INFO image_rx_daemon: frag_arrival: seq=32 idx=3 total=12 fw_us=1193150384 len=247

2026-08-17 23:23:20,292 INFO image_rx_daemon: frag_arrival: seq=32 idx=4 total=12 fw_us=1193267293 len=247

2026-08-17 23:23:20,417 INFO image_rx_daemon: frag_arrival: seq=32 idx=5 total=12 fw_us=1193384243 len=247

2026-08-17 23:23:20,516 INFO image_rx_daemon: frag_arrival: seq=32 idx=6 total=12 fw_us=1193501134 len=247

2026-08-17 23:23:20,643 INFO image_rx_daemon: frag_arrival: seq=32 idx=7 total=12 fw_us=1193618184 len=247

2026-08-17 23:23:20,760 INFO image_rx_daemon: frag_arrival: seq=32 idx=8 total=12 fw_us=1193735230 len=247

2026-08-17 23:23:20,879 INFO image_rx_daemon: frag_arrival: seq=32 idx=9 total=12 fw_us=1193852145 len=247

2026-08-17 23:23:20,996 INFO image_rx_daemon: frag_arrival: seq=32 idx=10 total=12 fw_us=1193969113 len=247

2026-08-17 23:23:21,104 INFO image_rx_daemon: frag_arrival: seq=32 idx=11 total=12 fw_us=1194080313 len=241

2026-08-17 23:23:21,105 INFO image_rx_daemon: published frame_id=0 2910 B → lifetrac/v25/video/tile_delta

2026-08-17 23:23:21,296 INFO image_rx_daemon: frag_arrival: seq=35 idx=0 total=13 fw_us=1194272795 len=247

2026-08-17 23:23:21,422 INFO image_rx_daemon: frag_arrival: seq=35 idx=1 total=13 fw_us=1194389696 len=247

2026-08-17 23:23:21,532 INFO image_rx_daemon: frag_arrival: seq=35 idx=2 total=13 fw_us=1194506728 len=247

2026-08-17 23:23:21,650 INFO image_rx_daemon: frag_arrival: seq=35 idx=3 total=13 fw_us=1194623757 len=247

2026-08-17 23:23:21,773 INFO image_rx_daemon: frag_arrival: seq=35 idx=4 total=13 fw_us=1194740728 len=247

2026-08-17 23:23:21,892 INFO image_rx_daemon: frag_arrival: seq=35 idx=5 total=13 fw_us=1194857756 len=247

2026-08-17 23:23:22,001 INFO image_rx_daemon: frag_arrival: seq=35 idx=6 total=13 fw_us=1194974631 len=247

2026-08-17 23:23:22,002 WARNING image_rx_daemon: crc_dump: irq=0x70 rx_len=28 snr=-11.8 rssi=-114 dump=e24adcc8557404e126660ebc07dffd779008570559f09e0182681e35

2026-08-17 23:23:22,110 INFO image_rx_daemon: frag_arrival: seq=35 idx=7 total=13 fw_us=1195091809 len=247

2026-08-17 23:23:22,236 INFO image_rx_daemon: frag_arrival: seq=35 idx=8 total=13 fw_us=1195208748 len=247

2026-08-17 23:23:22,359 INFO image_rx_daemon: frag_arrival: seq=35 idx=9 total=13 fw_us=1195325595 len=247

2026-08-17 23:23:22,468 INFO image_rx_daemon: frag_arrival: seq=35 idx=10 total=13 fw_us=1195442714 len=247

2026-08-17 23:23:22,587 INFO image_rx_daemon: frag_arrival: seq=35 idx=11 total=13 fw_us=1195559723 len=247

2026-08-17 23:23:22,616 INFO image_rx_daemon: frag_arrival: seq=35 idx=12 total=13 fw_us=1195601409 len=71

2026-08-17 23:23:22,620 INFO image_rx_daemon: published frame_id=0 2983 B → lifetrac/v25/video/tile_delta

2026-08-17 23:23:22,896 INFO image_rx_daemon: frag_arrival: seq=38 idx=0 total=12 fw_us=1195863395 len=247

2026-08-17 23:23:23,028 INFO image_rx_daemon: frag_arrival: seq=38 idx=1 total=12 fw_us=1195980169 len=247

2026-08-17 23:23:23,124 INFO image_rx_daemon: frag_arrival: seq=38 idx=2 total=12 fw_us=1196097096 len=247

2026-08-17 23:23:23,251 INFO image_rx_daemon: frag_arrival: seq=38 idx=3 total=12 fw_us=1196214220 len=247

2026-08-17 23:23:23,355 INFO image_rx_daemon: frag_arrival: seq=38 idx=4 total=12 fw_us=1196331218 len=247

2026-08-17 23:23:23,475 INFO image_rx_daemon: frag_arrival: seq=38 idx=5 total=12 fw_us=1196448046 len=247

2026-08-17 23:23:23,595 INFO image_rx_daemon: frag_arrival: seq=38 idx=6 total=12 fw_us=1196565129 len=247

2026-08-17 23:23:23,712 INFO image_rx_daemon: frag_arrival: seq=38 idx=7 total=12 fw_us=1196681792 len=247

2026-08-17 23:23:23,837 INFO image_rx_daemon: frag_arrival: seq=38 idx=8 total=12 fw_us=1196798956 len=247

2026-08-17 23:23:23,945 INFO image_rx_daemon: frag_arrival: seq=38 idx=9 total=12 fw_us=1196915883 len=247

2026-08-17 23:23:24,064 INFO image_rx_daemon: frag_arrival: seq=38 idx=10 total=12 fw_us=1197032834 len=247

2026-08-17 23:23:24,159 WARNING image_rx_daemon: crc_dump: irq=0x70 rx_len=255 snr=2.0 rssi=-66 dump=0102000000000002feea1006fbc0b70b1ad10335595628d0f3a901370bd0bf657ffd83d51b77d399db6bd48d0406c071cb5532004d7e13a7d2496ca9b546d39d2f292cd8a6c0ea0c474ee7ed0e504165b274c57fa41c1d19065199645e80be1d60e2756d68c522d7596923f441515946506ca4b8ba96e2a721bcd0200aa2eef8c7071bf75c1c8513dd153b57d335f6ef06e0538e5c70f0a316a82637f7bd6a54ea3420e43796cabc3af9ea780ce285068b325da8afac687af14e49f60dd21effb3a55ced29d266c4c3897119964a04428ed454e8d1d4101239be763b3abd079742ac3b10c3461109cac591cefe1aa71b749788f0ef7e57ca05d98b

2026-08-17 23:23:24,358 INFO image_rx_daemon: frag_arrival: seq=41 idx=0 total=13 fw_us=1197336490 len=247

2026-08-17 23:23:24,488 INFO image_rx_daemon: frag_arrival: seq=41 idx=1 total=13 fw_us=1197453308 len=247

2026-08-17 23:23:24,596 INFO image_rx_daemon: frag_arrival: seq=41 idx=2 total=13 fw_us=1197570316 len=247

2026-08-17 23:23:24,713 INFO image_rx_daemon: frag_arrival: seq=41 idx=3 total=13 fw_us=1197687218 len=247

2026-08-17 23:23:24,832 INFO image_rx_daemon: frag_arrival: seq=41 idx=4 total=13 fw_us=1197804216 len=247

2026-08-17 23:23:24,952 INFO image_rx_daemon: frag_arrival: seq=41 idx=5 total=13 fw_us=1197921243 len=247

2026-08-17 23:23:25,075 INFO image_rx_daemon: frag_arrival: seq=41 idx=6 total=13 fw_us=1198038048 len=247

2026-08-17 23:23:25,184 INFO image_rx_daemon: frag_arrival: seq=41 idx=7 total=13 fw_us=1198154981 len=247

2026-08-17 23:23:25,307 INFO image_rx_daemon: frag_arrival: seq=41 idx=8 total=13 fw_us=1198271989 len=247

2026-08-17 23:23:25,407 WARNING image_rx_daemon: crc_dump: irq=0x70 rx_len=255 snr=-0.5 rssi=-66 dump=8161415b188939029b5fcf0251106562b0c80d199512d074d6c24b267b6796a35337cd9efcb7b69e3d5161a3fe2f439789ade406de94ca0e0fc65222566d68e171801d6349b5a213a845173c9b5d6a042524904418d246bb3d78db665b7579d21d4c79681760d4d0ab369399ca90c71ccdc2b032d65e2c9a94d03cf5d53bb537fae97a4f5b1e7ccd8747a280356d71c2bcd51cb607b46d02ccea0f9fbb3c8b0c6cc4afbb8bf0aa17a5b153b69f04c4de77fbd3581b0a2ff5cf712965ce44790e0d015ef2dca815c30bf3e3fd7bcf18321f909e16ae458129fae400267e630a4f82572c637705f5762de1d4ca3cde933145fb35e642ce378a27ad1a

2026-08-17 23:23:25,536 INFO image_rx_daemon: frag_arrival: seq=41 idx=10 total=13 fw_us=1198506004 len=247

2026-08-17 23:23:25,653 INFO image_rx_daemon: frag_arrival: seq=41 idx=11 total=13 fw_us=1198622950 len=247

2026-08-17 23:23:25,654 INFO image_rx_daemon: frag_arrival: seq=41 idx=12 total=13 fw_us=1198646330 len=22

2026-08-17 23:23:25,856 INFO image_rx_daemon: frag_arrival: seq=44 idx=0 total=13 fw_us=1198822688 len=247

2026-08-17 23:23:25,979 INFO image_rx_daemon: frag_arrival: seq=44 idx=1 total=13 fw_us=1198939759 len=247

2026-08-17 23:23:26,084 INFO image_rx_daemon: frag_arrival: seq=44 idx=2 total=13 fw_us=1199056702 len=247

2026-08-17 23:23:26,085 INFO image_rx_daemon: stats: rx_frames=1242 rx_decode_err=0 frames_published=63 publish_err=0 reassembler_decode_err=0 reassembler_timeouts=37 parity_recon=0

2026-08-17 23:23:26,086 INFO image_rx_daemon: air_gap: n=82 dt_med=116995us dt_p95=192482us len_med=247B cmd_tx_ok=16 cmd_tx_fail=0

2026-08-17 23:23:26,088 INFO image_rx_daemon: air_gap_hist(ms): <20:1 <40:2 <80:2 <120:69 <200:4 <400:4

2026-08-17 23:23:26,088 INFO image_rx_daemon: rx_rf: n_rssi=82 n_snr=82 rssi[min/med/max]=-71/-70/-69 snr[min/med/max]=5.0/6.0/7.0

2026-08-17 23:23:26,089 INFO image_rx_daemon: phase_telemetry: valid=82 invalid=0 pre_f8=0 last_epoch=0 last_hop=0 slot_off=[0..0]

2026-08-17 23:23:26,089 INFO image_rx_daemon: air_gap_by_class: seq: n=71 med=117.0ms | boundary: n=7 med=192.5ms | post_loss: n=1 med=234.0ms

2026-08-17 23:23:26,090 INFO image_rx_daemon: lost_frag_idx: n=2 idx0=0 (0.00% of idx0 arrivals) other=2 (2.60%) verdict=not-clustered | top 11:1 9:1

2026-08-17 23:23:26,090 INFO image_rx_daemon: frag_reordered: 3 late out-of-order arrivals had a provisional loss retracted (in-order assumption violated — see RS-11.4)

2026-08-17 23:23:26,204 INFO image_rx_daemon: frag_arrival: seq=44 idx=3 total=13 fw_us=1199173626 len=247

2026-08-17 23:23:26,327 INFO image_rx_daemon: frag_arrival: seq=44 idx=4 total=13 fw_us=1199290576 len=247

2026-08-17 23:23:26,435 INFO image_rx_daemon: frag_arrival: seq=44 idx=5 total=13 fw_us=1199407549 len=247

2026-08-17 23:23:26,559 INFO image_rx_daemon: frag_arrival: seq=44 idx=6 total=13 fw_us=1199524505 len=247

2026-08-17 23:23:26,668 INFO image_rx_daemon: frag_arrival: seq=44 idx=7 total=13 fw_us=1199641438 len=247

2026-08-17 23:23:26,789 INFO image_rx_daemon: frag_arrival: seq=44 idx=8 total=13 fw_us=1199758410 len=247

2026-08-17 23:23:26,911 INFO image_rx_daemon: frag_arrival: seq=44 idx=9 total=13 fw_us=1199875386 len=247

2026-08-17 23:23:27,009 INFO image_rx_daemon: frag_arrival: seq=44 idx=10 total=13 fw_us=1199992316 len=247

2026-08-17 23:23:27,137 INFO image_rx_daemon: frag_arrival: seq=44 idx=11 total=13 fw_us=1200109283 len=247

2026-08-17 23:23:27,154 INFO image_rx_daemon: frag_arrival: seq=44 idx=12 total=13 fw_us=1200139242 len=41

2026-08-17 23:23:27,159 INFO image_rx_daemon: published frame_id=0 2953 B → lifetrac/v25/video/tile_delta

2026-08-17 23:23:27,349 INFO image_rx_daemon: frag_arrival: seq=47 idx=0 total=13 fw_us=1200317628 len=247

2026-08-17 23:23:27,471 INFO image_rx_daemon: frag_arrival: seq=47 idx=1 total=13 fw_us=1200433811 len=247

2026-08-17 23:23:27,568 INFO image_rx_daemon: frag_arrival: seq=47 idx=2 total=13 fw_us=1200550960 len=247

2026-08-17 23:23:27,699 INFO image_rx_daemon: frag_arrival: seq=47 idx=3 total=13 fw_us=1200667861 len=247

2026-08-17 23:23:27,823 INFO image_rx_daemon: frag_arrival: seq=47 idx=4 total=13 fw_us=1200784756 len=247

2026-08-17 23:23:27,935 INFO image_rx_daemon: frag_arrival: seq=47 idx=5 total=13 fw_us=1200901813 len=247

2026-08-17 23:23:28,053 INFO image_rx_daemon: frag_arrival: seq=47 idx=6 total=13 fw_us=1201018878 len=247

2026-08-17 23:23:28,172 INFO image_rx_daemon: frag_arrival: seq=47 idx=7 total=13 fw_us=1201135891 len=247

2026-08-17 23:23:28,279 INFO image_rx_daemon: frag_arrival: seq=47 idx=8 total=13 fw_us=1201252871 len=247

2026-08-17 23:23:28,403 INFO image_rx_daemon: frag_arrival: seq=47 idx=9 total=13 fw_us=1201369927 len=247

2026-08-17 23:23:28,527 INFO image_rx_daemon: frag_arrival: seq=47 idx=10 total=13 fw_us=1201486916 len=247

2026-08-17 23:23:28,636 INFO image_rx_daemon: frag_arrival: seq=47 idx=11 total=13 fw_us=1201603855 len=247

2026-08-17 23:23:28,649 INFO image_rx_daemon: frag_arrival: seq=47 idx=12 total=13 fw_us=1201632494 len=37

2026-08-17 23:23:28,652 INFO image_rx_daemon: published frame_id=0 2949 B → lifetrac/v25/video/tile_delta

2026-08-17 23:23:28,836 INFO image_rx_daemon: frag_arrival: seq=50 idx=0 total=13 fw_us=1201810628 len=247

2026-08-17 23:23:28,956 INFO image_rx_daemon: frag_arrival: seq=50 idx=1 total=13 fw_us=1201926567 len=247

2026-08-17 23:23:29,072 INFO image_rx_daemon: frag_arrival: seq=50 idx=2 total=13 fw_us=1202043701 len=247

2026-08-17 23:23:29,188 INFO image_rx_daemon: frag_arrival: seq=50 idx=3 total=13 fw_us=1202160484 len=247

2026-08-17 23:23:29,308 INFO image_rx_daemon: frag_arrival: seq=50 idx=4 total=13 fw_us=1202277577 len=247

2026-08-17 23:23:29,428 INFO image_rx_daemon: frag_arrival: seq=50 idx=5 total=13 fw_us=1202394631 len=247

2026-08-17 23:23:29,547 INFO image_rx_daemon: frag_arrival: seq=50 idx=6 total=13 fw_us=1202511622 len=247

2026-08-17 23:23:29,671 INFO image_rx_daemon: frag_arrival: seq=50 idx=7 total=13 fw_us=1202628631 len=247

2026-08-17 23:23:29,780 INFO image_rx_daemon: frag_arrival: seq=50 idx=8 total=13 fw_us=1202745603 len=247

2026-08-17 23:23:29,899 INFO image_rx_daemon: frag_arrival: seq=50 idx=9 total=13 fw_us=1202862630 len=247

2026-08-17 23:23:30,007 INFO image_rx_daemon: frag_arrival: seq=50 idx=10 total=13 fw_us=1202979568 len=247

2026-08-17 23:23:30,124 INFO image_rx_daemon: frag_arrival: seq=50 idx=11 total=13 fw_us=1203096630 len=247

2026-08-17 23:23:30,142 INFO image_rx_daemon: frag_arrival: seq=50 idx=12 total=13 fw_us=1203126589 len=41

2026-08-17 23:23:30,147 INFO image_rx_daemon: published frame_id=0 2953 B → lifetrac/v25/video/tile_delta

2026-08-17 23:23:30,343 INFO image_rx_daemon: frag_arrival: seq=53 idx=0 total=13 fw_us=1203303954 len=247

2026-08-17 23:23:30,450 INFO image_rx_daemon: frag_arrival: seq=53 idx=1 total=13 fw_us=1203420968 len=247

2026-08-17 23:23:30,558 INFO image_rx_daemon: frag_arrival: seq=53 idx=2 total=13 fw_us=1203537843 len=247

2026-08-17 23:23:30,688 INFO image_rx_daemon: frag_arrival: seq=53 idx=3 total=13 fw_us=1203655342 len=247

2026-08-17 23:23:30,811 INFO image_rx_daemon: frag_arrival: seq=53 idx=4 total=13 fw_us=1203772279 len=247

2026-08-17 23:23:30,919 WARNING image_rx_daemon: crc_dump: irq=0x70 rx_len=255 snr=2.5 rssi=-70 dump=0107000000000000fe35050cc73e495fd99ebd7f181c6e8e71485317d2f29fe18503f25a688d973ce03cea031537df1edb848039098018000073524946466c00a080c745425056503420200000003004009d012a200020003ec15ca74eb42523b32808c280183964009d328462500850054fcda345bfa6c000f6eb9abe2393b332cfcb3fc976c56c53d41cab73e8de35de4b7cf9638d2fe44c1be62dd02d9118f6165ed7f3e330cc1ded708000006b52494646640000005745420056503926580060c09002609d012aa90423c016d13ca54f04232c33ab8802b5189164401d328298a01831558631c5fea263e02b7425f2493169a5d6242405262a

2026-08-17 23:23:31,027 INFO image_rx_daemon: frag_arrival: seq=53 idx=6 total=13 fw_us=1204006345 len=247

2026-08-17 23:23:31,157 INFO image_rx_daemon: frag_arrival: seq=53 idx=7 total=13 fw_us=1204123357 len=247

2026-08-17 23:23:31,276 INFO image_rx_daemon: frag_arrival: seq=53 idx=8 total=13 fw_us=1204240049 len=247

2026-08-17 23:23:31,397 INFO image_rx_daemon: frag_arrival: seq=53 idx=9 total=13 fw_us=1204357254 len=247

2026-08-17 23:23:31,511 INFO image_rx_daemon: frag_arrival: seq=53 idx=10 total=13 fw_us=1204474330 len=247

2026-08-17 23:23:31,628 INFO image_rx_daemon: frag_arrival: seq=53 idx=11 total=13 fw_us=1204591241 len=247

2026-08-17 23:23:31,658 INFO image_rx_daemon: frag_arrival: seq=53 idx=12 total=13 fw_us=1204635577 len=79

2026-08-17 23:23:31,929 INFO image_rx_daemon: frag_arrival: seq=59 idx=0 total=13 fw_us=1204895300 len=247

2026-08-17 23:23:32,051 INFO image_rx_daemon: frag_arrival: seq=59 idx=1 total=13 fw_us=1205012216 len=247

2026-08-17 23:23:32,160 INFO image_rx_daemon: frag_arrival: seq=59 idx=2 total=13 fw_us=1205129252 len=247

2026-08-17 23:23:32,281 INFO image_rx_daemon: frag_arrival: seq=59 idx=3 total=13 fw_us=1205245991 len=247

2026-08-17 23:23:32,400 INFO image_rx_daemon: frag_arrival: seq=59 idx=4 total=13 fw_us=1205363104 len=247

2026-08-17 23:23:32,507 INFO image_rx_daemon: frag_arrival: seq=59 idx=5 total=13 fw_us=1205479962 len=247

2026-08-17 23:23:32,627 INFO image_rx_daemon: frag_arrival: seq=59 idx=6 total=13 fw_us=1205597107 len=247

2026-08-17 23:23:32,747 INFO image_rx_daemon: frag_arrival: seq=59 idx=7 total=13 fw_us=1205713858 len=247

2026-08-17 23:23:32,868 INFO image_rx_daemon: frag_arrival: seq=59 idx=8 total=13 fw_us=1205831031 len=247

2026-08-17 23:23:32,974 INFO image_rx_daemon: frag_arrival: seq=59 idx=9 total=13 fw_us=1205947992 len=247

2026-08-17 23:23:33,104 INFO image_rx_daemon: frag_arrival: seq=59 idx=10 total=13 fw_us=1206065038 len=247

2026-08-17 23:23:33,212 INFO image_rx_daemon: frag_arrival: seq=59 idx=11 total=13 fw_us=1206181919 len=247

2026-08-17 23:23:33,247 INFO image_rx_daemon: frag_arrival: seq=59 idx=12 total=13 fw_us=1206226287 len=81

2026-08-17 23:23:33,249 INFO image_rx_daemon: published frame_id=0 2993 B → lifetrac/v25/video/tile_delta

2026-08-17 23:23:33,525 INFO image_rx_daemon: frag_arrival: seq=60 idx=0 total=12 fw_us=1206485432 len=247

2026-08-17 23:23:33,632 INFO image_rx_daemon: frag_arrival: seq=60 idx=1 total=12 fw_us=1206602497 len=247

2026-08-17 23:23:33,755 INFO image_rx_daemon: frag_arrival: seq=60 idx=2 total=12 fw_us=1206719546 len=247

2026-08-17 23:23:33,876 INFO image_rx_daemon: frag_arrival: seq=60 idx=3 total=12 fw_us=1206836630 len=247

2026-08-17 23:23:33,985 INFO image_rx_daemon: frag_arrival: seq=60 idx=4 total=12 fw_us=1206953622 len=247

2026-08-17 23:23:34,104 INFO image_rx_daemon: frag_arrival: seq=60 idx=5 total=12 fw_us=1207070533 len=247

2026-08-17 23:23:34,223 INFO image_rx_daemon: frag_arrival: seq=60 idx=6 total=12 fw_us=1207187453 len=247

2026-08-17 23:23:34,347 INFO image_rx_daemon: frag_arrival: seq=60 idx=7 total=12 fw_us=1207304445 len=247

2026-08-17 23:23:34,457 INFO image_rx_daemon: frag_arrival: seq=60 idx=8 total=12 fw_us=1207421412 len=247

2026-08-17 23:23:34,579 INFO image_rx_daemon: frag_arrival: seq=60 idx=9 total=12 fw_us=1207538417 len=247

2026-08-17 23:23:34,688 INFO image_rx_daemon: frag_arrival: seq=60 idx=10 total=12 fw_us=1207655335 len=247

2026-08-17 23:23:34,782 WARNING image_rx_daemon: crc_dump: irq=0x70 rx_len=255 snr=-0.5 rssi=-67 dump=010200000000009bfb5b78318d8e3d7c49aadc8cfcb33c82a9efbd3124adeddc955e108163d1aa2452dd7ba5d7dbae5767d77d9276fc3cd36b080e3089f3825bc73a558215f2a403727580afb681a4c4a67a24e3c6466a85bcb4cbee244e4b96440df9edf74af46c90b4b1738dfc85bf8c4d8597f3df457ca4817319c02e2c42e6422c9364f982e3dfbf43177888fd1b0c0e0dec6864c59ba871e0180e6cf978c221e50d0849b65ae3320054fb3ed7b18039c557cb533b90b731c14c9939086bf4bf71399a92f0885a8903834864d98be71c9969012cd52ad1e8deead14ddaed5bc3c17878d0f1cee0d37da89d7d3876a2ef11c98624c2f48e0bd4

2026-08-17 23:23:34,995 INFO image_rx_daemon: frag_arrival: seq=62 idx=0 total=12 fw_us=1207959018 len=247

2026-08-17 23:23:35,115 INFO image_rx_daemon: frag_arrival: seq=62 idx=1 total=12 fw_us=1208075728 len=247

2026-08-17 23:23:35,224 INFO image_rx_daemon: frag_arrival: seq=62 idx=2 total=12 fw_us=1208192962 len=247

2026-08-17 23:23:35,343 INFO image_rx_daemon: frag_arrival: seq=62 idx=3 total=12 fw_us=1208309819 len=247

2026-08-17 23:23:35,463 INFO image_rx_daemon: frag_arrival: seq=62 idx=4 total=12 fw_us=1208426850 len=247

2026-08-17 23:23:35,592 INFO image_rx_daemon: frag_arrival: seq=62 idx=5 total=12 fw_us=1208543909 len=247

2026-08-17 23:23:35,691 INFO image_rx_daemon: frag_arrival: seq=62 idx=6 total=12 fw_us=1208660777 len=247

2026-08-17 23:23:35,815 INFO image_rx_daemon: frag_arrival: seq=62 idx=7 total=12 fw_us=1208777795 len=247

2026-08-17 23:23:35,933 INFO image_rx_daemon: frag_arrival: seq=62 idx=8 total=12 fw_us=1208894746 len=247

2026-08-17 23:23:36,055 INFO image_rx_daemon: frag_arrival: seq=62 idx=9 total=12 fw_us=1209011703 len=247

2026-08-17 23:23:36,109 INFO image_rx_daemon: stats: rx_frames=1324 rx_decode_err=0 frames_published=67 publish_err=0 reassembler_decode_err=0 reassembler_timeouts=39 parity_recon=0

2026-08-17 23:23:36,114 INFO image_rx_daemon: air_gap: n=82 dt_med=116980us dt_p95=178386us len_med=247B cmd_tx_ok=16 cmd_tx_fail=0

2026-08-17 23:23:36,120 INFO image_rx_daemon: air_gap_hist(ms): <40:3 <80:2 <120:70 <200:3 <400:4

2026-08-17 23:23:36,120 INFO image_rx_daemon: rx_rf: n_rssi=82 n_snr=82 rssi[min/med/max]=-71/-70/-69 snr[min/med/max]=5.0/6.0/7.0

2026-08-17 23:23:36,121 INFO image_rx_daemon: phase_telemetry: valid=82 invalid=0 pre_f8=0 last_epoch=0 last_hop=0 slot_off=[0..0]

2026-08-17 23:23:36,121 INFO image_rx_daemon: air_gap_by_class: seq: n=73 med=117.0ms | boundary: n=6 med=259.1ms | post_loss: n=1 med=234.1ms

2026-08-17 23:23:36,122 INFO image_rx_daemon: lost_frag_idx: n=2 idx0=0 (0.00% of idx0 arrivals) other=2 (2.56%) verdict=not-clustered | top 5:1 11:1

2026-08-17 23:23:36,122 INFO image_rx_daemon: frag_reordered: 2 late out-of-order arrivals had a provisional loss retracted (in-order assumption violated — see RS-11.4)

2026-08-17 23:23:36,164 INFO image_rx_daemon: frag_arrival: seq=62 idx=10 total=12 fw_us=1209128681 len=247

2026-08-17 23:23:36,284 INFO image_rx_daemon: frag_arrival: seq=62 idx=11 total=12 fw_us=1209245455 len=246

2026-08-17 23:23:36,285 INFO image_rx_daemon: published frame_id=0 2915 B → lifetrac/v25/video/tile_delta

2026-08-17 23:23:36,471 INFO image_rx_daemon: frag_arrival: seq=65 idx=0 total=13 fw_us=1209432684 len=247

2026-08-17 23:23:36,590 INFO image_rx_daemon: frag_arrival: seq=65 idx=1 total=13 fw_us=1209549573 len=247

2026-08-17 23:23:36,701 INFO image_rx_daemon: frag_arrival: seq=65 idx=2 total=13 fw_us=1209666538 len=247

2026-08-17 23:23:36,820 INFO image_rx_daemon: frag_arrival: seq=65 idx=3 total=13 fw_us=1209783383 len=247

2026-08-17 23:23:36,948 INFO image_rx_daemon: frag_arrival: seq=65 idx=4 total=13 fw_us=1209900458 len=247

2026-08-17 23:23:37,055 INFO image_rx_daemon: frag_arrival: seq=65 idx=5 total=13 fw_us=1210017273 len=247

2026-08-17 23:23:37,176 INFO image_rx_daemon: frag_arrival: seq=65 idx=6 total=13 fw_us=1210134238 len=247

2026-08-17 23:23:37,287 INFO image_rx_daemon: frag_arrival: seq=65 idx=7 total=13 fw_us=1210251094 len=247

2026-08-17 23:23:37,408 INFO image_rx_daemon: frag_arrival: seq=65 idx=8 total=13 fw_us=1210368230 len=247

2026-08-17 23:23:37,643 INFO image_rx_daemon: frag_arrival: seq=65 idx=10 total=13 fw_us=1210602192 len=247

2026-08-17 23:23:37,755 INFO image_rx_daemon: frag_arrival: seq=65 idx=11 total=13 fw_us=1210719175 len=247

2026-08-17 23:23:37,784 INFO image_rx_daemon: frag_arrival: seq=65 idx=12 total=13 fw_us=1210760904 len=73

2026-08-17 23:23:38,060 INFO image_rx_daemon: frag_arrival: seq=71 idx=0 total=13 fw_us=1211022757 len=247

2026-08-17 23:23:38,179 INFO image_rx_daemon: frag_arrival: seq=71 idx=1 total=13 fw_us=1211139876 len=247

2026-08-17 23:23:38,296 INFO image_rx_daemon: frag_arrival: seq=71 idx=2 total=13 fw_us=1211257628 len=247

2026-08-17 23:23:38,406 INFO image_rx_daemon: frag_arrival: seq=71 idx=3 total=13 fw_us=1211373844 len=247

2026-08-17 23:23:38,527 INFO image_rx_daemon: frag_arrival: seq=71 idx=4 total=13 fw_us=1211490630 len=247

2026-08-17 23:23:38,651 INFO image_rx_daemon: frag_arrival: seq=71 idx=5 total=13 fw_us=1211607746 len=247

2026-08-17 23:23:38,761 INFO image_rx_daemon: frag_arrival: seq=71 idx=6 total=13 fw_us=1211724508 len=247

2026-08-17 23:23:38,880 INFO image_rx_daemon: frag_arrival: seq=71 idx=7 total=13 fw_us=1211841528 len=247

2026-08-17 23:23:39,005 INFO image_rx_daemon: frag_arrival: seq=71 idx=8 total=13 fw_us=1211958628 len=247

2026-08-17 23:23:39,112 INFO image_rx_daemon: frag_arrival: seq=71 idx=9 total=13 fw_us=1212075629 len=247

2026-08-17 23:23:39,235 INFO image_rx_daemon: frag_arrival: seq=71 idx=10 total=13 fw_us=1212192476 len=247

2026-08-17 23:23:39,345 INFO image_rx_daemon: frag_arrival: seq=71 idx=11 total=13 fw_us=1212309547 len=247

2026-08-17 23:23:39,374 INFO image_rx_daemon: frag_arrival: seq=71 idx=12 total=13 fw_us=1212347363 len=63

2026-08-17 23:23:39,379 INFO image_rx_daemon: published frame_id=0 2975 B → lifetrac/v25/video/tile_delta

2026-08-17 23:23:39,659 INFO image_rx_daemon: frag_arrival: seq=72 idx=0 total=13 fw_us=1212613270 len=247

2026-08-17 23:23:39,768 INFO image_rx_daemon: frag_arrival: seq=72 idx=1 total=13 fw_us=1212730263 len=247

2026-08-17 23:23:39,887 INFO image_rx_daemon: frag_arrival: seq=72 idx=2 total=13 fw_us=1212847272 len=247

2026-08-17 23:23:40,008 INFO image_rx_daemon: frag_arrival: seq=72 idx=3 total=13 fw_us=1212964102 len=247

2026-08-17 23:23:40,121 INFO image_rx_daemon: frag_arrival: seq=72 idx=4 total=13 fw_us=1213081217 len=247

2026-08-17 23:23:40,239 INFO image_rx_daemon: frag_arrival: seq=72 idx=5 total=13 fw_us=1213198017 len=247

2026-08-17 23:23:40,356 INFO image_rx_daemon: frag_arrival: seq=72 idx=6 total=13 fw_us=1213315230 len=247

2026-08-17 23:23:40,479 INFO image_rx_daemon: frag_arrival: seq=72 idx=7 total=13 fw_us=1213432211 len=247

2026-08-17 23:23:40,587 INFO image_rx_daemon: frag_arrival: seq=72 idx=8 total=13 fw_us=1213549216 len=247

2026-08-17 23:23:40,707 INFO image_rx_daemon: frag_arrival: seq=72 idx=9 total=13 fw_us=1213666162 len=247

2026-08-17 23:23:40,827 INFO image_rx_daemon: frag_arrival: seq=72 idx=10 total=13 fw_us=1213783221 len=247

2026-08-17 23:23:40,939 INFO image_rx_daemon: frag_arrival: seq=72 idx=11 total=13 fw_us=1213900211 len=247

2026-08-17 23:23:40,968 INFO image_rx_daemon: frag_arrival: seq=72 idx=12 total=13 fw_us=1213941973 len=74

2026-08-17 23:23:40,972 INFO image_rx_daemon: published frame_id=0 2986 B → lifetrac/v25/video/tile_delta

2026-08-17 23:23:41,236 INFO image_rx_daemon: frag_arrival: seq=74 idx=0 total=13 fw_us=1214203957 len=247

2026-08-17 23:23:41,356 INFO image_rx_daemon: frag_arrival: seq=74 idx=1 total=13 fw_us=1214320819 len=247

2026-08-17 23:23:41,475 WARNING image_rx_daemon: crc_dump: irq=0x70 rx_len=255 snr=3.5 rssi=-70 dump=01c2000000000000fe42026c8000feaf062c2b26e8ed8048696339ae1b43b4758f2aaa5dea163947076efa116e090f78ce75592826cc314fc68a4871f4f23cd4b2bd3ca5f26df7f341f8519b32c4c04943699866a8e4b00cd5f6399bca3b519df6c6404a3404f7a78ff96d070ab01e44788e0f3c50cc3260c2a60ebd1a42d4494b0b92a34006eabf72a5256eb732230000006f524c46460800000057414250565038205c0000403004009d012a200010003ec15aa14e04252bb22b0e0280b80964009d328484201cadbd913f51108f5e0000fee99d7e71ea97651093fb532b20904a51bc6bbc9df4cc1d983b5a50d5bd6c4a517466ffdcaee80784

2026-08-17 23:23:41,604 INFO image_rx_daemon: frag_arrival: seq=74 idx=3 total=13 fw_us=1214555014 len=247

2026-08-17 23:23:41,712 INFO image_rx_daemon: frag_arrival: seq=74 idx=4 total=13 fw_us=1214671998 len=247

2026-08-17 23:23:41,835 INFO image_rx_daemon: frag_arrival: seq=74 idx=5 total=13 fw_us=1214789031 len=247

2026-08-17 23:23:41,947 INFO image_rx_daemon: frag_arrival: seq=74 idx=6 total=13 fw_us=1214905915 len=247

2026-08-17 23:23:42,068 INFO image_rx_daemon: frag_arrival: seq=74 idx=7 total=13 fw_us=1215022949 len=247

2026-08-17 23:23:42,179 INFO image_rx_daemon: frag_arrival: seq=74 idx=8 total=13 fw_us=1215140562 len=247

2026-08-17 23:23:42,298 INFO image_rx_daemon: frag_arrival: seq=74 idx=9 total=13 fw_us=1215257259 len=247

2026-08-17 23:23:42,416 INFO image_rx_daemon: frag_arrival: seq=74 idx=10 total=13 fw_us=1215374501 len=247

2026-08-17 23:23:42,539 INFO image_rx_daemon: frag_arrival: seq=74 idx=11 total=13 fw_us=1215491475 len=247

2026-08-17 23:23:42,554 INFO image_rx_daemon: frag_arrival: seq=74 idx=12 total=13 fw_us=1215533200 len=73

2026-08-17 23:23:42,831 INFO image_rx_daemon: frag_arrival: seq=78 idx=0 total=12 fw_us=1215794862 len=247

2026-08-17 23:23:42,951 INFO image_rx_daemon: frag_arrival: seq=78 idx=1 total=12 fw_us=1215911670 len=247

2026-08-17 23:23:43,068 INFO image_rx_daemon: frag_arrival: seq=78 idx=2 total=12 fw_us=1216028700 len=247

2026-08-17 23:23:43,189 INFO image_rx_daemon: frag_arrival: seq=78 idx=3 total=12 fw_us=1216145631 len=247

2026-08-17 23:23:43,297 INFO image_rx_daemon: frag_arrival: seq=78 idx=4 total=12 fw_us=1216262821 len=247

2026-08-17 23:23:43,419 INFO image_rx_daemon: frag_arrival: seq=78 idx=5 total=12 fw_us=1216379905 len=247

2026-08-17 23:23:43,539 INFO image_rx_daemon: frag_arrival: seq=78 idx=6 total=12 fw_us=1216496955 len=247

2026-08-17 23:23:43,651 INFO image_rx_daemon: frag_arrival: seq=78 idx=7 total=12 fw_us=1216614016 len=247

2026-08-17 23:23:43,760 INFO image_rx_daemon: frag_arrival: seq=78 idx=8 total=12 fw_us=1216731074 len=247

2026-08-17 23:23:43,887 INFO image_rx_daemon: frag_arrival: seq=78 idx=9 total=12 fw_us=1216848034 len=247

2026-08-17 23:23:44,013 INFO image_rx_daemon: frag_arrival: seq=78 idx=10 total=12 fw_us=1216965052 len=247

2026-08-17 23:23:44,103 WARNING image_rx_daemon: crc_dump: irq=0x70 rx_len=255 snr=1.5 rssi=-66 dump=1229e65c122775c66c245dbf7b4345c9ba4ed41fd88190e098516188cc6902576dd793e029c73cdc89c4b5172da5affd852acaa2ebf8ed495fe39706ece751315eb4983ab8d6a97a94221c41f26567ea3e5754f43885b99561b63f847e3453e68331349c5f6b46ba5a047142d934c65e99edae6bf2bde0e4d160c1b11fda6f65cb1afc4ca260b4f0d551ba20a18578586089cac4d1a47e2863f90ae2b418c410f277d82d690a621311d27b07101690e107bcd4513df66326a81dd18e86716401af885b2934dc75567f65a27da7a4e7644980954e70a81e0f77ec16d73020efb69e6e0a11e087f7ea2c52dcf705482f4735d2fe8d7480d22b6de235

2026-08-17 23:23:44,311 INFO image_rx_daemon: frag_arrival: seq=81 idx=0 total=12 fw_us=1217268577 len=247

2026-08-17 23:23:44,423 INFO image_rx_daemon: frag_arrival: seq=81 idx=1 total=12 fw_us=1217385459 len=247

2026-08-17 23:23:44,543 INFO image_rx_daemon: frag_arrival: seq=81 idx=2 total=12 fw_us=1217502521 len=247

2026-08-17 23:23:44,660 INFO image_rx_daemon: frag_arrival: seq=81 idx=3 total=12 fw_us=1217619631 len=247

2026-08-17 23:23:44,776 INFO image_rx_daemon: frag_arrival: seq=81 idx=4 total=12 fw_us=1217736463 len=247

2026-08-17 23:23:44,899 INFO image_rx_daemon: frag_arrival: seq=81 idx=5 total=12 fw_us=1217853595 len=247

2026-08-17 23:23:45,008 INFO image_rx_daemon: frag_arrival: seq=81 idx=6 total=12 fw_us=1217970419 len=247

2026-08-17 23:23:45,127 INFO image_rx_daemon: frag_arrival: seq=81 idx=7 total=12 fw_us=1218087421 len=247

2026-08-17 23:23:45,243 INFO image_rx_daemon: frag_arrival: seq=81 idx=8 total=12 fw_us=1218204540 len=247

2026-08-17 23:23:45,367 INFO image_rx_daemon: frag_arrival: seq=81 idx=9 total=12 fw_us=1218321507 len=247

2026-08-17 23:23:45,481 INFO image_rx_daemon: frag_arrival: seq=81 idx=10 total=12 fw_us=1218438574 len=247

2026-08-17 23:23:45,579 WARNING image_rx_daemon: crc_dump: irq=0x70 rx_len=255 snr=5.2 rssi=-67 dump=010200f0a7f2b5898087be7f70527d4473db402e879f983ad31117d67f412058e9b90e9d76ea9ba2aa1f830b2b2389404bde32b6ba6303640248e7f488d6b4a4f133633b5f01e2ff746c2c0f7147aa2ecde7da234b9c9ead6429e6bbb0a466384b6ae3bd3affa1c789f21dc2d2528d6f112e19a5855abcd18e0ba946ab7dfd9fccd9934f2ed33cd21daeffabd7d5cd7b72196e2f86e275d8187105b0317442d9bfc629fd7944b242612619f0aca6d49eb5c5037233e3f871fc7a583f01875ae17edf90c821ec7cd7bb186830759a3459b820f5eb4017d923c3e2927619232156fd1308bc600bdf6e8fe6113471ba162ccf30b918cf175c35fe1d36

2026-08-17 23:23:45,783 INFO image_rx_daemon: frag_arrival: seq=84 idx=0 total=13 fw_us=1218742232 len=247

2026-08-17 23:23:45,907 INFO image_rx_daemon: frag_arrival: seq=84 idx=1 total=13 fw_us=1218859368 len=247

2026-08-17 23:23:46,019 INFO image_rx_daemon: frag_arrival: seq=84 idx=2 total=13 fw_us=1218976153 len=247

2026-08-17 23:23:46,132 INFO image_rx_daemon: stats: rx_frames=1401 rx_decode_err=0 frames_published=70 publish_err=0 reassembler_decode_err=0 reassembler_timeouts=43 parity_recon=0

2026-08-17 23:23:46,136 INFO image_rx_daemon: frag_arrival: seq=84 idx=3 total=13 fw_us=1219093275 len=247

2026-08-17 23:23:46,136 INFO image_rx_daemon: air_gap: n=78 dt_med=117009us dt_p95=261984us len_med=247B cmd_tx_ok=16 cmd_tx_fail=0

2026-08-17 23:23:46,137 INFO image_rx_daemon: air_gap_hist(ms): <40:1 <80:3 <120:65 <200:1 <400:8

2026-08-17 23:23:46,138 INFO image_rx_daemon: rx_rf: n_rssi=78 n_snr=78 rssi[min/med/max]=-71/-70/-69 snr[min/med/max]=5.0/6.0/6.0

2026-08-17 23:23:46,138 INFO image_rx_daemon: phase_telemetry: valid=78 invalid=0 pre_f8=0 last_epoch=0 last_hop=0 slot_off=[0..0]

2026-08-17 23:23:46,139 INFO image_rx_daemon: air_gap_by_class: seq: n=67 med=117.0ms | boundary: n=7 med=262.0ms | post_loss: n=2 med=234.2ms

2026-08-17 23:23:46,139 INFO image_rx_daemon: lost_frag_idx: n=3 idx0=0 (0.00% of idx0 arrivals) other=3 (4.05%) verdict=not-clustered | top 11:2 9:1

2026-08-17 23:23:46,140 INFO image_rx_daemon: frag_reordered: 2 late out-of-order arrivals had a provisional loss retracted (in-order assumption violated — see RS-11.4)

2026-08-17 23:23:46,244 INFO image_rx_daemon: frag_arrival: seq=84 idx=4 total=13 fw_us=1219210025 len=247

2026-08-17 23:23:46,367 INFO image_rx_daemon: frag_arrival: seq=84 idx=5 total=13 fw_us=1219327204 len=247

2026-08-17 23:23:46,484 INFO image_rx_daemon: frag_arrival: seq=84 idx=6 total=13 fw_us=1219444055 len=247

2026-08-17 23:23:46,603 INFO image_rx_daemon: frag_arrival: seq=84 idx=7 total=13 fw_us=1219561034 len=247

2026-08-17 23:23:46,715 INFO image_rx_daemon: frag_arrival: seq=84 idx=8 total=13 fw_us=1219678107 len=247

2026-08-17 23:23:46,839 INFO image_rx_daemon: frag_arrival: seq=84 idx=9 total=13 fw_us=1219795135 len=247

2026-08-17 23:23:46,948 INFO image_rx_daemon: frag_arrival: seq=84 idx=10 total=13 fw_us=1219912194 len=247

2026-08-17 23:23:47,071 INFO image_rx_daemon: frag_arrival: seq=84 idx=11 total=13 fw_us=1220029216 len=247

2026-08-17 23:23:47,085 INFO image_rx_daemon: frag_arrival: seq=84 idx=12 total=13 fw_us=1220061764 len=47

2026-08-17 23:23:47,088 INFO image_rx_daemon: published frame_id=0 2959 B → lifetrac/v25/video/tile_delta

2026-08-17 23:23:47,287 INFO image_rx_daemon: frag_arrival: seq=87 idx=0 total=13 fw_us=1220239757 len=247

2026-08-17 23:23:47,398 INFO image_rx_daemon: frag_arrival: seq=87 idx=1 total=13 fw_us=1220356613 len=247

2026-08-17 23:23:47,513 INFO image_rx_daemon: frag_arrival: seq=87 idx=2 total=13 fw_us=1220473750 len=247

2026-08-17 23:23:47,635 INFO image_rx_daemon: frag_arrival: seq=87 idx=3 total=13 fw_us=1220590673 len=247

2026-08-17 23:23:47,747 INFO image_rx_daemon: frag_arrival: seq=87 idx=4 total=13 fw_us=1220707589 len=247

2026-08-17 23:23:47,863 INFO image_rx_daemon: frag_arrival: seq=87 idx=5 total=13 fw_us=1220824683 len=247

2026-08-17 23:23:47,983 INFO image_rx_daemon: frag_arrival: seq=87 idx=6 total=13 fw_us=1220941480 len=247

2026-08-17 23:23:48,097 INFO image_rx_daemon: frag_arrival: seq=87 idx=7 total=13 fw_us=1221058523 len=247

2026-08-17 23:23:48,216 INFO image_rx_daemon: frag_arrival: seq=87 idx=8 total=13 fw_us=1221175433 len=247

2026-08-17 23:23:48,335 INFO image_rx_daemon: frag_arrival: seq=87 idx=9 total=13 fw_us=1221292676 len=247

2026-08-17 23:23:48,459 INFO image_rx_daemon: frag_arrival: seq=87 idx=10 total=13 fw_us=1221409588 len=247

2026-08-17 23:23:48,567 INFO image_rx_daemon: frag_arrival: seq=87 idx=11 total=13 fw_us=1221526568 len=247

2026-08-17 23:23:48,581 INFO image_rx_daemon: frag_arrival: seq=87 idx=12 total=13 fw_us=1221555234 len=39

2026-08-17 23:23:48,584 INFO image_rx_daemon: published frame_id=0 2951 B → lifetrac/v25/video/tile_delta

2026-08-17 23:23:48,770 INFO image_rx_daemon: frag_arrival: seq=90 idx=0 total=13 fw_us=1221732504 len=247

2026-08-17 23:23:48,888 INFO image_rx_daemon: frag_arrival: seq=90 idx=1 total=13 fw_us=1221849414 len=247

2026-08-17 23:23:49,008 INFO image_rx_daemon: frag_arrival: seq=90 idx=2 total=13 fw_us=1221966631 len=247

2026-08-17 23:23:49,114 INFO image_rx_daemon: frag_arrival: seq=90 idx=3 total=13 fw_us=1222083825 len=247

2026-08-17 23:23:49,231 INFO image_rx_daemon: frag_arrival: seq=90 idx=4 total=13 fw_us=1222201628 len=247

2026-08-17 23:23:49,365 INFO image_rx_daemon: frag_arrival: seq=90 idx=5 total=13 fw_us=1222318628 len=247

2026-08-17 23:23:49,479 INFO image_rx_daemon: frag_arrival: seq=90 idx=6 total=13 fw_us=1222434745 len=247

2026-08-17 23:23:49,588 INFO image_rx_daemon: frag_arrival: seq=90 idx=7 total=13 fw_us=1222551683 len=247

2026-08-17 23:23:49,703 INFO image_rx_daemon: frag_arrival: seq=90 idx=8 total=13 fw_us=1222668435 len=247

2026-08-17 23:23:49,825 INFO image_rx_daemon: frag_arrival: seq=90 idx=9 total=13 fw_us=1222785590 len=247

2026-08-17 23:23:49,944 INFO image_rx_daemon: frag_arrival: seq=90 idx=10 total=13 fw_us=1222902606 len=247

2026-08-17 23:23:50,069 INFO image_rx_daemon: frag_arrival: seq=90 idx=11 total=13 fw_us=1223019579 len=247

2026-08-17 23:23:50,071 INFO image_rx_daemon: frag_arrival: seq=90 idx=12 total=13 fw_us=1223037792 len=11

2026-08-17 23:23:50,072 INFO image_rx_daemon: published frame_id=0 2923 B → lifetrac/v25/video/tile_delta

2026-08-17 23:23:50,256 INFO image_rx_daemon: frag_arrival: seq=93 idx=0 total=13 fw_us=1223213296 len=247

2026-08-17 23:23:50,375 INFO image_rx_daemon: frag_arrival: seq=93 idx=1 total=13 fw_us=1223330164 len=247

2026-08-17 23:23:50,489 INFO image_rx_daemon: frag_arrival: seq=93 idx=2 total=13 fw_us=1223447374 len=247

2026-08-17 23:23:50,607 INFO image_rx_daemon: frag_arrival: seq=93 idx=3 total=13 fw_us=1223564277 len=247

2026-08-17 23:23:50,719 INFO image_rx_daemon: frag_arrival: seq=93 idx=4 total=13 fw_us=1223681269 len=247

2026-08-17 23:23:50,839 INFO image_rx_daemon: frag_arrival: seq=93 idx=5 total=13 fw_us=1223798237 len=247

2026-08-17 23:23:50,963 INFO image_rx_daemon: frag_arrival: seq=93 idx=6 total=13 fw_us=1223915100 len=247

2026-08-17 23:23:51,075 INFO image_rx_daemon: frag_arrival: seq=93 idx=7 total=13 fw_us=1224032154 len=247

2026-08-17 23:23:51,193 INFO image_rx_daemon: frag_arrival: seq=93 idx=8 total=13 fw_us=1224149182 len=247

2026-08-17 23:23:51,312 INFO image_rx_daemon: frag_arrival: seq=93 idx=9 total=13 fw_us=1224266222 len=247

2026-08-17 23:23:51,418 INFO image_rx_daemon: frag_arrival: seq=93 idx=10 total=13 fw_us=1224383320 len=247

2026-08-17 23:23:51,539 INFO image_rx_daemon: frag_arrival: seq=93 idx=11 total=13 fw_us=1224500256 len=247

2026-08-17 23:23:51,579 INFO image_rx_daemon: frag_arrival: seq=93 idx=12 total=13 fw_us=1224544591 len=80

2026-08-17 23:23:51,583 INFO image_rx_daemon: published frame_id=0 2992 B → lifetrac/v25/video/tile_delta

2026-08-17 23:23:51,852 INFO image_rx_daemon: frag_arrival: seq=96 idx=0 total=12 fw_us=1224804091 len=247

2026-08-17 23:23:51,960 INFO image_rx_daemon: frag_arrival: seq=96 idx=1 total=12 fw_us=1224920848 len=247

2026-08-17 23:23:52,074 INFO image_rx_daemon: frag_arrival: seq=96 idx=2 total=12 fw_us=1225037988 len=247

2026-08-17 23:23:52,198 INFO image_rx_daemon: frag_arrival: seq=96 idx=3 total=12 fw_us=1225154933 len=247

2026-08-17 23:23:52,319 INFO image_rx_daemon: frag_arrival: seq=96 idx=4 total=12 fw_us=1225271927 len=247

2026-08-17 23:23:52,427 INFO image_rx_daemon: frag_arrival: seq=96 idx=5 total=12 fw_us=1225388938 len=247

2026-08-17 23:23:52,547 INFO image_rx_daemon: frag_arrival: seq=96 idx=6 total=12 fw_us=1225505749 len=247

2026-08-17 23:23:52,667 INFO image_rx_daemon: frag_arrival: seq=96 idx=7 total=12 fw_us=1225622745 len=247

2026-08-17 23:23:52,776 INFO image_rx_daemon: frag_arrival: seq=96 idx=8 total=12 fw_us=1225739779 len=247

2026-08-17 23:23:52,901 INFO image_rx_daemon: frag_arrival: seq=96 idx=9 total=12 fw_us=1225857628 len=247

2026-08-17 23:23:53,011 INFO image_rx_daemon: frag_arrival: seq=96 idx=10 total=12 fw_us=1225973613 len=247

2026-08-17 23:23:53,128 INFO image_rx_daemon: frag_arrival: seq=96 idx=11 total=12 fw_us=1226084768 len=241

2026-08-17 23:23:53,129 INFO image_rx_daemon: published frame_id=0 2910 B → lifetrac/v25/video/tile_delta

2026-08-17 23:23:53,319 INFO image_rx_daemon: frag_arrival: seq=99 idx=0 total=13 fw_us=1226277281 len=247

2026-08-17 23:23:53,439 INFO image_rx_daemon: frag_arrival: seq=99 idx=1 total=13 fw_us=1226394162 len=247

2026-08-17 23:23:53,551 INFO image_rx_daemon: frag_arrival: seq=99 idx=2 total=13 fw_us=1226511131 len=247

2026-08-17 23:23:53,668 INFO image_rx_daemon: frag_arrival: seq=99 idx=3 total=13 fw_us=1226628295 len=247

2026-08-17 23:23:53,791 INFO image_rx_daemon: frag_arrival: seq=99 idx=4 total=13 fw_us=1226745269 len=247

2026-08-17 23:23:53,900 INFO image_rx_daemon: frag_arrival: seq=99 idx=5 total=13 fw_us=1226862300 len=247

2026-08-17 23:23:54,008 INFO image_rx_daemon: frag_arrival: seq=99 idx=6 total=13 fw_us=1226979343 len=247

2026-08-17 23:23:54,139 INFO image_rx_daemon: frag_arrival: seq=99 idx=7 total=13 fw_us=1227096335 len=247

2026-08-17 23:23:54,256 INFO image_rx_daemon: frag_arrival: seq=99 idx=8 total=13 fw_us=1227213288 len=247

2026-08-17 23:23:54,376 INFO image_rx_daemon: frag_arrival: seq=99 idx=9 total=13 fw_us=1227330280 len=247

2026-08-17 23:23:54,483 INFO image_rx_daemon: frag_arrival: seq=99 idx=10 total=13 fw_us=1227447302 len=247

2026-08-17 23:23:54,611 INFO image_rx_daemon: frag_arrival: seq=99 idx=11 total=13 fw_us=1227564317 len=247

2026-08-17 23:23:54,641 INFO image_rx_daemon: frag_arrival: seq=99 idx=12 total=13 fw_us=1227606007 len=71

2026-08-17 23:23:54,644 INFO image_rx_daemon: published frame_id=0 2983 B → lifetrac/v25/video/tile_delta

2026-08-17 23:23:54,911 INFO image_rx_daemon: frag_arrival: seq=102 idx=0 total=12 fw_us=1227867900 len=247

2026-08-17 23:23:55,018 INFO image_rx_daemon: frag_arrival: seq=102 idx=1 total=12 fw_us=1227984688 len=247

2026-08-17 23:23:55,147 INFO image_rx_daemon: frag_arrival: seq=102 idx=2 total=12 fw_us=1228101676 len=247

2026-08-17 23:23:55,271 INFO image_rx_daemon: frag_arrival: seq=102 idx=3 total=12 fw_us=1228218595 len=247

2026-08-17 23:23:55,381 INFO image_rx_daemon: frag_arrival: seq=102 idx=4 total=12 fw_us=1228335699 len=247

2026-08-17 23:23:55,500 INFO image_rx_daemon: frag_arrival: seq=102 idx=5 total=12 fw_us=1228452741 len=247

2026-08-17 23:23:55,609 INFO image_rx_daemon: frag_arrival: seq=102 idx=6 total=12 fw_us=1228569741 len=247

2026-08-17 23:23:55,728 INFO image_rx_daemon: frag_arrival: seq=102 idx=7 total=12 fw_us=1228686618 len=247

2026-08-17 23:23:55,856 INFO image_rx_daemon: frag_arrival: seq=102 idx=8 total=12 fw_us=1228803680 len=247

2026-08-17 23:23:55,964 INFO image_rx_daemon: frag_arrival: seq=102 idx=9 total=12 fw_us=1228921628 len=247

2026-08-17 23:23:56,083 INFO image_rx_daemon: frag_arrival: seq=102 idx=10 total=12 fw_us=1229037687 len=247

2026-08-17 23:23:56,147 INFO image_rx_daemon: stats: rx_frames=1486 rx_decode_err=0 frames_published=76 publish_err=0 reassembler_decode_err=0 reassembler_timeouts=44 parity_recon=0

2026-08-17 23:23:56,150 INFO image_rx_daemon: air_gap: n=84 dt_med=116994us dt_p95=177270us len_med=247B cmd_tx_ok=16 cmd_tx_fail=0

2026-08-17 23:23:56,154 INFO image_rx_daemon: air_gap_hist(ms): <20:1 <40:2 <80:2 <120:73 <200:4 <400:2

2026-08-17 23:23:56,156 INFO image_rx_daemon: rx_rf: n_rssi=84 n_snr=84 rssi[min/med/max]=-71/-70/-69 snr[min/med/max]=5.0/6.0/7.0

2026-08-17 23:23:56,157 INFO image_rx_daemon: phase_telemetry: valid=84 invalid=0 pre_f8=0 last_epoch=0 last_hop=0 slot_off=[0..0]

2026-08-17 23:23:56,158 INFO image_rx_daemon: air_gap_by_class: seq: n=78 med=117.0ms | boundary: n=6 med=192.5ms

2026-08-17 23:23:56,172 WARNING image_rx_daemon: crc_dump: irq=0x70 rx_len=255 snr=0.2 rssi=-66 dump=01020000000000ecadc3322cdf501b32c9a8dc4f74b3990e91bd51398c62af9cf59df8b3ac4d0a12c9c1eb07f0fbf116a8094f72ce06da57cb3690bd1337c0bcbcd82894c73b64316405c9c5319ce5b5208e559e4e0fa5eeb66be7d0c05afe8c4dccf9d3bb9fba8320e5a8172b0eb1f7c738a10dafe83bd9b5f05c0cd61001bb495c273b90d11df8fe72aa068dc2fbc842f96ab3f5e98fb99358227c0fd3e9af950cc4734caeed06eb847f48ec506dd7d556b4702e1d17801dd9a3a01d8c37c18bdc04522c1fd4290b00f9ac7bd3e18a5ca958a340d063e44c9470345656856e43f144492c6e6c30b53476a44fd0716082e6a03f05c983532d2d69

2026-08-17 23:23:56,387 INFO image_rx_daemon: frag_arrival: seq=105 idx=0 total=13 fw_us=1229341452 len=247

2026-08-17 23:23:56,507 INFO image_rx_daemon: frag_arrival: seq=105 idx=1 total=13 fw_us=1229458121 len=247

2026-08-17 23:23:56,616 INFO image_rx_daemon: frag_arrival: seq=105 idx=2 total=13 fw_us=1229575266 len=247

2026-08-17 23:23:56,736 INFO image_rx_daemon: frag_arrival: seq=105 idx=3 total=13 fw_us=1229692398 len=247

2026-08-17 23:23:56,857 INFO image_rx_daemon: frag_arrival: seq=105 idx=4 total=13 fw_us=1229809240 len=247

2026-08-17 23:23:56,964 INFO image_rx_daemon: frag_arrival: seq=105 idx=5 total=13 fw_us=1229926436 len=247

2026-08-17 23:23:57,079 INFO image_rx_daemon: frag_arrival: seq=105 idx=6 total=13 fw_us=1230043184 len=247

2026-08-17 23:23:57,204 INFO image_rx_daemon: frag_arrival: seq=105 idx=7 total=13 fw_us=1230160126 len=247

2026-08-17 23:23:57,323 INFO image_rx_daemon: frag_arrival: seq=105 idx=8 total=13 fw_us=1230277250 len=247

2026-08-17 23:23:57,439 INFO image_rx_daemon: frag_arrival: seq=105 idx=9 total=13 fw_us=1230394288 len=247

2026-08-17 23:23:57,559 INFO image_rx_daemon: frag_arrival: seq=105 idx=10 total=13 fw_us=1230511314 len=247

2026-08-17 23:23:57,680 INFO image_rx_daemon: frag_arrival: seq=105 idx=12 total=13 fw_us=1230651744 len=22

2026-08-17 23:23:57,879 INFO image_rx_daemon: frag_arrival: seq=108 idx=0 total=13 fw_us=1230827815 len=247

2026-08-17 23:23:57,988 INFO image_rx_daemon: frag_arrival: seq=108 idx=1 total=13 fw_us=1230944700 len=247

2026-08-17 23:23:58,109 INFO image_rx_daemon: frag_arrival: seq=108 idx=2 total=13 fw_us=1231061767 len=247

2026-08-17 23:23:58,217 INFO image_rx_daemon: frag_arrival: seq=108 idx=3 total=13 fw_us=1231178694 len=247

2026-08-17 23:23:58,336 INFO image_rx_daemon: frag_arrival: seq=108 idx=4 total=13 fw_us=1231295703 len=247

2026-08-17 23:23:58,459 INFO image_rx_daemon: frag_arrival: seq=108 idx=5 total=13 fw_us=1231412685 len=247

2026-08-17 23:23:58,579 INFO image_rx_daemon: frag_arrival: seq=108 idx=6 total=13 fw_us=1231529708 len=247

2026-08-17 23:23:58,688 INFO image_rx_daemon: frag_arrival: seq=108 idx=7 total=13 fw_us=1231646703 len=247

2026-08-17 23:23:58,811 INFO image_rx_daemon: frag_arrival: seq=108 idx=8 total=13 fw_us=1231763695 len=247

2026-08-17 23:23:58,929 INFO image_rx_daemon: frag_arrival: seq=108 idx=9 total=13 fw_us=1231880705 len=247

2026-08-17 23:23:59,046 INFO image_rx_daemon: frag_arrival: seq=108 idx=10 total=13 fw_us=1231998628 len=247

2026-08-17 23:23:59,155 WARNING image_rx_daemon: crc_dump: irq=0x70 rx_len=255 snr=2.2 rssi=-70 dump=01c20000000000003e6c0b0c66d2e37bd0b0299f8276b93d9980d19de5b6b9ed998147e41f0709e2596f3d6f6e4355926be5858000ed51494686e60000005745475056503820da000000d008009d012a200020003e0148b04aa7a4232237f55d00f038096c009e3284799f337e7af32ac00aa019805ba01c001d333ec4afb495edb981fc03f40038db1a3513eaf6716151664be672891e0c0000fee7decb56a2dad2158c31070399aa16245355c766a11fa915bffa30279432d8959c2c936b1f6a6d7578aa03d4d3e2c419442cf72d9451c8279aa0ff5b3d6700bfa758597befffb3e194d3b0a7b0bbcaffbe5464cdc964441faa2b2362e243acab

2026-08-17 23:23:59,169 INFO image_rx_daemon: frag_arrival: seq=108 idx=12 total=13 fw_us=1232144575 len=41

2026-08-17 23:23:59,369 INFO image_rx_daemon: frag_arrival: seq=111 idx=0 total=13 fw_us=1232322082 len=247

2026-08-17 23:23:59,489 INFO image_rx_daemon: frag_arrival: seq=111 idx=1 total=13 fw_us=1232438927 len=247

2026-08-17 23:23:59,599 INFO image_rx_daemon: frag_arrival: seq=111 idx=2 total=13 fw_us=1232556036 len=247

2026-08-17 23:23:59,718 INFO image_rx_daemon: frag_arrival: seq=111 idx=3 total=13 fw_us=1232672944 len=247

2026-08-17 23:23:59,827 INFO image_rx_daemon: frag_arrival: seq=111 idx=4 total=13 fw_us=1232789869 len=247

2026-08-17 23:23:59,955 INFO image_rx_daemon: frag_arrival: seq=111 idx=5 total=13 fw_us=1232906933 len=247

2026-08-17 23:24:00,073 INFO image_rx_daemon: frag_arrival: seq=111 idx=6 total=13 fw_us=1233023941 len=247

2026-08-17 23:24:00,185 INFO image_rx_daemon: frag_arrival: seq=111 idx=7 total=13 fw_us=1233141135 len=247

2026-08-17 23:24:00,304 INFO image_rx_daemon: frag_arrival: seq=111 idx=8 total=13 fw_us=1233258095 len=247

2026-08-17 23:24:00,427 INFO image_rx_daemon: frag_arrival: seq=111 idx=9 total=13 fw_us=1233375137 len=247

2026-08-17 23:24:00,515 WARNING image_rx_daemon: crc_dump: irq=0x70 rx_len=255 snr=1.2 rssi=-67 dump=707085e0e4e6f57da07b1fbeeca3d054d2b600b6fc6bcacf5b903125825c0f74ee90394024ccf99316a3e7068970af1a4fdf1865853d44f7edb446ab5cefbaa65842e96df2a17619c028f6af6ed7c9c1a3d66dd9dffa5787ed0a863d20858d5fb8065ef09b6254853ff6661423013eebb9c212da1c7f3d85e12750158ec6b7a483d48a2cccb4d35fe72aed98878c066afee83e1499d83fd0056b8141e4b2af5390b22f63e49183787a2c72a3cd1c88150a0a2ed873bf8f21289706f8e769354db947fa1655512f7d82534d2f79d622e4feb72947ff0cf684c24ac8f22b450ec7f9a5d5dc9165f81502019743a81bd5657462334ccc2acdb28f0fb3

2026-08-17 23:24:00,655 INFO image_rx_daemon: frag_arrival: seq=111 idx=11 total=13 fw_us=1233609038 len=247

2026-08-17 23:24:00,668 INFO image_rx_daemon: frag_arrival: seq=111 idx=12 total=13 fw_us=1233637671 len=37

2026-08-17 23:24:00,979 INFO image_rx_daemon: frag_arrival: seq=114 idx=1 total=13 fw_us=1233932628 len=247

2026-08-17 23:24:01,099 INFO image_rx_daemon: frag_arrival: seq=114 idx=2 total=13 fw_us=1234048730 len=247

2026-08-17 23:24:01,211 INFO image_rx_daemon: frag_arrival: seq=114 idx=3 total=13 fw_us=1234165692 len=247

2026-08-17 23:24:01,331 INFO image_rx_daemon: frag_arrival: seq=114 idx=4 total=13 fw_us=1234282620 len=247

2026-08-17 23:24:01,439 INFO image_rx_daemon: frag_arrival: seq=114 idx=5 total=13 fw_us=1234399593 len=247

2026-08-17 23:24:01,559 WARNING image_rx_daemon: crc_dump: irq=0x70 rx_len=255 snr=2.0 rssi=-70 dump=01c20000000000003e72060cd3fc6fcf295017bfecd11506f47eb208bd52494646b60010005745425056503820aa0000007006009d012a200080003ea25aa64e270523d22808024018096c00312e8448020001a7fd6007f00474a0f723c29fc0261be1b65fafdbdb289f1e5d000afdcee730a6bfcfeea8370b2dbff83e2a8369f5f751e66d7874094c94179b840bee4e2c49382484972d4d06076cf502ebb4446138b2cac687be319d89a00997d53e2226760c176f0716633282262802f442cfc0ddc16a60aae6f53b63626ab5a44784e392662e4508f09fac0100a952494646a2100000574f42505652384096000000f80400dd011a200420503e

2026-08-17 23:24:01,683 INFO image_rx_daemon: frag_arrival: seq=114 idx=7 total=13 fw_us=1234633942 len=247

2026-08-17 23:24:01,791 INFO image_rx_daemon: frag_arrival: seq=114 idx=8 total=13 fw_us=1234750960 len=247

2026-08-17 23:24:01,907 INFO image_rx_daemon: frag_arrival: seq=114 idx=9 total=13 fw_us=1234868001 len=247

2026-08-17 23:24:02,015 INFO image_rx_daemon: frag_arrival: seq=114 idx=10 total=13 fw_us=1234985004 len=247

2026-08-17 23:24:02,144 INFO image_rx_daemon: frag_arrival: seq=114 idx=11 total=13 fw_us=1235102059 len=247

2026-08-17 23:24:02,156 INFO image_rx_daemon: frag_arrival: seq=114 idx=12 total=13 fw_us=1235132028 len=41

2026-08-17 23:24:02,359 INFO image_rx_daemon: frag_arrival: seq=117 idx=0 total=13 fw_us=1235309405 len=247

2026-08-17 23:24:02,471 INFO image_rx_daemon: frag_arrival: seq=117 idx=1 total=13 fw_us=1235426276 len=247

2026-08-17 23:24:02,591 INFO image_rx_daemon: frag_arrival: seq=117 idx=2 total=13 fw_us=1235543439 len=247

2026-08-17 23:24:02,710 INFO image_rx_daemon: frag_arrival: seq=117 idx=3 total=13 fw_us=1235660237 len=247

2026-08-17 23:24:02,828 INFO image_rx_daemon: frag_arrival: seq=117 idx=4 total=13 fw_us=1235777361 len=247

2026-08-17 23:24:02,937 INFO image_rx_daemon: frag_arrival: seq=117 idx=5 total=13 fw_us=1235894387 len=247

2026-08-17 23:24:03,056 INFO image_rx_daemon: frag_arrival: seq=117 idx=6 total=13 fw_us=1236011343 len=247

2026-08-17 23:24:03,171 INFO image_rx_daemon: frag_arrival: seq=117 idx=7 total=13 fw_us=1236128353 len=247

2026-08-17 23:24:03,291 INFO image_rx_daemon: frag_arrival: seq=117 idx=8 total=13 fw_us=1236245318 len=247

2026-08-17 23:24:03,411 INFO image_rx_daemon: frag_arrival: seq=117 idx=9 total=13 fw_us=1236362434 len=247

2026-08-17 23:24:03,523 INFO image_rx_daemon: frag_arrival: seq=117 idx=10 total=13 fw_us=1236479399 len=247

2026-08-17 23:24:03,643 INFO image_rx_daemon: frag_arrival: seq=117 idx=11 total=13 fw_us=1236596379 len=247

2026-08-17 23:24:03,673 INFO image_rx_daemon: frag_arrival: seq=117 idx=12 total=13 fw_us=1236640702 len=79

2026-08-17 23:24:03,676 INFO image_rx_daemon: published frame_id=0 2991 B → lifetrac/v25/video/tile_delta

2026-08-17 23:24:03,945 INFO image_rx_daemon: frag_arrival: seq=123 idx=0 total=13 fw_us=1236900407 len=247

2026-08-17 23:24:04,064 INFO image_rx_daemon: frag_arrival: seq=123 idx=1 total=13 fw_us=1237017191 len=247

2026-08-17 23:24:04,171 INFO image_rx_daemon: frag_arrival: seq=123 idx=2 total=13 fw_us=1237134294 len=247

2026-08-17 23:24:04,299 INFO image_rx_daemon: frag_arrival: seq=123 idx=3 total=13 fw_us=1237251423 len=247

2026-08-17 23:24:04,411 INFO image_rx_daemon: frag_arrival: seq=123 idx=4 total=13 fw_us=1237368252 len=247

2026-08-17 23:24:04,528 INFO image_rx_daemon: frag_arrival: seq=123 idx=5 total=13 fw_us=1237485460 len=247

2026-08-17 23:24:04,651 INFO image_rx_daemon: frag_arrival: seq=123 idx=6 total=13 fw_us=1237602414 len=247

2026-08-17 23:24:04,775 INFO image_rx_daemon: frag_arrival: seq=123 idx=7 total=13 fw_us=1237719302 len=247

2026-08-17 23:24:04,882 INFO image_rx_daemon: frag_arrival: seq=123 idx=8 total=13 fw_us=1237836497 len=247

2026-08-17 23:24:04,995 INFO image_rx_daemon: frag_arrival: seq=123 idx=9 total=13 fw_us=1237953501 len=247

2026-08-17 23:24:05,115 INFO image_rx_daemon: frag_arrival: seq=123 idx=10 total=13 fw_us=1238070623 len=247

2026-08-17 23:24:05,223 INFO image_rx_daemon: frag_arrival: seq=123 idx=11 total=13 fw_us=1238187683 len=247

2026-08-17 23:24:05,255 INFO image_rx_daemon: frag_arrival: seq=123 idx=12 total=13 fw_us=1238232060 len=81

2026-08-17 23:24:05,257 INFO image_rx_daemon: published frame_id=0 2993 B → lifetrac/v25/video/tile_delta

2026-08-17 23:24:05,532 INFO image_rx_daemon: frag_arrival: seq=124 idx=0 total=12 fw_us=1238491536 len=247

2026-08-17 23:24:05,649 INFO image_rx_daemon: frag_arrival: seq=124 idx=1 total=12 fw_us=1238608298 len=247

2026-08-17 23:24:05,768 INFO image_rx_daemon: frag_arrival: seq=124 idx=2 total=12 fw_us=1238725466 len=247

2026-08-17 23:24:05,891 INFO image_rx_daemon: frag_arrival: seq=124 idx=3 total=12 fw_us=1238842300 len=247

2026-08-17 23:24:06,007 INFO image_rx_daemon: frag_arrival: seq=124 idx=4 total=12 fw_us=1238959475 len=247

2026-08-17 23:24:06,124 INFO image_rx_daemon: frag_arrival: seq=124 idx=5 total=12 fw_us=1239076385 len=247

2026-08-17 23:24:06,171 INFO image_rx_daemon: stats: rx_frames=1565 rx_decode_err=0 frames_published=78 publish_err=0 reassembler_decode_err=0 reassembler_timeouts=49 parity_recon=0

2026-08-17 23:24:06,174 INFO image_rx_daemon: air_gap: n=79 dt_med=117010us dt_p95=259476us len_med=247B cmd_tx_ok=16 cmd_tx_fail=0

2026-08-17 23:24:06,178 INFO image_rx_daemon: air_gap_hist(ms): <40:2 <80:2 <120:64 <200:5 <400:6

2026-08-17 23:24:06,178 INFO image_rx_daemon: rx_rf: n_rssi=79 n_snr=79 rssi[min/med/max]=-71/-70/-69 snr[min/med/max]=5.0/6.0/7.0

2026-08-17 23:24:06,179 INFO image_rx_daemon: phase_telemetry: valid=79 invalid=0 pre_f8=0 last_epoch=0 last_hop=0 slot_off=[0..0]

2026-08-17 23:24:06,180 INFO image_rx_daemon: air_gap_by_class: seq: n=67 med=117.0ms | boundary: n=6 med=259.5ms | post_loss: n=5 med=233.9ms

2026-08-17 23:24:06,180 INFO image_rx_daemon: lost_frag_idx: n=6 idx0=1 (7.69% of idx0 arrivals) other=5 (3.21%) verdict=CLUSTERED-AT-0 | top 11:3 10:1 0:1 6:1

2026-08-17 23:24:06,181 INFO image_rx_daemon: frag_reordered: 1 late out-of-order arrivals had a provisional loss retracted (in-order assumption violated — see RS-11.4)

2026-08-17 23:24:06,236 INFO image_rx_daemon: frag_arrival: seq=124 idx=6 total=12 fw_us=1239193420 len=247

2026-08-17 23:24:06,355 INFO image_rx_daemon: frag_arrival: seq=124 idx=7 total=12 fw_us=1239310532 len=247

2026-08-17 23:24:06,479 INFO image_rx_daemon: frag_arrival: seq=124 idx=8 total=12 fw_us=1239427504 len=247

2026-08-17 23:24:06,588 INFO image_rx_daemon: frag_arrival: seq=124 idx=9 total=12 fw_us=1239544546 len=247

2026-08-17 23:24:06,711 INFO image_rx_daemon: frag_arrival: seq=124 idx=10 total=12 fw_us=1239661513 len=247

2026-08-17 23:24:06,808 WARNING image_rx_daemon: crc_dump: irq=0x70 rx_len=255 snr=0.5 rssi=-66 dump=01020000000000d606117f7cb3c362be27f6f589cc2f7e9adbcf189132c069790d5867f88b1a67eff2623c29046308e6cc9ce72cda33eacaa7157a0aa110dd534c5de2efcb5332d57ebc255b710dba3e4ede20f4d90cbfd4ad1b845d6337d440f63513c9f30559c7ea28f6f802e86ba59518dc56a5d1192b136d074b172b5a303cb44c376a9bae4a562b153c39d812fa26fe4282b6a15860fdedcae8859348371cafee21e6c84a0238b9b53a6abb9bae0b6215317c4b12b93bd3daf57e4b7e1ff4d5f34ea50a298e996b64dc9a19c269072070ff54acff5bf005cbde1c7e3f95e6050d339de149f1cab3f8494e1d2a0808bd29de4fd121bd21b781

2026-08-17 23:24:07,007 INFO image_rx_daemon: frag_arrival: seq=126 idx=0 total=12 fw_us=1239965416 len=247

2026-08-17 23:24:07,128 INFO image_rx_daemon: frag_arrival: seq=126 idx=1 total=12 fw_us=1240082243 len=247

2026-08-17 23:24:07,248 INFO image_rx_daemon: frag_arrival: seq=126 idx=2 total=12 fw_us=1240199139 len=247

2026-08-17 23:24:07,364 INFO image_rx_daemon: frag_arrival: seq=126 idx=3 total=12 fw_us=1240316326 len=247

2026-08-17 23:24:07,479 INFO image_rx_daemon: frag_arrival: seq=126 idx=4 total=12 fw_us=1240433162 len=247

2026-08-17 23:24:07,599 INFO image_rx_daemon: frag_arrival: seq=126 idx=5 total=12 fw_us=1240550253 len=247

2026-08-17 23:24:07,719 INFO image_rx_daemon: frag_arrival: seq=126 idx=6 total=12 fw_us=1240667189 len=247

2026-08-17 23:24:07,828 INFO image_rx_daemon: frag_arrival: seq=126 idx=7 total=12 fw_us=1240784258 len=247

2026-08-17 23:24:07,951 INFO image_rx_daemon: frag_arrival: seq=126 idx=8 total=12 fw_us=1240901384 len=247

2026-08-17 23:24:08,071 INFO image_rx_daemon: frag_arrival: seq=126 idx=9 total=12 fw_us=1241018457 len=247

2026-08-17 23:24:08,180 INFO image_rx_daemon: frag_arrival: seq=126 idx=10 total=12 fw_us=1241135354 len=247

2026-08-17 23:24:08,299 INFO image_rx_daemon: frag_arrival: seq=126 idx=11 total=12 fw_us=1241252322 len=246

2026-08-17 23:24:08,301 INFO image_rx_daemon: published frame_id=0 2915 B → lifetrac/v25/video/tile_delta

2026-08-17 23:24:08,483 INFO image_rx_daemon: frag_arrival: seq=129 idx=0 total=13 fw_us=1241439610 len=247

2026-08-17 23:24:08,603 INFO image_rx_daemon: frag_arrival: seq=129 idx=1 total=13 fw_us=1241556426 len=247

2026-08-17 23:24:08,723 INFO image_rx_daemon: frag_arrival: seq=129 idx=2 total=13 fw_us=1241673537 len=247

2026-08-17 23:24:08,841 INFO image_rx_daemon: frag_arrival: seq=129 idx=3 total=13 fw_us=1241790560 len=247

2026-08-17 23:24:08,948 INFO image_rx_daemon: frag_arrival: seq=129 idx=4 total=13 fw_us=1241907543 len=247

2026-08-17 23:24:09,071 INFO image_rx_daemon: frag_arrival: seq=129 idx=5 total=13 fw_us=1242024581 len=247

2026-08-17 23:24:09,191 INFO image_rx_daemon: frag_arrival: seq=129 idx=6 total=13 fw_us=1242141364 len=247

2026-08-17 23:24:09,300 INFO image_rx_daemon: frag_arrival: seq=129 idx=7 total=13 fw_us=1242258562 len=247

2026-08-17 23:24:09,419 INFO image_rx_daemon: frag_arrival: seq=129 idx=8 total=13 fw_us=1242375671 len=247

2026-08-17 23:24:09,543 INFO image_rx_daemon: frag_arrival: seq=129 idx=9 total=13 fw_us=1242492755 len=247

2026-08-17 23:24:09,652 INFO image_rx_daemon: frag_arrival: seq=129 idx=10 total=13 fw_us=1242609702 len=247

2026-08-17 23:24:09,772 INFO image_rx_daemon: frag_arrival: seq=129 idx=11 total=13 fw_us=1242726679 len=247

2026-08-17 23:24:09,801 INFO image_rx_daemon: frag_arrival: seq=129 idx=12 total=13 fw_us=1242768410 len=73

2026-08-17 23:24:09,804 INFO image_rx_daemon: published frame_id=0 2985 B → lifetrac/v25/video/tile_delta

2026-08-17 23:24:10,076 INFO image_rx_daemon: frag_arrival: seq=135 idx=0 total=13 fw_us=1243030560 len=247

2026-08-17 23:24:10,192 INFO image_rx_daemon: frag_arrival: seq=135 idx=1 total=13 fw_us=1243147406 len=247

2026-08-17 23:24:10,310 INFO image_rx_daemon: frag_arrival: seq=135 idx=2 total=13 fw_us=1243265628 len=247

2026-08-17 23:24:10,428 INFO image_rx_daemon: frag_arrival: seq=135 idx=3 total=13 fw_us=1243381767 len=247

2026-08-17 23:24:10,548 INFO image_rx_daemon: frag_arrival: seq=135 idx=4 total=13 fw_us=1243498937 len=247

2026-08-17 23:24:10,654 INFO image_rx_daemon: frag_arrival: seq=135 idx=5 total=13 fw_us=1243616011 len=247

2026-08-17 23:24:10,787 INFO image_rx_daemon: frag_arrival: seq=135 idx=6 total=13 fw_us=1243733038 len=247

2026-08-17 23:24:10,895 INFO image_rx_daemon: frag_arrival: seq=135 idx=7 total=13 fw_us=1243850042 len=247

2026-08-17 23:24:11,005 INFO image_rx_daemon: frag_arrival: seq=135 idx=8 total=13 fw_us=1243967024 len=247

2026-08-17 23:24:11,133 INFO image_rx_daemon: frag_arrival: seq=135 idx=9 total=13 fw_us=1244084121 len=247

2026-08-17 23:24:11,243 INFO image_rx_daemon: frag_arrival: seq=135 idx=10 total=13 fw_us=1244201065 len=247

2026-08-17 23:24:11,368 INFO image_rx_daemon: frag_arrival: seq=135 idx=11 total=13 fw_us=1244318122 len=247

2026-08-17 23:24:11,384 WARNING image_rx_daemon: crc_dump: irq=0x70 rx_len=71 snr=2.2 rssi=-69 dump=01c2000000000000fe8d0c0c4fd0bef5074d605c1a0bbd6532b771542c978d00b678651aeff3dc7dc05b8fb88ae8868992748da62e599469bc28cb23c82fe5d26abb010d410800

2026-08-17 23:24:11,671 INFO image_rx_daemon: frag_arrival: seq=136 idx=0 total=13 fw_us=1244622171 len=247

2026-08-17 23:24:11,795 INFO image_rx_daemon: frag_arrival: seq=136 idx=1 total=13 fw_us=1244739003 len=247

2026-08-17 23:24:11,903 INFO image_rx_daemon: frag_arrival: seq=136 idx=2 total=13 fw_us=1244856123 len=247

2026-08-17 23:24:12,015 INFO image_rx_daemon: frag_arrival: seq=136 idx=3 total=13 fw_us=1244973147 len=247

2026-08-17 23:24:12,141 INFO image_rx_daemon: frag_arrival: seq=136 idx=4 total=13 fw_us=1245090108 len=247

2026-08-17 23:24:12,248 INFO image_rx_daemon: frag_arrival: seq=136 idx=5 total=13 fw_us=1245207042 len=247

2026-08-17 23:24:12,371 INFO image_rx_daemon: frag_arrival: seq=136 idx=6 total=13 fw_us=1245323919 len=247

2026-08-17 23:24:12,495 INFO image_rx_daemon: frag_arrival: seq=136 idx=7 total=13 fw_us=1245441081 len=247

2026-08-17 23:24:12,604 INFO image_rx_daemon: frag_arrival: seq=136 idx=8 total=13 fw_us=1245558076 len=247

2026-08-17 23:24:12,729 INFO image_rx_daemon: frag_arrival: seq=136 idx=9 total=13 fw_us=1245675071 len=247

2026-08-17 23:24:12,837 INFO image_rx_daemon: frag_arrival: seq=136 idx=10 total=13 fw_us=1245792096 len=247

2026-08-17 23:24:12,959 INFO image_rx_daemon: frag_arrival: seq=136 idx=11 total=13 fw_us=1245909108 len=247

2026-08-17 23:24:12,989 INFO image_rx_daemon: frag_arrival: seq=136 idx=12 total=13 fw_us=1245950855 len=74

2026-08-17 23:24:12,992 INFO image_rx_daemon: published frame_id=0 2986 B → lifetrac/v25/video/tile_delta

2026-08-17 23:24:13,257 INFO image_rx_daemon: frag_arrival: seq=139 idx=0 total=12 fw_us=1246212765 len=247

2026-08-17 23:24:13,379 INFO image_rx_daemon: frag_arrival: seq=139 idx=1 total=12 fw_us=1246330628 len=247

2026-08-17 23:24:13,503 INFO image_rx_daemon: frag_arrival: seq=139 idx=2 total=12 fw_us=1246446765 len=247

2026-08-17 23:24:13,612 INFO image_rx_daemon: frag_arrival: seq=139 idx=3 total=12 fw_us=1246563819 len=247

2026-08-17 23:24:13,731 INFO image_rx_daemon: frag_arrival: seq=139 idx=4 total=12 fw_us=1246680759 len=247

2026-08-17 23:24:13,851 INFO image_rx_daemon: frag_arrival: seq=139 idx=5 total=12 fw_us=1246797765 len=247

2026-08-17 23:24:13,960 INFO image_rx_daemon: frag_arrival: seq=139 idx=6 total=12 fw_us=1246914615 len=247

2026-08-17 23:24:14,076 INFO image_rx_daemon: frag_arrival: seq=139 idx=7 total=12 fw_us=1247031683 len=247

2026-08-17 23:24:14,196 INFO image_rx_daemon: frag_arrival: seq=139 idx=8 total=12 fw_us=1247148613 len=247

2026-08-17 23:24:14,315 INFO image_rx_daemon: frag_arrival: seq=139 idx=9 total=12 fw_us=1247265595 len=247

2026-08-17 23:24:14,432 INFO image_rx_daemon: frag_arrival: seq=139 idx=10 total=12 fw_us=1247382608 len=247

2026-08-17 23:24:14,555 INFO image_rx_daemon: frag_arrival: seq=139 idx=11 total=12 fw_us=1247499500 len=246

2026-08-17 23:24:14,556 INFO image_rx_daemon: published frame_id=0 2915 B → lifetrac/v25/video/tile_delta

2026-08-17 23:24:14,736 INFO image_rx_daemon: frag_arrival: seq=145 idx=0 total=12 fw_us=1247686809 len=247

2026-08-17 23:24:14,855 INFO image_rx_daemon: frag_arrival: seq=145 idx=1 total=12 fw_us=1247803508 len=247

2026-08-17 23:24:14,964 INFO image_rx_daemon: frag_arrival: seq=145 idx=2 total=12 fw_us=1247920586 len=247

2026-08-17 23:24:15,095 INFO image_rx_daemon: frag_arrival: seq=145 idx=3 total=12 fw_us=1248038628 len=247

2026-08-17 23:24:15,204 INFO image_rx_daemon: frag_arrival: seq=145 idx=4 total=12 fw_us=1248154631 len=247

2026-08-17 23:24:15,332 INFO image_rx_daemon: frag_arrival: seq=145 idx=5 total=12 fw_us=1248271631 len=247

2026-08-17 23:24:15,440 INFO image_rx_daemon: frag_arrival: seq=145 idx=6 total=12 fw_us=1248388479 len=247

2026-08-17 23:24:15,555 INFO image_rx_daemon: frag_arrival: seq=145 idx=7 total=12 fw_us=1248506628 len=247

2026-08-17 23:24:15,672 INFO image_rx_daemon: frag_arrival: seq=145 idx=8 total=12 fw_us=1248622669 len=247

2026-08-17 23:24:15,795 INFO image_rx_daemon: frag_arrival: seq=145 idx=9 total=12 fw_us=1248740628 len=247

2026-08-17 23:24:15,996 WARNING image_rx_daemon: crc_dump: irq=0x70 rx_len=255 snr=5.2 rssi=-66 dump=010200708318ac855781560995fbe880ef4933e0aa3f6fd79241f85e5e77ea407bc5426ce1a0abf3f6dbb23ea5bdbc0b4dd651d1a20c79ea1b780fe4bb3978af41b3626a20c5d39c7e31deec6d7696e0d3b4fa5b6b365af705c3a1f270017e698e24824eb4e7c1870ef5e20f5a01c40380c8bca1871f54e85b2fbcb5f833fd6b8295c0b0a4229f0495cc1ce562e60bf9425ab01e75c03d8891f80dd4fa6c2b36a1d3dc1131b4fd4450d9f5fcff491c9fc6283b7b54e7cc84587321d579b53c2777afc946a47cbe5beb6b2e060a5cac0a550dc80dc296eacccf92a19a41716180cc10ceb5336cdb567a380536f85a7edf6b20a37d431353face62d9

2026-08-17 23:24:16,207 INFO image_rx_daemon: stats: rx_frames=1642 rx_decode_err=0 frames_published=82 publish_err=0 reassembler_decode_err=0 reassembler_timeouts=51 parity_recon=0

2026-08-17 23:24:16,208 INFO image_rx_daemon: frag_arrival: seq=146 idx=0 total=13 fw_us=1249160390 len=247

2026-08-17 23:24:16,208 INFO image_rx_daemon: air_gap: n=78 dt_med=117013us dt_p95=262150us len_med=247B cmd_tx_ok=16 cmd_tx_fail=0

2026-08-17 23:24:16,209 INFO image_rx_daemon: air_gap_hist(ms): <80:2 <120:69 <200:2 <400:4 <1000:1

2026-08-17 23:24:16,210 INFO image_rx_daemon: rx_rf: n_rssi=78 n_snr=78 rssi[min/med/max]=-71/-70/-69 snr[min/med/max]=5.0/6.0/7.0

2026-08-17 23:24:16,210 INFO image_rx_daemon: phase_telemetry: valid=78 invalid=0 pre_f8=0 last_epoch=0 last_hop=0 slot_off=[0..0]

2026-08-17 23:24:16,211 INFO image_rx_daemon: air_gap_by_class: seq: n=71 med=117.0ms | boundary: n=7 med=262.1ms

2026-08-17 23:24:16,211 INFO image_rx_daemon: lost_frag_idx: n=4 idx0=0 (0.00% of idx0 arrivals) other=4 (5.33%) verdict=not-clustered | top 11:2 12:1 10:1

2026-08-17 23:24:16,328 INFO image_rx_daemon: frag_arrival: seq=146 idx=1 total=13 fw_us=1249277350 len=247

2026-08-17 23:24:16,447 INFO image_rx_daemon: frag_arrival: seq=146 idx=2 total=13 fw_us=1249394295 len=247

2026-08-17 23:24:16,559 INFO image_rx_daemon: frag_arrival: seq=146 idx=3 total=13 fw_us=1249511475 len=247

2026-08-17 23:24:16,679 INFO image_rx_daemon: frag_arrival: seq=146 idx=4 total=13 fw_us=1249628539 len=247

2026-08-17 23:24:16,788 INFO image_rx_daemon: frag_arrival: seq=146 idx=5 total=13 fw_us=1249745461 len=247

2026-08-17 23:24:16,907 INFO image_rx_daemon: frag_arrival: seq=146 idx=6 total=13 fw_us=1249862311 len=247

2026-08-17 23:24:17,016 INFO image_rx_daemon: frag_arrival: seq=146 idx=7 total=13 fw_us=1249979397 len=247

2026-08-17 23:24:17,144 INFO image_rx_daemon: frag_arrival: seq=146 idx=8 total=13 fw_us=1250096458 len=247

2026-08-17 23:24:17,263 INFO image_rx_daemon: frag_arrival: seq=146 idx=9 total=13 fw_us=1250213335 len=247

2026-08-17 23:24:17,380 INFO image_rx_daemon: frag_arrival: seq=146 idx=10 total=13 fw_us=1250330370 len=247

2026-08-17 23:24:17,499 INFO image_rx_daemon: frag_arrival: seq=146 idx=11 total=13 fw_us=1250447364 len=247

2026-08-17 23:24:17,513 INFO image_rx_daemon: frag_arrival: seq=146 idx=12 total=13 fw_us=1250477324 len=41

2026-08-17 23:24:17,516 INFO image_rx_daemon: published frame_id=0 2953 B → lifetrac/v25/video/tile_delta

2026-08-17 23:24:17,699 INFO image_rx_daemon: frag_arrival: seq=148 idx=0 total=13 fw_us=1250654788 len=247

2026-08-17 23:24:17,820 INFO image_rx_daemon: frag_arrival: seq=148 idx=1 total=13 fw_us=1250771690 len=247

2026-08-17 23:24:17,939 INFO image_rx_daemon: frag_arrival: seq=148 idx=2 total=13 fw_us=1250888707 len=247

2026-08-17 23:24:18,059 INFO image_rx_daemon: frag_arrival: seq=148 idx=3 total=13 fw_us=1251005755 len=247

2026-08-17 23:24:18,167 INFO image_rx_daemon: frag_arrival: seq=148 idx=4 total=13 fw_us=1251122770 len=247

2026-08-17 23:24:18,286 INFO image_rx_daemon: frag_arrival: seq=148 idx=5 total=13 fw_us=1251239884 len=247

2026-08-17 23:24:18,405 INFO image_rx_daemon: frag_arrival: seq=148 idx=6 total=13 fw_us=1251356782 len=247

2026-08-17 23:24:18,524 INFO image_rx_daemon: frag_arrival: seq=148 idx=7 total=13 fw_us=1251473892 len=247

2026-08-17 23:24:18,644 INFO image_rx_daemon: frag_arrival: seq=148 idx=8 total=13 fw_us=1251590889 len=247

2026-08-17 23:24:18,879 INFO image_rx_daemon: frag_arrival: seq=148 idx=10 total=13 fw_us=1251824957 len=247

2026-08-17 23:24:18,991 INFO image_rx_daemon: frag_arrival: seq=148 idx=11 total=13 fw_us=1251941978 len=247

2026-08-17 23:24:19,003 INFO image_rx_daemon: frag_arrival: seq=148 idx=12 total=13 fw_us=1251974524 len=47

2026-08-17 23:24:19,204 INFO image_rx_daemon: frag_arrival: seq=151 idx=0 total=13 fw_us=1252152526 len=247

2026-08-17 23:24:19,315 INFO image_rx_daemon: frag_arrival: seq=151 idx=1 total=13 fw_us=1252269375 len=247

2026-08-17 23:24:19,439 INFO image_rx_daemon: frag_arrival: seq=151 idx=2 total=13 fw_us=1252387628 len=247

2026-08-17 23:24:19,559 INFO image_rx_daemon: frag_arrival: seq=151 idx=3 total=13 fw_us=1252504628 len=247

2026-08-17 23:24:19,668 INFO image_rx_daemon: frag_arrival: seq=151 idx=4 total=13 fw_us=1252620610 len=247

2026-08-17 23:24:19,789 INFO image_rx_daemon: frag_arrival: seq=151 idx=5 total=13 fw_us=1252737624 len=247

2026-08-17 23:24:19,911 INFO image_rx_daemon: frag_arrival: seq=151 idx=6 total=13 fw_us=1252854625 len=247

2026-08-17 23:24:20,008 INFO image_rx_daemon: frag_arrival: seq=151 idx=7 total=13 fw_us=1252971612 len=247

2026-08-17 23:24:20,136 INFO image_rx_daemon: frag_arrival: seq=151 idx=8 total=13 fw_us=1253088584 len=247

2026-08-17 23:24:20,259 INFO image_rx_daemon: frag_arrival: seq=151 idx=9 total=13 fw_us=1253205529 len=247

2026-08-17 23:24:20,371 INFO image_rx_daemon: frag_arrival: seq=151 idx=10 total=13 fw_us=1253322585 len=247

2026-08-17 23:24:20,489 INFO image_rx_daemon: frag_arrival: seq=151 idx=11 total=13 fw_us=1253439538 len=247

2026-08-17 23:24:20,503 INFO image_rx_daemon: frag_arrival: seq=151 idx=12 total=13 fw_us=1253468205 len=39

2026-08-17 23:24:20,506 INFO image_rx_daemon: published frame_id=0 2951 B → lifetrac/v25/video/tile_delta

2026-08-17 23:24:20,816 INFO image_rx_daemon: frag_arrival: seq=154 idx=1 total=13 fw_us=1253762094 len=247

2026-08-17 23:24:20,922 INFO image_rx_daemon: frag_arrival: seq=154 idx=2 total=13 fw_us=1253879354 len=247

2026-08-17 23:24:21,043 INFO image_rx_daemon: frag_arrival: seq=154 idx=3 total=13 fw_us=1253996418 len=247

2026-08-17 23:24:21,163 INFO image_rx_daemon: frag_arrival: seq=154 idx=4 total=13 fw_us=1254113237 len=247

2026-08-17 23:24:21,283 INFO image_rx_daemon: frag_arrival: seq=154 idx=5 total=13 fw_us=1254230425 len=247

2026-08-17 23:24:21,392 INFO image_rx_daemon: frag_arrival: seq=154 idx=6 total=13 fw_us=1254347293 len=247

2026-08-17 23:24:21,519 INFO image_rx_daemon: frag_arrival: seq=154 idx=7 total=13 fw_us=1254464347 len=247

2026-08-17 23:24:21,633 INFO image_rx_daemon: frag_arrival: seq=154 idx=8 total=13 fw_us=1254581237 len=247

2026-08-17 23:24:21,755 INFO image_rx_daemon: frag_arrival: seq=154 idx=9 total=13 fw_us=1254698214 len=247

2026-08-17 23:24:21,864 INFO image_rx_daemon: frag_arrival: seq=154 idx=10 total=13 fw_us=1254815126 len=247

2026-08-17 23:24:21,983 INFO image_rx_daemon: frag_arrival: seq=154 idx=11 total=13 fw_us=1254932087 len=247

2026-08-17 23:24:21,984 INFO image_rx_daemon: frag_arrival: seq=154 idx=12 total=13 fw_us=1254950317 len=11

2026-08-17 23:24:22,176 INFO image_rx_daemon: frag_arrival: seq=157 idx=0 total=13 fw_us=1255126628 len=247

2026-08-17 23:24:22,298 INFO image_rx_daemon: frag_arrival: seq=157 idx=1 total=13 fw_us=1255242467 len=247

2026-08-17 23:24:22,403 INFO image_rx_daemon: frag_arrival: seq=157 idx=2 total=13 fw_us=1255359588 len=247

2026-08-17 23:24:22,527 INFO image_rx_daemon: frag_arrival: seq=157 idx=3 total=13 fw_us=1255476352 len=247

2026-08-17 23:24:22,651 INFO image_rx_daemon: frag_arrival: seq=157 idx=4 total=13 fw_us=1255593236 len=247

2026-08-17 23:24:22,760 INFO image_rx_daemon: frag_arrival: seq=157 idx=5 total=13 fw_us=1255710241 len=247

2026-08-17 23:24:22,879 INFO image_rx_daemon: frag_arrival: seq=157 idx=6 total=13 fw_us=1255827287 len=247

2026-08-17 23:24:22,996 INFO image_rx_daemon: frag_arrival: seq=157 idx=7 total=13 fw_us=1255944331 len=247

2026-08-17 23:24:23,115 INFO image_rx_daemon: frag_arrival: seq=157 idx=8 total=13 fw_us=1256061259 len=247

2026-08-17 23:24:23,224 INFO image_rx_daemon: frag_arrival: seq=157 idx=9 total=13 fw_us=1256178224 len=247

2026-08-17 23:24:23,345 INFO image_rx_daemon: frag_arrival: seq=157 idx=10 total=13 fw_us=1256295207 len=247

2026-08-17 23:24:23,467 INFO image_rx_daemon: frag_arrival: seq=157 idx=11 total=13 fw_us=1256412189 len=247

2026-08-17 23:24:23,492 INFO image_rx_daemon: frag_arrival: seq=157 idx=12 total=13 fw_us=1256456514 len=80

2026-08-17 23:24:23,496 INFO image_rx_daemon: published frame_id=0 2992 B → lifetrac/v25/video/tile_delta

2026-08-17 23:24:23,775 INFO image_rx_daemon: frag_arrival: seq=160 idx=0 total=12 fw_us=1256715920 len=247

2026-08-17 23:24:23,884 INFO image_rx_daemon: frag_arrival: seq=160 idx=1 total=12 fw_us=1256832814 len=247

2026-08-17 23:24:24,001 INFO image_rx_daemon: frag_arrival: seq=160 idx=2 total=12 fw_us=1256949819 len=247

2026-08-17 23:24:24,120 INFO image_rx_daemon: frag_arrival: seq=160 idx=3 total=12 fw_us=1257066951 len=247

2026-08-17 23:24:24,236 INFO image_rx_daemon: frag_arrival: seq=160 idx=4 total=12 fw_us=1257183983 len=247

2026-08-17 23:24:24,361 INFO image_rx_daemon: frag_arrival: seq=160 idx=5 total=12 fw_us=1257300816 len=247

2026-08-17 23:24:24,468 INFO image_rx_daemon: frag_arrival: seq=160 idx=6 total=12 fw_us=1257417963 len=247

2026-08-17 23:24:24,587 INFO image_rx_daemon: frag_arrival: seq=160 idx=7 total=12 fw_us=1257534986 len=247

2026-08-17 23:24:24,707 INFO image_rx_daemon: frag_arrival: seq=160 idx=8 total=12 fw_us=1257651904 len=247

2026-08-17 23:24:24,819 INFO image_rx_daemon: frag_arrival: seq=160 idx=9 total=12 fw_us=1257768898 len=247

2026-08-17 23:24:24,936 INFO image_rx_daemon: frag_arrival: seq=160 idx=10 total=12 fw_us=1257885925 len=247

2026-08-17 23:24:25,056 INFO image_rx_daemon: frag_arrival: seq=160 idx=11 total=12 fw_us=1257997147 len=241

2026-08-17 23:24:25,058 INFO image_rx_daemon: published frame_id=0 2910 B → lifetrac/v25/video/tile_delta

2026-08-17 23:24:25,240 INFO image_rx_daemon: frag_arrival: seq=163 idx=0 total=13 fw_us=1258189747 len=247

2026-08-17 23:24:25,361 INFO image_rx_daemon: frag_arrival: seq=163 idx=1 total=13 fw_us=1258306513 len=247

2026-08-17 23:24:25,483 INFO image_rx_daemon: frag_arrival: seq=163 idx=2 total=13 fw_us=1258423591 len=247

2026-08-17 23:24:25,595 INFO image_rx_daemon: frag_arrival: seq=163 idx=3 total=13 fw_us=1258540536 len=247

2026-08-17 23:24:25,711 INFO image_rx_daemon: frag_arrival: seq=163 idx=4 total=13 fw_us=1258657444 len=247

2026-08-17 23:24:25,831 INFO image_rx_daemon: frag_arrival: seq=163 idx=5 total=13 fw_us=1258774627 len=247

2026-08-17 23:24:25,956 INFO image_rx_daemon: frag_arrival: seq=163 idx=6 total=13 fw_us=1258892628 len=247

2026-08-17 23:24:26,064 INFO image_rx_daemon: frag_arrival: seq=163 idx=7 total=13 fw_us=1259008631 len=247

2026-08-17 23:24:26,178 INFO image_rx_daemon: frag_arrival: seq=163 idx=8 total=13 fw_us=1259125620 len=247

2026-08-17 23:24:26,219 INFO image_rx_daemon: stats: rx_frames=1726 rx_decode_err=0 frames_published=86 publish_err=0 reassembler_decode_err=0 reassembler_timeouts=54 parity_recon=0

2026-08-17 23:24:26,221 INFO image_rx_daemon: air_gap: n=83 dt_med=116994us dt_p95=178002us len_med=247B cmd_tx_ok=16 cmd_tx_fail=0

2026-08-17 23:24:26,223 INFO image_rx_daemon: air_gap_hist(ms): <20:1 <40:3 <80:1 <120:71 <200:4 <400:3

2026-08-17 23:24:26,224 INFO image_rx_daemon: rx_rf: n_rssi=83 n_snr=83 rssi[min/med/max]=-71/-70/-69 snr[min/med/max]=5.0/6.0/7.0

2026-08-17 23:24:26,225 INFO image_rx_daemon: phase_telemetry: valid=83 invalid=0 pre_f8=0 last_epoch=0 last_hop=0 slot_off=[0..0]

2026-08-17 23:24:26,227 INFO image_rx_daemon: air_gap_by_class: seq: n=75 med=117.0ms | boundary: n=5 med=178.0ms | post_loss: n=2 med=293.9ms

2026-08-17 23:24:26,228 INFO image_rx_daemon: lost_frag_idx: n=2 idx0=1 (16.67% of idx0 arrivals) other=1 (1.27%) verdict=CLUSTERED-AT-0 | top 9:1 0:1

2026-08-17 23:24:26,228 INFO image_rx_daemon: frag_reordered: 1 late out-of-order arrivals had a provisional loss retracted (in-order assumption violated — see RS-11.4)

2026-08-17 23:24:26,296 INFO image_rx_daemon: frag_arrival: seq=163 idx=9 total=13 fw_us=1259242595 len=247

2026-08-17 23:24:26,410 INFO image_rx_daemon: frag_arrival: seq=163 idx=10 total=13 fw_us=1259359631 len=247

2026-08-17 23:24:26,531 INFO image_rx_daemon: frag_arrival: seq=163 idx=11 total=13 fw_us=1259476585 len=247

2026-08-17 23:24:26,561 INFO image_rx_daemon: frag_arrival: seq=163 idx=12 total=13 fw_us=1259518293 len=71

2026-08-17 23:24:26,564 INFO image_rx_daemon: published frame_id=0 2983 B → lifetrac/v25/video/tile_delta

2026-08-17 23:24:26,819 INFO image_rx_daemon: frag_arrival: seq=166 idx=0 total=12 fw_us=1259780581 len=247

2026-08-17 23:24:26,949 INFO image_rx_daemon: frag_arrival: seq=166 idx=1 total=12 fw_us=1259897503 len=247

2026-08-17 23:24:27,063 INFO image_rx_daemon: frag_arrival: seq=166 idx=2 total=12 fw_us=1260015628 len=247

2026-08-17 23:24:27,179 INFO image_rx_daemon: frag_arrival: seq=166 idx=3 total=12 fw_us=1260131709 len=247

2026-08-17 23:24:27,296 INFO image_rx_daemon: frag_arrival: seq=166 idx=4 total=12 fw_us=1260248803 len=247

2026-08-17 23:24:27,415 INFO image_rx_daemon: frag_arrival: seq=166 idx=5 total=12 fw_us=1260365856 len=247

2026-08-17 23:24:27,539 INFO image_rx_daemon: frag_arrival: seq=166 idx=6 total=12 fw_us=1260482894 len=247

2026-08-17 23:24:27,647 INFO image_rx_daemon: frag_arrival: seq=166 idx=7 total=12 fw_us=1260599933 len=247

2026-08-17 23:24:27,767 INFO image_rx_daemon: frag_arrival: seq=166 idx=8 total=12 fw_us=1260716902 len=247

2026-08-17 23:24:27,887 INFO image_rx_daemon: frag_arrival: seq=166 idx=9 total=12 fw_us=1260833932 len=247

2026-08-17 23:24:28,016 INFO image_rx_daemon: frag_arrival: seq=166 idx=10 total=12 fw_us=1260951008 len=247

2026-08-17 23:24:28,104 WARNING image_rx_daemon: crc_dump: irq=0x70 rx_len=255 snr=-0.8 rssi=-66 dump=01020000000000f398fb431e6ae98d0df73fed4ab683df27bd2cc47b140040f8cc78cc21d5372276a1951f50f979d28366582d688009784ddb6f5cbb2a930ca17c52b8ed326fb651a88ee83ae590d2cf60bff30f5b30efe287be21c0ca58db8b1248a12121d5d216bed5c63bf6ab1479d972ebd48e4d3785851b563531cf5bcc9ad586c7d0236e72f0d304818da4d0c8f20c0f892306000ac69c3eb6405fba5bd11e9e31741d7e64fad40070dd3fb9ec85da3a48dac006f343519296a318310d017d0100edecbba35eadeb964c99c8dfa92dac75af58db2130004342b36533c6daa3fccd1cfbf168c3dade80fb906032a9e801898bd58589950e3c

2026-08-17 23:24:28,304 INFO image_rx_daemon: frag_arrival: seq=169 idx=0 total=13 fw_us=1261254531 len=247

2026-08-17 23:24:28,424 INFO image_rx_daemon: frag_arrival: seq=169 idx=1 total=13 fw_us=1261371428 len=247

2026-08-17 23:24:28,540 INFO image_rx_daemon: frag_arrival: seq=169 idx=2 total=13 fw_us=1261488493 len=247

2026-08-17 23:24:28,660 INFO image_rx_daemon: frag_arrival: seq=169 idx=3 total=13 fw_us=1261605505 len=247

2026-08-17 23:24:28,779 INFO image_rx_daemon: frag_arrival: seq=169 idx=4 total=13 fw_us=1261722631 len=247

2026-08-17 23:24:28,888 INFO image_rx_daemon: frag_arrival: seq=169 idx=5 total=13 fw_us=1261839714 len=247

2026-08-17 23:24:29,007 INFO image_rx_daemon: frag_arrival: seq=169 idx=6 total=13 fw_us=1261956704 len=247

2026-08-17 23:24:29,127 INFO image_rx_daemon: frag_arrival: seq=169 idx=7 total=13 fw_us=1262073737 len=247

2026-08-17 23:24:29,247 INFO image_rx_daemon: frag_arrival: seq=169 idx=8 total=13 fw_us=1262191628 len=247

2026-08-17 23:24:29,365 INFO image_rx_daemon: frag_arrival: seq=169 idx=9 total=13 fw_us=1262307674 len=247

2026-08-17 23:24:29,470 INFO image_rx_daemon: frag_arrival: seq=169 idx=10 total=13 fw_us=1262424769 len=247

2026-08-17 23:24:29,581 INFO image_rx_daemon: frag_arrival: seq=169 idx=11 total=13 fw_us=1262541773 len=247

2026-08-17 23:24:29,612 INFO image_rx_daemon: frag_arrival: seq=169 idx=12 total=13 fw_us=1262565160 len=22

2026-08-17 23:24:29,615 INFO image_rx_daemon: published frame_id=0 2934 B → lifetrac/v25/video/tile_delta

2026-08-17 23:24:29,795 INFO image_rx_daemon: frag_arrival: seq=172 idx=0 total=13 fw_us=1262741382 len=247

2026-08-17 23:24:29,915 INFO image_rx_daemon: frag_arrival: seq=172 idx=1 total=13 fw_us=1262858244 len=247

2026-08-17 23:24:30,013 INFO image_rx_daemon: frag_arrival: seq=172 idx=2 total=13 fw_us=1262975575 len=247

2026-08-17 23:24:30,143 INFO image_rx_daemon: frag_arrival: seq=172 idx=3 total=13 fw_us=1263092505 len=247

2026-08-17 23:24:30,267 INFO image_rx_daemon: frag_arrival: seq=172 idx=4 total=13 fw_us=1263209483 len=247

2026-08-17 23:24:30,379 INFO image_rx_daemon: frag_arrival: seq=172 idx=5 total=13 fw_us=1263326557 len=247

2026-08-17 23:24:30,499 INFO image_rx_daemon: frag_arrival: seq=172 idx=6 total=13 fw_us=1263443604 len=247

2026-08-17 23:24:30,619 INFO image_rx_daemon: frag_arrival: seq=172 idx=7 total=13 fw_us=1263560590 len=247

2026-08-17 23:24:30,731 INFO image_rx_daemon: frag_arrival: seq=172 idx=8 total=13 fw_us=1263677690 len=247

2026-08-17 23:24:30,855 INFO image_rx_daemon: frag_arrival: seq=172 idx=9 total=13 fw_us=1263794690 len=247

2026-08-17 23:24:30,964 INFO image_rx_daemon: frag_arrival: seq=172 idx=10 total=13 fw_us=1263911748 len=247

2026-08-17 23:24:31,080 INFO image_rx_daemon: frag_arrival: seq=172 idx=11 total=13 fw_us=1264028694 len=247

2026-08-17 23:24:31,167 WARNING image_rx_daemon: crc_dump: irq=0x70 rx_len=163 snr=-12.0 rssi=-114 dump=ce288170d1848ef2ad286ef6405703bd8ae9ad6bec36c9f4ebdc85f7b3e768aeeadb38dc3c787bdef9d9ed732bbe92960a98e4abe8c8b396f2a4bcd70a88c5522948c8bb73f0f80e35bb2376e085fd7629da05e3d6b1b056b39962045a1e8ba82319ebf1dfc6b7f6286b713f31d69f826bd6a877c8953141922abee322c7faac93affab1153bcfa2d7edfa1635c16398e9e612f46296320b449b33d3c284c96cb6aca3

2026-08-17 23:24:31,286 INFO image_rx_daemon: frag_arrival: seq=175 idx=0 total=13 fw_us=1264229718 len=247

2026-08-17 23:24:31,395 INFO image_rx_daemon: frag_arrival: seq=175 idx=1 total=13 fw_us=1264346620 len=247

2026-08-17 23:24:31,508 INFO image_rx_daemon: frag_arrival: seq=175 idx=2 total=13 fw_us=1264463712 len=247

2026-08-17 23:24:31,636 INFO image_rx_daemon: frag_arrival: seq=175 idx=3 total=13 fw_us=1264580829 len=247

2026-08-17 23:24:31,755 INFO image_rx_daemon: frag_arrival: seq=175 idx=4 total=13 fw_us=1264697805 len=247

2026-08-17 23:24:31,867 INFO image_rx_daemon: frag_arrival: seq=175 idx=5 total=13 fw_us=1264814822 len=247

2026-08-17 23:24:31,989 INFO image_rx_daemon: frag_arrival: seq=175 idx=6 total=13 fw_us=1264931812 len=247

2026-08-17 23:24:32,106 INFO image_rx_daemon: frag_arrival: seq=175 idx=7 total=13 fw_us=1265049114 len=247

2026-08-17 23:24:32,213 INFO image_rx_daemon: frag_arrival: seq=175 idx=8 total=13 fw_us=1265166227 len=247

2026-08-17 23:24:32,333 INFO image_rx_daemon: frag_arrival: seq=175 idx=9 total=13 fw_us=1265283236 len=247

2026-08-17 23:24:32,452 INFO image_rx_daemon: frag_arrival: seq=175 idx=10 total=13 fw_us=1265400244 len=247

2026-08-17 23:24:32,575 INFO image_rx_daemon: frag_arrival: seq=175 idx=11 total=13 fw_us=1265517221 len=247

2026-08-17 23:24:32,576 INFO image_rx_daemon: frag_arrival: seq=175 idx=12 total=13 fw_us=1265545867 len=37

2026-08-17 23:24:32,578 INFO image_rx_daemon: published frame_id=0 2949 B → lifetrac/v25/video/tile_delta

2026-08-17 23:24:32,781 INFO image_rx_daemon: frag_arrival: seq=178 idx=0 total=13 fw_us=1265723289 len=247

2026-08-17 23:24:32,895 INFO image_rx_daemon: frag_arrival: seq=178 idx=1 total=13 fw_us=1265840097 len=247

2026-08-17 23:24:33,008 INFO image_rx_daemon: frag_arrival: seq=178 idx=2 total=13 fw_us=1265957242 len=247

2026-08-17 23:24:33,131 INFO image_rx_daemon: frag_arrival: seq=178 idx=3 total=13 fw_us=1266074193 len=247

2026-08-17 23:24:33,238 INFO image_rx_daemon: frag_arrival: seq=178 idx=4 total=13 fw_us=1266191086 len=247

2026-08-17 23:24:33,359 INFO image_rx_daemon: frag_arrival: seq=178 idx=5 total=13 fw_us=1266307986 len=247

2026-08-17 23:24:33,479 INFO image_rx_daemon: frag_arrival: seq=178 idx=6 total=13 fw_us=1266424986 len=247

2026-08-17 23:24:33,603 INFO image_rx_daemon: frag_arrival: seq=178 idx=7 total=13 fw_us=1266542187 len=247

2026-08-17 23:24:33,712 INFO image_rx_daemon: frag_arrival: seq=178 idx=8 total=13 fw_us=1266659214 len=247

2026-08-17 23:24:33,835 INFO image_rx_daemon: frag_arrival: seq=178 idx=9 total=13 fw_us=1266776226 len=247

2026-08-17 23:24:33,943 INFO image_rx_daemon: frag_arrival: seq=178 idx=10 total=13 fw_us=1266893275 len=247

2026-08-17 23:24:34,067 INFO image_rx_daemon: frag_arrival: seq=178 idx=11 total=13 fw_us=1267010286 len=247

2026-08-17 23:24:34,080 INFO image_rx_daemon: frag_arrival: seq=178 idx=12 total=13 fw_us=1267040236 len=41

2026-08-17 23:24:34,084 INFO image_rx_daemon: published frame_id=0 2953 B → lifetrac/v25/video/tile_delta

2026-08-17 23:24:34,276 INFO image_rx_daemon: frag_arrival: seq=181 idx=0 total=13 fw_us=1267217868 len=247

2026-08-17 23:24:34,385 INFO image_rx_daemon: frag_arrival: seq=181 idx=1 total=13 fw_us=1267334823 len=247

2026-08-17 23:24:34,504 INFO image_rx_daemon: frag_arrival: seq=181 idx=2 total=13 fw_us=1267451815 len=247

2026-08-17 23:24:34,627 INFO image_rx_daemon: frag_arrival: seq=181 idx=3 total=13 fw_us=1267568939 len=247

2026-08-17 23:24:34,736 INFO image_rx_daemon: frag_arrival: seq=181 idx=4 total=13 fw_us=1267685891 len=247

2026-08-17 23:24:34,852 INFO image_rx_daemon: frag_arrival: seq=181 idx=5 total=13 fw_us=1267802952 len=247

2026-08-17 23:24:34,972 INFO image_rx_daemon: frag_arrival: seq=181 idx=6 total=13 fw_us=1267919916 len=247

2026-08-17 23:24:35,089 INFO image_rx_daemon: frag_arrival: seq=181 idx=7 total=13 fw_us=1268036981 len=247

2026-08-17 23:24:35,205 INFO image_rx_daemon: frag_arrival: seq=181 idx=8 total=13 fw_us=1268153910 len=247

2026-08-17 23:24:35,330 INFO image_rx_daemon: frag_arrival: seq=181 idx=9 total=13 fw_us=1268270905 len=247

2026-08-17 23:24:35,443 INFO image_rx_daemon: frag_arrival: seq=181 idx=10 total=13 fw_us=1268387904 len=247

2026-08-17 23:24:35,563 INFO image_rx_daemon: frag_arrival: seq=181 idx=11 total=13 fw_us=1268504898 len=247

2026-08-17 23:24:35,593 INFO image_rx_daemon: frag_arrival: seq=181 idx=12 total=13 fw_us=1268549230 len=79

2026-08-17 23:24:35,597 INFO image_rx_daemon: published frame_id=0 2991 B → lifetrac/v25/video/tile_delta

2026-08-17 23:24:35,864 INFO image_rx_daemon: frag_arrival: seq=187 idx=0 total=13 fw_us=1268808866 len=247

2026-08-17 23:24:35,984 INFO image_rx_daemon: frag_arrival: seq=187 idx=1 total=13 fw_us=1268925905 len=247

2026-08-17 23:24:36,101 INFO image_rx_daemon: frag_arrival: seq=187 idx=2 total=13 fw_us=1269042768 len=247

2026-08-17 23:24:36,210 INFO image_rx_daemon: frag_arrival: seq=187 idx=3 total=13 fw_us=1269159967 len=247

2026-08-17 23:24:36,237 INFO image_rx_daemon: stats: rx_frames=1809 rx_decode_err=0 frames_published=91 publish_err=0 reassembler_decode_err=0 reassembler_timeouts=56 parity_recon=0

2026-08-17 23:24:36,239 INFO image_rx_daemon: air_gap: n=83 dt_med=117012us dt_p95=177632us len_med=247B cmd_tx_ok=16 cmd_tx_fail=0

2026-08-17 23:24:36,242 INFO image_rx_daemon: air_gap_hist(ms): <40:3 <80:2 <120:71 <200:3 <400:4

2026-08-17 23:24:36,243 INFO image_rx_daemon: rx_rf: n_rssi=83 n_snr=83 rssi[min/med/max]=-71/-70/-69 snr[min/med/max]=5.0/6.0/7.0

2026-08-17 23:24:36,243 INFO image_rx_daemon: phase_telemetry: valid=83 invalid=0 pre_f8=0 last_epoch=0 last_hop=0 slot_off=[0..0]

2026-08-17 23:24:36,244 INFO image_rx_daemon: air_gap_by_class: seq: n=73 med=117.0ms | boundary: n=7 med=201.0ms

2026-08-17 23:24:36,245 INFO image_rx_daemon: lost_frag_idx: n=2 idx0=0 (0.00% of idx0 arrivals) other=2 (2.56%) verdict=not-clustered | top 11:1 12:1

2026-08-17 23:24:36,246 INFO image_rx_daemon: frag_reordered: 3 late out-of-order arrivals had a provisional loss retracted (in-order assumption violated — see RS-11.4)

2026-08-17 23:24:36,332 INFO image_rx_daemon: frag_arrival: seq=187 idx=4 total=13 fw_us=1269276842 len=247

2026-08-17 23:24:36,455 INFO image_rx_daemon: frag_arrival: seq=187 idx=5 total=13 fw_us=1269393846 len=247

2026-08-17 23:24:36,563 INFO image_rx_daemon: frag_arrival: seq=187 idx=6 total=13 fw_us=1269510991 len=247

2026-08-17 23:24:36,685 INFO image_rx_daemon: frag_arrival: seq=187 idx=7 total=13 fw_us=1269627896 len=247

2026-08-17 23:24:36,800 INFO image_rx_daemon: frag_arrival: seq=187 idx=8 total=13 fw_us=1269744989 len=247

2026-08-17 23:24:36,920 INFO image_rx_daemon: frag_arrival: seq=187 idx=9 total=13 fw_us=1269861972 len=247

2026-08-17 23:24:37,017 INFO image_rx_daemon: frag_arrival: seq=187 idx=10 total=13 fw_us=1269979071 len=247

2026-08-17 23:24:37,156 INFO image_rx_daemon: frag_arrival: seq=187 idx=11 total=13 fw_us=1270095991 len=247

2026-08-17 23:24:37,187 INFO image_rx_daemon: frag_arrival: seq=187 idx=12 total=13 fw_us=1270140340 len=81

2026-08-17 23:24:37,190 INFO image_rx_daemon: published frame_id=0 2993 B → lifetrac/v25/video/tile_delta

2026-08-17 23:24:37,454 INFO image_rx_daemon: frag_arrival: seq=188 idx=0 total=12 fw_us=1270400063 len=247

2026-08-17 23:24:37,563 INFO image_rx_daemon: frag_arrival: seq=188 idx=1 total=12 fw_us=1270517041 len=247

2026-08-17 23:24:37,695 INFO image_rx_daemon: frag_arrival: seq=188 idx=2 total=12 fw_us=1270633838 len=247

2026-08-17 23:24:37,807 INFO image_rx_daemon: frag_arrival: seq=188 idx=3 total=12 fw_us=1270750916 len=247

2026-08-17 23:24:37,927 INFO image_rx_daemon: frag_arrival: seq=188 idx=4 total=12 fw_us=1270868053 len=247

2026-08-17 23:24:38,024 INFO image_rx_daemon: frag_arrival: seq=188 idx=5 total=12 fw_us=1270985167 len=247

2026-08-17 23:24:38,155 INFO image_rx_daemon: frag_arrival: seq=188 idx=6 total=12 fw_us=1271102168 len=247

2026-08-17 23:24:38,277 INFO image_rx_daemon: frag_arrival: seq=188 idx=7 total=12 fw_us=1271219143 len=247

2026-08-17 23:24:38,387 INFO image_rx_daemon: frag_arrival: seq=188 idx=8 total=12 fw_us=1271336136 len=247

2026-08-17 23:24:38,506 INFO image_rx_daemon: frag_arrival: seq=188 idx=9 total=12 fw_us=1271453229 len=247

2026-08-17 23:24:38,627 INFO image_rx_daemon: frag_arrival: seq=188 idx=10 total=12 fw_us=1271570204 len=247

2026-08-17 23:24:38,727 WARNING image_rx_daemon: crc_dump: irq=0x70 rx_len=255 snr=0.5 rssi=-66 dump=0102000000000007a47766f6dc837070b4aa8f56b483990691bd62bf1c52338dd591f896cc493a4658d94b521dcb9d79a7e6bd597fce369b8ec82a00e88d406b64f90581307605f35ae5d329cce092409730c8025521a781efae0f6db1c44bc564829adef354a7f21cd47414159668132f61809791bcc77d0101e74a02b61ce26a567fe5eafd472d8fcd69935d24fc5b5ad4a17c8daa56f8837dc32482649bb79a1043c6118ff01bea66a448a2f00b8045fe463de1930826b3a1919ad138c4a6ec459e25aafee4c8606fd7ea21604d7aa85ea0d387ec8772f18d7bcacd2d00056a3685203206f7e7d6012cade76548d90a7f7b9395156dfc0ef83a

2026-08-17 23:24:38,931 INFO image_rx_daemon: frag_arrival: seq=190 idx=0 total=12 fw_us=1271873916 len=247

2026-08-17 23:24:39,036 INFO image_rx_daemon: frag_arrival: seq=190 idx=1 total=12 fw_us=1271990800 len=247

2026-08-17 23:24:39,167 INFO image_rx_daemon: frag_arrival: seq=190 idx=2 total=12 fw_us=1272107813 len=247

2026-08-17 23:24:39,277 INFO image_rx_daemon: frag_arrival: seq=190 idx=3 total=12 fw_us=1272224857 len=247

2026-08-17 23:24:39,395 INFO image_rx_daemon: frag_arrival: seq=190 idx=4 total=12 fw_us=1272341684 len=247

2026-08-17 23:24:39,521 INFO image_rx_daemon: frag_arrival: seq=190 idx=5 total=12 fw_us=1272458888 len=247

2026-08-17 23:24:39,631 INFO image_rx_daemon: frag_arrival: seq=190 idx=6 total=12 fw_us=1272575810 len=247

2026-08-17 23:24:39,755 INFO image_rx_daemon: frag_arrival: seq=190 idx=7 total=12 fw_us=1272693628 len=247

2026-08-17 23:24:39,867 INFO image_rx_daemon: frag_arrival: seq=190 idx=8 total=12 fw_us=1272810628 len=247

2026-08-17 23:24:39,987 INFO image_rx_daemon: frag_arrival: seq=190 idx=9 total=12 fw_us=1272926754 len=247

2026-08-17 23:24:40,100 INFO image_rx_daemon: frag_arrival: seq=190 idx=10 total=12 fw_us=1273043892 len=247

2026-08-17 23:24:40,219 INFO image_rx_daemon: frag_arrival: seq=190 idx=11 total=12 fw_us=1273160708 len=246

2026-08-17 23:24:40,221 INFO image_rx_daemon: published frame_id=0 2915 B → lifetrac/v25/video/tile_delta

2026-08-17 23:24:40,411 INFO image_rx_daemon: frag_arrival: seq=193 idx=0 total=13 fw_us=1273348129 len=247

2026-08-17 23:24:40,523 INFO image_rx_daemon: frag_arrival: seq=193 idx=1 total=13 fw_us=1273465058 len=247

2026-08-17 23:24:40,643 INFO image_rx_daemon: frag_arrival: seq=193 idx=2 total=13 fw_us=1273582100 len=247

2026-08-17 23:24:40,752 INFO image_rx_daemon: frag_arrival: seq=193 idx=3 total=13 fw_us=1273699115 len=247

2026-08-17 23:24:40,875 INFO image_rx_daemon: frag_arrival: seq=193 idx=4 total=13 fw_us=1273816100 len=247

2026-08-17 23:24:40,984 INFO image_rx_daemon: frag_arrival: seq=193 idx=5 total=13 fw_us=1273933136 len=247

2026-08-17 23:24:41,103 INFO image_rx_daemon: frag_arrival: seq=193 idx=6 total=13 fw_us=1274049910 len=247

2026-08-17 23:24:41,219 INFO image_rx_daemon: frag_arrival: seq=193 idx=7 total=13 fw_us=1274167034 len=247

2026-08-17 23:24:41,340 INFO image_rx_daemon: frag_arrival: seq=193 idx=8 total=13 fw_us=1274284061 len=247

2026-08-17 23:24:41,460 INFO image_rx_daemon: frag_arrival: seq=193 idx=9 total=13 fw_us=1274401130 len=247

2026-08-17 23:24:41,585 INFO image_rx_daemon: frag_arrival: seq=193 idx=10 total=13 fw_us=1274518128 len=247

2026-08-17 23:24:41,685 INFO image_rx_daemon: frag_arrival: seq=193 idx=11 total=13 fw_us=1274635083 len=247

2026-08-17 23:24:41,725 INFO image_rx_daemon: frag_arrival: seq=193 idx=12 total=13 fw_us=1274676817 len=73

2026-08-17 23:24:41,729 INFO image_rx_daemon: published frame_id=0 2985 B → lifetrac/v25/video/tile_delta

2026-08-17 23:24:42,008 INFO image_rx_daemon: frag_arrival: seq=199 idx=0 total=13 fw_us=1274939116 len=247

2026-08-17 23:24:42,111 INFO image_rx_daemon: frag_arrival: seq=199 idx=1 total=13 fw_us=1275055983 len=247

2026-08-17 23:24:42,228 INFO image_rx_daemon: frag_arrival: seq=199 idx=2 total=13 fw_us=1275173054 len=247

2026-08-17 23:24:42,344 INFO image_rx_daemon: frag_arrival: seq=199 idx=3 total=13 fw_us=1275290160 len=247

2026-08-17 23:24:42,467 INFO image_rx_daemon: frag_arrival: seq=199 idx=4 total=13 fw_us=1275407206 len=247

2026-08-17 23:24:42,576 INFO image_rx_daemon: frag_arrival: seq=199 idx=5 total=13 fw_us=1275524089 len=247

2026-08-17 23:24:42,695 INFO image_rx_daemon: frag_arrival: seq=199 idx=6 total=13 fw_us=1275641065 len=247

2026-08-17 23:24:42,815 INFO image_rx_daemon: frag_arrival: seq=199 idx=7 total=13 fw_us=1275758202 len=247

2026-08-17 23:24:42,924 INFO image_rx_daemon: frag_arrival: seq=199 idx=8 total=13 fw_us=1275875400 len=247

2026-08-17 23:24:43,051 INFO image_rx_daemon: frag_arrival: seq=199 idx=9 total=13 fw_us=1275992453 len=247

2026-08-17 23:24:43,168 INFO image_rx_daemon: frag_arrival: seq=199 idx=10 total=13 fw_us=1276109465 len=247

2026-08-17 23:24:43,279 INFO image_rx_daemon: frag_arrival: seq=199 idx=11 total=13 fw_us=1276226339 len=247

2026-08-17 23:24:43,308 INFO image_rx_daemon: frag_arrival: seq=199 idx=12 total=13 fw_us=1276264163 len=63

2026-08-17 23:24:43,312 INFO image_rx_daemon: published frame_id=0 2975 B → lifetrac/v25/video/tile_delta

2026-08-17 23:24:43,588 INFO image_rx_daemon: frag_arrival: seq=200 idx=0 total=13 fw_us=1276530170 len=247

2026-08-17 23:24:43,711 INFO image_rx_daemon: frag_arrival: seq=200 idx=1 total=13 fw_us=1276647063 len=247

2026-08-17 23:24:43,819 INFO image_rx_daemon: frag_arrival: seq=200 idx=2 total=13 fw_us=1276763973 len=247

2026-08-17 23:24:43,941 INFO image_rx_daemon: frag_arrival: seq=200 idx=3 total=13 fw_us=1276881085 len=247

2026-08-17 23:24:44,048 INFO image_rx_daemon: frag_arrival: seq=200 idx=4 total=13 fw_us=1276998147 len=247

2026-08-17 23:24:44,168 INFO image_rx_daemon: frag_arrival: seq=200 idx=5 total=13 fw_us=1277115236 len=247

2026-08-17 23:24:44,286 INFO image_rx_daemon: frag_arrival: seq=200 idx=6 total=13 fw_us=1277232128 len=247

2026-08-17 23:24:44,407 INFO image_rx_daemon: frag_arrival: seq=200 idx=7 total=13 fw_us=1277349134 len=247

2026-08-17 23:24:44,524 INFO image_rx_daemon: frag_arrival: seq=200 idx=8 total=13 fw_us=1277466127 len=247

2026-08-17 23:24:44,639 INFO image_rx_daemon: frag_arrival: seq=200 idx=9 total=13 fw_us=1277583194 len=247

2026-08-17 23:24:44,760 INFO image_rx_daemon: frag_arrival: seq=200 idx=10 total=13 fw_us=1277700173 len=247

2026-08-17 23:24:44,873 INFO image_rx_daemon: frag_arrival: seq=200 idx=11 total=13 fw_us=1277817217 len=247

2026-08-17 23:24:44,902 INFO image_rx_daemon: frag_arrival: seq=200 idx=12 total=13 fw_us=1277858974 len=74

2026-08-17 23:24:44,906 INFO image_rx_daemon: published frame_id=0 2986 B → lifetrac/v25/video/tile_delta

2026-08-17 23:24:45,180 INFO image_rx_daemon: frag_arrival: seq=202 idx=0 total=13 fw_us=1278122140 len=247

2026-08-17 23:24:45,297 INFO image_rx_daemon: frag_arrival: seq=202 idx=1 total=13 fw_us=1278239020 len=247

2026-08-17 23:24:45,419 INFO image_rx_daemon: frag_arrival: seq=202 idx=2 total=13 fw_us=1278356067 len=247

2026-08-17 23:24:45,531 INFO image_rx_daemon: frag_arrival: seq=202 idx=3 total=13 fw_us=1278473188 len=247

2026-08-17 23:24:45,648 INFO image_rx_daemon: frag_arrival: seq=202 idx=4 total=13 fw_us=1278590067 len=247

2026-08-17 23:24:45,765 INFO image_rx_daemon: frag_arrival: seq=202 idx=5 total=13 fw_us=1278707089 len=247

2026-08-17 23:24:45,887 INFO image_rx_daemon: frag_arrival: seq=202 idx=6 total=13 fw_us=1278824151 len=247

2026-08-17 23:24:45,996 INFO image_rx_daemon: frag_arrival: seq=202 idx=7 total=13 fw_us=1278941388 len=247

2026-08-17 23:24:46,115 INFO image_rx_daemon: frag_arrival: seq=202 idx=8 total=13 fw_us=1279058393 len=247

2026-08-17 23:24:46,232 INFO image_rx_daemon: frag_arrival: seq=202 idx=9 total=13 fw_us=1279175475 len=247

2026-08-17 23:24:46,248 INFO image_rx_daemon: stats: rx_frames=1890 rx_decode_err=0 frames_published=96 publish_err=0 reassembler_decode_err=0 reassembler_timeouts=57 parity_recon=0

2026-08-17 23:24:46,251 INFO image_rx_daemon: air_gap: n=81 dt_med=117013us dt_p95=259723us len_med=247B cmd_tx_ok=16 cmd_tx_fail=0

2026-08-17 23:24:46,254 INFO image_rx_daemon: air_gap_hist(ms): <40:1 <80:3 <120:71 <200:1 <400:5

2026-08-17 23:24:46,254 INFO image_rx_daemon: rx_rf: n_rssi=81 n_snr=81 rssi[min/med/max]=-71/-70/-69 snr[min/med/max]=5.0/6.0/6.0

2026-08-17 23:24:46,255 INFO image_rx_daemon: phase_telemetry: valid=81 invalid=0 pre_f8=0 last_epoch=0 last_hop=0 slot_off=[0..0]

2026-08-17 23:24:46,255 INFO image_rx_daemon: air_gap_by_class: seq: n=73 med=117.0ms | boundary: n=6 med=263.2ms

2026-08-17 23:24:46,256 INFO image_rx_daemon: lost_frag_idx: n=1 idx0=0 (0.00% of idx0 arrivals) other=1 (1.32%) verdict=not-clustered | top 11:1

2026-08-17 23:24:46,256 INFO image_rx_daemon: frag_reordered: 2 late out-of-order arrivals had a provisional loss retracted (in-order assumption violated — see RS-11.4)

2026-08-17 23:24:46,344 INFO image_rx_daemon: frag_arrival: seq=202 idx=10 total=13 fw_us=1279292617 len=247

2026-08-17 23:24:46,467 INFO image_rx_daemon: frag_arrival: seq=202 idx=11 total=13 fw_us=1279410628 len=247

2026-08-17 23:24:46,496 INFO image_rx_daemon: frag_arrival: seq=202 idx=12 total=13 fw_us=1279451408 len=73

2026-08-17 23:24:46,500 INFO image_rx_daemon: published frame_id=0 2985 B → lifetrac/v25/video/tile_delta

2026-08-17 23:24:46,768 INFO image_rx_daemon: frag_arrival: seq=206 idx=0 total=12 fw_us=1279713037 len=247

2026-08-17 23:24:46,887 INFO image_rx_daemon: frag_arrival: seq=206 idx=1 total=12 fw_us=1279829844 len=247

2026-08-17 23:24:47,008 INFO image_rx_daemon: frag_arrival: seq=206 idx=2 total=12 fw_us=1279947057 len=247

2026-08-17 23:24:47,119 INFO image_rx_daemon: frag_arrival: seq=206 idx=3 total=12 fw_us=1280064023 len=247

2026-08-17 23:24:47,236 INFO image_rx_daemon: frag_arrival: seq=206 idx=4 total=12 fw_us=1280180913 len=247

2026-08-17 23:24:47,356 INFO image_rx_daemon: frag_arrival: seq=206 idx=5 total=12 fw_us=1280298009 len=247

2026-08-17 23:24:47,479 INFO image_rx_daemon: frag_arrival: seq=206 idx=6 total=12 fw_us=1280414977 len=247

2026-08-17 23:24:47,591 INFO image_rx_daemon: frag_arrival: seq=206 idx=7 total=12 fw_us=1280531999 len=247

2026-08-17 23:24:47,703 INFO image_rx_daemon: frag_arrival: seq=206 idx=8 total=12 fw_us=1280648904 len=247

2026-08-17 23:24:47,827 INFO image_rx_daemon: frag_arrival: seq=206 idx=9 total=12 fw_us=1280765952 len=247

2026-08-17 23:24:47,939 INFO image_rx_daemon: frag_arrival: seq=206 idx=10 total=12 fw_us=1280882925 len=247

2026-08-17 23:24:48,034 WARNING image_rx_daemon: crc_dump: irq=0x70 rx_len=255 snr=-0.5 rssi=-66 dump=bc241a85c4a3da1cae3bd541064c8ee972b8835a1656bb237ddf507b4218d6d264c8b6ccadb880fa3d4f08ebe91ecc565dcc9363342fe4efd44b30b52ecacb8b8ecafc4c47cb598bf82c9666bb24601d23a49d10e131f1713419fa576033f986ffc8431b06966daef9ae2abf5d66864edf51e199826d9c53a0218d7a5df23ed75492f4e914ff5237a253fd6e28c3668c1c71167c2c2f7fa785b44a91dec0267e2b1ced71a7c2b50cb3be56dc6c2f16f0738c7a343b027a44d252eca4665e48b1201619d85b549d43a6e48e51be406bab563d49c315b6418e8049ca3a64d2665005f4a61c2ad2465b689d655d194649ae6080f18038d3f7e4ee82f1

2026-08-17 23:24:48,251 INFO image_rx_daemon: frag_arrival: seq=209 idx=0 total=12 fw_us=1281187066 len=247

2026-08-17 23:24:48,347 INFO image_rx_daemon: frag_arrival: seq=209 idx=1 total=12 fw_us=1281304171 len=247

2026-08-17 23:24:48,476 INFO image_rx_daemon: frag_arrival: seq=209 idx=2 total=12 fw_us=1281421217 len=247

2026-08-17 23:24:48,595 INFO image_rx_daemon: frag_arrival: seq=209 idx=3 total=12 fw_us=1281537991 len=247

2026-08-17 23:24:48,719 INFO image_rx_daemon: frag_arrival: seq=209 idx=4 total=12 fw_us=1281655176 len=247

2026-08-17 23:24:48,827 INFO image_rx_daemon: frag_arrival: seq=209 idx=5 total=12 fw_us=1281772242 len=247

2026-08-17 23:24:48,951 INFO image_rx_daemon: frag_arrival: seq=209 idx=6 total=12 fw_us=1281889248 len=247

2026-08-17 23:24:49,063 INFO image_rx_daemon: frag_arrival: seq=209 idx=7 total=12 fw_us=1282006296 len=247

2026-08-17 23:24:49,189 INFO image_rx_daemon: frag_arrival: seq=209 idx=8 total=12 fw_us=1282123309 len=247

2026-08-17 23:24:49,300 INFO image_rx_daemon: frag_arrival: seq=209 idx=9 total=12 fw_us=1282240395 len=247

2026-08-17 23:24:49,419 INFO image_rx_daemon: frag_arrival: seq=209 idx=10 total=12 fw_us=1282357427 len=247

2026-08-17 23:24:49,519 WARNING image_rx_daemon: crc_dump: irq=0x70 rx_len=255 snr=3.0 rssi=-68 dump=0102889061aded5666979d71d0f565b19cc7b3d14987cb704c11a07272140d428c3698ace60d83518d81fb5bd73ae069ff7ae17aa962aae1935ea02889793f65a265ef1e7a8fddaeb9e45f06dd665c4404d4ad25438f252b679cee8a43eee95df4cae2e573a19a7425e3eba89eb2b2ef697d5bbc30e53aa372491105c4f94cca2fd15bea4acb0c110f974f0fe6052d427a3c6abe90a4fabfe475352f4bf037251354de7ef5379df650604fb80d23d3b2e58f832196b7ca29bea2391a85360ce2627fbf291a593fd31f3de02123eb2cfe0eaec711033be18c17da44fc30a302daa56362946b0e92dbda6ecb24827cb77e84a8d93b881f6ee7e44c8f

2026-08-17 23:24:49,719 INFO image_rx_daemon: frag_arrival: seq=212 idx=0 total=13 fw_us=1282661142 len=247

2026-08-17 23:24:49,842 INFO image_rx_daemon: frag_arrival: seq=212 idx=1 total=13 fw_us=1282778027 len=247

2026-08-17 23:24:49,949 INFO image_rx_daemon: frag_arrival: seq=212 idx=2 total=13 fw_us=1282895015 len=247

2026-08-17 23:24:50,073 INFO image_rx_daemon: frag_arrival: seq=212 idx=3 total=13 fw_us=1283012036 len=247

2026-08-17 23:24:50,180 INFO image_rx_daemon: frag_arrival: seq=212 idx=4 total=13 fw_us=1283129164 len=247

2026-08-17 23:24:50,299 INFO image_rx_daemon: frag_arrival: seq=212 idx=5 total=13 fw_us=1283246100 len=247

2026-08-17 23:24:50,423 INFO image_rx_daemon: frag_arrival: seq=212 idx=6 total=13 fw_us=1283363252 len=247

2026-08-17 23:24:50,532 INFO image_rx_daemon: frag_arrival: seq=212 idx=7 total=13 fw_us=1283480253 len=247

2026-08-17 23:24:50,651 INFO image_rx_daemon: frag_arrival: seq=212 idx=8 total=13 fw_us=1283597347 len=247

2026-08-17 23:24:50,771 INFO image_rx_daemon: frag_arrival: seq=212 idx=9 total=13 fw_us=1283714358 len=247

2026-08-17 23:24:50,891 INFO image_rx_daemon: frag_arrival: seq=212 idx=10 total=13 fw_us=1283831479 len=247

2026-08-17 23:24:50,997 INFO image_rx_daemon: frag_arrival: seq=212 idx=11 total=13 fw_us=1283948512 len=247

2026-08-17 23:24:51,020 INFO image_rx_daemon: frag_arrival: seq=212 idx=12 total=13 fw_us=1283981072 len=47

2026-08-17 23:24:51,021 INFO image_rx_daemon: published frame_id=0 2959 B → lifetrac/v25/video/tile_delta

2026-08-17 23:24:51,212 INFO image_rx_daemon: frag_arrival: seq=215 idx=0 total=13 fw_us=1284159019 len=247

2026-08-17 23:24:51,339 INFO image_rx_daemon: frag_arrival: seq=215 idx=1 total=13 fw_us=1284275919 len=247

2026-08-17 23:24:51,447 INFO image_rx_daemon: frag_arrival: seq=215 idx=2 total=13 fw_us=1284393136 len=247

2026-08-17 23:24:51,562 INFO image_rx_daemon: frag_arrival: seq=215 idx=3 total=13 fw_us=1284510007 len=247

2026-08-17 23:24:51,680 INFO image_rx_daemon: frag_arrival: seq=215 idx=4 total=13 fw_us=1284626965 len=247

2026-08-17 23:24:51,803 INFO image_rx_daemon: frag_arrival: seq=215 idx=5 total=13 fw_us=1284744241 len=247

2026-08-17 23:24:51,927 INFO image_rx_daemon: frag_arrival: seq=215 idx=6 total=13 fw_us=1284861104 len=247

2026-08-17 23:24:52,024 INFO image_rx_daemon: frag_arrival: seq=215 idx=7 total=13 fw_us=1284978239 len=247

2026-08-17 23:24:52,155 INFO image_rx_daemon: frag_arrival: seq=215 idx=8 total=13 fw_us=1285095276 len=247

2026-08-17 23:24:52,275 INFO image_rx_daemon: frag_arrival: seq=215 idx=9 total=13 fw_us=1285212212 len=247

2026-08-17 23:24:52,385 INFO image_rx_daemon: frag_arrival: seq=215 idx=10 total=13 fw_us=1285329314 len=247

2026-08-17 23:24:52,503 INFO image_rx_daemon: frag_arrival: seq=215 idx=11 total=13 fw_us=1285446349 len=247

2026-08-17 23:24:52,521 INFO image_rx_daemon: frag_arrival: seq=215 idx=12 total=13 fw_us=1285475024 len=39

2026-08-17 23:24:52,527 INFO image_rx_daemon: published frame_id=0 2951 B → lifetrac/v25/video/tile_delta

2026-08-17 23:24:52,720 INFO image_rx_daemon: frag_arrival: seq=218 idx=0 total=13 fw_us=1285652199 len=247

2026-08-17 23:24:52,830 INFO image_rx_daemon: frag_arrival: seq=218 idx=1 total=13 fw_us=1285769152 len=247

2026-08-17 23:24:52,943 INFO image_rx_daemon: frag_arrival: seq=218 idx=2 total=13 fw_us=1285886194 len=247

2026-08-17 23:24:53,066 INFO image_rx_daemon: frag_arrival: seq=218 idx=3 total=13 fw_us=1286003445 len=247

2026-08-17 23:24:53,175 INFO image_rx_daemon: frag_arrival: seq=218 idx=4 total=13 fw_us=1286120352 len=247

2026-08-17 23:24:53,295 INFO image_rx_daemon: frag_arrival: seq=218 idx=5 total=13 fw_us=1286237387 len=247

2026-08-17 23:24:53,412 INFO image_rx_daemon: frag_arrival: seq=218 idx=6 total=13 fw_us=1286354491 len=247

2026-08-17 23:24:53,531 INFO image_rx_daemon: frag_arrival: seq=218 idx=7 total=13 fw_us=1286471519 len=247

2026-08-17 23:24:53,649 INFO image_rx_daemon: frag_arrival: seq=218 idx=8 total=13 fw_us=1286588587 len=247

2026-08-17 23:24:53,764 INFO image_rx_daemon: frag_arrival: seq=218 idx=9 total=13 fw_us=1286706628 len=247

2026-08-17 23:24:53,887 INFO image_rx_daemon: frag_arrival: seq=218 idx=10 total=13 fw_us=1286823628 len=247

2026-08-17 23:24:54,002 INFO image_rx_daemon: frag_arrival: seq=218 idx=11 total=13 fw_us=1286939629 len=247

2026-08-17 23:24:54,007 INFO image_rx_daemon: frag_arrival: seq=218 idx=12 total=13 fw_us=1286957854 len=11

2026-08-17 23:24:54,013 INFO image_rx_daemon: published frame_id=0 2923 B → lifetrac/v25/video/tile_delta

2026-08-17 23:24:54,184 INFO image_rx_daemon: frag_arrival: seq=221 idx=0 total=13 fw_us=1287133342 len=247

2026-08-17 23:24:54,304 INFO image_rx_daemon: frag_arrival: seq=221 idx=1 total=13 fw_us=1287250101 len=247

2026-08-17 23:24:54,423 INFO image_rx_daemon: frag_arrival: seq=221 idx=2 total=13 fw_us=1287367250 len=247

2026-08-17 23:24:54,550 INFO image_rx_daemon: frag_arrival: seq=221 idx=3 total=13 fw_us=1287484101 len=247

2026-08-17 23:24:54,663 INFO image_rx_daemon: frag_arrival: seq=221 idx=4 total=13 fw_us=1287601095 len=247

2026-08-17 23:24:54,773 INFO image_rx_daemon: frag_arrival: seq=221 idx=5 total=13 fw_us=1287718215 len=247

2026-08-17 23:24:54,895 INFO image_rx_daemon: frag_arrival: seq=221 idx=6 total=13 fw_us=1287835168 len=247

2026-08-17 23:24:55,005 INFO image_rx_daemon: frag_arrival: seq=221 idx=7 total=13 fw_us=1287952208 len=247

2026-08-17 23:24:55,127 INFO image_rx_daemon: frag_arrival: seq=221 idx=8 total=13 fw_us=1288069105 len=247

2026-08-17 23:24:55,247 INFO image_rx_daemon: frag_arrival: seq=221 idx=9 total=13 fw_us=1288186093 len=247

2026-08-17 23:24:55,364 INFO image_rx_daemon: frag_arrival: seq=221 idx=10 total=13 fw_us=1288303075 len=247

2026-08-17 23:24:55,475 INFO image_rx_daemon: frag_arrival: seq=221 idx=11 total=13 fw_us=1288420131 len=247

2026-08-17 23:24:55,515 INFO image_rx_daemon: frag_arrival: seq=221 idx=12 total=13 fw_us=1288464481 len=80

2026-08-17 23:24:55,520 INFO image_rx_daemon: published frame_id=0 2992 B → lifetrac/v25/video/tile_delta

2026-08-17 23:24:55,784 INFO image_rx_daemon: frag_arrival: seq=224 idx=0 total=12 fw_us=1288724043 len=247

2026-08-17 23:24:55,907 INFO image_rx_daemon: frag_arrival: seq=224 idx=1 total=12 fw_us=1288840631 len=247

2026-08-17 23:24:56,023 INFO image_rx_daemon: frag_arrival: seq=224 idx=2 total=12 fw_us=1288958006 len=247

2026-08-17 23:24:56,132 INFO image_rx_daemon: frag_arrival: seq=224 idx=3 total=12 fw_us=1289074982 len=247

2026-08-17 23:24:56,251 INFO image_rx_daemon: frag_arrival: seq=224 idx=4 total=12 fw_us=1289191912 len=247

2026-08-17 23:24:56,259 INFO image_rx_daemon: stats: rx_frames=1972 rx_decode_err=0 frames_published=101 publish_err=0 reassembler_decode_err=0 reassembler_timeouts=59 parity_recon=0

2026-08-17 23:24:56,259 INFO image_rx_daemon: air_gap: n=82 dt_med=117032us dt_p95=177947us len_med=247B cmd_tx_ok=16 cmd_tx_fail=0

2026-08-17 23:24:56,261 INFO image_rx_daemon: air_gap_hist(ms): <20:1 <40:2 <80:2 <120:70 <200:3 <400:4

2026-08-17 23:24:56,262 INFO image_rx_daemon: rx_rf: n_rssi=82 n_snr=82 rssi[min/med/max]=-71/-70/-69 snr[min/med/max]=5.0/6.0/7.0

2026-08-17 23:24:56,262 INFO image_rx_daemon: phase_telemetry: valid=82 invalid=0 pre_f8=0 last_epoch=0 last_hop=0 slot_off=[0..0]

2026-08-17 23:24:56,263 INFO image_rx_daemon: air_gap_by_class: seq: n=73 med=117.0ms | boundary: n=7 med=259.6ms

2026-08-17 23:24:56,264 INFO image_rx_daemon: lost_frag_idx: n=2 idx0=0 (0.00% of idx0 arrivals) other=2 (2.60%) verdict=not-clustered | top 11:2

2026-08-17 23:24:56,265 INFO image_rx_daemon: frag_reordered: 2 late out-of-order arrivals had a provisional loss retracted (in-order assumption violated — see RS-11.4)

2026-08-17 23:24:56,364 INFO image_rx_daemon: frag_arrival: seq=224 idx=5 total=12 fw_us=1289308864 len=247

2026-08-17 23:24:56,487 INFO image_rx_daemon: frag_arrival: seq=224 idx=6 total=12 fw_us=1289425992 len=247

2026-08-17 23:24:56,599 INFO image_rx_daemon: frag_arrival: seq=224 idx=7 total=12 fw_us=1289543028 len=247

2026-08-17 23:24:56,717 INFO image_rx_daemon: frag_arrival: seq=224 idx=8 total=12 fw_us=1289659979 len=247

2026-08-17 23:24:56,836 INFO image_rx_daemon: frag_arrival: seq=224 idx=9 total=12 fw_us=1289777024 len=247

2026-08-17 23:24:56,954 INFO image_rx_daemon: frag_arrival: seq=224 idx=10 total=12 fw_us=1289894021 len=247

2026-08-17 23:24:57,067 INFO image_rx_daemon: frag_arrival: seq=224 idx=11 total=12 fw_us=1290005254 len=241

2026-08-17 23:24:57,068 INFO image_rx_daemon: published frame_id=0 2910 B → lifetrac/v25/video/tile_delta

2026-08-17 23:24:57,260 INFO image_rx_daemon: frag_arrival: seq=227 idx=0 total=13 fw_us=1290197580 len=247

2026-08-17 23:24:57,368 INFO image_rx_daemon: frag_arrival: seq=227 idx=1 total=13 fw_us=1290314419 len=247

2026-08-17 23:24:57,487 INFO image_rx_daemon: frag_arrival: seq=227 idx=2 total=13 fw_us=1290431341 len=247

2026-08-17 23:24:57,611 INFO image_rx_daemon: frag_arrival: seq=227 idx=3 total=13 fw_us=1290548500 len=247

2026-08-17 23:24:57,720 INFO image_rx_daemon: frag_arrival: seq=227 idx=4 total=13 fw_us=1290665375 len=247

2026-08-17 23:24:57,840 INFO image_rx_daemon: frag_arrival: seq=227 idx=5 total=13 fw_us=1290782275 len=247

2026-08-17 23:24:57,956 INFO image_rx_daemon: frag_arrival: seq=227 idx=6 total=13 fw_us=1290899507 len=247

2026-08-17 23:24:58,076 INFO image_rx_daemon: frag_arrival: seq=227 idx=7 total=13 fw_us=1291016433 len=247

2026-08-17 23:24:58,192 INFO image_rx_daemon: frag_arrival: seq=227 idx=8 total=13 fw_us=1291133211 len=247

2026-08-17 23:24:58,315 INFO image_rx_daemon: frag_arrival: seq=227 idx=9 total=13 fw_us=1291250383 len=247

2026-08-17 23:24:58,425 INFO image_rx_daemon: frag_arrival: seq=227 idx=10 total=13 fw_us=1291367425 len=247

2026-08-17 23:24:58,544 INFO image_rx_daemon: frag_arrival: seq=227 idx=11 total=13 fw_us=1291484413 len=247

2026-08-17 23:24:58,573 INFO image_rx_daemon: frag_arrival: seq=227 idx=12 total=13 fw_us=1291526094 len=71

2026-08-17 23:24:58,576 INFO image_rx_daemon: published frame_id=0 2983 B → lifetrac/v25/video/tile_delta

2026-08-17 23:24:58,844 INFO image_rx_daemon: frag_arrival: seq=230 idx=0 total=12 fw_us=1291788073 len=247

2026-08-17 23:24:58,967 INFO image_rx_daemon: frag_arrival: seq=230 idx=1 total=12 fw_us=1291905073 len=247

2026-08-17 23:24:59,073 INFO image_rx_daemon: frag_arrival: seq=230 idx=2 total=12 fw_us=1292022220 len=247

2026-08-17 23:24:59,203 INFO image_rx_daemon: frag_arrival: seq=230 idx=3 total=12 fw_us=1292139175 len=247

2026-08-17 23:24:59,315 INFO image_rx_daemon: frag_arrival: seq=230 idx=4 total=12 fw_us=1292256110 len=247

2026-08-17 23:24:59,435 INFO image_rx_daemon: frag_arrival: seq=230 idx=5 total=12 fw_us=1292373173 len=247

2026-08-17 23:24:59,544 INFO image_rx_daemon: frag_arrival: seq=230 idx=6 total=12 fw_us=1292490161 len=247

2026-08-17 23:24:59,663 INFO image_rx_daemon: frag_arrival: seq=230 idx=7 total=12 fw_us=1292607172 len=247

2026-08-17 23:24:59,786 INFO image_rx_daemon: frag_arrival: seq=230 idx=8 total=12 fw_us=1292724162 len=247

2026-08-17 23:24:59,907 INFO image_rx_daemon: frag_arrival: seq=230 idx=9 total=12 fw_us=1292841078 len=247

2026-08-17 23:25:00,006 INFO image_rx_daemon: frag_arrival: seq=230 idx=10 total=12 fw_us=1292958189 len=247

2026-08-17 23:25:00,112 WARNING image_rx_daemon: crc_dump: irq=0x70 rx_len=255 snr=0.0 rssi=-66 dump=010200000000007c190d7cb88402cef9c5a0dc89fcb3fc82a98c973114a1e5dcfc1ed0a3e6f1aab387d9bb357cbbc2d52c582cfece331e55cb5459b573f100acd991b0fd5173f6342e03e8c98d98e609218f90967b0ce3f697e4a7c0a3def6bd4192e980a7958b45a4dc67917b3b77359d5bed999e2ebb85b6bc5b25720531dd0cd4123d9c815eb2f2436e0cb98775c0e27e478a56a10e1a345c12d3c6dbea910d1f37ef7c9d1d2ddad7f5788d5c35ceb61c2418b00007d39559934c8c8c548193ecc24aecd957a108cff19cad5de98fca81c0556cda426348a4ba7e575540ea7b9a60d94c387e6cf01d76959bd861023fe611db0599861f351e6f

2026-08-17 23:25:00,319 INFO image_rx_daemon: frag_arrival: seq=233 idx=0 total=13 fw_us=1293261631 len=247

2026-08-17 23:25:00,439 INFO image_rx_daemon: frag_arrival: seq=233 idx=1 total=13 fw_us=1293378685 len=247

2026-08-17 23:25:00,551 INFO image_rx_daemon: frag_arrival: seq=233 idx=2 total=13 fw_us=1293495730 len=247

2026-08-17 23:25:00,672 INFO image_rx_daemon: frag_arrival: seq=233 idx=3 total=13 fw_us=1293612699 len=247

2026-08-17 23:25:00,789 INFO image_rx_daemon: frag_arrival: seq=233 idx=4 total=13 fw_us=1293729763 len=247

2026-08-17 23:25:00,913 INFO image_rx_daemon: frag_arrival: seq=233 idx=5 total=13 fw_us=1293847628 len=247

2026-08-17 23:25:01,010 INFO image_rx_daemon: frag_arrival: seq=233 idx=6 total=13 fw_us=1293963754 len=247

2026-08-17 23:25:01,140 INFO image_rx_daemon: frag_arrival: seq=233 idx=7 total=13 fw_us=1294080602 len=247

2026-08-17 23:25:01,260 INFO image_rx_daemon: frag_arrival: seq=233 idx=8 total=13 fw_us=1294197679 len=247

2026-08-17 23:25:01,381 INFO image_rx_daemon: frag_arrival: seq=233 idx=9 total=13 fw_us=1294314631 len=247

2026-08-17 23:25:01,492 INFO image_rx_daemon: frag_arrival: seq=233 idx=10 total=13 fw_us=1294431714 len=247

2026-08-17 23:25:01,610 INFO image_rx_daemon: frag_arrival: seq=233 idx=11 total=13 fw_us=1294548671 len=247

2026-08-17 23:25:01,611 INFO image_rx_daemon: frag_arrival: seq=233 idx=12 total=13 fw_us=1294572066 len=22

2026-08-17 23:25:01,612 INFO image_rx_daemon: published frame_id=0 2934 B → lifetrac/v25/video/tile_delta

2026-08-17 23:25:01,811 INFO image_rx_daemon: frag_arrival: seq=236 idx=0 total=13 fw_us=1294748353 len=247

2026-08-17 23:25:01,920 INFO image_rx_daemon: frag_arrival: seq=236 idx=1 total=13 fw_us=1294865340 len=247

2026-08-17 23:25:02,046 INFO image_rx_daemon: frag_arrival: seq=236 idx=2 total=13 fw_us=1294982395 len=247

2026-08-17 23:25:02,159 INFO image_rx_daemon: frag_arrival: seq=236 idx=3 total=13 fw_us=1295099410 len=247

2026-08-17 23:25:02,279 INFO image_rx_daemon: frag_arrival: seq=236 idx=4 total=13 fw_us=1295216283 len=247

2026-08-17 23:25:02,388 INFO image_rx_daemon: frag_arrival: seq=236 idx=5 total=13 fw_us=1295333180 len=247

2026-08-17 23:25:02,511 INFO image_rx_daemon: frag_arrival: seq=236 idx=6 total=13 fw_us=1295450186 len=247

2026-08-17 23:25:02,631 INFO image_rx_daemon: frag_arrival: seq=236 idx=7 total=13 fw_us=1295567154 len=247

2026-08-17 23:25:02,748 INFO image_rx_daemon: frag_arrival: seq=236 idx=8 total=13 fw_us=1295684340 len=247

2026-08-17 23:25:02,868 INFO image_rx_daemon: frag_arrival: seq=236 idx=9 total=13 fw_us=1295801283 len=247

2026-08-17 23:25:02,979 INFO image_rx_daemon: frag_arrival: seq=236 idx=10 total=13 fw_us=1295918279 len=247

2026-08-17 23:25:03,103 INFO image_rx_daemon: frag_arrival: seq=236 idx=11 total=13 fw_us=1296035349 len=247

2026-08-17 23:25:03,104 INFO image_rx_daemon: frag_arrival: seq=236 idx=12 total=13 fw_us=1296066280 len=41

2026-08-17 23:25:03,105 INFO image_rx_daemon: published frame_id=0 2953 B → lifetrac/v25/video/tile_delta

2026-08-17 23:25:03,300 INFO image_rx_daemon: frag_arrival: seq=239 idx=0 total=13 fw_us=1296242624 len=247

2026-08-17 23:25:03,419 INFO image_rx_daemon: frag_arrival: seq=239 idx=1 total=13 fw_us=1296359590 len=247

2026-08-17 23:25:03,539 INFO image_rx_daemon: frag_arrival: seq=239 idx=2 total=13 fw_us=1296476937 len=247

2026-08-17 23:25:03,659 INFO image_rx_daemon: frag_arrival: seq=239 idx=3 total=13 fw_us=1296593858 len=247

2026-08-17 23:25:03,769 INFO image_rx_daemon: frag_arrival: seq=239 idx=4 total=13 fw_us=1296710849 len=247

2026-08-17 23:25:03,885 INFO image_rx_daemon: frag_arrival: seq=239 idx=5 total=13 fw_us=1296827701 len=247

2026-08-17 23:25:04,014 INFO image_rx_daemon: frag_arrival: seq=239 idx=6 total=13 fw_us=1296944844 len=247

2026-08-17 23:25:04,129 INFO image_rx_daemon: frag_arrival: seq=239 idx=7 total=13 fw_us=1297061683 len=247

2026-08-17 23:25:04,239 INFO image_rx_daemon: frag_arrival: seq=239 idx=8 total=13 fw_us=1297178807 len=247

2026-08-17 23:25:04,363 INFO image_rx_daemon: frag_arrival: seq=239 idx=9 total=13 fw_us=1297296011 len=247

2026-08-17 23:25:04,459 INFO image_rx_daemon: frag_arrival: seq=239 idx=10 total=13 fw_us=1297412958 len=247

2026-08-17 23:25:04,591 INFO image_rx_daemon: frag_arrival: seq=239 idx=11 total=13 fw_us=1297530007 len=247

2026-08-17 23:25:04,604 INFO image_rx_daemon: frag_arrival: seq=239 idx=12 total=13 fw_us=1297559628 len=37

2026-08-17 23:25:04,608 INFO image_rx_daemon: published frame_id=0 2949 B → lifetrac/v25/video/tile_delta

2026-08-17 23:25:04,800 INFO image_rx_daemon: frag_arrival: seq=242 idx=0 total=13 fw_us=1297736103 len=247

2026-08-17 23:25:04,908 INFO image_rx_daemon: frag_arrival: seq=242 idx=1 total=13 fw_us=1297852883 len=247

2026-08-17 23:25:05,017 INFO image_rx_daemon: frag_arrival: seq=242 idx=2 total=13 fw_us=1297970152 len=247

2026-08-17 23:25:05,149 INFO image_rx_daemon: frag_arrival: seq=242 idx=3 total=13 fw_us=1298087186 len=247

2026-08-17 23:25:05,276 INFO image_rx_daemon: frag_arrival: seq=242 idx=4 total=13 fw_us=1298204130 len=247

2026-08-17 23:25:05,384 INFO image_rx_daemon: frag_arrival: seq=242 idx=5 total=13 fw_us=1298321137 len=247

2026-08-17 23:25:05,507 INFO image_rx_daemon: frag_arrival: seq=242 idx=6 total=13 fw_us=1298438135 len=247

2026-08-17 23:25:05,619 INFO image_rx_daemon: frag_arrival: seq=242 idx=7 total=13 fw_us=1298555153 len=247

2026-08-17 23:25:05,728 INFO image_rx_daemon: frag_arrival: seq=242 idx=8 total=13 fw_us=1298672101 len=247

2026-08-17 23:25:05,847 INFO image_rx_daemon: frag_arrival: seq=242 idx=9 total=13 fw_us=1298789071 len=247

2026-08-17 23:25:05,967 INFO image_rx_daemon: frag_arrival: seq=242 idx=10 total=13 fw_us=1298906150 len=247

2026-08-17 23:25:06,087 INFO image_rx_daemon: frag_arrival: seq=242 idx=11 total=13 fw_us=1299023114 len=247

2026-08-17 23:25:06,101 INFO image_rx_daemon: frag_arrival: seq=242 idx=12 total=13 fw_us=1299053061 len=41

2026-08-17 23:25:06,104 INFO image_rx_daemon: published frame_id=0 2953 B → lifetrac/v25/video/tile_delta

2026-08-17 23:25:06,277 INFO image_rx_daemon: stats: rx_frames=2055 rx_decode_err=0 frames_published=107 publish_err=0 reassembler_decode_err=0 reassembler_timeouts=60 parity_recon=0

2026-08-17 23:25:06,279 INFO image_rx_daemon: air_gap: n=83 dt_med=116996us dt_p95=176344us len_med=247B cmd_tx_ok=16 cmd_tx_fail=0

2026-08-17 23:25:06,283 INFO image_rx_daemon: air_gap_hist(ms): <40:4 <80:1 <120:72 <200:4 <400:2

2026-08-17 23:25:06,283 INFO image_rx_daemon: rx_rf: n_rssi=83 n_snr=83 rssi[min/med/max]=-71/-70/-69 snr[min/med/max]=5.0/6.0/7.0

2026-08-17 23:25:06,284 INFO image_rx_daemon: phase_telemetry: valid=83 invalid=0 pre_f8=0 last_epoch=0 last_hop=0 slot_off=[0..0]

2026-08-17 23:25:06,289 INFO image_rx_daemon: frag_arrival: seq=245 idx=0 total=13 fw_us=1299230460 len=247

2026-08-17 23:25:06,289 INFO image_rx_daemon: air_gap_by_class: seq: n=77 med=117.0ms | boundary: n=6 med=192.3ms

2026-08-17 23:25:06,290 INFO image_rx_daemon: lost_frag_idx: n=1 idx0=0 (0.00% of idx0 arrivals) other=1 (1.28%) verdict=not-clustered | top 11:1

2026-08-17 23:25:06,408 INFO image_rx_daemon: frag_arrival: seq=245 idx=1 total=13 fw_us=1299347316 len=247

2026-08-17 23:25:06,527 INFO image_rx_daemon: frag_arrival: seq=245 idx=2 total=13 fw_us=1299464357 len=247

2026-08-17 23:25:06,646 INFO image_rx_daemon: frag_arrival: seq=245 idx=3 total=13 fw_us=1299581329 len=247

2026-08-17 23:25:06,755 INFO image_rx_daemon: frag_arrival: seq=245 idx=4 total=13 fw_us=1299698364 len=247

2026-08-17 23:25:06,873 INFO image_rx_daemon: frag_arrival: seq=245 idx=5 total=13 fw_us=1299815546 len=247

2026-08-17 23:25:06,989 INFO image_rx_daemon: frag_arrival: seq=245 idx=6 total=13 fw_us=1299932468 len=247

2026-08-17 23:25:07,111 INFO image_rx_daemon: frag_arrival: seq=245 idx=7 total=13 fw_us=1300049548 len=247

2026-08-17 23:25:07,228 INFO image_rx_daemon: frag_arrival: seq=245 idx=8 total=13 fw_us=1300166396 len=247

2026-08-17 23:25:07,348 INFO image_rx_daemon: frag_arrival: seq=245 idx=9 total=13 fw_us=1300283484 len=247

2026-08-17 23:25:07,467 INFO image_rx_daemon: frag_arrival: seq=245 idx=10 total=13 fw_us=1300400484 len=247

2026-08-17 23:25:07,576 INFO image_rx_daemon: frag_arrival: seq=245 idx=11 total=13 fw_us=1300517497 len=247

2026-08-17 23:25:07,617 INFO image_rx_daemon: frag_arrival: seq=245 idx=12 total=13 fw_us=1300562800 len=79

2026-08-17 23:25:07,620 INFO image_rx_daemon: published frame_id=0 2991 B → lifetrac/v25/video/tile_delta

2026-08-17 23:25:07,672 WARNING image_rx_daemon: crc_dump: irq=0x70 rx_len=105 snr=-11.8 rssi=-114 dump=e0b6d4f2f23d6bc5bbf743b078c355c733ef86e0d4fdc092e4d9d4026e91d6c66451b8580464e01539b4e82790dba5f0d835b94ef49ba27f8b58e1d5896667bf79e15e220cac7a692abb4d267c9a6d9a4ec51664764c6a20ec6522e6bc26fc6a8540ac74af2f0abba8

2026-08-17 23:25:07,887 INFO image_rx_daemon: frag_arrival: seq=251 idx=0 total=13 fw_us=1300821428 len=247

2026-08-17 23:25:07,996 INFO image_rx_daemon: frag_arrival: seq=251 idx=1 total=13 fw_us=1300938164 len=247

2026-08-17 23:25:08,117 INFO image_rx_daemon: frag_arrival: seq=251 idx=2 total=13 fw_us=1301055199 len=247

2026-08-17 23:25:08,236 INFO image_rx_daemon: frag_arrival: seq=251 idx=3 total=13 fw_us=1301172146 len=247

2026-08-17 23:25:08,355 INFO image_rx_daemon: frag_arrival: seq=251 idx=4 total=13 fw_us=1301289282 len=247

2026-08-17 23:25:08,464 INFO image_rx_daemon: frag_arrival: seq=251 idx=5 total=13 fw_us=1301406268 len=247

2026-08-17 23:25:08,580 INFO image_rx_daemon: frag_arrival: seq=251 idx=6 total=13 fw_us=1301523084 len=247

2026-08-17 23:25:08,700 INFO image_rx_daemon: frag_arrival: seq=251 idx=7 total=13 fw_us=1301640114 len=247

2026-08-17 23:25:08,820 INFO image_rx_daemon: frag_arrival: seq=251 idx=8 total=13 fw_us=1301757154 len=247

2026-08-17 23:25:08,936 INFO image_rx_daemon: frag_arrival: seq=251 idx=9 total=13 fw_us=1301874199 len=247

2026-08-17 23:25:09,056 INFO image_rx_daemon: frag_arrival: seq=251 idx=10 total=13 fw_us=1301991283 len=247

2026-08-17 23:25:09,175 INFO image_rx_daemon: frag_arrival: seq=251 idx=11 total=13 fw_us=1302108366 len=247

2026-08-17 23:25:09,205 INFO image_rx_daemon: frag_arrival: seq=251 idx=12 total=13 fw_us=1302152734 len=81

2026-08-17 23:25:09,211 INFO image_rx_daemon: published frame_id=0 2993 B → lifetrac/v25/video/tile_delta

2026-08-17 23:25:09,481 INFO image_rx_daemon: frag_arrival: seq=252 idx=0 total=12 fw_us=1302412097 len=247

2026-08-17 23:25:09,589 INFO image_rx_daemon: frag_arrival: seq=252 idx=1 total=12 fw_us=1302528862 len=247

2026-08-17 23:25:09,706 INFO image_rx_daemon: frag_arrival: seq=252 idx=2 total=12 fw_us=1302646172 len=247

2026-08-17 23:25:09,816 INFO image_rx_daemon: frag_arrival: seq=252 idx=3 total=12 fw_us=1302763034 len=247

2026-08-17 23:25:09,940 INFO image_rx_daemon: frag_arrival: seq=252 idx=4 total=12 fw_us=1302880069 len=247

2026-08-17 23:25:10,060 INFO image_rx_daemon: frag_arrival: seq=252 idx=5 total=12 fw_us=1302997094 len=247

2026-08-17 23:25:10,179 INFO image_rx_daemon: frag_arrival: seq=252 idx=6 total=12 fw_us=1303114119 len=247

2026-08-17 23:25:10,288 INFO image_rx_daemon: frag_arrival: seq=252 idx=7 total=12 fw_us=1303231270 len=247

2026-08-17 23:25:10,411 INFO image_rx_daemon: frag_arrival: seq=252 idx=8 total=12 fw_us=1303348227 len=247

2026-08-17 23:25:10,529 INFO image_rx_daemon: frag_arrival: seq=252 idx=9 total=12 fw_us=1303465282 len=247

2026-08-17 23:25:10,647 INFO image_rx_daemon: frag_arrival: seq=252 idx=10 total=12 fw_us=1303582278 len=247

2026-08-17 23:25:10,742 WARNING image_rx_daemon: crc_dump: irq=0x70 rx_len=255 snr=-1.0 rssi=-66 dump=01020000000000d35bbb6c37e5c05e82ed3abec0b683daab9d7fbd71bd0de8c4a6f45c101315b27572517260ffd39d9c6385ce1ef69cd0c75f370398eb67ae60243611b14fbaa1a0d731b6c332b16b6e8b296bebf316ec81bc3fc57f424e77e682250acb79c9c4e4b8add2db9da54337bd9e4b97a0d90946075c72796f0a35b02e104b166ce8b16fc79a961f79de72136da120cdcb605da8e4ffd0d74574904bd2290001097a5a125a908c6c981b9fb880b7c5ad47d12ed13925a26f1d091bfc3d1c7b28aa913a8a03c52576463cc328878493294124d6c699dc2d66e22e8cc5fb632a5c1bd57b9f834f44c6187d081072fe280f1b24a578855013

2026-08-17 23:25:10,944 INFO image_rx_daemon: frag_arrival: seq=254 idx=0 total=12 fw_us=1303885877 len=247

2026-08-17 23:25:11,058 INFO image_rx_daemon: frag_arrival: seq=254 idx=1 total=12 fw_us=1304002689 len=247

2026-08-17 23:25:11,184 INFO image_rx_daemon: frag_arrival: seq=254 idx=2 total=12 fw_us=1304119771 len=247

2026-08-17 23:25:11,305 INFO image_rx_daemon: frag_arrival: seq=254 idx=3 total=12 fw_us=1304237628 len=247

2026-08-17 23:25:11,415 INFO image_rx_daemon: frag_arrival: seq=254 idx=4 total=12 fw_us=1304353668 len=247

2026-08-17 23:25:11,535 WARNING image_rx_daemon: crc_dump: irq=0x70 rx_len=255 snr=2.5 rssi=-70 dump=01c20000000000003efe050bdf6906fb8beec952a8000079524946466c06000057c5425056503840600000c0d004009d012a200010003ec15c664eb425233328080280180960009d328482cfa06f65ee0002140153f2e716865d0030fee8775e13a172adff8ddf50d41d9e51d27bad5a477ce8e91a9a3adb04d9e855bccb729b9de8633e7b5a57e6da0380006152494646530000c057454210565038204e000600f002009d00ea200020002e9160b0783327a7a79300904b2004e97f303a8b3af800fc7ad0e4f54bb2fb533650aa3fdb7a15cdb93f84102992421bde674dafdf740120fc30dc68308eb83e82800000fb52494646f4000000574542

2026-08-17 23:25:11,655 INFO image_rx_daemon: frag_arrival: seq=254 idx=6 total=12 fw_us=1304587695 len=247

2026-08-17 23:25:11,764 INFO image_rx_daemon: frag_arrival: seq=254 idx=7 total=12 fw_us=1304704693 len=247

2026-08-17 23:25:11,883 INFO image_rx_daemon: frag_arrival: seq=254 idx=8 total=12 fw_us=1304821631 len=247

2026-08-17 23:25:12,012 INFO image_rx_daemon: frag_arrival: seq=254 idx=9 total=12 fw_us=1304938836 len=247

2026-08-17 23:25:12,114 INFO image_rx_daemon: frag_arrival: seq=254 idx=10 total=12 fw_us=1305055823 len=247

2026-08-17 23:25:12,232 INFO image_rx_daemon: frag_arrival: seq=254 idx=11 total=12 fw_us=1305173628 len=246

2026-08-17 23:25:12,424 INFO image_rx_daemon: frag_arrival: seq=1 idx=0 total=13 fw_us=1305359870 len=247

2026-08-17 23:25:12,547 INFO image_rx_daemon: frag_arrival: seq=1 idx=1 total=13 fw_us=1305476701 len=247

2026-08-17 23:25:12,659 INFO image_rx_daemon: frag_arrival: seq=1 idx=2 total=13 fw_us=1305593908 len=247

2026-08-17 23:25:12,776 INFO image_rx_daemon: frag_arrival: seq=1 idx=3 total=13 fw_us=1305710831 len=247

2026-08-17 23:25:12,895 INFO image_rx_daemon: frag_arrival: seq=1 idx=4 total=13 fw_us=1305827868 len=247

2026-08-17 23:25:13,010 INFO image_rx_daemon: frag_arrival: seq=1 idx=5 total=13 fw_us=1305944779 len=247

2026-08-17 23:25:13,128 INFO image_rx_daemon: frag_arrival: seq=1 idx=6 total=13 fw_us=1306061706 len=247

2026-08-17 23:25:13,251 INFO image_rx_daemon: frag_arrival: seq=1 idx=7 total=13 fw_us=1306178780 len=247

2026-08-17 23:25:13,359 INFO image_rx_daemon: frag_arrival: seq=1 idx=8 total=13 fw_us=1306295833 len=247

2026-08-17 23:25:13,479 INFO image_rx_daemon: frag_arrival: seq=1 idx=9 total=13 fw_us=1306412871 len=247

2026-08-17 23:25:13,589 INFO image_rx_daemon: frag_arrival: seq=1 idx=10 total=13 fw_us=1306529852 len=247

2026-08-17 23:25:13,708 INFO image_rx_daemon: frag_arrival: seq=1 idx=11 total=13 fw_us=1306646740 len=247

2026-08-17 23:25:13,737 INFO image_rx_daemon: frag_arrival: seq=1 idx=12 total=13 fw_us=1306688476 len=73

2026-08-17 23:25:13,740 INFO image_rx_daemon: published frame_id=0 2985 B → lifetrac/v25/video/tile_delta

2026-08-17 23:25:14,006 INFO image_rx_daemon: frag_arrival: seq=7 idx=0 total=13 fw_us=1306950630 len=247

2026-08-17 23:25:14,139 INFO image_rx_daemon: frag_arrival: seq=7 idx=1 total=13 fw_us=1307067582 len=247

2026-08-17 23:25:14,251 INFO image_rx_daemon: frag_arrival: seq=7 idx=2 total=13 fw_us=1307184494 len=247

2026-08-17 23:25:14,371 INFO image_rx_daemon: frag_arrival: seq=7 idx=3 total=13 fw_us=1307301533 len=247

2026-08-17 23:25:14,483 INFO image_rx_daemon: frag_arrival: seq=7 idx=4 total=13 fw_us=1307418560 len=247

2026-08-17 23:25:14,601 INFO image_rx_daemon: frag_arrival: seq=7 idx=5 total=13 fw_us=1307535576 len=247

2026-08-17 23:25:14,719 INFO image_rx_daemon: frag_arrival: seq=7 idx=6 total=13 fw_us=1307652378 len=247

2026-08-17 23:25:14,843 INFO image_rx_daemon: frag_arrival: seq=7 idx=7 total=13 fw_us=1307769532 len=247

2026-08-17 23:25:14,951 INFO image_rx_daemon: frag_arrival: seq=7 idx=8 total=13 fw_us=1307886631 len=247

2026-08-17 23:25:15,071 INFO image_rx_daemon: frag_arrival: seq=7 idx=9 total=13 fw_us=1308003697 len=247

2026-08-17 23:25:15,180 INFO image_rx_daemon: frag_arrival: seq=7 idx=10 total=13 fw_us=1308120818 len=247

2026-08-17 23:25:15,287 INFO image_rx_daemon: frag_arrival: seq=7 idx=11 total=13 fw_us=1308237915 len=247

2026-08-17 23:25:15,332 INFO image_rx_daemon: frag_arrival: seq=7 idx=12 total=13 fw_us=1308275740 len=63

2026-08-17 23:25:15,334 INFO image_rx_daemon: published frame_id=0 2975 B → lifetrac/v25/video/tile_delta

2026-08-17 23:25:15,600 INFO image_rx_daemon: frag_arrival: seq=8 idx=0 total=13 fw_us=1308541570 len=247

2026-08-17 23:25:15,720 INFO image_rx_daemon: frag_arrival: seq=8 idx=1 total=13 fw_us=1308658488 len=247

2026-08-17 23:25:15,840 INFO image_rx_daemon: frag_arrival: seq=8 idx=2 total=13 fw_us=1308775629 len=247

2026-08-17 23:25:15,959 INFO image_rx_daemon: frag_arrival: seq=8 idx=3 total=13 fw_us=1308892631 len=247

2026-08-17 23:25:16,083 INFO image_rx_daemon: frag_arrival: seq=8 idx=4 total=13 fw_us=1309009611 len=247

2026-08-17 23:25:16,195 INFO image_rx_daemon: frag_arrival: seq=8 idx=5 total=13 fw_us=1309126540 len=247

2026-08-17 23:25:16,300 INFO image_rx_daemon: frag_arrival: seq=8 idx=6 total=13 fw_us=1309243631 len=247

2026-08-17 23:25:16,302 INFO image_rx_daemon: stats: rx_frames=2136 rx_decode_err=0 frames_published=111 publish_err=0 reassembler_decode_err=0 reassembler_timeouts=62 parity_recon=0

2026-08-17 23:25:16,303 INFO image_rx_daemon: air_gap: n=81 dt_med=117030us dt_p95=258628us len_med=247B cmd_tx_ok=16 cmd_tx_fail=0

2026-08-17 23:25:16,303 INFO image_rx_daemon: air_gap_hist(ms): <40:1 <80:3 <120:69 <200:2 <400:6

2026-08-17 23:25:16,304 INFO image_rx_daemon: rx_rf: n_rssi=81 n_snr=81 rssi[min/med/max]=-71/-70/-69 snr[min/med/max]=5.0/6.0/6.0

2026-08-17 23:25:16,304 INFO image_rx_daemon: phase_telemetry: valid=80 invalid=0 pre_f8=0 last_epoch=0 last_hop=0 slot_off=[0..0]

2026-08-17 23:25:16,305 INFO image_rx_daemon: air_gap_by_class: seq: n=70 med=117.0ms | boundary: n=7 med=259.4ms | post_loss: n=1 med=234.0ms

2026-08-17 23:25:16,305 INFO image_rx_daemon: lost_frag_idx: n=2 idx0=0 (0.00% of idx0 arrivals) other=2 (2.63%) verdict=not-clustered | top 11:1 5:1

2026-08-17 23:25:16,306 INFO image_rx_daemon: frag_reordered: 3 late out-of-order arrivals had a provisional loss retracted (in-order assumption violated — see RS-11.4)

2026-08-17 23:25:16,420 INFO image_rx_daemon: frag_arrival: seq=8 idx=7 total=13 fw_us=1309360622 len=247

2026-08-17 23:25:16,543 INFO image_rx_daemon: frag_arrival: seq=8 idx=8 total=13 fw_us=1309477630 len=247

2026-08-17 23:25:16,659 INFO image_rx_daemon: frag_arrival: seq=8 idx=9 total=13 fw_us=1309594723 len=247

2026-08-17 23:25:16,788 INFO image_rx_daemon: frag_arrival: seq=8 idx=10 total=13 fw_us=1309711721 len=247

2026-08-17 23:25:16,897 INFO image_rx_daemon: frag_arrival: seq=8 idx=11 total=13 fw_us=1309828758 len=247

2026-08-17 23:25:16,935 INFO image_rx_daemon: frag_arrival: seq=8 idx=12 total=13 fw_us=1309870524 len=74

2026-08-17 23:25:16,939 INFO image_rx_daemon: published frame_id=0 2986 B → lifetrac/v25/video/tile_delta

2026-08-17 23:25:17,196 INFO image_rx_daemon: frag_arrival: seq=10 idx=0 total=13 fw_us=1310132570 len=247

2026-08-17 23:25:17,316 INFO image_rx_daemon: frag_arrival: seq=10 idx=1 total=13 fw_us=1310249323 len=247

2026-08-17 23:25:17,443 INFO image_rx_daemon: frag_arrival: seq=10 idx=2 total=13 fw_us=1310366313 len=247

2026-08-17 23:25:17,552 INFO image_rx_daemon: frag_arrival: seq=10 idx=3 total=13 fw_us=1310483513 len=247

2026-08-17 23:25:17,663 INFO image_rx_daemon: frag_arrival: seq=10 idx=4 total=13 fw_us=1310600346 len=247

2026-08-17 23:25:17,664 WARNING image_rx_daemon: crc_dump: irq=0x70 rx_len=5 snr=-11.0 rssi=-120 dump=334fa4667d

2026-08-17 23:25:17,787 INFO image_rx_daemon: frag_arrival: seq=10 idx=5 total=13 fw_us=1310717511 len=247

2026-08-17 23:25:17,897 INFO image_rx_daemon: frag_arrival: seq=10 idx=6 total=13 fw_us=1310834427 len=247

2026-08-17 23:25:18,006 INFO image_rx_daemon: frag_arrival: seq=10 idx=7 total=13 fw_us=1310951529 len=247

2026-08-17 23:25:18,135 INFO image_rx_daemon: frag_arrival: seq=10 idx=8 total=13 fw_us=1311068584 len=247

2026-08-17 23:25:18,259 INFO image_rx_daemon: frag_arrival: seq=10 idx=9 total=13 fw_us=1311185488 len=247

2026-08-17 23:25:18,368 INFO image_rx_daemon: frag_arrival: seq=10 idx=10 total=13 fw_us=1311302608 len=247

2026-08-17 23:25:18,491 INFO image_rx_daemon: frag_arrival: seq=10 idx=11 total=13 fw_us=1311419598 len=247

2026-08-17 23:25:18,506 INFO image_rx_daemon: frag_arrival: seq=10 idx=12 total=13 fw_us=1311461324 len=73

2026-08-17 23:25:18,509 INFO image_rx_daemon: published frame_id=0 2985 B → lifetrac/v25/video/tile_delta

2026-08-17 23:25:18,788 INFO image_rx_daemon: frag_arrival: seq=14 idx=0 total=12 fw_us=1311723495 len=247

2026-08-17 23:25:18,907 INFO image_rx_daemon: frag_arrival: seq=14 idx=1 total=12 fw_us=1311840305 len=247

2026-08-17 23:25:19,033 INFO image_rx_daemon: frag_arrival: seq=14 idx=2 total=12 fw_us=1311957440 len=247

2026-08-17 23:25:19,145 INFO image_rx_daemon: frag_arrival: seq=14 idx=3 total=12 fw_us=1312074518 len=247

2026-08-17 23:25:19,252 INFO image_rx_daemon: frag_arrival: seq=14 idx=4 total=12 fw_us=1312191369 len=247

2026-08-17 23:25:19,368 INFO image_rx_daemon: frag_arrival: seq=14 idx=5 total=12 fw_us=1312308470 len=247

2026-08-17 23:25:19,488 INFO image_rx_daemon: frag_arrival: seq=14 idx=6 total=12 fw_us=1312425404 len=247

2026-08-17 23:25:19,607 INFO image_rx_daemon: frag_arrival: seq=14 idx=7 total=12 fw_us=1312542438 len=247

2026-08-17 23:25:19,727 WARNING image_rx_daemon: crc_dump: irq=0x70 rx_len=255 snr=1.8 rssi=-70 dump=01c20000000000303e04080bd4f6cb85cab7e61273b33e0f8a28ec0691deba3a47987500a4a7d8e7ed5af4ac93ecdf892646ad472b9e4e7000ad52494646a600a080c7454250565034209a00a0009004009d012a200020003ec15aa64ea7a523b32808026018396c009d32da65804a2967b21a5987c1151c0356a000fee9c3dde39fe26ef651c66a7fff5a1f987fc1aeacb973b3cf6fab0f6806442f7c3bcf448e61af8dbf131cb8e7fcb1e0c714cb2f91dd139e1987c034885bff7280dc13b3445d649aecc05133cde0de5d20dde1020f95031fa3c5ff73bd10f6ab84ec71b571777e629c19d00047524916c6c000060057456e5056953820b440

2026-08-17 23:25:19,847 INFO image_rx_daemon: frag_arrival: seq=14 idx=9 total=12 fw_us=1312776420 len=247

2026-08-17 23:25:19,968 INFO image_rx_daemon: frag_arrival: seq=14 idx=10 total=12 fw_us=1312893431 len=247

2026-08-17 23:25:20,059 WARNING image_rx_daemon: crc_dump: irq=0x70 rx_len=255 snr=-0.5 rssi=-66 dump=e59efe8b173d520710e5998781a2b0bd022a46ada8b7181970df507b42389258cc9173c205dc865238dd6a8ce49ff4b87d300bb440dead1672b1aecb18a1199214f9884c8c92c24322391d6633216c2d552adbd8a51029d7e85bab3c8c3378125b49c253b81f6e27f0e21ed367439fd2d7f1af17b45175bafdebee087747f6d0e7f6f8eae723d4ff6d0365604cf9d13aa51adbabfe6657cbd4fb9ff7ddac8658104c1adc2f941d8d50d89976e3bdd63c301516d6ef3fb84678d82f1c67f86cb57ac822212d32e8769052605712b278ddac398b46e333411182b54a62c99120fa150db437e63416d1c81fc707d7385db04a9b383414fbedd5b62ddc

2026-08-17 23:25:20,260 INFO image_rx_daemon: frag_arrival: seq=17 idx=0 total=12 fw_us=1313197211 len=247

2026-08-17 23:25:20,383 INFO image_rx_daemon: frag_arrival: seq=17 idx=1 total=12 fw_us=1313313996 len=247

2026-08-17 23:25:20,491 WARNING image_rx_daemon: crc_dump: irq=0x70 rx_len=255 snr=2.8 rssi=-70 dump=01070000000000003e11020b2cfda73258b41f8e45ff4208691400909095a70a2a0b8ab45dfe5edf93a527590ebee5f4c8f08f23fc555dfabc637ec2718cefcf8cda83d84e21aa0fe58bcd833fa89cebcc8345efa3735bf915cc4f00c57eb5919d1fc44f4c67cbbe4000a8521946c6640000005745c25056503820588000007004009d012a200020003e815ca78ebe2573332808c28819096400a92dd134022400092532113d22640ef14000fee5691d05c52d2b468f8523872bc30bb2fbdaadbf77eef78926340f557d7f5415c045dc1c9c598e6000006d52492a466600000057454250565030205c0000009004009d012a200a20303ec15aa64e

2026-08-17 23:25:20,599 INFO image_rx_daemon: frag_arrival: seq=17 idx=3 total=12 fw_us=1313548150 len=247

2026-08-17 23:25:20,724 INFO image_rx_daemon: frag_arrival: seq=17 idx=4 total=12 fw_us=1313665299 len=247

2026-08-17 23:25:20,847 INFO image_rx_daemon: frag_arrival: seq=17 idx=5 total=12 fw_us=1313782123 len=247

2026-08-17 23:25:20,973 INFO image_rx_daemon: frag_arrival: seq=17 idx=6 total=12 fw_us=1313899105 len=247

2026-08-17 23:25:21,087 INFO image_rx_daemon: frag_arrival: seq=17 idx=7 total=12 fw_us=1314016195 len=247

2026-08-17 23:25:21,199 INFO image_rx_daemon: frag_arrival: seq=17 idx=8 total=12 fw_us=1314133120 len=247

2026-08-17 23:25:21,319 INFO image_rx_daemon: frag_arrival: seq=17 idx=9 total=12 fw_us=1314250178 len=247

2026-08-17 23:25:21,431 INFO image_rx_daemon: frag_arrival: seq=17 idx=10 total=12 fw_us=1314367131 len=247

2026-08-17 23:25:21,531 WARNING image_rx_daemon: crc_dump: irq=0x70 rx_len=255 snr=2.0 rssi=-67 dump=01020040698db73d160bb227239d55d210c782174182986a0d286670e21343e29f5098b5e0d1c3624b896b08593b816fb76ab2fc05612fa9a1f824288af77b75c1c9bf3b36a7dcab37e46c3a153f3d6c0487612d424cff111e1ca21a24e6e93e7656cb8539b0aa7225da89b2ce8134e1698e572e00233a93124c190602694909a753f26ccffbfc9102b78a07dc0562567faa628ef621fa9a21bf372cc3f054e35354bdf4f4049bbe5f3343a90e965b80e5978f105ab5fa4933a65aca8f36cf0af22c792d1a3a375b2f31cd19e0f128fdc126d7e14b63d1021fe98e7534c394d235016b9068f21adab9e1cb144434b77814eedead001c0d67707f49

2026-08-17 23:25:21,736 INFO image_rx_daemon: frag_arrival: seq=20 idx=0 total=13 fw_us=1314671010 len=247

2026-08-17 23:25:21,855 INFO image_rx_daemon: frag_arrival: seq=20 idx=1 total=13 fw_us=1314787631 len=247

2026-08-17 23:25:21,975 INFO image_rx_daemon: frag_arrival: seq=20 idx=2 total=13 fw_us=1314904755 len=247

2026-08-17 23:25:22,084 INFO image_rx_daemon: frag_arrival: seq=20 idx=3 total=13 fw_us=1315021870 len=247

2026-08-17 23:25:22,203 INFO image_rx_daemon: frag_arrival: seq=20 idx=4 total=13 fw_us=1315138840 len=247

2026-08-17 23:25:22,321 INFO image_rx_daemon: frag_arrival: seq=20 idx=5 total=13 fw_us=1315255901 len=247

2026-08-17 23:25:22,440 INFO image_rx_daemon: frag_arrival: seq=20 idx=6 total=13 fw_us=1315372891 len=247

2026-08-17 23:25:22,559 INFO image_rx_daemon: frag_arrival: seq=20 idx=7 total=13 fw_us=1315489855 len=247

2026-08-17 23:25:22,671 INFO image_rx_daemon: frag_arrival: seq=20 idx=8 total=13 fw_us=1315606978 len=247

2026-08-17 23:25:22,788 INFO image_rx_daemon: frag_arrival: seq=20 idx=9 total=13 fw_us=1315723851 len=247

2026-08-17 23:25:22,911 INFO image_rx_daemon: frag_arrival: seq=20 idx=10 total=13 fw_us=1315840871 len=247

2026-08-17 23:25:23,008 INFO image_rx_daemon: frag_arrival: seq=20 idx=11 total=13 fw_us=1315957830 len=247

2026-08-17 23:25:23,046 INFO image_rx_daemon: frag_arrival: seq=20 idx=12 total=13 fw_us=1315990373 len=47

2026-08-17 23:25:23,052 INFO image_rx_daemon: published frame_id=0 2959 B → lifetrac/v25/video/tile_delta

2026-08-17 23:25:23,239 INFO image_rx_daemon: frag_arrival: seq=23 idx=0 total=13 fw_us=1316167975 len=247

2026-08-17 23:25:23,347 INFO image_rx_daemon: frag_arrival: seq=23 idx=1 total=13 fw_us=1316284943 len=247

2026-08-17 23:25:23,467 INFO image_rx_daemon: frag_arrival: seq=23 idx=2 total=13 fw_us=1316402197 len=247

2026-08-17 23:25:23,587 INFO image_rx_daemon: frag_arrival: seq=23 idx=3 total=13 fw_us=1316519205 len=247

2026-08-17 23:25:23,704 INFO image_rx_daemon: frag_arrival: seq=23 idx=4 total=13 fw_us=1316635982 len=247

2026-08-17 23:25:23,824 INFO image_rx_daemon: frag_arrival: seq=23 idx=5 total=13 fw_us=1316753098 len=247

2026-08-17 23:25:23,937 INFO image_rx_daemon: frag_arrival: seq=23 idx=6 total=13 fw_us=1316870258 len=247

2026-08-17 23:25:24,056 INFO image_rx_daemon: frag_arrival: seq=23 idx=7 total=13 fw_us=1316987184 len=247

2026-08-17 23:25:24,179 INFO image_rx_daemon: frag_arrival: seq=23 idx=8 total=13 fw_us=1317104322 len=247

2026-08-17 23:25:24,286 INFO image_rx_daemon: frag_arrival: seq=23 idx=9 total=13 fw_us=1317221120 len=247

2026-08-17 23:25:24,416 INFO image_rx_daemon: frag_arrival: seq=23 idx=10 total=13 fw_us=1317338297 len=247

2026-08-17 23:25:24,524 INFO image_rx_daemon: frag_arrival: seq=23 idx=11 total=13 fw_us=1317455358 len=247

2026-08-17 23:25:24,538 INFO image_rx_daemon: frag_arrival: seq=23 idx=12 total=13 fw_us=1317484049 len=39

2026-08-17 23:25:24,542 INFO image_rx_daemon: published frame_id=0 2951 B → lifetrac/v25/video/tile_delta

2026-08-17 23:25:24,727 INFO image_rx_daemon: frag_arrival: seq=26 idx=0 total=13 fw_us=1317661918 len=247

2026-08-17 23:25:24,847 INFO image_rx_daemon: frag_arrival: seq=26 idx=1 total=13 fw_us=1317778801 len=247

2026-08-17 23:25:24,967 INFO image_rx_daemon: frag_arrival: seq=26 idx=2 total=13 fw_us=1317896038 len=247

2026-08-17 23:25:25,075 INFO image_rx_daemon: frag_arrival: seq=26 idx=3 total=13 fw_us=1318013036 len=247

2026-08-17 23:25:25,195 INFO image_rx_daemon: frag_arrival: seq=26 idx=4 total=13 fw_us=1318129979 len=247

2026-08-17 23:25:25,312 INFO image_rx_daemon: frag_arrival: seq=26 idx=5 total=13 fw_us=1318247083 len=247

2026-08-17 23:25:25,437 INFO image_rx_daemon: frag_arrival: seq=26 idx=6 total=13 fw_us=1318363925 len=247

2026-08-17 23:25:25,546 INFO image_rx_daemon: frag_arrival: seq=26 idx=7 total=13 fw_us=1318481122 len=247

2026-08-17 23:25:25,667 INFO image_rx_daemon: frag_arrival: seq=26 idx=8 total=13 fw_us=1318598098 len=247

2026-08-17 23:25:25,767 WARNING image_rx_daemon: crc_dump: irq=0x70 rx_len=255 snr=2.0 rssi=-67 dump=bf7353a02fa64cac822be5c43f56c5461b15b46b51adfbc57831ccf5ce12317eee063870e2c4f8f63ca3e7a68b60cf0a47d6b46d3519643d2fb826070b0fbfe02e856ef2be87f59a5c15ebc7f5b8e0bbd0d85028e2b7bc9168dad2e78c2b9e508351c605894af0f90d4b9ab753c17440a88bb1ffe70586dd840f59c8d1cad3a832678e677626c16084423698a22cdecfdeb47269471bbbc4cfe80e0a9edaf6b0d6ead9a882a8dff4a44c7083b7e646455bafacf79fee7d7ac8aa114de3313a802821b0248037d93c92a811e8a30036aa2f21913850d86890e0310ab5f32b076f77b40910caa120720238389e3a32a64d998b16c6c50372d577e9e6

2026-08-17 23:25:25,891 WARNING image_rx_daemon: crc_dump: irq=0x70 rx_len=255 snr=-1.8 rssi=-66 dump=91d5ffd1ce0908f508d86b44d9b0a97ae7c9aa72237c31b13fa0e0825547ecb31904400b0d69bd355e9f7ef0d4a93e206155804fd6b23385d77444e50748b6e127df3956b937916672e16c1f788d4ceb337022279be121cec6e465fb2d9aaf87dbcd2d49589a98bc3747c15e52fa07632a884bf1ee768b1f0e950fff0ae7432ccfb69938559a8c72e7710fbd176720173f127eb0a43afc4b013704e8a64d8dbf121688c1fe2c01df9ee8f6db494072810a7f98d185d84daa3c05d4f0a8817163a56714e45553f1462142a2968f1a20650ea957d30181fe02c448292f33c7af4b80ee1203ff2efc304c0fcc7a7945c8c7873769cae04c414353c9b6

2026-08-17 23:25:26,010 INFO image_rx_daemon: frag_arrival: seq=26 idx=11 total=13 fw_us=1318949418 len=247

2026-08-17 23:25:26,011 INFO image_rx_daemon: frag_arrival: seq=26 idx=12 total=13 fw_us=1318967631 len=11

2026-08-17 23:25:26,208 INFO image_rx_daemon: frag_arrival: seq=29 idx=0 total=13 fw_us=1319143409 len=247

2026-08-17 23:25:26,327 INFO image_rx_daemon: stats: rx_frames=2213 rx_decode_err=0 frames_published=115 publish_err=0 reassembler_decode_err=0 reassembler_timeouts=64 parity_recon=0

2026-08-17 23:25:26,327 INFO image_rx_daemon: frag_arrival: seq=29 idx=1 total=13 fw_us=1319260424 len=247

2026-08-17 23:25:26,328 INFO image_rx_daemon: air_gap: n=78 dt_med=117015us dt_p95=262171us len_med=247B cmd_tx_ok=16 cmd_tx_fail=0

2026-08-17 23:25:26,329 INFO image_rx_daemon: air_gap_hist(ms): <20:1 <40:2 <80:2 <120:63 <200:3 <400:7

2026-08-17 23:25:26,330 INFO image_rx_daemon: rx_rf: n_rssi=78 n_snr=78 rssi[min/med/max]=-70/-70/-69 snr[min/med/max]=5.0/5.0/6.0

2026-08-17 23:25:26,330 INFO image_rx_daemon: phase_telemetry: valid=78 invalid=0 pre_f8=0 last_epoch=0 last_hop=0 slot_off=[0..0]

2026-08-17 23:25:26,331 INFO image_rx_daemon: air_gap_by_class: seq: n=66 med=117.0ms | boundary: n=7 med=262.0ms | post_loss: n=3 med=234.2ms

2026-08-17 23:25:26,331 INFO image_rx_daemon: lost_frag_idx: n=5 idx0=0 (0.00% of idx0 arrivals) other=5 (6.58%) verdict=not-clustered | top 11:2 2:1 9:1 10:1

2026-08-17 23:25:26,331 INFO image_rx_daemon: frag_reordered: 2 late out-of-order arrivals had a provisional loss retracted (in-order assumption violated — see RS-11.4)

2026-08-17 23:25:26,448 INFO image_rx_daemon: frag_arrival: seq=29 idx=2 total=13 fw_us=1319377332 len=247

2026-08-17 23:25:26,569 INFO image_rx_daemon: frag_arrival: seq=29 idx=3 total=13 fw_us=1319494456 len=247

2026-08-17 23:25:26,679 INFO image_rx_daemon: frag_arrival: seq=29 idx=4 total=13 fw_us=1319611458 len=247

2026-08-17 23:25:26,800 INFO image_rx_daemon: frag_arrival: seq=29 idx=5 total=13 fw_us=1319728458 len=247

2026-08-17 23:25:26,908 INFO image_rx_daemon: frag_arrival: seq=29 idx=6 total=13 fw_us=1319845335 len=247

2026-08-17 23:25:27,016 INFO image_rx_daemon: frag_arrival: seq=29 idx=7 total=13 fw_us=1319962507 len=247

2026-08-17 23:25:27,147 INFO image_rx_daemon: frag_arrival: seq=29 idx=8 total=13 fw_us=1320079451 len=247

2026-08-17 23:25:27,271 INFO image_rx_daemon: frag_arrival: seq=29 idx=9 total=13 fw_us=1320196424 len=247

2026-08-17 23:25:27,380 INFO image_rx_daemon: frag_arrival: seq=29 idx=10 total=13 fw_us=1320313504 len=247

2026-08-17 23:25:27,498 INFO image_rx_daemon: frag_arrival: seq=29 idx=11 total=13 fw_us=1320430519 len=247

2026-08-17 23:25:27,529 INFO image_rx_daemon: frag_arrival: seq=29 idx=12 total=13 fw_us=1320474879 len=80

2026-08-17 23:25:27,532 INFO image_rx_daemon: published frame_id=0 2992 B → lifetrac/v25/video/tile_delta

2026-08-17 23:25:27,800 INFO image_rx_daemon: frag_arrival: seq=32 idx=0 total=12 fw_us=1320734343 len=247

2026-08-17 23:25:27,921 INFO image_rx_daemon: frag_arrival: seq=32 idx=1 total=12 fw_us=1320850925 len=247

2026-08-17 23:25:28,036 INFO image_rx_daemon: frag_arrival: seq=32 idx=2 total=12 fw_us=1320968285 len=247

2026-08-17 23:25:28,156 WARNING image_rx_daemon: crc_dump: irq=0x70 rx_len=255 snr=2.5 rssi=-71 dump=01c2000000000000fe20030ba64eb42523b328080280180964509d333444cfa000c62553e90d2cad360030fee1a31e515ba0affad5f5e7476ed44b8adc39c1e77d492e9fe155b9013f29af5af01684c401773aa7272f6334cc36dbb4b54008fd52494646f60000005745425056003820ea000a00700900ad012a200020003eb5469d4aa732a2b337faa8026016896c00cd32847d1fb37e2af206880fb099e0ad0ffe89fd285f633fb00f680a333a142bf67703f807e80337bbe36eb0106d97a628dc8a8251f296e000fef66908f266b7d8fff7e23f98b4337148a6ff2a9ab3f61ddefd257f6efdce71b6dbedb7e7d5b44b22953f1e3dccaba45767

2026-08-17 23:25:28,265 INFO image_rx_daemon: frag_arrival: seq=32 idx=4 total=12 fw_us=1321202270 len=247

2026-08-17 23:25:28,387 INFO image_rx_daemon: frag_arrival: seq=32 idx=5 total=12 fw_us=1321319322 len=247

2026-08-17 23:25:28,506 INFO image_rx_daemon: frag_arrival: seq=32 idx=6 total=12 fw_us=1321436315 len=247

2026-08-17 23:25:28,627 INFO image_rx_daemon: frag_arrival: seq=32 idx=7 total=12 fw_us=1321553322 len=247

2026-08-17 23:25:28,733 INFO image_rx_daemon: frag_arrival: seq=32 idx=8 total=12 fw_us=1321670301 len=247

2026-08-17 23:25:28,846 INFO image_rx_daemon: frag_arrival: seq=32 idx=9 total=12 fw_us=1321787341 len=247

2026-08-17 23:25:28,979 INFO image_rx_daemon: frag_arrival: seq=32 idx=10 total=12 fw_us=1321904469 len=247

2026-08-17 23:25:29,088 INFO image_rx_daemon: frag_arrival: seq=32 idx=11 total=12 fw_us=1322015712 len=241

2026-08-17 23:25:29,269 INFO image_rx_daemon: frag_arrival: seq=35 idx=0 total=13 fw_us=1322208166 len=247

2026-08-17 23:25:29,388 INFO image_rx_daemon: frag_arrival: seq=35 idx=1 total=13 fw_us=1322325044 len=247

2026-08-17 23:25:29,509 INFO image_rx_daemon: frag_arrival: seq=35 idx=2 total=13 fw_us=1322442166 len=247

2026-08-17 23:25:29,627 INFO image_rx_daemon: frag_arrival: seq=35 idx=3 total=13 fw_us=1322559249 len=247

2026-08-17 23:25:29,751 INFO image_rx_daemon: frag_arrival: seq=35 idx=4 total=13 fw_us=1322676219 len=247

2026-08-17 23:25:29,863 INFO image_rx_daemon: frag_arrival: seq=35 idx=5 total=13 fw_us=1322793145 len=247

2026-08-17 23:25:29,981 INFO image_rx_daemon: frag_arrival: seq=35 idx=6 total=13 fw_us=1322910151 len=247

2026-08-17 23:25:30,099 INFO image_rx_daemon: frag_arrival: seq=35 idx=7 total=13 fw_us=1323027261 len=247

2026-08-17 23:25:30,211 INFO image_rx_daemon: frag_arrival: seq=35 idx=8 total=13 fw_us=1323144241 len=247

2026-08-17 23:25:30,331 INFO image_rx_daemon: frag_arrival: seq=35 idx=9 total=13 fw_us=1323261294 len=247

2026-08-17 23:25:30,451 INFO image_rx_daemon: frag_arrival: seq=35 idx=10 total=13 fw_us=1323378407 len=247

2026-08-17 23:25:30,559 INFO image_rx_daemon: frag_arrival: seq=35 idx=11 total=13 fw_us=1323495366 len=247

2026-08-17 23:25:30,589 INFO image_rx_daemon: frag_arrival: seq=35 idx=12 total=13 fw_us=1323537084 len=71

2026-08-17 23:25:30,592 INFO image_rx_daemon: published frame_id=0 2983 B → lifetrac/v25/video/tile_delta

2026-08-17 23:25:30,868 INFO image_rx_daemon: frag_arrival: seq=38 idx=0 total=12 fw_us=1323798944 len=247

2026-08-17 23:25:30,991 INFO image_rx_daemon: frag_arrival: seq=38 idx=1 total=12 fw_us=1323915862 len=247

2026-08-17 23:25:31,100 INFO image_rx_daemon: frag_arrival: seq=38 idx=2 total=12 fw_us=1324033105 len=247

2026-08-17 23:25:31,221 INFO image_rx_daemon: frag_arrival: seq=38 idx=3 total=12 fw_us=1324149988 len=247

2026-08-17 23:25:31,334 INFO image_rx_daemon: frag_arrival: seq=38 idx=4 total=12 fw_us=1324267126 len=247

2026-08-17 23:25:31,441 INFO image_rx_daemon: frag_arrival: seq=38 idx=5 total=12 fw_us=1324384219 len=247

2026-08-17 23:25:31,571 INFO image_rx_daemon: frag_arrival: seq=38 idx=6 total=12 fw_us=1324501233 len=247

2026-08-17 23:25:31,683 INFO image_rx_daemon: frag_arrival: seq=38 idx=7 total=12 fw_us=1324618128 len=247

2026-08-17 23:25:31,803 INFO image_rx_daemon: frag_arrival: seq=38 idx=8 total=12 fw_us=1324735238 len=247

2026-08-17 23:25:31,923 INFO image_rx_daemon: frag_arrival: seq=38 idx=9 total=12 fw_us=1324852249 len=247

2026-08-17 23:25:32,040 INFO image_rx_daemon: frag_arrival: seq=38 idx=10 total=12 fw_us=1324969329 len=247

2026-08-17 23:25:32,135 WARNING image_rx_daemon: crc_dump: irq=0x70 rx_len=255 snr=0.8 rssi=-66 dump=01020000000000afe8365c469b5c7b00b2b5dc7f70b3054491eddd8ebc942bb48759f8c30a5d2815214372077aab92faa09c8972cf6550d9ca63b6074392c02cea3138cd023b57c1ce37ba0331a986b57cbddf907aa960fe35c7e7e396126e8c04d4c995c3cfd9a32dd45e55232d3dfff4a8210b8c6031bd83e84a3c1c193518cd55477e10d11b28ae116d46fde4b3b81279cb82a3678689735ab0b08bd38a631535026b58ad57a4d67273d8df9a25e71399b620e32587630d15a323058905458e7ff8822c70f82a5b807f989bd3d1d89aa9c166a8d21000cc841f385646034a27bb86781f6c6630d5b14697cec74804c3f682b8049813bbbd4e8c

2026-08-17 23:25:32,338 INFO image_rx_daemon: frag_arrival: seq=41 idx=0 total=13 fw_us=1325273299 len=247

2026-08-17 23:25:32,456 INFO image_rx_daemon: frag_arrival: seq=41 idx=1 total=13 fw_us=1325390146 len=247

2026-08-17 23:25:32,571 INFO image_rx_daemon: frag_arrival: seq=41 idx=2 total=13 fw_us=1325507292 len=247

2026-08-17 23:25:32,693 INFO image_rx_daemon: frag_arrival: seq=41 idx=3 total=13 fw_us=1325624154 len=247

2026-08-17 23:25:32,815 INFO image_rx_daemon: frag_arrival: seq=41 idx=4 total=13 fw_us=1325741207 len=247

2026-08-17 23:25:32,925 INFO image_rx_daemon: frag_arrival: seq=41 idx=5 total=13 fw_us=1325858452 len=247

2026-08-17 23:25:33,056 INFO image_rx_daemon: frag_arrival: seq=41 idx=6 total=13 fw_us=1325975460 len=247

2026-08-17 23:25:33,164 INFO image_rx_daemon: frag_arrival: seq=41 idx=7 total=13 fw_us=1326092356 len=247

2026-08-17 23:25:33,286 INFO image_rx_daemon: frag_arrival: seq=41 idx=8 total=13 fw_us=1326209438 len=247

2026-08-17 23:25:33,399 INFO image_rx_daemon: frag_arrival: seq=41 idx=9 total=13 fw_us=1326326484 len=247

2026-08-17 23:25:33,508 INFO image_rx_daemon: frag_arrival: seq=41 idx=10 total=13 fw_us=1326443514 len=247

2026-08-17 23:25:33,627 INFO image_rx_daemon: frag_arrival: seq=41 idx=11 total=13 fw_us=1326560593 len=247

2026-08-17 23:25:33,629 INFO image_rx_daemon: frag_arrival: seq=41 idx=12 total=13 fw_us=1326583986 len=22

2026-08-17 23:25:33,630 INFO image_rx_daemon: published frame_id=0 2934 B → lifetrac/v25/video/tile_delta

2026-08-17 23:25:33,832 INFO image_rx_daemon: frag_arrival: seq=44 idx=0 total=13 fw_us=1326760342 len=247

2026-08-17 23:25:33,938 INFO image_rx_daemon: frag_arrival: seq=44 idx=1 total=13 fw_us=1326877300 len=247

2026-08-17 23:25:34,047 INFO image_rx_daemon: frag_arrival: seq=44 idx=2 total=13 fw_us=1326994237 len=247

2026-08-17 23:25:34,176 INFO image_rx_daemon: frag_arrival: seq=44 idx=3 total=13 fw_us=1327111342 len=247

2026-08-17 23:25:34,295 INFO image_rx_daemon: frag_arrival: seq=44 idx=4 total=13 fw_us=1327228333 len=247

2026-08-17 23:25:34,419 INFO image_rx_daemon: frag_arrival: seq=44 idx=5 total=13 fw_us=1327345400 len=247

2026-08-17 23:25:34,527 INFO image_rx_daemon: frag_arrival: seq=44 idx=6 total=13 fw_us=1327462362 len=247

2026-08-17 23:25:34,644 INFO image_rx_daemon: frag_arrival: seq=44 idx=7 total=13 fw_us=1327579308 len=247

2026-08-17 23:25:34,764 INFO image_rx_daemon: frag_arrival: seq=44 idx=8 total=13 fw_us=1327696236 len=247

2026-08-17 23:25:34,883 INFO image_rx_daemon: frag_arrival: seq=44 idx=9 total=13 fw_us=1327813245 len=247

2026-08-17 23:25:35,003 INFO image_rx_daemon: frag_arrival: seq=44 idx=10 total=13 fw_us=1327930261 len=247

2026-08-17 23:25:35,118 INFO image_rx_daemon: frag_arrival: seq=44 idx=11 total=13 fw_us=1328047241 len=247

2026-08-17 23:25:35,133 INFO image_rx_daemon: frag_arrival: seq=44 idx=12 total=13 fw_us=1328077202 len=41

2026-08-17 23:25:35,136 INFO image_rx_daemon: published frame_id=0 2953 B → lifetrac/v25/video/tile_delta

2026-08-17 23:25:35,319 WARNING image_rx_daemon: crc_dump: irq=0x70 rx_len=255 snr=2.8 rssi=-70 dump=01c2000000000030fe2f000c000f0c082800fff5070000000000000000006f524946466800000057454250565438205c000900700400bd012a200020003ec13ca74eb4e523b32808028018c964009d2f81fa04480010a00aff9b468b5ad80000feed6ebf38f54bbeffccd1cfede6ebf3a6eef26ef66d89ef4e1707e461cf6dc8183307bf09987ec754239d4af580006b52494646640000005745425056506820580000001003409d012a200020003ec15aa54eb425a3b32e080280140964009519f0004cebdc6f8861b000fed273f27b3b332fd5df63ae79b97dbde56ec51a6f9a406c97e73e0e00db24fda858c7246b0c8b412225010c15b37000

2026-08-17 23:25:35,441 INFO image_rx_daemon: frag_arrival: seq=47 idx=1 total=13 fw_us=1328371731 len=247

2026-08-17 23:25:35,560 INFO image_rx_daemon: frag_arrival: seq=47 idx=2 total=13 fw_us=1328488630 len=247

2026-08-17 23:25:35,680 INFO image_rx_daemon: frag_arrival: seq=47 idx=3 total=13 fw_us=1328605677 len=247

2026-08-17 23:25:35,791 INFO image_rx_daemon: frag_arrival: seq=47 idx=4 total=13 fw_us=1328722572 len=247

2026-08-17 23:25:35,911 INFO image_rx_daemon: frag_arrival: seq=47 idx=5 total=13 fw_us=1328839580 len=247

2026-08-17 23:25:36,010 INFO image_rx_daemon: frag_arrival: seq=47 idx=6 total=13 fw_us=1328956695 len=247

2026-08-17 23:25:36,143 INFO image_rx_daemon: frag_arrival: seq=47 idx=7 total=13 fw_us=1329073701 len=247

2026-08-17 23:25:36,263 INFO image_rx_daemon: frag_arrival: seq=47 idx=8 total=13 fw_us=1329190670 len=247

2026-08-17 23:25:36,339 INFO image_rx_daemon: stats: rx_frames=2294 rx_decode_err=0 frames_published=119 publish_err=0 reassembler_decode_err=0 reassembler_timeouts=67 parity_recon=0

2026-08-17 23:25:36,342 INFO image_rx_daemon: air_gap: n=80 dt_med=117009us dt_p95=259464us len_med=247B cmd_tx_ok=16 cmd_tx_fail=0

2026-08-17 23:25:36,346 INFO image_rx_daemon: air_gap_hist(ms): <40:2 <80:2 <120:69 <200:2 <400:5

2026-08-17 23:25:36,347 INFO image_rx_daemon: rx_rf: n_rssi=80 n_snr=80 rssi[min/med/max]=-71/-70/-69 snr[min/med/max]=5.0/6.0/6.0

2026-08-17 23:25:36,347 INFO image_rx_daemon: phase_telemetry: valid=80 invalid=0 pre_f8=0 last_epoch=0 last_hop=0 slot_off=[0..0]

2026-08-17 23:25:36,348 INFO image_rx_daemon: air_gap_by_class: seq: n=72 med=117.0ms | boundary: n=5 med=259.5ms | post_loss: n=2 med=294.5ms

2026-08-17 23:25:36,349 INFO image_rx_daemon: lost_frag_idx: n=3 idx0=1 (16.67% of idx0 arrivals) other=2 (2.60%) verdict=CLUSTERED-AT-0 | top 3:1 11:1 0:1

2026-08-17 23:25:36,349 INFO image_rx_daemon: frag_reordered: 1 late out-of-order arrivals had a provisional loss retracted (in-order assumption violated — see RS-11.4)

2026-08-17 23:25:36,366 INFO image_rx_daemon: frag_arrival: seq=47 idx=9 total=13 fw_us=1329307728 len=247

2026-08-17 23:25:36,496 INFO image_rx_daemon: frag_arrival: seq=47 idx=10 total=13 fw_us=1329424733 len=247

2026-08-17 23:25:36,617 INFO image_rx_daemon: frag_arrival: seq=47 idx=11 total=13 fw_us=1329541758 len=247

2026-08-17 23:25:36,618 INFO image_rx_daemon: frag_arrival: seq=47 idx=12 total=13 fw_us=1329571352 len=37

2026-08-17 23:25:36,820 INFO image_rx_daemon: frag_arrival: seq=50 idx=0 total=13 fw_us=1329747796 len=247

2026-08-17 23:25:36,928 INFO image_rx_daemon: frag_arrival: seq=50 idx=1 total=13 fw_us=1329864684 len=247

2026-08-17 23:25:37,042 INFO image_rx_daemon: frag_arrival: seq=50 idx=2 total=13 fw_us=1329981589 len=247

2026-08-17 23:25:37,171 INFO image_rx_daemon: frag_arrival: seq=50 idx=3 total=13 fw_us=1330098631 len=247

2026-08-17 23:25:37,285 INFO image_rx_daemon: frag_arrival: seq=50 idx=4 total=13 fw_us=1330215596 len=247

2026-08-17 23:25:37,403 INFO image_rx_daemon: frag_arrival: seq=50 idx=5 total=13 fw_us=1330332704 len=247

2026-08-17 23:25:37,527 INFO image_rx_daemon: frag_arrival: seq=50 idx=6 total=13 fw_us=1330449715 len=247

2026-08-17 23:25:37,636 INFO image_rx_daemon: frag_arrival: seq=50 idx=7 total=13 fw_us=1330566685 len=247

2026-08-17 23:25:37,755 INFO image_rx_daemon: frag_arrival: seq=50 idx=8 total=13 fw_us=1330683587 len=247

2026-08-17 23:25:37,879 INFO image_rx_daemon: frag_arrival: seq=50 idx=9 total=13 fw_us=1330800631 len=247

2026-08-17 23:25:37,987 INFO image_rx_daemon: frag_arrival: seq=50 idx=10 total=13 fw_us=1330917606 len=247

2026-08-17 23:25:38,101 INFO image_rx_daemon: frag_arrival: seq=50 idx=11 total=13 fw_us=1331034697 len=247

2026-08-17 23:25:38,114 INFO image_rx_daemon: frag_arrival: seq=50 idx=12 total=13 fw_us=1331065628 len=41

2026-08-17 23:25:38,116 INFO image_rx_daemon: published frame_id=0 2953 B → lifetrac/v25/video/tile_delta

2026-08-17 23:25:38,306 INFO image_rx_daemon: frag_arrival: seq=53 idx=0 total=13 fw_us=1331244728 len=247

2026-08-17 23:25:38,436 INFO image_rx_daemon: frag_arrival: seq=53 idx=1 total=13 fw_us=1331361745 len=247

2026-08-17 23:25:38,543 INFO image_rx_daemon: frag_arrival: seq=53 idx=2 total=13 fw_us=1331478996 len=247

2026-08-17 23:25:38,664 INFO image_rx_daemon: frag_arrival: seq=53 idx=3 total=13 fw_us=1331596094 len=247

2026-08-17 23:25:38,783 INFO image_rx_daemon: frag_arrival: seq=53 idx=4 total=13 fw_us=1331713111 len=247

2026-08-17 23:25:38,903 INFO image_rx_daemon: frag_arrival: seq=53 idx=5 total=13 fw_us=1331830070 len=247

2026-08-17 23:25:39,005 INFO image_rx_daemon: frag_arrival: seq=53 idx=6 total=13 fw_us=1331947138 len=247

2026-08-17 23:25:39,132 INFO image_rx_daemon: frag_arrival: seq=53 idx=7 total=13 fw_us=1332064296 len=247

2026-08-17 23:25:39,255 INFO image_rx_daemon: frag_arrival: seq=53 idx=8 total=13 fw_us=1332181095 len=247

2026-08-17 23:25:39,364 INFO image_rx_daemon: frag_arrival: seq=53 idx=9 total=13 fw_us=1332298218 len=247

2026-08-17 23:25:39,483 INFO image_rx_daemon: frag_arrival: seq=53 idx=10 total=13 fw_us=1332415272 len=247

2026-08-17 23:25:39,607 INFO image_rx_daemon: frag_arrival: seq=53 idx=11 total=13 fw_us=1332532298 len=247

2026-08-17 23:25:39,637 INFO image_rx_daemon: frag_arrival: seq=53 idx=12 total=13 fw_us=1332576631 len=79

2026-08-17 23:25:39,640 INFO image_rx_daemon: published frame_id=0 2991 B → lifetrac/v25/video/tile_delta

2026-08-17 23:25:39,908 INFO image_rx_daemon: frag_arrival: seq=59 idx=0 total=13 fw_us=1332836254 len=247

2026-08-17 23:25:40,016 INFO image_rx_daemon: frag_arrival: seq=59 idx=1 total=13 fw_us=1332953123 len=247

2026-08-17 23:25:40,139 INFO image_rx_daemon: frag_arrival: seq=59 idx=2 total=13 fw_us=1333070087 len=247

2026-08-17 23:25:40,263 INFO image_rx_daemon: frag_arrival: seq=59 idx=3 total=13 fw_us=1333187201 len=247

2026-08-17 23:25:40,372 INFO image_rx_daemon: frag_arrival: seq=59 idx=4 total=13 fw_us=1333304057 len=247

2026-08-17 23:25:40,491 INFO image_rx_daemon: frag_arrival: seq=59 idx=5 total=13 fw_us=1333421095 len=247

2026-08-17 23:25:40,610 INFO image_rx_daemon: frag_arrival: seq=59 idx=6 total=13 fw_us=1333538078 len=247

2026-08-17 23:25:40,731 INFO image_rx_daemon: frag_arrival: seq=59 idx=7 total=13 fw_us=1333655124 len=247

2026-08-17 23:25:40,843 INFO image_rx_daemon: frag_arrival: seq=59 idx=8 total=13 fw_us=1333772185 len=247

2026-08-17 23:25:41,076 INFO image_rx_daemon: frag_arrival: seq=59 idx=10 total=13 fw_us=1334006109 len=247

2026-08-17 23:25:41,199 INFO image_rx_daemon: frag_arrival: seq=59 idx=11 total=13 fw_us=1334122990 len=247

2026-08-17 23:25:41,229 INFO image_rx_daemon: frag_arrival: seq=59 idx=12 total=13 fw_us=1334167354 len=81

2026-08-17 23:25:41,499 INFO image_rx_daemon: frag_arrival: seq=60 idx=0 total=12 fw_us=1334426756 len=247

2026-08-17 23:25:41,619 INFO image_rx_daemon: frag_arrival: seq=60 idx=1 total=12 fw_us=1334543576 len=247

2026-08-17 23:25:41,728 INFO image_rx_daemon: frag_arrival: seq=60 idx=2 total=12 fw_us=1334660728 len=247

2026-08-17 23:25:41,847 INFO image_rx_daemon: frag_arrival: seq=60 idx=3 total=12 fw_us=1334777619 len=247

2026-08-17 23:25:41,967 INFO image_rx_daemon: frag_arrival: seq=60 idx=4 total=12 fw_us=1334894624 len=247

2026-08-17 23:25:42,087 INFO image_rx_daemon: frag_arrival: seq=60 idx=5 total=12 fw_us=1335011783 len=247

2026-08-17 23:25:42,195 INFO image_rx_daemon: frag_arrival: seq=60 idx=6 total=12 fw_us=1335128728 len=247

2026-08-17 23:25:42,315 INFO image_rx_daemon: frag_arrival: seq=60 idx=7 total=12 fw_us=1335245788 len=247

2026-08-17 23:25:42,435 INFO image_rx_daemon: frag_arrival: seq=60 idx=8 total=12 fw_us=1335362684 len=247

2026-08-17 23:25:42,554 INFO image_rx_daemon: frag_arrival: seq=60 idx=9 total=12 fw_us=1335479769 len=247

2026-08-17 23:25:42,664 INFO image_rx_daemon: frag_arrival: seq=60 idx=10 total=12 fw_us=1335596776 len=247

2026-08-17 23:25:42,763 WARNING image_rx_daemon: crc_dump: irq=0x70 rx_len=255 snr=-0.8 rssi=-66 dump=01020000000000a74bb93be16fc17ac4fe2fdd2c3bbb2ce195d78e55b59f8e33bdffec6fd936b6967b283053e7e7f937c28c70c3fe991d456614048784e633d3777278c2acf40c9f1113445e1091d85483de154fee703e990cc25a85b34262d259680bfd9480747425fae11394f8bc13c4d5cfd4102e9b3da4e7b95cb14aa8dae50871f0f4bbd425c61c18b223b8fb66076b98e4692fda475822928afd17690af62df53ed0e14ffa29aac31c710fe3ba30ebeb31fa9f7b80457dd8602c5b04f0417d94ac32f9a39752b0c90649f3570ec2b85eac573cd92f73bf9431384deb4b68d3a3f77a7567a1d3915da69edb376671af18e8228943f60f0375

2026-08-17 23:25:42,964 INFO image_rx_daemon: frag_arrival: seq=62 idx=0 total=12 fw_us=1335900525 len=247

2026-08-17 23:25:43,087 INFO image_rx_daemon: frag_arrival: seq=62 idx=1 total=12 fw_us=1336017209 len=247

2026-08-17 23:25:43,211 INFO image_rx_daemon: frag_arrival: seq=62 idx=2 total=12 fw_us=1336134406 len=247

2026-08-17 23:25:43,320 INFO image_rx_daemon: frag_arrival: seq=62 idx=3 total=12 fw_us=1336251432 len=247

2026-08-17 23:25:43,443 INFO image_rx_daemon: frag_arrival: seq=62 idx=4 total=12 fw_us=1336368262 len=247

2026-08-17 23:25:43,552 INFO image_rx_daemon: frag_arrival: seq=62 idx=5 total=12 fw_us=1336485480 len=247

2026-08-17 23:25:43,659 INFO image_rx_daemon: frag_arrival: seq=62 idx=6 total=12 fw_us=1336602351 len=247

2026-08-17 23:25:43,784 INFO image_rx_daemon: frag_arrival: seq=62 idx=7 total=12 fw_us=1336719527 len=247

2026-08-17 23:25:43,904 INFO image_rx_daemon: frag_arrival: seq=62 idx=8 total=12 fw_us=1336836630 len=247

2026-08-17 23:25:44,018 INFO image_rx_daemon: frag_arrival: seq=62 idx=9 total=12 fw_us=1336953741 len=247

2026-08-17 23:25:44,141 INFO image_rx_daemon: frag_arrival: seq=62 idx=10 total=12 fw_us=1337070845 len=247

2026-08-17 23:25:44,247 INFO image_rx_daemon: frag_arrival: seq=62 idx=11 total=12 fw_us=1337187813 len=246

2026-08-17 23:25:44,249 INFO image_rx_daemon: published frame_id=0 2915 B → lifetrac/v25/video/tile_delta

2026-08-17 23:25:44,436 INFO image_rx_daemon: frag_arrival: seq=65 idx=0 total=13 fw_us=1337375291 len=247

2026-08-17 23:25:44,552 INFO image_rx_daemon: frag_arrival: seq=65 idx=1 total=13 fw_us=1337492089 len=247

2026-08-17 23:25:44,668 INFO image_rx_daemon: frag_arrival: seq=65 idx=2 total=13 fw_us=1337609225 len=247

