2026-09-12 19:41:34,840 INFO image_rx_daemon: opening L072 HostLink on /dev/ttymxc3 @ 921600

2026-09-12 19:41:34,842 INFO image_rx_daemon: ctrl MQTT connected (192.168.1.79)

2026-09-12 19:41:34,846 INFO image_rx_daemon: image_rx_daemon started; mqtt=127.0.0.1:1883 uart=/dev/ttymxc3

2026-09-12 19:41:34,852 INFO image_rx_daemon: MQTT connected; ready to publish lifetrac/v25/video/tile_delta

2026-09-12 19:41:34,855 INFO image_rx_daemon: LIFETRAC_SKIP_RESET_REQ=1 — relying on external NRST; draining boot chatter only

2026-09-12 19:41:34,870 INFO image_rx_daemon: accepting first retained lifetrac/v25/control/radio_profile pin after start (restart convergence)

INFO: post-VER drain queued type=0xF1 seq=0

INFO: post-VER drain queued type=0xC1 seq=0

2026-09-12 19:41:35,293 INFO image_rx_daemon: L072 VER warm-up ok (attempt 1)

Initializing regulatory profile 2 on co-processor...

  FHSS mask: single channel 0 (0100000000000000)

CFG_SET_REQ(FHSS_CHANNEL_MASK) OK: 07000800

CFG_SET_REQ(ANTENNA_GAIN_DBI) OK: 15000100

CFG_SET_REQ(HW_CEILING_DBM) OK: 16000100

  FHSS seed: (0,0) legacy shared permutation [set LIFETRAC_FHSS_FARM_ID / LIFETRAC_FHSS_LINK_ID to separate pairs]

CFG_SET_REQ(FHSS_FARM_ID) OK: 17000800

CFG_SET_REQ(FHSS_NODE_ID) OK: 18000800

CFG_SET_REQ(REG_PROFILE=2) OK: 14000100

  forcing FRF -> 927.500 MHz (raw=0xE7E000 -> Msb=0xE7 Mid=0xE0 Lsb=0x00)

  FRF readback: 0xE7E000 = 927.500 MHz (OK)

2026-09-12 19:41:35,739 INFO image_rx_daemon: LBT_ENABLE=0 (command uplink shares the image channel)

PHY contract OK: image_bw500 == {'sf': 7, 'bw_khz': 500, 'cr_den': 5, 'preamble': 8}

2026-09-12 19:41:35,824 INFO image_rx_daemon: SX1276 RXCONT autowake: opmode 0x81 -> 0x85

2026-09-12 19:41:35,825 INFO image_rx_daemon: RX worker ready; draining RX_FRAME_URC...

2026-09-12 19:41:35,842 INFO image_rx_daemon: stats: rx_frames=0 rx_decode_err=0 frames_published=0 publish_err=0 reassembler_decode_err=0 reassembler_timeouts=0 parity_recon=0 idle_drain_deferred=0

2026-09-12 19:41:45,845 INFO image_rx_daemon: stats: rx_frames=0 rx_decode_err=0 frames_published=0 publish_err=0 reassembler_decode_err=0 reassembler_timeouts=0 parity_recon=0 idle_drain_deferred=0

2026-09-12 19:41:51,880 INFO image_rx_daemon: frag_arrival: seq=1 idx=0 total=13 fw_us=131400117 len=247

2026-09-12 19:41:52,001 INFO image_rx_daemon: frag_arrival: seq=1 idx=1 total=13 fw_us=131517033 len=247

2026-09-12 19:41:52,113 INFO image_rx_daemon: frag_arrival: seq=1 idx=2 total=13 fw_us=131633987 len=247

2026-09-12 19:41:52,229 INFO image_rx_daemon: frag_arrival: seq=1 idx=3 total=13 fw_us=131751032 len=247

2026-09-12 19:41:52,349 INFO image_rx_daemon: frag_arrival: seq=1 idx=4 total=13 fw_us=131868016 len=247

2026-09-12 19:41:52,472 INFO image_rx_daemon: frag_arrival: seq=1 idx=5 total=13 fw_us=131985026 len=247

2026-09-12 19:41:52,584 INFO image_rx_daemon: frag_arrival: seq=1 idx=6 total=13 fw_us=132103030 len=247

2026-09-12 19:41:52,706 INFO image_rx_daemon: frag_arrival: seq=1 idx=7 total=13 fw_us=132219141 len=247

2026-09-12 19:41:52,813 INFO image_rx_daemon: frag_arrival: seq=1 idx=8 total=13 fw_us=132336181 len=247

2026-09-12 19:41:52,925 INFO image_rx_daemon: frag_arrival: seq=1 idx=9 total=13 fw_us=132453202 len=247

2026-09-12 19:41:53,054 INFO image_rx_daemon: frag_arrival: seq=1 idx=10 total=13 fw_us=132570426 len=247

2026-09-12 19:41:53,160 INFO image_rx_daemon: frag_arrival: seq=1 idx=11 total=13 fw_us=132687530 len=247

2026-09-12 19:41:53,200 INFO image_rx_daemon: frag_arrival: seq=1 idx=12 total=13 fw_us=132729326 len=73

2026-09-12 19:41:53,214 INFO image_rx_daemon: published frame_id=0 seq=1 2985 B → lifetrac/v25/video/tile_delta

2026-09-12 19:41:53,469 INFO image_rx_daemon: frag_arrival: seq=2 idx=0 total=13 fw_us=132991203 len=247

2026-09-12 19:41:53,588 INFO image_rx_daemon: frag_arrival: seq=2 idx=1 total=13 fw_us=133108095 len=247

2026-09-12 19:41:53,708 INFO image_rx_daemon: frag_arrival: seq=2 idx=2 total=13 fw_us=133225206 len=247

2026-09-12 19:41:53,828 INFO image_rx_daemon: frag_arrival: seq=2 idx=3 total=13 fw_us=133342229 len=247

2026-09-12 19:41:53,935 INFO image_rx_daemon: frag_arrival: seq=2 idx=4 total=13 fw_us=133459169 len=247

2026-09-12 19:41:54,053 INFO image_rx_daemon: frag_arrival: seq=2 idx=5 total=13 fw_us=133576248 len=247

2026-09-12 19:41:54,170 INFO image_rx_daemon: frag_arrival: seq=2 idx=6 total=13 fw_us=133693417 len=247

2026-09-12 19:41:54,286 INFO image_rx_daemon: frag_arrival: seq=2 idx=7 total=13 fw_us=133810445 len=247

2026-09-12 19:41:54,403 INFO image_rx_daemon: frag_arrival: seq=2 idx=8 total=13 fw_us=133927334 len=247

2026-09-12 19:41:54,524 INFO image_rx_daemon: frag_arrival: seq=2 idx=9 total=13 fw_us=134044164 len=247

2026-09-12 19:41:54,645 INFO image_rx_daemon: frag_arrival: seq=2 idx=10 total=13 fw_us=134161215 len=247

2026-09-12 19:41:54,752 INFO image_rx_daemon: frag_arrival: seq=2 idx=11 total=13 fw_us=134278260 len=247

2026-09-12 19:41:54,792 INFO image_rx_daemon: frag_arrival: seq=2 idx=12 total=13 fw_us=134318712 len=68

2026-09-12 19:41:54,795 INFO image_rx_daemon: published frame_id=0 seq=2 2980 B → lifetrac/v25/video/tile_delta

2026-09-12 19:41:55,055 INFO image_rx_daemon: frag_arrival: seq=3 idx=0 total=13 fw_us=134582253 len=247

2026-09-12 19:41:55,170 INFO image_rx_daemon: frag_arrival: seq=3 idx=1 total=13 fw_us=134699150 len=247

2026-09-12 19:41:55,297 INFO image_rx_daemon: frag_arrival: seq=3 idx=2 total=13 fw_us=134816343 len=247

2026-09-12 19:41:55,413 INFO image_rx_daemon: frag_arrival: seq=3 idx=3 total=13 fw_us=134933240 len=247

2026-09-12 19:41:55,521 INFO image_rx_daemon: frag_arrival: seq=3 idx=4 total=13 fw_us=135050090 len=247

2026-09-12 19:41:55,649 INFO image_rx_daemon: frag_arrival: seq=3 idx=5 total=13 fw_us=135167133 len=247

2026-09-12 19:41:55,768 INFO image_rx_daemon: frag_arrival: seq=3 idx=6 total=13 fw_us=135284133 len=247

2026-09-12 19:41:55,850 INFO image_rx_daemon: stats: rx_frames=33 rx_decode_err=0 frames_published=2 publish_err=0 reassembler_decode_err=0 reassembler_timeouts=0 parity_recon=0 idle_drain_deferred=0

2026-09-12 19:41:55,851 INFO image_rx_daemon: air_gap: n=32 dt_med=117023us dt_p95=261877us len_med=247B cmd_tx_ok=0 cmd_tx_fail=0

2026-09-12 19:41:55,853 INFO image_rx_daemon: air_gap_hist(ms): <80:2 <120:28 <400:2

2026-09-12 19:41:55,854 INFO image_rx_daemon: rx_rf: n_rssi=33 n_snr=33 rssi[min/med/max]=-70/-69/-69 snr[min/med/max]=5.0/6.0/6.0

2026-09-12 19:41:55,855 INFO image_rx_daemon: phase_telemetry: valid=33 invalid=0 pre_f8=0 last_epoch=0 last_hop=0 slot_off=[0..0]

2026-09-12 19:41:55,856 INFO image_rx_daemon: air_gap_by_class: seq: n=30 med=117.0ms | boundary: n=2 med=263.5ms

2026-09-12 19:41:55,871 INFO image_rx_daemon: frag_arrival: seq=3 idx=7 total=13 fw_us=135401010 len=247

2026-09-12 19:41:55,998 INFO image_rx_daemon: frag_arrival: seq=3 idx=8 total=13 fw_us=135518033 len=247

2026-09-12 19:41:56,118 INFO image_rx_daemon: frag_arrival: seq=3 idx=9 total=13 fw_us=135635085 len=247

2026-09-12 19:41:56,228 INFO image_rx_daemon: frag_arrival: seq=3 idx=10 total=13 fw_us=135752200 len=247

2026-09-12 19:41:56,351 INFO image_rx_daemon: frag_arrival: seq=3 idx=11 total=13 fw_us=135869219 len=247

2026-09-12 19:41:56,380 INFO image_rx_daemon: frag_arrival: seq=3 idx=12 total=13 fw_us=135910950 len=71

2026-09-12 19:41:56,386 INFO image_rx_daemon: published frame_id=0 seq=3 2983 B → lifetrac/v25/video/tile_delta

RFCO_PERTX during TX wait: profile_id=2 tx_status=0x00(OK) hop_idx=0 channel_idx=0 epoch=0 freq_hz=0 pkt_toa_us=15424 legal_dwell_used_us_10s=0

2026-09-12 19:41:56,413 INFO image_rx_daemon: command TX opcode=0x6c copy=1/1 OK (on air)

2026-09-12 19:41:56,657 INFO image_rx_daemon: frag_arrival: seq=4 idx=0 total=12 fw_us=136172842 len=247

2026-09-12 19:41:56,773 INFO image_rx_daemon: frag_arrival: seq=4 idx=1 total=12 fw_us=136289615 len=247

2026-09-12 19:41:56,881 INFO image_rx_daemon: frag_arrival: seq=4 idx=2 total=12 fw_us=136406621 len=247

2026-09-12 19:41:57,006 INFO image_rx_daemon: frag_arrival: seq=4 idx=3 total=12 fw_us=136523678 len=247

2026-09-12 19:41:57,114 INFO image_rx_daemon: frag_arrival: seq=4 idx=4 total=12 fw_us=136640668 len=247

2026-09-12 19:41:57,236 INFO image_rx_daemon: frag_arrival: seq=4 idx=5 total=12 fw_us=136757879 len=247

2026-09-12 19:41:57,360 INFO image_rx_daemon: frag_arrival: seq=4 idx=6 total=12 fw_us=136874698 len=247

2026-09-12 19:41:57,470 INFO image_rx_daemon: frag_arrival: seq=4 idx=7 total=12 fw_us=136991831 len=247

2026-09-12 19:41:57,592 INFO image_rx_daemon: frag_arrival: seq=4 idx=8 total=12 fw_us=137108852 len=247

2026-09-12 19:41:57,712 INFO image_rx_daemon: frag_arrival: seq=4 idx=9 total=12 fw_us=137225650 len=247

2026-09-12 19:41:57,820 INFO image_rx_daemon: frag_arrival: seq=4 idx=10 total=12 fw_us=137342648 len=247

2026-09-12 19:41:57,932 INFO image_rx_daemon: frag_arrival: seq=4 idx=11 total=12 fw_us=137452434 len=236

2026-09-12 19:41:57,934 INFO image_rx_daemon: published frame_id=0 seq=4 2905 B → lifetrac/v25/video/tile_delta

2026-09-12 19:41:58,125 INFO image_rx_daemon: frag_arrival: seq=5 idx=0 total=12 fw_us=137646444 len=247

2026-09-12 19:41:58,137 WARNING image_rx_daemon: crc_dump: irq=0x70 rx_len=33 snr=0.0 rssi=-66 dump=4ff465c925a1c47dd74286eebb8319a944b9a31779373c12abe65b3c60bcf2abb9

2026-09-12 19:41:58,361 INFO image_rx_daemon: frag_arrival: seq=5 idx=2 total=12 fw_us=137880534 len=247

2026-09-12 19:41:58,480 INFO image_rx_daemon: frag_arrival: seq=5 idx=3 total=12 fw_us=137997348 len=247

2026-09-12 19:41:58,595 INFO image_rx_daemon: frag_arrival: seq=5 idx=4 total=12 fw_us=138114600 len=247

2026-09-12 19:41:58,713 INFO image_rx_daemon: frag_arrival: seq=5 idx=5 total=12 fw_us=138231607 len=247

2026-09-12 19:41:58,832 INFO image_rx_daemon: frag_arrival: seq=5 idx=6 total=12 fw_us=138348512 len=247

2026-09-12 19:41:58,954 INFO image_rx_daemon: frag_arrival: seq=5 idx=7 total=12 fw_us=138465442 len=247

2026-09-12 19:41:59,056 INFO image_rx_daemon: frag_arrival: seq=5 idx=8 total=12 fw_us=138582497 len=247

2026-09-12 19:41:59,188 INFO image_rx_daemon: frag_arrival: seq=5 idx=9 total=12 fw_us=138699526 len=247

2026-09-12 19:41:59,305 INFO image_rx_daemon: frag_arrival: seq=5 idx=10 total=12 fw_us=138816598 len=247

2026-09-12 19:41:59,419 INFO image_rx_daemon: frag_arrival: seq=5 idx=11 total=12 fw_us=138933606 len=246

RFCO_PERTX during TX wait: profile_id=2 tx_status=0x00(OK) hop_idx=0 channel_idx=0 epoch=0 freq_hz=0 pkt_toa_us=15424 legal_dwell_used_us_10s=0

2026-09-12 19:41:59,445 INFO image_rx_daemon: command TX opcode=0x6c copy=1/1 OK (on air)

2026-09-12 19:41:59,600 INFO image_rx_daemon: frag_arrival: seq=7 idx=0 total=13 fw_us=139120857 len=247

2026-09-12 19:41:59,708 INFO image_rx_daemon: frag_arrival: seq=7 idx=1 total=13 fw_us=139237819 len=247

2026-09-12 19:41:59,837 INFO image_rx_daemon: frag_arrival: seq=7 idx=2 total=13 fw_us=139354682 len=247

2026-09-12 19:41:59,956 INFO image_rx_daemon: frag_arrival: seq=7 idx=3 total=13 fw_us=139471740 len=247

2026-09-12 19:42:00,074 INFO image_rx_daemon: frag_arrival: seq=7 idx=4 total=13 fw_us=139588790 len=247

2026-09-12 19:42:00,181 INFO image_rx_daemon: frag_arrival: seq=7 idx=5 total=13 fw_us=139705812 len=247

2026-09-12 19:42:00,296 INFO image_rx_daemon: frag_arrival: seq=7 idx=6 total=13 fw_us=139822901 len=247

2026-09-12 19:42:00,415 INFO image_rx_daemon: frag_arrival: seq=7 idx=7 total=13 fw_us=139940155 len=247

2026-09-12 19:42:00,544 INFO image_rx_daemon: frag_arrival: seq=7 idx=8 total=13 fw_us=140057034 len=247

2026-09-12 19:42:00,652 INFO image_rx_daemon: frag_arrival: seq=7 idx=9 total=13 fw_us=140175030 len=247

2026-09-12 19:42:00,776 INFO image_rx_daemon: frag_arrival: seq=7 idx=10 total=13 fw_us=140291355 len=247

2026-09-12 19:42:00,896 INFO image_rx_daemon: frag_arrival: seq=7 idx=11 total=13 fw_us=140408134 len=247

2026-09-12 19:42:00,910 INFO image_rx_daemon: frag_arrival: seq=7 idx=12 total=13 fw_us=140446005 len=63

2026-09-12 19:42:00,914 INFO image_rx_daemon: published frame_id=0 seq=7 2975 B → lifetrac/v25/video/tile_delta

2026-09-12 19:42:01,185 INFO image_rx_daemon: frag_arrival: seq=10 idx=0 total=13 fw_us=140711840 len=247

2026-09-12 19:42:01,313 INFO image_rx_daemon: frag_arrival: seq=10 idx=1 total=13 fw_us=140828727 len=247

2026-09-12 19:42:01,424 INFO image_rx_daemon: frag_arrival: seq=10 idx=2 total=13 fw_us=140945759 len=247

2026-09-12 19:42:01,544 INFO image_rx_daemon: frag_arrival: seq=10 idx=3 total=13 fw_us=141062980 len=247

2026-09-12 19:42:01,664 INFO image_rx_daemon: frag_arrival: seq=10 idx=4 total=13 fw_us=141179877 len=247

2026-09-12 19:42:01,784 INFO image_rx_daemon: frag_arrival: seq=10 idx=5 total=13 fw_us=141296869 len=247

2026-09-12 19:42:01,896 INFO image_rx_daemon: frag_arrival: seq=10 idx=6 total=13 fw_us=141414033 len=247

2026-09-12 19:42:02,009 INFO image_rx_daemon: frag_arrival: seq=10 idx=7 total=13 fw_us=141530906 len=247

2026-09-12 19:42:02,128 INFO image_rx_daemon: frag_arrival: seq=10 idx=8 total=13 fw_us=141648203 len=247

2026-09-12 19:42:02,251 WARNING image_rx_daemon: crc_dump: irq=0x70 rx_len=202 snr=-11.8 rssi=-112 dump=faadc45a09935f614c8cff8c6303f423062395de94b70da4312334dfa4453037e35a089c4da5cb52873c188fd777895d5907babe6a26497ebc4340962c92f37fe229ccf91c730272a8dc7060e05eedd4832bb645c39622be69c705d44c7bf23fd3244fcc98d8cfee37eb65cbb4ffdba6256a0d64e2c4a008b2435d4c2d34e806ccdd20c8402a60a65dd4ede44069fe07842c1adaaaae452b76f656926ade19e55d032929fa92bf3d9eaffe6c8f00930eaa32989022b0f4889a10808047a793d36ec42957642362bf80b8

2026-09-12 19:42:02,357 INFO image_rx_daemon: frag_arrival: seq=10 idx=10 total=13 fw_us=141882033 len=247

2026-09-12 19:42:02,485 INFO image_rx_daemon: frag_arrival: seq=10 idx=11 total=13 fw_us=142000030 len=247

2026-09-12 19:42:02,514 INFO image_rx_daemon: frag_arrival: seq=10 idx=12 total=13 fw_us=142040852 len=73

RFCO_PERTX during TX wait: profile_id=2 tx_status=0x00(OK) hop_idx=0 channel_idx=0 epoch=0 freq_hz=0 pkt_toa_us=15424 legal_dwell_used_us_10s=0

2026-09-12 19:42:02,542 INFO image_rx_daemon: command TX opcode=0x6c copy=1/1 OK (on air)

2026-09-12 19:42:02,780 INFO image_rx_daemon: frag_arrival: seq=13 idx=0 total=13 fw_us=142302952 len=247

2026-09-12 19:42:02,900 INFO image_rx_daemon: frag_arrival: seq=13 idx=1 total=13 fw_us=142420128 len=247

2026-09-12 19:42:03,016 INFO image_rx_daemon: frag_arrival: seq=13 idx=2 total=13 fw_us=142537099 len=247

2026-09-12 19:42:03,136 INFO image_rx_daemon: frag_arrival: seq=13 idx=3 total=13 fw_us=142654182 len=247

2026-09-12 19:42:03,258 INFO image_rx_daemon: frag_arrival: seq=13 idx=4 total=13 fw_us=142771476 len=247

2026-09-12 19:42:03,365 INFO image_rx_daemon: frag_arrival: seq=13 idx=5 total=13 fw_us=142888339 len=247

2026-09-12 19:42:03,484 INFO image_rx_daemon: frag_arrival: seq=13 idx=6 total=13 fw_us=143005448 len=247

2026-09-12 19:42:03,604 INFO image_rx_daemon: frag_arrival: seq=13 idx=7 total=13 fw_us=143122493 len=247

2026-09-12 19:42:03,725 INFO image_rx_daemon: frag_arrival: seq=13 idx=8 total=13 fw_us=143239730 len=247

2026-09-12 19:42:03,836 INFO image_rx_daemon: frag_arrival: seq=13 idx=9 total=13 fw_us=143356677 len=247

2026-09-12 19:42:03,960 INFO image_rx_daemon: frag_arrival: seq=13 idx=10 total=13 fw_us=143473857 len=247

2026-09-12 19:42:04,068 INFO image_rx_daemon: frag_arrival: seq=13 idx=11 total=13 fw_us=143590824 len=247

2026-09-12 19:42:04,069 INFO image_rx_daemon: frag_arrival: seq=13 idx=12 total=13 fw_us=143607782 len=7

2026-09-12 19:42:04,071 INFO image_rx_daemon: published frame_id=0 seq=13 2919 B → lifetrac/v25/video/tile_delta

2026-09-12 19:42:04,268 INFO image_rx_daemon: frag_arrival: seq=16 idx=0 total=13 fw_us=143782924 len=247

2026-09-12 19:42:04,375 INFO image_rx_daemon: frag_arrival: seq=16 idx=1 total=13 fw_us=143899799 len=247

2026-09-12 19:42:04,498 INFO image_rx_daemon: frag_arrival: seq=16 idx=2 total=13 fw_us=144016862 len=247

2026-09-12 19:42:04,616 INFO image_rx_daemon: frag_arrival: seq=16 idx=3 total=13 fw_us=144133897 len=247

2026-09-12 19:42:04,736 INFO image_rx_daemon: frag_arrival: seq=16 idx=4 total=13 fw_us=144251116 len=247

2026-09-12 19:42:04,860 INFO image_rx_daemon: frag_arrival: seq=16 idx=5 total=13 fw_us=144369030 len=247

2026-09-12 19:42:04,968 INFO image_rx_daemon: frag_arrival: seq=16 idx=6 total=13 fw_us=144485192 len=247

2026-09-12 19:42:05,092 INFO image_rx_daemon: frag_arrival: seq=16 idx=7 total=13 fw_us=144602101 len=247

2026-09-12 19:42:05,200 INFO image_rx_daemon: frag_arrival: seq=16 idx=8 total=13 fw_us=144719167 len=247

2026-09-12 19:42:05,315 INFO image_rx_daemon: frag_arrival: seq=16 idx=9 total=13 fw_us=144836276 len=247

2026-09-12 19:42:05,427 INFO image_rx_daemon: frag_arrival: seq=16 idx=10 total=13 fw_us=144953273 len=247

2026-09-12 19:42:05,554 INFO image_rx_daemon: frag_arrival: seq=16 idx=11 total=13 fw_us=145070365 len=247

2026-09-12 19:42:05,580 INFO image_rx_daemon: frag_arrival: seq=16 idx=12 total=13 fw_us=145112146 len=73

2026-09-12 19:42:05,584 INFO image_rx_daemon: published frame_id=0 seq=16 2985 B → lifetrac/v25/video/tile_delta

RFCO_PERTX during TX wait: profile_id=2 tx_status=0x00(OK) hop_idx=0 channel_idx=0 epoch=0 freq_hz=0 pkt_toa_us=15424 legal_dwell_used_us_10s=0

2026-09-12 19:42:05,613 INFO image_rx_daemon: command TX opcode=0x6c copy=1/1 OK (on air)

2026-09-12 19:42:05,848 INFO image_rx_daemon: frag_arrival: seq=20 idx=0 total=13 fw_us=145374619 len=247

2026-09-12 19:42:05,861 INFO image_rx_daemon: stats: rx_frames=114 rx_decode_err=0 frames_published=7 publish_err=0 reassembler_decode_err=0 reassembler_timeouts=2 parity_recon=0 idle_drain_deferred=1

2026-09-12 19:42:05,861 INFO image_rx_daemon: air_gap: n=81 dt_med=117032us dt_p95=234090us len_med=247B cmd_tx_ok=4 cmd_tx_fail=0

2026-09-12 19:42:05,862 INFO image_rx_daemon: air_gap_hist(ms): <20:1 <40:1 <80:3 <120:67 <200:3 <400:6

2026-09-12 19:42:05,863 INFO image_rx_daemon: rx_rf: n_rssi=81 n_snr=81 rssi[min/med/max]=-70/-69/-68 snr[min/med/max]=5.0/6.0/7.0

2026-09-12 19:42:05,864 INFO image_rx_daemon: phase_telemetry: valid=81 invalid=0 pre_f8=0 last_epoch=0 last_hop=0 slot_off=[0..0]

2026-09-12 19:42:05,864 INFO image_rx_daemon: air_gap_by_class: seq: n=72 med=117.0ms | boundary: n=7 med=261.9ms | post_loss: n=2 med=234.1ms

2026-09-12 19:42:05,865 INFO image_rx_daemon: lost_frag_idx: n=2 idx0=0 (0.00% of idx0 arrivals) other=2 (1.89%) verdict=not-clustered | top 1:1 9:1

2026-09-12 19:42:05,972 INFO image_rx_daemon: frag_arrival: seq=20 idx=1 total=13 fw_us=145491735 len=247

2026-09-12 19:42:06,089 INFO image_rx_daemon: frag_arrival: seq=20 idx=2 total=13 fw_us=145608572 len=247

2026-09-12 19:42:06,210 INFO image_rx_daemon: frag_arrival: seq=20 idx=3 total=13 fw_us=145725605 len=247

2026-09-12 19:42:06,308 INFO image_rx_daemon: frag_arrival: seq=20 idx=4 total=13 fw_us=145842641 len=247

2026-09-12 19:42:06,435 INFO image_rx_daemon: frag_arrival: seq=20 idx=5 total=13 fw_us=145959620 len=247

2026-09-12 19:42:06,553 INFO image_rx_daemon: frag_arrival: seq=20 idx=6 total=13 fw_us=146076770 len=247

2026-09-12 19:42:06,672 INFO image_rx_daemon: frag_arrival: seq=20 idx=7 total=13 fw_us=146193756 len=247

2026-09-12 19:42:06,791 INFO image_rx_daemon: frag_arrival: seq=20 idx=8 total=13 fw_us=146310981 len=247

2026-09-12 19:42:06,910 INFO image_rx_daemon: frag_arrival: seq=20 idx=9 total=13 fw_us=146427724 len=247

2026-09-12 19:42:07,018 INFO image_rx_daemon: frag_arrival: seq=20 idx=10 total=13 fw_us=146544914 len=247

2026-09-12 19:42:07,145 INFO image_rx_daemon: frag_arrival: seq=20 idx=11 total=13 fw_us=146661767 len=247

2026-09-12 19:42:07,164 INFO image_rx_daemon: frag_arrival: seq=20 idx=12 total=13 fw_us=146694369 len=47

2026-09-12 19:42:07,168 INFO image_rx_daemon: published frame_id=0 seq=20 2959 B → lifetrac/v25/video/tile_delta

2026-09-12 19:42:07,352 INFO image_rx_daemon: frag_arrival: seq=23 idx=0 total=13 fw_us=146872624 len=247

2026-09-12 19:42:07,476 INFO image_rx_daemon: frag_arrival: seq=23 idx=1 total=13 fw_us=146989481 len=247

2026-09-12 19:42:07,584 INFO image_rx_daemon: frag_arrival: seq=23 idx=2 total=13 fw_us=147106568 len=247

2026-09-12 19:42:07,704 INFO image_rx_daemon: frag_arrival: seq=23 idx=3 total=13 fw_us=147223607 len=247

2026-09-12 19:42:07,824 INFO image_rx_daemon: frag_arrival: seq=23 idx=4 total=13 fw_us=147340800 len=247

2026-09-12 19:42:07,942 INFO image_rx_daemon: frag_arrival: seq=23 idx=5 total=13 fw_us=147457619 len=247

2026-09-12 19:42:08,056 INFO image_rx_daemon: frag_arrival: seq=23 idx=6 total=13 fw_us=147574851 len=247

2026-09-12 19:42:08,180 INFO image_rx_daemon: frag_arrival: seq=23 idx=7 total=13 fw_us=147691727 len=247

2026-09-12 19:42:08,287 INFO image_rx_daemon: frag_arrival: seq=23 idx=8 total=13 fw_us=147808763 len=247

2026-09-12 19:42:08,405 INFO image_rx_daemon: frag_arrival: seq=23 idx=9 total=13 fw_us=147925705 len=247

2026-09-12 19:42:08,524 INFO image_rx_daemon: frag_arrival: seq=23 idx=10 total=13 fw_us=148042814 len=247

2026-09-12 19:42:08,644 INFO image_rx_daemon: frag_arrival: seq=23 idx=11 total=13 fw_us=148159829 len=247

2026-09-12 19:42:08,645 INFO image_rx_daemon: frag_arrival: seq=23 idx=12 total=13 fw_us=148188550 len=39

2026-09-12 19:42:08,647 INFO image_rx_daemon: published frame_id=0 seq=23 2951 B → lifetrac/v25/video/tile_delta

RFCO_PERTX during TX wait: profile_id=2 tx_status=0x00(OK) hop_idx=0 channel_idx=0 epoch=0 freq_hz=0 pkt_toa_us=15424 legal_dwell_used_us_10s=0

2026-09-12 19:42:08,677 INFO image_rx_daemon: command TX opcode=0x6c copy=1/1 OK (on air)

2026-09-12 19:42:08,828 INFO image_rx_daemon: frag_arrival: seq=26 idx=0 total=13 fw_us=148347075 len=247

2026-09-12 19:42:08,946 INFO image_rx_daemon: frag_arrival: seq=26 idx=1 total=13 fw_us=148464010 len=247

2026-09-12 19:42:09,065 INFO image_rx_daemon: frag_arrival: seq=26 idx=2 total=13 fw_us=148582030 len=247

2026-09-12 19:42:09,184 INFO image_rx_daemon: frag_arrival: seq=26 idx=3 total=13 fw_us=148697910 len=247

2026-09-12 19:42:09,292 INFO image_rx_daemon: frag_arrival: seq=26 idx=4 total=13 fw_us=148814884 len=247

2026-09-12 19:42:09,409 INFO image_rx_daemon: frag_arrival: seq=26 idx=5 total=13 fw_us=148931813 len=247

2026-09-12 19:42:09,532 INFO image_rx_daemon: frag_arrival: seq=26 idx=6 total=13 fw_us=149048871 len=247

2026-09-12 19:42:09,649 INFO image_rx_daemon: frag_arrival: seq=26 idx=7 total=13 fw_us=149165807 len=247

2026-09-12 19:42:09,768 INFO image_rx_daemon: frag_arrival: seq=26 idx=8 total=13 fw_us=149282792 len=247

2026-09-12 19:42:09,885 INFO image_rx_daemon: frag_arrival: seq=26 idx=9 total=13 fw_us=149399729 len=247

2026-09-12 19:42:10,014 INFO image_rx_daemon: frag_arrival: seq=26 idx=10 total=13 fw_us=149516902 len=247

2026-09-12 19:42:10,112 INFO image_rx_daemon: frag_arrival: seq=26 idx=11 total=13 fw_us=149633830 len=247

2026-09-12 19:42:10,113 INFO image_rx_daemon: frag_arrival: seq=26 idx=12 total=13 fw_us=149652098 len=11

2026-09-12 19:42:10,115 INFO image_rx_daemon: published frame_id=0 seq=26 2923 B → lifetrac/v25/video/tile_delta

2026-09-12 19:42:10,296 INFO image_rx_daemon: frag_arrival: seq=29 idx=0 total=13 fw_us=149827286 len=247

2026-09-12 19:42:10,424 INFO image_rx_daemon: frag_arrival: seq=29 idx=1 total=13 fw_us=149944088 len=247

2026-09-12 19:42:10,548 INFO image_rx_daemon: frag_arrival: seq=29 idx=2 total=13 fw_us=150061189 len=247

2026-09-12 19:42:10,656 INFO image_rx_daemon: frag_arrival: seq=29 idx=3 total=13 fw_us=150178216 len=247

2026-09-12 19:42:10,777 INFO image_rx_daemon: frag_arrival: seq=29 idx=4 total=13 fw_us=150295263 len=247

2026-09-12 19:42:10,900 INFO image_rx_daemon: frag_arrival: seq=29 idx=5 total=13 fw_us=150412251 len=247

2026-09-12 19:42:11,015 INFO image_rx_daemon: frag_arrival: seq=29 idx=6 total=13 fw_us=150529521 len=247

2026-09-12 19:42:11,124 INFO image_rx_daemon: frag_arrival: seq=29 idx=7 total=13 fw_us=150646515 len=247

2026-09-12 19:42:11,232 INFO image_rx_daemon: frag_arrival: seq=29 idx=8 total=13 fw_us=150763422 len=247

2026-09-12 19:42:11,348 WARNING image_rx_daemon: crc_dump: irq=0x70 rx_len=255 snr=1.2 rssi=-64 dump=937fdffb7412f8bb961c976690281ecb19d0ed91acce3067a155278e98f8ee1361d80987acdcea3b1c34011cf99917380c8c4464c3932f4eca50a99ac09d2099217db39779a46cf6d7ce1e6dbe5ece7700853fe701e84e68fd5a9e9f0ec334990ec0fe6ccf4807b57bc0e1de25047a506229c5aed5db6e566db281bcf8bcfc5ccdab4ce82ffab93236d5a3d406201a0ffe2fce0977eb187b793ccd8059a16b5ba6f1157e037f75806767adf354d1d2ed344c8ea3474a65546b5d2a5e01f2865bde11d8736af2f9a86e9f6a1fa41f5d42622b2590c9f88ffd5282aa78113b73badad311d4f8367aa8b0a7969b582a1635d7ea3d31d641b49e2834c9

2026-09-12 19:42:11,477 INFO image_rx_daemon: frag_arrival: seq=29 idx=10 total=13 fw_us=150997519 len=247

2026-09-12 19:42:11,596 INFO image_rx_daemon: frag_arrival: seq=29 idx=11 total=13 fw_us=151114677 len=247

2026-09-12 19:42:11,637 INFO image_rx_daemon: frag_arrival: seq=29 idx=12 total=13 fw_us=151160030 len=80

RFCO_PERTX during TX wait: profile_id=2 tx_status=0x00(OK) hop_idx=0 channel_idx=0 epoch=0 freq_hz=0 pkt_toa_us=15424 legal_dwell_used_us_10s=0

2026-09-12 19:42:11,665 INFO image_rx_daemon: command TX opcode=0x6c copy=1/1 OK (on air)

2026-09-12 19:42:11,904 INFO image_rx_daemon: frag_arrival: seq=32 idx=0 total=12 fw_us=151418250 len=247

2026-09-12 19:42:12,004 INFO image_rx_daemon: frag_arrival: seq=32 idx=1 total=12 fw_us=151535099 len=247

2026-09-12 19:42:12,116 WARNING image_rx_daemon: crc_dump: irq=0x70 rx_len=255 snr=-0.8 rssi=-65 dump=f667d50d0b4f07c08d697bfcfab9125e23622c3305c291c5ecc800852fd9f4fb792ed23acb61e4566ed37ef61b087ee0f166df65b08e7504be5988e87a0f7ab9bdf2bd3665f81be7a5a213f39d851e2856b76067cd9dbfa4253d5ed12e5a4fe157bf6c887fc7fd895281bcda9ee015e986614fc0126406673c3e0a3b07e4d6c93342afabbc819ce5e43028e6d0986dd419d154c49fa3301dc3cf0ae642fa5ab518610b73ad8c82eba7a50004e26977de5555a28be3fab6b4c96a576dc74015885dc779f8420a5126c56524c71c09cee99ab05fe38a87794042000cce3c51862f49785a1b169c1dbecc1915d9077af049d4eec3034fc276002dd0d0

2026-09-12 19:42:12,251 INFO image_rx_daemon: frag_arrival: seq=32 idx=3 total=12 fw_us=151769361 len=247

2026-09-12 19:42:12,372 INFO image_rx_daemon: frag_arrival: seq=32 idx=4 total=12 fw_us=151886282 len=247

2026-09-12 19:42:12,481 INFO image_rx_daemon: frag_arrival: seq=32 idx=5 total=12 fw_us=152003125 len=247

2026-09-12 19:42:12,604 INFO image_rx_daemon: frag_arrival: seq=32 idx=6 total=12 fw_us=152120237 len=247

2026-09-12 19:42:12,724 INFO image_rx_daemon: frag_arrival: seq=32 idx=7 total=12 fw_us=152237302 len=247

2026-09-12 19:42:12,833 INFO image_rx_daemon: frag_arrival: seq=32 idx=8 total=12 fw_us=152354585 len=247

2026-09-12 19:42:12,952 INFO image_rx_daemon: frag_arrival: seq=32 idx=9 total=12 fw_us=152471433 len=247

2026-09-12 19:42:13,076 INFO image_rx_daemon: frag_arrival: seq=32 idx=10 total=12 fw_us=152588485 len=247

2026-09-12 19:42:13,184 INFO image_rx_daemon: frag_arrival: seq=32 idx=11 total=12 fw_us=152699899 len=241

2026-09-12 19:42:13,380 INFO image_rx_daemon: frag_arrival: seq=35 idx=0 total=13 fw_us=152892584 len=247

2026-09-12 19:42:13,488 INFO image_rx_daemon: frag_arrival: seq=35 idx=1 total=13 fw_us=153009499 len=247

2026-09-12 19:42:13,608 INFO image_rx_daemon: frag_arrival: seq=35 idx=2 total=13 fw_us=153126429 len=247

2026-09-12 19:42:13,732 INFO image_rx_daemon: frag_arrival: seq=35 idx=3 total=13 fw_us=153243588 len=247

2026-09-12 19:42:13,840 INFO image_rx_daemon: frag_arrival: seq=35 idx=4 total=13 fw_us=153360761 len=247

2026-09-12 19:42:13,958 INFO image_rx_daemon: frag_arrival: seq=35 idx=5 total=13 fw_us=153477689 len=247

2026-09-12 19:42:14,077 INFO image_rx_daemon: frag_arrival: seq=35 idx=6 total=13 fw_us=153594767 len=247

2026-09-12 19:42:14,194 INFO image_rx_daemon: frag_arrival: seq=35 idx=7 total=13 fw_us=153712016 len=247

2026-09-12 19:42:14,310 INFO image_rx_daemon: frag_arrival: seq=35 idx=8 total=13 fw_us=153828903 len=247

2026-09-12 19:42:14,430 INFO image_rx_daemon: frag_arrival: seq=35 idx=9 total=13 fw_us=153945872 len=247

2026-09-12 19:42:14,548 INFO image_rx_daemon: frag_arrival: seq=35 idx=10 total=13 fw_us=154063205 len=247

2026-09-12 19:42:14,656 INFO image_rx_daemon: frag_arrival: seq=35 idx=11 total=13 fw_us=154180118 len=247

2026-09-12 19:42:14,696 INFO image_rx_daemon: frag_arrival: seq=35 idx=12 total=13 fw_us=154221886 len=71

2026-09-12 19:42:14,701 INFO image_rx_daemon: published frame_id=0 seq=35 2983 B → lifetrac/v25/video/tile_delta

2026-09-12 19:42:14,966 INFO image_rx_daemon: frag_arrival: seq=38 idx=0 total=12 fw_us=154484157 len=247

2026-09-12 19:42:15,081 INFO image_rx_daemon: frag_arrival: seq=38 idx=1 total=12 fw_us=154600930 len=247

2026-09-12 19:42:15,201 INFO image_rx_daemon: frag_arrival: seq=38 idx=2 total=12 fw_us=154718093 len=247

2026-09-12 19:42:15,318 INFO image_rx_daemon: frag_arrival: seq=38 idx=3 total=12 fw_us=154835342 len=247

2026-09-12 19:42:15,427 INFO image_rx_daemon: frag_arrival: seq=38 idx=4 total=12 fw_us=154952095 len=247

2026-09-12 19:42:15,535 INFO image_rx_daemon: frag_arrival: seq=38 idx=5 total=12 fw_us=155069196 len=247

2026-09-12 19:42:15,664 INFO image_rx_daemon: frag_arrival: seq=38 idx=6 total=12 fw_us=155186435 len=247

2026-09-12 19:42:15,781 INFO image_rx_daemon: frag_arrival: seq=38 idx=7 total=12 fw_us=155303296 len=247

2026-09-12 19:42:15,869 INFO image_rx_daemon: stats: rx_frames=196 rx_decode_err=0 frames_published=11 publish_err=0 reassembler_decode_err=0 reassembler_timeouts=4 parity_recon=0 idle_drain_deferred=2

2026-09-12 19:42:15,871 INFO image_rx_daemon: air_gap: n=82 dt_med=117027us dt_p95=192685us len_med=247B cmd_tx_ok=6 cmd_tx_fail=0

2026-09-12 19:42:15,875 INFO image_rx_daemon: air_gap_hist(ms): <20:1 <40:2 <80:2 <120:69 <200:4 <400:4

2026-09-12 19:42:15,876 INFO image_rx_daemon: rx_rf: n_rssi=82 n_snr=82 rssi[min/med/max]=-70/-69/-68 snr[min/med/max]=5.0/6.0/7.0

2026-09-12 19:42:15,877 INFO image_rx_daemon: phase_telemetry: valid=82 invalid=0 pre_f8=0 last_epoch=0 last_hop=0 slot_off=[0..0]

2026-09-12 19:42:15,877 INFO image_rx_daemon: air_gap_by_class: seq: n=74 med=117.0ms | boundary: n=6 med=192.7ms | post_loss: n=2 med=234.3ms

2026-09-12 19:42:15,878 INFO image_rx_daemon: lost_frag_idx: n=2 idx0=0 (0.00% of idx0 arrivals) other=2 (2.56%) verdict=not-clustered | top 9:1 2:1

2026-09-12 19:42:15,897 INFO image_rx_daemon: frag_arrival: seq=38 idx=8 total=12 fw_us=155420239 len=247

2026-09-12 19:42:16,006 INFO image_rx_daemon: frag_arrival: seq=38 idx=9 total=12 fw_us=155537281 len=247

2026-09-12 19:42:16,133 INFO image_rx_daemon: frag_arrival: seq=38 idx=10 total=12 fw_us=155654394 len=247

2026-09-12 19:42:16,228 WARNING image_rx_daemon: crc_dump: irq=0x70 rx_len=255 snr=0.2 rssi=-66 dump=010200000000006b89573f523cd6ebb2df6a97059d36b8b37fef18f233c5cd797dc627c88ddcffdcf2e89dbf6e0bc20b1d746e2204263637b9dd2729d5fb85dab37b2cd7a947ce100cc5b5d088447c95b2b1f45ba8484b1208e00f4fc862a310544dfdfb221fe4e6df9df5aa8d037ae65df40762fabf7eafb3cc6a222ffecf08b5b153d6aa1dc9b3001402c1f8a3a56f364a804f48127986233637adf4624b2d4e96b1a782556fb93369e86706934a323734d2a88e6f2a26eb974dc66f138ab4a9e3c5690187c4488cbad598c674be2017b06c71c36850bbdebfc641263d6449c7381a0c67e7659e4a20d84ecebca90ea69749552c55cbc189dbee

2026-09-12 19:42:16,437 INFO image_rx_daemon: frag_arrival: seq=41 idx=0 total=13 fw_us=155958239 len=247

2026-09-12 19:42:16,560 INFO image_rx_daemon: frag_arrival: seq=41 idx=1 total=13 fw_us=156075289 len=247

2026-09-12 19:42:16,667 INFO image_rx_daemon: frag_arrival: seq=41 idx=2 total=13 fw_us=156192584 len=247

2026-09-12 19:42:16,782 INFO image_rx_daemon: frag_arrival: seq=41 idx=3 total=13 fw_us=156309459 len=247

2026-09-12 19:42:16,916 INFO image_rx_daemon: frag_arrival: seq=41 idx=4 total=13 fw_us=156426645 len=247

2026-09-12 19:42:17,016 INFO image_rx_daemon: frag_arrival: seq=41 idx=5 total=13 fw_us=156543493 len=247

2026-09-12 19:42:17,144 INFO image_rx_daemon: frag_arrival: seq=41 idx=6 total=13 fw_us=156660519 len=247

2026-09-12 19:42:17,264 INFO image_rx_daemon: frag_arrival: seq=41 idx=7 total=13 fw_us=156777567 len=247

2026-09-12 19:42:17,374 INFO image_rx_daemon: frag_arrival: seq=41 idx=8 total=13 fw_us=156894655 len=247

2026-09-12 19:42:17,492 INFO image_rx_daemon: frag_arrival: seq=41 idx=9 total=13 fw_us=157011806 len=247

2026-09-12 19:42:17,612 INFO image_rx_daemon: frag_arrival: seq=41 idx=10 total=13 fw_us=157128867 len=247

2026-09-12 19:42:17,734 INFO image_rx_daemon: frag_arrival: seq=41 idx=11 total=13 fw_us=157245977 len=247

2026-09-12 19:42:17,735 INFO image_rx_daemon: frag_arrival: seq=41 idx=12 total=13 fw_us=157269428 len=22

2026-09-12 19:42:17,736 INFO image_rx_daemon: published frame_id=0 seq=41 2934 B → lifetrac/v25/video/tile_delta

RFCO_PERTX during TX wait: profile_id=2 tx_status=0x00(OK) hop_idx=0 channel_idx=0 epoch=0 freq_hz=0 pkt_toa_us=15424 legal_dwell_used_us_10s=0

2026-09-12 19:42:17,769 INFO image_rx_daemon: command TX opcode=0x6c copy=1/1 OK (on air)

2026-09-12 19:42:17,909 INFO image_rx_daemon: frag_arrival: seq=44 idx=0 total=13 fw_us=157432887 len=247

2026-09-12 19:42:18,017 INFO image_rx_daemon: frag_arrival: seq=44 idx=1 total=13 fw_us=157549573 len=247

2026-09-12 19:42:18,148 INFO image_rx_daemon: frag_arrival: seq=44 idx=2 total=13 fw_us=157666752 len=247

2026-09-12 19:42:18,266 INFO image_rx_daemon: frag_arrival: seq=44 idx=3 total=13 fw_us=157783766 len=247

2026-09-12 19:42:18,384 INFO image_rx_daemon: frag_arrival: seq=44 idx=4 total=13 fw_us=157900766 len=247

2026-09-12 19:42:18,508 INFO image_rx_daemon: frag_arrival: seq=44 idx=5 total=13 fw_us=158017801 len=247

2026-09-12 19:42:18,620 INFO image_rx_daemon: frag_arrival: seq=44 idx=6 total=13 fw_us=158134880 len=247

2026-09-12 19:42:18,734 INFO image_rx_daemon: frag_arrival: seq=44 idx=7 total=13 fw_us=158252118 len=247

2026-09-12 19:42:18,856 INFO image_rx_daemon: frag_arrival: seq=44 idx=8 total=13 fw_us=158369027 len=247

2026-09-12 19:42:18,964 INFO image_rx_daemon: frag_arrival: seq=44 idx=9 total=13 fw_us=158486011 len=247

2026-09-12 19:42:19,088 INFO image_rx_daemon: frag_arrival: seq=44 idx=10 total=13 fw_us=158603113 len=247

2026-09-12 19:42:19,208 INFO image_rx_daemon: frag_arrival: seq=44 idx=11 total=13 fw_us=158720138 len=247

2026-09-12 19:42:19,209 INFO image_rx_daemon: frag_arrival: seq=44 idx=12 total=13 fw_us=158750155 len=41

2026-09-12 19:42:19,210 INFO image_rx_daemon: published frame_id=0 seq=44 2953 B → lifetrac/v25/video/tile_delta

2026-09-12 19:42:19,416 INFO image_rx_daemon: frag_arrival: seq=47 idx=0 total=13 fw_us=158927894 len=247

2026-09-12 19:42:19,529 INFO image_rx_daemon: frag_arrival: seq=47 idx=1 total=13 fw_us=159044949 len=247

2026-09-12 19:42:19,652 INFO image_rx_daemon: frag_arrival: seq=47 idx=2 total=13 fw_us=159163030 len=247

2026-09-12 19:42:19,760 INFO image_rx_daemon: frag_arrival: seq=47 idx=3 total=13 fw_us=159279358 len=247

2026-09-12 19:42:19,880 INFO image_rx_daemon: frag_arrival: seq=47 idx=4 total=13 fw_us=159396094 len=247

2026-09-12 19:42:19,990 INFO image_rx_daemon: frag_arrival: seq=47 idx=5 total=13 fw_us=159513120 len=247

2026-09-12 19:42:20,112 INFO image_rx_daemon: frag_arrival: seq=47 idx=6 total=13 fw_us=159630178 len=247

2026-09-12 19:42:20,236 INFO image_rx_daemon: frag_arrival: seq=47 idx=7 total=13 fw_us=159747212 len=247

2026-09-12 19:42:20,340 INFO image_rx_daemon: frag_arrival: seq=47 idx=8 total=13 fw_us=159864241 len=247

2026-09-12 19:42:20,457 INFO image_rx_daemon: frag_arrival: seq=47 idx=9 total=13 fw_us=159981223 len=247

2026-09-12 19:42:20,575 INFO image_rx_daemon: frag_arrival: seq=47 idx=10 total=13 fw_us=160098352 len=247

2026-09-12 19:42:20,692 INFO image_rx_daemon: frag_arrival: seq=47 idx=11 total=13 fw_us=160215499 len=247

2026-09-12 19:42:20,705 INFO image_rx_daemon: frag_arrival: seq=47 idx=12 total=13 fw_us=160244185 len=37

2026-09-12 19:42:20,707 INFO image_rx_daemon: published frame_id=0 seq=47 2949 B → lifetrac/v25/video/tile_delta

RFCO_PERTX during TX wait: profile_id=2 tx_status=0x00(OK) hop_idx=0 channel_idx=0 epoch=0 freq_hz=0 pkt_toa_us=15424 legal_dwell_used_us_10s=0

2026-09-12 19:42:20,734 INFO image_rx_daemon: command TX opcode=0x6c copy=1/1 OK (on air)

2026-09-12 19:42:20,888 INFO image_rx_daemon: frag_arrival: seq=50 idx=0 total=13 fw_us=160402352 len=247

2026-09-12 19:42:20,990 INFO image_rx_daemon: frag_arrival: seq=50 idx=1 total=13 fw_us=160520030 len=247

2026-09-12 19:42:21,120 INFO image_rx_daemon: frag_arrival: seq=50 idx=2 total=13 fw_us=160636233 len=247

2026-09-12 19:42:21,228 INFO image_rx_daemon: frag_arrival: seq=50 idx=3 total=13 fw_us=160753285 len=247

2026-09-12 19:42:21,348 INFO image_rx_daemon: frag_arrival: seq=50 idx=4 total=13 fw_us=160870507 len=247

2026-09-12 19:42:21,468 INFO image_rx_daemon: frag_arrival: seq=50 idx=5 total=13 fw_us=160987301 len=247

2026-09-12 19:42:21,592 INFO image_rx_daemon: frag_arrival: seq=50 idx=6 total=13 fw_us=161104380 len=247

2026-09-12 19:42:21,700 INFO image_rx_daemon: frag_arrival: seq=50 idx=7 total=13 fw_us=161221436 len=247

2026-09-12 19:42:21,820 INFO image_rx_daemon: frag_arrival: seq=50 idx=8 total=13 fw_us=161338709 len=247

2026-09-12 19:42:21,940 INFO image_rx_daemon: frag_arrival: seq=50 idx=9 total=13 fw_us=161455691 len=247

2026-09-12 19:42:22,047 INFO image_rx_daemon: frag_arrival: seq=50 idx=10 total=13 fw_us=161572751 len=247

2026-09-12 19:42:22,188 INFO image_rx_daemon: frag_arrival: seq=50 idx=12 total=13 fw_us=161719907 len=41

2026-09-12 19:42:22,381 INFO image_rx_daemon: frag_arrival: seq=53 idx=0 total=13 fw_us=161897594 len=247

2026-09-12 19:42:22,504 INFO image_rx_daemon: frag_arrival: seq=53 idx=1 total=13 fw_us=162014464 len=247

2026-09-12 19:42:22,612 INFO image_rx_daemon: frag_arrival: seq=53 idx=2 total=13 fw_us=162131652 len=247

2026-09-12 19:42:22,734 INFO image_rx_daemon: frag_arrival: seq=53 idx=3 total=13 fw_us=162248718 len=247

2026-09-12 19:42:22,839 INFO image_rx_daemon: frag_arrival: seq=53 idx=4 total=13 fw_us=162365980 len=247

2026-09-12 19:42:22,957 INFO image_rx_daemon: frag_arrival: seq=53 idx=5 total=13 fw_us=162482775 len=247

2026-09-12 19:42:23,076 INFO image_rx_daemon: frag_arrival: seq=53 idx=6 total=13 fw_us=162599831 len=247

2026-09-12 19:42:23,193 INFO image_rx_daemon: frag_arrival: seq=53 idx=7 total=13 fw_us=162716916 len=247

2026-09-12 19:42:23,312 INFO image_rx_daemon: frag_arrival: seq=53 idx=8 total=13 fw_us=162833955 len=247

2026-09-12 19:42:23,432 INFO image_rx_daemon: frag_arrival: seq=53 idx=9 total=13 fw_us=162952030 len=247

2026-09-12 19:42:23,547 INFO image_rx_daemon: frag_arrival: seq=53 idx=10 total=13 fw_us=163068101 len=247

2026-09-12 19:42:23,665 INFO image_rx_daemon: frag_arrival: seq=53 idx=11 total=13 fw_us=163185150 len=247

2026-09-12 19:42:23,694 INFO image_rx_daemon: frag_arrival: seq=53 idx=12 total=13 fw_us=163229534 len=79

2026-09-12 19:42:23,697 INFO image_rx_daemon: published frame_id=0 seq=53 2991 B → lifetrac/v25/video/tile_delta

RFCO_PERTX during TX wait: profile_id=2 tx_status=0x00(OK) hop_idx=0 channel_idx=0 epoch=0 freq_hz=0 pkt_toa_us=15424 legal_dwell_used_us_10s=0

2026-09-12 19:42:23,725 INFO image_rx_daemon: command TX opcode=0x6c copy=1/1 OK (on air)

2026-09-12 19:42:23,976 INFO image_rx_daemon: frag_arrival: seq=59 idx=0 total=13 fw_us=163489111 len=247

2026-09-12 19:42:24,081 INFO image_rx_daemon: frag_arrival: seq=59 idx=1 total=13 fw_us=163605702 len=247

2026-09-12 19:42:24,197 INFO image_rx_daemon: frag_arrival: seq=59 idx=2 total=13 fw_us=163722927 len=247

2026-09-12 19:42:24,317 INFO image_rx_daemon: frag_arrival: seq=59 idx=3 total=13 fw_us=163839917 len=247

2026-09-12 19:42:24,549 INFO image_rx_daemon: frag_arrival: seq=59 idx=5 total=13 fw_us=164073865 len=247

2026-09-12 19:42:24,669 INFO image_rx_daemon: frag_arrival: seq=59 idx=6 total=13 fw_us=164190815 len=247

2026-09-12 19:42:24,792 INFO image_rx_daemon: frag_arrival: seq=59 idx=7 total=13 fw_us=164307829 len=247

2026-09-12 19:42:24,912 INFO image_rx_daemon: frag_arrival: seq=59 idx=8 total=13 fw_us=164424937 len=247

2026-09-12 19:42:25,010 INFO image_rx_daemon: frag_arrival: seq=59 idx=9 total=13 fw_us=164541774 len=247

2026-09-12 19:42:25,140 INFO image_rx_daemon: frag_arrival: seq=59 idx=10 total=13 fw_us=164658798 len=247

2026-09-12 19:42:25,248 INFO image_rx_daemon: frag_arrival: seq=59 idx=11 total=13 fw_us=164775788 len=247

2026-09-12 19:42:25,284 INFO image_rx_daemon: frag_arrival: seq=59 idx=12 total=13 fw_us=164820209 len=81

RFCO_PERTX during TX wait: profile_id=2 tx_status=0x00(OK) hop_idx=0 channel_idx=0 epoch=0 freq_hz=0 pkt_toa_us=15424 legal_dwell_used_us_10s=0

2026-09-12 19:42:25,316 INFO image_rx_daemon: command TX opcode=0x6c copy=1/1 OK (on air)

2026-09-12 19:42:25,561 INFO image_rx_daemon: frag_arrival: seq=60 idx=0 total=12 fw_us=165079889 len=247

2026-09-12 19:42:25,684 INFO image_rx_daemon: frag_arrival: seq=60 idx=1 total=12 fw_us=165196425 len=247

2026-09-12 19:42:25,796 INFO image_rx_daemon: frag_arrival: seq=60 idx=2 total=12 fw_us=165313690 len=247

2026-09-12 19:42:25,887 INFO image_rx_daemon: stats: rx_frames=278 rx_decode_err=0 frames_published=15 publish_err=0 reassembler_decode_err=0 reassembler_timeouts=6 parity_recon=0 idle_drain_deferred=2

2026-09-12 19:42:25,890 INFO image_rx_daemon: air_gap: n=82 dt_med=117052us dt_p95=177739us len_med=247B cmd_tx_ok=10 cmd_tx_fail=0

2026-09-12 19:42:25,892 INFO image_rx_daemon: air_gap_hist(ms): <40:3 <80:2 <120:68 <200:5 <400:4

2026-09-12 19:42:25,892 INFO image_rx_daemon: rx_rf: n_rssi=82 n_snr=82 rssi[min/med/max]=-70/-69/-68 snr[min/med/max]=5.0/6.0/6.0

2026-09-12 19:42:25,893 INFO image_rx_daemon: phase_telemetry: valid=82 invalid=0 pre_f8=0 last_epoch=0 last_hop=0 slot_off=[0..0]

2026-09-12 19:42:25,899 INFO image_rx_daemon: air_gap_by_class: seq: n=73 med=117.0ms | boundary: n=7 med=177.7ms | post_loss: n=2 med=233.9ms

2026-09-12 19:42:25,900 INFO image_rx_daemon: lost_frag_idx: n=3 idx0=0 (0.00% of idx0 arrivals) other=3 (3.85%) verdict=not-clustered | top 11:2 4:1

2026-09-12 19:42:25,902 INFO image_rx_daemon: frag_arrival: seq=60 idx=3 total=12 fw_us=165430773 len=247

2026-09-12 19:42:26,020 INFO image_rx_daemon: frag_arrival: seq=60 idx=4 total=12 fw_us=165547701 len=247

2026-09-12 19:42:26,148 INFO image_rx_daemon: frag_arrival: seq=60 idx=5 total=12 fw_us=165664757 len=247

2026-09-12 19:42:26,265 INFO image_rx_daemon: frag_arrival: seq=60 idx=6 total=12 fw_us=165781779 len=247

2026-09-12 19:42:26,384 INFO image_rx_daemon: frag_arrival: seq=60 idx=7 total=12 fw_us=165898784 len=247

2026-09-12 19:42:26,499 INFO image_rx_daemon: frag_arrival: seq=60 idx=8 total=12 fw_us=166015892 len=247

2026-09-12 19:42:26,620 INFO image_rx_daemon: frag_arrival: seq=60 idx=9 total=12 fw_us=166132844 len=247

2026-09-12 19:42:26,738 INFO image_rx_daemon: frag_arrival: seq=60 idx=10 total=12 fw_us=166249878 len=247

2026-09-12 19:42:26,828 WARNING image_rx_daemon: crc_dump: irq=0x70 rx_len=255 snr=3.8 rssi=-66 dump=01020000000000ab92de94308af3d0f2675551880f7d343b7e082cc7784c48dc434895b197e9c16b62a9e62b2d9c4076ced0ab0d2d387ebccd99caff63241e46446c142d5f018ed1df49684bb345b28fdcc3b18e03a88644294fe7b46116116baac61f83cae3c8dba064bacdc4a6fbcc7c9475c1abd06ac27704f2432f797c989d63ce255817af7ba4031f6f8758415682f61168b480acc16faf10a88420cea757252650426cd251b7bddc9fcebb58e482cb801f6c20d8bd0a774ee71cc67e2662586314ec831820b7337ec05e28646715633be37d697f4393dacffdd9fa65765a8f34ac53b3aae46202cecd5e7e0544912bceebbcfe6b8ccdbfb9

2026-09-12 19:42:27,018 INFO image_rx_daemon: frag_arrival: seq=62 idx=0 total=12 fw_us=166553856 len=247

2026-09-12 19:42:27,145 INFO image_rx_daemon: frag_arrival: seq=62 idx=1 total=12 fw_us=166670511 len=247

2026-09-12 19:42:27,268 INFO image_rx_daemon: frag_arrival: seq=62 idx=2 total=12 fw_us=166787681 len=247

2026-09-12 19:42:27,383 INFO image_rx_daemon: frag_arrival: seq=62 idx=3 total=12 fw_us=166904819 len=247

2026-09-12 19:42:27,491 INFO image_rx_daemon: frag_arrival: seq=62 idx=4 total=12 fw_us=167022022 len=247

2026-09-12 19:42:27,620 INFO image_rx_daemon: frag_arrival: seq=62 idx=5 total=12 fw_us=167139155 len=247

2026-09-12 19:42:27,740 INFO image_rx_daemon: frag_arrival: seq=62 idx=6 total=12 fw_us=167255992 len=247

2026-09-12 19:42:27,838 INFO image_rx_daemon: frag_arrival: seq=62 idx=7 total=12 fw_us=167373033 len=247

2026-09-12 19:42:27,968 INFO image_rx_daemon: frag_arrival: seq=62 idx=8 total=12 fw_us=167489948 len=247

2026-09-12 19:42:28,094 INFO image_rx_daemon: frag_arrival: seq=62 idx=9 total=12 fw_us=167608030 len=247

2026-09-12 19:42:28,208 INFO image_rx_daemon: frag_arrival: seq=62 idx=10 total=12 fw_us=167724093 len=247

2026-09-12 19:42:28,323 INFO image_rx_daemon: frag_arrival: seq=62 idx=11 total=12 fw_us=167841100 len=246

2026-09-12 19:42:28,325 INFO image_rx_daemon: published frame_id=0 seq=62 2915 B → lifetrac/v25/video/tile_delta

2026-09-12 19:42:28,357 INFO image_rx_daemon: command TX opcode=0x6c copy=1/1 OK (on air)

RFCO_PERTX during TX wait: profile_id=2 tx_status=0x00(OK) hop_idx=0 channel_idx=0 epoch=0 freq_hz=0 pkt_toa_us=15424 legal_dwell_used_us_10s=0

2026-09-12 19:42:28,512 INFO image_rx_daemon: frag_arrival: seq=65 idx=0 total=13 fw_us=168028193 len=247

2026-09-12 19:42:28,610 INFO image_rx_daemon: frag_arrival: seq=65 idx=1 total=13 fw_us=168145174 len=247

2026-09-12 19:42:28,744 INFO image_rx_daemon: frag_arrival: seq=65 idx=2 total=13 fw_us=168262075 len=247

2026-09-12 19:42:28,868 INFO image_rx_daemon: frag_arrival: seq=65 idx=3 total=13 fw_us=168379108 len=247

2026-09-12 19:42:28,976 INFO image_rx_daemon: frag_arrival: seq=65 idx=4 total=13 fw_us=168496006 len=247

2026-09-12 19:42:29,093 INFO image_rx_daemon: frag_arrival: seq=65 idx=5 total=13 fw_us=168613083 len=247

2026-09-12 19:42:29,210 INFO image_rx_daemon: frag_arrival: seq=65 idx=6 total=13 fw_us=168730098 len=247

2026-09-12 19:42:29,332 INFO image_rx_daemon: frag_arrival: seq=65 idx=7 total=13 fw_us=168847135 len=247

2026-09-12 19:42:29,441 INFO image_rx_daemon: frag_arrival: seq=65 idx=8 total=13 fw_us=168964033 len=247

2026-09-12 19:42:29,558 INFO image_rx_daemon: frag_arrival: seq=65 idx=9 total=13 fw_us=169081135 len=247

2026-09-12 19:42:29,677 INFO image_rx_daemon: frag_arrival: seq=65 idx=10 total=13 fw_us=169198267 len=247

2026-09-12 19:42:29,793 INFO image_rx_daemon: frag_arrival: seq=65 idx=11 total=13 fw_us=169315095 len=247

2026-09-12 19:42:29,823 INFO image_rx_daemon: frag_arrival: seq=65 idx=12 total=13 fw_us=169356882 len=73

2026-09-12 19:42:29,827 INFO image_rx_daemon: published frame_id=0 seq=65 2985 B → lifetrac/v25/video/tile_delta

2026-09-12 19:42:30,101 INFO image_rx_daemon: frag_arrival: seq=71 idx=0 total=13 fw_us=169618828 len=247

2026-09-12 19:42:30,213 INFO image_rx_daemon: frag_arrival: seq=71 idx=1 total=13 fw_us=169735812 len=247

2026-09-12 19:42:30,328 INFO image_rx_daemon: frag_arrival: seq=71 idx=2 total=13 fw_us=169852899 len=247

2026-09-12 19:42:30,448 INFO image_rx_daemon: frag_arrival: seq=71 idx=3 total=13 fw_us=169969865 len=247

2026-09-12 19:42:30,568 INFO image_rx_daemon: frag_arrival: seq=71 idx=4 total=13 fw_us=170086973 len=247

2026-09-12 19:42:30,692 INFO image_rx_daemon: frag_arrival: seq=71 idx=5 total=13 fw_us=170203997 len=247

2026-09-12 19:42:30,800 INFO image_rx_daemon: frag_arrival: seq=71 idx=6 total=13 fw_us=170321262 len=247

2026-09-12 19:42:30,920 INFO image_rx_daemon: frag_arrival: seq=71 idx=7 total=13 fw_us=170437989 len=247

2026-09-12 19:42:31,027 INFO image_rx_daemon: frag_arrival: seq=71 idx=8 total=13 fw_us=170555234 len=247

2026-09-12 19:42:31,146 INFO image_rx_daemon: frag_arrival: seq=71 idx=9 total=13 fw_us=170672014 len=247

2026-09-12 19:42:31,264 INFO image_rx_daemon: frag_arrival: seq=71 idx=10 total=13 fw_us=170789033 len=247

2026-09-12 19:42:31,384 INFO image_rx_daemon: frag_arrival: seq=71 idx=11 total=13 fw_us=170906033 len=247

2026-09-12 19:42:31,413 INFO image_rx_daemon: frag_arrival: seq=71 idx=12 total=13 fw_us=170943901 len=63

2026-09-12 19:42:31,417 INFO image_rx_daemon: published frame_id=0 seq=71 2975 B → lifetrac/v25/video/tile_delta

RFCO_PERTX during TX wait: profile_id=2 tx_status=0x00(OK) hop_idx=0 channel_idx=0 epoch=0 freq_hz=0 pkt_toa_us=15424 legal_dwell_used_us_10s=0

2026-09-12 19:42:31,445 INFO image_rx_daemon: command TX opcode=0x6c copy=1/1 OK (on air)

2026-09-12 19:42:31,692 INFO image_rx_daemon: frag_arrival: seq=72 idx=0 total=13 fw_us=171209718 len=247

2026-09-12 19:42:31,812 INFO image_rx_daemon: frag_arrival: seq=72 idx=1 total=13 fw_us=171326547 len=247

2026-09-12 19:42:31,922 INFO image_rx_daemon: frag_arrival: seq=72 idx=2 total=13 fw_us=171443470 len=247

2026-09-12 19:42:32,039 INFO image_rx_daemon: frag_arrival: seq=72 idx=3 total=13 fw_us=171560513 len=247

2026-09-12 19:42:32,157 INFO image_rx_daemon: frag_arrival: seq=72 idx=4 total=13 fw_us=171677714 len=247

2026-09-12 19:42:32,276 INFO image_rx_daemon: frag_arrival: seq=72 idx=5 total=13 fw_us=171794511 len=247

2026-09-12 19:42:32,388 INFO image_rx_daemon: frag_arrival: seq=72 idx=6 total=13 fw_us=171911548 len=247

2026-09-12 19:42:32,496 WARNING image_rx_daemon: crc_dump: irq=0x70 rx_len=255 snr=3.8 rssi=-66 dump=507d3458440291c74a3b15e8ad0beb8d62e52cb15091ff35ebf4a5bff966330c942c9dd5f696435aab323ad8c11f8e31fc41e02704f3790c8367331b6af0468bd5cc2e0eff0f9144b70609260d73da8f673f99788390958ebc43318461fcc20cc0ff302c196c818903bc1bead3f2ac0c7105b592b38f19c950cc53b5ab66003415ebeca047a7822be009d4bfe9775e54c75ade13b2ea83f4b53c553111095402f1ae747d1d45d8af7067813878f7d3ad454abede6abe93044cbb12bfd04fec4ec17ecf6c75492fdd0aa082af093166b73b0a5f063cb7928a9e8b3454f67bba99eede50683a7588fc52bc97cb233b8d61f242987dee2631d4088526

2026-09-12 19:42:32,624 INFO image_rx_daemon: frag_arrival: seq=72 idx=8 total=13 fw_us=172145428 len=247

2026-09-12 19:42:32,748 INFO image_rx_daemon: frag_arrival: seq=72 idx=9 total=13 fw_us=172262530 len=247

2026-09-12 19:42:32,854 INFO image_rx_daemon: frag_arrival: seq=72 idx=10 total=13 fw_us=172379831 len=247

2026-09-12 19:42:32,981 INFO image_rx_daemon: frag_arrival: seq=72 idx=11 total=13 fw_us=172496521 len=247

2026-09-12 19:42:33,003 INFO image_rx_daemon: frag_arrival: seq=72 idx=12 total=13 fw_us=172538305 len=74

2026-09-12 19:42:33,276 INFO image_rx_daemon: frag_arrival: seq=74 idx=0 total=13 fw_us=172800120 len=247

2026-09-12 19:42:33,394 INFO image_rx_daemon: frag_arrival: seq=74 idx=1 total=13 fw_us=172916949 len=247

2026-09-12 19:42:33,516 INFO image_rx_daemon: frag_arrival: seq=74 idx=2 total=13 fw_us=173033822 len=247

2026-09-12 19:42:33,633 INFO image_rx_daemon: frag_arrival: seq=74 idx=3 total=13 fw_us=173150805 len=247

2026-09-12 19:42:33,745 INFO image_rx_daemon: frag_arrival: seq=74 idx=4 total=13 fw_us=173267757 len=247

2026-09-12 19:42:33,864 INFO image_rx_daemon: frag_arrival: seq=74 idx=5 total=13 fw_us=173384747 len=247

2026-09-12 19:42:33,984 INFO image_rx_daemon: frag_arrival: seq=74 idx=6 total=13 fw_us=173501866 len=247

2026-09-12 19:42:34,104 INFO image_rx_daemon: frag_arrival: seq=74 idx=7 total=13 fw_us=173618683 len=247

2026-09-12 19:42:34,228 INFO image_rx_daemon: frag_arrival: seq=74 idx=8 total=13 fw_us=173735672 len=247

2026-09-12 19:42:34,337 INFO image_rx_daemon: frag_arrival: seq=74 idx=9 total=13 fw_us=173852606 len=247

2026-09-12 19:42:34,460 INFO image_rx_daemon: frag_arrival: seq=74 idx=10 total=13 fw_us=173969666 len=247

2026-09-12 19:42:34,567 INFO image_rx_daemon: frag_arrival: seq=74 idx=11 total=13 fw_us=174086539 len=247

2026-09-12 19:42:34,596 INFO image_rx_daemon: frag_arrival: seq=74 idx=12 total=13 fw_us=174128311 len=73

2026-09-12 19:42:34,601 INFO image_rx_daemon: published frame_id=0 seq=74 2985 B → lifetrac/v25/video/tile_delta

RFCO_PERTX during TX wait: profile_id=2 tx_status=0x00(OK) hop_idx=0 channel_idx=0 epoch=0 freq_hz=0 pkt_toa_us=15424 legal_dwell_used_us_10s=0

2026-09-12 19:42:34,633 INFO image_rx_daemon: command TX opcode=0x6c copy=1/1 OK (on air)

2026-09-12 19:42:34,870 INFO image_rx_daemon: frag_arrival: seq=77 idx=0 total=13 fw_us=174390438 len=247

2026-09-12 19:42:34,992 INFO image_rx_daemon: frag_arrival: seq=77 idx=1 total=13 fw_us=174507389 len=247

2026-09-12 19:42:35,112 INFO image_rx_daemon: frag_arrival: seq=77 idx=2 total=13 fw_us=174624240 len=247

2026-09-12 19:42:35,210 INFO image_rx_daemon: frag_arrival: seq=77 idx=3 total=13 fw_us=174741249 len=247

2026-09-12 19:42:35,344 INFO image_rx_daemon: frag_arrival: seq=77 idx=4 total=13 fw_us=174858244 len=247

2026-09-12 19:42:35,465 INFO image_rx_daemon: frag_arrival: seq=77 idx=5 total=13 fw_us=174975400 len=247

2026-09-12 19:42:35,570 INFO image_rx_daemon: frag_arrival: seq=77 idx=6 total=13 fw_us=175092317 len=247

2026-09-12 19:42:35,692 INFO image_rx_daemon: frag_arrival: seq=77 idx=7 total=13 fw_us=175209251 len=247

2026-09-12 19:42:35,812 INFO image_rx_daemon: frag_arrival: seq=77 idx=8 total=13 fw_us=175326456 len=247

2026-09-12 19:42:35,903 INFO image_rx_daemon: stats: rx_frames=358 rx_decode_err=0 frames_published=19 publish_err=0 reassembler_decode_err=0 reassembler_timeouts=9 parity_recon=0 idle_drain_deferred=4

2026-09-12 19:42:35,903 INFO image_rx_daemon: air_gap: n=80 dt_med=117009us dt_p95=261946us len_med=247B cmd_tx_ok=13 cmd_tx_fail=0

2026-09-12 19:42:35,905 INFO image_rx_daemon: air_gap_hist(ms): <40:1 <80:3 <120:69 <200:1 <400:6

2026-09-12 19:42:35,906 INFO image_rx_daemon: rx_rf: n_rssi=80 n_snr=80 rssi[min/med/max]=-70/-69/-68 snr[min/med/max]=5.0/6.0/7.0

2026-09-12 19:42:35,907 INFO image_rx_daemon: phase_telemetry: valid=80 invalid=0 pre_f8=0 last_epoch=0 last_hop=0 slot_off=[0..0]

2026-09-12 19:42:35,908 INFO image_rx_daemon: air_gap_by_class: seq: n=73 med=117.0ms | boundary: n=6 med=262.1ms | post_loss: n=1 med=233.9ms

2026-09-12 19:42:35,908 INFO image_rx_daemon: lost_frag_idx: n=2 idx0=0 (0.00% of idx0 arrivals) other=2 (2.63%) verdict=not-clustered | top 11:1 7:1

2026-09-12 19:42:35,922 INFO image_rx_daemon: frag_arrival: seq=77 idx=9 total=13 fw_us=175443264 len=247

2026-09-12 19:42:36,029 INFO image_rx_daemon: frag_arrival: seq=77 idx=10 total=13 fw_us=175560453 len=247

2026-09-12 19:42:36,154 INFO image_rx_daemon: frag_arrival: seq=77 idx=11 total=13 fw_us=175677308 len=247

2026-09-12 19:42:36,365 INFO image_rx_daemon: frag_arrival: seq=81 idx=0 total=12 fw_us=175869245 len=247

2026-09-12 19:42:36,473 INFO image_rx_daemon: frag_arrival: seq=81 idx=1 total=12 fw_us=175986386 len=247

2026-09-12 19:42:36,592 INFO image_rx_daemon: frag_arrival: seq=81 idx=2 total=12 fw_us=176103287 len=247

2026-09-12 19:42:36,700 INFO image_rx_daemon: frag_arrival: seq=81 idx=3 total=12 fw_us=176220248 len=247

2026-09-12 19:42:36,820 INFO image_rx_daemon: frag_arrival: seq=81 idx=4 total=12 fw_us=176337470 len=247

2026-09-12 19:42:36,944 INFO image_rx_daemon: frag_arrival: seq=81 idx=5 total=12 fw_us=176454232 len=247

2026-09-12 19:42:37,053 INFO image_rx_daemon: frag_arrival: seq=81 idx=6 total=12 fw_us=176571405 len=247

2026-09-12 19:42:37,170 INFO image_rx_daemon: frag_arrival: seq=81 idx=7 total=12 fw_us=176688286 len=247

2026-09-12 19:42:37,292 INFO image_rx_daemon: frag_arrival: seq=81 idx=8 total=12 fw_us=176805286 len=247

2026-09-12 19:42:37,400 INFO image_rx_daemon: frag_arrival: seq=81 idx=9 total=12 fw_us=176922252 len=247

2026-09-12 19:42:37,528 INFO image_rx_daemon: frag_arrival: seq=81 idx=10 total=12 fw_us=177039440 len=247

2026-09-12 19:42:37,624 WARNING image_rx_daemon: crc_dump: irq=0x70 rx_len=255 snr=-0.2 rssi=-65 dump=898a8068064d5a5c0f4f97fcae58ba5a61b044c5706d67e7f4c79d52c06f489b00f798281f4ae8860fe251981d844cf7b9f4e22b182c34954907ba7f75bc8b5d1ee138ba41c2573c50d72b5f0041696bbf8b8f4a69e2a46d55f45d6dbedd00a429fcbc29505c86e1990813e72e9f059ad784887dac3bbbb6c157d3fa8c2699f435baea01bb85d75a3dd8e7e32a5113033cd5d2675d8b06135b0d2821a0270fcaf553f798d921522b876e6d83016c28305824a22d9b832293560dd0c918bd940fc5e71ae6fd140cbed1ba732412257bac8422500a7c98b2cbb119ebee083d898c0edf6883e1ddf8222f7a238be9d3d0c5e04a30de152be0e9890e28

2026-09-12 19:42:37,825 INFO image_rx_daemon: frag_arrival: seq=84 idx=0 total=13 fw_us=177343414 len=247

2026-09-12 19:42:37,905 WARNING image_rx_daemon: crc_dump: irq=0x70 rx_len=161 snr=-1.0 rssi=-66 dump=0c1a2597b366bd003ba57c4fb0f1caf7c008a298c87b6e5e23b59e561b314b5d2bdc91ce769a723d06133ab18d5b756dbc561a3ecbade50a79b828296e89b7a486e48324ab694f4a3a9b15670a9de2b32fae6a67e7eb33a4bf21d94dc39e77e7d340d803e871a90f1dc6ed969caf778c899f5820f2bb98b06a1f58fbb36329d36849541e8e0f4b1a616a7a8bca14fd2c0047a0305c2dca8e44c16c23af096ed6fd

2026-09-12 19:42:38,065 INFO image_rx_daemon: frag_arrival: seq=84 idx=2 total=13 fw_us=177578297 len=247

2026-09-12 19:42:38,172 INFO image_rx_daemon: frag_arrival: seq=84 idx=3 total=13 fw_us=177694256 len=247

2026-09-12 19:42:38,297 INFO image_rx_daemon: frag_arrival: seq=84 idx=4 total=13 fw_us=177811290 len=247

2026-09-12 19:42:38,417 INFO image_rx_daemon: frag_arrival: seq=84 idx=5 total=13 fw_us=177928273 len=247

2026-09-12 19:42:38,524 INFO image_rx_daemon: frag_arrival: seq=84 idx=6 total=13 fw_us=178045500 len=247

2026-09-12 19:42:38,648 INFO image_rx_daemon: frag_arrival: seq=84 idx=7 total=13 fw_us=178162374 len=247

2026-09-12 19:42:38,756 INFO image_rx_daemon: frag_arrival: seq=84 idx=8 total=13 fw_us=178279413 len=247

2026-09-12 19:42:38,885 INFO image_rx_daemon: frag_arrival: seq=84 idx=9 total=13 fw_us=178396335 len=247

2026-09-12 19:42:39,004 INFO image_rx_daemon: frag_arrival: seq=84 idx=10 total=13 fw_us=178513408 len=247

2026-09-12 19:42:39,112 INFO image_rx_daemon: frag_arrival: seq=84 idx=11 total=13 fw_us=178630561 len=247

2026-09-12 19:42:39,126 INFO image_rx_daemon: frag_arrival: seq=84 idx=12 total=13 fw_us=178663179 len=47

RFCO_PERTX during TX wait: profile_id=2 tx_status=0x00(OK) hop_idx=0 channel_idx=0 epoch=0 freq_hz=0 pkt_toa_us=15424 legal_dwell_used_us_10s=0

2026-09-12 19:42:39,159 INFO image_rx_daemon: command TX opcode=0x6c copy=1/1 OK (on air)

2026-09-12 19:42:39,300 INFO image_rx_daemon: frag_arrival: seq=87 idx=0 total=13 fw_us=178818033 len=247

2026-09-12 19:42:39,419 INFO image_rx_daemon: frag_arrival: seq=87 idx=1 total=13 fw_us=178934862 len=247

2026-09-12 19:42:39,540 INFO image_rx_daemon: frag_arrival: seq=87 idx=2 total=13 fw_us=179053030 len=247

2026-09-12 19:42:39,648 INFO image_rx_daemon: frag_arrival: seq=87 idx=3 total=13 fw_us=179168910 len=247

2026-09-12 19:42:39,768 INFO image_rx_daemon: frag_arrival: seq=87 idx=4 total=13 fw_us=179285898 len=247

2026-09-12 19:42:39,888 INFO image_rx_daemon: frag_arrival: seq=87 idx=5 total=13 fw_us=179402966 len=247

2026-09-12 19:42:40,012 INFO image_rx_daemon: frag_arrival: seq=87 idx=6 total=13 fw_us=179520079 len=247

2026-09-12 19:42:40,126 INFO image_rx_daemon: frag_arrival: seq=87 idx=7 total=13 fw_us=179637247 len=247

2026-09-12 19:42:40,240 INFO image_rx_daemon: frag_arrival: seq=87 idx=8 total=13 fw_us=179754033 len=247

2026-09-12 19:42:40,360 INFO image_rx_daemon: frag_arrival: seq=87 idx=9 total=13 fw_us=179872030 len=247

2026-09-12 19:42:40,469 INFO image_rx_daemon: frag_arrival: seq=87 idx=10 total=13 fw_us=179988307 len=247

2026-09-12 19:42:40,589 INFO image_rx_daemon: frag_arrival: seq=87 idx=11 total=13 fw_us=180105448 len=247

2026-09-12 19:42:40,602 INFO image_rx_daemon: frag_arrival: seq=87 idx=12 total=13 fw_us=180134175 len=39

2026-09-12 19:42:40,605 INFO image_rx_daemon: published frame_id=0 seq=87 2951 B → lifetrac/v25/video/tile_delta

2026-09-12 19:42:40,795 INFO image_rx_daemon: frag_arrival: seq=90 idx=0 total=13 fw_us=180311509 len=247

2026-09-12 19:42:40,917 INFO image_rx_daemon: frag_arrival: seq=90 idx=1 total=13 fw_us=180428355 len=247

2026-09-12 19:42:41,014 INFO image_rx_daemon: frag_arrival: seq=90 idx=2 total=13 fw_us=180545432 len=247

2026-09-12 19:42:41,144 INFO image_rx_daemon: frag_arrival: seq=90 idx=3 total=13 fw_us=180662654 len=247

2026-09-12 19:42:41,268 INFO image_rx_daemon: frag_arrival: seq=90 idx=4 total=13 fw_us=180779534 len=247

2026-09-12 19:42:41,385 INFO image_rx_daemon: frag_arrival: seq=90 idx=5 total=13 fw_us=180896564 len=247

2026-09-12 19:42:41,494 INFO image_rx_daemon: frag_arrival: seq=90 idx=6 total=13 fw_us=181013566 len=247

2026-09-12 19:42:41,612 INFO image_rx_daemon: frag_arrival: seq=90 idx=7 total=13 fw_us=181130845 len=247

2026-09-12 19:42:41,732 INFO image_rx_daemon: frag_arrival: seq=90 idx=8 total=13 fw_us=181247678 len=247

2026-09-12 19:42:41,856 INFO image_rx_daemon: frag_arrival: seq=90 idx=9 total=13 fw_us=181364742 len=247

2026-09-12 19:42:41,968 INFO image_rx_daemon: frag_arrival: seq=90 idx=10 total=13 fw_us=181481755 len=247

2026-09-12 19:42:42,092 INFO image_rx_daemon: frag_arrival: seq=90 idx=11 total=13 fw_us=181598814 len=247

2026-09-12 19:42:42,093 INFO image_rx_daemon: frag_arrival: seq=90 idx=12 total=13 fw_us=181617084 len=11

2026-09-12 19:42:42,094 INFO image_rx_daemon: published frame_id=0 seq=90 2923 B → lifetrac/v25/video/tile_delta

2026-09-12 19:42:42,272 INFO image_rx_daemon: frag_arrival: seq=93 idx=0 total=13 fw_us=181792505 len=247

2026-09-12 19:42:42,396 INFO image_rx_daemon: frag_arrival: seq=93 idx=1 total=13 fw_us=181909284 len=247

2026-09-12 19:42:42,512 INFO image_rx_daemon: frag_arrival: seq=93 idx=2 total=13 fw_us=182026323 len=247

2026-09-12 19:42:42,632 INFO image_rx_daemon: frag_arrival: seq=93 idx=3 total=13 fw_us=182143552 len=247

2026-09-12 19:42:42,745 INFO image_rx_daemon: frag_arrival: seq=93 idx=4 total=13 fw_us=182260451 len=247

2026-09-12 19:42:42,861 INFO image_rx_daemon: frag_arrival: seq=93 idx=5 total=13 fw_us=182377638 len=247

2026-09-12 19:42:42,983 INFO image_rx_daemon: frag_arrival: seq=93 idx=6 total=13 fw_us=182494385 len=247

2026-09-12 19:42:43,092 INFO image_rx_daemon: frag_arrival: seq=93 idx=7 total=13 fw_us=182611420 len=247

2026-09-12 19:42:43,211 INFO image_rx_daemon: frag_arrival: seq=93 idx=8 total=13 fw_us=182728454 len=247

2026-09-12 19:42:43,327 INFO image_rx_daemon: frag_arrival: seq=93 idx=9 total=13 fw_us=182845546 len=247

2026-09-12 19:42:43,436 INFO image_rx_daemon: frag_arrival: seq=93 idx=10 total=13 fw_us=182962554 len=247

2026-09-12 19:42:43,555 INFO image_rx_daemon: frag_arrival: seq=93 idx=11 total=13 fw_us=183079609 len=247

2026-09-12 19:42:43,587 INFO image_rx_daemon: frag_arrival: seq=93 idx=12 total=13 fw_us=183124014 len=80

2026-09-12 19:42:43,589 INFO image_rx_daemon: published frame_id=0 seq=93 2992 B → lifetrac/v25/video/tile_delta

RFCO_PERTX during TX wait: profile_id=2 tx_status=0x00(OK) hop_idx=0 channel_idx=0 epoch=0 freq_hz=0 pkt_toa_us=15424 legal_dwell_used_us_10s=0

2026-09-12 19:42:43,612 INFO image_rx_daemon: command TX opcode=0x6c copy=1/1 OK (on air)

2026-09-12 19:42:43,872 INFO image_rx_daemon: frag_arrival: seq=96 idx=0 total=12 fw_us=183383670 len=247

2026-09-12 19:42:43,983 INFO image_rx_daemon: frag_arrival: seq=96 idx=1 total=12 fw_us=183500476 len=247

2026-09-12 19:42:44,105 INFO image_rx_daemon: frag_arrival: seq=96 idx=2 total=12 fw_us=183617537 len=247

2026-09-12 19:42:44,228 INFO image_rx_daemon: frag_arrival: seq=96 idx=3 total=12 fw_us=183734513 len=247

2026-09-12 19:42:44,326 INFO image_rx_daemon: frag_arrival: seq=96 idx=4 total=12 fw_us=183851706 len=247

2026-09-12 19:42:44,456 INFO image_rx_daemon: frag_arrival: seq=96 idx=5 total=12 fw_us=183968508 len=247

2026-09-12 19:42:44,564 INFO image_rx_daemon: frag_arrival: seq=96 idx=6 total=12 fw_us=184085634 len=247

2026-09-12 19:42:44,676 WARNING image_rx_daemon: crc_dump: irq=0x70 rx_len=255 snr=0.2 rssi=-66 dump=65123a7e4cc11cb44e5acecdf0ade6d1ce718b706be3798c4ea875486fc5907f187d2212db0240c0aa8bdfc305645803c5e74d2b1d2f2bf17f88a04098a31c05f5326ba113cc2fd8919482261abb57cbf7e11c18a3dae3c62d77bff14e273b1aafedf127d40be2417e4796bc4baf67c9f8ad231f9bc5646aec7cb372cc6ae7ad046cf20117bbaa946c8c5401bd360c9e957815131e2e72fe223f18bb9e94ec4525d564737fe75af7c8e6528ea5793bf09cf71fbfafc7431ec80c1ccced8ee466c75b94b161c6a485faaf7cec81c4409797d508f2d080264b6bb671c43f059eed3cfb326f97e07d06754e6d5c9d0f6db6f602b94694b66bf1923484

2026-09-12 19:42:44,811 INFO image_rx_daemon: frag_arrival: seq=96 idx=8 total=12 fw_us=184319898 len=247

2026-09-12 19:42:44,919 INFO image_rx_daemon: frag_arrival: seq=96 idx=9 total=12 fw_us=184436695 len=247

2026-09-12 19:42:45,027 INFO image_rx_daemon: frag_arrival: seq=96 idx=10 total=12 fw_us=184553697 len=247

2026-09-12 19:42:45,134 WARNING image_rx_daemon: crc_dump: irq=0x70 rx_len=255 snr=1.8 rssi=-66 dump=2d1b4d70f84bfca4daf90c15e0aa4ba6bd4d57f46dc18760adc779886b2e6d06161f30efc8ee1169242b5560550b23585a4fbb93abaeaa92ae68721ea7985498babd9f48181d97f091365d88bc7f4400b13b34e3939db34f63ec667aad660e1c200bc9b308ad028fdf50420a4a78bc40eccc687faddc9747beaf96d6ab9c8ce9c2d4a44f8960d4bed5bf532c1002a52f3b25b105e24df1dacd78e15f9d2ed6927cee937423cec7f943f540e47bbaa1a04394e09db359087bfe10ee5832b9487fc74c4e7f6ba0b489542a6c2b16e6cf0e78d8521b9ace958ef7c7a23589e392e859e2ff69403ee0fb8096637b9a1055b053c7579a67a4ee45646632

2026-09-12 19:42:45,338 INFO image_rx_daemon: frag_arrival: seq=99 idx=0 total=13 fw_us=184857703 len=247

2026-09-12 19:42:45,453 INFO image_rx_daemon: frag_arrival: seq=99 idx=1 total=13 fw_us=184974517 len=247

2026-09-12 19:42:45,572 INFO image_rx_daemon: frag_arrival: seq=99 idx=2 total=13 fw_us=185091526 len=247

2026-09-12 19:42:45,688 INFO image_rx_daemon: frag_arrival: seq=99 idx=3 total=13 fw_us=185208589 len=247

2026-09-12 19:42:45,808 INFO image_rx_daemon: frag_arrival: seq=99 idx=4 total=13 fw_us=185325809 len=247

2026-09-12 19:42:45,921 INFO image_rx_daemon: frag_arrival: seq=99 idx=5 total=13 fw_us=185442617 len=247

2026-09-12 19:42:45,921 INFO image_rx_daemon: stats: rx_frames=438 rx_decode_err=0 frames_published=22 publish_err=0 reassembler_decode_err=0 reassembler_timeouts=12 parity_recon=0 idle_drain_deferred=4

2026-09-12 19:42:45,923 INFO image_rx_daemon: air_gap: n=81 dt_med=117034us dt_p95=234264us len_med=247B cmd_tx_ok=15 cmd_tx_fail=0

2026-09-12 19:42:45,924 INFO image_rx_daemon: air_gap_hist(ms): <20:1 <40:2 <80:1 <120:68 <200:4 <400:5

2026-09-12 19:42:45,925 INFO image_rx_daemon: rx_rf: n_rssi=80 n_snr=80 rssi[min/med/max]=-70/-69/-69 snr[min/med/max]=5.0/6.0/6.0

2026-09-12 19:42:45,926 INFO image_rx_daemon: phase_telemetry: valid=81 invalid=0 pre_f8=0 last_epoch=0 last_hop=0 slot_off=[0..0]

2026-09-12 19:42:45,926 INFO image_rx_daemon: air_gap_by_class: seq: n=72 med=117.0ms | boundary: n=7 med=191.9ms | post_loss: n=2 med=234.9ms

2026-09-12 19:42:45,927 INFO image_rx_daemon: lost_frag_idx: n=5 idx0=0 (0.00% of idx0 arrivals) other=5 (6.33%) verdict=not-clustered | top 11:2 12:1 1:1 7:1

2026-09-12 19:42:46,036 INFO image_rx_daemon: frag_arrival: seq=99 idx=6 total=13 fw_us=185559621 len=247

2026-09-12 19:42:46,164 INFO image_rx_daemon: frag_arrival: seq=99 idx=7 total=13 fw_us=185676670 len=247

2026-09-12 19:42:46,290 INFO image_rx_daemon: frag_arrival: seq=99 idx=8 total=13 fw_us=185793677 len=247

2026-09-12 19:42:46,397 INFO image_rx_daemon: frag_arrival: seq=99 idx=9 total=13 fw_us=185910616 len=247

2026-09-12 19:42:46,516 INFO image_rx_daemon: frag_arrival: seq=99 idx=10 total=13 fw_us=186027777 len=247

2026-09-12 19:42:46,636 INFO image_rx_daemon: frag_arrival: seq=99 idx=11 total=13 fw_us=186144752 len=247

2026-09-12 19:42:46,665 INFO image_rx_daemon: frag_arrival: seq=99 idx=12 total=13 fw_us=186186503 len=71

2026-09-12 19:42:46,669 INFO image_rx_daemon: published frame_id=0 seq=99 2983 B → lifetrac/v25/video/tile_delta

RFCO_PERTX during TX wait: profile_id=2 tx_status=0x00(OK) hop_idx=0 channel_idx=0 epoch=0 freq_hz=0 pkt_toa_us=15424 legal_dwell_used_us_10s=0

2026-09-12 19:42:46,696 INFO image_rx_daemon: command TX opcode=0x6c copy=1/1 OK (on air)

2026-09-12 19:42:46,930 INFO image_rx_daemon: frag_arrival: seq=102 idx=0 total=12 fw_us=186448697 len=247

2026-09-12 19:42:47,048 INFO image_rx_daemon: frag_arrival: seq=102 idx=1 total=12 fw_us=186565388 len=247

2026-09-12 19:42:47,165 INFO image_rx_daemon: frag_arrival: seq=102 idx=2 total=12 fw_us=186682503 len=247

2026-09-12 19:42:47,281 INFO image_rx_daemon: frag_arrival: seq=102 idx=3 total=12 fw_us=186799559 len=247

2026-09-12 19:42:47,400 INFO image_rx_daemon: frag_arrival: seq=102 idx=4 total=12 fw_us=186916434 len=247

2026-09-12 19:42:47,520 INFO image_rx_daemon: frag_arrival: seq=102 idx=5 total=12 fw_us=187033532 len=247

2026-09-12 19:42:47,644 INFO image_rx_daemon: frag_arrival: seq=102 idx=6 total=12 fw_us=187150525 len=247

2026-09-12 19:42:47,753 INFO image_rx_daemon: frag_arrival: seq=102 idx=7 total=12 fw_us=187267555 len=247

2026-09-12 19:42:47,876 INFO image_rx_daemon: frag_arrival: seq=102 idx=8 total=12 fw_us=187384835 len=247

2026-09-12 19:42:47,986 INFO image_rx_daemon: frag_arrival: seq=102 idx=9 total=12 fw_us=187501491 len=247

2026-09-12 19:42:48,104 INFO image_rx_daemon: frag_arrival: seq=102 idx=10 total=12 fw_us=187618591 len=247

2026-09-12 19:42:48,201 WARNING image_rx_daemon: crc_dump: irq=0x70 rx_len=255 snr=2.0 rssi=-65 dump=01020000000000d51eee9e4ff42036e485ea0334685428d0c2a901373a73af647dfd83d01b17d999d7ebe58f2414c071cb513740d92e53a592896c397546779d2f292698a6c0ea8cc74ee7ed0e5044a5b272c5ffa1dc0d0906599b575e80af1e65d3756968a92277396923dc4501395658fca4b8bab6e2a727bcd6260a32e7f8e7977bf25c1c1513dd153b57d335f6ef66e0538f5870f0c38cf8b637f6ad2ad4e23420e43f96ca1c3abfea680ca284068b363daeafac587cb12e49f60dd21eff73a3dced29d266c4c389711f964a3444421454add1d4101279be763b32bd079742ac3b11c3860109ca4191adf71ba7db708788f5e37e57c215d98b

2026-09-12 19:42:48,399 INFO image_rx_daemon: frag_arrival: seq=105 idx=0 total=13 fw_us=187922247 len=247

2026-09-12 19:42:48,524 INFO image_rx_daemon: frag_arrival: seq=105 idx=1 total=13 fw_us=188038977 len=247

2026-09-12 19:42:48,641 INFO image_rx_daemon: frag_arrival: seq=105 idx=2 total=13 fw_us=188156086 len=247

2026-09-12 19:42:48,756 INFO image_rx_daemon: frag_arrival: seq=105 idx=3 total=13 fw_us=188273077 len=247

2026-09-12 19:42:48,876 INFO image_rx_daemon: frag_arrival: seq=105 idx=4 total=13 fw_us=188390315 len=247

2026-09-12 19:42:48,983 INFO image_rx_daemon: frag_arrival: seq=105 idx=5 total=13 fw_us=188507337 len=247

2026-09-12 19:42:49,115 INFO image_rx_daemon: frag_arrival: seq=105 idx=6 total=13 fw_us=188624450 len=247

2026-09-12 19:42:49,224 INFO image_rx_daemon: frag_arrival: seq=105 idx=7 total=13 fw_us=188741481 len=247

2026-09-12 19:42:49,344 INFO image_rx_daemon: frag_arrival: seq=105 idx=8 total=13 fw_us=188858666 len=247

2026-09-12 19:42:49,466 INFO image_rx_daemon: frag_arrival: seq=105 idx=9 total=13 fw_us=188975450 len=247

2026-09-12 19:42:49,576 INFO image_rx_daemon: frag_arrival: seq=105 idx=10 total=13 fw_us=189092473 len=247

2026-09-12 19:42:49,696 INFO image_rx_daemon: frag_arrival: seq=105 idx=11 total=13 fw_us=189209635 len=247

2026-09-12 19:42:49,697 INFO image_rx_daemon: frag_arrival: seq=105 idx=12 total=13 fw_us=189234029 len=22

2026-09-12 19:42:49,699 INFO image_rx_daemon: published frame_id=0 seq=105 2934 B → lifetrac/v25/video/tile_delta

RFCO_PERTX during TX wait: profile_id=2 tx_status=0x00(OK) hop_idx=0 channel_idx=0 epoch=0 freq_hz=0 pkt_toa_us=15424 legal_dwell_used_us_10s=0

2026-09-12 19:42:49,731 INFO image_rx_daemon: command TX opcode=0x6c copy=1/1 OK (on air)

2026-09-12 19:42:49,882 INFO image_rx_daemon: frag_arrival: seq=108 idx=0 total=13 fw_us=189396715 len=247

2026-09-12 19:42:50,008 INFO image_rx_daemon: frag_arrival: seq=108 idx=1 total=13 fw_us=189513656 len=247

2026-09-12 19:42:50,116 INFO image_rx_daemon: frag_arrival: seq=108 idx=2 total=13 fw_us=189630694 len=247

2026-09-12 19:42:50,226 INFO image_rx_daemon: frag_arrival: seq=108 idx=3 total=13 fw_us=189747705 len=247

2026-09-12 19:42:50,353 INFO image_rx_daemon: frag_arrival: seq=108 idx=4 total=13 fw_us=189864867 len=247

2026-09-12 19:42:50,472 INFO image_rx_daemon: frag_arrival: seq=108 idx=5 total=13 fw_us=189981672 len=247

2026-09-12 19:42:50,589 INFO image_rx_daemon: frag_arrival: seq=108 idx=6 total=13 fw_us=190098749 len=247

2026-09-12 19:42:50,697 INFO image_rx_daemon: frag_arrival: seq=108 idx=7 total=13 fw_us=190215942 len=247

2026-09-12 19:42:50,807 INFO image_rx_daemon: frag_arrival: seq=108 idx=8 total=13 fw_us=190332783 len=247

2026-09-12 19:42:50,937 INFO image_rx_daemon: frag_arrival: seq=108 idx=9 total=13 fw_us=190449718 len=247

2026-09-12 19:42:51,057 INFO image_rx_daemon: frag_arrival: seq=108 idx=10 total=13 fw_us=190566766 len=247

2026-09-12 19:42:51,163 INFO image_rx_daemon: frag_arrival: seq=108 idx=11 total=13 fw_us=190683769 len=247

2026-09-12 19:42:51,185 INFO image_rx_daemon: frag_arrival: seq=108 idx=12 total=13 fw_us=190713761 len=41

2026-09-12 19:42:51,187 INFO image_rx_daemon: published frame_id=0 seq=108 2953 B → lifetrac/v25/video/tile_delta

2026-09-12 19:42:51,377 INFO image_rx_daemon: frag_arrival: seq=111 idx=0 total=13 fw_us=190891310 len=247

2026-09-12 19:42:51,498 INFO image_rx_daemon: frag_arrival: seq=111 idx=1 total=13 fw_us=191007981 len=247

2026-09-12 19:42:51,605 INFO image_rx_daemon: frag_arrival: seq=111 idx=2 total=13 fw_us=191125158 len=247

2026-09-12 19:42:51,728 INFO image_rx_daemon: frag_arrival: seq=111 idx=3 total=13 fw_us=191242375 len=247

2026-09-12 19:42:51,845 INFO image_rx_daemon: frag_arrival: seq=111 idx=4 total=13 fw_us=191359204 len=247

2026-09-12 19:42:51,960 INFO image_rx_daemon: frag_arrival: seq=111 idx=5 total=13 fw_us=191476229 len=247

2026-09-12 19:42:52,080 INFO image_rx_daemon: frag_arrival: seq=111 idx=6 total=13 fw_us=191593264 len=247

2026-09-12 19:42:52,200 INFO image_rx_daemon: frag_arrival: seq=111 idx=7 total=13 fw_us=191710312 len=247

2026-09-12 19:42:52,309 INFO image_rx_daemon: frag_arrival: seq=111 idx=8 total=13 fw_us=191827367 len=247

2026-09-12 19:42:52,430 INFO image_rx_daemon: frag_arrival: seq=111 idx=9 total=13 fw_us=191944300 len=247

2026-09-12 19:42:52,552 INFO image_rx_daemon: frag_arrival: seq=111 idx=10 total=13 fw_us=192061387 len=247

2026-09-12 19:42:52,660 INFO image_rx_daemon: frag_arrival: seq=111 idx=11 total=13 fw_us=192178427 len=247

2026-09-12 19:42:52,673 INFO image_rx_daemon: frag_arrival: seq=111 idx=12 total=13 fw_us=192207107 len=37

2026-09-12 19:42:52,675 INFO image_rx_daemon: published frame_id=0 seq=111 2949 B → lifetrac/v25/video/tile_delta

RFCO_PERTX during TX wait: profile_id=2 tx_status=0x00(OK) hop_idx=0 channel_idx=0 epoch=0 freq_hz=0 pkt_toa_us=15424 legal_dwell_used_us_10s=0

2026-09-12 19:42:52,700 INFO image_rx_daemon: command TX opcode=0x6c copy=1/1 OK (on air)

2026-09-12 19:42:52,852 INFO image_rx_daemon: frag_arrival: seq=114 idx=0 total=13 fw_us=192365217 len=247

2026-09-12 19:42:52,972 INFO image_rx_daemon: frag_arrival: seq=114 idx=1 total=13 fw_us=192482026 len=247

2026-09-12 19:42:53,070 INFO image_rx_daemon: frag_arrival: seq=114 idx=2 total=13 fw_us=192599172 len=247

2026-09-12 19:42:53,197 INFO image_rx_daemon: frag_arrival: seq=114 idx=3 total=13 fw_us=192716207 len=247

2026-09-12 19:42:53,316 INFO image_rx_daemon: frag_arrival: seq=114 idx=4 total=13 fw_us=192833233 len=247

2026-09-12 19:42:53,428 INFO image_rx_daemon: frag_arrival: seq=114 idx=5 total=13 fw_us=192950428 len=247

2026-09-12 19:42:53,564 INFO image_rx_daemon: frag_arrival: seq=114 idx=6 total=13 fw_us=193067303 len=247

2026-09-12 19:42:53,676 INFO image_rx_daemon: frag_arrival: seq=114 idx=7 total=13 fw_us=193184317 len=247

2026-09-12 19:42:53,788 INFO image_rx_daemon: frag_arrival: seq=114 idx=8 total=13 fw_us=193301386 len=247

2026-09-12 19:42:53,908 INFO image_rx_daemon: frag_arrival: seq=114 idx=9 total=13 fw_us=193418346 len=247

2026-09-12 19:42:54,006 INFO image_rx_daemon: frag_arrival: seq=114 idx=10 total=13 fw_us=193535417 len=247

2026-09-12 19:42:54,136 INFO image_rx_daemon: frag_arrival: seq=114 idx=11 total=13 fw_us=193652495 len=247

2026-09-12 19:42:54,149 INFO image_rx_daemon: frag_arrival: seq=114 idx=12 total=13 fw_us=193682490 len=41

2026-09-12 19:42:54,152 INFO image_rx_daemon: published frame_id=0 seq=114 2953 B → lifetrac/v25/video/tile_delta

2026-09-12 19:42:54,343 INFO image_rx_daemon: frag_arrival: seq=117 idx=0 total=13 fw_us=193862987 len=247

2026-09-12 19:42:54,454 INFO image_rx_daemon: frag_arrival: seq=117 idx=1 total=13 fw_us=193980112 len=247

2026-09-12 19:42:54,588 INFO image_rx_daemon: frag_arrival: seq=117 idx=2 total=13 fw_us=194096927 len=247

2026-09-12 19:42:54,696 INFO image_rx_daemon: frag_arrival: seq=117 idx=3 total=13 fw_us=194213993 len=247

2026-09-12 19:42:54,816 INFO image_rx_daemon: frag_arrival: seq=117 idx=4 total=13 fw_us=194331029 len=247

2026-09-12 19:42:54,939 INFO image_rx_daemon: frag_arrival: seq=117 idx=5 total=13 fw_us=194448088 len=247

2026-09-12 19:42:55,043 INFO image_rx_daemon: frag_arrival: seq=117 idx=6 total=13 fw_us=194565122 len=247

2026-09-12 19:42:55,172 INFO image_rx_daemon: frag_arrival: seq=117 idx=7 total=13 fw_us=194682214 len=247

2026-09-12 19:42:55,289 INFO image_rx_daemon: frag_arrival: seq=117 idx=8 total=13 fw_us=194799238 len=247

2026-09-12 19:42:55,397 INFO image_rx_daemon: frag_arrival: seq=117 idx=9 total=13 fw_us=194916216 len=247

2026-09-12 19:42:55,526 INFO image_rx_daemon: frag_arrival: seq=117 idx=10 total=13 fw_us=195033494 len=247

2026-09-12 19:42:55,636 INFO image_rx_daemon: frag_arrival: seq=117 idx=11 total=13 fw_us=195150521 len=247

2026-09-12 19:42:55,676 INFO image_rx_daemon: frag_arrival: seq=117 idx=12 total=13 fw_us=195194914 len=79

2026-09-12 19:42:55,680 INFO image_rx_daemon: published frame_id=0 seq=117 2991 B → lifetrac/v25/video/tile_delta

RFCO_PERTX during TX wait: profile_id=2 tx_status=0x00(OK) hop_idx=0 channel_idx=0 epoch=0 freq_hz=0 pkt_toa_us=15424 legal_dwell_used_us_10s=0

2026-09-12 19:42:55,707 INFO image_rx_daemon: command TX opcode=0x6c copy=1/1 OK (on air)

2026-09-12 19:42:55,939 INFO image_rx_daemon: frag_arrival: seq=123 idx=0 total=13 fw_us=195454193 len=247

2026-09-12 19:42:55,939 INFO image_rx_daemon: stats: rx_frames=523 rx_decode_err=0 frames_published=28 publish_err=0 reassembler_decode_err=0 reassembler_timeouts=14 parity_recon=0 idle_drain_deferred=4

2026-09-12 19:42:55,940 INFO image_rx_daemon: air_gap: n=84 dt_med=117035us dt_p95=177549us len_med=247B cmd_tx_ok=19 cmd_tx_fail=0

2026-09-12 19:42:55,941 INFO image_rx_daemon: air_gap_hist(ms): <40:4 <80:2 <120:71 <200:4 <400:3

2026-09-12 19:42:55,941 INFO image_rx_daemon: rx_rf: n_rssi=85 n_snr=85 rssi[min/med/max]=-70/-69/-69 snr[min/med/max]=5.0/6.0/7.0

2026-09-12 19:42:55,942 INFO image_rx_daemon: phase_telemetry: valid=84 invalid=0 pre_f8=0 last_epoch=0 last_hop=0 slot_off=[0..0]

2026-09-12 19:42:55,943 INFO image_rx_daemon: air_gap_by_class: seq: n=77 med=117.0ms | boundary: n=7 med=180.5ms

2026-09-12 19:42:55,943 INFO image_rx_daemon: lost_frag_idx: n=1 idx0=0 (0.00% of idx0 arrivals) other=1 (1.28%) verdict=not-clustered | top 11:1

2026-09-12 19:42:56,060 INFO image_rx_daemon: frag_arrival: seq=123 idx=1 total=13 fw_us=195570996 len=247

2026-09-12 19:42:56,177 INFO image_rx_daemon: frag_arrival: seq=123 idx=2 total=13 fw_us=195688154 len=247

2026-09-12 19:42:56,296 INFO image_rx_daemon: frag_arrival: seq=123 idx=3 total=13 fw_us=195805136 len=247

2026-09-12 19:42:56,408 INFO image_rx_daemon: frag_arrival: seq=123 idx=4 total=13 fw_us=195922092 len=247

2026-09-12 19:42:56,532 INFO image_rx_daemon: frag_arrival: seq=123 idx=5 total=13 fw_us=196039125 len=247

2026-09-12 19:42:56,640 INFO image_rx_daemon: frag_arrival: seq=123 idx=6 total=13 fw_us=196156331 len=247

2026-09-12 19:42:56,760 INFO image_rx_daemon: frag_arrival: seq=123 idx=7 total=13 fw_us=196273408 len=247

2026-09-12 19:42:56,880 INFO image_rx_daemon: frag_arrival: seq=123 idx=8 total=13 fw_us=196390346 len=247

2026-09-12 19:42:56,990 INFO image_rx_daemon: frag_arrival: seq=123 idx=9 total=13 fw_us=196507205 len=247

2026-09-12 19:42:57,112 INFO image_rx_daemon: frag_arrival: seq=123 idx=10 total=13 fw_us=196624283 len=247

2026-09-12 19:42:57,232 INFO image_rx_daemon: frag_arrival: seq=123 idx=11 total=13 fw_us=196741340 len=247

2026-09-12 19:42:57,262 INFO image_rx_daemon: frag_arrival: seq=123 idx=12 total=13 fw_us=196785764 len=81

2026-09-12 19:42:57,265 INFO image_rx_daemon: published frame_id=0 seq=123 2993 B → lifetrac/v25/video/tile_delta

2026-09-12 19:42:57,536 INFO image_rx_daemon: frag_arrival: seq=124 idx=0 total=12 fw_us=197045130 len=247

2026-09-12 19:42:57,640 INFO image_rx_daemon: frag_arrival: seq=124 idx=1 total=12 fw_us=197161932 len=247

2026-09-12 19:42:57,772 INFO image_rx_daemon: frag_arrival: seq=124 idx=2 total=12 fw_us=197279264 len=247

2026-09-12 19:42:57,881 INFO image_rx_daemon: frag_arrival: seq=124 idx=3 total=12 fw_us=197396198 len=247

2026-09-12 19:42:57,999 INFO image_rx_daemon: frag_arrival: seq=124 idx=4 total=12 fw_us=197513277 len=247

2026-09-12 19:42:58,117 INFO image_rx_daemon: frag_arrival: seq=124 idx=5 total=12 fw_us=197630177 len=247

2026-09-12 19:42:58,240 INFO image_rx_daemon: frag_arrival: seq=124 idx=6 total=12 fw_us=197747202 len=247

2026-09-12 19:42:58,348 INFO image_rx_daemon: frag_arrival: seq=124 idx=7 total=12 fw_us=197864268 len=247

2026-09-12 19:42:58,465 INFO image_rx_daemon: frag_arrival: seq=124 idx=8 total=12 fw_us=197981212 len=247

2026-09-12 19:42:58,586 INFO image_rx_daemon: frag_arrival: seq=124 idx=9 total=12 fw_us=198098338 len=247

2026-09-12 19:42:58,704 INFO image_rx_daemon: frag_arrival: seq=124 idx=10 total=12 fw_us=198215304 len=247

2026-09-12 19:42:58,800 WARNING image_rx_daemon: crc_dump: irq=0x70 rx_len=255 snr=0.0 rssi=-65 dump=010200000000002a1a9c40711221eddb9d68f7da850fdbbf3fda1cde44b4cee3e87f6dcdf344dbbf81e6d9da8a9338ec650d32d444002457166953665b8312b77cadae2e2bce5a0266ffecabc80a299280f827c6b62528049ddbfe60bcf7131235d0d43c5a390df2e02c9e849f912020a96d91cb8e8d645fa3f68433082b56152c0aac5f76b24820e2de092029aa8481da8dc770b5204e6e8531cdb377c1581e602fdcbc44debedb008a63fa7ede7be6195c404d61471a1650adbc20c253aff503923156a6ededcadbdf2bb4ab0522d99e5a3df03ae883d4512d4047192e761593bacead5a2995c1af0b32d89e1bae89fdd31bdcf785143e3fb6d3

2026-09-12 19:42:59,009 INFO image_rx_daemon: frag_arrival: seq=126 idx=0 total=12 fw_us=198519396 len=247

2026-09-12 19:42:59,118 INFO image_rx_daemon: frag_arrival: seq=126 idx=1 total=12 fw_us=198636075 len=247

2026-09-12 19:42:59,232 INFO image_rx_daemon: frag_arrival: seq=126 idx=2 total=12 fw_us=198753278 len=247

2026-09-12 19:42:59,356 INFO image_rx_daemon: frag_arrival: seq=126 idx=3 total=12 fw_us=198870280 len=247

2026-09-12 19:42:59,476 INFO image_rx_daemon: frag_arrival: seq=126 idx=4 total=12 fw_us=198987214 len=247

2026-09-12 19:42:59,587 INFO image_rx_daemon: frag_arrival: seq=126 idx=5 total=12 fw_us=199104325 len=247

2026-09-12 19:42:59,706 INFO image_rx_daemon: frag_arrival: seq=126 idx=6 total=12 fw_us=199221450 len=247

2026-09-12 19:42:59,817 INFO image_rx_daemon: frag_arrival: seq=126 idx=7 total=12 fw_us=199338508 len=247

2026-09-12 19:42:59,947 INFO image_rx_daemon: frag_arrival: seq=126 idx=8 total=12 fw_us=199455637 len=247

2026-09-12 19:43:00,058 INFO image_rx_daemon: frag_arrival: seq=126 idx=9 total=12 fw_us=199572488 len=247

2026-09-12 19:43:00,176 INFO image_rx_daemon: frag_arrival: seq=126 idx=10 total=12 fw_us=199689543 len=247

2026-09-12 19:43:00,296 INFO image_rx_daemon: frag_arrival: seq=126 idx=11 total=12 fw_us=199806528 len=246

2026-09-12 19:43:00,298 INFO image_rx_daemon: published frame_id=0 seq=126 2915 B → lifetrac/v25/video/tile_delta

RFCO_PERTX during TX wait: profile_id=2 tx_status=0x00(OK) hop_idx=0 channel_idx=0 epoch=0 freq_hz=0 pkt_toa_us=15424 legal_dwell_used_us_10s=0

2026-09-12 19:43:00,324 INFO image_rx_daemon: command TX opcode=0x6c copy=1/1 OK (on air)

2026-09-12 19:43:00,476 INFO image_rx_daemon: frag_arrival: seq=129 idx=0 total=13 fw_us=199993142 len=247

2026-09-12 19:43:00,594 INFO image_rx_daemon: frag_arrival: seq=129 idx=1 total=13 fw_us=200110033 len=247

2026-09-12 19:43:00,713 INFO image_rx_daemon: frag_arrival: seq=129 idx=2 total=13 fw_us=200227033 len=247

2026-09-12 19:43:00,835 INFO image_rx_daemon: frag_arrival: seq=129 idx=3 total=13 fw_us=200344082 len=247

2026-09-12 19:43:00,948 INFO image_rx_daemon: frag_arrival: seq=129 idx=4 total=13 fw_us=200460990 len=247

2026-09-12 19:43:01,065 INFO image_rx_daemon: frag_arrival: seq=129 idx=5 total=13 fw_us=200578309 len=247

2026-09-12 19:43:01,184 INFO image_rx_daemon: frag_arrival: seq=129 idx=6 total=13 fw_us=200695087 len=247

2026-09-12 19:43:01,304 INFO image_rx_daemon: frag_arrival: seq=129 idx=7 total=13 fw_us=200812142 len=247

2026-09-12 19:43:01,416 INFO image_rx_daemon: frag_arrival: seq=129 idx=8 total=13 fw_us=200929076 len=247

2026-09-12 19:43:01,534 INFO image_rx_daemon: frag_arrival: seq=129 idx=9 total=13 fw_us=201046138 len=247

2026-09-12 19:43:01,652 INFO image_rx_daemon: frag_arrival: seq=129 idx=10 total=13 fw_us=201163182 len=247

2026-09-12 19:43:01,772 INFO image_rx_daemon: frag_arrival: seq=129 idx=11 total=13 fw_us=201280162 len=247

2026-09-12 19:43:01,801 INFO image_rx_daemon: frag_arrival: seq=129 idx=12 total=13 fw_us=201321936 len=73

2026-09-12 19:43:01,805 INFO image_rx_daemon: published frame_id=0 seq=129 2985 B → lifetrac/v25/video/tile_delta

RFCO_PERTX during TX wait: profile_id=2 tx_status=0x00(OK) hop_idx=0 channel_idx=0 epoch=0 freq_hz=0 pkt_toa_us=15424 legal_dwell_used_us_10s=0

2026-09-12 19:43:01,832 INFO image_rx_daemon: command TX opcode=0x6c copy=1/1 OK (on air)

2026-09-12 19:43:02,072 INFO image_rx_daemon: frag_arrival: seq=135 idx=0 total=13 fw_us=201584233 len=247

2026-09-12 19:43:02,192 INFO image_rx_daemon: frag_arrival: seq=135 idx=1 total=13 fw_us=201700930 len=247

2026-09-12 19:43:02,304 INFO image_rx_daemon: frag_arrival: seq=135 idx=2 total=13 fw_us=201817984 len=247

2026-09-12 19:43:02,428 INFO image_rx_daemon: frag_arrival: seq=135 idx=3 total=13 fw_us=201934942 len=247

2026-09-12 19:43:02,541 INFO image_rx_daemon: frag_arrival: seq=135 idx=4 total=13 fw_us=202052002 len=247

2026-09-12 19:43:02,664 INFO image_rx_daemon: frag_arrival: seq=135 idx=5 total=13 fw_us=202170030 len=247

2026-09-12 19:43:02,779 INFO image_rx_daemon: frag_arrival: seq=135 idx=6 total=13 fw_us=202286086 len=247

2026-09-12 19:43:02,884 INFO image_rx_daemon: frag_arrival: seq=135 idx=7 total=13 fw_us=202404030 len=247

2026-09-12 19:43:03,011 INFO image_rx_daemon: frag_arrival: seq=135 idx=8 total=13 fw_us=202520315 len=247

2026-09-12 19:43:03,126 INFO image_rx_daemon: frag_arrival: seq=135 idx=9 total=13 fw_us=202637134 len=247

2026-09-12 19:43:03,245 INFO image_rx_daemon: frag_arrival: seq=135 idx=10 total=13 fw_us=202754301 len=247

2026-09-12 19:43:03,364 INFO image_rx_daemon: frag_arrival: seq=135 idx=11 total=13 fw_us=202871310 len=247

2026-09-12 19:43:03,379 INFO image_rx_daemon: frag_arrival: seq=135 idx=12 total=13 fw_us=202909195 len=63

2026-09-12 19:43:03,382 INFO image_rx_daemon: published frame_id=0 seq=135 2975 B → lifetrac/v25/video/tile_delta

2026-09-12 19:43:03,656 INFO image_rx_daemon: frag_arrival: seq=136 idx=0 total=13 fw_us=203176495 len=247

2026-09-12 19:43:03,776 INFO image_rx_daemon: frag_arrival: seq=136 idx=1 total=13 fw_us=203293030 len=247

2026-09-12 19:43:03,896 INFO image_rx_daemon: frag_arrival: seq=136 idx=2 total=13 fw_us=203409097 len=247

2026-09-12 19:43:04,005 INFO image_rx_daemon: frag_arrival: seq=136 idx=3 total=13 fw_us=203526108 len=247

2026-09-12 19:43:04,133 INFO image_rx_daemon: frag_arrival: seq=136 idx=4 total=13 fw_us=203643349 len=247

2026-09-12 19:43:04,256 INFO image_rx_daemon: frag_arrival: seq=136 idx=5 total=13 fw_us=203760205 len=247

2026-09-12 19:43:04,363 INFO image_rx_daemon: frag_arrival: seq=136 idx=6 total=13 fw_us=203877328 len=247

2026-09-12 19:43:04,484 INFO image_rx_daemon: frag_arrival: seq=136 idx=7 total=13 fw_us=203994286 len=247

2026-09-12 19:43:04,604 INFO image_rx_daemon: frag_arrival: seq=136 idx=8 total=13 fw_us=204111568 len=247

2026-09-12 19:43:04,712 INFO image_rx_daemon: frag_arrival: seq=136 idx=9 total=13 fw_us=204228502 len=247

2026-09-12 19:43:04,835 INFO image_rx_daemon: frag_arrival: seq=136 idx=10 total=13 fw_us=204345618 len=247

2026-09-12 19:43:04,952 INFO image_rx_daemon: frag_arrival: seq=136 idx=11 total=13 fw_us=204462735 len=247

2026-09-12 19:43:04,981 INFO image_rx_daemon: frag_arrival: seq=136 idx=12 total=13 fw_us=204504553 len=74

2026-09-12 19:43:04,985 INFO image_rx_daemon: published frame_id=0 seq=136 2986 B → lifetrac/v25/video/tile_delta

RFCO_PERTX during TX wait: profile_id=2 tx_status=0x00(OK) hop_idx=0 channel_idx=0 epoch=0 freq_hz=0 pkt_toa_us=15424 legal_dwell_used_us_10s=0

2026-09-12 19:43:05,007 INFO image_rx_daemon: command TX opcode=0x6c copy=1/1 OK (on air)

2026-09-12 19:43:05,256 INFO image_rx_daemon: frag_arrival: seq=138 idx=0 total=13 fw_us=204766810 len=247

2026-09-12 19:43:05,373 INFO image_rx_daemon: frag_arrival: seq=138 idx=1 total=13 fw_us=204883582 len=247

2026-09-12 19:43:05,484 INFO image_rx_daemon: frag_arrival: seq=138 idx=2 total=13 fw_us=205000606 len=247

2026-09-12 19:43:05,596 INFO image_rx_daemon: frag_arrival: seq=138 idx=3 total=13 fw_us=205117862 len=247

2026-09-12 19:43:05,725 INFO image_rx_daemon: frag_arrival: seq=138 idx=4 total=13 fw_us=205234797 len=247

2026-09-12 19:43:05,848 INFO image_rx_daemon: frag_arrival: seq=138 idx=5 total=13 fw_us=205351919 len=247

2026-09-12 19:43:05,955 INFO image_rx_daemon: frag_arrival: seq=138 idx=6 total=13 fw_us=205469205 len=247

2026-09-12 19:43:05,955 INFO image_rx_daemon: stats: rx_frames=603 rx_decode_err=0 frames_published=33 publish_err=0 reassembler_decode_err=0 reassembler_timeouts=15 parity_recon=0 idle_drain_deferred=6

2026-09-12 19:43:05,956 INFO image_rx_daemon: air_gap: n=81 dt_med=117025us dt_p95=259366us len_med=247B cmd_tx_ok=22 cmd_tx_fail=0

2026-09-12 19:43:05,956 INFO image_rx_daemon: air_gap_hist(ms): <40:1 <80:3 <120:71 <200:1 <400:5

2026-09-12 19:43:05,957 INFO image_rx_daemon: rx_rf: n_rssi=81 n_snr=81 rssi[min/med/max]=-70/-69/-68 snr[min/med/max]=5.0/6.0/7.0

2026-09-12 19:43:05,958 INFO image_rx_daemon: phase_telemetry: valid=81 invalid=0 pre_f8=0 last_epoch=0 last_hop=0 slot_off=[0..0]

2026-09-12 19:43:05,958 INFO image_rx_daemon: air_gap_by_class: seq: n=75 med=117.0ms | boundary: n=6 med=262.3ms

2026-09-12 19:43:05,959 INFO image_rx_daemon: lost_frag_idx: n=1 idx0=0 (0.00% of idx0 arrivals) other=1 (1.32%) verdict=not-clustered | top 11:1

2026-09-12 19:43:06,080 INFO image_rx_daemon: frag_arrival: seq=138 idx=7 total=13 fw_us=205586100 len=247

2026-09-12 19:43:06,186 INFO image_rx_daemon: frag_arrival: seq=138 idx=8 total=13 fw_us=205703240 len=247

2026-09-12 19:43:06,305 INFO image_rx_daemon: frag_arrival: seq=138 idx=9 total=13 fw_us=205820307 len=247

2026-09-12 19:43:06,424 INFO image_rx_daemon: frag_arrival: seq=138 idx=10 total=13 fw_us=205937250 len=247

2026-09-12 19:43:06,541 INFO image_rx_daemon: frag_arrival: seq=138 idx=11 total=13 fw_us=206054374 len=247

2026-09-12 19:43:06,571 INFO image_rx_daemon: frag_arrival: seq=138 idx=12 total=13 fw_us=206096163 len=73

2026-09-12 19:43:06,575 INFO image_rx_daemon: published frame_id=0 seq=138 2985 B → lifetrac/v25/video/tile_delta

2026-09-12 19:43:06,852 INFO image_rx_daemon: frag_arrival: seq=141 idx=0 total=13 fw_us=206358210 len=247

2026-09-12 19:43:06,961 INFO image_rx_daemon: frag_arrival: seq=141 idx=1 total=13 fw_us=206475352 len=247

2026-09-12 19:43:07,080 INFO image_rx_daemon: frag_arrival: seq=141 idx=2 total=13 fw_us=206592229 len=247

2026-09-12 19:43:07,204 INFO image_rx_daemon: frag_arrival: seq=141 idx=3 total=13 fw_us=206709300 len=247

2026-09-12 19:43:07,308 INFO image_rx_daemon: frag_arrival: seq=141 idx=4 total=13 fw_us=206826277 len=247

2026-09-12 19:43:07,428 INFO image_rx_daemon: frag_arrival: seq=141 idx=5 total=13 fw_us=206943291 len=247

2026-09-12 19:43:07,548 INFO image_rx_daemon: frag_arrival: seq=141 idx=6 total=13 fw_us=207060346 len=247

2026-09-12 19:43:07,670 INFO image_rx_daemon: frag_arrival: seq=141 idx=7 total=13 fw_us=207177383 len=247

2026-09-12 19:43:07,772 INFO image_rx_daemon: frag_arrival: seq=141 idx=8 total=13 fw_us=207294532 len=247

2026-09-12 19:43:07,901 INFO image_rx_daemon: frag_arrival: seq=141 idx=9 total=13 fw_us=207411299 len=247

2026-09-12 19:43:08,009 INFO image_rx_daemon: frag_arrival: seq=141 idx=10 total=13 fw_us=207528538 len=247

2026-09-12 19:43:08,125 INFO image_rx_daemon: frag_arrival: seq=141 idx=11 total=13 fw_us=207645348 len=247

2026-09-12 19:43:08,127 INFO image_rx_daemon: frag_arrival: seq=141 idx=12 total=13 fw_us=207662296 len=7

2026-09-12 19:43:08,129 INFO image_rx_daemon: published frame_id=0 seq=141 2919 B → lifetrac/v25/video/tile_delta

RFCO_PERTX during TX wait: profile_id=2 tx_status=0x00(OK) hop_idx=0 channel_idx=0 epoch=0 freq_hz=0 pkt_toa_us=15424 legal_dwell_used_us_10s=0

2026-09-12 19:43:08,160 INFO image_rx_daemon: command TX opcode=0x6c copy=1/1 OK (on air)

2026-09-12 19:43:08,311 INFO image_rx_daemon: frag_arrival: seq=144 idx=0 total=13 fw_us=207832209 len=247

2026-09-12 19:43:08,440 INFO image_rx_daemon: frag_arrival: seq=144 idx=1 total=13 fw_us=207949185 len=247

2026-09-12 19:43:08,548 INFO image_rx_daemon: frag_arrival: seq=144 idx=2 total=13 fw_us=208066273 len=247

2026-09-12 19:43:08,670 INFO image_rx_daemon: frag_arrival: seq=144 idx=3 total=13 fw_us=208183409 len=247

2026-09-12 19:43:08,788 INFO image_rx_daemon: frag_arrival: seq=144 idx=4 total=13 fw_us=208300605 len=247

2026-09-12 19:43:08,907 INFO image_rx_daemon: frag_arrival: seq=144 idx=5 total=13 fw_us=208417504 len=247

2026-09-12 19:43:09,014 INFO image_rx_daemon: frag_arrival: seq=144 idx=6 total=13 fw_us=208534736 len=247

2026-09-12 19:43:09,144 INFO image_rx_daemon: frag_arrival: seq=144 idx=7 total=13 fw_us=208651579 len=247

2026-09-12 19:43:09,256 INFO image_rx_daemon: frag_arrival: seq=144 idx=8 total=13 fw_us=208768616 len=247

2026-09-12 19:43:09,373 INFO image_rx_daemon: frag_arrival: seq=144 idx=9 total=13 fw_us=208887030 len=247

2026-09-12 19:43:09,492 INFO image_rx_daemon: frag_arrival: seq=144 idx=10 total=13 fw_us=209003216 len=247

2026-09-12 19:43:09,610 INFO image_rx_daemon: frag_arrival: seq=144 idx=11 total=13 fw_us=209120300 len=247

2026-09-12 19:43:09,636 INFO image_rx_daemon: frag_arrival: seq=144 idx=12 total=13 fw_us=209162100 len=73

2026-09-12 19:43:09,639 INFO image_rx_daemon: published frame_id=0 seq=144 2985 B → lifetrac/v25/video/tile_delta

2026-09-12 19:43:09,916 INFO image_rx_daemon: frag_arrival: seq=148 idx=0 total=13 fw_us=209423845 len=247

2026-09-12 19:43:10,015 INFO image_rx_daemon: frag_arrival: seq=148 idx=1 total=13 fw_us=209540572 len=247

2026-09-12 19:43:10,146 INFO image_rx_daemon: frag_arrival: seq=148 idx=2 total=13 fw_us=209657915 len=247

2026-09-12 19:43:10,237 WARNING image_rx_daemon: crc_dump: irq=0x70 rx_len=255 snr=0.0 rssi=-65 dump=9229c30abac920c301701a3f971ea089f87ff9911422198efb5f0758aa98adab5334cf9efa37eedefb5270e0f18bd03386686cd2f2d1f0d15866b4385bc8f07a1afd348220e76f2718d20847997f6dc16cd1378f80d7a42e4e38e9251e1f7cfefd5288503130ac179e7965aa9ed3b0313515b52c88b8e3ae06c8a2a3d1a9ce3b4d2d8d62a168893fe3c8cee843a9e58369b4d2adb22b756454a94453144677899411e17565c4210c6f8496636347dc0bddb17946a6bcb724584abe351ff85b1c79ddfa4ffe706b415bcb1075f42fc383c7712d4349bbd464bcc6500678bbfc95ec16bd043d11b37108481dbcf3a2ace5d44dc6e2e54a21300d66cc

2026-09-12 19:43:10,385 INFO image_rx_daemon: frag_arrival: seq=148 idx=4 total=13 fw_us=209891713 len=247

2026-09-12 19:43:10,490 INFO image_rx_daemon: frag_arrival: seq=148 idx=5 total=13 fw_us=210008892 len=247

2026-09-12 19:43:10,610 INFO image_rx_daemon: frag_arrival: seq=148 idx=6 total=13 fw_us=210125909 len=247

2026-09-12 19:43:10,728 INFO image_rx_daemon: frag_arrival: seq=148 idx=7 total=13 fw_us=210242928 len=247

2026-09-12 19:43:10,845 INFO image_rx_daemon: frag_arrival: seq=148 idx=8 total=13 fw_us=210359989 len=247

2026-09-12 19:43:10,964 INFO image_rx_daemon: frag_arrival: seq=148 idx=9 total=13 fw_us=210477017 len=247

2026-09-12 19:43:11,088 INFO image_rx_daemon: frag_arrival: seq=148 idx=10 total=13 fw_us=210595030 len=247

2026-09-12 19:43:11,196 INFO image_rx_daemon: frag_arrival: seq=148 idx=11 total=13 fw_us=210711251 len=247

2026-09-12 19:43:11,210 INFO image_rx_daemon: frag_arrival: seq=148 idx=12 total=13 fw_us=210743862 len=47

RFCO_PERTX during TX wait: profile_id=2 tx_status=0x00(OK) hop_idx=0 channel_idx=0 epoch=0 freq_hz=0 pkt_toa_us=15424 legal_dwell_used_us_10s=0

2026-09-12 19:43:11,242 INFO image_rx_daemon: command TX opcode=0x6c copy=1/1 OK (on air)

2026-09-12 19:43:11,385 INFO image_rx_daemon: frag_arrival: seq=151 idx=0 total=13 fw_us=210898733 len=247

2026-09-12 19:43:11,504 INFO image_rx_daemon: frag_arrival: seq=151 idx=1 total=13 fw_us=211015406 len=247

2026-09-12 19:43:11,628 INFO image_rx_daemon: frag_arrival: seq=151 idx=2 total=13 fw_us=211132651 len=247

2026-09-12 19:43:11,734 INFO image_rx_daemon: frag_arrival: seq=151 idx=3 total=13 fw_us=211249670 len=247

2026-09-12 19:43:11,859 INFO image_rx_daemon: frag_arrival: seq=151 idx=4 total=13 fw_us=211366624 len=247

2026-09-12 19:43:11,967 INFO image_rx_daemon: frag_arrival: seq=151 idx=5 total=13 fw_us=211483612 len=247

2026-09-12 19:43:12,092 INFO image_rx_daemon: frag_arrival: seq=151 idx=6 total=13 fw_us=211600682 len=247

2026-09-12 19:43:12,201 INFO image_rx_daemon: frag_arrival: seq=151 idx=7 total=13 fw_us=211717929 len=247

2026-09-12 19:43:12,320 INFO image_rx_daemon: frag_arrival: seq=151 idx=8 total=13 fw_us=211834767 len=247

2026-09-12 19:43:12,437 INFO image_rx_daemon: frag_arrival: seq=151 idx=9 total=13 fw_us=211951716 len=247

2026-09-12 19:43:12,560 INFO image_rx_daemon: frag_arrival: seq=151 idx=10 total=13 fw_us=212068745 len=247

2026-09-12 19:43:12,660 INFO image_rx_daemon: frag_arrival: seq=151 idx=11 total=13 fw_us=212185783 len=247

2026-09-12 19:43:12,693 INFO image_rx_daemon: frag_arrival: seq=151 idx=12 total=13 fw_us=212214500 len=39

2026-09-12 19:43:12,697 INFO image_rx_daemon: published frame_id=0 seq=151 2951 B → lifetrac/v25/video/tile_delta

2026-09-12 19:43:12,875 INFO image_rx_daemon: frag_arrival: seq=154 idx=0 total=13 fw_us=212393030 len=247

2026-09-12 19:43:12,993 INFO image_rx_daemon: frag_arrival: seq=154 idx=1 total=13 fw_us=212508787 len=247

2026-09-12 19:43:13,114 INFO image_rx_daemon: frag_arrival: seq=154 idx=2 total=13 fw_us=212625958 len=247

2026-09-12 19:43:13,238 INFO image_rx_daemon: frag_arrival: seq=154 idx=3 total=13 fw_us=212743192 len=247

2026-09-12 19:43:13,348 INFO image_rx_daemon: frag_arrival: seq=154 idx=4 total=13 fw_us=212860004 len=247

2026-09-12 19:43:13,465 INFO image_rx_daemon: frag_arrival: seq=154 idx=5 total=13 fw_us=212976999 len=247

2026-09-12 19:43:13,584 INFO image_rx_daemon: frag_arrival: seq=154 idx=6 total=13 fw_us=213094033 len=247

2026-09-12 19:43:13,690 INFO image_rx_daemon: frag_arrival: seq=154 idx=7 total=13 fw_us=213211138 len=247

2026-09-12 19:43:13,812 INFO image_rx_daemon: frag_arrival: seq=154 idx=8 total=13 fw_us=213328143 len=247

2026-09-12 19:43:13,929 INFO image_rx_daemon: frag_arrival: seq=154 idx=9 total=13 fw_us=213445186 len=247

2026-09-12 19:43:14,037 INFO image_rx_daemon: frag_arrival: seq=154 idx=10 total=13 fw_us=213562190 len=247

2026-09-12 19:43:14,165 INFO image_rx_daemon: frag_arrival: seq=154 idx=11 total=13 fw_us=213679157 len=247

2026-09-12 19:43:14,166 INFO image_rx_daemon: frag_arrival: seq=154 idx=12 total=13 fw_us=213697427 len=11

2026-09-12 19:43:14,167 INFO image_rx_daemon: published frame_id=0 seq=154 2923 B → lifetrac/v25/video/tile_delta

RFCO_PERTX during TX wait: profile_id=2 tx_status=0x00(OK) hop_idx=0 channel_idx=0 epoch=0 freq_hz=0 pkt_toa_us=15424 legal_dwell_used_us_10s=0

2026-09-12 19:43:14,197 INFO image_rx_daemon: command TX opcode=0x6c copy=1/1 OK (on air)

2026-09-12 19:43:14,345 INFO image_rx_daemon: frag_arrival: seq=157 idx=0 total=13 fw_us=213866167 len=247

2026-09-12 19:43:14,470 INFO image_rx_daemon: frag_arrival: seq=157 idx=1 total=13 fw_us=213982952 len=247

2026-09-12 19:43:14,585 INFO image_rx_daemon: frag_arrival: seq=157 idx=2 total=13 fw_us=214100014 len=247

2026-09-12 19:43:14,704 INFO image_rx_daemon: frag_arrival: seq=157 idx=3 total=13 fw_us=214217010 len=247

2026-09-12 19:43:14,828 INFO image_rx_daemon: frag_arrival: seq=157 idx=4 total=13 fw_us=214333991 len=247

2026-09-12 19:43:14,940 INFO image_rx_daemon: frag_arrival: seq=157 idx=5 total=13 fw_us=214451111 len=247

2026-09-12 19:43:15,050 INFO image_rx_daemon: frag_arrival: seq=157 idx=6 total=13 fw_us=214567908 len=247

2026-09-12 19:43:15,169 INFO image_rx_daemon: frag_arrival: seq=157 idx=7 total=13 fw_us=214684933 len=247

2026-09-12 19:43:15,288 INFO image_rx_daemon: frag_arrival: seq=157 idx=8 total=13 fw_us=214801917 len=247

2026-09-12 19:43:15,408 INFO image_rx_daemon: frag_arrival: seq=157 idx=9 total=13 fw_us=214918901 len=247

2026-09-12 19:43:15,522 INFO image_rx_daemon: frag_arrival: seq=157 idx=10 total=13 fw_us=215035949 len=247

2026-09-12 19:43:15,647 INFO image_rx_daemon: frag_arrival: seq=157 idx=11 total=13 fw_us=215152956 len=247

2026-09-12 19:43:15,677 INFO image_rx_daemon: frag_arrival: seq=157 idx=12 total=13 fw_us=215197357 len=80

2026-09-12 19:43:15,682 INFO image_rx_daemon: published frame_id=0 seq=157 2992 B → lifetrac/v25/video/tile_delta

2026-09-12 19:43:15,936 INFO image_rx_daemon: frag_arrival: seq=160 idx=0 total=12 fw_us=215457153 len=247

2026-09-12 19:43:15,968 INFO image_rx_daemon: stats: rx_frames=688 rx_decode_err=0 frames_published=39 publish_err=0 reassembler_decode_err=0 reassembler_timeouts=16 parity_recon=0 idle_drain_deferred=9

2026-09-12 19:43:15,969 INFO image_rx_daemon: air_gap: n=84 dt_med=117028us dt_p95=178530us len_med=247B cmd_tx_ok=25 cmd_tx_fail=0

2026-09-12 19:43:15,970 INFO image_rx_daemon: air_gap_hist(ms): <20:2 <40:2 <80:3 <120:69 <200:4 <400:4

2026-09-12 19:43:15,970 INFO image_rx_daemon: rx_rf: n_rssi=84 n_snr=84 rssi[min/med/max]=-70/-69/-64 snr[min/med/max]=0.0/6.0/6.0

2026-09-12 19:43:15,971 INFO image_rx_daemon: phase_telemetry: valid=84 invalid=0 pre_f8=0 last_epoch=0 last_hop=0 slot_off=[0..0]

2026-09-12 19:43:15,971 INFO image_rx_daemon: air_gap_by_class: seq: n=76 med=117.0ms | boundary: n=7 med=178.5ms | post_loss: n=1 med=233.8ms

2026-09-12 19:43:15,972 INFO image_rx_daemon: lost_frag_idx: n=1 idx0=0 (0.00% of idx0 arrivals) other=1 (1.28%) verdict=not-clustered | top 3:1

2026-09-12 19:43:16,060 INFO image_rx_daemon: frag_arrival: seq=160 idx=1 total=12 fw_us=215574020 len=247

2026-09-12 19:43:16,178 INFO image_rx_daemon: frag_arrival: seq=160 idx=2 total=12 fw_us=215691110 len=247

2026-09-12 19:43:16,297 INFO image_rx_daemon: frag_arrival: seq=160 idx=3 total=12 fw_us=215809030 len=247

2026-09-12 19:43:16,412 INFO image_rx_daemon: frag_arrival: seq=160 idx=4 total=12 fw_us=215925033 len=247

2026-09-12 19:43:16,536 INFO image_rx_daemon: frag_arrival: seq=160 idx=5 total=12 fw_us=216042033 len=247

2026-09-12 19:43:16,644 INFO image_rx_daemon: frag_arrival: seq=160 idx=6 total=12 fw_us=216160030 len=247

2026-09-12 19:43:16,763 INFO image_rx_daemon: frag_arrival: seq=160 idx=7 total=12 fw_us=216276096 len=247

2026-09-12 19:43:16,881 INFO image_rx_daemon: frag_arrival: seq=160 idx=8 total=12 fw_us=216393202 len=247

2026-09-12 19:43:17,006 INFO image_rx_daemon: frag_arrival: seq=160 idx=9 total=12 fw_us=216510151 len=247

2026-09-12 19:43:17,116 INFO image_rx_daemon: frag_arrival: seq=160 idx=10 total=12 fw_us=216627153 len=247

2026-09-12 19:43:17,228 WARNING image_rx_daemon: crc_dump: irq=0x70 rx_len=249 snr=5.8 rssi=-69 dump=0102000000000000fea00b0b5478c94352000071524946466a00000057454250565038205e0000003004009d012a200020003ec15aa74e342523b228080280180964009d328258000850054fcda345ad6c0000feefa7df9c7aa5d97fe9367fd13ff44f41fc19364993cf8c6bbc9f9b5f1c6925345b75fb64caa2449299ee81862fc792a8000071524946466a00000057454250565038205e0000009004009d012a200020003ec15ca74eb42523b32808028018096400b11ee3799fb34480010b31c227ac4c81ce2800fee7194d3f41f0add38eec611349ffcc334a37052ecbeed8deb2e2a3214be0095bdcd01eb236335ddb25c88588e88000

2026-09-12 19:43:17,420 INFO image_rx_daemon: frag_arrival: seq=163 idx=0 total=13 fw_us=216930981 len=247

2026-09-12 19:43:17,540 INFO image_rx_daemon: frag_arrival: seq=163 idx=1 total=13 fw_us=217047932 len=247

2026-09-12 19:43:17,648 INFO image_rx_daemon: frag_arrival: seq=163 idx=2 total=13 fw_us=217164928 len=247

2026-09-12 19:43:17,772 INFO image_rx_daemon: frag_arrival: seq=163 idx=3 total=13 fw_us=217281972 len=247

2026-09-12 19:43:18,013 INFO image_rx_daemon: frag_arrival: seq=163 idx=5 total=13 fw_us=217515996 len=247

2026-09-12 19:43:18,121 INFO image_rx_daemon: frag_arrival: seq=163 idx=6 total=13 fw_us=217633025 len=247

2026-09-12 19:43:18,240 INFO image_rx_daemon: frag_arrival: seq=163 idx=7 total=13 fw_us=217749991 len=247

2026-09-12 19:43:18,360 INFO image_rx_daemon: frag_arrival: seq=163 idx=8 total=13 fw_us=217867027 len=247

2026-09-12 19:43:18,468 INFO image_rx_daemon: frag_arrival: seq=163 idx=9 total=13 fw_us=217983966 len=247

2026-09-12 19:43:18,584 INFO image_rx_daemon: frag_arrival: seq=163 idx=10 total=13 fw_us=218101017 len=247

2026-09-12 19:43:18,704 INFO image_rx_daemon: frag_arrival: seq=163 idx=11 total=13 fw_us=218218250 len=247

2026-09-12 19:43:18,727 INFO image_rx_daemon: frag_arrival: seq=163 idx=12 total=13 fw_us=218259996 len=71

RFCO_PERTX during TX wait: profile_id=2 tx_status=0x00(OK) hop_idx=0 channel_idx=0 epoch=0 freq_hz=0 pkt_toa_us=15424 legal_dwell_used_us_10s=0

2026-09-12 19:43:18,759 INFO image_rx_daemon: command TX opcode=0x6c copy=1/1 OK (on air)

2026-09-12 19:43:19,013 INFO image_rx_daemon: frag_arrival: seq=166 idx=0 total=12 fw_us=218522015 len=247

2026-09-12 19:43:19,125 INFO image_rx_daemon: frag_arrival: seq=166 idx=1 total=12 fw_us=218638632 len=247

2026-09-12 19:43:19,233 INFO image_rx_daemon: frag_arrival: seq=166 idx=2 total=12 fw_us=218755836 len=247

2026-09-12 19:43:19,364 INFO image_rx_daemon: frag_arrival: seq=166 idx=3 total=12 fw_us=218872857 len=247

2026-09-12 19:43:19,474 INFO image_rx_daemon: frag_arrival: seq=166 idx=4 total=12 fw_us=218989841 len=247

2026-09-12 19:43:19,592 INFO image_rx_daemon: frag_arrival: seq=166 idx=5 total=12 fw_us=219106936 len=247

2026-09-12 19:43:19,715 INFO image_rx_daemon: frag_arrival: seq=166 idx=6 total=12 fw_us=219223994 len=247

2026-09-12 19:43:19,824 INFO image_rx_daemon: frag_arrival: seq=166 idx=7 total=12 fw_us=219341213 len=247

2026-09-12 19:43:19,944 INFO image_rx_daemon: frag_arrival: seq=166 idx=8 total=12 fw_us=219458141 len=247

2026-09-12 19:43:20,065 INFO image_rx_daemon: frag_arrival: seq=166 idx=9 total=12 fw_us=219575119 len=247

2026-09-12 19:43:20,180 INFO image_rx_daemon: frag_arrival: seq=166 idx=10 total=12 fw_us=219692165 len=247

2026-09-12 19:43:20,268 WARNING image_rx_daemon: crc_dump: irq=0x70 rx_len=255 snr=5.8 rssi=-66 dump=010200000000009df004a6e92e50e1c3214901c1234cc7fd66588f4971bbc64850c2dc89f406155b0521d3423b92feaf284f007d7dab8a6c6bcac1ac689a3b21ccc4e39a3a84302bb7ba16b454d9274c5d5c29b4769f369d9787f33d42597aafa33863a547d409886b76e5d9e11cc59d83af79241dc181bbce1171a7fcc8a442ca067f6d1bc5b73c43e5af3702705b4393170d9393cd34abee42cf768b11fe823c4d6fc0a0a0944e877e57ccb8748f4c4d1fadd373d2d5dd50d17268dbedf5f28a54e08e3efbdba8613a2366fdc7d1a3488e7206bc21818cab6d14969e80f9d8584f04b4c810ca40316e07f96b441f7c5d19b6e29d9e302ba27d19

2026-09-12 19:43:20,474 INFO image_rx_daemon: frag_arrival: seq=169 idx=0 total=13 fw_us=219996123 len=247

2026-09-12 19:43:20,608 INFO image_rx_daemon: frag_arrival: seq=169 idx=1 total=13 fw_us=220112869 len=247

2026-09-12 19:43:20,715 INFO image_rx_daemon: frag_arrival: seq=169 idx=2 total=13 fw_us=220229904 len=247

2026-09-12 19:43:20,833 INFO image_rx_daemon: frag_arrival: seq=169 idx=3 total=13 fw_us=220347012 len=247

2026-09-12 19:43:21,063 INFO image_rx_daemon: frag_arrival: seq=169 idx=5 total=13 fw_us=220581033 len=247

2026-09-12 19:43:21,181 INFO image_rx_daemon: frag_arrival: seq=169 idx=6 total=13 fw_us=220698280 len=247

2026-09-12 19:43:21,288 INFO image_rx_daemon: frag_arrival: seq=169 idx=7 total=13 fw_us=220815394 len=247

2026-09-12 19:43:21,412 INFO image_rx_daemon: frag_arrival: seq=169 idx=8 total=13 fw_us=220932308 len=247

2026-09-12 19:43:21,544 INFO image_rx_daemon: frag_arrival: seq=169 idx=9 total=13 fw_us=221049424 len=247

2026-09-12 19:43:21,654 INFO image_rx_daemon: frag_arrival: seq=169 idx=10 total=13 fw_us=221166525 len=247

2026-09-12 19:43:21,772 INFO image_rx_daemon: frag_arrival: seq=169 idx=11 total=13 fw_us=221283507 len=247

2026-09-12 19:43:21,773 INFO image_rx_daemon: frag_arrival: seq=169 idx=12 total=13 fw_us=221306966 len=22

2026-09-12 19:43:21,976 INFO image_rx_daemon: frag_arrival: seq=172 idx=0 total=13 fw_us=221483460 len=247

2026-09-12 19:43:22,093 INFO image_rx_daemon: frag_arrival: seq=172 idx=1 total=13 fw_us=221600203 len=247

2026-09-12 19:43:22,199 INFO image_rx_daemon: frag_arrival: seq=172 idx=2 total=13 fw_us=221717425 len=247

2026-09-12 19:43:22,317 INFO image_rx_daemon: frag_arrival: seq=172 idx=3 total=13 fw_us=221834560 len=247

2026-09-12 19:43:22,436 INFO image_rx_daemon: frag_arrival: seq=172 idx=4 total=13 fw_us=221951434 len=247

2026-09-12 19:43:22,556 INFO image_rx_daemon: frag_arrival: seq=172 idx=5 total=13 fw_us=222068619 len=247

2026-09-12 19:43:22,673 INFO image_rx_daemon: frag_arrival: seq=172 idx=6 total=13 fw_us=222185603 len=247

2026-09-12 19:43:22,783 INFO image_rx_daemon: frag_arrival: seq=172 idx=7 total=13 fw_us=222302643 len=247

2026-09-12 19:43:22,892 WARNING image_rx_daemon: crc_dump: irq=0x70 rx_len=255 snr=2.8 rssi=-65 dump=7de75351ee4f6a630faf0f98972952e02368efcfccf437e4a096b4b3b97be957ed06ad507486f154b36b875e65e80fa4bbcf728aa138eb18ccbb4c9375e8a58f07f69020726909666e514116a41e26248d59777beb9550cd132ade638b440cea8fa9a5b334e925be20ab8eaca85e7984cddd7c795ad1f57cf82e8a6ae06d524307720c74c2d2a0c8da638b7633ef209938436da887941885a73c5ebba49cceff7aec9f9427fed8e92ddd9da1573fb3ff17117e40c18ddf26710327a5187fdcd2e455a8314cf8853df3c92eca457f25f33e867f54d3bddafc23f5fd3227c6d8e41e4f23204e34699885e0c6b0af2c80db5c840c9157213e175afa07

2026-09-12 19:43:23,006 WARNING image_rx_daemon: crc_dump: irq=0x70 rx_len=255 snr=-0.8 rssi=-66 dump=7559b77ac98783ca4e29b6590ef8de5ca9a9c36bce9fa71bc171e6e6a49456e34a54730a0d693ced8c1758e0d20c7266058f5e7da6dc32ab37d6acd0b9052cff8d98820a45f4e8bb104f3fdb44fbbf5cbc0f9731f4213854e03dfe2fa4b85c77d4eeb1e059807e08907765cfb7ffc2e793bbab6705f93b019ff4a59b1010cbca32822a608f160499ab53bf08baa4dd6c9cfd8687e4fe50e600b1c03180bf0aaac51e38a6669373864bd93834fcf7769764fb17480f0148740a879a1f4fa657eb1afd4af764cafaff149e4f97692da994a30606f872791bad654cc32215dc82a3dea3512293d29b37f2ceb25f443241a41e43bc5ff6f31100582226

2026-09-12 19:43:23,137 INFO image_rx_daemon: frag_arrival: seq=172 idx=10 total=13 fw_us=222653757 len=247

2026-09-12 19:43:23,256 INFO image_rx_daemon: frag_arrival: seq=172 idx=11 total=13 fw_us=222770900 len=247

2026-09-12 19:43:23,270 INFO image_rx_daemon: frag_arrival: seq=172 idx=12 total=13 fw_us=222800906 len=41

2026-09-12 19:43:23,464 INFO image_rx_daemon: frag_arrival: seq=175 idx=0 total=13 fw_us=222978320 len=247

2026-09-12 19:43:23,588 INFO image_rx_daemon: frag_arrival: seq=175 idx=1 total=13 fw_us=223095167 len=247

2026-09-12 19:43:23,696 INFO image_rx_daemon: frag_arrival: seq=175 idx=2 total=13 fw_us=223212288 len=247

2026-09-12 19:43:23,816 INFO image_rx_daemon: frag_arrival: seq=175 idx=3 total=13 fw_us=223329286 len=247

2026-09-12 19:43:23,940 INFO image_rx_daemon: frag_arrival: seq=175 idx=4 total=13 fw_us=223446327 len=247

2026-09-12 19:43:24,048 INFO image_rx_daemon: frag_arrival: seq=175 idx=5 total=13 fw_us=223563368 len=247

2026-09-12 19:43:24,168 INFO image_rx_daemon: frag_arrival: seq=175 idx=6 total=13 fw_us=223680466 len=247

2026-09-12 19:43:24,284 INFO image_rx_daemon: frag_arrival: seq=175 idx=7 total=13 fw_us=223797724 len=247

2026-09-12 19:43:24,404 INFO image_rx_daemon: frag_arrival: seq=175 idx=8 total=13 fw_us=223914579 len=247

2026-09-12 19:43:24,528 INFO image_rx_daemon: frag_arrival: seq=175 idx=9 total=13 fw_us=224031633 len=247

2026-09-12 19:43:24,636 INFO image_rx_daemon: frag_arrival: seq=175 idx=10 total=13 fw_us=224148723 len=247

2026-09-12 19:43:24,756 INFO image_rx_daemon: frag_arrival: seq=175 idx=11 total=13 fw_us=224266004 len=247

2026-09-12 19:43:24,770 INFO image_rx_daemon: frag_arrival: seq=175 idx=12 total=13 fw_us=224294716 len=37

2026-09-12 19:43:24,773 INFO image_rx_daemon: published frame_id=0 seq=175 2949 B → lifetrac/v25/video/tile_delta

2026-09-12 19:43:24,968 INFO image_rx_daemon: frag_arrival: seq=178 idx=0 total=13 fw_us=224472176 len=247

2026-09-12 19:43:25,077 INFO image_rx_daemon: frag_arrival: seq=178 idx=1 total=13 fw_us=224588883 len=247

2026-09-12 19:43:25,200 INFO image_rx_daemon: frag_arrival: seq=178 idx=2 total=13 fw_us=224706122 len=247

2026-09-12 19:43:25,308 INFO image_rx_daemon: frag_arrival: seq=178 idx=3 total=13 fw_us=224823378 len=247

2026-09-12 19:43:25,428 INFO image_rx_daemon: frag_arrival: seq=178 idx=4 total=13 fw_us=224940111 len=247

2026-09-12 19:43:25,540 INFO image_rx_daemon: frag_arrival: seq=178 idx=5 total=13 fw_us=225057214 len=247

2026-09-12 19:43:25,656 INFO image_rx_daemon: frag_arrival: seq=178 idx=6 total=13 fw_us=225174250 len=247

2026-09-12 19:43:25,776 INFO image_rx_daemon: frag_arrival: seq=178 idx=7 total=13 fw_us=225291484 len=247

2026-09-12 19:43:25,896 INFO image_rx_daemon: frag_arrival: seq=178 idx=8 total=13 fw_us=225408373 len=247

2026-09-12 19:43:25,977 INFO image_rx_daemon: stats: rx_frames=766 rx_decode_err=0 frames_published=40 publish_err=0 reassembler_decode_err=0 reassembler_timeouts=21 parity_recon=0 idle_drain_deferred=9

2026-09-12 19:43:25,980 INFO image_rx_daemon: air_gap: n=78 dt_med=117046us dt_p95=262019us len_med=247B cmd_tx_ok=26 cmd_tx_fail=0

2026-09-12 19:43:25,982 INFO image_rx_daemon: air_gap_hist(ms): <40:3 <80:1 <120:65 <200:3 <400:6

2026-09-12 19:43:25,983 INFO image_rx_daemon: rx_rf: n_rssi=78 n_snr=78 rssi[min/med/max]=-70/-69/-68 snr[min/med/max]=5.0/6.0/6.0

2026-09-12 19:43:25,984 INFO image_rx_daemon: phase_telemetry: valid=78 invalid=0 pre_f8=0 last_epoch=0 last_hop=0 slot_off=[0..0]

2026-09-12 19:43:25,986 INFO image_rx_daemon: air_gap_by_class: seq: n=69 med=117.0ms | boundary: n=6 med=262.0ms | post_loss: n=3 med=234.0ms

2026-09-12 19:43:25,987 INFO image_rx_daemon: lost_frag_idx: n=6 idx0=0 (0.00% of idx0 arrivals) other=6 (7.69%) verdict=not-clustered | top 11:2 4:2 8:1 9:1

2026-09-12 19:43:25,998 INFO image_rx_daemon: frag_arrival: seq=178 idx=9 total=13 fw_us=225525455 len=247

2026-09-12 19:43:26,132 INFO image_rx_daemon: frag_arrival: seq=178 idx=10 total=13 fw_us=225642548 len=247

2026-09-12 19:43:26,254 INFO image_rx_daemon: frag_arrival: seq=178 idx=11 total=13 fw_us=225759578 len=247

2026-09-12 19:43:26,255 INFO image_rx_daemon: frag_arrival: seq=178 idx=12 total=13 fw_us=225789594 len=41

2026-09-12 19:43:26,257 INFO image_rx_daemon: published frame_id=0 seq=178 2953 B → lifetrac/v25/video/tile_delta

RFCO_PERTX during TX wait: profile_id=2 tx_status=0x00(OK) hop_idx=0 channel_idx=0 epoch=0 freq_hz=0 pkt_toa_us=15424 legal_dwell_used_us_10s=0

2026-09-12 19:43:26,289 INFO image_rx_daemon: command TX opcode=0x6c copy=1/1 OK (on air)

2026-09-12 19:43:26,432 INFO image_rx_daemon: frag_arrival: seq=181 idx=0 total=13 fw_us=225946428 len=247

2026-09-12 19:43:26,552 INFO image_rx_daemon: frag_arrival: seq=181 idx=1 total=13 fw_us=226063430 len=247

2026-09-12 19:43:26,660 INFO image_rx_daemon: frag_arrival: seq=181 idx=2 total=13 fw_us=226180603 len=247

2026-09-12 19:43:26,788 INFO image_rx_daemon: frag_arrival: seq=181 idx=3 total=13 fw_us=226297900 len=247

2026-09-12 19:43:26,912 INFO image_rx_daemon: frag_arrival: seq=181 idx=4 total=13 fw_us=226414686 len=247

2026-09-12 19:43:27,010 INFO image_rx_daemon: frag_arrival: seq=181 idx=5 total=13 fw_us=226531944 len=247

2026-09-12 19:43:27,137 INFO image_rx_daemon: frag_arrival: seq=181 idx=6 total=13 fw_us=226648913 len=247

2026-09-12 19:43:27,260 INFO image_rx_daemon: frag_arrival: seq=181 idx=7 total=13 fw_us=226765952 len=247

2026-09-12 19:43:27,370 INFO image_rx_daemon: frag_arrival: seq=181 idx=8 total=13 fw_us=226883095 len=247

2026-09-12 19:43:27,487 INFO image_rx_daemon: frag_arrival: seq=181 idx=9 total=13 fw_us=227000015 len=247

2026-09-12 19:43:27,605 INFO image_rx_daemon: frag_arrival: seq=181 idx=10 total=13 fw_us=227117098 len=247

2026-09-12 19:43:27,719 INFO image_rx_daemon: frag_arrival: seq=181 idx=11 total=13 fw_us=227234154 len=247

2026-09-12 19:43:27,760 INFO image_rx_daemon: frag_arrival: seq=181 idx=12 total=13 fw_us=227278560 len=79

2026-09-12 19:43:27,764 INFO image_rx_daemon: published frame_id=0 seq=181 2991 B → lifetrac/v25/video/tile_delta

2026-09-12 19:43:28,020 INFO image_rx_daemon: frag_arrival: seq=187 idx=0 total=13 fw_us=227538318 len=247

2026-09-12 19:43:28,135 INFO image_rx_daemon: frag_arrival: seq=187 idx=1 total=13 fw_us=227654967 len=247

2026-09-12 19:43:28,256 INFO image_rx_daemon: frag_arrival: seq=187 idx=2 total=13 fw_us=227772233 len=247

2026-09-12 19:43:28,373 INFO image_rx_daemon: frag_arrival: seq=187 idx=3 total=13 fw_us=227889223 len=247

2026-09-12 19:43:28,492 INFO image_rx_daemon: frag_arrival: seq=187 idx=4 total=13 fw_us=228006499 len=247

2026-09-12 19:43:28,614 INFO image_rx_daemon: frag_arrival: seq=187 idx=5 total=13 fw_us=228123455 len=247

2026-09-12 19:43:28,731 INFO image_rx_daemon: frag_arrival: seq=187 idx=6 total=13 fw_us=228240517 len=247

2026-09-12 19:43:28,850 INFO image_rx_daemon: frag_arrival: seq=187 idx=7 total=13 fw_us=228357626 len=247

2026-09-12 19:43:28,960 INFO image_rx_daemon: frag_arrival: seq=187 idx=8 total=13 fw_us=228474694 len=247

2026-09-12 19:43:29,077 INFO image_rx_daemon: frag_arrival: seq=187 idx=9 total=13 fw_us=228591690 len=247

2026-09-12 19:43:29,200 INFO image_rx_daemon: frag_arrival: seq=187 idx=10 total=13 fw_us=228708795 len=247

2026-09-12 19:43:29,308 INFO image_rx_daemon: frag_arrival: seq=187 idx=11 total=13 fw_us=228825856 len=247

2026-09-12 19:43:29,349 INFO image_rx_daemon: frag_arrival: seq=187 idx=12 total=13 fw_us=228870279 len=81

2026-09-12 19:43:29,352 INFO image_rx_daemon: published frame_id=0 seq=187 2993 B → lifetrac/v25/video/tile_delta

RFCO_PERTX during TX wait: profile_id=2 tx_status=0x00(OK) hop_idx=0 channel_idx=0 epoch=0 freq_hz=0 pkt_toa_us=15424 legal_dwell_used_us_10s=0

2026-09-12 19:43:29,378 INFO image_rx_daemon: command TX opcode=0x6c copy=1/1 OK (on air)

2026-09-12 19:43:29,613 INFO image_rx_daemon: frag_arrival: seq=188 idx=0 total=12 fw_us=229129997 len=247

2026-09-12 19:43:29,732 INFO image_rx_daemon: frag_arrival: seq=188 idx=1 total=12 fw_us=229246640 len=247

2026-09-12 19:43:29,857 INFO image_rx_daemon: frag_arrival: seq=188 idx=2 total=12 fw_us=229363871 len=247

2026-09-12 19:43:29,965 INFO image_rx_daemon: frag_arrival: seq=188 idx=3 total=12 fw_us=229482030 len=247

2026-09-12 19:43:30,088 INFO image_rx_daemon: frag_arrival: seq=188 idx=4 total=12 fw_us=229597944 len=247

2026-09-12 19:43:30,206 INFO image_rx_daemon: frag_arrival: seq=188 idx=5 total=12 fw_us=229715074 len=247

2026-09-12 19:43:30,305 INFO image_rx_daemon: frag_arrival: seq=188 idx=6 total=12 fw_us=229832193 len=247

2026-09-12 19:43:30,431 INFO image_rx_daemon: frag_arrival: seq=188 idx=7 total=12 fw_us=229949244 len=247

2026-09-12 19:43:30,549 INFO image_rx_daemon: frag_arrival: seq=188 idx=8 total=12 fw_us=230066447 len=247

2026-09-12 19:43:30,668 INFO image_rx_daemon: frag_arrival: seq=188 idx=9 total=12 fw_us=230183383 len=247

2026-09-12 19:43:30,788 INFO image_rx_daemon: frag_arrival: seq=188 idx=10 total=12 fw_us=230300502 len=247

2026-09-12 19:43:30,885 WARNING image_rx_daemon: crc_dump: irq=0x70 rx_len=255 snr=-0.2 rssi=-65 dump=010200000000002681d6dc2d3e5b710c8666a7c3df0fdb3f47ecdeda33a684711e3f2acdec5cffbf42ee34da82f7590a490d12284262a68517805f3f9779fd766db862bf887f38a57ab81098d8ad0fbada9f6af8e9757950ad3d58f5c9e17613b57c33693f042d0161e8371d5aba342195b510def7ab14bd36a81d7f1ca32a093fb4154de69a020c4a7b5f2490ebd4ee70445e8615e542109326c94f311b503f122a8d86ee92092e010c112e3949d6be38aeab61760b3aec5fc3ea9fc34a59d35d872962a4fbfd8e8a0ecc2eaf9d4a39e73e760cd924ad91e66ece530a2e3cbbbbfaf57bdfb8c359c3b178702f371aacbdb31a8d9f9893bd23e7e8

2026-09-12 19:43:31,077 INFO image_rx_daemon: frag_arrival: seq=190 idx=0 total=12 fw_us=230604452 len=247

2026-09-12 19:43:31,208 INFO image_rx_daemon: frag_arrival: seq=190 idx=1 total=12 fw_us=230721127 len=247

2026-09-12 19:43:31,328 INFO image_rx_daemon: frag_arrival: seq=190 idx=2 total=12 fw_us=230838355 len=247

2026-09-12 19:43:31,448 INFO image_rx_daemon: frag_arrival: seq=190 idx=3 total=12 fw_us=230955425 len=247

2026-09-12 19:43:31,558 INFO image_rx_daemon: frag_arrival: seq=190 idx=4 total=12 fw_us=231072491 len=247

2026-09-12 19:43:31,680 INFO image_rx_daemon: frag_arrival: seq=190 idx=5 total=12 fw_us=231189767 len=247

2026-09-12 19:43:31,800 INFO image_rx_daemon: frag_arrival: seq=190 idx=6 total=12 fw_us=231306591 len=247

2026-09-12 19:43:31,900 INFO image_rx_daemon: frag_arrival: seq=190 idx=7 total=12 fw_us=231423570 len=247

2026-09-12 19:43:32,018 INFO image_rx_daemon: frag_arrival: seq=190 idx=8 total=12 fw_us=231540647 len=247

2026-09-12 19:43:32,265 INFO image_rx_daemon: frag_arrival: seq=190 idx=10 total=12 fw_us=231774862 len=247

2026-09-12 19:43:32,384 INFO image_rx_daemon: frag_arrival: seq=190 idx=11 total=12 fw_us=231891771 len=246

RFCO_PERTX during TX wait: profile_id=2 tx_status=0x00(OK) hop_idx=0 channel_idx=0 epoch=0 freq_hz=0 pkt_toa_us=15424 legal_dwell_used_us_10s=0

2026-09-12 19:43:32,411 INFO image_rx_daemon: command TX opcode=0x6c copy=1/1 OK (on air)

2026-09-12 19:43:32,556 INFO image_rx_daemon: frag_arrival: seq=193 idx=0 total=13 fw_us=232078880 len=247

2026-09-12 19:43:32,688 INFO image_rx_daemon: frag_arrival: seq=193 idx=1 total=13 fw_us=232195598 len=247

2026-09-12 19:43:32,794 INFO image_rx_daemon: frag_arrival: seq=193 idx=2 total=13 fw_us=232312899 len=247

2026-09-12 19:43:32,904 INFO image_rx_daemon: frag_arrival: seq=193 idx=3 total=13 fw_us=232429745 len=247

2026-09-12 19:43:33,023 INFO image_rx_daemon: frag_arrival: seq=193 idx=4 total=13 fw_us=232546752 len=247

2026-09-12 19:43:33,144 INFO image_rx_daemon: frag_arrival: seq=193 idx=5 total=13 fw_us=232663895 len=247

2026-09-12 19:43:33,264 INFO image_rx_daemon: frag_arrival: seq=193 idx=6 total=13 fw_us=232780899 len=247

2026-09-12 19:43:33,384 INFO image_rx_daemon: frag_arrival: seq=193 idx=7 total=13 fw_us=232897872 len=247

2026-09-12 19:43:33,501 INFO image_rx_daemon: frag_arrival: seq=193 idx=8 total=13 fw_us=233014981 len=247

2026-09-12 19:43:33,624 INFO image_rx_daemon: frag_arrival: seq=193 idx=9 total=13 fw_us=233132033 len=247

2026-09-12 19:43:33,733 INFO image_rx_daemon: frag_arrival: seq=193 idx=10 total=13 fw_us=233250030 len=247

2026-09-12 19:43:33,849 INFO image_rx_daemon: frag_arrival: seq=193 idx=11 total=13 fw_us=233366284 len=247

2026-09-12 19:43:33,879 INFO image_rx_daemon: frag_arrival: seq=193 idx=12 total=13 fw_us=233408086 len=73

2026-09-12 19:43:33,882 INFO image_rx_daemon: published frame_id=0 seq=193 2985 B → lifetrac/v25/video/tile_delta

2026-09-12 19:43:34,157 INFO image_rx_daemon: frag_arrival: seq=199 idx=0 total=13 fw_us=233670032 len=247

2026-09-12 19:43:34,276 INFO image_rx_daemon: frag_arrival: seq=199 idx=1 total=13 fw_us=233786930 len=247

2026-09-12 19:43:34,394 INFO image_rx_daemon: frag_arrival: seq=199 idx=2 total=13 fw_us=233904015 len=247

2026-09-12 19:43:34,504 INFO image_rx_daemon: frag_arrival: seq=199 idx=3 total=13 fw_us=234021077 len=247

2026-09-12 19:43:34,624 INFO image_rx_daemon: frag_arrival: seq=199 idx=4 total=13 fw_us=234138136 len=247

2026-09-12 19:43:34,748 INFO image_rx_daemon: frag_arrival: seq=199 idx=5 total=13 fw_us=234255283 len=247

2026-09-12 19:43:34,858 INFO image_rx_daemon: frag_arrival: seq=199 idx=6 total=13 fw_us=234372370 len=247

2026-09-12 19:43:35,092 INFO image_rx_daemon: frag_arrival: seq=199 idx=8 total=13 fw_us=234606588 len=247

2026-09-12 19:43:35,216 INFO image_rx_daemon: frag_arrival: seq=199 idx=9 total=13 fw_us=234723462 len=247

2026-09-12 19:43:35,324 INFO image_rx_daemon: frag_arrival: seq=199 idx=10 total=13 fw_us=234840535 len=247

2026-09-12 19:43:35,432 INFO image_rx_daemon: frag_arrival: seq=199 idx=11 total=13 fw_us=234957715 len=247

2026-09-12 19:43:35,466 INFO image_rx_daemon: frag_arrival: seq=199 idx=12 total=13 fw_us=234995612 len=63

RFCO_PERTX during TX wait: profile_id=2 tx_status=0x00(OK) hop_idx=0 channel_idx=0 epoch=0 freq_hz=0 pkt_toa_us=15424 legal_dwell_used_us_10s=0

2026-09-12 19:43:35,490 INFO image_rx_daemon: command TX opcode=0x6c copy=1/1 OK (on air)

2026-09-12 19:43:35,744 INFO image_rx_daemon: frag_arrival: seq=200 idx=0 total=13 fw_us=235261686 len=247

2026-09-12 19:43:35,857 INFO image_rx_daemon: frag_arrival: seq=200 idx=1 total=13 fw_us=235378473 len=247

2026-09-12 19:43:35,985 INFO image_rx_daemon: frag_arrival: seq=200 idx=2 total=13 fw_us=235495871 len=247

2026-09-12 19:43:35,989 INFO image_rx_daemon: stats: rx_frames=846 rx_decode_err=0 frames_published=44 publish_err=0 reassembler_decode_err=0 reassembler_timeouts=23 parity_recon=0 idle_drain_deferred=11

2026-09-12 19:43:35,990 INFO image_rx_daemon: air_gap: n=80 dt_med=117070us dt_p95=259758us len_med=247B cmd_tx_ok=30 cmd_tx_fail=0

2026-09-12 19:43:35,991 INFO image_rx_daemon: air_gap_hist(ms): <40:2 <80:3 <120:66 <200:2 <400:7

2026-09-12 19:43:35,991 INFO image_rx_daemon: rx_rf: n_rssi=80 n_snr=80 rssi[min/med/max]=-70/-69/-68 snr[min/med/max]=5.0/6.0/6.0

2026-09-12 19:43:35,992 INFO image_rx_daemon: phase_telemetry: valid=80 invalid=0 pre_f8=0 last_epoch=0 last_hop=0 slot_off=[0..0]

2026-09-12 19:43:35,992 INFO image_rx_daemon: air_gap_by_class: seq: n=71 med=117.1ms | boundary: n=7 med=259.8ms | post_loss: n=2 med=234.2ms

2026-09-12 19:43:35,993 INFO image_rx_daemon: lost_frag_idx: n=3 idx0=0 (0.00% of idx0 arrivals) other=3 (3.95%) verdict=not-clustered | top 11:1 9:1 7:1

2026-09-12 19:43:36,107 INFO image_rx_daemon: frag_arrival: seq=200 idx=3 total=13 fw_us=235614030 len=247

2026-09-12 19:43:36,216 INFO image_rx_daemon: frag_arrival: seq=200 idx=4 total=13 fw_us=235729920 len=247

2026-09-12 19:43:36,336 INFO image_rx_daemon: frag_arrival: seq=200 idx=5 total=13 fw_us=235847031 len=247

2026-09-12 19:43:36,432 WARNING image_rx_daemon: crc_dump: irq=0x70 rx_len=255 snr=-1.0 rssi=-65 dump=ae1e0e3b65d4edf05386487a2899f889460cfcf4e4d288757345a5064f44d4f9194de73acb6164eaaf1b58f35748787005265d7157efba317219c9e4c4921ab1d2fa8f0552a4a68efabe455bb337785bd6e7a16d25fcf2b46a1126decf16799e14ae2a6f4b02e3d068c3bbbce2f53c1a0b7e9900f4fe72e33aea0da56f4bb167694f96773b935e04de1d92cc784dc354a996a84160168cec72598631dc74f82197d4d3fe274d3c7aa5d02c65f1978874a232db17552c05d513d01f2294acf8003803b3e75d53749741d9783da3c0db7ed027025f47b332a76a4a2b1381a6ca7258a812bbdf4b1f6fcb69dbae7c9d5b89bff4722762b9efee051607

2026-09-12 19:43:36,574 INFO image_rx_daemon: frag_arrival: seq=200 idx=7 total=13 fw_us=236081103 len=247

2026-09-12 19:43:36,681 INFO image_rx_daemon: frag_arrival: seq=200 idx=8 total=13 fw_us=236198224 len=247

2026-09-12 19:43:36,800 INFO image_rx_daemon: frag_arrival: seq=200 idx=9 total=13 fw_us=236315285 len=247

2026-09-12 19:43:36,920 INFO image_rx_daemon: frag_arrival: seq=200 idx=10 total=13 fw_us=236432206 len=247

2026-09-12 19:43:37,031 INFO image_rx_daemon: frag_arrival: seq=200 idx=11 total=13 fw_us=236549342 len=247

2026-09-12 19:43:37,068 INFO image_rx_daemon: frag_arrival: seq=200 idx=12 total=13 fw_us=236591136 len=74

2026-09-12 19:43:37,068 WARNING image_rx_daemon: crc_dump: irq=0x70 rx_len=7 snr=-11.2 rssi=-114 dump=db8e4a491c8f85

2026-09-12 19:43:37,338 INFO image_rx_daemon: frag_arrival: seq=202 idx=0 total=13 fw_us=236852973 len=247

2026-09-12 19:43:37,447 INFO image_rx_daemon: frag_arrival: seq=202 idx=1 total=13 fw_us=236970210 len=247

2026-09-12 19:43:37,567 INFO image_rx_daemon: frag_arrival: seq=202 idx=2 total=13 fw_us=237087108 len=247

2026-09-12 19:43:37,685 INFO image_rx_daemon: frag_arrival: seq=202 idx=3 total=13 fw_us=237204154 len=247

2026-09-12 19:43:37,804 INFO image_rx_daemon: frag_arrival: seq=202 idx=4 total=13 fw_us=237321174 len=247

2026-09-12 19:43:37,924 INFO image_rx_daemon: frag_arrival: seq=202 idx=5 total=13 fw_us=237438165 len=247

2026-09-12 19:43:38,057 INFO image_rx_daemon: frag_arrival: seq=202 idx=6 total=13 fw_us=237555314 len=247

2026-09-12 19:43:38,160 INFO image_rx_daemon: frag_arrival: seq=202 idx=7 total=13 fw_us=237672224 len=247

2026-09-12 19:43:38,284 INFO image_rx_daemon: frag_arrival: seq=202 idx=8 total=13 fw_us=237789474 len=247

2026-09-12 19:43:38,392 INFO image_rx_daemon: frag_arrival: seq=202 idx=9 total=13 fw_us=237906183 len=247

2026-09-12 19:43:38,513 INFO image_rx_daemon: frag_arrival: seq=202 idx=10 total=13 fw_us=238023449 len=247

2026-09-12 19:43:38,632 INFO image_rx_daemon: frag_arrival: seq=202 idx=11 total=13 fw_us=238140380 len=247

2026-09-12 19:43:38,662 INFO image_rx_daemon: frag_arrival: seq=202 idx=12 total=13 fw_us=238182172 len=73

2026-09-12 19:43:38,665 INFO image_rx_daemon: published frame_id=0 seq=202 2985 B → lifetrac/v25/video/tile_delta

2026-09-12 19:43:38,932 INFO image_rx_daemon: frag_arrival: seq=205 idx=0 total=13 fw_us=238444250 len=247

2026-09-12 19:43:39,056 INFO image_rx_daemon: frag_arrival: seq=205 idx=1 total=13 fw_us=238561361 len=247

2026-09-12 19:43:39,164 INFO image_rx_daemon: frag_arrival: seq=205 idx=2 total=13 fw_us=238678313 len=247

2026-09-12 19:43:39,284 INFO image_rx_daemon: frag_arrival: seq=205 idx=3 total=13 fw_us=238795402 len=247

2026-09-12 19:43:39,401 INFO image_rx_daemon: frag_arrival: seq=205 idx=4 total=13 fw_us=238912605 len=247

2026-09-12 19:43:39,519 INFO image_rx_daemon: frag_arrival: seq=205 idx=5 total=13 fw_us=239029513 len=247

2026-09-12 19:43:39,632 INFO image_rx_daemon: frag_arrival: seq=205 idx=6 total=13 fw_us=239146735 len=247

2026-09-12 19:43:39,752 INFO image_rx_daemon: frag_arrival: seq=205 idx=7 total=13 fw_us=239263637 len=247

2026-09-12 19:43:39,872 INFO image_rx_daemon: frag_arrival: seq=205 idx=8 total=13 fw_us=239380844 len=247

2026-09-12 19:43:39,983 INFO image_rx_daemon: frag_arrival: seq=205 idx=9 total=13 fw_us=239497809 len=247

2026-09-12 19:43:40,101 INFO image_rx_daemon: frag_arrival: seq=205 idx=10 total=13 fw_us=239616030 len=247

2026-09-12 19:43:40,213 INFO image_rx_daemon: frag_arrival: seq=205 idx=11 total=13 fw_us=239731979 len=247

2026-09-12 19:43:40,216 INFO image_rx_daemon: frag_arrival: seq=205 idx=12 total=13 fw_us=239748944 len=7

2026-09-12 19:43:40,217 INFO image_rx_daemon: published frame_id=0 seq=205 2919 B → lifetrac/v25/video/tile_delta

2026-09-12 19:43:40,409 INFO image_rx_daemon: frag_arrival: seq=209 idx=0 total=12 fw_us=239923950 len=247

2026-09-12 19:43:40,524 INFO image_rx_daemon: frag_arrival: seq=209 idx=1 total=12 fw_us=240040948 len=247

2026-09-12 19:43:40,644 INFO image_rx_daemon: frag_arrival: seq=209 idx=2 total=12 fw_us=240158197 len=247

2026-09-12 19:43:40,764 INFO image_rx_daemon: frag_arrival: seq=209 idx=3 total=12 fw_us=240275101 len=247

2026-09-12 19:43:40,873 INFO image_rx_daemon: frag_arrival: seq=209 idx=4 total=12 fw_us=240392151 len=247

2026-09-12 19:43:40,998 INFO image_rx_daemon: frag_arrival: seq=209 idx=5 total=12 fw_us=240509260 len=247

2026-09-12 19:43:41,110 INFO image_rx_daemon: frag_arrival: seq=209 idx=6 total=12 fw_us=240626454 len=247

2026-09-12 19:43:41,228 INFO image_rx_daemon: frag_arrival: seq=209 idx=7 total=12 fw_us=240743412 len=247

2026-09-12 19:43:41,345 INFO image_rx_daemon: frag_arrival: seq=209 idx=8 total=12 fw_us=240860457 len=247

2026-09-12 19:43:41,464 INFO image_rx_daemon: frag_arrival: seq=209 idx=9 total=12 fw_us=240977554 len=247

2026-09-12 19:43:41,588 INFO image_rx_daemon: frag_arrival: seq=209 idx=10 total=12 fw_us=241094654 len=247

2026-09-12 19:43:41,677 WARNING image_rx_daemon: crc_dump: irq=0x70 rx_len=255 snr=1.0 rssi=-66 dump=01020010549228201de73711aa0137a8da6ef7f0d98aca1fc9892405792af082ca699d8e7cbf4f7a0500791a416123cba6e26db99e381851c827ef748cf10169097e61d3c2005a034c7c765e3d66dd6fb7bae7db36f676c75540be2ed7edc6b089dd4fb78519fbf9be708eeeb18c653420c6b9d97666189af6b95d6a34f5486cf443b19e42b24277b6562dcad97dc3eefca495e04f60fa9c570b9e7b904ee310a5da4bec722e531fd800183cbdc42936bc253f41651538b107bd893f605d5c8586efce421f9a634eb0540e763196e6719f974328791cf8fdb5b4824009c98a2505c9561616a777a4a99bbc2500de01e8976c7460c442c492c9a60d

2026-09-12 19:43:41,880 INFO image_rx_daemon: frag_arrival: seq=212 idx=0 total=13 fw_us=241398693 len=247

2026-09-12 19:43:41,992 INFO image_rx_daemon: frag_arrival: seq=212 idx=1 total=13 fw_us=241515474 len=247

2026-09-12 19:43:42,120 INFO image_rx_daemon: frag_arrival: seq=212 idx=2 total=13 fw_us=241632680 len=247

2026-09-12 19:43:42,244 INFO image_rx_daemon: frag_arrival: seq=212 idx=3 total=13 fw_us=241749646 len=247

2026-09-12 19:43:42,356 INFO image_rx_daemon: frag_arrival: seq=212 idx=4 total=13 fw_us=241866629 len=247

2026-09-12 19:43:42,468 INFO image_rx_daemon: frag_arrival: seq=212 idx=5 total=13 fw_us=241983636 len=247

2026-09-12 19:43:42,588 INFO image_rx_daemon: frag_arrival: seq=212 idx=6 total=13 fw_us=242100737 len=247

2026-09-12 19:43:42,710 INFO image_rx_daemon: frag_arrival: seq=212 idx=7 total=13 fw_us=242217731 len=247

2026-09-12 19:43:43,060 INFO image_rx_daemon: frag_arrival: seq=212 idx=10 total=13 fw_us=242568938 len=247

2026-09-12 19:43:43,173 INFO image_rx_daemon: frag_arrival: seq=212 idx=11 total=13 fw_us=242686080 len=247

2026-09-12 19:43:43,188 INFO image_rx_daemon: frag_arrival: seq=212 idx=12 total=13 fw_us=242718672 len=47

RFCO_PERTX during TX wait: profile_id=2 tx_status=0x00(OK) hop_idx=0 channel_idx=0 epoch=0 freq_hz=0 pkt_toa_us=15424 legal_dwell_used_us_10s=0

2026-09-12 19:43:43,220 INFO image_rx_daemon: command TX opcode=0x6c copy=1/1 OK (on air)

2026-09-12 19:43:43,361 INFO image_rx_daemon: frag_arrival: seq=215 idx=0 total=13 fw_us=242878704 len=247

2026-09-12 19:43:43,484 INFO image_rx_daemon: frag_arrival: seq=215 idx=1 total=13 fw_us=242995271 len=247

2026-09-12 19:43:43,596 INFO image_rx_daemon: frag_arrival: seq=215 idx=2 total=13 fw_us=243112334 len=247

2026-09-12 19:43:43,716 INFO image_rx_daemon: frag_arrival: seq=215 idx=3 total=13 fw_us=243229430 len=247

2026-09-12 19:43:43,836 INFO image_rx_daemon: frag_arrival: seq=215 idx=4 total=13 fw_us=243346572 len=247

2026-09-12 19:43:43,957 INFO image_rx_daemon: frag_arrival: seq=215 idx=5 total=13 fw_us=243463420 len=247

2026-09-12 19:43:44,064 INFO image_rx_daemon: frag_arrival: seq=215 idx=6 total=13 fw_us=243580469 len=247

2026-09-12 19:43:44,184 INFO image_rx_daemon: frag_arrival: seq=215 idx=7 total=13 fw_us=243697709 len=247

2026-09-12 19:43:44,304 INFO image_rx_daemon: frag_arrival: seq=215 idx=8 total=13 fw_us=243814604 len=247

2026-09-12 19:43:44,414 INFO image_rx_daemon: frag_arrival: seq=215 idx=9 total=13 fw_us=243931555 len=247

2026-09-12 19:43:44,532 INFO image_rx_daemon: frag_arrival: seq=215 idx=10 total=13 fw_us=244048584 len=247

2026-09-12 19:43:44,628 WARNING image_rx_daemon: crc_dump: irq=0x70 rx_len=255 snr=2.0 rssi=-66 dump=cf26d156db55d53a8f42a0ee90ede78bdd5dab55ec1c0c201ab859cef6017760dd55b4504702f9c23f29e7976fe85f605fd61140a16d02f0b7de2ea1895318474e14aef8f4530da14435e5affcb6f6d8d7e2308a13c2b9570d794ba3d7f7e6ddfafae00d9686ee4f5cbfbfd076773479559b29d3ef1dd5269f42fdafd988f56fb6a05c742f005d3d8dbd1a881013ccb8da0750cf0916c80445f2240de23d2db8473fdfc0f2eb9eee7b98d2ebf5815f67de3253abde5c5306c28f8eacf8110ad63b8f15c931d5effce194bf134f3ad3d7feece692e96c8fe6b491e7729931a7e28c1d72d5c33301614505850af8dc25882a25d2acf0443c9a7a0698

2026-09-12 19:43:44,665 INFO image_rx_daemon: frag_arrival: seq=215 idx=12 total=13 fw_us=244194311 len=39

2026-09-12 19:43:44,857 INFO image_rx_daemon: frag_arrival: seq=218 idx=0 total=13 fw_us=244371767 len=247

2026-09-12 19:43:44,980 INFO image_rx_daemon: frag_arrival: seq=218 idx=1 total=13 fw_us=244488544 len=247

2026-09-12 19:43:45,088 INFO image_rx_daemon: frag_arrival: seq=218 idx=2 total=13 fw_us=244605657 len=247

2026-09-12 19:43:45,208 INFO image_rx_daemon: frag_arrival: seq=218 idx=3 total=13 fw_us=244722850 len=247

2026-09-12 19:43:45,330 INFO image_rx_daemon: frag_arrival: seq=218 idx=4 total=13 fw_us=244839731 len=247

2026-09-12 19:43:45,428 INFO image_rx_daemon: frag_arrival: seq=218 idx=5 total=13 fw_us=244956699 len=247

2026-09-12 19:43:45,565 INFO image_rx_daemon: frag_arrival: seq=218 idx=6 total=13 fw_us=245073793 len=247

2026-09-12 19:43:45,676 INFO image_rx_daemon: frag_arrival: seq=218 idx=7 total=13 fw_us=245190852 len=247

2026-09-12 19:43:45,793 INFO image_rx_daemon: frag_arrival: seq=218 idx=8 total=13 fw_us=245307863 len=247

2026-09-12 19:43:45,910 INFO image_rx_daemon: frag_arrival: seq=218 idx=9 total=13 fw_us=245424830 len=247

2026-09-12 19:43:46,000 INFO image_rx_daemon: stats: rx_frames=925 rx_decode_err=0 frames_published=46 publish_err=0 reassembler_decode_err=0 reassembler_timeouts=27 parity_recon=0 idle_drain_deferred=13

2026-09-12 19:43:46,002 INFO image_rx_daemon: air_gap: n=79 dt_med=117059us dt_p95=261837us len_med=247B cmd_tx_ok=31 cmd_tx_fail=0

2026-09-12 19:43:46,006 INFO image_rx_daemon: air_gap_hist(ms): <20:1 <40:1 <80:2 <120:66 <200:4 <400:5

2026-09-12 19:43:46,007 INFO image_rx_daemon: rx_rf: n_rssi=79 n_snr=79 rssi[min/med/max]=-70/-69/-68 snr[min/med/max]=5.0/6.0/7.0

2026-09-12 19:43:46,008 INFO image_rx_daemon: phase_telemetry: valid=79 invalid=0 pre_f8=0 last_epoch=0 last_hop=0 slot_off=[0..0]

2026-09-12 19:43:46,008 INFO image_rx_daemon: air_gap_by_class: seq: n=70 med=117.0ms | boundary: n=6 med=261.8ms | post_loss: n=3 med=234.1ms

2026-09-12 19:43:46,009 INFO image_rx_daemon: lost_frag_idx: n=5 idx0=0 (0.00% of idx0 arrivals) other=5 (6.41%) verdict=not-clustered | top 11:2 6:1 8:1 9:1

2026-09-12 19:43:46,022 INFO image_rx_daemon: frag_arrival: seq=218 idx=10 total=13 fw_us=245541896 len=247

2026-09-12 19:43:46,137 INFO image_rx_daemon: frag_arrival: seq=218 idx=11 total=13 fw_us=245658898 len=247

2026-09-12 19:43:46,138 INFO image_rx_daemon: frag_arrival: seq=218 idx=12 total=13 fw_us=245677169 len=11

2026-09-12 19:43:46,139 INFO image_rx_daemon: published frame_id=0 seq=218 2923 B → lifetrac/v25/video/tile_delta

2026-09-12 19:43:46,341 INFO image_rx_daemon: frag_arrival: seq=221 idx=0 total=13 fw_us=245852370 len=247

2026-09-12 19:43:46,464 INFO image_rx_daemon: frag_arrival: seq=221 idx=1 total=13 fw_us=245969242 len=247

2026-09-12 19:43:46,573 INFO image_rx_daemon: frag_arrival: seq=221 idx=2 total=13 fw_us=246086296 len=247

2026-09-12 19:43:46,692 INFO image_rx_daemon: frag_arrival: seq=221 idx=3 total=13 fw_us=246203305 len=247

2026-09-12 19:43:46,812 INFO image_rx_daemon: frag_arrival: seq=221 idx=4 total=13 fw_us=246320356 len=247

2026-09-12 19:43:46,916 INFO image_rx_daemon: frag_arrival: seq=221 idx=5 total=13 fw_us=246437483 len=247

2026-09-12 19:43:47,026 INFO image_rx_daemon: frag_arrival: seq=221 idx=6 total=13 fw_us=246554367 len=247

2026-09-12 19:43:47,166 INFO image_rx_daemon: frag_arrival: seq=221 idx=7 total=13 fw_us=246671448 len=247

2026-09-12 19:43:47,276 INFO image_rx_daemon: frag_arrival: seq=221 idx=8 total=13 fw_us=246788442 len=247

2026-09-12 19:43:47,400 INFO image_rx_daemon: frag_arrival: seq=221 idx=9 total=13 fw_us=246905386 len=247

2026-09-12 19:43:47,504 INFO image_rx_daemon: frag_arrival: seq=221 idx=10 total=13 fw_us=247022423 len=247

2026-09-12 19:43:47,592 WARNING image_rx_daemon: crc_dump: irq=0x70 rx_len=255 snr=6.0 rssi=-65 dump=ddae050677fa34dd7c8a73ee0f8da41fd3c506de1a23102092319af6227cead4c6a66acd24fd9fe5d06e89bd8c5fc3ae7ea9685d1559a7f89cf8d02db88e4b976182f017c1510f56271f5b0d20cf7bd69b2f2abe79d2e9f050ebefaf4dacee06706a13e48947eeaeb0120ed4f01eefeafeeca0d57b59c9678c43f140e02a95490b9230d023e1d11497fdecadc7a9c3d63b1dfca345cc5cd64d244c304ef0b7affba28fda85a3c5fd800cc51bb84c182437bccd49bc4d447d71dcd29a2d7b6c8fa495361d4f7f29400a08d0b503ef1ace99467d73c0431b005abcb6cb40e821a8fbdd540f7a9067e3066a1f9b26af20fa7f7eb388d32927a6203350

2026-09-12 19:43:47,664 INFO image_rx_daemon: frag_arrival: seq=221 idx=12 total=13 fw_us=247185030 len=80

RFCO_PERTX during TX wait: profile_id=2 tx_status=0x00(OK) hop_idx=0 channel_idx=0 epoch=0 freq_hz=0 pkt_toa_us=15424 legal_dwell_used_us_10s=0

2026-09-12 19:43:47,691 INFO image_rx_daemon: command TX opcode=0x6c copy=1/1 OK (on air)

2026-09-12 19:43:47,926 INFO image_rx_daemon: frag_arrival: seq=224 idx=0 total=12 fw_us=247443604 len=247

2026-09-12 19:43:48,044 INFO image_rx_daemon: frag_arrival: seq=224 idx=1 total=12 fw_us=247560398 len=247

2026-09-12 19:43:48,164 INFO image_rx_daemon: frag_arrival: seq=224 idx=2 total=12 fw_us=247677670 len=247

2026-09-12 19:43:48,272 INFO image_rx_daemon: frag_arrival: seq=224 idx=3 total=12 fw_us=247794588 len=247

2026-09-12 19:43:48,400 INFO image_rx_daemon: frag_arrival: seq=224 idx=4 total=12 fw_us=247911595 len=247

2026-09-12 19:43:48,512 INFO image_rx_daemon: frag_arrival: seq=224 idx=5 total=12 fw_us=248028758 len=247

2026-09-12 19:43:48,636 INFO image_rx_daemon: frag_arrival: seq=224 idx=6 total=12 fw_us=248145799 len=247

2026-09-12 19:43:48,744 INFO image_rx_daemon: frag_arrival: seq=224 idx=7 total=12 fw_us=248262683 len=247

2026-09-12 19:43:48,864 INFO image_rx_daemon: frag_arrival: seq=224 idx=8 total=12 fw_us=248379937 len=247

2026-09-12 19:43:48,983 INFO image_rx_daemon: frag_arrival: seq=224 idx=9 total=12 fw_us=248496721 len=247

2026-09-12 19:43:49,101 INFO image_rx_daemon: frag_arrival: seq=224 idx=10 total=12 fw_us=248613730 len=247

2026-09-12 19:43:49,210 INFO image_rx_daemon: frag_arrival: seq=224 idx=11 total=12 fw_us=248725109 len=241

2026-09-12 19:43:49,212 INFO image_rx_daemon: published frame_id=0 seq=224 2910 B → lifetrac/v25/video/tile_delta

2026-09-12 19:43:49,404 INFO image_rx_daemon: frag_arrival: seq=227 idx=0 total=13 fw_us=248917526 len=247

2026-09-12 19:43:49,634 INFO image_rx_daemon: frag_arrival: seq=227 idx=2 total=13 fw_us=249151483 len=247

2026-09-12 19:43:49,756 INFO image_rx_daemon: frag_arrival: seq=227 idx=3 total=13 fw_us=249268574 len=247

2026-09-12 19:43:49,880 INFO image_rx_daemon: frag_arrival: seq=227 idx=4 total=13 fw_us=249385616 len=247

2026-09-12 19:43:49,991 INFO image_rx_daemon: frag_arrival: seq=227 idx=5 total=13 fw_us=249502677 len=247

2026-09-12 19:43:50,109 INFO image_rx_daemon: frag_arrival: seq=227 idx=6 total=13 fw_us=249619655 len=247

2026-09-12 19:43:50,218 INFO image_rx_daemon: frag_arrival: seq=227 idx=7 total=13 fw_us=249736722 len=247

2026-09-12 19:43:50,337 INFO image_rx_daemon: frag_arrival: seq=227 idx=8 total=13 fw_us=249853762 len=247

2026-09-12 19:43:50,469 INFO image_rx_daemon: frag_arrival: seq=227 idx=9 total=13 fw_us=249970663 len=247

2026-09-12 19:43:50,577 INFO image_rx_daemon: frag_arrival: seq=227 idx=10 total=13 fw_us=250087814 len=247

2026-09-12 19:43:50,695 INFO image_rx_daemon: frag_arrival: seq=227 idx=11 total=13 fw_us=250204747 len=247

2026-09-12 19:43:50,725 INFO image_rx_daemon: frag_arrival: seq=227 idx=12 total=13 fw_us=250246513 len=71

RFCO_PERTX during TX wait: profile_id=2 tx_status=0x00(OK) hop_idx=0 channel_idx=0 epoch=0 freq_hz=0 pkt_toa_us=15424 legal_dwell_used_us_10s=0

2026-09-12 19:43:50,752 INFO image_rx_daemon: command TX opcode=0x6c copy=1/1 OK (on air)

2026-09-12 19:43:50,995 INFO image_rx_daemon: frag_arrival: seq=230 idx=0 total=12 fw_us=250508751 len=247

2026-09-12 19:43:51,103 INFO image_rx_daemon: frag_arrival: seq=230 idx=1 total=12 fw_us=250625451 len=247

2026-09-12 19:43:51,233 INFO image_rx_daemon: frag_arrival: seq=230 idx=2 total=12 fw_us=250742708 len=247

2026-09-12 19:43:51,352 INFO image_rx_daemon: frag_arrival: seq=230 idx=3 total=12 fw_us=250859715 len=247

2026-09-12 19:43:51,454 INFO image_rx_daemon: frag_arrival: seq=230 idx=4 total=12 fw_us=250976530 len=247

2026-09-12 19:43:51,584 INFO image_rx_daemon: frag_arrival: seq=230 idx=5 total=12 fw_us=251093758 len=247

2026-09-12 19:43:51,694 INFO image_rx_daemon: frag_arrival: seq=230 idx=6 total=12 fw_us=251210813 len=247

2026-09-12 19:43:51,812 INFO image_rx_daemon: frag_arrival: seq=230 idx=7 total=12 fw_us=251327965 len=247

2026-09-12 19:43:51,928 INFO image_rx_daemon: frag_arrival: seq=230 idx=8 total=12 fw_us=251444905 len=247

2026-09-12 19:43:52,038 INFO image_rx_daemon: frag_arrival: seq=230 idx=9 total=12 fw_us=251561728 len=247

2026-09-12 19:43:52,163 INFO image_rx_daemon: frag_arrival: seq=230 idx=10 total=12 fw_us=251678952 len=247

2026-09-12 19:43:52,264 WARNING image_rx_daemon: crc_dump: irq=0x70 rx_len=255 snr=0.2 rssi=-66 dump=010200000000003a0b8da424bffa0ff36167a7c3b50fdb3f47ecdeda33a684611e632acdec5c3fd5a8283eda648ba2ae8c48142ea4259b5985deab21ec3b0decd0a7acd61f40fe7380c1b615a277bf1fb6901843a88105123826477f0922a92192cda8fd3d5b8129dba1f5a3cf90fcae7d378b5adbf076afd0406b81d97cfb5ab92923598e09aff629679e01c9a9096f172cb87f8b9e7be6d5b7a7eed86a7aa9caa6d7bb8a24a9fd036c04e536554a2b3179b29d14471b45279e78054703e990a1d2432190d18848ed5fdfa965f4ae23d8b9fc1aef4c65bd5c2f90c4240cc88d9f5b568c64b15dae29ac4c7f58b89b68af937a53a0c5a84dc1f838

2026-09-12 19:43:52,464 INFO image_rx_daemon: frag_arrival: seq=233 idx=0 total=13 fw_us=251982731 len=247

2026-09-12 19:43:52,584 INFO image_rx_daemon: frag_arrival: seq=233 idx=1 total=13 fw_us=252099523 len=247

2026-09-12 19:43:52,703 INFO image_rx_daemon: frag_arrival: seq=233 idx=2 total=13 fw_us=252216501 len=247

2026-09-12 19:43:52,824 INFO image_rx_daemon: frag_arrival: seq=233 idx=3 total=13 fw_us=252333591 len=247

2026-09-12 19:43:52,936 INFO image_rx_daemon: frag_arrival: seq=233 idx=4 total=13 fw_us=252450641 len=247

2026-09-12 19:43:53,053 INFO image_rx_daemon: frag_arrival: seq=233 idx=5 total=13 fw_us=252567687 len=247

2026-09-12 19:43:53,162 INFO image_rx_daemon: frag_arrival: seq=233 idx=6 total=13 fw_us=252684786 len=247

2026-09-12 19:43:53,293 INFO image_rx_daemon: frag_arrival: seq=233 idx=7 total=13 fw_us=252801885 len=247

2026-09-12 19:43:53,404 INFO image_rx_daemon: frag_arrival: seq=233 idx=8 total=13 fw_us=252918786 len=247

2026-09-12 19:43:53,524 INFO image_rx_daemon: frag_arrival: seq=233 idx=9 total=13 fw_us=253036033 len=247

2026-09-12 19:43:53,632 INFO image_rx_daemon: frag_arrival: seq=233 idx=10 total=13 fw_us=253153104 len=247

2026-09-12 19:43:53,758 INFO image_rx_daemon: frag_arrival: seq=233 idx=11 total=13 fw_us=253270138 len=247

2026-09-12 19:43:53,759 INFO image_rx_daemon: frag_arrival: seq=233 idx=12 total=13 fw_us=253293580 len=22

2026-09-12 19:43:53,760 INFO image_rx_daemon: published frame_id=0 seq=233 2934 B → lifetrac/v25/video/tile_delta

2026-09-12 19:43:53,953 INFO image_rx_daemon: frag_arrival: seq=236 idx=0 total=13 fw_us=253470088 len=247

2026-09-12 19:43:54,076 INFO image_rx_daemon: frag_arrival: seq=236 idx=1 total=13 fw_us=253586889 len=247

2026-09-12 19:43:54,194 INFO image_rx_daemon: frag_arrival: seq=236 idx=2 total=13 fw_us=253704033 len=247

2026-09-12 19:43:54,313 INFO image_rx_daemon: frag_arrival: seq=236 idx=3 total=13 fw_us=253821080 len=247

2026-09-12 19:43:54,421 INFO image_rx_daemon: frag_arrival: seq=236 idx=4 total=13 fw_us=253938124 len=247

2026-09-12 19:43:54,540 INFO image_rx_daemon: frag_arrival: seq=236 idx=5 total=13 fw_us=254055301 len=247

2026-09-12 19:43:54,664 INFO image_rx_daemon: frag_arrival: seq=236 idx=6 total=13 fw_us=254172370 len=247

2026-09-12 19:43:54,773 INFO image_rx_daemon: frag_arrival: seq=236 idx=7 total=13 fw_us=254289342 len=247

2026-09-12 19:43:54,892 INFO image_rx_daemon: frag_arrival: seq=236 idx=8 total=13 fw_us=254406375 len=247

2026-09-12 19:43:55,007 INFO image_rx_daemon: frag_arrival: seq=236 idx=9 total=13 fw_us=254523388 len=247

2026-09-12 19:43:55,128 INFO image_rx_daemon: frag_arrival: seq=236 idx=10 total=13 fw_us=254640467 len=247

2026-09-12 19:43:55,240 INFO image_rx_daemon: frag_arrival: seq=236 idx=11 total=13 fw_us=254757537 len=247

2026-09-12 19:43:55,254 INFO image_rx_daemon: frag_arrival: seq=236 idx=12 total=13 fw_us=254787557 len=41

2026-09-12 19:43:55,257 INFO image_rx_daemon: published frame_id=0 seq=236 2953 B → lifetrac/v25/video/tile_delta

2026-09-12 19:43:55,437 INFO image_rx_daemon: frag_arrival: seq=239 idx=0 total=13 fw_us=254965033 len=247

2026-09-12 19:43:55,565 INFO image_rx_daemon: frag_arrival: seq=239 idx=1 total=13 fw_us=255081838 len=247

2026-09-12 19:43:55,691 INFO image_rx_daemon: frag_arrival: seq=239 idx=2 total=13 fw_us=255199140 len=247

2026-09-12 19:43:55,804 INFO image_rx_daemon: frag_arrival: seq=239 idx=3 total=13 fw_us=255316209 len=247

2026-09-12 19:43:55,921 INFO image_rx_daemon: frag_arrival: seq=239 idx=4 total=13 fw_us=255433196 len=247

2026-09-12 19:43:56,010 INFO image_rx_daemon: stats: rx_frames=1006 rx_decode_err=0 frames_published=50 publish_err=0 reassembler_decode_err=0 reassembler_timeouts=31 parity_recon=0 idle_drain_deferred=13

2026-09-12 19:43:56,011 INFO image_rx_daemon: air_gap: n=81 dt_med=117046us dt_p95=192417us len_med=247B cmd_tx_ok=33 cmd_tx_fail=0

2026-09-12 19:43:56,011 INFO image_rx_daemon: air_gap_hist(ms): <20:1 <40:2 <80:1 <120:68 <200:5 <400:4

2026-09-12 19:43:56,012 INFO image_rx_daemon: rx_rf: n_rssi=81 n_snr=81 rssi[min/med/max]=-70/-69/-68 snr[min/med/max]=5.0/6.0/6.0

2026-09-12 19:43:56,012 INFO image_rx_daemon: phase_telemetry: valid=81 invalid=0 pre_f8=0 last_epoch=0 last_hop=0 slot_off=[0..0]

2026-09-12 19:43:56,013 INFO image_rx_daemon: air_gap_by_class: seq: n=72 med=117.0ms | boundary: n=7 med=192.4ms | post_loss: n=2 med=234.0ms

2026-09-12 19:43:56,013 INFO image_rx_daemon: lost_frag_idx: n=3 idx0=0 (0.00% of idx0 arrivals) other=3 (3.90%) verdict=not-clustered | top 11:2 1:1

2026-09-12 19:43:56,031 INFO image_rx_daemon: frag_arrival: seq=239 idx=5 total=13 fw_us=255550344 len=247

2026-09-12 19:43:56,149 INFO image_rx_daemon: frag_arrival: seq=239 idx=6 total=13 fw_us=255667473 len=247

2026-09-12 19:43:56,269 INFO image_rx_daemon: frag_arrival: seq=239 idx=7 total=13 fw_us=255784532 len=247

2026-09-12 19:43:56,392 INFO image_rx_daemon: frag_arrival: seq=239 idx=8 total=13 fw_us=255901569 len=247

2026-09-12 19:43:56,500 INFO image_rx_daemon: frag_arrival: seq=239 idx=9 total=13 fw_us=256018688 len=247

2026-09-12 19:43:56,624 INFO image_rx_daemon: frag_arrival: seq=239 idx=10 total=13 fw_us=256135806 len=247

2026-09-12 19:43:56,741 INFO image_rx_daemon: frag_arrival: seq=239 idx=11 total=13 fw_us=256252844 len=247

2026-09-12 19:43:56,755 INFO image_rx_daemon: frag_arrival: seq=239 idx=12 total=13 fw_us=256281544 len=37

2026-09-12 19:43:56,758 INFO image_rx_daemon: published frame_id=0 seq=239 2949 B → lifetrac/v25/video/tile_delta

RFCO_PERTX during TX wait: profile_id=2 tx_status=0x00(OK) hop_idx=0 channel_idx=0 epoch=0 freq_hz=0 pkt_toa_us=15424 legal_dwell_used_us_10s=0

2026-09-12 19:43:56,784 INFO image_rx_daemon: command TX opcode=0x6c copy=1/1 OK (on air)

2026-09-12 19:43:56,924 INFO image_rx_daemon: frag_arrival: seq=242 idx=0 total=13 fw_us=256441344 len=247

2026-09-12 19:43:57,033 INFO image_rx_daemon: frag_arrival: seq=242 idx=1 total=13 fw_us=256559030 len=247

2026-09-12 19:43:57,153 INFO image_rx_daemon: frag_arrival: seq=242 idx=2 total=13 fw_us=256675033 len=247

2026-09-12 19:43:57,288 INFO image_rx_daemon: frag_arrival: seq=242 idx=3 total=13 fw_us=256792209 len=247

2026-09-12 19:43:57,395 INFO image_rx_daemon: frag_arrival: seq=242 idx=4 total=13 fw_us=256909210 len=247

2026-09-12 19:43:57,511 INFO image_rx_daemon: frag_arrival: seq=242 idx=5 total=13 fw_us=257026367 len=247

2026-09-12 19:43:57,634 INFO image_rx_daemon: frag_arrival: seq=242 idx=6 total=13 fw_us=257143463 len=247

2026-09-12 19:43:57,731 INFO image_rx_daemon: frag_arrival: seq=242 idx=7 total=13 fw_us=257260535 len=247

2026-09-12 19:43:57,849 INFO image_rx_daemon: frag_arrival: seq=242 idx=8 total=13 fw_us=257377624 len=247

2026-09-12 19:43:57,977 INFO image_rx_daemon: frag_arrival: seq=242 idx=9 total=13 fw_us=257494657 len=247

2026-09-12 19:43:58,095 INFO image_rx_daemon: frag_arrival: seq=242 idx=10 total=13 fw_us=257611825 len=247

2026-09-12 19:43:58,213 INFO image_rx_daemon: frag_arrival: seq=242 idx=11 total=13 fw_us=257728918 len=247

2026-09-12 19:43:58,226 INFO image_rx_daemon: frag_arrival: seq=242 idx=12 total=13 fw_us=257758946 len=41

2026-09-12 19:43:58,229 INFO image_rx_daemon: published frame_id=0 seq=242 2953 B → lifetrac/v25/video/tile_delta

2026-09-12 19:43:58,424 INFO image_rx_daemon: frag_arrival: seq=245 idx=0 total=13 fw_us=257936247 len=247

2026-09-12 19:43:58,542 INFO image_rx_daemon: frag_arrival: seq=245 idx=1 total=13 fw_us=258053307 len=247

2026-09-12 19:43:58,657 INFO image_rx_daemon: frag_arrival: seq=245 idx=2 total=13 fw_us=258170439 len=247

2026-09-12 19:43:58,776 INFO image_rx_daemon: frag_arrival: seq=245 idx=3 total=13 fw_us=258287414 len=247

2026-09-12 19:43:58,886 INFO image_rx_daemon: frag_arrival: seq=245 idx=4 total=13 fw_us=258404361 len=247

2026-09-12 19:43:58,995 INFO image_rx_daemon: frag_arrival: seq=245 idx=5 total=13 fw_us=258521544 len=247

2026-09-12 19:43:59,117 INFO image_rx_daemon: frag_arrival: seq=245 idx=6 total=13 fw_us=258638717 len=247

2026-09-12 19:43:59,240 INFO image_rx_daemon: frag_arrival: seq=245 idx=7 total=13 fw_us=258755760 len=247

2026-09-12 19:43:59,364 INFO image_rx_daemon: frag_arrival: seq=245 idx=8 total=13 fw_us=258872758 len=247

2026-09-12 19:43:59,473 INFO image_rx_daemon: frag_arrival: seq=245 idx=9 total=13 fw_us=258989797 len=247

2026-09-12 19:43:59,592 INFO image_rx_daemon: frag_arrival: seq=245 idx=10 total=13 fw_us=259106851 len=247

2026-09-12 19:43:59,707 INFO image_rx_daemon: frag_arrival: seq=245 idx=11 total=13 fw_us=259223873 len=247

2026-09-12 19:43:59,748 INFO image_rx_daemon: frag_arrival: seq=245 idx=12 total=13 fw_us=259268256 len=79

2026-09-12 19:43:59,752 INFO image_rx_daemon: published frame_id=0 seq=245 2991 B → lifetrac/v25/video/tile_delta

RFCO_PERTX during TX wait: profile_id=2 tx_status=0x00(OK) hop_idx=0 channel_idx=0 epoch=0 freq_hz=0 pkt_toa_us=15424 legal_dwell_used_us_10s=0

2026-09-12 19:43:59,778 INFO image_rx_daemon: command TX opcode=0x6c copy=1/1 OK (on air)

2026-09-12 19:44:00,004 INFO image_rx_daemon: frag_arrival: seq=251 idx=0 total=13 fw_us=259528115 len=247

2026-09-12 19:44:00,133 INFO image_rx_daemon: frag_arrival: seq=251 idx=1 total=13 fw_us=259644931 len=247

2026-09-12 19:44:00,248 INFO image_rx_daemon: frag_arrival: seq=251 idx=2 total=13 fw_us=259762032 len=247

2026-09-12 19:44:00,365 INFO image_rx_daemon: frag_arrival: seq=251 idx=3 total=13 fw_us=259879033 len=247

2026-09-12 19:44:00,484 INFO image_rx_daemon: frag_arrival: seq=251 idx=4 total=13 fw_us=259996176 len=247

2026-09-12 19:44:00,608 INFO image_rx_daemon: frag_arrival: seq=251 idx=5 total=13 fw_us=260113290 len=247

2026-09-12 19:44:00,716 INFO image_rx_daemon: frag_arrival: seq=251 idx=6 total=13 fw_us=260230280 len=247

2026-09-12 19:44:00,833 INFO image_rx_daemon: frag_arrival: seq=251 idx=7 total=13 fw_us=260347352 len=247

2026-09-12 19:44:00,959 INFO image_rx_daemon: frag_arrival: seq=251 idx=8 total=13 fw_us=260464384 len=247

2026-09-12 19:44:01,063 INFO image_rx_daemon: frag_arrival: seq=251 idx=9 total=13 fw_us=260581247 len=247

2026-09-12 19:44:01,184 INFO image_rx_daemon: frag_arrival: seq=251 idx=10 total=13 fw_us=260698502 len=247

2026-09-12 19:44:01,308 INFO image_rx_daemon: frag_arrival: seq=251 idx=11 total=13 fw_us=260815576 len=247

2026-09-12 19:44:01,338 INFO image_rx_daemon: frag_arrival: seq=251 idx=12 total=13 fw_us=260860021 len=81

2026-09-12 19:44:01,341 INFO image_rx_daemon: published frame_id=0 seq=251 2993 B → lifetrac/v25/video/tile_delta

2026-09-12 19:44:01,612 INFO image_rx_daemon: frag_arrival: seq=252 idx=0 total=12 fw_us=261119576 len=247

2026-09-12 19:44:01,724 INFO image_rx_daemon: frag_arrival: seq=252 idx=1 total=12 fw_us=261236815 len=247

2026-09-12 19:44:01,842 INFO image_rx_daemon: frag_arrival: seq=252 idx=2 total=12 fw_us=261353838 len=247

2026-09-12 19:44:01,959 INFO image_rx_daemon: frag_arrival: seq=252 idx=3 total=12 fw_us=261470795 len=247

2026-09-12 19:44:02,076 INFO image_rx_daemon: frag_arrival: seq=252 idx=4 total=12 fw_us=261587894 len=247

2026-09-12 19:44:02,195 INFO image_rx_daemon: frag_arrival: seq=252 idx=5 total=12 fw_us=261706030 len=247

2026-09-12 19:44:02,296 INFO image_rx_daemon: frag_arrival: seq=252 idx=6 total=12 fw_us=261823030 len=247

2026-09-12 19:44:02,426 INFO image_rx_daemon: frag_arrival: seq=252 idx=7 total=12 fw_us=261939033 len=247

2026-09-12 19:44:02,546 INFO image_rx_daemon: frag_arrival: seq=252 idx=8 total=12 fw_us=262057030 len=247

2026-09-12 19:44:02,656 INFO image_rx_daemon: frag_arrival: seq=252 idx=9 total=12 fw_us=262173022 len=247

2026-09-12 19:44:02,776 INFO image_rx_daemon: frag_arrival: seq=252 idx=10 total=12 fw_us=262290165 len=247

2026-09-12 19:44:02,876 WARNING image_rx_daemon: crc_dump: irq=0x70 rx_len=255 snr=-0.5 rssi=-66 dump=0102000000000071a346820a2be9ce2f0075a7f3130e4ffd678c975686031201eea1626f4998aee6cda437fc6fe70a405bad16cd4a62454f36b19087c7c9d177927e6ebde2d53d06d52012b294bc6ffca19dfc65ed4654cd5f3e5274d0456e418361725eb9942e2a6d59029b86eade0b9526818aafadd5940726bd2c5e862b056bac278eac8b31a14e6f36aa684613fe2414bce36c2b4621d02af77c33090adcca48183ae68203e63005fd260150ff1f9f6fab6370171f49cb69e81c8972aa7f491e5ca3929e610f00fce0a7a6d75b5daeb41d2b9f74b9f4ff28abd70a1e8153ed5365454d3a6d50267925207fb712cfe9214b07b5b9b6723b513e

2026-09-12 19:44:03,077 INFO image_rx_daemon: frag_arrival: seq=254 idx=0 total=12 fw_us=262594159 len=247

2026-09-12 19:44:03,195 INFO image_rx_daemon: frag_arrival: seq=254 idx=1 total=12 fw_us=262711270 len=247

2026-09-12 19:44:03,311 INFO image_rx_daemon: frag_arrival: seq=254 idx=2 total=12 fw_us=262828172 len=247

2026-09-12 19:44:03,432 INFO image_rx_daemon: frag_arrival: seq=254 idx=3 total=12 fw_us=262945161 len=247

2026-09-12 19:44:03,549 INFO image_rx_daemon: frag_arrival: seq=254 idx=4 total=12 fw_us=263062323 len=247

2026-09-12 19:44:03,669 INFO image_rx_daemon: frag_arrival: seq=254 idx=5 total=12 fw_us=263179515 len=247

2026-09-12 19:44:03,777 INFO image_rx_daemon: frag_arrival: seq=254 idx=6 total=12 fw_us=263296585 len=247

2026-09-12 19:44:03,896 INFO image_rx_daemon: frag_arrival: seq=254 idx=7 total=12 fw_us=263413711 len=247

2026-09-12 19:44:04,006 INFO image_rx_daemon: frag_arrival: seq=254 idx=8 total=12 fw_us=263530742 len=247

2026-09-12 19:44:04,140 INFO image_rx_daemon: frag_arrival: seq=254 idx=9 total=12 fw_us=263647654 len=247

2026-09-12 19:44:04,248 INFO image_rx_daemon: frag_arrival: seq=254 idx=10 total=12 fw_us=263764927 len=247

2026-09-12 19:44:04,368 INFO image_rx_daemon: frag_arrival: seq=254 idx=11 total=12 fw_us=263881985 len=246

2026-09-12 19:44:04,369 INFO image_rx_daemon: published frame_id=0 seq=254 2915 B → lifetrac/v25/video/tile_delta

RFCO_PERTX during TX wait: profile_id=2 tx_status=0x00(OK) hop_idx=0 channel_idx=0 epoch=0 freq_hz=0 pkt_toa_us=15424 legal_dwell_used_us_10s=0

2026-09-12 19:44:04,401 INFO image_rx_daemon: command TX opcode=0x6c copy=1/1 OK (on air)

2026-09-12 19:44:04,549 INFO image_rx_daemon: frag_arrival: seq=1 idx=0 total=13 fw_us=264068779 len=247

2026-09-12 19:44:04,669 INFO image_rx_daemon: frag_arrival: seq=1 idx=1 total=13 fw_us=264185750 len=247

2026-09-12 19:44:04,788 INFO image_rx_daemon: frag_arrival: seq=1 idx=2 total=13 fw_us=264302864 len=247

2026-09-12 19:44:04,910 INFO image_rx_daemon: frag_arrival: seq=1 idx=3 total=13 fw_us=264419835 len=247

2026-09-12 19:44:05,016 INFO image_rx_daemon: frag_arrival: seq=1 idx=4 total=13 fw_us=264536966 len=247

2026-09-12 19:44:05,136 INFO image_rx_daemon: frag_arrival: seq=1 idx=5 total=13 fw_us=264655030 len=247

2026-09-12 19:44:05,257 INFO image_rx_daemon: frag_arrival: seq=1 idx=6 total=13 fw_us=264771103 len=247

2026-09-12 19:44:05,376 INFO image_rx_daemon: frag_arrival: seq=1 idx=7 total=13 fw_us=264888033 len=247

2026-09-12 19:44:05,474 INFO image_rx_daemon: frag_arrival: seq=1 idx=8 total=13 fw_us=265005115 len=247

2026-09-12 19:44:05,719 INFO image_rx_daemon: frag_arrival: seq=1 idx=10 total=13 fw_us=265239195 len=247

2026-09-12 19:44:05,828 INFO image_rx_daemon: frag_arrival: seq=1 idx=11 total=13 fw_us=265356260 len=247

2026-09-12 19:44:05,868 INFO image_rx_daemon: frag_arrival: seq=1 idx=12 total=13 fw_us=265399030 len=73

RFCO_PERTX during TX wait: profile_id=2 tx_status=0x00(OK) hop_idx=0 channel_idx=0 epoch=0 freq_hz=0 pkt_toa_us=15424 legal_dwell_used_us_10s=0

2026-09-12 19:44:05,897 INFO image_rx_daemon: command TX opcode=0x6c copy=1/1 OK (on air)

2026-09-12 19:44:06,017 INFO image_rx_daemon: stats: rx_frames=1088 rx_decode_err=0 frames_published=55 publish_err=0 reassembler_decode_err=0 reassembler_timeouts=32 parity_recon=0 idle_drain_deferred=14

2026-09-12 19:44:06,017 INFO image_rx_daemon: air_gap: n=82 dt_med=117072us dt_p95=186794us len_med=247B cmd_tx_ok=37 cmd_tx_fail=0

2026-09-12 19:44:06,018 INFO image_rx_daemon: air_gap_hist(ms): <40:2 <80:3 <120:70 <200:3 <400:4

2026-09-12 19:44:06,019 INFO image_rx_daemon: rx_rf: n_rssi=82 n_snr=82 rssi[min/med/max]=-70/-69/-68 snr[min/med/max]=5.0/6.0/7.0

2026-09-12 19:44:06,019 INFO image_rx_daemon: phase_telemetry: valid=82 invalid=0 pre_f8=0 last_epoch=0 last_hop=0 slot_off=[0..0]

2026-09-12 19:44:06,020 INFO image_rx_daemon: air_gap_by_class: seq: n=75 med=117.1ms | boundary: n=6 med=259.6ms | post_loss: n=1 med=234.1ms

2026-09-12 19:44:06,020 INFO image_rx_daemon: lost_frag_idx: n=2 idx0=0 (0.00% of idx0 arrivals) other=2 (2.56%) verdict=not-clustered | top 11:1 9:1

2026-09-12 19:44:06,144 INFO image_rx_daemon: frag_arrival: seq=7 idx=0 total=13 fw_us=265660323 len=247

2026-09-12 19:44:06,266 INFO image_rx_daemon: frag_arrival: seq=7 idx=1 total=13 fw_us=265777012 len=247

2026-09-12 19:44:06,376 INFO image_rx_daemon: frag_arrival: seq=7 idx=2 total=13 fw_us=265894033 len=247

2026-09-12 19:44:06,493 INFO image_rx_daemon: frag_arrival: seq=7 idx=3 total=13 fw_us=266011228 len=247

2026-09-12 19:44:06,612 INFO image_rx_daemon: frag_arrival: seq=7 idx=4 total=13 fw_us=266128352 len=247

2026-09-12 19:44:06,734 INFO image_rx_daemon: frag_arrival: seq=7 idx=5 total=13 fw_us=266245412 len=247

2026-09-12 19:44:06,848 INFO image_rx_daemon: frag_arrival: seq=7 idx=6 total=13 fw_us=266362533 len=247

2026-09-12 19:44:06,968 INFO image_rx_daemon: frag_arrival: seq=7 idx=7 total=13 fw_us=266479451 len=247

2026-09-12 19:44:07,075 INFO image_rx_daemon: frag_arrival: seq=7 idx=8 total=13 fw_us=266596575 len=247

2026-09-12 19:44:07,173 WARNING image_rx_daemon: crc_dump: irq=0x70 rx_len=255 snr=-1.2 rssi=-65 dump=ee9a8cfbfb816b4a96db8efcd8c0c0eca95b2fe7e4afed9292bf748fa5d2fab8030d5b3f6efdc614409751dc33ff223a28affed033cd9c356fafa8dcbf13eac554e237f47e60fcc627c6a2456d382d6782bbd2b9ebf573362a0b40caff0b6be5b5fbc7e2bcce7c0a796023db0208d765155046d04bb4f4ad4a26d4f65a3fd640508601227365ceda472eccb6f3ffb70d958978951437b288db59e39580439f1ddfd806c9e0bf324b43e68cf98480a671def4f6692426185464ae803a56780ae3932fb1ebcb66c458b8251f55b8d35edbcd2d54a85cf98e29235364607d7e0de672769d0d7663a9ea9143b0ac9336c46523d74ed7dcbad035cfe73e

2026-09-12 19:44:07,316 INFO image_rx_daemon: frag_arrival: seq=7 idx=10 total=13 fw_us=266830690 len=247

2026-09-12 19:44:07,440 INFO image_rx_daemon: frag_arrival: seq=7 idx=11 total=13 fw_us=266947623 len=247

2026-09-12 19:44:07,454 INFO image_rx_daemon: frag_arrival: seq=7 idx=12 total=13 fw_us=266985507 len=63

2026-09-12 19:44:07,734 WARNING image_rx_daemon: crc_dump: irq=0x70 rx_len=255 snr=2.5 rssi=-69 dump=01c2000000000030fe08000c00080c082800ffff0f00000000000000000073522946466c000400574542505654382060000900500400bd012a200020003ec13ca74eb4e523b32808028018c964009d3325477b200042882a1e6d9a2be69800feeeb7d37a3a5cab7fe7a67fa4dfe5be07f5c1ccd3375ab48ef5663834d29b7c70ae005e162347a72e11023ae9ead906100000006ff24146466800000557454250565038205c0000005004009d012a200020003ec155a77e142523b324080240180964009d33f3882f200042802a7e5cdaa3e94006fadffdb027422553ff07177b3d882d75eb1464c4dcb0c1e7bd20512e0fb4a5c8543abff985eef4

2026-09-12 19:44:07,852 INFO image_rx_daemon: frag_arrival: seq=8 idx=1 total=13 fw_us=267368256 len=247

2026-09-12 19:44:07,970 INFO image_rx_daemon: frag_arrival: seq=8 idx=2 total=13 fw_us=267485609 len=247

2026-09-12 19:44:08,092 INFO image_rx_daemon: frag_arrival: seq=8 idx=3 total=13 fw_us=267602730 len=247

2026-09-12 19:44:08,204 INFO image_rx_daemon: frag_arrival: seq=8 idx=4 total=13 fw_us=267719821 len=247

2026-09-12 19:44:08,324 INFO image_rx_daemon: frag_arrival: seq=8 idx=5 total=13 fw_us=267836887 len=247

2026-09-12 19:44:08,436 INFO image_rx_daemon: frag_arrival: seq=8 idx=6 total=13 fw_us=267953941 len=247

2026-09-12 19:44:08,554 INFO image_rx_daemon: frag_arrival: seq=8 idx=7 total=13 fw_us=268070832 len=247

2026-09-12 19:44:08,676 INFO image_rx_daemon: frag_arrival: seq=8 idx=8 total=13 fw_us=268188137 len=247

2026-09-12 19:44:08,788 INFO image_rx_daemon: frag_arrival: seq=8 idx=9 total=13 fw_us=268305010 len=247

2026-09-12 19:44:08,908 INFO image_rx_daemon: frag_arrival: seq=8 idx=10 total=13 fw_us=268422220 len=247

2026-09-12 19:44:09,016 INFO image_rx_daemon: frag_arrival: seq=8 idx=11 total=13 fw_us=268539347 len=247

2026-09-12 19:44:09,056 INFO image_rx_daemon: frag_arrival: seq=8 idx=12 total=13 fw_us=268581176 len=74

2026-09-12 19:44:09,337 INFO image_rx_daemon: frag_arrival: seq=10 idx=0 total=13 fw_us=268843278 len=247

2026-09-12 19:44:09,436 INFO image_rx_daemon: frag_arrival: seq=10 idx=1 total=13 fw_us=268960389 len=247

2026-09-12 19:44:09,565 INFO image_rx_daemon: frag_arrival: seq=10 idx=2 total=13 fw_us=269077488 len=247

2026-09-12 19:44:09,681 INFO image_rx_daemon: frag_arrival: seq=10 idx=3 total=13 fw_us=269194610 len=247

2026-09-12 19:44:09,800 INFO image_rx_daemon: frag_arrival: seq=10 idx=4 total=13 fw_us=269311766 len=247

2026-09-12 19:44:09,896 INFO image_rx_daemon: frag_arrival: seq=10 idx=5 total=13 fw_us=269428938 len=247

2026-09-12 19:44:10,013 INFO image_rx_daemon: frag_arrival: seq=10 idx=6 total=13 fw_us=269546026 len=247

2026-09-12 19:44:10,141 INFO image_rx_daemon: frag_arrival: seq=10 idx=7 total=13 fw_us=269663090 len=247

2026-09-12 19:44:10,255 INFO image_rx_daemon: frag_arrival: seq=10 idx=8 total=13 fw_us=269780232 len=247

2026-09-12 19:44:10,385 INFO image_rx_daemon: frag_arrival: seq=10 idx=9 total=13 fw_us=269897162 len=247

2026-09-12 19:44:10,501 INFO image_rx_daemon: frag_arrival: seq=10 idx=10 total=13 fw_us=270014422 len=247

2026-09-12 19:44:10,614 INFO image_rx_daemon: frag_arrival: seq=10 idx=11 total=13 fw_us=270131481 len=247

2026-09-12 19:44:10,644 INFO image_rx_daemon: frag_arrival: seq=10 idx=12 total=13 fw_us=270173271 len=73

2026-09-12 19:44:10,648 INFO image_rx_daemon: published frame_id=0 seq=10 2985 B → lifetrac/v25/video/tile_delta

RFCO_PERTX during TX wait: profile_id=2 tx_status=0x00(OK) hop_idx=0 channel_idx=0 epoch=0 freq_hz=0 pkt_toa_us=15424 legal_dwell_used_us_10s=0

2026-09-12 19:44:10,674 INFO image_rx_daemon: command TX opcode=0x6c copy=1/1 OK (on air)

2026-09-12 19:44:10,920 INFO image_rx_daemon: frag_arrival: seq=13 idx=0 total=13 fw_us=270435582 len=247

2026-09-12 19:44:11,026 INFO image_rx_daemon: frag_arrival: seq=13 idx=1 total=13 fw_us=270552467 len=247

2026-09-12 19:44:11,153 INFO image_rx_daemon: frag_arrival: seq=13 idx=2 total=13 fw_us=270669653 len=247

2026-09-12 19:44:11,270 INFO image_rx_daemon: frag_arrival: seq=13 idx=3 total=13 fw_us=270786757 len=247

2026-09-12 19:44:11,389 INFO image_rx_daemon: frag_arrival: seq=13 idx=4 total=13 fw_us=270903628 len=247

2026-09-12 19:44:11,508 INFO image_rx_daemon: frag_arrival: seq=13 idx=5 total=13 fw_us=271020744 len=247

2026-09-12 19:44:11,616 INFO image_rx_daemon: frag_arrival: seq=13 idx=6 total=13 fw_us=271137877 len=247

2026-09-12 19:44:11,736 INFO image_rx_daemon: frag_arrival: seq=13 idx=7 total=13 fw_us=271254767 len=247

2026-09-12 19:44:11,862 INFO image_rx_daemon: frag_arrival: seq=13 idx=8 total=13 fw_us=271372016 len=247

2026-09-12 19:44:11,972 INFO image_rx_daemon: frag_arrival: seq=13 idx=9 total=13 fw_us=271488872 len=247

2026-09-12 19:44:12,094 INFO image_rx_daemon: frag_arrival: seq=13 idx=10 total=13 fw_us=271606117 len=247

2026-09-12 19:44:12,200 INFO image_rx_daemon: frag_arrival: seq=13 idx=11 total=13 fw_us=271723245 len=247

2026-09-12 19:44:12,201 INFO image_rx_daemon: frag_arrival: seq=13 idx=12 total=13 fw_us=271741155 len=7

2026-09-12 19:44:12,203 INFO image_rx_daemon: published frame_id=0 seq=13 2919 B → lifetrac/v25/video/tile_delta

2026-09-12 19:44:12,393 INFO image_rx_daemon: frag_arrival: seq=17 idx=0 total=12 fw_us=271915126 len=247

2026-09-12 19:44:12,512 INFO image_rx_daemon: frag_arrival: seq=17 idx=1 total=12 fw_us=272031964 len=247

2026-09-12 19:44:12,632 INFO image_rx_daemon: frag_arrival: seq=17 idx=2 total=12 fw_us=272149178 len=247

2026-09-12 19:44:12,756 INFO image_rx_daemon: frag_arrival: seq=17 idx=3 total=12 fw_us=272266218 len=247

2026-09-12 19:44:12,864 INFO image_rx_daemon: frag_arrival: seq=17 idx=4 total=12 fw_us=272383363 len=247

2026-09-12 19:44:12,984 INFO image_rx_daemon: frag_arrival: seq=17 idx=5 total=12 fw_us=272500265 len=247

2026-09-12 19:44:13,104 INFO image_rx_daemon: frag_arrival: seq=17 idx=6 total=12 fw_us=272617279 len=247

2026-09-12 19:44:13,209 INFO image_rx_daemon: frag_arrival: seq=17 idx=7 total=12 fw_us=272734411 len=247

2026-09-12 19:44:13,340 INFO image_rx_daemon: frag_arrival: seq=17 idx=8 total=12 fw_us=272851448 len=247

2026-09-12 19:44:13,441 INFO image_rx_daemon: frag_arrival: seq=17 idx=9 total=12 fw_us=272968356 len=247

2026-09-12 19:44:13,572 INFO image_rx_daemon: frag_arrival: seq=17 idx=10 total=12 fw_us=273085596 len=247

2026-09-12 19:44:13,672 WARNING image_rx_daemon: crc_dump: irq=0x70 rx_len=255 snr=4.2 rssi=-66 dump=0102002089e06fa1d1726c6a2c8fd8d663490226a23e0ccb9b437e536ed772447b40c25ce22021a05adb825a6aaddff78de632dd366fbda22ebe85e4d2ef789f41f86f5a26c4c39f5631ee20ef7635edd3457f5f3bc6dae75505c5c3e0d37e9a6e258b8d0877a2460ac581835e612482b0aef6b1e4b348e99e65b6843e3bc50d8204b070ac21baa8cdaf907d638507f15136b80276893d1b37dc3d24f26449f0a9eb7c9d39865b8440df7a5ccc8d180fa3ae2b1dc8e5e5e7126322da7d895d2767aa654e957c025b8ba92e36aa40b83a9945f86b629ed90a4f93a214c1128480dc404a6500e0196699b4055558426fbc2120903d6b230356c651df

2026-09-12 19:44:13,873 INFO image_rx_daemon: frag_arrival: seq=20 idx=0 total=13 fw_us=273390654 len=247

2026-09-12 19:44:13,992 INFO image_rx_daemon: frag_arrival: seq=20 idx=1 total=13 fw_us=273507638 len=247

2026-09-12 19:44:14,112 INFO image_rx_daemon: frag_arrival: seq=20 idx=2 total=13 fw_us=273624648 len=247

2026-09-12 19:44:14,220 INFO image_rx_daemon: frag_arrival: seq=20 idx=3 total=13 fw_us=273741738 len=247

2026-09-12 19:44:14,340 INFO image_rx_daemon: frag_arrival: seq=20 idx=4 total=13 fw_us=273858770 len=247

2026-09-12 19:44:14,464 INFO image_rx_daemon: frag_arrival: seq=20 idx=5 total=13 fw_us=273975735 len=247

2026-09-12 19:44:14,570 INFO image_rx_daemon: frag_arrival: seq=20 idx=6 total=13 fw_us=274092866 len=247

2026-09-12 19:44:14,687 INFO image_rx_daemon: frag_arrival: seq=20 idx=7 total=13 fw_us=274209914 len=247

2026-09-12 19:44:14,804 INFO image_rx_daemon: frag_arrival: seq=20 idx=8 total=13 fw_us=274326950 len=247

2026-09-12 19:44:14,933 INFO image_rx_daemon: frag_arrival: seq=20 idx=9 total=13 fw_us=274443732 len=247

2026-09-12 19:44:15,042 INFO image_rx_daemon: frag_arrival: seq=20 idx=10 total=13 fw_us=274560962 len=247

2026-09-12 19:44:15,161 INFO image_rx_daemon: frag_arrival: seq=20 idx=11 total=13 fw_us=274678199 len=247

2026-09-12 19:44:15,173 INFO image_rx_daemon: frag_arrival: seq=20 idx=12 total=13 fw_us=274710810 len=47

2026-09-12 19:44:15,176 INFO image_rx_daemon: published frame_id=0 seq=20 2959 B → lifetrac/v25/video/tile_delta

RFCO_PERTX during TX wait: profile_id=2 tx_status=0x00(OK) hop_idx=0 channel_idx=0 epoch=0 freq_hz=0 pkt_toa_us=15424 legal_dwell_used_us_10s=0

2026-09-12 19:44:15,201 INFO image_rx_daemon: command TX opcode=0x6c copy=1/1 OK (on air)

2026-09-12 19:44:15,346 INFO image_rx_daemon: frag_arrival: seq=23 idx=0 total=13 fw_us=274867593 len=247

2026-09-12 19:44:15,443 WARNING image_rx_daemon: crc_dump: irq=0x70 rx_len=255 snr=2.0 rssi=-66 dump=583aaa252af33456a2c1c562f5028f85c39d3ef4f55877547a0126dc3d538e79bd4c21708740c9a2d02bd75765b85c6a57efd740711882bce41e4e13a41f36893ba283cbfd07f103b1652b65709a2fc48b06a3cf8f8097e6e9f5f4ea0695510c8774d089093cb65b72cfaf24d942d23eb740edf7fa3b6758cf74740c9df63d01ecc11da32b84b068183cca0a9121ee0463b884c5b3cf4606dcb93d8a6f3a08d6cffc45a73eedc7ee08a83676bc924a5d6f395f7f25899812704fd3be0dc49a8b8e892974ea66a1da567032dbf0368d67695da05d322554fd6281cb397134405d1385663b07020e3284cfcb808639f6dfd5d57bef71c5cbac5ccde1

2026-09-12 19:44:15,586 INFO image_rx_daemon: frag_arrival: seq=23 idx=2 total=13 fw_us=275101627 len=247

2026-09-12 19:44:15,699 INFO image_rx_daemon: frag_arrival: seq=23 idx=3 total=13 fw_us=275218663 len=247

2026-09-12 19:44:15,816 INFO image_rx_daemon: frag_arrival: seq=23 idx=4 total=13 fw_us=275335723 len=247

2026-09-12 19:44:15,936 INFO image_rx_daemon: frag_arrival: seq=23 idx=5 total=13 fw_us=275452662 len=247

2026-09-12 19:44:16,021 INFO image_rx_daemon: stats: rx_frames=1167 rx_decode_err=0 frames_published=58 publish_err=0 reassembler_decode_err=0 reassembler_timeouts=36 parity_recon=0 idle_drain_deferred=16

2026-09-12 19:44:16,022 INFO image_rx_daemon: air_gap: n=79 dt_med=117091us dt_p95=262102us len_med=247B cmd_tx_ok=39 cmd_tx_fail=0

2026-09-12 19:44:16,023 INFO image_rx_daemon: air_gap_hist(ms): <20:1 <40:2 <80:2 <120:65 <200:2 <400:7

2026-09-12 19:44:16,024 INFO image_rx_daemon: rx_rf: n_rssi=79 n_snr=79 rssi[min/med/max]=-70/-69/-69 snr[min/med/max]=5.0/6.0/6.0

2026-09-12 19:44:16,024 INFO image_rx_daemon: phase_telemetry: valid=79 invalid=0 pre_f8=0 last_epoch=0 last_hop=0 slot_off=[0..0]

2026-09-12 19:44:16,025 INFO image_rx_daemon: air_gap_by_class: seq: n=69 med=117.1ms | boundary: n=6 med=262.1ms | post_loss: n=3 med=234.1ms

2026-09-12 19:44:16,025 INFO image_rx_daemon: lost_frag_idx: n=3 idx0=1 (14.29% of idx0 arrivals) other=2 (2.67%) verdict=CLUSTERED-AT-0 | top 0:1 11:1 1:1

2026-09-12 19:44:16,025 INFO image_rx_daemon: frag_reordered: 1 late out-of-order arrivals had a provisional loss retracted (in-order assumption violated — see RS-11.4)

2026-09-12 19:44:16,054 INFO image_rx_daemon: frag_arrival: seq=23 idx=6 total=13 fw_us=275569728 len=247

2026-09-12 19:44:16,172 INFO image_rx_daemon: frag_arrival: seq=23 idx=7 total=13 fw_us=275686807 len=247

2026-09-12 19:44:16,288 INFO image_rx_daemon: frag_arrival: seq=23 idx=8 total=13 fw_us=275803650 len=247

2026-09-12 19:44:16,405 INFO image_rx_daemon: frag_arrival: seq=23 idx=9 total=13 fw_us=275920789 len=247

2026-09-12 19:44:16,524 INFO image_rx_daemon: frag_arrival: seq=23 idx=10 total=13 fw_us=276037820 len=247

2026-09-12 19:44:16,632 INFO image_rx_daemon: frag_arrival: seq=23 idx=11 total=13 fw_us=276154870 len=247

2026-09-12 19:44:16,645 INFO image_rx_daemon: frag_arrival: seq=23 idx=12 total=13 fw_us=276183606 len=39

RFCO_PERTX during TX wait: profile_id=2 tx_status=0x00(OK) hop_idx=0 channel_idx=0 epoch=0 freq_hz=0 pkt_toa_us=15424 legal_dwell_used_us_10s=0

2026-09-12 19:44:16,677 INFO image_rx_daemon: command TX opcode=0x6c copy=1/1 OK (on air)

2026-09-12 19:44:16,827 INFO image_rx_daemon: frag_arrival: seq=26 idx=0 total=13 fw_us=276341851 len=247

2026-09-12 19:44:16,948 INFO image_rx_daemon: frag_arrival: seq=26 idx=1 total=13 fw_us=276458764 len=247

2026-09-12 19:44:17,055 INFO image_rx_daemon: frag_arrival: seq=26 idx=2 total=13 fw_us=276575807 len=247

2026-09-12 19:44:17,173 INFO image_rx_daemon: frag_arrival: seq=26 idx=3 total=13 fw_us=276692827 len=247

2026-09-12 19:44:17,292 INFO image_rx_daemon: frag_arrival: seq=26 idx=4 total=13 fw_us=276809839 len=247

2026-09-12 19:44:17,416 INFO image_rx_daemon: frag_arrival: seq=26 idx=5 total=13 fw_us=276926814 len=247

2026-09-12 19:44:17,524 INFO image_rx_daemon: frag_arrival: seq=26 idx=6 total=13 fw_us=277043960 len=247

2026-09-12 19:44:17,648 INFO image_rx_daemon: frag_arrival: seq=26 idx=7 total=13 fw_us=277161007 len=247

2026-09-12 19:44:17,760 INFO image_rx_daemon: frag_arrival: seq=26 idx=8 total=13 fw_us=277278032 len=247

2026-09-12 19:44:17,880 INFO image_rx_daemon: frag_arrival: seq=26 idx=9 total=13 fw_us=277395012 len=247

2026-09-12 19:44:18,006 INFO image_rx_daemon: frag_arrival: seq=26 idx=10 total=13 fw_us=277513030 len=247

2026-09-12 19:44:18,113 INFO image_rx_daemon: frag_arrival: seq=26 idx=11 total=13 fw_us=277629128 len=247

2026-09-12 19:44:18,115 INFO image_rx_daemon: frag_arrival: seq=26 idx=12 total=13 fw_us=277647405 len=11

2026-09-12 19:44:18,116 INFO image_rx_daemon: published frame_id=0 seq=26 2923 B → lifetrac/v25/video/tile_delta

2026-09-12 19:44:18,312 INFO image_rx_daemon: frag_arrival: seq=29 idx=0 total=13 fw_us=277822436 len=247

2026-09-12 19:44:18,536 INFO image_rx_daemon: frag_arrival: seq=29 idx=2 total=13 fw_us=278056554 len=247

2026-09-12 19:44:18,656 INFO image_rx_daemon: frag_arrival: seq=29 idx=3 total=13 fw_us=278173553 len=247

2026-09-12 19:44:18,776 INFO image_rx_daemon: frag_arrival: seq=29 idx=4 total=13 fw_us=278290613 len=247

2026-09-12 19:44:18,896 WARNING image_rx_daemon: crc_dump: irq=0x70 rx_len=201 snr=-10.0 rssi=-109 dump=2e71290e74f6c861aae627eed64921bd7bad00eeafe9f3ed9c4a7123978bed410b056b75fd4783b89eef067f6af6df1788a57397427949dba3206c73d8a8f3b077791e559b842f6c1331c91bb7665174efffba5e0122f69b5620fd412e93abe240ca9cdd3ee8fc977b345b81da42f32771a738e8ca2c8d130705c0a25825896e5ace7c81fe07a4c6b058043b8c30beca167dff7716c0c8eb83fc22207b9b6df5731a69e41471ca8b7e5af8755e76cec5f93848d3f17c230f5abc7611d36abdecfbde5b38787f2dcfb2

2026-09-12 19:44:19,010 INFO image_rx_daemon: frag_arrival: seq=29 idx=6 total=13 fw_us=278524679 len=247

2026-09-12 19:44:19,120 INFO image_rx_daemon: frag_arrival: seq=29 idx=7 total=13 fw_us=278641677 len=247

2026-09-12 19:44:19,240 INFO image_rx_daemon: frag_arrival: seq=29 idx=8 total=13 fw_us=278758682 len=247

2026-09-12 19:44:19,358 INFO image_rx_daemon: frag_arrival: seq=29 idx=9 total=13 fw_us=278875801 len=247

2026-09-12 19:44:19,476 INFO image_rx_daemon: frag_arrival: seq=29 idx=10 total=13 fw_us=278992783 len=247

2026-09-12 19:44:19,600 INFO image_rx_daemon: frag_arrival: seq=29 idx=11 total=13 fw_us=279109808 len=247

2026-09-12 19:44:19,630 INFO image_rx_daemon: frag_arrival: seq=29 idx=12 total=13 fw_us=279154218 len=80

RFCO_PERTX during TX wait: profile_id=2 tx_status=0x00(OK) hop_idx=0 channel_idx=0 epoch=0 freq_hz=0 pkt_toa_us=15424 legal_dwell_used_us_10s=0

2026-09-12 19:44:19,658 INFO image_rx_daemon: command TX opcode=0x6c copy=1/1 OK (on air)

2026-09-12 19:44:19,891 INFO image_rx_daemon: frag_arrival: seq=32 idx=0 total=12 fw_us=279413745 len=247

2026-09-12 19:44:20,007 INFO image_rx_daemon: frag_arrival: seq=32 idx=1 total=12 fw_us=279530716 len=247

2026-09-12 19:44:20,125 INFO image_rx_daemon: frag_arrival: seq=32 idx=2 total=12 fw_us=279647814 len=247

2026-09-12 19:44:20,239 INFO image_rx_daemon: frag_arrival: seq=32 idx=3 total=12 fw_us=279764817 len=247

2026-09-12 19:44:20,352 INFO image_rx_daemon: frag_arrival: seq=32 idx=4 total=12 fw_us=279881823 len=247

2026-09-12 19:44:20,481 INFO image_rx_daemon: frag_arrival: seq=32 idx=5 total=12 fw_us=279998829 len=247

2026-09-12 19:44:20,601 INFO image_rx_daemon: frag_arrival: seq=32 idx=6 total=12 fw_us=280115811 len=247

2026-09-12 19:44:20,718 INFO image_rx_daemon: frag_arrival: seq=32 idx=7 total=12 fw_us=280232760 len=247

2026-09-12 19:44:20,837 INFO image_rx_daemon: frag_arrival: seq=32 idx=8 total=12 fw_us=280349905 len=247

2026-09-12 19:44:20,945 INFO image_rx_daemon: frag_arrival: seq=32 idx=9 total=12 fw_us=280466657 len=247

2026-09-12 19:44:21,064 INFO image_rx_daemon: frag_arrival: seq=32 idx=10 total=12 fw_us=280583791 len=247

2026-09-12 19:44:21,172 INFO image_rx_daemon: frag_arrival: seq=32 idx=11 total=12 fw_us=280695033 len=241

2026-09-12 19:44:21,174 INFO image_rx_daemon: published frame_id=0 seq=32 2910 B → lifetrac/v25/video/tile_delta

2026-09-12 19:44:21,368 INFO image_rx_daemon: frag_arrival: seq=35 idx=0 total=13 fw_us=280887979 len=247

2026-09-12 19:44:21,492 INFO image_rx_daemon: frag_arrival: seq=35 idx=1 total=13 fw_us=281004743 len=247

2026-09-12 19:44:21,600 INFO image_rx_daemon: frag_arrival: seq=35 idx=2 total=13 fw_us=281121876 len=247

2026-09-12 19:44:21,724 INFO image_rx_daemon: frag_arrival: seq=35 idx=3 total=13 fw_us=281238828 len=247

2026-09-12 19:44:21,844 INFO image_rx_daemon: frag_arrival: seq=35 idx=4 total=13 fw_us=281355803 len=247

2026-09-12 19:44:21,952 INFO image_rx_daemon: frag_arrival: seq=35 idx=5 total=13 fw_us=281472775 len=247

2026-09-12 19:44:22,076 INFO image_rx_daemon: frag_arrival: seq=35 idx=6 total=13 fw_us=281589790 len=247

2026-09-12 19:44:22,200 INFO image_rx_daemon: frag_arrival: seq=35 idx=7 total=13 fw_us=281706734 len=247

2026-09-12 19:44:22,307 INFO image_rx_daemon: frag_arrival: seq=35 idx=8 total=13 fw_us=281823767 len=247

2026-09-12 19:44:22,423 INFO image_rx_daemon: frag_arrival: seq=35 idx=9 total=13 fw_us=281940521 len=247

2026-09-12 19:44:22,544 INFO image_rx_daemon: frag_arrival: seq=35 idx=10 total=13 fw_us=282057812 len=247

2026-09-12 19:44:22,654 INFO image_rx_daemon: frag_arrival: seq=35 idx=11 total=13 fw_us=282174806 len=247

2026-09-12 19:44:22,694 INFO image_rx_daemon: frag_arrival: seq=35 idx=12 total=13 fw_us=282216554 len=71

2026-09-12 19:44:22,698 INFO image_rx_daemon: published frame_id=0 seq=35 2983 B → lifetrac/v25/video/tile_delta

RFCO_PERTX during TX wait: profile_id=2 tx_status=0x00(OK) hop_idx=0 channel_idx=0 epoch=0 freq_hz=0 pkt_toa_us=15424 legal_dwell_used_us_10s=0

2026-09-12 19:44:22,724 INFO image_rx_daemon: command TX opcode=0x6c copy=1/1 OK (on air)

2026-09-12 19:44:22,963 INFO image_rx_daemon: frag_arrival: seq=38 idx=0 total=12 fw_us=282478723 len=247

2026-09-12 19:44:23,083 INFO image_rx_daemon: frag_arrival: seq=38 idx=1 total=12 fw_us=282595563 len=247

2026-09-12 19:44:23,192 INFO image_rx_daemon: frag_arrival: seq=38 idx=2 total=12 fw_us=282712633 len=247

2026-09-12 19:44:23,311 INFO image_rx_daemon: frag_arrival: seq=38 idx=3 total=12 fw_us=282829628 len=247

2026-09-12 19:44:23,429 INFO image_rx_daemon: frag_arrival: seq=38 idx=4 total=12 fw_us=282946542 len=247

2026-09-12 19:44:23,561 INFO image_rx_daemon: frag_arrival: seq=38 idx=5 total=12 fw_us=283063688 len=247

2026-09-12 19:44:23,662 INFO image_rx_daemon: frag_arrival: seq=38 idx=6 total=12 fw_us=283180728 len=247

2026-09-12 19:44:23,784 INFO image_rx_daemon: frag_arrival: seq=38 idx=7 total=12 fw_us=283297574 len=247

2026-09-12 19:44:23,904 INFO image_rx_daemon: frag_arrival: seq=38 idx=8 total=12 fw_us=283414759 len=247

2026-09-12 19:44:24,005 INFO image_rx_daemon: frag_arrival: seq=38 idx=9 total=12 fw_us=283531558 len=247

2026-09-12 19:44:24,131 INFO image_rx_daemon: frag_arrival: seq=38 idx=10 total=12 fw_us=283648795 len=247

2026-09-12 19:44:24,232 WARNING image_rx_daemon: crc_dump: irq=0x70 rx_len=255 snr=-0.8 rssi=-65 dump=0102000000000073ce0efb83b1b4182ee528bea0338bea699d2ec7dc843a4c20de73ec83bc92b636fd191ff53f71e1874c004d6d1217d7c9caac9bc3ba9a06c14c9aaabf78d7fc67248eda7d6715334a38c3a901a11467efd8dda3d83df883b1b401a042d7ded76a32dda9fbe0ffd4a1efc7efe49b4dba844ccf526ecb4b5aaf546cd0443a06cbfdf2ca47c9c55743e0e046897d468c125805b039e58f63e212894e4e59554ebcfb6290076d24e5f389a51e9d4a3de62a56c782f865ebc1c18b1dd82295cd4c3cd1cd6e03f77593a8ecc03fad802ac0ebc2b8a0a4dc8b54796cda633a954411f88b664a66367a7cf9b2692b40c2a3f7b1459d3e55

2026-09-12 19:44:24,431 INFO image_rx_daemon: frag_arrival: seq=41 idx=0 total=13 fw_us=283952590 len=247

2026-09-12 19:44:24,559 INFO image_rx_daemon: frag_arrival: seq=41 idx=1 total=13 fw_us=284069321 len=247

2026-09-12 19:44:24,668 INFO image_rx_daemon: frag_arrival: seq=41 idx=2 total=13 fw_us=284186628 len=247

2026-09-12 19:44:24,792 INFO image_rx_daemon: frag_arrival: seq=41 idx=3 total=13 fw_us=284303676 len=247

2026-09-12 19:44:24,900 INFO image_rx_daemon: frag_arrival: seq=41 idx=4 total=13 fw_us=284420651 len=247

2026-09-12 19:44:25,008 INFO image_rx_daemon: frag_arrival: seq=41 idx=5 total=13 fw_us=284537716 len=247

2026-09-12 19:44:25,137 INFO image_rx_daemon: frag_arrival: seq=41 idx=6 total=13 fw_us=284654510 len=247

2026-09-12 19:44:25,253 INFO image_rx_daemon: frag_arrival: seq=41 idx=7 total=13 fw_us=284771761 len=247

2026-09-12 19:44:25,379 INFO image_rx_daemon: frag_arrival: seq=41 idx=8 total=13 fw_us=284888633 len=247

2026-09-12 19:44:25,476 INFO image_rx_daemon: frag_arrival: seq=41 idx=9 total=13 fw_us=285005581 len=247

2026-09-12 19:44:25,604 INFO image_rx_daemon: frag_arrival: seq=41 idx=10 total=13 fw_us=285122771 len=247

2026-09-12 19:44:25,723 INFO image_rx_daemon: frag_arrival: seq=41 idx=11 total=13 fw_us=285239788 len=247

2026-09-12 19:44:25,724 INFO image_rx_daemon: frag_arrival: seq=41 idx=12 total=13 fw_us=285263231 len=22

2026-09-12 19:44:25,725 INFO image_rx_daemon: published frame_id=0 seq=41 2934 B → lifetrac/v25/video/tile_delta

RFCO_PERTX during TX wait: profile_id=2 tx_status=0x00(OK) hop_idx=0 channel_idx=0 epoch=0 freq_hz=0 pkt_toa_us=15424 legal_dwell_used_us_10s=0

2026-09-12 19:44:25,757 INFO image_rx_daemon: command TX opcode=0x6c copy=1/1 OK (on air)

2026-09-12 19:44:25,909 INFO image_rx_daemon: frag_arrival: seq=44 idx=0 total=13 fw_us=285426995 len=247

2026-09-12 19:44:26,016 INFO image_rx_daemon: frag_arrival: seq=44 idx=1 total=13 fw_us=285545030 len=247

2026-09-12 19:44:26,027 INFO image_rx_daemon: stats: rx_frames=1249 rx_decode_err=0 frames_published=62 publish_err=0 reassembler_decode_err=0 reassembler_timeouts=39 parity_recon=0 idle_drain_deferred=16

2026-09-12 19:44:26,028 INFO image_rx_daemon: air_gap: n=82 dt_med=117017us dt_p95=234066us len_med=247B cmd_tx_ok=43 cmd_tx_fail=0

2026-09-12 19:44:26,029 INFO image_rx_daemon: air_gap_hist(ms): <20:1 <40:2 <80:2 <120:68 <200:4 <400:5

2026-09-12 19:44:26,029 INFO image_rx_daemon: rx_rf: n_rssi=82 n_snr=82 rssi[min/med/max]=-70/-69/-69 snr[min/med/max]=5.0/6.0/6.0

2026-09-12 19:44:26,029 INFO image_rx_daemon: phase_telemetry: valid=82 invalid=0 pre_f8=0 last_epoch=0 last_hop=0 slot_off=[0..0]

2026-09-12 19:44:26,030 INFO image_rx_daemon: air_gap_by_class: seq: n=71 med=117.0ms | boundary: n=7 med=192.9ms | post_loss: n=2 med=234.1ms

2026-09-12 19:44:26,030 INFO image_rx_daemon: lost_frag_idx: n=3 idx0=0 (0.00% of idx0 arrivals) other=3 (3.85%) verdict=not-clustered | top 1:1 5:1 11:1

2026-09-12 19:44:26,031 INFO image_rx_daemon: frag_reordered: 2 late out-of-order arrivals had a provisional loss retracted (in-order assumption violated — see RS-11.4)

2026-09-12 19:44:26,148 INFO image_rx_daemon: frag_arrival: seq=44 idx=2 total=13 fw_us=285661116 len=247

2026-09-12 19:44:26,253 INFO image_rx_daemon: frag_arrival: seq=44 idx=3 total=13 fw_us=285778137 len=247

2026-09-12 19:44:26,373 INFO image_rx_daemon: frag_arrival: seq=44 idx=4 total=13 fw_us=285895190 len=247

2026-09-12 19:44:26,496 INFO image_rx_daemon: frag_arrival: seq=44 idx=5 total=13 fw_us=286012184 len=247

2026-09-12 19:44:26,613 INFO image_rx_daemon: frag_arrival: seq=44 idx=6 total=13 fw_us=286129198 len=247

2026-09-12 19:44:26,730 INFO image_rx_daemon: frag_arrival: seq=44 idx=7 total=13 fw_us=286246225 len=247

2026-09-12 19:44:26,852 INFO image_rx_daemon: frag_arrival: seq=44 idx=8 total=13 fw_us=286363172 len=247

2026-09-12 19:44:26,960 INFO image_rx_daemon: frag_arrival: seq=44 idx=9 total=13 fw_us=286480222 len=247

2026-09-12 19:44:27,080 INFO image_rx_daemon: frag_arrival: seq=44 idx=10 total=13 fw_us=286597311 len=247

2026-09-12 19:44:27,204 INFO image_rx_daemon: frag_arrival: seq=44 idx=11 total=13 fw_us=286714349 len=247

2026-09-12 19:44:27,205 INFO image_rx_daemon: frag_arrival: seq=44 idx=12 total=13 fw_us=286744363 len=41

2026-09-12 19:44:27,206 INFO image_rx_daemon: published frame_id=0 seq=44 2953 B → lifetrac/v25/video/tile_delta

2026-09-12 19:44:27,412 INFO image_rx_daemon: frag_arrival: seq=47 idx=0 total=13 fw_us=286921746 len=247

2026-09-12 19:44:27,521 INFO image_rx_daemon: frag_arrival: seq=47 idx=1 total=13 fw_us=287038522 len=247

2026-09-12 19:44:27,644 INFO image_rx_daemon: frag_arrival: seq=47 idx=2 total=13 fw_us=287155879 len=247

2026-09-12 19:44:27,752 INFO image_rx_daemon: frag_arrival: seq=47 idx=3 total=13 fw_us=287272900 len=247

2026-09-12 19:44:27,872 INFO image_rx_daemon: frag_arrival: seq=47 idx=4 total=13 fw_us=287389852 len=247

2026-09-12 19:44:27,994 INFO image_rx_daemon: frag_arrival: seq=47 idx=5 total=13 fw_us=287506969 len=247

2026-09-12 19:44:28,102 INFO image_rx_daemon: frag_arrival: seq=47 idx=6 total=13 fw_us=287623956 len=247

2026-09-12 19:44:28,221 INFO image_rx_daemon: frag_arrival: seq=47 idx=7 total=13 fw_us=287740998 len=247

2026-09-12 19:44:28,344 INFO image_rx_daemon: frag_arrival: seq=47 idx=8 total=13 fw_us=287858033 len=247

2026-09-12 19:44:28,458 INFO image_rx_daemon: frag_arrival: seq=47 idx=9 total=13 fw_us=287975013 len=247

2026-09-12 19:44:28,570 INFO image_rx_daemon: frag_arrival: seq=47 idx=10 total=13 fw_us=288092028 len=247

2026-09-12 19:44:28,692 INFO image_rx_daemon: frag_arrival: seq=47 idx=11 total=13 fw_us=288209163 len=247

2026-09-12 19:44:28,705 INFO image_rx_daemon: frag_arrival: seq=47 idx=12 total=13 fw_us=288237863 len=37

2026-09-12 19:44:28,709 INFO image_rx_daemon: published frame_id=0 seq=47 2949 B → lifetrac/v25/video/tile_delta

RFCO_PERTX during TX wait: profile_id=2 tx_status=0x00(OK) hop_idx=0 channel_idx=0 epoch=0 freq_hz=0 pkt_toa_us=15424 legal_dwell_used_us_10s=0

2026-09-12 19:44:28,734 INFO image_rx_daemon: command TX opcode=0x6c copy=1/1 OK (on air)

2026-09-12 19:44:28,880 INFO image_rx_daemon: frag_arrival: seq=50 idx=0 total=13 fw_us=288396797 len=247

2026-09-12 19:44:29,005 INFO image_rx_daemon: frag_arrival: seq=50 idx=1 total=13 fw_us=288513950 len=247

2026-09-12 19:44:29,114 INFO image_rx_daemon: frag_arrival: seq=50 idx=2 total=13 fw_us=288631033 len=247

2026-09-12 19:44:29,224 INFO image_rx_daemon: frag_arrival: seq=50 idx=3 total=13 fw_us=288749030 len=247

2026-09-12 19:44:29,348 INFO image_rx_daemon: frag_arrival: seq=50 idx=4 total=13 fw_us=288865156 len=247

2026-09-12 19:44:29,464 INFO image_rx_daemon: frag_arrival: seq=50 idx=5 total=13 fw_us=288982083 len=247

2026-09-12 19:44:29,588 INFO image_rx_daemon: frag_arrival: seq=50 idx=6 total=13 fw_us=289099163 len=247

2026-09-12 19:44:29,700 INFO image_rx_daemon: frag_arrival: seq=50 idx=7 total=13 fw_us=289216181 len=247

2026-09-12 19:44:29,820 INFO image_rx_daemon: frag_arrival: seq=50 idx=8 total=13 fw_us=289333231 len=247

2026-09-12 19:44:29,932 INFO image_rx_daemon: frag_arrival: seq=50 idx=9 total=13 fw_us=289450183 len=247

2026-09-12 19:44:30,042 INFO image_rx_daemon: frag_arrival: seq=50 idx=10 total=13 fw_us=289567173 len=247

2026-09-12 19:44:30,178 INFO image_rx_daemon: frag_arrival: seq=50 idx=11 total=13 fw_us=289684331 len=247

2026-09-12 19:44:30,265 WARNING image_rx_daemon: crc_dump: irq=0x70 rx_len=255 snr=-12.2 rssi=-116 dump=3ea435e6930e4e9cf859c7c31805bc7886f4d0006e6a19204758f7d738cd95c507bd3271bc33852bcd623a290f3b056c34cbf39a5c5e8f26c32aaef8694ef8258d8d53b50e45d10684d59c33602c2f0ea67c0b0d13a1d987ef56049d8114129efb248fc8b16c9c4dfb7a1defce80eab53cefd31ae47799047d4cb1ba4ac29d9f75d1d9d018290250c6bcad3afcffd6db1d8af9977c83083bf01bbd0156d556f62cf081ea40ff37cb50d91075a9ae1b3030f6f42efce2ada4fdf428275e5edb1d4bd7aea626c6df3a95ef097c5471c7a444edca5a50e500c682d8ad22de0db9db3f9cea66d2dd3b558c692ebefe3940d30dca4b74dd6f98238b0ec5

2026-09-12 19:44:30,370 INFO image_rx_daemon: frag_arrival: seq=53 idx=0 total=13 fw_us=289891919 len=247

2026-09-12 19:44:30,490 INFO image_rx_daemon: frag_arrival: seq=53 idx=1 total=13 fw_us=290008838 len=247

2026-09-12 19:44:30,599 INFO image_rx_daemon: frag_arrival: seq=53 idx=2 total=13 fw_us=290126033 len=247

2026-09-12 19:44:30,732 INFO image_rx_daemon: frag_arrival: seq=53 idx=3 total=13 fw_us=290243123 len=247

2026-09-12 19:44:30,844 INFO image_rx_daemon: frag_arrival: seq=53 idx=4 total=13 fw_us=290360119 len=247

2026-09-12 19:44:30,959 INFO image_rx_daemon: frag_arrival: seq=53 idx=5 total=13 fw_us=290477084 len=247

2026-09-12 19:44:31,077 INFO image_rx_daemon: frag_arrival: seq=53 idx=6 total=13 fw_us=290594112 len=247

2026-09-12 19:44:31,200 INFO image_rx_daemon: frag_arrival: seq=53 idx=7 total=13 fw_us=290711246 len=247

2026-09-12 19:44:31,308 INFO image_rx_daemon: frag_arrival: seq=53 idx=8 total=13 fw_us=290828298 len=247

2026-09-12 19:44:31,415 INFO image_rx_daemon: frag_arrival: seq=53 idx=9 total=13 fw_us=290945491 len=247

2026-09-12 19:44:31,544 INFO image_rx_daemon: frag_arrival: seq=53 idx=10 total=13 fw_us=291062441 len=247

2026-09-12 19:44:31,665 INFO image_rx_daemon: frag_arrival: seq=53 idx=11 total=13 fw_us=291179526 len=247

2026-09-12 19:44:31,694 INFO image_rx_daemon: frag_arrival: seq=53 idx=12 total=13 fw_us=291223918 len=79

2026-09-12 19:44:31,697 INFO image_rx_daemon: published frame_id=0 seq=53 2991 B → lifetrac/v25/video/tile_delta

RFCO_PERTX during TX wait: profile_id=2 tx_status=0x00(OK) hop_idx=0 channel_idx=0 epoch=0 freq_hz=0 pkt_toa_us=15424 legal_dwell_used_us_10s=0

2026-09-12 19:44:31,724 INFO image_rx_daemon: command TX opcode=0x6c copy=1/1 OK (on air)

2026-09-12 19:44:31,972 INFO image_rx_daemon: frag_arrival: seq=59 idx=0 total=13 fw_us=291483225 len=247

2026-09-12 19:44:32,080 INFO image_rx_daemon: frag_arrival: seq=59 idx=1 total=13 fw_us=291599937 len=247

2026-09-12 19:44:32,202 INFO image_rx_daemon: frag_arrival: seq=59 idx=2 total=13 fw_us=291717229 len=247

2026-09-12 19:44:32,320 INFO image_rx_daemon: frag_arrival: seq=59 idx=3 total=13 fw_us=291834196 len=247

2026-09-12 19:44:32,425 INFO image_rx_daemon: frag_arrival: seq=59 idx=4 total=13 fw_us=291951123 len=247

2026-09-12 19:44:32,560 INFO image_rx_daemon: frag_arrival: seq=59 idx=5 total=13 fw_us=292068286 len=247

2026-09-12 19:44:32,669 INFO image_rx_daemon: frag_arrival: seq=59 idx=6 total=13 fw_us=292185204 len=247

2026-09-12 19:44:32,788 INFO image_rx_daemon: frag_arrival: seq=59 idx=7 total=13 fw_us=292302381 len=247

2026-09-12 19:44:32,903 INFO image_rx_daemon: frag_arrival: seq=59 idx=8 total=13 fw_us=292419327 len=247

2026-09-12 19:44:33,011 INFO image_rx_daemon: frag_arrival: seq=59 idx=9 total=13 fw_us=292536158 len=247

2026-09-12 19:44:33,133 INFO image_rx_daemon: frag_arrival: seq=59 idx=10 total=13 fw_us=292653475 len=247

2026-09-12 19:44:33,244 INFO image_rx_daemon: frag_arrival: seq=59 idx=11 total=13 fw_us=292770466 len=247

2026-09-12 19:44:33,299 WARNING image_rx_daemon: crc_dump: irq=0x70 rx_len=147 snr=-9.5 rssi=-104 dump=13a0b6135d5435db5128a82f0e282bea85449f004463a50d504c4667656b15b98ab1429c72d18242e9cc40aec45b6557c2ed9988855df0530fd35a4acea198ce6f950a324640a9786dd508539c80a9ad7e6a82b984f7e3c3689d3983e7913fb3fe5cc7cbc1f701a61a58b507e3b33ef9411df742dffc50b0a117d6fa8a9736dcea351a1f65935d5b71688a6e616ed0ae5c7b8f

2026-09-12 19:44:33,556 INFO image_rx_daemon: frag_arrival: seq=60 idx=0 total=12 fw_us=293074231 len=247

2026-09-12 19:44:33,675 INFO image_rx_daemon: frag_arrival: seq=60 idx=1 total=12 fw_us=293191111 len=247

2026-09-12 19:44:33,793 INFO image_rx_daemon: frag_arrival: seq=60 idx=2 total=12 fw_us=293308209 len=247

2026-09-12 19:44:33,916 INFO image_rx_daemon: frag_arrival: seq=60 idx=3 total=12 fw_us=293425216 len=247

2026-09-12 19:44:34,013 INFO image_rx_daemon: frag_arrival: seq=60 idx=4 total=12 fw_us=293542240 len=247

2026-09-12 19:44:34,141 INFO image_rx_daemon: frag_arrival: seq=60 idx=5 total=12 fw_us=293659241 len=247

2026-09-12 19:44:34,256 INFO image_rx_daemon: frag_arrival: seq=60 idx=6 total=12 fw_us=293776237 len=247

2026-09-12 19:44:34,371 INFO image_rx_daemon: frag_arrival: seq=60 idx=7 total=12 fw_us=293893034 len=247

2026-09-12 19:44:34,492 INFO image_rx_daemon: frag_arrival: seq=60 idx=8 total=12 fw_us=294010192 len=247

2026-09-12 19:44:34,609 INFO image_rx_daemon: frag_arrival: seq=60 idx=9 total=12 fw_us=294127073 len=247

2026-09-12 19:44:34,726 INFO image_rx_daemon: frag_arrival: seq=60 idx=10 total=12 fw_us=294244243 len=247

2026-09-12 19:44:34,828 WARNING image_rx_daemon: crc_dump: irq=0x70 rx_len=255 snr=2.8 rssi=-66 dump=01020000000000d9ab9cbe0a54697e21fccf638bcf45f29ada08c4934883ecec10ce1981616dc958de21d74ead9672160eb1c4092d5a7ea4fdcc62af50a19c5f27809c1e90018727735d58c1b774d80b4ca1b78a03fdc44c49e1ae85a790816b298e26e51aa3fb1d28547505c4c5ed424c327d5198136a917040aa1000f943fd9f673ed71486ccf4ec30e52f86ab8d5edb5a1569d444b5f1e36710cbc02dbd2255954554425f5049be8c189fcd0150f4e48b842f2a68d01842771e41b1f61df2f25aaf28dc13d01ae4f5fec49b204e57996e59d05d712c8f95e90c71d8faa07c62da50ac3c70a0e4020ece2e5b7c35e21c25fe01f8f25d84f58c55

2026-09-12 19:44:35,018 INFO image_rx_daemon: frag_arrival: seq=62 idx=0 total=12 fw_us=294547974 len=247

2026-09-12 19:44:35,148 INFO image_rx_daemon: frag_arrival: seq=62 idx=1 total=12 fw_us=294665014 len=247

2026-09-12 19:44:35,268 INFO image_rx_daemon: frag_arrival: seq=62 idx=2 total=12 fw_us=294782197 len=247

2026-09-12 19:44:35,388 INFO image_rx_daemon: frag_arrival: seq=62 idx=3 total=12 fw_us=294899136 len=247

2026-09-12 19:44:35,487 INFO image_rx_daemon: frag_arrival: seq=62 idx=4 total=12 fw_us=295016229 len=247

2026-09-12 19:44:35,620 INFO image_rx_daemon: frag_arrival: seq=62 idx=5 total=12 fw_us=295133266 len=247

2026-09-12 19:44:35,732 INFO image_rx_daemon: frag_arrival: seq=62 idx=6 total=12 fw_us=295250255 len=247

2026-09-12 19:44:35,852 INFO image_rx_daemon: frag_arrival: seq=62 idx=7 total=12 fw_us=295367329 len=247

2026-09-12 19:44:35,972 INFO image_rx_daemon: frag_arrival: seq=62 idx=8 total=12 fw_us=295484251 len=247

2026-09-12 19:44:36,033 INFO image_rx_daemon: stats: rx_frames=1330 rx_decode_err=0 frames_published=65 publish_err=0 reassembler_decode_err=0 reassembler_timeouts=41 parity_recon=0 idle_drain_deferred=16

2026-09-12 19:44:36,033 INFO image_rx_daemon: air_gap: n=81 dt_med=117027us dt_p95=177383us len_med=247B cmd_tx_ok=45 cmd_tx_fail=0

2026-09-12 19:44:36,034 INFO image_rx_daemon: air_gap_hist(ms): <40:2 <80:1 <120:72 <200:2 <400:4

2026-09-12 19:44:36,035 INFO image_rx_daemon: rx_rf: n_rssi=81 n_snr=81 rssi[min/med/max]=-70/-69/-68 snr[min/med/max]=5.0/5.0/6.0

2026-09-12 19:44:36,035 INFO image_rx_daemon: phase_telemetry: valid=81 invalid=0 pre_f8=0 last_epoch=0 last_hop=0 slot_off=[0..0]

2026-09-12 19:44:36,035 INFO image_rx_daemon: air_gap_by_class: seq: n=73 med=117.0ms | boundary: n=6 med=259.3ms

2026-09-12 19:44:36,036 INFO image_rx_daemon: lost_frag_idx: n=3 idx0=0 (0.00% of idx0 arrivals) other=3 (3.85%) verdict=not-clustered | top 12:2 11:1

2026-09-12 19:44:36,036 INFO image_rx_daemon: frag_reordered: 2 late out-of-order arrivals had a provisional loss retracted (in-order assumption violated — see RS-11.4)

2026-09-12 19:44:36,074 INFO image_rx_daemon: frag_arrival: seq=62 idx=9 total=12 fw_us=295601320 len=247

2026-09-12 19:44:36,199 INFO image_rx_daemon: frag_arrival: seq=62 idx=10 total=12 fw_us=295718362 len=247

2026-09-12 19:44:36,317 INFO image_rx_daemon: frag_arrival: seq=62 idx=11 total=12 fw_us=295835337 len=246

2026-09-12 19:44:36,318 INFO image_rx_daemon: published frame_id=0 seq=62 2915 B → lifetrac/v25/video/tile_delta

RFCO_PERTX during TX wait: profile_id=2 tx_status=0x00(OK) hop_idx=0 channel_idx=0 epoch=0 freq_hz=0 pkt_toa_us=15424 legal_dwell_used_us_10s=0

2026-09-12 19:44:36,350 INFO image_rx_daemon: command TX opcode=0x6c copy=1/1 OK (on air)

2026-09-12 19:44:36,504 INFO image_rx_daemon: frag_arrival: seq=65 idx=0 total=13 fw_us=296022098 len=247

2026-09-12 19:44:36,622 INFO image_rx_daemon: frag_arrival: seq=65 idx=1 total=13 fw_us=296139179 len=247

2026-09-12 19:44:36,744 INFO image_rx_daemon: frag_arrival: seq=65 idx=2 total=13 fw_us=296256509 len=247

2026-09-12 19:44:36,850 INFO image_rx_daemon: frag_arrival: seq=65 idx=3 total=13 fw_us=296373558 len=247

2026-09-12 19:44:36,970 INFO image_rx_daemon: frag_arrival: seq=65 idx=4 total=13 fw_us=296490544 len=247

2026-09-12 19:44:37,088 INFO image_rx_daemon: frag_arrival: seq=65 idx=5 total=13 fw_us=296607615 len=247

2026-09-12 19:44:37,208 INFO image_rx_daemon: frag_arrival: seq=65 idx=6 total=13 fw_us=296724678 len=247

2026-09-12 19:44:37,341 INFO image_rx_daemon: frag_arrival: seq=65 idx=7 total=13 fw_us=296841817 len=247

2026-09-12 19:44:37,440 INFO image_rx_daemon: frag_arrival: seq=65 idx=8 total=13 fw_us=296958705 len=247

2026-09-12 19:44:37,555 INFO image_rx_daemon: frag_arrival: seq=65 idx=9 total=13 fw_us=297075691 len=247

2026-09-12 19:44:37,680 INFO image_rx_daemon: frag_arrival: seq=65 idx=10 total=13 fw_us=297192933 len=247

2026-09-12 19:44:37,788 INFO image_rx_daemon: frag_arrival: seq=65 idx=11 total=13 fw_us=297309891 len=247

2026-09-12 19:44:37,828 INFO image_rx_daemon: frag_arrival: seq=65 idx=12 total=13 fw_us=297351702 len=73

2026-09-12 19:44:37,832 INFO image_rx_daemon: published frame_id=0 seq=65 2985 B → lifetrac/v25/video/tile_delta

RFCO_PERTX during TX wait: profile_id=2 tx_status=0x00(OK) hop_idx=0 channel_idx=0 epoch=0 freq_hz=0 pkt_toa_us=15424 legal_dwell_used_us_10s=0

2026-09-12 19:44:37,858 INFO image_rx_daemon: command TX opcode=0x6c copy=1/1 OK (on air)

2026-09-12 19:44:38,094 INFO image_rx_daemon: frag_arrival: seq=71 idx=0 total=13 fw_us=297613938 len=247

2026-09-12 19:44:38,205 INFO image_rx_daemon: frag_arrival: seq=71 idx=1 total=13 fw_us=297730808 len=247

2026-09-12 19:44:38,334 INFO image_rx_daemon: frag_arrival: seq=71 idx=2 total=13 fw_us=297847767 len=247

2026-09-12 19:44:38,456 INFO image_rx_daemon: frag_arrival: seq=71 idx=3 total=13 fw_us=297964878 len=247

2026-09-12 19:44:38,568 INFO image_rx_daemon: frag_arrival: seq=71 idx=4 total=13 fw_us=298081945 len=247

2026-09-12 19:44:38,688 INFO image_rx_daemon: frag_arrival: seq=71 idx=5 total=13 fw_us=298199109 len=247

2026-09-12 19:44:38,800 INFO image_rx_daemon: frag_arrival: seq=71 idx=6 total=13 fw_us=298316218 len=247

2026-09-12 19:44:38,920 INFO image_rx_daemon: frag_arrival: seq=71 idx=7 total=13 fw_us=298433213 len=247

2026-09-12 19:44:39,018 INFO image_rx_daemon: frag_arrival: seq=71 idx=8 total=13 fw_us=298550337 len=247

2026-09-12 19:44:39,152 INFO image_rx_daemon: frag_arrival: seq=71 idx=9 total=13 fw_us=298667157 len=247

2026-09-12 19:44:39,272 INFO image_rx_daemon: frag_arrival: seq=71 idx=10 total=13 fw_us=298784402 len=247

2026-09-12 19:44:39,384 INFO image_rx_daemon: frag_arrival: seq=71 idx=11 total=13 fw_us=298901295 len=247

2026-09-12 19:44:39,413 INFO image_rx_daemon: frag_arrival: seq=71 idx=12 total=13 fw_us=298939164 len=63

2026-09-12 19:44:39,417 INFO image_rx_daemon: published frame_id=0 seq=71 2975 B → lifetrac/v25/video/tile_delta

2026-09-12 19:44:39,681 INFO image_rx_daemon: frag_arrival: seq=72 idx=0 total=13 fw_us=299205209 len=247

2026-09-12 19:44:39,800 INFO image_rx_daemon: frag_arrival: seq=72 idx=1 total=13 fw_us=299322237 len=247

2026-09-12 19:44:39,922 INFO image_rx_daemon: frag_arrival: seq=72 idx=2 total=13 fw_us=299439301 len=247

2026-09-12 19:44:40,031 INFO image_rx_daemon: frag_arrival: seq=72 idx=3 total=13 fw_us=299556402 len=247

2026-09-12 19:44:40,160 INFO image_rx_daemon: frag_arrival: seq=72 idx=4 total=13 fw_us=299673360 len=247

2026-09-12 19:44:40,268 INFO image_rx_daemon: frag_arrival: seq=72 idx=5 total=13 fw_us=299790455 len=247

2026-09-12 19:44:40,388 INFO image_rx_daemon: frag_arrival: seq=72 idx=6 total=13 fw_us=299907410 len=247

2026-09-12 19:44:40,515 INFO image_rx_daemon: frag_arrival: seq=72 idx=7 total=13 fw_us=300026030 len=247

2026-09-12 19:44:40,627 INFO image_rx_daemon: frag_arrival: seq=72 idx=8 total=13 fw_us=300141529 len=247

2026-09-12 19:44:40,727 INFO image_rx_daemon: frag_arrival: seq=72 idx=9 total=13 fw_us=300258421 len=247

2026-09-12 19:44:40,860 INFO image_rx_daemon: frag_arrival: seq=72 idx=10 total=13 fw_us=300375664 len=247

2026-09-12 19:44:40,980 INFO image_rx_daemon: frag_arrival: seq=72 idx=11 total=13 fw_us=300492657 len=247

2026-09-12 19:44:41,005 INFO image_rx_daemon: frag_arrival: seq=72 idx=12 total=13 fw_us=300534464 len=74

2026-09-12 19:44:41,008 INFO image_rx_daemon: published frame_id=0 seq=72 2986 B → lifetrac/v25/video/tile_delta

RFCO_PERTX during TX wait: profile_id=2 tx_status=0x00(OK) hop_idx=0 channel_idx=0 epoch=0 freq_hz=0 pkt_toa_us=15424 legal_dwell_used_us_10s=0

2026-09-12 19:44:41,032 INFO image_rx_daemon: command TX opcode=0x6c copy=1/1 OK (on air)

2026-09-12 19:44:41,280 INFO image_rx_daemon: frag_arrival: seq=74 idx=0 total=13 fw_us=300796555 len=247

2026-09-12 19:44:41,406 INFO image_rx_daemon: frag_arrival: seq=74 idx=1 total=13 fw_us=300913299 len=247

2026-09-12 19:44:41,515 INFO image_rx_daemon: frag_arrival: seq=74 idx=2 total=13 fw_us=301030536 len=247

2026-09-12 19:44:41,633 INFO image_rx_daemon: frag_arrival: seq=74 idx=3 total=13 fw_us=301147560 len=247

2026-09-12 19:44:41,742 INFO image_rx_daemon: frag_arrival: seq=74 idx=4 total=13 fw_us=301264617 len=247

2026-09-12 19:44:41,861 INFO image_rx_daemon: frag_arrival: seq=74 idx=5 total=13 fw_us=301381741 len=247

2026-09-12 19:44:41,984 INFO image_rx_daemon: frag_arrival: seq=74 idx=6 total=13 fw_us=301498647 len=247

2026-09-12 19:44:42,101 INFO image_rx_daemon: frag_arrival: seq=74 idx=7 total=13 fw_us=301615622 len=247

2026-09-12 19:44:42,208 INFO image_rx_daemon: frag_arrival: seq=74 idx=8 total=13 fw_us=301732998 len=247

2026-09-12 19:44:42,340 INFO image_rx_daemon: frag_arrival: seq=74 idx=9 total=13 fw_us=301849804 len=247

2026-09-12 19:44:42,449 INFO image_rx_daemon: frag_arrival: seq=74 idx=10 total=13 fw_us=301966925 len=247

2026-09-12 19:44:42,572 INFO image_rx_daemon: frag_arrival: seq=74 idx=11 total=13 fw_us=302085030 len=247

2026-09-12 19:44:42,601 INFO image_rx_daemon: frag_arrival: seq=74 idx=12 total=13 fw_us=302125862 len=73

2026-09-12 19:44:42,605 INFO image_rx_daemon: published frame_id=0 seq=74 2985 B → lifetrac/v25/video/tile_delta

2026-09-12 19:44:42,872 INFO image_rx_daemon: frag_arrival: seq=77 idx=0 total=13 fw_us=302388982 len=247

2026-09-12 19:44:42,994 INFO image_rx_daemon: frag_arrival: seq=77 idx=1 total=13 fw_us=302505803 len=247

2026-09-12 19:44:43,104 INFO image_rx_daemon: frag_arrival: seq=77 idx=2 total=13 fw_us=302622962 len=247

2026-09-12 19:44:43,224 INFO image_rx_daemon: frag_arrival: seq=77 idx=3 total=13 fw_us=302741030 len=247

2026-09-12 19:44:43,348 INFO image_rx_daemon: frag_arrival: seq=77 idx=4 total=13 fw_us=302857074 len=247

2026-09-12 19:44:43,458 INFO image_rx_daemon: frag_arrival: seq=77 idx=5 total=13 fw_us=302974096 len=247

2026-09-12 19:44:43,577 INFO image_rx_daemon: frag_arrival: seq=77 idx=6 total=13 fw_us=303091179 len=247

2026-09-12 19:44:43,696 INFO image_rx_daemon: frag_arrival: seq=77 idx=7 total=13 fw_us=303208272 len=247

2026-09-12 19:44:43,802 INFO image_rx_daemon: frag_arrival: seq=77 idx=8 total=13 fw_us=303325220 len=247

2026-09-12 19:44:43,921 INFO image_rx_daemon: frag_arrival: seq=77 idx=9 total=13 fw_us=303442013 len=247

2026-09-12 19:44:44,032 INFO image_rx_daemon: frag_arrival: seq=77 idx=10 total=13 fw_us=303559206 len=247

2026-09-12 19:44:44,161 INFO image_rx_daemon: frag_arrival: seq=77 idx=11 total=13 fw_us=303676303 len=247

2026-09-12 19:44:44,162 INFO image_rx_daemon: frag_arrival: seq=77 idx=12 total=13 fw_us=303693259 len=7

2026-09-12 19:44:44,163 INFO image_rx_daemon: published frame_id=0 seq=77 2919 B → lifetrac/v25/video/tile_delta

RFCO_PERTX during TX wait: profile_id=2 tx_status=0x00(OK) hop_idx=0 channel_idx=0 epoch=0 freq_hz=0 pkt_toa_us=15424 legal_dwell_used_us_10s=0

2026-09-12 19:44:44,194 INFO image_rx_daemon: command TX opcode=0x6c copy=1/1 OK (on air)

2026-09-12 19:44:44,352 INFO image_rx_daemon: frag_arrival: seq=81 idx=0 total=12 fw_us=303863318 len=247

2026-09-12 19:44:44,460 INFO image_rx_daemon: frag_arrival: seq=81 idx=1 total=12 fw_us=303980379 len=247

2026-09-12 19:44:44,584 INFO image_rx_daemon: frag_arrival: seq=81 idx=2 total=12 fw_us=304097421 len=247

2026-09-12 19:44:44,699 INFO image_rx_daemon: frag_arrival: seq=81 idx=3 total=12 fw_us=304214475 len=247

2026-09-12 19:44:44,824 INFO image_rx_daemon: frag_arrival: seq=81 idx=4 total=12 fw_us=304331566 len=247

2026-09-12 19:44:44,930 INFO image_rx_daemon: frag_arrival: seq=81 idx=5 total=12 fw_us=304448606 len=247

2026-09-12 19:44:45,046 INFO image_rx_daemon: frag_arrival: seq=81 idx=6 total=12 fw_us=304565714 len=247

2026-09-12 19:44:45,164 INFO image_rx_daemon: frag_arrival: seq=81 idx=7 total=12 fw_us=304682752 len=247

2026-09-12 19:44:45,275 INFO image_rx_daemon: frag_arrival: seq=81 idx=8 total=12 fw_us=304799661 len=247

2026-09-12 19:44:45,396 INFO image_rx_daemon: frag_arrival: seq=81 idx=9 total=12 fw_us=304916798 len=247

2026-09-12 19:44:45,513 INFO image_rx_daemon: frag_arrival: seq=81 idx=10 total=12 fw_us=305033841 len=247

2026-09-12 19:44:45,609 WARNING image_rx_daemon: crc_dump: irq=0x70 rx_len=255 snr=2.2 rssi=-66 dump=010200f0ca3544ab8967cd7709f6651118c7a39341b75e715c71aa7272d44dd2ec969885e68587618581cb5b433ae260f77ae27699022ae190982018e9793f6564c1bf7b76afdc683be40fa6dd6f3a6404e4a121738fa5717190e28a41a6e96dfc68d2e371a09ab22dda8ba89e12beed69785bbc55e518a374c9116508f979ca2fc19de6cafbaa800fd7460fe6c329527a306abe95acfabaa8b724e54ff037651b34bbb6f52797fe53f003a86d03d3b1e38f832216b7faefbea2392685368fa2621db32d2a593fc31c31e111e3fb289e0eaec714033bb88a17d9843c30a3029295a37ac46b2e92dadaaccbe7027cb77e04beba3b801f686fe07c0f

2026-09-12 19:44:45,824 INFO image_rx_daemon: frag_arrival: seq=84 idx=0 total=13 fw_us=305337812 len=247

2026-09-12 19:44:45,928 INFO image_rx_daemon: frag_arrival: seq=84 idx=1 total=13 fw_us=305454904 len=247

2026-09-12 19:44:46,049 INFO image_rx_daemon: stats: rx_frames=1411 rx_decode_err=0 frames_published=71 publish_err=0 reassembler_decode_err=0 reassembler_timeouts=42 parity_recon=0 idle_drain_deferred=18

2026-09-12 19:44:46,052 INFO image_rx_daemon: air_gap: n=81 dt_med=117061us dt_p95=262091us len_med=247B cmd_tx_ok=49 cmd_tx_fail=0

2026-09-12 19:44:46,053 INFO image_rx_daemon: air_gap_hist(ms): <20:1 <40:1 <80:3 <120:69 <200:2 <400:5

2026-09-12 19:44:46,054 INFO image_rx_daemon: rx_rf: n_rssi=81 n_snr=81 rssi[min/med/max]=-70/-69/-69 snr[min/med/max]=5.0/6.0/6.0

2026-09-12 19:44:46,057 INFO image_rx_daemon: frag_arrival: seq=84 idx=2 total=13 fw_us=305572013 len=247

2026-09-12 19:44:46,057 INFO image_rx_daemon: phase_telemetry: valid=82 invalid=0 pre_f8=0 last_epoch=0 last_hop=0 slot_off=[0..0]

2026-09-12 19:44:46,058 INFO image_rx_daemon: air_gap_by_class: seq: n=72 med=117.0ms | boundary: n=7 med=262.2ms

2026-09-12 19:44:46,059 INFO image_rx_daemon: lost_frag_idx: n=1 idx0=0 (0.00% of idx0 arrivals) other=1 (1.32%) verdict=not-clustered | top 11:1

2026-09-12 19:44:46,059 INFO image_rx_daemon: frag_reordered: 2 late out-of-order arrivals had a provisional loss retracted (in-order assumption violated — see RS-11.4)

2026-09-12 19:44:46,166 INFO image_rx_daemon: frag_arrival: seq=84 idx=3 total=13 fw_us=305689153 len=247

2026-09-12 19:44:46,289 INFO image_rx_daemon: frag_arrival: seq=84 idx=4 total=13 fw_us=305806179 len=247

2026-09-12 19:44:46,408 INFO image_rx_daemon: frag_arrival: seq=84 idx=5 total=13 fw_us=305923200 len=247

2026-09-12 19:44:46,528 INFO image_rx_daemon: frag_arrival: seq=84 idx=6 total=13 fw_us=306040242 len=247

2026-09-12 19:44:46,638 INFO image_rx_daemon: frag_arrival: seq=84 idx=7 total=13 fw_us=306157099 len=247

2026-09-12 19:44:46,757 INFO image_rx_daemon: frag_arrival: seq=84 idx=8 total=13 fw_us=306274272 len=247

2026-09-12 19:44:46,876 INFO image_rx_daemon: frag_arrival: seq=84 idx=9 total=13 fw_us=306392030 len=247

2026-09-12 19:44:47,000 INFO image_rx_daemon: frag_arrival: seq=84 idx=10 total=13 fw_us=306508299 len=247

2026-09-12 19:44:47,111 INFO image_rx_daemon: frag_arrival: seq=84 idx=11 total=13 fw_us=306625314 len=247

2026-09-12 19:44:47,125 INFO image_rx_daemon: frag_arrival: seq=84 idx=12 total=13 fw_us=306657938 len=47

2026-09-12 19:44:47,128 INFO image_rx_daemon: published frame_id=0 seq=84 2959 B → lifetrac/v25/video/tile_delta

RFCO_PERTX during TX wait: profile_id=2 tx_status=0x00(OK) hop_idx=0 channel_idx=0 epoch=0 freq_hz=0 pkt_toa_us=15424 legal_dwell_used_us_10s=0

2026-09-12 19:44:47,154 INFO image_rx_daemon: command TX opcode=0x6c copy=1/1 OK (on air)

2026-09-12 19:44:47,298 INFO image_rx_daemon: frag_arrival: seq=87 idx=0 total=13 fw_us=306817679 len=247

2026-09-12 19:44:47,419 INFO image_rx_daemon: frag_arrival: seq=87 idx=1 total=13 fw_us=306934645 len=247

2026-09-12 19:44:47,536 INFO image_rx_daemon: frag_arrival: seq=87 idx=2 total=13 fw_us=307051847 len=247

2026-09-12 19:44:47,643 INFO image_rx_daemon: frag_arrival: seq=87 idx=3 total=13 fw_us=307168970 len=247

2026-09-12 19:44:47,770 INFO image_rx_daemon: frag_arrival: seq=87 idx=4 total=13 fw_us=307286033 len=247

2026-09-12 19:44:47,892 INFO image_rx_daemon: frag_arrival: seq=87 idx=5 total=13 fw_us=307403020 len=247

2026-09-12 19:44:48,000 INFO image_rx_daemon: frag_arrival: seq=87 idx=6 total=13 fw_us=307520094 len=247

2026-09-12 19:44:48,120 INFO image_rx_daemon: frag_arrival: seq=87 idx=7 total=13 fw_us=307637119 len=247

2026-09-12 19:44:48,237 INFO image_rx_daemon: frag_arrival: seq=87 idx=8 total=13 fw_us=307754168 len=247

2026-09-12 19:44:48,354 INFO image_rx_daemon: frag_arrival: seq=87 idx=9 total=13 fw_us=307871021 len=247

2026-09-12 19:44:48,472 INFO image_rx_daemon: frag_arrival: seq=87 idx=10 total=13 fw_us=307988149 len=247

2026-09-12 19:44:48,568 WARNING image_rx_daemon: crc_dump: irq=0x70 rx_len=255 snr=1.8 rssi=-66 dump=f87f2668f3491369dfcb407bb59faf66136e5ab34a385fcb750d641e1db61056ee65b450d702f9a25f29e7916fe85f605f5611c0a16d0278b71b2ea1d95718274ed4aef8bc530da74435e7a9fcb6f6d8d7e2308a13c4b95f0d7a4bafd7f7e6ddfaaad00d1686be4f5cbebfd076773479559b29d38c1dd5269f42fda9d988956fb6a05c742f005d3d8dbd1a881915cc38da0750cf0f16c00445f2240be23f2d38473edfc0f2e19e2e7b98d2ebf5811f67be3253abde5a53a6c29f8eccf8110ad63b8f15c931d5effce194bd134f3ad3d7feece692e9ec8fe6b491e7729d32e7e18cdd72d5c333116145058509f89c258c2a25d0acf0443c9a2b0698

2026-09-12 19:44:48,606 INFO image_rx_daemon: frag_arrival: seq=87 idx=12 total=13 fw_us=308134822 len=39

2026-09-12 19:44:48,790 INFO image_rx_daemon: frag_arrival: seq=90 idx=0 total=13 fw_us=308310869 len=247

2026-09-12 19:44:48,912 INFO image_rx_daemon: frag_arrival: seq=90 idx=1 total=13 fw_us=308427957 len=247

2026-09-12 19:44:49,020 INFO image_rx_daemon: frag_arrival: seq=90 idx=2 total=13 fw_us=308545121 len=247

2026-09-12 19:44:49,148 INFO image_rx_daemon: frag_arrival: seq=90 idx=3 total=13 fw_us=308662124 len=247

2026-09-12 19:44:49,256 INFO image_rx_daemon: frag_arrival: seq=90 idx=4 total=13 fw_us=308779178 len=247

2026-09-12 19:44:49,377 INFO image_rx_daemon: frag_arrival: seq=90 idx=5 total=13 fw_us=308896195 len=247

2026-09-12 19:44:49,496 INFO image_rx_daemon: frag_arrival: seq=90 idx=6 total=13 fw_us=309013258 len=247

2026-09-12 19:44:49,616 INFO image_rx_daemon: frag_arrival: seq=90 idx=7 total=13 fw_us=309130288 len=247

2026-09-12 19:44:49,728 INFO image_rx_daemon: frag_arrival: seq=90 idx=8 total=13 fw_us=309247279 len=247

2026-09-12 19:44:49,848 INFO image_rx_daemon: frag_arrival: seq=90 idx=9 total=13 fw_us=309364408 len=247

2026-09-12 19:44:49,968 INFO image_rx_daemon: frag_arrival: seq=90 idx=10 total=13 fw_us=309481287 len=247

2026-09-12 19:44:50,079 INFO image_rx_daemon: frag_arrival: seq=90 idx=11 total=13 fw_us=309598321 len=247

2026-09-12 19:44:50,080 INFO image_rx_daemon: frag_arrival: seq=90 idx=12 total=13 fw_us=309616585 len=11

2026-09-12 19:44:50,081 INFO image_rx_daemon: published frame_id=0 seq=90 2923 B → lifetrac/v25/video/tile_delta

RFCO_PERTX during TX wait: profile_id=2 tx_status=0x00(OK) hop_idx=0 channel_idx=0 epoch=0 freq_hz=0 pkt_toa_us=15424 legal_dwell_used_us_10s=0

2026-09-12 19:44:50,113 INFO image_rx_daemon: command TX opcode=0x6c copy=1/1 OK (on air)

2026-09-12 19:44:50,258 INFO image_rx_daemon: frag_arrival: seq=93 idx=0 total=13 fw_us=309786030 len=247

2026-09-12 19:44:50,384 INFO image_rx_daemon: frag_arrival: seq=93 idx=1 total=13 fw_us=309902160 len=247

2026-09-12 19:44:50,504 INFO image_rx_daemon: frag_arrival: seq=93 idx=2 total=13 fw_us=310019260 len=247

2026-09-12 19:44:50,625 INFO image_rx_daemon: frag_arrival: seq=93 idx=3 total=13 fw_us=310136294 len=247

2026-09-12 19:44:50,740 INFO image_rx_daemon: frag_arrival: seq=93 idx=4 total=13 fw_us=310253280 len=247

2026-09-12 19:44:50,852 INFO image_rx_daemon: frag_arrival: seq=93 idx=5 total=13 fw_us=310370354 len=247

2026-09-12 19:44:50,961 INFO image_rx_daemon: frag_arrival: seq=93 idx=6 total=13 fw_us=310487211 len=247

2026-09-12 19:44:51,088 INFO image_rx_daemon: frag_arrival: seq=93 idx=7 total=13 fw_us=310604311 len=247

2026-09-12 19:44:51,203 INFO image_rx_daemon: frag_arrival: seq=93 idx=8 total=13 fw_us=310721174 len=247

2026-09-12 19:44:51,313 INFO image_rx_daemon: frag_arrival: seq=93 idx=9 total=13 fw_us=310838376 len=247

2026-09-12 19:44:51,436 INFO image_rx_daemon: frag_arrival: seq=93 idx=10 total=13 fw_us=310955299 len=247

2026-09-12 19:44:51,551 INFO image_rx_daemon: frag_arrival: seq=93 idx=11 total=13 fw_us=311072373 len=247

2026-09-12 19:44:51,588 INFO image_rx_daemon: frag_arrival: seq=93 idx=12 total=13 fw_us=311116766 len=80

2026-09-12 19:44:51,592 INFO image_rx_daemon: published frame_id=0 seq=93 2992 B → lifetrac/v25/video/tile_delta

2026-09-12 19:44:51,866 INFO image_rx_daemon: frag_arrival: seq=96 idx=0 total=12 fw_us=311376314 len=247

2026-09-12 19:44:51,980 INFO image_rx_daemon: frag_arrival: seq=96 idx=1 total=12 fw_us=311493266 len=247

2026-09-12 19:44:52,087 INFO image_rx_daemon: frag_arrival: seq=96 idx=2 total=12 fw_us=311610316 len=247

2026-09-12 19:44:52,205 INFO image_rx_daemon: frag_arrival: seq=96 idx=3 total=12 fw_us=311727306 len=247

2026-09-12 19:44:52,321 INFO image_rx_daemon: frag_arrival: seq=96 idx=4 total=12 fw_us=311844398 len=247

2026-09-12 19:44:52,441 INFO image_rx_daemon: frag_arrival: seq=96 idx=5 total=12 fw_us=311961374 len=247

2026-09-12 19:44:52,552 INFO image_rx_daemon: frag_arrival: seq=96 idx=6 total=12 fw_us=312078425 len=247

2026-09-12 19:44:52,684 INFO image_rx_daemon: frag_arrival: seq=96 idx=7 total=12 fw_us=312195471 len=247

2026-09-12 19:44:52,785 INFO image_rx_daemon: frag_arrival: seq=96 idx=8 total=12 fw_us=312312517 len=247

2026-09-12 19:44:52,916 INFO image_rx_daemon: frag_arrival: seq=96 idx=9 total=12 fw_us=312429605 len=247

2026-09-12 19:44:53,013 INFO image_rx_daemon: frag_arrival: seq=96 idx=10 total=12 fw_us=312546726 len=247

2026-09-12 19:44:53,144 INFO image_rx_daemon: frag_arrival: seq=96 idx=11 total=12 fw_us=312658138 len=241

2026-09-12 19:44:53,145 INFO image_rx_daemon: published frame_id=0 seq=96 2910 B → lifetrac/v25/video/tile_delta

RFCO_PERTX during TX wait: profile_id=2 tx_status=0x00(OK) hop_idx=0 channel_idx=0 epoch=0 freq_hz=0 pkt_toa_us=15424 legal_dwell_used_us_10s=0

2026-09-12 19:44:53,172 INFO image_rx_daemon: command TX opcode=0x6c copy=1/1 OK (on air)

2026-09-12 19:44:53,340 INFO image_rx_daemon: frag_arrival: seq=99 idx=0 total=13 fw_us=312850543 len=247

2026-09-12 19:44:53,442 INFO image_rx_daemon: frag_arrival: seq=99 idx=1 total=13 fw_us=312967504 len=247

2026-09-12 19:44:53,577 INFO image_rx_daemon: frag_arrival: seq=99 idx=2 total=13 fw_us=313084700 len=247

2026-09-12 19:44:53,688 INFO image_rx_daemon: frag_arrival: seq=99 idx=3 total=13 fw_us=313201710 len=247

2026-09-12 19:44:53,796 INFO image_rx_daemon: frag_arrival: seq=99 idx=4 total=13 fw_us=313318745 len=247

2026-09-12 19:44:53,912 INFO image_rx_daemon: frag_arrival: seq=99 idx=5 total=13 fw_us=313435805 len=247

2026-09-12 19:44:54,020 INFO image_rx_daemon: frag_arrival: seq=99 idx=6 total=13 fw_us=313552866 len=247

2026-09-12 19:44:54,148 INFO image_rx_daemon: frag_arrival: seq=99 idx=7 total=13 fw_us=313669902 len=247

2026-09-12 19:44:54,268 INFO image_rx_daemon: frag_arrival: seq=99 idx=8 total=13 fw_us=313786924 len=247

2026-09-12 19:44:54,383 INFO image_rx_daemon: frag_arrival: seq=99 idx=9 total=13 fw_us=313903692 len=247

2026-09-12 19:44:54,503 INFO image_rx_daemon: frag_arrival: seq=99 idx=10 total=13 fw_us=314020933 len=247

2026-09-12 19:44:54,619 INFO image_rx_daemon: frag_arrival: seq=99 idx=11 total=13 fw_us=314137910 len=247

2026-09-12 19:44:54,649 INFO image_rx_daemon: frag_arrival: seq=99 idx=12 total=13 fw_us=314179660 len=71

2026-09-12 19:44:54,653 INFO image_rx_daemon: published frame_id=0 seq=99 2983 B → lifetrac/v25/video/tile_delta

2026-09-12 19:44:54,908 INFO image_rx_daemon: frag_arrival: seq=102 idx=0 total=12 fw_us=314441818 len=247

2026-09-12 19:44:55,026 INFO image_rx_daemon: frag_arrival: seq=102 idx=1 total=12 fw_us=314558597 len=247

2026-09-12 19:44:55,156 INFO image_rx_daemon: frag_arrival: seq=102 idx=2 total=12 fw_us=314675779 len=247

2026-09-12 19:44:55,278 INFO image_rx_daemon: frag_arrival: seq=102 idx=3 total=12 fw_us=314792896 len=247

2026-09-12 19:44:55,390 INFO image_rx_daemon: frag_arrival: seq=102 idx=4 total=12 fw_us=314909765 len=247

2026-09-12 19:44:55,503 INFO image_rx_daemon: frag_arrival: seq=102 idx=5 total=12 fw_us=315026883 len=247

2026-09-12 19:44:55,618 INFO image_rx_daemon: frag_arrival: seq=102 idx=6 total=12 fw_us=315143883 len=247

2026-09-12 19:44:55,740 INFO image_rx_daemon: frag_arrival: seq=102 idx=7 total=12 fw_us=315260751 len=247

2026-09-12 19:44:55,860 INFO image_rx_daemon: frag_arrival: seq=102 idx=8 total=12 fw_us=315377961 len=247

2026-09-12 19:44:55,980 INFO image_rx_daemon: frag_arrival: seq=102 idx=9 total=12 fw_us=315494759 len=247

2026-09-12 19:44:56,062 INFO image_rx_daemon: stats: rx_frames=1495 rx_decode_err=0 frames_published=76 publish_err=0 reassembler_decode_err=0 reassembler_timeouts=44 parity_recon=0 idle_drain_deferred=20

2026-09-12 19:44:56,064 INFO image_rx_daemon: air_gap: n=84 dt_med=117046us dt_p95=169445us len_med=247B cmd_tx_ok=52 cmd_tx_fail=0

2026-09-12 19:44:56,066 INFO image_rx_daemon: air_gap_hist(ms): <20:1 <40:1 <80:2 <120:73 <200:5 <400:2

2026-09-12 19:44:56,067 INFO image_rx_daemon: rx_rf: n_rssi=84 n_snr=84 rssi[min/med/max]=-70/-69/-69 snr[min/med/max]=5.0/6.0/6.0

2026-09-12 19:44:56,068 INFO image_rx_daemon: phase_telemetry: valid=83 invalid=0 pre_f8=0 last_epoch=0 last_hop=0 slot_off=[0..0]

2026-09-12 19:44:56,069 INFO image_rx_daemon: air_gap_by_class: seq: n=76 med=117.0ms | boundary: n=6 med=192.4ms | post_loss: n=1 med=146.7ms

2026-09-12 19:44:56,070 INFO image_rx_daemon: lost_frag_idx: n=1 idx0=0 (0.00% of idx0 arrivals) other=1 (1.28%) verdict=not-clustered | top 11:1

2026-09-12 19:44:56,072 INFO image_rx_daemon: frag_reordered: 1 late out-of-order arrivals had a provisional loss retracted (in-order assumption violated — see RS-11.4)

2026-09-12 19:44:56,084 INFO image_rx_daemon: frag_arrival: seq=102 idx=10 total=12 fw_us=315612024 len=247

2026-09-12 19:44:56,192 WARNING image_rx_daemon: crc_dump: irq=0x70 rx_len=255 snr=0.2 rssi=-66 dump=010200000000007f6341fee18252e339a762f4899f2f7ebb478f94f00203c56918d62bad4d546fb768e8045a6c9bf1c71c4168269445b237bcdeaf13b6e185ef75733eb51371ce16cc54d6988047b9bde2d7784b99844f420bee574fcfaaf9739c4dcdfbbc478263d79035ab9d60f6aa6d320f529a3a76afb6c85a22f57eca9c31b910569e285afe30041ec3f86f813f47c6107e8c902be5ff260769d46a2aa34f06dba71a272f790069c47755594a31917de2fbae731b89239e2e4a7f324d9cf1840f293014a948ecb6d5986334ae4031b9cfddc15806b1fe8fc6453e5ee449fffe5a1c04f865ae8c2c482c47b898c8ae0779d9a4f0c8c9ddbb3e

2026-09-12 19:44:56,396 INFO image_rx_daemon: frag_arrival: seq=105 idx=0 total=13 fw_us=315915585 len=247

2026-09-12 19:44:56,520 INFO image_rx_daemon: frag_arrival: seq=105 idx=1 total=13 fw_us=316032703 len=247

2026-09-12 19:44:56,628 INFO image_rx_daemon: frag_arrival: seq=105 idx=2 total=13 fw_us=316149709 len=247

2026-09-12 19:44:56,748 INFO image_rx_daemon: frag_arrival: seq=105 idx=3 total=13 fw_us=316266778 len=247

2026-09-12 19:44:56,868 INFO image_rx_daemon: frag_arrival: seq=105 idx=4 total=13 fw_us=316383786 len=247

2026-09-12 19:44:56,992 INFO image_rx_daemon: frag_arrival: seq=105 idx=5 total=13 fw_us=316500981 len=247

2026-09-12 19:44:57,104 INFO image_rx_daemon: frag_arrival: seq=105 idx=6 total=13 fw_us=316617835 len=247

2026-09-12 19:44:57,200 WARNING image_rx_daemon: crc_dump: irq=0x70 rx_len=255 snr=-0.2 rssi=-65 dump=01020080808888e6f7af298e1443e844ee3d16e8ea90413518e016047008ca0267041cb6991262afc038dd6600d33224f923378da4234a061f96948c916fe0da34ca82e9eeb25ac6408dc0cd1c636eceab7e8537b87113ec232470e7da610acb239655e5b6e4d156c22126831c34cc2b4f8937f1276743bbb007c84d2e1a3962b342de37b08cd60b557109aaf6d797a78371052feb74e63ea5c86d851fac79113d533859a71f7871dd9d42d8de4f08fe7b14b31e48559abc8f1f743e116ea74fb075c62883d061a91bb6c52664b12920cd33fc08425e553e7b4ed4143a2484b292a9942460c4aa7a2fa057e5c52baed827976d6a3582f22d0a23d4

2026-09-12 19:44:57,340 INFO image_rx_daemon: frag_arrival: seq=105 idx=8 total=13 fw_us=316853030 len=247

2026-09-12 19:44:57,438 INFO image_rx_daemon: frag_arrival: seq=105 idx=9 total=13 fw_us=316968906 len=247

2026-09-12 19:44:57,570 INFO image_rx_daemon: frag_arrival: seq=105 idx=10 total=13 fw_us=317086125 len=247

2026-09-12 19:44:57,687 INFO image_rx_daemon: frag_arrival: seq=105 idx=11 total=13 fw_us=317203115 len=247

2026-09-12 19:44:57,688 INFO image_rx_daemon: frag_arrival: seq=105 idx=12 total=13 fw_us=317226565 len=22

RFCO_PERTX during TX wait: profile_id=2 tx_status=0x00(OK) hop_idx=0 channel_idx=0 epoch=0 freq_hz=0 pkt_toa_us=15424 legal_dwell_used_us_10s=0

2026-09-12 19:44:57,719 INFO image_rx_daemon: command TX opcode=0x6c copy=1/1 OK (on air)

2026-09-12 19:44:57,872 INFO image_rx_daemon: frag_arrival: seq=108 idx=0 total=13 fw_us=317390445 len=247

2026-09-12 19:44:57,994 INFO image_rx_daemon: frag_arrival: seq=108 idx=1 total=13 fw_us=317507498 len=247

2026-09-12 19:44:58,112 INFO image_rx_daemon: frag_arrival: seq=108 idx=2 total=13 fw_us=317624503 len=247

2026-09-12 19:44:58,220 INFO image_rx_daemon: frag_arrival: seq=108 idx=3 total=13 fw_us=317741603 len=247

2026-09-12 19:44:58,337 INFO image_rx_daemon: frag_arrival: seq=108 idx=4 total=13 fw_us=317858728 len=247

2026-09-12 19:44:58,447 INFO image_rx_daemon: frag_arrival: seq=108 idx=5 total=13 fw_us=317975835 len=247

2026-09-12 19:44:58,573 INFO image_rx_daemon: frag_arrival: seq=108 idx=6 total=13 fw_us=318092875 len=247

2026-09-12 19:44:58,693 INFO image_rx_daemon: frag_arrival: seq=108 idx=7 total=13 fw_us=318209881 len=247

2026-09-12 19:44:58,816 INFO image_rx_daemon: frag_arrival: seq=108 idx=8 total=13 fw_us=318326790 len=247

2026-09-12 19:44:58,926 INFO image_rx_daemon: frag_arrival: seq=108 idx=9 total=13 fw_us=318443902 len=247

2026-09-12 19:44:59,048 INFO image_rx_daemon: frag_arrival: seq=108 idx=10 total=13 fw_us=318561005 len=247

2026-09-12 19:44:59,156 INFO image_rx_daemon: frag_arrival: seq=108 idx=11 total=13 fw_us=318677920 len=247

2026-09-12 19:44:59,169 INFO image_rx_daemon: frag_arrival: seq=108 idx=12 total=13 fw_us=318707916 len=41

2026-09-12 19:44:59,177 INFO image_rx_daemon: published frame_id=0 seq=108 2953 B → lifetrac/v25/video/tile_delta

2026-09-12 19:44:59,363 INFO image_rx_daemon: frag_arrival: seq=111 idx=0 total=13 fw_us=318885480 len=247

2026-09-12 19:44:59,488 INFO image_rx_daemon: frag_arrival: seq=111 idx=1 total=13 fw_us=319002308 len=247

2026-09-12 19:44:59,596 INFO image_rx_daemon: frag_arrival: seq=111 idx=2 total=13 fw_us=319119501 len=247

2026-09-12 19:44:59,716 INFO image_rx_daemon: frag_arrival: seq=111 idx=3 total=13 fw_us=319236521 len=247

2026-09-12 19:44:59,836 INFO image_rx_daemon: frag_arrival: seq=111 idx=4 total=13 fw_us=319353553 len=247

2026-09-12 19:44:59,956 INFO image_rx_daemon: frag_arrival: seq=111 idx=5 total=13 fw_us=319470541 len=247

2026-09-12 19:45:00,068 INFO image_rx_daemon: frag_arrival: seq=111 idx=6 total=13 fw_us=319587528 len=247

2026-09-12 19:45:00,188 INFO image_rx_daemon: frag_arrival: seq=111 idx=7 total=13 fw_us=319704599 len=247

2026-09-12 19:45:00,308 INFO image_rx_daemon: frag_arrival: seq=111 idx=8 total=13 fw_us=319821721 len=247

2026-09-12 19:45:00,416 INFO image_rx_daemon: frag_arrival: seq=111 idx=9 total=13 fw_us=319938633 len=247

2026-09-12 19:45:00,536 INFO image_rx_daemon: frag_arrival: seq=111 idx=10 total=13 fw_us=320055669 len=247

2026-09-12 19:45:00,653 INFO image_rx_daemon: frag_arrival: seq=111 idx=11 total=13 fw_us=320172686 len=247

2026-09-12 19:45:00,670 INFO image_rx_daemon: frag_arrival: seq=111 idx=12 total=13 fw_us=320202333 len=37

2026-09-12 19:45:00,676 INFO image_rx_daemon: published frame_id=0 seq=111 2949 B → lifetrac/v25/video/tile_delta

2026-09-12 19:45:00,863 INFO image_rx_daemon: frag_arrival: seq=114 idx=0 total=13 fw_us=320378584 len=247

2026-09-12 19:45:00,975 INFO image_rx_daemon: frag_arrival: seq=114 idx=1 total=13 fw_us=320495697 len=247

2026-09-12 19:45:01,092 INFO image_rx_daemon: frag_arrival: seq=114 idx=2 total=13 fw_us=320612767 len=247

2026-09-12 19:45:01,212 INFO image_rx_daemon: frag_arrival: seq=114 idx=3 total=13 fw_us=320729821 len=247

2026-09-12 19:45:01,336 INFO image_rx_daemon: frag_arrival: seq=114 idx=4 total=13 fw_us=320846892 len=247

2026-09-12 19:45:01,448 INFO image_rx_daemon: frag_arrival: seq=114 idx=5 total=13 fw_us=320963807 len=247

2026-09-12 19:45:01,568 INFO image_rx_daemon: frag_arrival: seq=114 idx=6 total=13 fw_us=321080901 len=247

2026-09-12 19:45:01,676 INFO image_rx_daemon: frag_arrival: seq=114 idx=7 total=13 fw_us=321198033 len=247

2026-09-12 19:45:01,796 INFO image_rx_daemon: frag_arrival: seq=114 idx=8 total=13 fw_us=321316030 len=247

2026-09-12 19:45:01,914 INFO image_rx_daemon: frag_arrival: seq=114 idx=9 total=13 fw_us=321432029 len=247

2026-09-12 19:45:02,024 INFO image_rx_daemon: frag_arrival: seq=114 idx=10 total=13 fw_us=321549125 len=247

2026-09-12 19:45:02,148 INFO image_rx_daemon: frag_arrival: seq=114 idx=11 total=13 fw_us=321666084 len=247

2026-09-12 19:45:02,161 INFO image_rx_daemon: frag_arrival: seq=114 idx=12 total=13 fw_us=321696094 len=41

2026-09-12 19:45:02,165 INFO image_rx_daemon: published frame_id=0 seq=114 2953 B → lifetrac/v25/video/tile_delta

RFCO_PERTX during TX wait: profile_id=2 tx_status=0x00(OK) hop_idx=0 channel_idx=0 epoch=0 freq_hz=0 pkt_toa_us=15424 legal_dwell_used_us_10s=0

2026-09-12 19:45:02,190 INFO image_rx_daemon: command TX opcode=0x6c copy=1/1 OK (on air)

2026-09-12 19:45:02,341 INFO image_rx_daemon: frag_arrival: seq=117 idx=0 total=13 fw_us=321855807 len=247

2026-09-12 19:45:02,464 INFO image_rx_daemon: frag_arrival: seq=117 idx=1 total=13 fw_us=321972661 len=247

2026-09-12 19:45:02,576 INFO image_rx_daemon: frag_arrival: seq=117 idx=2 total=13 fw_us=322089669 len=247

2026-09-12 19:45:02,684 INFO image_rx_daemon: frag_arrival: seq=117 idx=3 total=13 fw_us=322206677 len=247

2026-09-12 19:45:02,808 INFO image_rx_daemon: frag_arrival: seq=117 idx=4 total=13 fw_us=322323641 len=247

2026-09-12 19:45:02,925 INFO image_rx_daemon: frag_arrival: seq=117 idx=5 total=13 fw_us=322440683 len=247

2026-09-12 19:45:03,055 INFO image_rx_daemon: frag_arrival: seq=117 idx=6 total=13 fw_us=322557728 len=247

2026-09-12 19:45:03,154 INFO image_rx_daemon: frag_arrival: seq=117 idx=7 total=13 fw_us=322674832 len=247

2026-09-12 19:45:03,273 INFO image_rx_daemon: frag_arrival: seq=117 idx=8 total=13 fw_us=322791804 len=247

2026-09-12 19:45:03,380 INFO image_rx_daemon: frag_arrival: seq=117 idx=9 total=13 fw_us=322908790 len=247

2026-09-12 19:45:03,504 INFO image_rx_daemon: frag_arrival: seq=117 idx=10 total=13 fw_us=323025836 len=247

2026-09-12 19:45:03,626 INFO image_rx_daemon: frag_arrival: seq=117 idx=11 total=13 fw_us=323143016 len=247

2026-09-12 19:45:03,656 INFO image_rx_daemon: frag_arrival: seq=117 idx=12 total=13 fw_us=323187396 len=79

2026-09-12 19:45:03,659 INFO image_rx_daemon: published frame_id=0 seq=117 2991 B → lifetrac/v25/video/tile_delta

2026-09-12 19:45:03,923 INFO image_rx_daemon: frag_arrival: seq=123 idx=0 total=13 fw_us=323446780 len=247

2026-09-12 19:45:04,030 INFO image_rx_daemon: frag_arrival: seq=123 idx=1 total=13 fw_us=323563703 len=247

2026-09-12 19:45:04,163 INFO image_rx_daemon: frag_arrival: seq=123 idx=2 total=13 fw_us=323680814 len=247

2026-09-12 19:45:04,288 INFO image_rx_daemon: frag_arrival: seq=123 idx=3 total=13 fw_us=323797915 len=247

2026-09-12 19:45:04,396 INFO image_rx_daemon: frag_arrival: seq=123 idx=4 total=13 fw_us=323914788 len=247

2026-09-12 19:45:04,516 INFO image_rx_daemon: frag_arrival: seq=123 idx=5 total=13 fw_us=324031915 len=247

2026-09-12 19:45:04,625 INFO image_rx_daemon: frag_arrival: seq=123 idx=6 total=13 fw_us=324148749 len=247

2026-09-12 19:45:04,748 INFO image_rx_daemon: frag_arrival: seq=123 idx=7 total=13 fw_us=324265928 len=247

2026-09-12 19:45:04,864 INFO image_rx_daemon: frag_arrival: seq=123 idx=8 total=13 fw_us=324383093 len=247

2026-09-12 19:45:04,984 INFO image_rx_daemon: frag_arrival: seq=123 idx=9 total=13 fw_us=324499861 len=247

2026-09-12 19:45:05,104 INFO image_rx_daemon: frag_arrival: seq=123 idx=10 total=13 fw_us=324617030 len=247

2026-09-12 19:45:05,212 INFO image_rx_daemon: frag_arrival: seq=123 idx=11 total=13 fw_us=324734021 len=247

2026-09-12 19:45:05,253 INFO image_rx_daemon: frag_arrival: seq=123 idx=12 total=13 fw_us=324778442 len=81

2026-09-12 19:45:05,256 INFO image_rx_daemon: published frame_id=0 seq=123 2993 B → lifetrac/v25/video/tile_delta

RFCO_PERTX during TX wait: profile_id=2 tx_status=0x00(OK) hop_idx=0 channel_idx=0 epoch=0 freq_hz=0 pkt_toa_us=15424 legal_dwell_used_us_10s=0

2026-09-12 19:45:05,283 INFO image_rx_daemon: command TX opcode=0x6c copy=1/1 OK (on air)

2026-09-12 19:45:05,517 INFO image_rx_daemon: frag_arrival: seq=124 idx=0 total=12 fw_us=325038080 len=247

2026-09-12 19:45:05,636 INFO image_rx_daemon: frag_arrival: seq=124 idx=1 total=12 fw_us=325154836 len=247

2026-09-12 19:45:05,756 INFO image_rx_daemon: frag_arrival: seq=124 idx=2 total=12 fw_us=325271957 len=247

2026-09-12 19:45:05,876 INFO image_rx_daemon: frag_arrival: seq=124 idx=3 total=12 fw_us=325389110 len=247

2026-09-12 19:45:05,984 INFO image_rx_daemon: frag_arrival: seq=124 idx=4 total=12 fw_us=325506174 len=247

2026-09-12 19:45:06,075 INFO image_rx_daemon: stats: rx_frames=1578 rx_decode_err=0 frames_published=81 publish_err=0 reassembler_decode_err=0 reassembler_timeouts=46 parity_recon=0 idle_drain_deferred=21

2026-09-12 19:45:06,077 INFO image_rx_daemon: air_gap: n=83 dt_med=117046us dt_p95=177564us len_med=247B cmd_tx_ok=55 cmd_tx_fail=0

2026-09-12 19:45:06,079 INFO image_rx_daemon: air_gap_hist(ms): <40:4 <80:2 <120:69 <200:4 <400:4

2026-09-12 19:45:06,080 INFO image_rx_daemon: rx_rf: n_rssi=83 n_snr=83 rssi[min/med/max]=-70/-69/-68 snr[min/med/max]=5.0/6.0/6.0

2026-09-12 19:45:06,081 INFO image_rx_daemon: phase_telemetry: valid=83 invalid=0 pre_f8=0 last_epoch=0 last_hop=0 slot_off=[0..0]

2026-09-12 19:45:06,082 INFO image_rx_daemon: air_gap_by_class: seq: n=75 med=117.0ms | boundary: n=7 med=177.6ms | post_loss: n=1 med=235.2ms

2026-09-12 19:45:06,083 INFO image_rx_daemon: lost_frag_idx: n=2 idx0=0 (0.00% of idx0 arrivals) other=2 (2.56%) verdict=not-clustered | top 11:1 7:1

2026-09-12 19:45:06,096 INFO image_rx_daemon: frag_arrival: seq=124 idx=5 total=12 fw_us=325623318 len=247

2026-09-12 19:45:06,227 INFO image_rx_daemon: frag_arrival: seq=124 idx=6 total=12 fw_us=325740362 len=247

2026-09-12 19:45:06,336 INFO image_rx_daemon: frag_arrival: seq=124 idx=7 total=12 fw_us=325857288 len=247

2026-09-12 19:45:06,456 INFO image_rx_daemon: frag_arrival: seq=124 idx=8 total=12 fw_us=325974412 len=247

2026-09-12 19:45:06,580 INFO image_rx_daemon: frag_arrival: seq=124 idx=9 total=12 fw_us=326091406 len=247

2026-09-12 19:45:06,688 INFO image_rx_daemon: frag_arrival: seq=124 idx=10 total=12 fw_us=326208597 len=247

2026-09-12 19:45:06,784 WARNING image_rx_daemon: crc_dump: irq=0x70 rx_len=255 snr=0.0 rssi=-65 dump=0102000000000004930ee764dffaf7e92669c7159e3fbcb37fecbef00305cd79bdda2bf84d506fd61eee3d498c6f39266d0ce130da51ecc7b747570bc4bfd546ab5560df8d51088352b410ddbc9ddc364affe6fce95a75d09efb9c6d23a17e4339bd03c913047c45e3f8f59402889d85a5d11cce96073839702d0d7e92a92af3b6b475d168aacd455218b9240988f8ae17c256861525404333a4ca8bfd9b79b392bf2dade6f14c0e019a393a591f17be68a20100fa0b0adc73cbd959eb7a3e9351743f4fa569698fbafdac0e5991da6a811e759c548c8eddd255c8d81e1b9a1feaca717bbee4cb69c9f77860831f1a6e27b5291bde815395218744

2026-09-12 19:45:06,996 INFO image_rx_daemon: frag_arrival: seq=126 idx=0 total=12 fw_us=326512671 len=247

2026-09-12 19:45:07,116 INFO image_rx_daemon: frag_arrival: seq=126 idx=1 total=12 fw_us=326629608 len=247

2026-09-12 19:45:07,224 INFO image_rx_daemon: frag_arrival: seq=126 idx=2 total=12 fw_us=326746746 len=247

2026-09-12 19:45:07,343 INFO image_rx_daemon: frag_arrival: seq=126 idx=3 total=12 fw_us=326863744 len=247

2026-09-12 19:45:07,461 INFO image_rx_daemon: frag_arrival: seq=126 idx=4 total=12 fw_us=326980669 len=247

2026-09-12 19:45:07,580 INFO image_rx_daemon: frag_arrival: seq=126 idx=5 total=12 fw_us=327097888 len=247

2026-09-12 19:45:07,697 INFO image_rx_daemon: frag_arrival: seq=126 idx=6 total=12 fw_us=327214838 len=247

2026-09-12 19:45:07,816 INFO image_rx_daemon: frag_arrival: seq=126 idx=7 total=12 fw_us=327331931 len=247

2026-09-12 19:45:07,936 INFO image_rx_daemon: frag_arrival: seq=126 idx=8 total=12 fw_us=327448857 len=247

2026-09-12 19:45:08,046 INFO image_rx_daemon: frag_arrival: seq=126 idx=9 total=12 fw_us=327565845 len=247

2026-09-12 19:45:08,164 INFO image_rx_daemon: frag_arrival: seq=126 idx=10 total=12 fw_us=327683009 len=247

2026-09-12 19:45:08,284 INFO image_rx_daemon: frag_arrival: seq=126 idx=11 total=12 fw_us=327799979 len=246

2026-09-12 19:45:08,285 INFO image_rx_daemon: published frame_id=0 seq=126 2915 B → lifetrac/v25/video/tile_delta

RFCO_PERTX during TX wait: profile_id=2 tx_status=0x00(OK) hop_idx=0 channel_idx=0 epoch=0 freq_hz=0 pkt_toa_us=15424 legal_dwell_used_us_10s=0

2026-09-12 19:45:08,312 INFO image_rx_daemon: command TX opcode=0x6c copy=1/1 OK (on air)

2026-09-12 19:45:08,468 INFO image_rx_daemon: frag_arrival: seq=129 idx=0 total=13 fw_us=327986830 len=247

2026-09-12 19:45:08,590 INFO image_rx_daemon: frag_arrival: seq=129 idx=1 total=13 fw_us=328103780 len=247

2026-09-12 19:45:08,700 INFO image_rx_daemon: frag_arrival: seq=129 idx=2 total=13 fw_us=328220976 len=247

2026-09-12 19:45:08,820 INFO image_rx_daemon: frag_arrival: seq=129 idx=3 total=13 fw_us=328338026 len=247

2026-09-12 19:45:08,940 INFO image_rx_daemon: frag_arrival: seq=129 idx=4 total=13 fw_us=328454904 len=247

2026-09-12 19:45:09,051 INFO image_rx_daemon: frag_arrival: seq=129 idx=5 total=13 fw_us=328572033 len=247

2026-09-12 19:45:09,168 INFO image_rx_daemon: frag_arrival: seq=129 idx=6 total=13 fw_us=328689155 len=247

2026-09-12 19:45:09,275 INFO image_rx_daemon: frag_arrival: seq=129 idx=7 total=13 fw_us=328806207 len=247

2026-09-12 19:45:09,403 INFO image_rx_daemon: frag_arrival: seq=129 idx=8 total=13 fw_us=328923140 len=247

2026-09-12 19:45:09,521 INFO image_rx_daemon: frag_arrival: seq=129 idx=9 total=13 fw_us=329040265 len=247

2026-09-12 19:45:09,636 INFO image_rx_daemon: frag_arrival: seq=129 idx=10 total=13 fw_us=329157233 len=247

2026-09-12 19:45:09,760 INFO image_rx_daemon: frag_arrival: seq=129 idx=11 total=13 fw_us=329274247 len=247

2026-09-12 19:45:09,789 INFO image_rx_daemon: frag_arrival: seq=129 idx=12 total=13 fw_us=329316033 len=73

2026-09-12 19:45:09,793 INFO image_rx_daemon: published frame_id=0 seq=129 2985 B → lifetrac/v25/video/tile_delta

2026-09-12 19:45:10,057 INFO image_rx_daemon: frag_arrival: seq=135 idx=0 total=13 fw_us=329578028 len=247

2026-09-12 19:45:10,180 INFO image_rx_daemon: frag_arrival: seq=135 idx=1 total=13 fw_us=329695005 len=247

2026-09-12 19:45:10,289 INFO image_rx_daemon: frag_arrival: seq=135 idx=2 total=13 fw_us=329812238 len=247

2026-09-12 19:45:10,403 INFO image_rx_daemon: frag_arrival: seq=135 idx=3 total=13 fw_us=329929200 len=247

2026-09-12 19:45:10,521 INFO image_rx_daemon: frag_arrival: seq=135 idx=4 total=13 fw_us=330046395 len=247

2026-09-12 19:45:10,642 INFO image_rx_daemon: frag_arrival: seq=135 idx=5 total=13 fw_us=330163494 len=247

2026-09-12 19:45:10,760 INFO image_rx_daemon: frag_arrival: seq=135 idx=6 total=13 fw_us=330280584 len=247

2026-09-12 19:45:10,878 INFO image_rx_daemon: frag_arrival: seq=135 idx=7 total=13 fw_us=330397534 len=247

2026-09-12 19:45:10,995 INFO image_rx_daemon: frag_arrival: seq=135 idx=8 total=13 fw_us=330514682 len=247

2026-09-12 19:45:11,112 INFO image_rx_daemon: frag_arrival: seq=135 idx=9 total=13 fw_us=330631557 len=247

2026-09-12 19:45:11,239 INFO image_rx_daemon: frag_arrival: seq=135 idx=10 total=13 fw_us=330748772 len=247

2026-09-12 19:45:11,345 INFO image_rx_daemon: frag_arrival: seq=135 idx=11 total=13 fw_us=330865803 len=247

2026-09-12 19:45:11,371 INFO image_rx_daemon: frag_arrival: seq=135 idx=12 total=13 fw_us=330903691 len=63

2026-09-12 19:45:11,374 INFO image_rx_daemon: published frame_id=0 seq=135 2975 B → lifetrac/v25/video/tile_delta

RFCO_PERTX during TX wait: profile_id=2 tx_status=0x00(OK) hop_idx=0 channel_idx=0 epoch=0 freq_hz=0 pkt_toa_us=15424 legal_dwell_used_us_10s=0

2026-09-12 19:45:11,403 INFO image_rx_daemon: command TX opcode=0x6c copy=1/1 OK (on air)

2026-09-12 19:45:11,649 INFO image_rx_daemon: frag_arrival: seq=136 idx=0 total=13 fw_us=331169928 len=247

2026-09-12 19:45:11,772 INFO image_rx_daemon: frag_arrival: seq=136 idx=1 total=13 fw_us=331286769 len=247

2026-09-12 19:45:11,880 INFO image_rx_daemon: frag_arrival: seq=136 idx=2 total=13 fw_us=331403884 len=247

2026-09-12 19:45:11,999 INFO image_rx_daemon: frag_arrival: seq=136 idx=3 total=13 fw_us=331521032 len=247

2026-09-12 19:45:12,117 INFO image_rx_daemon: frag_arrival: seq=136 idx=4 total=13 fw_us=331638033 len=247

2026-09-12 19:45:12,232 INFO image_rx_daemon: frag_arrival: seq=136 idx=5 total=13 fw_us=331755141 len=247

2026-09-12 19:45:12,352 INFO image_rx_daemon: frag_arrival: seq=136 idx=6 total=13 fw_us=331872208 len=247

2026-09-12 19:45:12,472 INFO image_rx_daemon: frag_arrival: seq=136 idx=7 total=13 fw_us=331989017 len=247

2026-09-12 19:45:12,592 INFO image_rx_daemon: frag_arrival: seq=136 idx=8 total=13 fw_us=332106266 len=247

2026-09-12 19:45:12,699 INFO image_rx_daemon: frag_arrival: seq=136 idx=9 total=13 fw_us=332223194 len=247

2026-09-12 19:45:12,817 INFO image_rx_daemon: frag_arrival: seq=136 idx=10 total=13 fw_us=332340436 len=247

2026-09-12 19:45:12,936 INFO image_rx_daemon: frag_arrival: seq=136 idx=11 total=13 fw_us=332457362 len=247

2026-09-12 19:45:12,966 INFO image_rx_daemon: frag_arrival: seq=136 idx=12 total=13 fw_us=332500147 len=74

2026-09-12 19:45:12,969 INFO image_rx_daemon: published frame_id=0 seq=136 2986 B → lifetrac/v25/video/tile_delta

2026-09-12 19:45:13,244 INFO image_rx_daemon: frag_arrival: seq=138 idx=0 total=13 fw_us=332761442 len=247

2026-09-12 19:45:13,368 INFO image_rx_daemon: frag_arrival: seq=138 idx=1 total=13 fw_us=332878498 len=247

2026-09-12 19:45:13,476 INFO image_rx_daemon: frag_arrival: seq=138 idx=2 total=13 fw_us=332995523 len=247

2026-09-12 19:45:13,593 INFO image_rx_daemon: frag_arrival: seq=138 idx=3 total=13 fw_us=333112559 len=247

2026-09-12 19:45:13,712 INFO image_rx_daemon: frag_arrival: seq=138 idx=4 total=13 fw_us=333229622 len=247

2026-09-12 19:45:13,839 INFO image_rx_daemon: frag_arrival: seq=138 idx=5 total=13 fw_us=333346654 len=247

2026-09-12 19:45:13,948 INFO image_rx_daemon: frag_arrival: seq=138 idx=6 total=13 fw_us=333463644 len=247

2026-09-12 19:45:14,056 INFO image_rx_daemon: frag_arrival: seq=138 idx=7 total=13 fw_us=333580704 len=247

2026-09-12 19:45:14,176 INFO image_rx_daemon: frag_arrival: seq=138 idx=8 total=13 fw_us=333697707 len=247

2026-09-12 19:45:14,296 INFO image_rx_daemon: frag_arrival: seq=138 idx=9 total=13 fw_us=333814569 len=247

2026-09-12 19:45:14,416 INFO image_rx_daemon: frag_arrival: seq=138 idx=10 total=13 fw_us=333931710 len=247

2026-09-12 19:45:14,524 INFO image_rx_daemon: frag_arrival: seq=138 idx=11 total=13 fw_us=334048847 len=247

2026-09-12 19:45:14,558 INFO image_rx_daemon: frag_arrival: seq=138 idx=12 total=13 fw_us=334090646 len=73

2026-09-12 19:45:14,559 INFO image_rx_daemon: published frame_id=0 seq=138 2985 B → lifetrac/v25/video/tile_delta

RFCO_PERTX during TX wait: profile_id=2 tx_status=0x00(OK) hop_idx=0 channel_idx=0 epoch=0 freq_hz=0 pkt_toa_us=15424 legal_dwell_used_us_10s=0

2026-09-12 19:45:14,582 INFO image_rx_daemon: command TX opcode=0x6c copy=1/1 OK (on air)

2026-09-12 19:45:14,836 INFO image_rx_daemon: frag_arrival: seq=141 idx=0 total=13 fw_us=334352735 len=247

2026-09-12 19:45:14,948 INFO image_rx_daemon: frag_arrival: seq=141 idx=1 total=13 fw_us=334469650 len=247

2026-09-12 19:45:15,065 INFO image_rx_daemon: frag_arrival: seq=141 idx=2 total=13 fw_us=334586657 len=247

2026-09-12 19:45:15,188 INFO image_rx_daemon: frag_arrival: seq=141 idx=3 total=13 fw_us=334703723 len=247

2026-09-12 19:45:15,308 INFO image_rx_daemon: frag_arrival: seq=141 idx=4 total=13 fw_us=334820751 len=247

2026-09-12 19:45:15,420 INFO image_rx_daemon: frag_arrival: seq=141 idx=5 total=13 fw_us=334937661 len=247

2026-09-12 19:45:15,537 INFO image_rx_daemon: frag_arrival: seq=141 idx=6 total=13 fw_us=335054599 len=247

2026-09-12 19:45:15,648 INFO image_rx_daemon: frag_arrival: seq=141 idx=7 total=13 fw_us=335171777 len=247

2026-09-12 19:45:15,768 INFO image_rx_daemon: frag_arrival: seq=141 idx=8 total=13 fw_us=335288817 len=247

2026-09-12 19:45:15,888 INFO image_rx_daemon: frag_arrival: seq=141 idx=9 total=13 fw_us=335405661 len=247

2026-09-12 19:45:16,003 INFO image_rx_daemon: frag_arrival: seq=141 idx=10 total=13 fw_us=335522878 len=247

2026-09-12 19:45:16,086 INFO image_rx_daemon: stats: rx_frames=1659 rx_decode_err=0 frames_published=86 publish_err=0 reassembler_decode_err=0 reassembler_timeouts=47 parity_recon=0 idle_drain_deferred=23

2026-09-12 19:45:16,088 INFO image_rx_daemon: air_gap: n=81 dt_med=117040us dt_p95=261295us len_med=247B cmd_tx_ok=58 cmd_tx_fail=0

2026-09-12 19:45:16,090 INFO image_rx_daemon: air_gap_hist(ms): <40:1 <80:3 <120:71 <200:1 <400:5

2026-09-12 19:45:16,091 INFO image_rx_daemon: rx_rf: n_rssi=81 n_snr=81 rssi[min/med/max]=-70/-69/-68 snr[min/med/max]=5.0/6.0/6.0

2026-09-12 19:45:16,092 INFO image_rx_daemon: phase_telemetry: valid=81 invalid=0 pre_f8=0 last_epoch=0 last_hop=0 slot_off=[0..0]

2026-09-12 19:45:16,093 INFO image_rx_daemon: air_gap_by_class: seq: n=75 med=117.0ms | boundary: n=6 med=262.1ms

2026-09-12 19:45:16,094 INFO image_rx_daemon: lost_frag_idx: n=1 idx0=0 (0.00% of idx0 arrivals) other=1 (1.32%) verdict=not-clustered | top 11:1

2026-09-12 19:45:16,109 INFO image_rx_daemon: frag_arrival: seq=141 idx=11 total=13 fw_us=335640004 len=247

2026-09-12 19:45:16,123 INFO image_rx_daemon: frag_arrival: seq=141 idx=12 total=13 fw_us=335656962 len=7

2026-09-12 19:45:16,129 INFO image_rx_daemon: published frame_id=0 seq=141 2919 B → lifetrac/v25/video/tile_delta

2026-09-12 19:45:16,313 INFO image_rx_daemon: frag_arrival: seq=144 idx=0 total=13 fw_us=335831957 len=247

2026-09-12 19:45:16,434 INFO image_rx_daemon: frag_arrival: seq=144 idx=1 total=13 fw_us=335949008 len=247

2026-09-12 19:45:16,541 INFO image_rx_daemon: frag_arrival: seq=144 idx=2 total=13 fw_us=336067030 len=247

2026-09-12 19:45:16,650 INFO image_rx_daemon: frag_arrival: seq=144 idx=3 total=13 fw_us=336183135 len=247

2026-09-12 19:45:16,780 INFO image_rx_daemon: frag_arrival: seq=144 idx=4 total=13 fw_us=336300096 len=247

2026-09-12 19:45:16,856 WARNING image_rx_daemon: crc_dump: irq=0x70 rx_len=238 snr=6.5 rssi=-66 dump=8a8e6fc7b15281a58fd73d1fdcec216f4f15675be379aac7981f3f2c4fe5e6b5b9a895a51ce749099b182ae865ee1b3c27131ac88118529bd73dc07292e1fafb070d8bc36ccca436dbcf489acc5f3adafe886130bb58951be13b42c012c17ac592b79411842243dd942073a3d949118abe75f2742b53752f20f487899c4f201458eb725c31e57193713c03a5761e41db7d2b8ee3eb4b4b901431230c16a0b54d1a009cd9cbfd5fd7b66c37abab31e1de65328ee737c4b1c475efdf6ee128f0c8b4d013242b0b1c96a1ac80f831dc64d0d53f65a39df92c5365a6ca0cb47baf772d01f1f80d782f006a6fdff7f774

2026-09-12 19:45:17,006 INFO image_rx_daemon: frag_arrival: seq=144 idx=6 total=13 fw_us=336534086 len=247

2026-09-12 19:45:17,136 INFO image_rx_daemon: frag_arrival: seq=144 idx=7 total=13 fw_us=336651140 len=247

2026-09-12 19:45:17,248 INFO image_rx_daemon: frag_arrival: seq=144 idx=8 total=13 fw_us=336768114 len=247

2026-09-12 19:45:17,365 INFO image_rx_daemon: frag_arrival: seq=144 idx=9 total=13 fw_us=336885025 len=247

2026-09-12 19:45:17,486 INFO image_rx_daemon: frag_arrival: seq=144 idx=10 total=13 fw_us=337002269 len=247

2026-09-12 19:45:17,608 INFO image_rx_daemon: frag_arrival: seq=144 idx=11 total=13 fw_us=337119323 len=247

2026-09-12 19:45:17,623 INFO image_rx_daemon: frag_arrival: seq=144 idx=12 total=13 fw_us=337161114 len=73

RFCO_PERTX during TX wait: profile_id=2 tx_status=0x00(OK) hop_idx=0 channel_idx=0 epoch=0 freq_hz=0 pkt_toa_us=15424 legal_dwell_used_us_10s=0

2026-09-12 19:45:17,657 INFO image_rx_daemon: command TX opcode=0x6c copy=1/1 OK (on air)

2026-09-12 19:45:17,901 INFO image_rx_daemon: frag_arrival: seq=148 idx=0 total=13 fw_us=337423014 len=247

2026-09-12 19:45:18,009 INFO image_rx_daemon: frag_arrival: seq=148 idx=1 total=13 fw_us=337539877 len=247

2026-09-12 19:45:18,140 INFO image_rx_daemon: frag_arrival: seq=148 idx=2 total=13 fw_us=337656934 len=247

2026-09-12 19:45:18,257 INFO image_rx_daemon: frag_arrival: seq=148 idx=3 total=13 fw_us=337773986 len=247

2026-09-12 19:45:18,377 INFO image_rx_daemon: frag_arrival: seq=148 idx=4 total=13 fw_us=337891033 len=247

2026-09-12 19:45:18,484 INFO image_rx_daemon: frag_arrival: seq=148 idx=5 total=13 fw_us=338007847 len=247

2026-09-12 19:45:18,604 INFO image_rx_daemon: frag_arrival: seq=148 idx=6 total=13 fw_us=338125033 len=247

2026-09-12 19:45:18,721 INFO image_rx_daemon: frag_arrival: seq=148 idx=7 total=13 fw_us=338242033 len=247

2026-09-12 19:45:18,844 INFO image_rx_daemon: frag_arrival: seq=148 idx=8 total=13 fw_us=338360030 len=247

2026-09-12 19:45:18,952 INFO image_rx_daemon: frag_arrival: seq=148 idx=9 total=13 fw_us=338475887 len=247

2026-09-12 19:45:19,072 INFO image_rx_daemon: frag_arrival: seq=148 idx=10 total=13 fw_us=338593090 len=247

2026-09-12 19:45:19,180 INFO image_rx_daemon: frag_arrival: seq=148 idx=11 total=13 fw_us=338710033 len=247

2026-09-12 19:45:19,208 INFO image_rx_daemon: frag_arrival: seq=148 idx=12 total=13 fw_us=338742668 len=47

2026-09-12 19:45:19,213 INFO image_rx_daemon: published frame_id=0 seq=148 2959 B → lifetrac/v25/video/tile_delta

2026-09-12 19:45:19,408 INFO image_rx_daemon: frag_arrival: seq=151 idx=0 total=13 fw_us=338920671 len=247

2026-09-12 19:45:19,409 WARNING image_rx_daemon: crc_dump: irq=0x70 rx_len=35 snr=-1.2 rssi=-67 dump=70fa1c0693717f834f737f9fe9fdb7bfe6dec94a1bce6e2327b5585e0a02d6e90adc0b

2026-09-12 19:45:19,633 INFO image_rx_daemon: frag_arrival: seq=151 idx=2 total=13 fw_us=339154687 len=247

2026-09-12 19:45:19,752 INFO image_rx_daemon: frag_arrival: seq=151 idx=3 total=13 fw_us=339271739 len=247

2026-09-12 19:45:19,876 INFO image_rx_daemon: frag_arrival: seq=151 idx=4 total=13 fw_us=339388957 len=247

2026-09-12 19:45:19,973 INFO image_rx_daemon: frag_arrival: seq=151 idx=5 total=13 fw_us=339506033 len=247

2026-09-12 19:45:20,100 INFO image_rx_daemon: frag_arrival: seq=151 idx=6 total=13 fw_us=339624030 len=247

2026-09-12 19:45:20,218 INFO image_rx_daemon: frag_arrival: seq=151 idx=7 total=13 fw_us=339740113 len=247

2026-09-12 19:45:20,336 INFO image_rx_daemon: frag_arrival: seq=151 idx=8 total=13 fw_us=339857108 len=247

2026-09-12 19:45:20,449 INFO image_rx_daemon: frag_arrival: seq=151 idx=9 total=13 fw_us=339974099 len=247

2026-09-12 19:45:20,567 INFO image_rx_daemon: frag_arrival: seq=151 idx=10 total=13 fw_us=340091182 len=247

2026-09-12 19:45:20,690 INFO image_rx_daemon: frag_arrival: seq=151 idx=11 total=13 fw_us=340208195 len=247

2026-09-12 19:45:20,703 INFO image_rx_daemon: frag_arrival: seq=151 idx=12 total=13 fw_us=340236932 len=39

RFCO_PERTX during TX wait: profile_id=2 tx_status=0x00(OK) hop_idx=0 channel_idx=0 epoch=0 freq_hz=0 pkt_toa_us=15424 legal_dwell_used_us_10s=0

2026-09-12 19:45:20,730 INFO image_rx_daemon: command TX opcode=0x6c copy=1/1 OK (on air)

2026-09-12 19:45:20,884 INFO image_rx_daemon: frag_arrival: seq=154 idx=0 total=13 fw_us=340396920 len=247

2026-09-12 19:45:20,991 INFO image_rx_daemon: frag_arrival: seq=154 idx=1 total=13 fw_us=340513696 len=247

2026-09-12 19:45:21,109 INFO image_rx_daemon: frag_arrival: seq=154 idx=2 total=13 fw_us=340630825 len=247

2026-09-12 19:45:21,223 INFO image_rx_daemon: frag_arrival: seq=154 idx=3 total=13 fw_us=340747981 len=247

2026-09-12 19:45:21,337 INFO image_rx_daemon: frag_arrival: seq=154 idx=4 total=13 fw_us=340864961 len=247

2026-09-12 19:45:21,468 INFO image_rx_daemon: frag_arrival: seq=154 idx=5 total=13 fw_us=340981983 len=247

2026-09-12 19:45:21,692 INFO image_rx_daemon: frag_arrival: seq=154 idx=7 total=13 fw_us=341216076 len=247

2026-09-12 19:45:21,811 INFO image_rx_daemon: frag_arrival: seq=154 idx=8 total=13 fw_us=341333138 len=247

2026-09-12 19:45:21,928 INFO image_rx_daemon: frag_arrival: seq=154 idx=9 total=13 fw_us=341450136 len=247

2026-09-12 19:45:22,044 INFO image_rx_daemon: frag_arrival: seq=154 idx=10 total=13 fw_us=341567149 len=247

2026-09-12 19:45:22,162 INFO image_rx_daemon: frag_arrival: seq=154 idx=11 total=13 fw_us=341684183 len=247

2026-09-12 19:45:22,163 INFO image_rx_daemon: frag_arrival: seq=154 idx=12 total=13 fw_us=341702464 len=11

2026-09-12 19:45:22,360 INFO image_rx_daemon: frag_arrival: seq=157 idx=0 total=13 fw_us=341877670 len=247

2026-09-12 19:45:22,480 INFO image_rx_daemon: frag_arrival: seq=157 idx=1 total=13 fw_us=341994734 len=247

2026-09-12 19:45:22,588 INFO image_rx_daemon: frag_arrival: seq=157 idx=2 total=13 fw_us=342111907 len=247

2026-09-12 19:45:22,708 INFO image_rx_daemon: frag_arrival: seq=157 idx=3 total=13 fw_us=342228926 len=247

2026-09-12 19:45:22,828 INFO image_rx_daemon: frag_arrival: seq=157 idx=4 total=13 fw_us=342345882 len=247

2026-09-12 19:45:22,948 INFO image_rx_daemon: frag_arrival: seq=157 idx=5 total=13 fw_us=342462904 len=247

2026-09-12 19:45:23,060 INFO image_rx_daemon: frag_arrival: seq=157 idx=6 total=13 fw_us=342579986 len=247

2026-09-12 19:45:23,177 INFO image_rx_daemon: frag_arrival: seq=157 idx=7 total=13 fw_us=342697033 len=247

2026-09-12 19:45:23,296 INFO image_rx_daemon: frag_arrival: seq=157 idx=8 total=13 fw_us=342814084 len=247

2026-09-12 19:45:23,419 INFO image_rx_daemon: frag_arrival: seq=157 idx=9 total=13 fw_us=342931164 len=247

2026-09-12 19:45:23,527 INFO image_rx_daemon: frag_arrival: seq=157 idx=10 total=13 fw_us=343048201 len=247

2026-09-12 19:45:23,643 INFO image_rx_daemon: frag_arrival: seq=157 idx=11 total=13 fw_us=343165271 len=247

2026-09-12 19:45:23,692 INFO image_rx_daemon: frag_arrival: seq=157 idx=12 total=13 fw_us=343209705 len=80

2026-09-12 19:45:23,693 INFO image_rx_daemon: published frame_id=0 seq=157 2992 B → lifetrac/v25/video/tile_delta

2026-09-12 19:45:23,952 INFO image_rx_daemon: frag_arrival: seq=160 idx=0 total=12 fw_us=343469134 len=247

2026-09-12 19:45:24,076 INFO image_rx_daemon: frag_arrival: seq=160 idx=1 total=12 fw_us=343587030 len=247

2026-09-12 19:45:24,186 INFO image_rx_daemon: frag_arrival: seq=160 idx=2 total=12 fw_us=343703095 len=247

2026-09-12 19:45:24,304 INFO image_rx_daemon: frag_arrival: seq=160 idx=3 total=12 fw_us=343820288 len=247

2026-09-12 19:45:24,412 INFO image_rx_daemon: frag_arrival: seq=160 idx=4 total=12 fw_us=343937325 len=247

2026-09-12 19:45:24,532 INFO image_rx_daemon: frag_arrival: seq=160 idx=5 total=12 fw_us=344054511 len=247

2026-09-12 19:45:24,656 INFO image_rx_daemon: frag_arrival: seq=160 idx=6 total=12 fw_us=344171576 len=247

2026-09-12 19:45:24,754 INFO image_rx_daemon: frag_arrival: seq=160 idx=7 total=12 fw_us=344288615 len=247

2026-09-12 19:45:24,884 INFO image_rx_daemon: frag_arrival: seq=160 idx=8 total=12 fw_us=344405633 len=247

2026-09-12 19:45:25,010 INFO image_rx_daemon: frag_arrival: seq=160 idx=9 total=12 fw_us=344522589 len=247

2026-09-12 19:45:25,120 INFO image_rx_daemon: frag_arrival: seq=160 idx=10 total=12 fw_us=344639761 len=247

2026-09-12 19:45:25,232 INFO image_rx_daemon: frag_arrival: seq=160 idx=11 total=12 fw_us=344752030 len=241

2026-09-12 19:45:25,233 INFO image_rx_daemon: published frame_id=0 seq=160 2910 B → lifetrac/v25/video/tile_delta

2026-09-12 19:45:25,412 INFO image_rx_daemon: frag_arrival: seq=163 idx=0 total=13 fw_us=344943877 len=247

2026-09-12 19:45:25,540 INFO image_rx_daemon: frag_arrival: seq=163 idx=1 total=13 fw_us=345060927 len=247

2026-09-12 19:45:25,658 INFO image_rx_daemon: frag_arrival: seq=163 idx=2 total=13 fw_us=345177921 len=247

2026-09-12 19:45:25,768 INFO image_rx_daemon: frag_arrival: seq=163 idx=3 total=13 fw_us=345296030 len=247

2026-09-12 19:45:25,888 INFO image_rx_daemon: frag_arrival: seq=163 idx=4 total=13 fw_us=345412017 len=247

2026-09-12 19:45:26,008 INFO image_rx_daemon: frag_arrival: seq=163 idx=5 total=13 fw_us=345529178 len=247

2026-09-12 19:45:26,113 INFO image_rx_daemon: stats: rx_frames=1741 rx_decode_err=0 frames_published=90 publish_err=0 reassembler_decode_err=0 reassembler_timeouts=50 parity_recon=0 idle_drain_deferred=23

2026-09-12 19:45:26,118 INFO image_rx_daemon: air_gap: n=82 dt_med=117051us dt_p95=233990us len_med=247B cmd_tx_ok=60 cmd_tx_fail=0

2026-09-12 19:45:26,125 INFO image_rx_daemon: air_gap_hist(ms): <20:2 <40:2 <80:2 <120:66 <200:5 <400:5

2026-09-12 19:45:26,128 INFO image_rx_daemon: frag_arrival: seq=163 idx=6 total=13 fw_us=345646283 len=247

2026-09-12 19:45:26,128 INFO image_rx_daemon: rx_rf: n_rssi=82 n_snr=82 rssi[min/med/max]=-70/-69/-68 snr[min/med/max]=5.0/6.0/6.0

2026-09-12 19:45:26,129 INFO image_rx_daemon: phase_telemetry: valid=83 invalid=0 pre_f8=0 last_epoch=0 last_hop=0 slot_off=[0..0]

2026-09-12 19:45:26,130 INFO image_rx_daemon: air_gap_by_class: seq: n=70 med=117.0ms | boundary: n=7 med=178.0ms | post_loss: n=3 med=234.0ms

2026-09-12 19:45:26,130 INFO image_rx_daemon: lost_frag_idx: n=3 idx0=0 (0.00% of idx0 arrivals) other=3 (3.80%) verdict=not-clustered | top 5:1 1:1 6:1

2026-09-12 19:45:26,130 INFO image_rx_daemon: frag_reordered: 2 late out-of-order arrivals had a provisional loss retracted (in-order assumption violated — see RS-11.4)

2026-09-12 19:45:26,252 INFO image_rx_daemon: frag_arrival: seq=163 idx=7 total=13 fw_us=345763291 len=247

2026-09-12 19:45:26,360 INFO image_rx_daemon: frag_arrival: seq=163 idx=8 total=13 fw_us=345880547 len=247

2026-09-12 19:45:26,477 INFO image_rx_daemon: frag_arrival: seq=163 idx=9 total=13 fw_us=345997225 len=247

2026-09-12 19:45:26,600 INFO image_rx_daemon: frag_arrival: seq=163 idx=10 total=13 fw_us=346114475 len=247

2026-09-12 19:45:26,712 INFO image_rx_daemon: frag_arrival: seq=163 idx=11 total=13 fw_us=346231461 len=247

2026-09-12 19:45:26,741 INFO image_rx_daemon: frag_arrival: seq=163 idx=12 total=13 fw_us=346273214 len=71

2026-09-12 19:45:26,745 INFO image_rx_daemon: published frame_id=0 seq=163 2983 B → lifetrac/v25/video/tile_delta

RFCO_PERTX during TX wait: profile_id=2 tx_status=0x00(OK) hop_idx=0 channel_idx=0 epoch=0 freq_hz=0 pkt_toa_us=15424 legal_dwell_used_us_10s=0

2026-09-12 19:45:26,768 INFO image_rx_daemon: command TX opcode=0x6c copy=1/1 OK (on air)

2026-09-12 19:45:27,006 INFO image_rx_daemon: frag_arrival: seq=166 idx=0 total=12 fw_us=346535456 len=247

2026-09-12 19:45:27,133 INFO image_rx_daemon: frag_arrival: seq=166 idx=1 total=12 fw_us=346652390 len=247

2026-09-12 19:45:27,252 INFO image_rx_daemon: frag_arrival: seq=166 idx=2 total=12 fw_us=346769437 len=247

2026-09-12 19:45:27,362 INFO image_rx_daemon: frag_arrival: seq=166 idx=3 total=12 fw_us=346886435 len=247

2026-09-12 19:45:27,484 INFO image_rx_daemon: frag_arrival: seq=166 idx=4 total=12 fw_us=347003565 len=247

2026-09-12 19:45:27,601 INFO image_rx_daemon: frag_arrival: seq=166 idx=5 total=12 fw_us=347120611 len=247

2026-09-12 19:45:27,720 INFO image_rx_daemon: frag_arrival: seq=166 idx=6 total=12 fw_us=347237654 len=247

2026-09-12 19:45:27,833 INFO image_rx_daemon: frag_arrival: seq=166 idx=7 total=12 fw_us=347354616 len=247

2026-09-12 19:45:27,956 INFO image_rx_daemon: frag_arrival: seq=166 idx=8 total=12 fw_us=347471591 len=247

2026-09-12 19:45:28,064 INFO image_rx_daemon: frag_arrival: seq=166 idx=9 total=12 fw_us=347588359 len=247

2026-09-12 19:45:28,184 INFO image_rx_daemon: frag_arrival: seq=166 idx=10 total=12 fw_us=347705498 len=247

2026-09-12 19:45:28,275 WARNING image_rx_daemon: crc_dump: irq=0x70 rx_len=255 snr=0.5 rssi=-66 dump=01020000000000a3b8fd368720897a448561f4da86afdf3777df78d8336584711d336bfe26dc6fdf24e43d59618b92ae8d7812ae94253b1f89b8931be62e0d7edaadae1c9f70fdf340c7b0152077ef1db6b2144398e7c512381f477f3926a1419acd949d955db1a9d72855a38b93f0ae7d524a5ecbfc74cfd341c2d1d17cfb5b192920d98e283bfe29678808f96a6b5a772f1867eb9e7bb59fb79f6ac06a79a3caa6bd1b8a44b5fd330c4eb5365c6b2b3775e2f974e71b83a39e1b494723b910a1d1832190d781d98d53dda0f3743e73fdbbfd1e4d5c65545cbf06cc340e44cdaf5bd28c07385fae29c44c7500b0986e27031adfa0c1ae1dcd88b8

2026-09-12 19:45:28,488 INFO image_rx_daemon: frag_arrival: seq=169 idx=0 total=13 fw_us=348009454 len=247

2026-09-12 19:45:28,607 INFO image_rx_daemon: frag_arrival: seq=169 idx=1 total=13 fw_us=348126291 len=247

2026-09-12 19:45:28,725 INFO image_rx_daemon: frag_arrival: seq=169 idx=2 total=13 fw_us=348243348 len=247

2026-09-12 19:45:28,844 INFO image_rx_daemon: frag_arrival: seq=169 idx=3 total=13 fw_us=348360359 len=247

2026-09-12 19:45:28,948 INFO image_rx_daemon: frag_arrival: seq=169 idx=4 total=13 fw_us=348477268 len=247

2026-09-12 19:45:29,077 INFO image_rx_daemon: frag_arrival: seq=169 idx=5 total=13 fw_us=348594319 len=247

2026-09-12 19:45:29,192 INFO image_rx_daemon: frag_arrival: seq=169 idx=6 total=13 fw_us=348711353 len=247

2026-09-12 19:45:29,316 INFO image_rx_daemon: frag_arrival: seq=169 idx=7 total=13 fw_us=348828362 len=247

2026-09-12 19:45:29,425 INFO image_rx_daemon: frag_arrival: seq=169 idx=8 total=13 fw_us=348945326 len=247

2026-09-12 19:45:29,544 INFO image_rx_daemon: frag_arrival: seq=169 idx=9 total=13 fw_us=349062210 len=247

2026-09-12 19:45:29,664 INFO image_rx_daemon: frag_arrival: seq=169 idx=10 total=13 fw_us=349179404 len=247

2026-09-12 19:45:29,772 INFO image_rx_daemon: frag_arrival: seq=169 idx=11 total=13 fw_us=349296370 len=247

2026-09-12 19:45:29,785 INFO image_rx_daemon: frag_arrival: seq=169 idx=12 total=13 fw_us=349319814 len=22

2026-09-12 19:45:29,789 INFO image_rx_daemon: published frame_id=0 seq=169 2934 B → lifetrac/v25/video/tile_delta

RFCO_PERTX during TX wait: profile_id=2 tx_status=0x00(OK) hop_idx=0 channel_idx=0 epoch=0 freq_hz=0 pkt_toa_us=15424 legal_dwell_used_us_10s=0

2026-09-12 19:45:29,814 INFO image_rx_daemon: command TX opcode=0x6c copy=1/1 OK (on air)

2026-09-12 19:45:29,968 INFO image_rx_daemon: frag_arrival: seq=172 idx=0 total=13 fw_us=349483208 len=247

2026-09-12 19:45:30,080 INFO image_rx_daemon: frag_arrival: seq=172 idx=1 total=13 fw_us=349600124 len=247

2026-09-12 19:45:30,200 INFO image_rx_daemon: frag_arrival: seq=172 idx=2 total=13 fw_us=349717249 len=247

2026-09-12 19:45:30,317 INFO image_rx_daemon: frag_arrival: seq=172 idx=3 total=13 fw_us=349834398 len=247

2026-09-12 19:45:30,429 INFO image_rx_daemon: frag_arrival: seq=172 idx=4 total=13 fw_us=349951244 len=247

2026-09-12 19:45:30,546 INFO image_rx_daemon: frag_arrival: seq=172 idx=5 total=13 fw_us=350068360 len=247

2026-09-12 19:45:30,664 INFO image_rx_daemon: frag_arrival: seq=172 idx=6 total=13 fw_us=350185632 len=247

2026-09-12 19:45:30,771 INFO image_rx_daemon: frag_arrival: seq=172 idx=7 total=13 fw_us=350302495 len=247

2026-09-12 19:45:30,900 INFO image_rx_daemon: frag_arrival: seq=172 idx=8 total=13 fw_us=350419513 len=247

2026-09-12 19:45:31,008 INFO image_rx_daemon: frag_arrival: seq=172 idx=9 total=13 fw_us=350536569 len=247

2026-09-12 19:45:31,137 INFO image_rx_daemon: frag_arrival: seq=172 idx=10 total=13 fw_us=350653555 len=247

2026-09-12 19:45:31,248 INFO image_rx_daemon: frag_arrival: seq=172 idx=11 total=13 fw_us=350770586 len=247

2026-09-12 19:45:31,262 INFO image_rx_daemon: frag_arrival: seq=172 idx=12 total=13 fw_us=350800586 len=41

2026-09-12 19:45:31,265 INFO image_rx_daemon: published frame_id=0 seq=172 2953 B → lifetrac/v25/video/tile_delta

2026-09-12 19:45:31,459 INFO image_rx_daemon: frag_arrival: seq=175 idx=0 total=13 fw_us=350978456 len=247

2026-09-12 19:45:31,577 INFO image_rx_daemon: frag_arrival: seq=175 idx=1 total=13 fw_us=351095577 len=247

2026-09-12 19:45:31,696 INFO image_rx_daemon: frag_arrival: seq=175 idx=2 total=13 fw_us=351212483 len=247

2026-09-12 19:45:31,816 INFO image_rx_daemon: frag_arrival: seq=175 idx=3 total=13 fw_us=351329462 len=247

2026-09-12 19:45:31,923 INFO image_rx_daemon: frag_arrival: seq=175 idx=4 total=13 fw_us=351446515 len=247

2026-09-12 19:45:32,043 INFO image_rx_daemon: frag_arrival: seq=175 idx=5 total=13 fw_us=351563640 len=247

2026-09-12 19:45:32,164 INFO image_rx_daemon: frag_arrival: seq=175 idx=6 total=13 fw_us=351680702 len=247

2026-09-12 19:45:32,284 INFO image_rx_daemon: frag_arrival: seq=175 idx=7 total=13 fw_us=351797718 len=247

2026-09-12 19:45:32,396 INFO image_rx_daemon: frag_arrival: seq=175 idx=8 total=13 fw_us=351914672 len=247

2026-09-12 19:45:32,516 INFO image_rx_daemon: frag_arrival: seq=175 idx=9 total=13 fw_us=352031747 len=247

2026-09-12 19:45:32,628 INFO image_rx_daemon: frag_arrival: seq=175 idx=10 total=13 fw_us=352148794 len=247

2026-09-12 19:45:32,745 INFO image_rx_daemon: frag_arrival: seq=175 idx=11 total=13 fw_us=352265781 len=247

2026-09-12 19:45:32,757 INFO image_rx_daemon: frag_arrival: seq=175 idx=12 total=13 fw_us=352294483 len=37

2026-09-12 19:45:32,760 INFO image_rx_daemon: published frame_id=0 seq=175 2949 B → lifetrac/v25/video/tile_delta

RFCO_PERTX during TX wait: profile_id=2 tx_status=0x00(OK) hop_idx=0 channel_idx=0 epoch=0 freq_hz=0 pkt_toa_us=15424 legal_dwell_used_us_10s=0

2026-09-12 19:45:32,785 INFO image_rx_daemon: command TX opcode=0x6c copy=1/1 OK (on air)

2026-09-12 19:45:32,936 INFO image_rx_daemon: frag_arrival: seq=178 idx=0 total=13 fw_us=352453809 len=247

2026-09-12 19:45:33,053 INFO image_rx_daemon: frag_arrival: seq=178 idx=1 total=13 fw_us=352570573 len=247

2026-09-12 19:45:33,173 INFO image_rx_daemon: frag_arrival: seq=178 idx=2 total=13 fw_us=352687510 len=247

2026-09-12 19:45:33,281 INFO image_rx_daemon: frag_arrival: seq=178 idx=3 total=13 fw_us=352804522 len=247

2026-09-12 19:45:33,400 INFO image_rx_daemon: frag_arrival: seq=178 idx=4 total=13 fw_us=352921587 len=247

2026-09-12 19:45:33,520 INFO image_rx_daemon: frag_arrival: seq=178 idx=5 total=13 fw_us=353038658 len=247

2026-09-12 19:45:33,640 INFO image_rx_daemon: frag_arrival: seq=178 idx=6 total=13 fw_us=353155759 len=247

2026-09-12 19:45:33,748 INFO image_rx_daemon: frag_arrival: seq=178 idx=7 total=13 fw_us=353272747 len=247

2026-09-12 19:45:33,868 INFO image_rx_daemon: frag_arrival: seq=178 idx=8 total=13 fw_us=353389760 len=247

2026-09-12 19:45:33,985 INFO image_rx_daemon: frag_arrival: seq=178 idx=9 total=13 fw_us=353506786 len=247

2026-09-12 19:45:34,098 INFO image_rx_daemon: frag_arrival: seq=178 idx=10 total=13 fw_us=353623755 len=247

2026-09-12 19:45:34,220 INFO image_rx_daemon: frag_arrival: seq=178 idx=11 total=13 fw_us=353740758 len=247

2026-09-12 19:45:34,234 INFO image_rx_daemon: frag_arrival: seq=178 idx=12 total=13 fw_us=353770771 len=41

2026-09-12 19:45:34,237 INFO image_rx_daemon: published frame_id=0 seq=178 2953 B → lifetrac/v25/video/tile_delta

2026-09-12 19:45:34,429 INFO image_rx_daemon: frag_arrival: seq=181 idx=0 total=13 fw_us=353948234 len=247

2026-09-12 19:45:34,552 INFO image_rx_daemon: frag_arrival: seq=181 idx=1 total=13 fw_us=354065320 len=247

2026-09-12 19:45:34,657 INFO image_rx_daemon: frag_arrival: seq=181 idx=2 total=13 fw_us=354182325 len=247

2026-09-12 19:45:34,777 INFO image_rx_daemon: frag_arrival: seq=181 idx=3 total=13 fw_us=354299395 len=247

2026-09-12 19:45:34,896 INFO image_rx_daemon: frag_arrival: seq=181 idx=4 total=13 fw_us=354416409 len=247

2026-09-12 19:45:35,005 INFO image_rx_daemon: frag_arrival: seq=181 idx=5 total=13 fw_us=354533448 len=247

2026-09-12 19:45:35,112 WARNING image_rx_daemon: crc_dump: irq=0x70 rx_len=255 snr=-0.5 rssi=-66 dump=82733d0a096982ab78d71c0d0968f7146fb8c0b6fff80954a19347a09088af6a4b37af123e8e11d34563cc36d93c0119e38798372fdf4d91868dcc0693aa6c8ed46ab6c0cb22d2279515700b009df0f6384b756656cfc98071203f80253adf5483cf0d17bd2191fe5fa4c51ccbef2ee40cfb049e46b89f545f913a86323d6a6a842820fa378a08d9756a7a15f57982ddc771df9e40add97e5b77c6106b2a3f0aa2ddd48050a7e2a5d57a20c2c1c980e318d955c106790bc417099e9a4003a7d0bed18aa3b79dedfc23536b164fc8c2c40b8aded919ef5f2269cd1d270e4a85e11d1d5f8140ed0e8afb2410d033a9255e8283cbd8e04f864b673716

2026-09-12 19:45:35,256 INFO image_rx_daemon: frag_arrival: seq=181 idx=7 total=13 fw_us=354767510 len=247

2026-09-12 19:45:35,355 INFO image_rx_daemon: frag_arrival: seq=181 idx=8 total=13 fw_us=354884431 len=247

2026-09-12 19:45:35,465 WARNING image_rx_daemon: crc_dump: irq=0x70 rx_len=255 snr=-0.5 rssi=-65 dump=5f8931e8d9c4da0ce5d70f3bb0d0a4b00bd20b352896c520f8364c90a93c516a2bbbaf23f88e40b525e3cf36d97431bfc9b78d3f2fbf2b9f1648a83a5f263e05c84aa9ede1c39589650db8323cb595c7cf86d7073590b8849c363e4b119092e487f718d1cf7ee2ee1eb169c9323d57cc69086993739fc4f583f069f35777c0144f353e4926c13fc38a87f81423fcc2a0484eece934938b62344bdf177649247f1bf4257733e8b49d18a4d1232cbea412171c8c5dc86a7320ea78e2761664758b16997eff59187e8c3296ee063142fb8ac3b82c92add61415b90bb3b3329ca0a037617b763b9fa70d36cd3fe7945cf57a64be86978c545989d37632

2026-09-12 19:45:35,604 INFO image_rx_daemon: frag_arrival: seq=181 idx=10 total=13 fw_us=355118510 len=247

2026-09-12 19:45:35,748 INFO image_rx_daemon: frag_arrival: seq=181 idx=12 total=13 fw_us=355279898 len=79

RFCO_PERTX during TX wait: profile_id=2 tx_status=0x00(OK) hop_idx=0 channel_idx=0 epoch=0 freq_hz=0 pkt_toa_us=15424 legal_dwell_used_us_10s=0

2026-09-12 19:45:35,776 INFO image_rx_daemon: command TX opcode=0x6c copy=1/1 OK (on air)

2026-09-12 19:45:36,013 INFO image_rx_daemon: frag_arrival: seq=187 idx=0 total=13 fw_us=355539492 len=247

2026-09-12 19:45:36,111 WARNING image_rx_daemon: crc_dump: irq=0x70 rx_len=255 snr=-0.8 rssi=-65 dump=73ff78910b020252dcd0699c542bc8f66b40ceb02334e4b18da6db052b8066f6294de73bcb6304eacf7d58905748746005e65d71378f1ac1421ae3341b3cf4c04fc1e513b7c78c8a4aca37743b142b504d761b77b169f2a06f4f0baad2f6d0dfb4d16ae2369baa969b5f006b52e27c78b7c48d48d0e7506aec84cf90573aad22f7d951a6ad567669631f0deec737c47044847db7bfbad17606de6f149ebf8733c09fd9110f2fcf25f91a8ce91b8914afe83999b366ee33b7c619360e553e598f2665c69fecbc1b9eedc9f0ab614ff1af5c912ba8553b009211d2f657f8a17518aeeade5b1879259192f24f78d75c0fbd2359b565d28261e0165c67

2026-09-12 19:45:36,139 INFO image_rx_daemon: stats: rx_frames=1822 rx_decode_err=0 frames_published=95 publish_err=0 reassembler_decode_err=0 reassembler_timeouts=51 parity_recon=0 idle_drain_deferred=23

2026-09-12 19:45:36,139 INFO image_rx_daemon: air_gap: n=81 dt_med=117026us dt_p95=234062us len_med=247B cmd_tx_ok=64 cmd_tx_fail=0

2026-09-12 19:45:36,140 INFO image_rx_daemon: air_gap_hist(ms): <40:4 <80:1 <120:66 <200:5 <400:5

2026-09-12 19:45:36,141 INFO image_rx_daemon: rx_rf: n_rssi=80 n_snr=80 rssi[min/med/max]=-70/-69/-68 snr[min/med/max]=5.0/6.0/7.0

2026-09-12 19:45:36,141 INFO image_rx_daemon: phase_telemetry: valid=80 invalid=0 pre_f8=0 last_epoch=0 last_hop=0 slot_off=[0..0]

2026-09-12 19:45:36,142 INFO image_rx_daemon: air_gap_by_class: seq: n=68 med=117.0ms | boundary: n=7 med=177.9ms | post_loss: n=3 med=234.1ms

2026-09-12 19:45:36,143 INFO image_rx_daemon: lost_frag_idx: n=4 idx0=0 (0.00% of idx0 arrivals) other=4 (5.19%) verdict=not-clustered | top 11:2 6:1 9:1

2026-09-12 19:45:36,143 INFO image_rx_daemon: frag_reordered: 3 late out-of-order arrivals had a provisional loss retracted (in-order assumption violated — see RS-11.4)

2026-09-12 19:45:36,248 INFO image_rx_daemon: frag_arrival: seq=187 idx=2 total=13 fw_us=355773731 len=247

2026-09-12 19:45:36,366 INFO image_rx_daemon: frag_arrival: seq=187 idx=3 total=13 fw_us=355890579 len=247

2026-09-12 19:45:36,480 INFO image_rx_daemon: frag_arrival: seq=187 idx=4 total=13 fw_us=356007611 len=247

2026-09-12 19:45:36,612 INFO image_rx_daemon: frag_arrival: seq=187 idx=5 total=13 fw_us=356124695 len=247

2026-09-12 19:45:36,727 INFO image_rx_daemon: frag_arrival: seq=187 idx=6 total=13 fw_us=356241741 len=247

2026-09-12 19:45:36,840 INFO image_rx_daemon: frag_arrival: seq=187 idx=7 total=13 fw_us=356358724 len=247

2026-09-12 19:45:36,958 INFO image_rx_daemon: frag_arrival: seq=187 idx=8 total=13 fw_us=356475676 len=247

2026-09-12 19:45:37,076 INFO image_rx_daemon: frag_arrival: seq=187 idx=9 total=13 fw_us=356592628 len=247

2026-09-12 19:45:37,194 INFO image_rx_daemon: frag_arrival: seq=187 idx=10 total=13 fw_us=356709829 len=247

2026-09-12 19:45:37,312 INFO image_rx_daemon: frag_arrival: seq=187 idx=11 total=13 fw_us=356826871 len=247

2026-09-12 19:45:37,348 INFO image_rx_daemon: frag_arrival: seq=187 idx=12 total=13 fw_us=356871297 len=81

2026-09-12 19:45:37,611 INFO image_rx_daemon: frag_arrival: seq=188 idx=0 total=12 fw_us=357130663 len=247

2026-09-12 19:45:37,729 INFO image_rx_daemon: frag_arrival: seq=188 idx=1 total=12 fw_us=357247537 len=247

2026-09-12 19:45:37,838 INFO image_rx_daemon: frag_arrival: seq=188 idx=2 total=12 fw_us=357364766 len=247

2026-09-12 19:45:37,960 INFO image_rx_daemon: frag_arrival: seq=188 idx=3 total=12 fw_us=357481795 len=247

2026-09-12 19:45:38,080 INFO image_rx_daemon: frag_arrival: seq=188 idx=4 total=12 fw_us=357598876 len=247

2026-09-12 19:45:38,200 INFO image_rx_daemon: frag_arrival: seq=188 idx=5 total=12 fw_us=357715894 len=247

2026-09-12 19:45:38,317 INFO image_rx_daemon: frag_arrival: seq=188 idx=6 total=12 fw_us=357832875 len=247

2026-09-12 19:45:38,416 INFO image_rx_daemon: frag_arrival: seq=188 idx=7 total=12 fw_us=357949904 len=247

2026-09-12 19:45:38,548 INFO image_rx_daemon: frag_arrival: seq=188 idx=8 total=12 fw_us=358066900 len=247

2026-09-12 19:45:38,669 INFO image_rx_daemon: frag_arrival: seq=188 idx=9 total=12 fw_us=358183760 len=247

2026-09-12 19:45:38,777 INFO image_rx_daemon: frag_arrival: seq=188 idx=10 total=12 fw_us=358300896 len=247

2026-09-12 19:45:38,884 WARNING image_rx_daemon: crc_dump: irq=0x70 rx_len=255 snr=-0.2 rssi=-65 dump=01020000000000ca775539ae5c28244d7565a7909f0e7abb478cf4da03a384615e536bcd2a586fbc4ee604df8af75a0a410d1438d86226c31e80573b9493fd73abb8608c81593d231aa81258dcac4a3a8aaca6d9e975f140cdf198fca5e96610b9ed3a6f3b043f4961dd33155aeabd21952514cef58f1c14f6e01d1e1ea92935bfa415cd728a0441467e5924a92bd4ded64e56b3d52d4213b3a6fa49f52b1abf108a8da5ee92400c383c3b2e3911161d3eaa2163330b3a4a6dc7ba1fc37a9bdb5d122f6295fef19fea24ac2f8f99da09cb3e751a59b4ed97b66c0e500e7eba1b8f5af0eb5d6883500fbf68300f3f1afa2fb3da919fb8d7b533e46d

2026-09-12 19:45:39,088 INFO image_rx_daemon: frag_arrival: seq=190 idx=0 total=12 fw_us=358604859 len=247

2026-09-12 19:45:39,205 INFO image_rx_daemon: frag_arrival: seq=190 idx=1 total=12 fw_us=358721769 len=247

2026-09-12 19:45:39,328 INFO image_rx_daemon: frag_arrival: seq=190 idx=2 total=12 fw_us=358838937 len=247

2026-09-12 19:45:39,428 INFO image_rx_daemon: frag_arrival: seq=190 idx=3 total=12 fw_us=358957030 len=247

2026-09-12 19:45:39,429 WARNING image_rx_daemon: crc_dump: irq=0x70 rx_len=8 snr=-11.0 rssi=-118 dump=d7aed56894944f4c

2026-09-12 19:45:39,560 INFO image_rx_daemon: frag_arrival: seq=190 idx=4 total=12 fw_us=359072961 len=247

2026-09-12 19:45:39,672 INFO image_rx_daemon: frag_arrival: seq=190 idx=5 total=12 fw_us=359190162 len=247

2026-09-12 19:45:39,792 INFO image_rx_daemon: frag_arrival: seq=190 idx=6 total=12 fw_us=359307148 len=247

2026-09-12 19:45:39,900 INFO image_rx_daemon: frag_arrival: seq=190 idx=7 total=12 fw_us=359424174 len=247

2026-09-12 19:45:40,011 INFO image_rx_daemon: frag_arrival: seq=190 idx=8 total=12 fw_us=359541261 len=247

2026-09-12 19:45:40,140 INFO image_rx_daemon: frag_arrival: seq=190 idx=9 total=12 fw_us=359658193 len=247

2026-09-12 19:45:40,264 INFO image_rx_daemon: frag_arrival: seq=190 idx=10 total=12 fw_us=359775387 len=247

2026-09-12 19:45:40,373 INFO image_rx_daemon: frag_arrival: seq=190 idx=11 total=12 fw_us=359892317 len=246

2026-09-12 19:45:40,374 INFO image_rx_daemon: published frame_id=0 seq=190 2915 B → lifetrac/v25/video/tile_delta

2026-09-12 19:45:40,560 INFO image_rx_daemon: frag_arrival: seq=193 idx=0 total=13 fw_us=360079864 len=247

2026-09-12 19:45:40,677 INFO image_rx_daemon: frag_arrival: seq=193 idx=1 total=13 fw_us=360196628 len=247

2026-09-12 19:45:40,800 INFO image_rx_daemon: frag_arrival: seq=193 idx=2 total=13 fw_us=360313885 len=247

2026-09-12 19:45:40,908 INFO image_rx_daemon: frag_arrival: seq=193 idx=3 total=13 fw_us=360430796 len=247

2026-09-12 19:45:41,016 INFO image_rx_daemon: frag_arrival: seq=193 idx=4 total=13 fw_us=360547910 len=247

2026-09-12 19:45:41,145 INFO image_rx_daemon: frag_arrival: seq=193 idx=5 total=13 fw_us=360664996 len=247

2026-09-12 19:45:41,268 INFO image_rx_daemon: frag_arrival: seq=193 idx=6 total=13 fw_us=360781888 len=247

2026-09-12 19:45:41,374 INFO image_rx_daemon: frag_arrival: seq=193 idx=7 total=13 fw_us=360898916 len=247

2026-09-12 19:45:41,500 INFO image_rx_daemon: frag_arrival: seq=193 idx=8 total=13 fw_us=361015975 len=247

2026-09-12 19:45:41,607 INFO image_rx_daemon: frag_arrival: seq=193 idx=9 total=13 fw_us=361133093 len=247

2026-09-12 19:45:41,736 INFO image_rx_daemon: frag_arrival: seq=193 idx=10 total=13 fw_us=361250133 len=247

2026-09-12 19:45:41,844 INFO image_rx_daemon: frag_arrival: seq=193 idx=11 total=13 fw_us=361367189 len=247

2026-09-12 19:45:41,884 INFO image_rx_daemon: frag_arrival: seq=193 idx=12 total=13 fw_us=361408965 len=73

2026-09-12 19:45:41,888 INFO image_rx_daemon: published frame_id=0 seq=193 2985 B → lifetrac/v25/video/tile_delta

RFCO_PERTX during TX wait: profile_id=2 tx_status=0x00(OK) hop_idx=0 channel_idx=0 epoch=0 freq_hz=0 pkt_toa_us=15424 legal_dwell_used_us_10s=0

2026-09-12 19:45:41,915 INFO image_rx_daemon: command TX opcode=0x6c copy=1/1 OK (on air)

2026-09-12 19:45:42,152 INFO image_rx_daemon: frag_arrival: seq=199 idx=0 total=13 fw_us=361671018 len=247

2026-09-12 19:45:42,272 INFO image_rx_daemon: frag_arrival: seq=199 idx=1 total=13 fw_us=361787957 len=247

2026-09-12 19:45:42,380 INFO image_rx_daemon: frag_arrival: seq=199 idx=2 total=13 fw_us=361904839 len=247

2026-09-12 19:45:42,504 INFO image_rx_daemon: frag_arrival: seq=199 idx=3 total=13 fw_us=362021983 len=247

2026-09-12 19:45:42,619 INFO image_rx_daemon: frag_arrival: seq=199 idx=4 total=13 fw_us=362138985 len=247

2026-09-12 19:45:42,737 INFO image_rx_daemon: frag_arrival: seq=199 idx=5 total=13 fw_us=362255989 len=247

2026-09-12 19:45:42,856 INFO image_rx_daemon: frag_arrival: seq=199 idx=6 total=13 fw_us=362373024 len=247

2026-09-12 19:45:42,976 INFO image_rx_daemon: frag_arrival: seq=199 idx=7 total=13 fw_us=362489740 len=247

2026-09-12 19:45:43,085 INFO image_rx_daemon: frag_arrival: seq=199 idx=8 total=13 fw_us=362606934 len=247

2026-09-12 19:45:43,194 INFO image_rx_daemon: frag_arrival: seq=199 idx=9 total=13 fw_us=362723779 len=247

2026-09-12 19:45:43,317 INFO image_rx_daemon: frag_arrival: seq=199 idx=10 total=13 fw_us=362840994 len=247

2026-09-12 19:45:43,440 INFO image_rx_daemon: frag_arrival: seq=199 idx=11 total=13 fw_us=362957848 len=247

2026-09-12 19:45:43,469 INFO image_rx_daemon: frag_arrival: seq=199 idx=12 total=13 fw_us=362995719 len=63

2026-09-12 19:45:43,473 INFO image_rx_daemon: published frame_id=0 seq=199 2975 B → lifetrac/v25/video/tile_delta

2026-09-12 19:45:43,741 INFO image_rx_daemon: frag_arrival: seq=200 idx=0 total=13 fw_us=363261900 len=247

2026-09-12 19:45:43,860 INFO image_rx_daemon: frag_arrival: seq=200 idx=1 total=13 fw_us=363379119 len=247

2026-09-12 19:45:43,967 INFO image_rx_daemon: frag_arrival: seq=200 idx=2 total=13 fw_us=363495876 len=247

2026-09-12 19:45:44,087 INFO image_rx_daemon: frag_arrival: seq=200 idx=3 total=13 fw_us=363612896 len=247

2026-09-12 19:45:44,220 INFO image_rx_daemon: frag_arrival: seq=200 idx=4 total=13 fw_us=363729935 len=247

2026-09-12 19:45:44,332 INFO image_rx_daemon: frag_arrival: seq=200 idx=5 total=13 fw_us=363846993 len=247

2026-09-12 19:45:44,444 INFO image_rx_daemon: frag_arrival: seq=200 idx=6 total=13 fw_us=363963917 len=247

2026-09-12 19:45:44,561 INFO image_rx_daemon: frag_arrival: seq=200 idx=7 total=13 fw_us=364080783 len=247

2026-09-12 19:45:44,680 INFO image_rx_daemon: frag_arrival: seq=200 idx=8 total=13 fw_us=364197905 len=247

2026-09-12 19:45:44,800 INFO image_rx_daemon: frag_arrival: seq=200 idx=9 total=13 fw_us=364314787 len=247

2026-09-12 19:45:44,905 INFO image_rx_daemon: frag_arrival: seq=200 idx=10 total=13 fw_us=364431865 len=247

2026-09-12 19:45:45,028 INFO image_rx_daemon: frag_arrival: seq=200 idx=11 total=13 fw_us=364548859 len=247

2026-09-12 19:45:45,057 INFO image_rx_daemon: frag_arrival: seq=200 idx=12 total=13 fw_us=364590651 len=74

2026-09-12 19:45:45,060 INFO image_rx_daemon: published frame_id=0 seq=200 2986 B → lifetrac/v25/video/tile_delta

RFCO_PERTX during TX wait: profile_id=2 tx_status=0x00(OK) hop_idx=0 channel_idx=0 epoch=0 freq_hz=0 pkt_toa_us=15424 legal_dwell_used_us_10s=0

2026-09-12 19:45:45,087 INFO image_rx_daemon: command TX opcode=0x6c copy=1/1 OK (on air)

2026-09-12 19:45:45,330 INFO image_rx_daemon: frag_arrival: seq=202 idx=0 total=13 fw_us=364852773 len=247

2026-09-12 19:45:45,446 INFO image_rx_daemon: frag_arrival: seq=202 idx=1 total=13 fw_us=364969542 len=247

2026-09-12 19:45:45,565 INFO image_rx_daemon: frag_arrival: seq=202 idx=2 total=13 fw_us=365086710 len=247

2026-09-12 19:45:45,685 INFO image_rx_daemon: frag_arrival: seq=202 idx=3 total=13 fw_us=365203707 len=247

2026-09-12 19:45:45,804 INFO image_rx_daemon: frag_arrival: seq=202 idx=4 total=13 fw_us=365320666 len=247

2026-09-12 19:45:45,924 INFO image_rx_daemon: frag_arrival: seq=202 idx=5 total=13 fw_us=365437653 len=247

2026-09-12 19:45:46,022 INFO image_rx_daemon: frag_arrival: seq=202 idx=6 total=13 fw_us=365554701 len=247

2026-09-12 19:45:46,155 INFO image_rx_daemon: frag_arrival: seq=202 idx=7 total=13 fw_us=365671731 len=247

2026-09-12 19:45:46,155 INFO image_rx_daemon: stats: rx_frames=1902 rx_decode_err=0 frames_published=99 publish_err=0 reassembler_decode_err=0 reassembler_timeouts=54 parity_recon=0 idle_drain_deferred=25

2026-09-12 19:45:46,156 INFO image_rx_daemon: air_gap: n=81 dt_med=117029us dt_p95=259366us len_med=247B cmd_tx_ok=66 cmd_tx_fail=0

2026-09-12 19:45:46,157 INFO image_rx_daemon: air_gap_hist(ms): <40:1 <80:3 <120:70 <200:1 <400:6

2026-09-12 19:45:46,157 INFO image_rx_daemon: rx_rf: n_rssi=80 n_snr=80 rssi[min/med/max]=-70/-69/-68 snr[min/med/max]=5.0/6.0/7.0

2026-09-12 19:45:46,158 INFO image_rx_daemon: phase_telemetry: valid=81 invalid=0 pre_f8=0 last_epoch=0 last_hop=0 slot_off=[0..0]

2026-09-12 19:45:46,159 INFO image_rx_daemon: air_gap_by_class: seq: n=71 med=117.0ms | boundary: n=6 med=262.1ms | post_loss: n=1 med=234.2ms

2026-09-12 19:45:46,159 INFO image_rx_daemon: lost_frag_idx: n=2 idx0=0 (0.00% of idx0 arrivals) other=2 (2.60%) verdict=not-clustered | top 1:1 11:1

2026-09-12 19:45:46,160 INFO image_rx_daemon: frag_reordered: 3 late out-of-order arrivals had a provisional loss retracted (in-order assumption violated — see RS-11.4)

2026-09-12 19:45:46,268 INFO image_rx_daemon: frag_arrival: seq=202 idx=8 total=13 fw_us=365788739 len=247

2026-09-12 19:45:46,388 INFO image_rx_daemon: frag_arrival: seq=202 idx=9 total=13 fw_us=365905506 len=247

2026-09-12 19:45:46,505 INFO image_rx_daemon: frag_arrival: seq=202 idx=10 total=13 fw_us=366022745 len=247

2026-09-12 19:45:46,621 INFO image_rx_daemon: frag_arrival: seq=202 idx=11 total=13 fw_us=366139787 len=247

2026-09-12 19:45:46,651 INFO image_rx_daemon: frag_arrival: seq=202 idx=12 total=13 fw_us=366181567 len=73

2026-09-12 19:45:46,654 INFO image_rx_daemon: published frame_id=0 seq=202 2985 B → lifetrac/v25/video/tile_delta

2026-09-12 19:45:46,921 INFO image_rx_daemon: frag_arrival: seq=205 idx=0 total=13 fw_us=366443658 len=247

2026-09-12 19:45:47,048 INFO image_rx_daemon: frag_arrival: seq=205 idx=1 total=13 fw_us=366560723 len=247

2026-09-12 19:45:47,159 INFO image_rx_daemon: frag_arrival: seq=205 idx=2 total=13 fw_us=366677698 len=247

2026-09-12 19:45:47,277 INFO image_rx_daemon: frag_arrival: seq=205 idx=3 total=13 fw_us=366794667 len=247

2026-09-12 19:45:47,395 INFO image_rx_daemon: frag_arrival: seq=205 idx=4 total=13 fw_us=366911504 len=247

2026-09-12 19:45:47,511 INFO image_rx_daemon: frag_arrival: seq=205 idx=5 total=13 fw_us=367028568 len=247

2026-09-12 19:45:47,632 INFO image_rx_daemon: frag_arrival: seq=205 idx=6 total=13 fw_us=367145521 len=247

2026-09-12 19:45:47,740 INFO image_rx_daemon: frag_arrival: seq=205 idx=7 total=13 fw_us=367262276 len=247

2026-09-12 19:45:47,873 INFO image_rx_daemon: frag_arrival: seq=205 idx=8 total=13 fw_us=367379375 len=247

2026-09-12 19:45:47,984 INFO image_rx_daemon: frag_arrival: seq=205 idx=9 total=13 fw_us=367496207 len=247

2026-09-12 19:45:48,094 INFO image_rx_daemon: frag_arrival: seq=205 idx=10 total=13 fw_us=367613404 len=247

2026-09-12 19:45:48,223 INFO image_rx_daemon: frag_arrival: seq=205 idx=11 total=13 fw_us=367730439 len=247

2026-09-12 19:45:48,224 INFO image_rx_daemon: frag_arrival: seq=205 idx=12 total=13 fw_us=367747385 len=7

2026-09-12 19:45:48,225 INFO image_rx_daemon: published frame_id=0 seq=205 2919 B → lifetrac/v25/video/tile_delta

RFCO_PERTX during TX wait: profile_id=2 tx_status=0x00(OK) hop_idx=0 channel_idx=0 epoch=0 freq_hz=0 pkt_toa_us=15424 legal_dwell_used_us_10s=0

2026-09-12 19:45:48,251 INFO image_rx_daemon: command TX opcode=0x6c copy=1/1 OK (on air)

2026-09-12 19:45:48,405 INFO image_rx_daemon: frag_arrival: seq=209 idx=0 total=12 fw_us=367919347 len=247

2026-09-12 19:45:48,524 INFO image_rx_daemon: frag_arrival: seq=209 idx=1 total=12 fw_us=368036159 len=247

2026-09-12 19:45:48,636 INFO image_rx_daemon: frag_arrival: seq=209 idx=2 total=12 fw_us=368153540 len=247

2026-09-12 19:45:48,756 INFO image_rx_daemon: frag_arrival: seq=209 idx=3 total=12 fw_us=368270507 len=247

2026-09-12 19:45:48,856 WARNING image_rx_daemon: crc_dump: irq=0x70 rx_len=255 snr=1.0 rssi=-66 dump=cb4c7eea8c96be2c58f125f8ba303cdc6329c08d7db7fdc8c895400ac545127728b83922884ce8950cc9e6a31d6069c5cb762e6bbd28ce93744b0aa4a19951d75eda33d4606f27095c7d84aee6a68fe28e9e57279a6f8d5e123bfec1becb0afc79abd3bb20bab26553f2cd7e4ada4831bacaaa529bb5da62dfa7b3e350122f4d97518b1f0d0044ab47dc985af589092e4e1366f3c26ba6c474527ffdd612625af722e482099334b8937d594a06dbd85762e7c71ffbeddc0d4a78ca296c8140d15b64b34edca096d3185afa1a69b961e11d7ff34429ff929342f11b789fa8e8169dcceedcd7b1217e30ac818943e8a25b6567c05b0840ad540148b7

2026-09-12 19:45:48,984 INFO image_rx_daemon: frag_arrival: seq=209 idx=5 total=12 fw_us=368504562 len=247

2026-09-12 19:45:49,111 INFO image_rx_daemon: frag_arrival: seq=209 idx=6 total=12 fw_us=368621589 len=247

2026-09-12 19:45:49,222 INFO image_rx_daemon: frag_arrival: seq=209 idx=7 total=12 fw_us=368738471 len=247

2026-09-12 19:45:49,344 INFO image_rx_daemon: frag_arrival: seq=209 idx=8 total=12 fw_us=368855353 len=247

2026-09-12 19:45:49,453 INFO image_rx_daemon: frag_arrival: seq=209 idx=9 total=12 fw_us=368972496 len=247

2026-09-12 19:45:49,572 INFO image_rx_daemon: frag_arrival: seq=209 idx=10 total=12 fw_us=369089540 len=247

2026-09-12 19:45:49,668 WARNING image_rx_daemon: crc_dump: irq=0x70 rx_len=255 snr=-0.5 rssi=-66 dump=898208c8622a9a8e448e0f8182173ffb9562961f1bb2840ce99c3539ab76e7e6c4aada83c978473a7b63252dfef6c1fcf4658f034dd97cbbe99945894e84cd7cf04c28892c7dc48e09d2f2509ebc0e51a0ff41e6992d09dc4a5efc16414f2d6620dc5c84de047eb4f3332c1d6cd5effd7837e24a5bb0779b73f0c50d50a140b0124d6a7e41d5c4349abad9489c6c94d48b6421665b1d56a472af2b052486f4b1702e145bd21ac9bdee01e63d13f5b1c88d3247850958126aa7ae0a84ce2e269aac142162400390103e670b58d15edaedfef91dd6bce5805166c52de3a09ede197ea49f94de98cc92b84bf685175daa58a14e2bc3d6c8284424ef18

2026-09-12 19:45:49,881 INFO image_rx_daemon: frag_arrival: seq=212 idx=0 total=13 fw_us=369393360 len=247

2026-09-12 19:45:50,010 INFO image_rx_daemon: frag_arrival: seq=212 idx=1 total=13 fw_us=369510298 len=247

2026-09-12 19:45:50,112 INFO image_rx_daemon: frag_arrival: seq=212 idx=2 total=13 fw_us=369627171 len=247

2026-09-12 19:45:50,236 INFO image_rx_daemon: frag_arrival: seq=212 idx=3 total=13 fw_us=369744367 len=247

2026-09-12 19:45:50,348 INFO image_rx_daemon: frag_arrival: seq=212 idx=4 total=13 fw_us=369861340 len=247

2026-09-12 19:45:50,468 INFO image_rx_daemon: frag_arrival: seq=212 idx=5 total=13 fw_us=369978312 len=247

2026-09-12 19:45:50,580 INFO image_rx_daemon: frag_arrival: seq=212 idx=6 total=13 fw_us=370095355 len=247

2026-09-12 19:45:50,704 INFO image_rx_daemon: frag_arrival: seq=212 idx=7 total=13 fw_us=370212307 len=247

2026-09-12 19:45:50,812 INFO image_rx_daemon: frag_arrival: seq=212 idx=8 total=13 fw_us=370329406 len=247

2026-09-12 19:45:50,936 INFO image_rx_daemon: frag_arrival: seq=212 idx=9 total=13 fw_us=370446134 len=247

2026-09-12 19:45:51,043 INFO image_rx_daemon: frag_arrival: seq=212 idx=10 total=13 fw_us=370563324 len=247

2026-09-12 19:45:51,158 INFO image_rx_daemon: frag_arrival: seq=212 idx=11 total=13 fw_us=370680398 len=247

2026-09-12 19:45:51,182 INFO image_rx_daemon: frag_arrival: seq=212 idx=12 total=13 fw_us=370713019 len=47

2026-09-12 19:45:51,184 INFO image_rx_daemon: published frame_id=0 seq=212 2959 B → lifetrac/v25/video/tile_delta

RFCO_PERTX during TX wait: profile_id=2 tx_status=0x00(OK) hop_idx=0 channel_idx=0 epoch=0 freq_hz=0 pkt_toa_us=15424 legal_dwell_used_us_10s=0

2026-09-12 19:45:51,213 INFO image_rx_daemon: command TX opcode=0x6c copy=1/1 OK (on air)

2026-09-12 19:45:51,352 INFO image_rx_daemon: frag_arrival: seq=215 idx=0 total=13 fw_us=370872621 len=247

2026-09-12 19:45:51,467 INFO image_rx_daemon: frag_arrival: seq=215 idx=1 total=13 fw_us=370989877 len=247

2026-09-12 19:45:51,586 INFO image_rx_daemon: frag_arrival: seq=215 idx=2 total=13 fw_us=371106953 len=247

2026-09-12 19:45:51,701 INFO image_rx_daemon: frag_arrival: seq=215 idx=3 total=13 fw_us=371224006 len=247

2026-09-12 19:45:51,824 INFO image_rx_daemon: frag_arrival: seq=215 idx=4 total=13 fw_us=371341026 len=247

2026-09-12 19:45:51,941 INFO image_rx_daemon: frag_arrival: seq=215 idx=5 total=13 fw_us=371458031 len=247

2026-09-12 19:45:52,057 INFO image_rx_daemon: frag_arrival: seq=215 idx=6 total=13 fw_us=371575129 len=247

2026-09-12 19:45:52,173 INFO image_rx_daemon: frag_arrival: seq=215 idx=7 total=13 fw_us=371692225 len=247

2026-09-12 19:45:52,295 INFO image_rx_daemon: frag_arrival: seq=215 idx=8 total=13 fw_us=371809368 len=247

2026-09-12 19:45:52,401 INFO image_rx_daemon: frag_arrival: seq=215 idx=9 total=13 fw_us=371926633 len=247

2026-09-12 19:45:52,532 INFO image_rx_daemon: frag_arrival: seq=215 idx=10 total=13 fw_us=372043637 len=247

2026-09-12 19:45:52,644 INFO image_rx_daemon: frag_arrival: seq=215 idx=11 total=13 fw_us=372160681 len=247

2026-09-12 19:45:52,657 INFO image_rx_daemon: frag_arrival: seq=215 idx=12 total=13 fw_us=372189409 len=39

2026-09-12 19:45:52,661 INFO image_rx_daemon: published frame_id=0 seq=215 2951 B → lifetrac/v25/video/tile_delta

2026-09-12 19:45:52,856 INFO image_rx_daemon: frag_arrival: seq=218 idx=0 total=13 fw_us=372366797 len=247

2026-09-12 19:45:52,968 INFO image_rx_daemon: frag_arrival: seq=218 idx=1 total=13 fw_us=372483794 len=247

2026-09-12 19:45:53,077 INFO image_rx_daemon: frag_arrival: seq=218 idx=2 total=13 fw_us=372600849 len=247

2026-09-12 19:45:53,195 INFO image_rx_daemon: frag_arrival: seq=218 idx=3 total=13 fw_us=372717830 len=247

2026-09-12 19:45:53,324 INFO image_rx_daemon: frag_arrival: seq=218 idx=4 total=13 fw_us=372834870 len=247

2026-09-12 19:45:53,434 INFO image_rx_daemon: frag_arrival: seq=218 idx=5 total=13 fw_us=372951842 len=247

2026-09-12 19:45:53,556 INFO image_rx_daemon: frag_arrival: seq=218 idx=6 total=13 fw_us=373068972 len=247

2026-09-12 19:45:53,676 INFO image_rx_daemon: frag_arrival: seq=218 idx=7 total=13 fw_us=373186028 len=247

2026-09-12 19:45:53,788 INFO image_rx_daemon: frag_arrival: seq=218 idx=8 total=13 fw_us=373304030 len=247

2026-09-12 19:45:53,908 INFO image_rx_daemon: frag_arrival: seq=218 idx=9 total=13 fw_us=373419981 len=247

2026-09-12 19:45:54,006 INFO image_rx_daemon: frag_arrival: seq=218 idx=10 total=13 fw_us=373537087 len=247

2026-09-12 19:45:54,136 INFO image_rx_daemon: frag_arrival: seq=218 idx=11 total=13 fw_us=373654033 len=247

2026-09-12 19:45:54,137 INFO image_rx_daemon: frag_arrival: seq=218 idx=12 total=13 fw_us=373672318 len=11

2026-09-12 19:45:54,139 INFO image_rx_daemon: published frame_id=0 seq=218 2923 B → lifetrac/v25/video/tile_delta

RFCO_PERTX during TX wait: profile_id=2 tx_status=0x00(OK) hop_idx=0 channel_idx=0 epoch=0 freq_hz=0 pkt_toa_us=15424 legal_dwell_used_us_10s=0

2026-09-12 19:45:54,165 INFO image_rx_daemon: command TX opcode=0x6c copy=1/1 OK (on air)

2026-09-12 19:45:54,326 INFO image_rx_daemon: frag_arrival: seq=221 idx=0 total=13 fw_us=373841123 len=247

2026-09-12 19:45:54,444 INFO image_rx_daemon: frag_arrival: seq=221 idx=1 total=13 fw_us=373958032 len=247

2026-09-12 19:45:54,564 INFO image_rx_daemon: frag_arrival: seq=221 idx=2 total=13 fw_us=374075089 len=247

2026-09-12 19:45:54,676 INFO image_rx_daemon: frag_arrival: seq=221 idx=3 total=13 fw_us=374192117 len=247

2026-09-12 19:45:54,796 INFO image_rx_daemon: frag_arrival: seq=221 idx=4 total=13 fw_us=374309112 len=247

2026-09-12 19:45:54,908 INFO image_rx_daemon: frag_arrival: seq=221 idx=5 total=13 fw_us=374426138 len=247

2026-09-12 19:45:55,015 INFO image_rx_daemon: frag_arrival: seq=221 idx=6 total=13 fw_us=374543148 len=247

2026-09-12 19:45:55,145 INFO image_rx_daemon: frag_arrival: seq=221 idx=7 total=13 fw_us=374660170 len=247

2026-09-12 19:45:55,261 INFO image_rx_daemon: frag_arrival: seq=221 idx=8 total=13 fw_us=374778030 len=247

2026-09-12 19:45:55,380 INFO image_rx_daemon: frag_arrival: seq=221 idx=9 total=13 fw_us=374894230 len=247

2026-09-12 19:45:55,496 INFO image_rx_daemon: frag_arrival: seq=221 idx=10 total=13 fw_us=375011315 len=247

2026-09-12 19:45:55,609 INFO image_rx_daemon: frag_arrival: seq=221 idx=11 total=13 fw_us=375128417 len=247

2026-09-12 19:45:55,650 INFO image_rx_daemon: frag_arrival: seq=221 idx=12 total=13 fw_us=375172836 len=80

2026-09-12 19:45:55,653 INFO image_rx_daemon: published frame_id=0 seq=221 2992 B → lifetrac/v25/video/tile_delta

2026-09-12 19:45:55,917 INFO image_rx_daemon: frag_arrival: seq=224 idx=0 total=12 fw_us=375432332 len=247

2026-09-12 19:45:56,025 INFO image_rx_daemon: frag_arrival: seq=224 idx=1 total=12 fw_us=375549248 len=247

2026-09-12 19:45:56,153 INFO image_rx_daemon: frag_arrival: seq=224 idx=2 total=12 fw_us=375666399 len=247

2026-09-12 19:45:56,165 INFO image_rx_daemon: stats: rx_frames=1986 rx_decode_err=0 frames_published=105 publish_err=0 reassembler_decode_err=0 reassembler_timeouts=55 parity_recon=0 idle_drain_deferred=27

2026-09-12 19:45:56,168 INFO image_rx_daemon: air_gap: n=83 dt_med=117035us dt_p95=177388us len_med=247B cmd_tx_ok=69 cmd_tx_fail=0

2026-09-12 19:45:56,172 INFO image_rx_daemon: air_gap_hist(ms): <20:2 <40:2 <80:2 <120:69 <200:4 <400:4

2026-09-12 19:45:56,174 INFO image_rx_daemon: rx_rf: n_rssi=84 n_snr=84 rssi[min/med/max]=-70/-69/-68 snr[min/med/max]=5.0/6.0/6.0

2026-09-12 19:45:56,175 INFO image_rx_daemon: phase_telemetry: valid=83 invalid=0 pre_f8=0 last_epoch=0 last_hop=0 slot_off=[0..0]

2026-09-12 19:45:56,176 INFO image_rx_daemon: air_gap_by_class: seq: n=71 med=117.0ms | boundary: n=7 med=177.4ms | post_loss: n=1 med=234.1ms

2026-09-12 19:45:56,177 INFO image_rx_daemon: lost_frag_idx: n=1 idx0=0 (0.00% of idx0 arrivals) other=1 (1.30%) verdict=not-clustered | top 4:1

2026-09-12 19:45:56,177 INFO image_rx_daemon: frag_reordered: 4 late out-of-order arrivals had a provisional loss retracted (in-order assumption violated — see RS-11.4)

2026-09-12 19:45:56,253 INFO image_rx_daemon: frag_arrival: seq=224 idx=3 total=12 fw_us=375783419 len=247

2026-09-12 19:45:56,384 INFO image_rx_daemon: frag_arrival: seq=224 idx=4 total=12 fw_us=375900427 len=247

2026-09-12 19:45:56,504 INFO image_rx_daemon: frag_arrival: seq=224 idx=5 total=12 fw_us=376017536 len=247

2026-09-12 19:45:56,613 INFO image_rx_daemon: frag_arrival: seq=224 idx=6 total=12 fw_us=376134595 len=247

2026-09-12 19:45:56,730 INFO image_rx_daemon: frag_arrival: seq=224 idx=7 total=12 fw_us=376251509 len=247

2026-09-12 19:45:56,836 WARNING image_rx_daemon: crc_dump: irq=0x70 rx_len=255 snr=5.8 rssi=-66 dump=da2fd7784107af581d3705a804f95ee7a2d8adda668a7c5407154a0052703486c58a73cd81798fbf966e88188c5fc328fa90c855d537fbb471bed851df13c5a940180d76b97f43c1ccef9882cf66bd6375307a37da5e2b9b2bf525c08b06e8ceb7c5692fdc20b93aa8809043285a18706e6cc27a60c67da017052e7c957d7309ccf6788f2cd1ce0d2c58f60fe8768f20a9c0bb4f6a3a344bc38096b54327d2fa9f43e9dee563ea26e2a71782ba161d6018be36d3767301428cbd0119c6b23669130cc1e48b2acd23f4625b20775df3a228dfd36c4586f22b644c519e44531ba47d8c300a65dc89522d767949ef3fb3e984b43879f6df5d337651d8

2026-09-12 19:45:56,966 INFO image_rx_daemon: frag_arrival: seq=224 idx=9 total=12 fw_us=376485604 len=247

2026-09-12 19:45:57,084 INFO image_rx_daemon: frag_arrival: seq=224 idx=10 total=12 fw_us=376602781 len=247

2026-09-12 19:45:57,204 INFO image_rx_daemon: frag_arrival: seq=224 idx=11 total=12 fw_us=376714102 len=241

RFCO_PERTX during TX wait: profile_id=2 tx_status=0x00(OK) hop_idx=0 channel_idx=0 epoch=0 freq_hz=0 pkt_toa_us=15424 legal_dwell_used_us_10s=0

2026-09-12 19:45:57,231 INFO image_rx_daemon: command TX opcode=0x6c copy=1/1 OK (on air)

2026-09-12 19:45:57,396 INFO image_rx_daemon: frag_arrival: seq=227 idx=0 total=13 fw_us=376906628 len=247

2026-09-12 19:45:57,504 INFO image_rx_daemon: frag_arrival: seq=227 idx=1 total=13 fw_us=377023645 len=247

2026-09-12 19:45:57,624 INFO image_rx_daemon: frag_arrival: seq=227 idx=2 total=13 fw_us=377140937 len=247

2026-09-12 19:45:57,731 INFO image_rx_daemon: frag_arrival: seq=227 idx=3 total=13 fw_us=377257887 len=247

2026-09-12 19:45:57,862 INFO image_rx_daemon: frag_arrival: seq=227 idx=4 total=13 fw_us=377375132 len=247

2026-09-12 19:45:57,980 INFO image_rx_daemon: frag_arrival: seq=227 idx=5 total=13 fw_us=377492027 len=247

2026-09-12 19:45:58,088 INFO image_rx_daemon: frag_arrival: seq=227 idx=6 total=13 fw_us=377609134 len=247

2026-09-12 19:45:58,208 INFO image_rx_daemon: frag_arrival: seq=227 idx=7 total=13 fw_us=377726118 len=247

2026-09-12 19:45:58,329 INFO image_rx_daemon: frag_arrival: seq=227 idx=8 total=13 fw_us=377843227 len=247

2026-09-12 19:45:58,452 INFO image_rx_daemon: frag_arrival: seq=227 idx=9 total=13 fw_us=377960083 len=247

2026-09-12 19:45:58,560 INFO image_rx_daemon: frag_arrival: seq=227 idx=10 total=13 fw_us=378077198 len=247

2026-09-12 19:45:58,680 INFO image_rx_daemon: frag_arrival: seq=227 idx=11 total=13 fw_us=378194439 len=247

2026-09-12 19:45:58,710 INFO image_rx_daemon: frag_arrival: seq=227 idx=12 total=13 fw_us=378236204 len=71

2026-09-12 19:45:58,713 INFO image_rx_daemon: published frame_id=0 seq=227 2983 B → lifetrac/v25/video/tile_delta

2026-09-12 19:45:58,982 INFO image_rx_daemon: frag_arrival: seq=230 idx=0 total=12 fw_us=378498260 len=247

2026-09-12 19:45:59,108 INFO image_rx_daemon: frag_arrival: seq=230 idx=1 total=12 fw_us=378615292 len=247

2026-09-12 19:45:59,216 INFO image_rx_daemon: frag_arrival: seq=230 idx=2 total=12 fw_us=378732368 len=247

2026-09-12 19:45:59,333 INFO image_rx_daemon: frag_arrival: seq=230 idx=3 total=12 fw_us=378849453 len=247

2026-09-12 19:45:59,452 INFO image_rx_daemon: frag_arrival: seq=230 idx=4 total=12 fw_us=378966425 len=247

2026-09-12 19:45:59,576 INFO image_rx_daemon: frag_arrival: seq=230 idx=5 total=12 fw_us=379083567 len=247

2026-09-12 19:45:59,684 INFO image_rx_daemon: frag_arrival: seq=230 idx=6 total=12 fw_us=379200657 len=247

2026-09-12 19:45:59,808 INFO image_rx_daemon: frag_arrival: seq=230 idx=7 total=12 fw_us=379317523 len=247

2026-09-12 19:45:59,916 INFO image_rx_daemon: frag_arrival: seq=230 idx=8 total=12 fw_us=379434727 len=247

2026-09-12 19:46:00,025 INFO image_rx_daemon: frag_arrival: seq=230 idx=9 total=12 fw_us=379551633 len=247

2026-09-12 19:46:00,155 INFO image_rx_daemon: frag_arrival: seq=230 idx=10 total=12 fw_us=379668895 len=247

2026-09-12 19:46:00,253 WARNING image_rx_daemon: crc_dump: irq=0x70 rx_len=255 snr=3.5 rssi=-66 dump=01020000000000ca9086106c986932b2c00c2891acc9f3af4c0690e9c52b9402f25b7e0b64440c302a55cbd77ce87d86bc8ed01af7c9b60a4a52974a5af3bc2958a3cf391b7208fedca45a189982328fd15d507e5f0f1571e7fe7689d43ac0fd9c7c0b73247c0da1ee577bbbfebcf89b8bbf173116724f693e5209addd459cd6ed4afc5ebbde47a65aa806300fe7b908a842a9b8038a1869f706c1e4c81996a7ff60faab78a86dc8c5e43414d9577bd8d9ed81170ad6ed0dbbfdf4cb5ac4c180c23e4d18f709992b627bec5f2ba4cdacb9890a96fb3b89b56d498ed447c0e07c1973466fea795c59c49c2b904a896ee03ef4a5579da620d9be54b6

2026-09-12 19:46:00,458 INFO image_rx_daemon: frag_arrival: seq=233 idx=0 total=13 fw_us=379972804 len=247

2026-09-12 19:46:00,577 INFO image_rx_daemon: frag_arrival: seq=233 idx=1 total=13 fw_us=380089752 len=247

2026-09-12 19:46:00,696 INFO image_rx_daemon: frag_arrival: seq=233 idx=2 total=13 fw_us=380207031 len=247

2026-09-12 19:46:00,808 INFO image_rx_daemon: frag_arrival: seq=233 idx=3 total=13 fw_us=380325030 len=247

2026-09-12 19:46:00,928 INFO image_rx_daemon: frag_arrival: seq=233 idx=4 total=13 fw_us=380441143 len=247

2026-09-12 19:46:01,026 INFO image_rx_daemon: frag_arrival: seq=233 idx=5 total=13 fw_us=380558304 len=247

2026-09-12 19:46:01,154 INFO image_rx_daemon: frag_arrival: seq=233 idx=6 total=13 fw_us=380675417 len=247

2026-09-12 19:46:01,272 INFO image_rx_daemon: frag_arrival: seq=233 idx=7 total=13 fw_us=380792318 len=247

2026-09-12 19:46:01,396 INFO image_rx_daemon: frag_arrival: seq=233 idx=8 total=13 fw_us=380909438 len=247

2026-09-12 19:46:01,500 INFO image_rx_daemon: frag_arrival: seq=233 idx=9 total=13 fw_us=381026422 len=247

2026-09-12 19:46:01,629 INFO image_rx_daemon: frag_arrival: seq=233 idx=10 total=13 fw_us=381143712 len=247

2026-09-12 19:46:01,748 INFO image_rx_daemon: frag_arrival: seq=233 idx=11 total=13 fw_us=381260662 len=247

2026-09-12 19:46:01,749 INFO image_rx_daemon: frag_arrival: seq=233 idx=12 total=13 fw_us=381284113 len=22

2026-09-12 19:46:01,751 INFO image_rx_daemon: published frame_id=0 seq=233 2934 B → lifetrac/v25/video/tile_delta

RFCO_PERTX during TX wait: profile_id=2 tx_status=0x00(OK) hop_idx=0 channel_idx=0 epoch=0 freq_hz=0 pkt_toa_us=15424 legal_dwell_used_us_10s=0

2026-09-12 19:46:01,777 INFO image_rx_daemon: command TX opcode=0x6c copy=1/1 OK (on air)

2026-09-12 19:46:01,932 INFO image_rx_daemon: frag_arrival: seq=236 idx=0 total=13 fw_us=381447647 len=247

2026-09-12 19:46:02,057 INFO image_rx_daemon: frag_arrival: seq=236 idx=1 total=13 fw_us=381564544 len=247

2026-09-12 19:46:02,164 INFO image_rx_daemon: frag_arrival: seq=236 idx=2 total=13 fw_us=381681662 len=247

2026-09-12 19:46:02,288 INFO image_rx_daemon: frag_arrival: seq=236 idx=3 total=13 fw_us=381798594 len=247

2026-09-12 19:46:02,395 INFO image_rx_daemon: frag_arrival: seq=236 idx=4 total=13 fw_us=381915555 len=247

2026-09-12 19:46:02,512 INFO image_rx_daemon: frag_arrival: seq=236 idx=5 total=13 fw_us=382032683 len=247

2026-09-12 19:46:02,641 INFO image_rx_daemon: frag_arrival: seq=236 idx=6 total=13 fw_us=382149854 len=247

2026-09-12 19:46:02,755 INFO image_rx_daemon: frag_arrival: seq=236 idx=7 total=13 fw_us=382266732 len=247

2026-09-12 19:46:02,864 INFO image_rx_daemon: frag_arrival: seq=236 idx=8 total=13 fw_us=382383652 len=247

2026-09-12 19:46:02,984 INFO image_rx_daemon: frag_arrival: seq=236 idx=9 total=13 fw_us=382500895 len=247

2026-09-12 19:46:03,092 INFO image_rx_daemon: frag_arrival: seq=236 idx=10 total=13 fw_us=382618127 len=247

2026-09-12 19:46:03,220 INFO image_rx_daemon: frag_arrival: seq=236 idx=11 total=13 fw_us=382735115 len=247

2026-09-12 19:46:03,320 WARNING image_rx_daemon: crc_dump: irq=0x70 rx_len=255 snr=-12.2 rssi=-115 dump=f8c4e57fc1440c9c59f8fbfb280394ed00e9e026c3ebec2455594b573b470c353197f3ef09fae665bf3d0519d09553dd051667b5a46747052a298084a7d19489508a49e84f0d440711174afd4f9d28969605a1618909e0e8fe579174b01ad80df9ea81cccba62fc2c58ca101599aa9e101fa9ecbcd229162da69ba37e91af38bc2e2b7ed84819ad02e38924e1e7ee911a1902cc83b749ddb00efcc132726c2c05def3f9d511ee87b48e5405a2014dde9de1cf0a0197958ada9db6dcb721f3cad37d22ff9bb9384ee45af53817f34c5623de5619c76e8855836525dbe296e9b6bb80da3143b3f23622699f73f23c6a6d3ecf4e3c1dc594bfc5074c3

2026-09-12 19:46:03,430 INFO image_rx_daemon: frag_arrival: seq=239 idx=0 total=13 fw_us=382942643 len=247

2026-09-12 19:46:03,535 INFO image_rx_daemon: frag_arrival: seq=239 idx=1 total=13 fw_us=383059407 len=247

2026-09-12 19:46:03,653 INFO image_rx_daemon: frag_arrival: seq=239 idx=2 total=13 fw_us=383176782 len=247

2026-09-12 19:46:03,772 INFO image_rx_daemon: frag_arrival: seq=239 idx=3 total=13 fw_us=383293882 len=247

2026-09-12 19:46:03,894 INFO image_rx_daemon: frag_arrival: seq=239 idx=4 total=13 fw_us=383410843 len=247

2026-09-12 19:46:04,006 INFO image_rx_daemon: frag_arrival: seq=239 idx=5 total=13 fw_us=383527979 len=247

2026-09-12 19:46:04,124 INFO image_rx_daemon: frag_arrival: seq=239 idx=6 total=13 fw_us=383644951 len=247

2026-09-12 19:46:04,244 INFO image_rx_daemon: frag_arrival: seq=239 idx=7 total=13 fw_us=383761974 len=247

2026-09-12 19:46:04,364 INFO image_rx_daemon: frag_arrival: seq=239 idx=8 total=13 fw_us=383879297 len=247

2026-09-12 19:46:04,488 INFO image_rx_daemon: frag_arrival: seq=239 idx=9 total=13 fw_us=383996365 len=247

2026-09-12 19:46:04,596 INFO image_rx_daemon: frag_arrival: seq=239 idx=10 total=13 fw_us=384113421 len=247

2026-09-12 19:46:04,708 INFO image_rx_daemon: frag_arrival: seq=239 idx=11 total=13 fw_us=384230446 len=247

2026-09-12 19:46:04,720 INFO image_rx_daemon: frag_arrival: seq=239 idx=12 total=13 fw_us=384259147 len=37

2026-09-12 19:46:04,722 INFO image_rx_daemon: published frame_id=0 seq=239 2949 B → lifetrac/v25/video/tile_delta

RFCO_PERTX during TX wait: profile_id=2 tx_status=0x00(OK) hop_idx=0 channel_idx=0 epoch=0 freq_hz=0 pkt_toa_us=15424 legal_dwell_used_us_10s=0

2026-09-12 19:46:04,747 INFO image_rx_daemon: command TX opcode=0x6c copy=1/1 OK (on air)

2026-09-12 19:46:04,897 INFO image_rx_daemon: frag_arrival: seq=242 idx=0 total=13 fw_us=384416968 len=247

2026-09-12 19:46:05,006 INFO image_rx_daemon: frag_arrival: seq=242 idx=1 total=13 fw_us=384533815 len=247

2026-09-12 19:46:05,136 INFO image_rx_daemon: frag_arrival: seq=242 idx=2 total=13 fw_us=384650810 len=247

2026-09-12 19:46:05,248 INFO image_rx_daemon: frag_arrival: seq=242 idx=3 total=13 fw_us=384767827 len=247

2026-09-12 19:46:05,368 INFO image_rx_daemon: frag_arrival: seq=242 idx=4 total=13 fw_us=384884943 len=247

2026-09-12 19:46:05,492 INFO image_rx_daemon: frag_arrival: seq=242 idx=5 total=13 fw_us=385001952 len=247

2026-09-12 19:46:05,597 INFO image_rx_daemon: frag_arrival: seq=242 idx=6 total=13 fw_us=385119009 len=247

2026-09-12 19:46:05,716 INFO image_rx_daemon: frag_arrival: seq=242 idx=7 total=13 fw_us=385235967 len=247

2026-09-12 19:46:05,836 INFO image_rx_daemon: frag_arrival: seq=242 idx=8 total=13 fw_us=385354030 len=247

2026-09-12 19:46:05,953 INFO image_rx_daemon: frag_arrival: seq=242 idx=9 total=13 fw_us=385470011 len=247

2026-09-12 19:46:06,072 INFO image_rx_daemon: frag_arrival: seq=242 idx=10 total=13 fw_us=385587033 len=247

2026-09-12 19:46:06,185 INFO image_rx_daemon: stats: rx_frames=2067 rx_decode_err=0 frames_published=108 publish_err=0 reassembler_decode_err=0 reassembler_timeouts=58 parity_recon=0 idle_drain_deferred=28

2026-09-12 19:46:06,187 INFO image_rx_daemon: air_gap: n=81 dt_med=117057us dt_p95=192526us len_med=247B cmd_tx_ok=72 cmd_tx_fail=0

2026-09-12 19:46:06,191 INFO image_rx_daemon: air_gap_hist(ms): <40:2 <80:1 <120:71 <200:3 <400:4

2026-09-12 19:46:06,192 INFO image_rx_daemon: rx_rf: n_rssi=81 n_snr=81 rssi[min/med/max]=-71/-69/-69 snr[min/med/max]=5.0/6.0/6.0

2026-09-12 19:46:06,193 INFO image_rx_daemon: phase_telemetry: valid=81 invalid=0 pre_f8=0 last_epoch=0 last_hop=0 slot_off=[0..0]

2026-09-12 19:46:06,193 INFO image_rx_daemon: air_gap_by_class: seq: n=73 med=117.0ms | boundary: n=6 med=207.5ms | post_loss: n=1 med=234.1ms

2026-09-12 19:46:06,194 INFO image_rx_daemon: lost_frag_idx: n=3 idx0=0 (0.00% of idx0 arrivals) other=3 (3.85%) verdict=not-clustered | top 8:1 11:1 12:1

2026-09-12 19:46:06,196 INFO image_rx_daemon: frag_arrival: seq=242 idx=11 total=13 fw_us=385704103 len=247

2026-09-12 19:46:06,196 INFO image_rx_daemon: frag_reordered: 1 late out-of-order arrivals had a provisional loss retracted (in-order assumption violated — see RS-11.4)

2026-09-12 19:46:06,198 INFO image_rx_daemon: frag_arrival: seq=242 idx=12 total=13 fw_us=385734096 len=41

2026-09-12 19:46:06,199 INFO image_rx_daemon: published frame_id=0 seq=242 2953 B → lifetrac/v25/video/tile_delta

2026-09-12 19:46:06,398 INFO image_rx_daemon: frag_arrival: seq=245 idx=0 total=13 fw_us=385911454 len=247

2026-09-12 19:46:06,500 WARNING image_rx_daemon: crc_dump: irq=0x70 rx_len=255 snr=2.0 rssi=-65 dump=1b8d83cd71a5fb0e5f062b87b1e0884335fbc6955da4b04949919446d5092d7fbd8a39408148c9957045e705eb7839aa43ff116d357b8ef2e47866f022e3139b60ab793168b49863366d10a17791e5577954bdaddbb67b347a592c1a9d405438abc0a58b87768dfecbd3a11048f22fae236b4216faafd1febe6c154e5ad6598ca43746968f80f358768be6a8f929285fcc14e790d7d12c748d1260ff48be1d84f64f004a411b1791ed8e8fc06f49342ae36189d9136764e7492ec4b205167530f8fec3b2143ff950e57a547bdefac8385e3b2f29093d80e1e94278e405cde10c045e771f028190edc141a1d017add680df7ee07e33276e0e749609

2026-09-12 19:46:06,608 WARNING image_rx_daemon: crc_dump: irq=0x70 rx_len=255 snr=-0.2 rssi=-66 dump=7b8561a538eb36365d587470cc99f1c530f4a5f2eaf2f94ac8d37305593d233831db85a6991ae2ad777801353afd45f2899c74d8c6c18c8ef276e90e5d750e125fcd78e968dbfb5139d308504e8dc22c9b40065805733e7130176df9d3691ae5c2c5ec7660bac3fb173aa3790467d24efe3e42110e688dd0af4b871ef372285c9ddf23ddc180f083a9531f08f5bb871f0739c99f5f78751ba929ec538b97381683278f059f9cd7859035fce5d51b803f69b770c1f26bc702fadc93e178dc9dc8a2eaa3115509f8c4fa9af8ce37a83d70f9af9697e2616073079531608ac06adcadaaf5b85d47f6890b938e839746c05411c66028d9f308cab05dc1

2026-09-12 19:46:06,744 INFO image_rx_daemon: frag_arrival: seq=245 idx=3 total=13 fw_us=386262627 len=247

2026-09-12 19:46:06,864 INFO image_rx_daemon: frag_arrival: seq=245 idx=4 total=13 fw_us=386379535 len=247

2026-09-12 19:46:06,984 INFO image_rx_daemon: frag_arrival: seq=245 idx=5 total=13 fw_us=386496551 len=247

2026-09-12 19:46:07,096 INFO image_rx_daemon: frag_arrival: seq=245 idx=6 total=13 fw_us=386613583 len=247

2026-09-12 19:46:07,213 INFO image_rx_daemon: frag_arrival: seq=245 idx=7 total=13 fw_us=386730640 len=247

2026-09-12 19:46:07,326 INFO image_rx_daemon: frag_arrival: seq=245 idx=8 total=13 fw_us=386847603 len=247

2026-09-12 19:46:07,447 INFO image_rx_daemon: frag_arrival: seq=245 idx=9 total=13 fw_us=386964596 len=247

2026-09-12 19:46:07,568 INFO image_rx_daemon: frag_arrival: seq=245 idx=10 total=13 fw_us=387081666 len=247

2026-09-12 19:46:07,676 INFO image_rx_daemon: frag_arrival: seq=245 idx=11 total=13 fw_us=387198784 len=247

2026-09-12 19:46:07,710 INFO image_rx_daemon: frag_arrival: seq=245 idx=12 total=13 fw_us=387243181 len=79

RFCO_PERTX during TX wait: profile_id=2 tx_status=0x00(OK) hop_idx=0 channel_idx=0 epoch=0 freq_hz=0 pkt_toa_us=15424 legal_dwell_used_us_10s=0

2026-09-12 19:46:07,734 INFO image_rx_daemon: command TX opcode=0x6c copy=1/1 OK (on air)

2026-09-12 19:46:07,992 INFO image_rx_daemon: frag_arrival: seq=251 idx=0 total=13 fw_us=387502683 len=247

2026-09-12 19:46:08,102 INFO image_rx_daemon: frag_arrival: seq=251 idx=1 total=13 fw_us=387619427 len=247

2026-09-12 19:46:08,221 INFO image_rx_daemon: frag_arrival: seq=251 idx=2 total=13 fw_us=387736736 len=247

2026-09-12 19:46:08,339 INFO image_rx_daemon: frag_arrival: seq=251 idx=3 total=13 fw_us=387853790 len=247

2026-09-12 19:46:08,457 INFO image_rx_daemon: frag_arrival: seq=251 idx=4 total=13 fw_us=387970966 len=247

2026-09-12 19:46:08,564 INFO image_rx_daemon: frag_arrival: seq=251 idx=5 total=13 fw_us=388087992 len=247

2026-09-12 19:46:08,684 INFO image_rx_daemon: frag_arrival: seq=251 idx=6 total=13 fw_us=388205033 len=247

2026-09-12 19:46:08,805 INFO image_rx_daemon: frag_arrival: seq=251 idx=7 total=13 fw_us=388321928 len=247

2026-09-12 19:46:08,925 INFO image_rx_daemon: frag_arrival: seq=251 idx=8 total=13 fw_us=388440030 len=247

2026-09-12 19:46:09,050 INFO image_rx_daemon: frag_arrival: seq=251 idx=9 total=13 fw_us=388555946 len=247

2026-09-12 19:46:09,157 INFO image_rx_daemon: frag_arrival: seq=251 idx=10 total=13 fw_us=388673160 len=247

2026-09-12 19:46:09,272 INFO image_rx_daemon: frag_arrival: seq=251 idx=11 total=13 fw_us=388790179 len=247

2026-09-12 19:46:09,303 INFO image_rx_daemon: frag_arrival: seq=251 idx=12 total=13 fw_us=388834595 len=81

2026-09-12 19:46:09,306 INFO image_rx_daemon: published frame_id=0 seq=251 2993 B → lifetrac/v25/video/tile_delta

2026-09-12 19:46:09,580 INFO image_rx_daemon: frag_arrival: seq=252 idx=0 total=12 fw_us=389094229 len=247

2026-09-12 19:46:09,700 INFO image_rx_daemon: frag_arrival: seq=252 idx=1 total=12 fw_us=389211089 len=247

2026-09-12 19:46:09,812 INFO image_rx_daemon: frag_arrival: seq=252 idx=2 total=12 fw_us=389328256 len=247

2026-09-12 19:46:09,932 INFO image_rx_daemon: frag_arrival: seq=252 idx=3 total=12 fw_us=389445182 len=247

2026-09-12 19:46:10,031 INFO image_rx_daemon: frag_arrival: seq=252 idx=4 total=12 fw_us=389562255 len=247

2026-09-12 19:46:10,160 INFO image_rx_daemon: frag_arrival: seq=252 idx=5 total=12 fw_us=389679253 len=247

2026-09-12 19:46:10,275 INFO image_rx_daemon: frag_arrival: seq=252 idx=6 total=12 fw_us=389796221 len=247

2026-09-12 19:46:10,396 INFO image_rx_daemon: frag_arrival: seq=252 idx=7 total=12 fw_us=389913235 len=247

2026-09-12 19:46:10,518 INFO image_rx_daemon: frag_arrival: seq=252 idx=8 total=12 fw_us=390030302 len=247

2026-09-12 19:46:10,625 INFO image_rx_daemon: frag_arrival: seq=252 idx=9 total=12 fw_us=390147286 len=247

2026-09-12 19:46:10,744 INFO image_rx_daemon: frag_arrival: seq=252 idx=10 total=12 fw_us=390264501 len=247

2026-09-12 19:46:10,845 WARNING image_rx_daemon: crc_dump: irq=0x70 rx_len=255 snr=-0.8 rssi=-66 dump=010200000000002ce355e117d43269f7047cc42c1b3e2c71578f315486500a31ed71e03f1f18be950b34053ce7ef0f83533db7475637cb4b66d1d887e7651742b83e5adb66f459459922777614a8aa44a3dc106dd486dec96dd673d475056ee41f607e9f918c5eee75ca0799a4c91a315d10058cd521db0462ae891fb48e12a6c70ce82afc8bce29de19bcb2395413f662debce6af3bd3664c2aa4b9bf2f0a06e318d272d0e8effe29cf4f1c72a7ff295d65fb025cdf4f8acb518bd0282b6674497d8aa802537b96317ce196c95b4b6e0eb04deb3734d94b6bbd579d927d47739e1c2be5bdf44df070d52d03f5bb276c3937e8642fb935ff1b32f0

2026-09-12 19:46:11,048 INFO image_rx_daemon: frag_arrival: seq=254 idx=0 total=12 fw_us=390568461 len=247

2026-09-12 19:46:11,167 INFO image_rx_daemon: frag_arrival: seq=254 idx=1 total=12 fw_us=390685312 len=247

2026-09-12 19:46:11,285 INFO image_rx_daemon: frag_arrival: seq=254 idx=2 total=12 fw_us=390802522 len=247

2026-09-12 19:46:11,408 INFO image_rx_daemon: frag_arrival: seq=254 idx=3 total=12 fw_us=390919514 len=247

2026-09-12 19:46:11,516 INFO image_rx_daemon: frag_arrival: seq=254 idx=4 total=12 fw_us=391036576 len=247

2026-09-12 19:46:11,636 INFO image_rx_daemon: frag_arrival: seq=254 idx=5 total=12 fw_us=391153721 len=247

2026-09-12 19:46:11,756 INFO image_rx_daemon: frag_arrival: seq=254 idx=6 total=12 fw_us=391270624 len=247

2026-09-12 19:46:11,865 INFO image_rx_daemon: frag_arrival: seq=254 idx=7 total=12 fw_us=391387636 len=247

2026-09-12 19:46:11,984 INFO image_rx_daemon: frag_arrival: seq=254 idx=8 total=12 fw_us=391504658 len=247

2026-09-12 19:46:12,101 INFO image_rx_daemon: frag_arrival: seq=254 idx=9 total=12 fw_us=391621575 len=247

2026-09-12 19:46:12,224 INFO image_rx_daemon: frag_arrival: seq=254 idx=10 total=12 fw_us=391738720 len=247

2026-09-12 19:46:12,344 INFO image_rx_daemon: frag_arrival: seq=254 idx=11 total=12 fw_us=391855659 len=246

2026-09-12 19:46:12,345 INFO image_rx_daemon: published frame_id=0 seq=254 2915 B → lifetrac/v25/video/tile_delta

RFCO_PERTX during TX wait: profile_id=2 tx_status=0x00(OK) hop_idx=0 channel_idx=0 epoch=0 freq_hz=0 pkt_toa_us=15424 legal_dwell_used_us_10s=0

2026-09-12 19:46:12,373 INFO image_rx_daemon: command TX opcode=0x6c copy=1/1 OK (on air)

2026-09-12 19:46:12,528 INFO image_rx_daemon: frag_arrival: seq=1 idx=0 total=13 fw_us=392042640 len=247

2026-09-12 19:46:12,648 INFO image_rx_daemon: frag_arrival: seq=1 idx=1 total=13 fw_us=392159668 len=247

2026-09-12 19:46:12,756 INFO image_rx_daemon: frag_arrival: seq=1 idx=2 total=13 fw_us=392276645 len=247

2026-09-12 19:46:12,879 INFO image_rx_daemon: frag_arrival: seq=1 idx=3 total=13 fw_us=392393555 len=247

2026-09-12 19:46:12,997 INFO image_rx_daemon: frag_arrival: seq=1 idx=4 total=13 fw_us=392510629 len=247

2026-09-12 19:46:13,120 INFO image_rx_daemon: frag_arrival: seq=1 idx=5 total=13 fw_us=392627746 len=247

2026-09-12 19:46:13,228 INFO image_rx_daemon: frag_arrival: seq=1 idx=6 total=13 fw_us=392744720 len=247

2026-09-12 19:46:13,348 INFO image_rx_daemon: frag_arrival: seq=1 idx=7 total=13 fw_us=392861744 len=247

2026-09-12 19:46:13,459 INFO image_rx_daemon: frag_arrival: seq=1 idx=8 total=13 fw_us=392978539 len=247

2026-09-12 19:46:13,580 INFO image_rx_daemon: frag_arrival: seq=1 idx=9 total=13 fw_us=393095793 len=247

2026-09-12 19:46:13,700 INFO image_rx_daemon: frag_arrival: seq=1 idx=10 total=13 fw_us=393212882 len=247

2026-09-12 19:46:13,804 INFO image_rx_daemon: frag_arrival: seq=1 idx=11 total=13 fw_us=393329955 len=247

2026-09-12 19:46:13,849 INFO image_rx_daemon: frag_arrival: seq=1 idx=12 total=13 fw_us=393372727 len=73

2026-09-12 19:46:13,850 INFO image_rx_daemon: published frame_id=0 seq=1 2985 B → lifetrac/v25/video/tile_delta

RFCO_PERTX during TX wait: profile_id=2 tx_status=0x00(OK) hop_idx=0 channel_idx=0 epoch=0 freq_hz=0 pkt_toa_us=15424 legal_dwell_used_us_10s=0

2026-09-12 19:46:13,873 INFO image_rx_daemon: command TX opcode=0x6c copy=1/1 OK (on air)

2026-09-12 19:46:14,116 INFO image_rx_daemon: frag_arrival: seq=7 idx=0 total=13 fw_us=393633932 len=247

2026-09-12 19:46:14,236 INFO image_rx_daemon: frag_arrival: seq=7 idx=1 total=13 fw_us=393750958 len=247

2026-09-12 19:46:14,346 INFO image_rx_daemon: frag_arrival: seq=7 idx=2 total=13 fw_us=393868033 len=247

2026-09-12 19:46:14,464 INFO image_rx_daemon: frag_arrival: seq=7 idx=3 total=13 fw_us=393985115 len=247

2026-09-12 19:46:14,582 INFO image_rx_daemon: frag_arrival: seq=7 idx=4 total=13 fw_us=394102162 len=247

2026-09-12 19:46:14,704 INFO image_rx_daemon: frag_arrival: seq=7 idx=5 total=13 fw_us=394219227 len=247

2026-09-12 19:46:14,821 INFO image_rx_daemon: frag_arrival: seq=7 idx=6 total=13 fw_us=394336198 len=247

2026-09-12 19:46:14,944 INFO image_rx_daemon: frag_arrival: seq=7 idx=7 total=13 fw_us=394453133 len=247

2026-09-12 19:46:15,045 INFO image_rx_daemon: frag_arrival: seq=7 idx=8 total=13 fw_us=394570159 len=247

2026-09-12 19:46:15,176 INFO image_rx_daemon: frag_arrival: seq=7 idx=9 total=13 fw_us=394687182 len=247

2026-09-12 19:46:15,284 INFO image_rx_daemon: frag_arrival: seq=7 idx=10 total=13 fw_us=394804158 len=247

2026-09-12 19:46:15,404 INFO image_rx_daemon: frag_arrival: seq=7 idx=11 total=13 fw_us=394922030 len=247

2026-09-12 19:46:15,433 INFO image_rx_daemon: frag_arrival: seq=7 idx=12 total=13 fw_us=394958937 len=63

2026-09-12 19:46:15,437 INFO image_rx_daemon: published frame_id=0 seq=7 2975 B → lifetrac/v25/video/tile_delta

2026-09-12 19:46:15,704 INFO image_rx_daemon: frag_arrival: seq=8 idx=0 total=13 fw_us=395225011 len=247

2026-09-12 19:46:15,828 INFO image_rx_daemon: frag_arrival: seq=8 idx=1 total=13 fw_us=395341921 len=247

2026-09-12 19:46:15,948 INFO image_rx_daemon: frag_arrival: seq=8 idx=2 total=13 fw_us=395458883 len=247

2026-09-12 19:46:16,053 INFO image_rx_daemon: frag_arrival: seq=8 idx=3 total=13 fw_us=395575935 len=247

2026-09-12 19:46:16,169 INFO image_rx_daemon: frag_arrival: seq=8 idx=4 total=13 fw_us=395692969 len=247

2026-09-12 19:46:16,201 INFO image_rx_daemon: stats: rx_frames=2147 rx_decode_err=0 frames_published=113 publish_err=0 reassembler_decode_err=0 reassembler_timeouts=60 parity_recon=0 idle_drain_deferred=30

2026-09-12 19:46:16,203 INFO image_rx_daemon: air_gap: n=80 dt_med=117028us dt_p95=261205us len_med=247B cmd_tx_ok=75 cmd_tx_fail=0

2026-09-12 19:46:16,207 INFO image_rx_daemon: air_gap_hist(ms): <40:2 <80:3 <120:67 <200:2 <400:6

2026-09-12 19:46:16,209 INFO image_rx_daemon: rx_rf: n_rssi=80 n_snr=80 rssi[min/med/max]=-70/-69/-69 snr[min/med/max]=5.0/6.0/6.0

2026-09-12 19:46:16,210 INFO image_rx_daemon: phase_telemetry: valid=80 invalid=0 pre_f8=0 last_epoch=0 last_hop=0 slot_off=[0..0]

2026-09-12 19:46:16,213 INFO image_rx_daemon: air_gap_by_class: seq: n=70 med=117.0ms | boundary: n=7 med=259.6ms | post_loss: n=1 med=351.2ms

2026-09-12 19:46:16,214 INFO image_rx_daemon: lost_frag_idx: n=3 idx0=0 (0.00% of idx0 arrivals) other=3 (4.05%) verdict=not-clustered | top 1:1 2:1 11:1

2026-09-12 19:46:16,214 INFO image_rx_daemon: frag_reordered: 2 late out-of-order arrivals had a provisional loss retracted (in-order assumption violated — see RS-11.4)

2026-09-12 19:46:16,289 INFO image_rx_daemon: frag_arrival: seq=8 idx=5 total=13 fw_us=395809956 len=247

2026-09-12 19:46:16,412 INFO image_rx_daemon: frag_arrival: seq=8 idx=6 total=13 fw_us=395926932 len=247

2026-09-12 19:46:16,545 INFO image_rx_daemon: frag_arrival: seq=8 idx=7 total=13 fw_us=396043811 len=247

2026-09-12 19:46:16,644 INFO image_rx_daemon: frag_arrival: seq=8 idx=8 total=13 fw_us=396161029 len=247

2026-09-12 19:46:16,765 INFO image_rx_daemon: frag_arrival: seq=8 idx=9 total=13 fw_us=396277882 len=247

2026-09-12 19:46:16,884 INFO image_rx_daemon: frag_arrival: seq=8 idx=10 total=13 fw_us=396396030 len=247

2026-09-12 19:46:16,992 INFO image_rx_daemon: frag_arrival: seq=8 idx=11 total=13 fw_us=396513030 len=247

2026-09-12 19:46:17,015 INFO image_rx_daemon: frag_arrival: seq=8 idx=12 total=13 fw_us=396553866 len=74

2026-09-12 19:46:17,016 INFO image_rx_daemon: published frame_id=0 seq=8 2986 B → lifetrac/v25/video/tile_delta

RFCO_PERTX during TX wait: profile_id=2 tx_status=0x00(OK) hop_idx=0 channel_idx=0 epoch=0 freq_hz=0 pkt_toa_us=15424 legal_dwell_used_us_10s=0

2026-09-12 19:46:17,048 INFO image_rx_daemon: command TX opcode=0x6c copy=1/1 OK (on air)

2026-09-12 19:46:17,296 INFO image_rx_daemon: frag_arrival: seq=10 idx=0 total=13 fw_us=396816033 len=247

2026-09-12 19:46:17,416 INFO image_rx_daemon: frag_arrival: seq=10 idx=1 total=13 fw_us=396933013 len=247

2026-09-12 19:46:17,539 INFO image_rx_daemon: frag_arrival: seq=10 idx=2 total=13 fw_us=397049983 len=247

2026-09-12 19:46:17,652 INFO image_rx_daemon: frag_arrival: seq=10 idx=3 total=13 fw_us=397168030 len=247

2026-09-12 19:46:17,769 INFO image_rx_daemon: frag_arrival: seq=10 idx=4 total=13 fw_us=397284091 len=247

2026-09-12 19:46:17,880 INFO image_rx_daemon: frag_arrival: seq=10 idx=5 total=13 fw_us=397401026 len=247

2026-09-12 19:46:18,010 INFO image_rx_daemon: frag_arrival: seq=10 idx=6 total=13 fw_us=397518087 len=247

2026-09-12 19:46:18,120 INFO image_rx_daemon: frag_arrival: seq=10 idx=7 total=13 fw_us=397636030 len=247

2026-09-12 19:46:18,238 INFO image_rx_daemon: frag_arrival: seq=10 idx=8 total=13 fw_us=397752120 len=247

2026-09-12 19:46:18,350 INFO image_rx_daemon: frag_arrival: seq=10 idx=9 total=13 fw_us=397868986 len=247

2026-09-12 19:46:18,469 INFO image_rx_daemon: frag_arrival: seq=10 idx=10 total=13 fw_us=397986142 len=247

2026-09-12 19:46:18,587 INFO image_rx_daemon: frag_arrival: seq=10 idx=11 total=13 fw_us=398103214 len=247

2026-09-12 19:46:18,613 INFO image_rx_daemon: frag_arrival: seq=10 idx=12 total=13 fw_us=398145003 len=73

2026-09-12 19:46:18,616 INFO image_rx_daemon: published frame_id=0 seq=10 2985 B → lifetrac/v25/video/tile_delta

2026-09-12 19:46:18,892 INFO image_rx_daemon: frag_arrival: seq=13 idx=0 total=13 fw_us=398408030 len=247

2026-09-12 19:46:19,004 INFO image_rx_daemon: frag_arrival: seq=13 idx=1 total=13 fw_us=398523927 len=247

2026-09-12 19:46:19,124 INFO image_rx_daemon: frag_arrival: seq=13 idx=2 total=13 fw_us=398641033 len=247

2026-09-12 19:46:19,244 INFO image_rx_daemon: frag_arrival: seq=13 idx=3 total=13 fw_us=398758124 len=247

2026-09-12 19:46:19,357 INFO image_rx_daemon: frag_arrival: seq=13 idx=4 total=13 fw_us=398875311 len=247

2026-09-12 19:46:19,477 INFO image_rx_daemon: frag_arrival: seq=13 idx=5 total=13 fw_us=398992185 len=247

2026-09-12 19:46:19,600 INFO image_rx_daemon: frag_arrival: seq=13 idx=6 total=13 fw_us=399109205 len=247

2026-09-12 19:46:19,708 INFO image_rx_daemon: frag_arrival: seq=13 idx=7 total=13 fw_us=399226124 len=247

2026-09-12 19:46:19,828 INFO image_rx_daemon: frag_arrival: seq=13 idx=8 total=13 fw_us=399343387 len=247

2026-09-12 19:46:19,948 INFO image_rx_daemon: frag_arrival: seq=13 idx=9 total=13 fw_us=399460190 len=247

2026-09-12 19:46:20,060 INFO image_rx_daemon: frag_arrival: seq=13 idx=10 total=13 fw_us=399577388 len=247

2026-09-12 19:46:20,177 INFO image_rx_daemon: frag_arrival: seq=13 idx=11 total=13 fw_us=399694363 len=247

2026-09-12 19:46:20,177 INFO image_rx_daemon: frag_arrival: seq=13 idx=12 total=13 fw_us=399711316 len=7

2026-09-12 19:46:20,179 INFO image_rx_daemon: published frame_id=0 seq=13 2919 B → lifetrac/v25/video/tile_delta

RFCO_PERTX during TX wait: profile_id=2 tx_status=0x00(OK) hop_idx=0 channel_idx=0 epoch=0 freq_hz=0 pkt_toa_us=15424 legal_dwell_used_us_10s=0

2026-09-12 19:46:20,208 INFO image_rx_daemon: command TX opcode=0x6c copy=1/1 OK (on air)

2026-09-12 19:46:20,369 INFO image_rx_daemon: frag_arrival: seq=17 idx=0 total=12 fw_us=399882347 len=247

2026-09-12 19:46:20,488 INFO image_rx_daemon: frag_arrival: seq=17 idx=1 total=12 fw_us=399999194 len=247

2026-09-12 19:46:20,600 INFO image_rx_daemon: frag_arrival: seq=17 idx=2 total=12 fw_us=400116335 len=247

2026-09-12 19:46:20,715 INFO image_rx_daemon: frag_arrival: seq=17 idx=3 total=12 fw_us=400233301 len=247

2026-09-12 19:46:20,849 INFO image_rx_daemon: frag_arrival: seq=17 idx=4 total=12 fw_us=400350410 len=247

2026-09-12 19:46:20,937 INFO image_rx_daemon: frag_arrival: seq=17 idx=5 total=12 fw_us=400467430 len=247

2026-09-12 19:46:21,068 INFO image_rx_daemon: frag_arrival: seq=17 idx=6 total=12 fw_us=400584526 len=247

2026-09-12 19:46:21,188 INFO image_rx_daemon: frag_arrival: seq=17 idx=7 total=12 fw_us=400701527 len=247

2026-09-12 19:46:21,305 INFO image_rx_daemon: frag_arrival: seq=17 idx=8 total=12 fw_us=400818387 len=247

2026-09-12 19:46:21,424 INFO image_rx_daemon: frag_arrival: seq=17 idx=9 total=12 fw_us=400935523 len=247

2026-09-12 19:46:21,533 INFO image_rx_daemon: frag_arrival: seq=17 idx=10 total=12 fw_us=401052646 len=247

2026-09-12 19:46:21,632 WARNING image_rx_daemon: crc_dump: irq=0x70 rx_len=255 snr=4.5 rssi=-67 dump=010200106536cae39ac0d279b66a4cd231d3400f47af5eb14722dbf646820958da7506ad76e39b02631f9a6e6b21da8643db24beba63c6640328e6f8d95abc9497bbf7581303eb0f347c2c497157a9aecde75fab7aca883d34e6668bb6e8665897e6d3d07bffa16b89d21b44d241914311d895ad2696bce14887a94527f56d39e1d9aa492ae36a561dad35e7e7b3497a11bfee1fe6ea74d95e793520997c275f3ff6297e7144d25261c311e0cf2ad9ab70650311f563c817706a68f38907c96d7e2f5cc8232af0d78894e801b612346af420c6bb082fdb2f8bebf27e18d0ed56945500ac09c7df6b2fe689575db6268c4630d9d406279b35e67ef0

2026-09-12 19:46:21,845 INFO image_rx_daemon: frag_arrival: seq=20 idx=0 total=13 fw_us=401356562 len=247

2026-09-12 19:46:21,949 INFO image_rx_daemon: frag_arrival: seq=20 idx=1 total=13 fw_us=401473618 len=247

2026-09-12 19:46:22,077 INFO image_rx_daemon: frag_arrival: seq=20 idx=2 total=13 fw_us=401590565 len=247

2026-09-12 19:46:22,200 INFO image_rx_daemon: frag_arrival: seq=20 idx=3 total=13 fw_us=401707620 len=247

2026-09-12 19:46:22,308 INFO image_rx_daemon: frag_arrival: seq=20 idx=4 total=13 fw_us=401824567 len=247

2026-09-12 19:46:22,428 INFO image_rx_daemon: frag_arrival: seq=20 idx=5 total=13 fw_us=401941548 len=247

2026-09-12 19:46:22,549 INFO image_rx_daemon: frag_arrival: seq=20 idx=6 total=13 fw_us=402058605 len=247

2026-09-12 19:46:22,657 INFO image_rx_daemon: frag_arrival: seq=20 idx=7 total=13 fw_us=402175529 len=247

2026-09-12 19:46:22,777 INFO image_rx_daemon: frag_arrival: seq=20 idx=8 total=13 fw_us=402292641 len=247

2026-09-12 19:46:22,896 INFO image_rx_daemon: frag_arrival: seq=20 idx=9 total=13 fw_us=402409509 len=247

2026-09-12 19:46:23,006 INFO image_rx_daemon: frag_arrival: seq=20 idx=10 total=13 fw_us=402526705 len=247

2026-09-12 19:46:23,124 INFO image_rx_daemon: frag_arrival: seq=20 idx=11 total=13 fw_us=402643669 len=247

2026-09-12 19:46:23,159 INFO image_rx_daemon: frag_arrival: seq=20 idx=12 total=13 fw_us=402676281 len=47

2026-09-12 19:46:23,163 INFO image_rx_daemon: published frame_id=0 seq=20 2959 B → lifetrac/v25/video/tile_delta

RFCO_PERTX during TX wait: profile_id=2 tx_status=0x00(OK) hop_idx=0 channel_idx=0 epoch=0 freq_hz=0 pkt_toa_us=15424 legal_dwell_used_us_10s=0

2026-09-12 19:46:23,195 INFO image_rx_daemon: command TX opcode=0x6c copy=1/1 OK (on air)

2026-09-12 19:46:23,328 INFO image_rx_daemon: frag_arrival: seq=23 idx=0 total=13 fw_us=402846349 len=247

2026-09-12 19:46:23,448 INFO image_rx_daemon: frag_arrival: seq=23 idx=1 total=13 fw_us=402963204 len=247

2026-09-12 19:46:23,571 INFO image_rx_daemon: frag_arrival: seq=23 idx=2 total=13 fw_us=403080236 len=247

2026-09-12 19:46:23,680 INFO image_rx_daemon: frag_arrival: seq=23 idx=3 total=13 fw_us=403197330 len=247

2026-09-12 19:46:23,804 INFO image_rx_daemon: frag_arrival: seq=23 idx=4 total=13 fw_us=403314352 len=247

2026-09-12 19:46:23,916 INFO image_rx_daemon: frag_arrival: seq=23 idx=5 total=13 fw_us=403431426 len=247

2026-09-12 19:46:24,024 INFO image_rx_daemon: frag_arrival: seq=23 idx=6 total=13 fw_us=403548413 len=247

2026-09-12 19:46:24,153 INFO image_rx_daemon: frag_arrival: seq=23 idx=7 total=13 fw_us=403665475 len=247

2026-09-12 19:46:24,272 INFO image_rx_daemon: frag_arrival: seq=23 idx=8 total=13 fw_us=403782474 len=247

2026-09-12 19:46:24,387 INFO image_rx_daemon: frag_arrival: seq=23 idx=9 total=13 fw_us=403899401 len=247

2026-09-12 19:46:24,495 INFO image_rx_daemon: frag_arrival: seq=23 idx=10 total=13 fw_us=404016630 len=247

2026-09-12 19:46:24,613 INFO image_rx_daemon: frag_arrival: seq=23 idx=11 total=13 fw_us=404133670 len=247

2026-09-12 19:46:24,625 INFO image_rx_daemon: frag_arrival: seq=23 idx=12 total=13 fw_us=404162404 len=39

2026-09-12 19:46:24,628 INFO image_rx_daemon: published frame_id=0 seq=23 2951 B → lifetrac/v25/video/tile_delta

2026-09-12 19:46:24,829 INFO image_rx_daemon: frag_arrival: seq=26 idx=0 total=13 fw_us=404340775 len=247

2026-09-12 19:46:24,936 INFO image_rx_daemon: frag_arrival: seq=26 idx=1 total=13 fw_us=404457951 len=247

2026-09-12 19:46:25,056 INFO image_rx_daemon: frag_arrival: seq=26 idx=2 total=13 fw_us=404575009 len=247

2026-09-12 19:46:25,176 INFO image_rx_daemon: frag_arrival: seq=26 idx=3 total=13 fw_us=404692075 len=247

2026-09-12 19:46:25,298 INFO image_rx_daemon: frag_arrival: seq=26 idx=4 total=13 fw_us=404809089 len=247

2026-09-12 19:46:25,405 INFO image_rx_daemon: frag_arrival: seq=26 idx=5 total=13 fw_us=404926107 len=247

2026-09-12 19:46:25,519 INFO image_rx_daemon: frag_arrival: seq=26 idx=6 total=13 fw_us=405043186 len=247

2026-09-12 19:46:25,652 INFO image_rx_daemon: frag_arrival: seq=26 idx=7 total=13 fw_us=405160307 len=247

2026-09-12 19:46:25,880 INFO image_rx_daemon: frag_arrival: seq=26 idx=9 total=13 fw_us=405394293 len=247

2026-09-12 19:46:26,005 INFO image_rx_daemon: frag_arrival: seq=26 idx=10 total=13 fw_us=405511393 len=247

2026-09-12 19:46:26,113 INFO image_rx_daemon: frag_arrival: seq=26 idx=11 total=13 fw_us=405628415 len=247

2026-09-12 19:46:26,114 INFO image_rx_daemon: frag_arrival: seq=26 idx=12 total=13 fw_us=405646688 len=11

RFCO_PERTX during TX wait: profile_id=2 tx_status=0x00(OK) hop_idx=0 channel_idx=0 epoch=0 freq_hz=0 pkt_toa_us=15424 legal_dwell_used_us_10s=0

2026-09-12 19:46:26,140 INFO image_rx_daemon: command TX opcode=0x6c copy=1/1 OK (on air)

2026-09-12 19:46:26,217 INFO image_rx_daemon: stats: rx_frames=2230 rx_decode_err=0 frames_published=118 publish_err=0 reassembler_decode_err=0 reassembler_timeouts=61 parity_recon=0 idle_drain_deferred=31

2026-09-12 19:46:26,219 INFO image_rx_daemon: air_gap: n=83 dt_med=117022us dt_p95=178371us len_med=247B cmd_tx_ok=79 cmd_tx_fail=0

2026-09-12 19:46:26,223 INFO image_rx_daemon: air_gap_hist(ms): <20:2 <40:2 <80:2 <120:70 <200:3 <400:4

2026-09-12 19:46:26,225 INFO image_rx_daemon: rx_rf: n_rssi=83 n_snr=83 rssi[min/med/max]=-70/-69/-68 snr[min/med/max]=5.0/6.0/7.0

2026-09-12 19:46:26,226 INFO image_rx_daemon: phase_telemetry: valid=83 invalid=0 pre_f8=0 last_epoch=0 last_hop=0 slot_off=[0..0]

2026-09-12 19:46:26,228 INFO image_rx_daemon: air_gap_by_class: seq: n=75 med=117.0ms | boundary: n=6 med=262.2ms | post_loss: n=1 med=234.0ms

2026-09-12 19:46:26,228 INFO image_rx_daemon: lost_frag_idx: n=2 idx0=0 (0.00% of idx0 arrivals) other=2 (2.53%) verdict=not-clustered | top 11:1 8:1

2026-09-12 19:46:26,228 INFO image_rx_daemon: frag_reordered: 1 late out-of-order arrivals had a provisional loss retracted (in-order assumption violated — see RS-11.4)

2026-09-12 19:46:26,304 INFO image_rx_daemon: frag_arrival: seq=29 idx=0 total=13 fw_us=405815392 len=247

2026-09-12 19:46:26,419 INFO image_rx_daemon: frag_arrival: seq=29 idx=1 total=13 fw_us=405932340 len=247

2026-09-12 19:46:26,542 INFO image_rx_daemon: frag_arrival: seq=29 idx=2 total=13 fw_us=406049483 len=247

2026-09-12 19:46:26,652 INFO image_rx_daemon: frag_arrival: seq=29 idx=3 total=13 fw_us=406166558 len=247

2026-09-12 19:46:26,776 INFO image_rx_daemon: frag_arrival: seq=29 idx=4 total=13 fw_us=406283619 len=247

2026-09-12 19:46:26,884 INFO image_rx_daemon: frag_arrival: seq=29 idx=5 total=13 fw_us=406400656 len=247

2026-09-12 19:46:27,004 INFO image_rx_daemon: frag_arrival: seq=29 idx=6 total=13 fw_us=406517629 len=247

2026-09-12 19:46:27,128 INFO image_rx_daemon: frag_arrival: seq=29 idx=7 total=13 fw_us=406634663 len=247

2026-09-12 19:46:27,236 INFO image_rx_daemon: frag_arrival: seq=29 idx=8 total=13 fw_us=406751481 len=247

2026-09-12 19:46:27,358 INFO image_rx_daemon: frag_arrival: seq=29 idx=9 total=13 fw_us=406868744 len=247

2026-09-12 19:46:27,474 INFO image_rx_daemon: frag_arrival: seq=29 idx=10 total=13 fw_us=406985793 len=247

2026-09-12 19:46:27,581 INFO image_rx_daemon: frag_arrival: seq=29 idx=11 total=13 fw_us=407102897 len=247

2026-09-12 19:46:27,622 INFO image_rx_daemon: frag_arrival: seq=29 idx=12 total=13 fw_us=407147320 len=80

2026-09-12 19:46:27,625 INFO image_rx_daemon: published frame_id=0 seq=29 2992 B → lifetrac/v25/video/tile_delta

2026-09-12 19:46:27,896 INFO image_rx_daemon: frag_arrival: seq=32 idx=0 total=12 fw_us=407406847 len=247

2026-09-12 19:46:28,011 INFO image_rx_daemon: frag_arrival: seq=32 idx=1 total=12 fw_us=407523735 len=247

2026-09-12 19:46:28,124 INFO image_rx_daemon: frag_arrival: seq=32 idx=2 total=12 fw_us=407640883 len=247

2026-09-12 19:46:28,242 INFO image_rx_daemon: frag_arrival: seq=32 idx=3 total=12 fw_us=407757824 len=247

2026-09-12 19:46:28,364 INFO image_rx_daemon: frag_arrival: seq=32 idx=4 total=12 fw_us=407875007 len=247

2026-09-12 19:46:28,472 INFO image_rx_daemon: frag_arrival: seq=32 idx=5 total=12 fw_us=407991869 len=247

2026-09-12 19:46:28,592 INFO image_rx_daemon: frag_arrival: seq=32 idx=6 total=12 fw_us=408108904 len=247

2026-09-12 19:46:28,712 INFO image_rx_daemon: frag_arrival: seq=32 idx=7 total=12 fw_us=408225770 len=247

2026-09-12 19:46:28,832 INFO image_rx_daemon: frag_arrival: seq=32 idx=8 total=12 fw_us=408342915 len=247

2026-09-12 19:46:28,940 INFO image_rx_daemon: frag_arrival: seq=32 idx=9 total=12 fw_us=408459819 len=247

2026-09-12 19:46:29,055 INFO image_rx_daemon: frag_arrival: seq=32 idx=10 total=12 fw_us=408576990 len=247

2026-09-12 19:46:29,173 INFO image_rx_daemon: frag_arrival: seq=32 idx=11 total=12 fw_us=408688247 len=241

2026-09-12 19:46:29,174 INFO image_rx_daemon: published frame_id=0 seq=32 2910 B → lifetrac/v25/video/tile_delta

RFCO_PERTX during TX wait: profile_id=2 tx_status=0x00(OK) hop_idx=0 channel_idx=0 epoch=0 freq_hz=0 pkt_toa_us=15424 legal_dwell_used_us_10s=0

2026-09-12 19:46:29,200 INFO image_rx_daemon: command TX opcode=0x6c copy=1/1 OK (on air)

2026-09-12 19:46:29,365 INFO image_rx_daemon: frag_arrival: seq=35 idx=0 total=13 fw_us=408881977 len=247

2026-09-12 19:46:29,484 INFO image_rx_daemon: frag_arrival: seq=35 idx=1 total=13 fw_us=408998857 len=247

2026-09-12 19:46:29,604 INFO image_rx_daemon: frag_arrival: seq=35 idx=2 total=13 fw_us=409115982 len=247

2026-09-12 19:46:29,712 INFO image_rx_daemon: frag_arrival: seq=35 idx=3 total=13 fw_us=409232980 len=247

2026-09-12 19:46:29,834 INFO image_rx_daemon: frag_arrival: seq=35 idx=4 total=13 fw_us=409349913 len=247

2026-09-12 19:46:29,885 WARNING image_rx_daemon: crc_dump: irq=0x70 rx_len=106 snr=2.0 rssi=-65 dump=6ceaf2413dffcbcd6d0351897bd66a76e8c054c3a5bfad33d361d44e7c4ec471d092789a6c37052715a3e0738e258777c7743467676b1bbf5f5ff407961e81a23fe244ef23dbd11588fbf2e0f95f3722c87805afdd7283b42ea929e1efeefac0d4e4239479bdda4c98e8

2026-09-12 19:46:30,057 INFO image_rx_daemon: frag_arrival: seq=35 idx=6 total=13 fw_us=409584149 len=247

2026-09-12 19:46:30,185 INFO image_rx_daemon: frag_arrival: seq=35 idx=7 total=13 fw_us=409701113 len=247

2026-09-12 19:46:30,304 INFO image_rx_daemon: frag_arrival: seq=35 idx=8 total=13 fw_us=409818176 len=247

2026-09-12 19:46:30,424 INFO image_rx_daemon: frag_arrival: seq=35 idx=9 total=13 fw_us=409935027 len=247

2026-09-12 19:46:30,521 INFO image_rx_daemon: frag_arrival: seq=35 idx=10 total=13 fw_us=410052171 len=247

2026-09-12 19:46:30,649 INFO image_rx_daemon: frag_arrival: seq=35 idx=11 total=13 fw_us=410169385 len=247

2026-09-12 19:46:30,688 INFO image_rx_daemon: frag_arrival: seq=35 idx=12 total=13 fw_us=410211150 len=71

2026-09-12 19:46:30,952 INFO image_rx_daemon: frag_arrival: seq=38 idx=0 total=12 fw_us=410473785 len=247

2026-09-12 19:46:31,080 INFO image_rx_daemon: frag_arrival: seq=38 idx=1 total=12 fw_us=410590549 len=247

2026-09-12 19:46:31,186 INFO image_rx_daemon: frag_arrival: seq=38 idx=2 total=12 fw_us=410707763 len=247

2026-09-12 19:46:31,304 WARNING image_rx_daemon: crc_dump: irq=0x70 rx_len=255 snr=5.8 rssi=-69 dump=0102000000000000fe26030b448bef40121e1bb6fd74ff241072317c7645b391ff621fd518006b52494646640000005745425056503820580000003004009d012a200020003ec160ac4fb425a4b0a808028018096400b11e8482cfa06f416e00021475618000fe4b6e49a7666548417ff889d0c7776aeacf1bffdc4be8497b40dc3fdd00ee67e9905a30077729b638f34c00009b52494646940000005745425056503820880000005005009d012a200020003ec152a44ca7b123b33018080260180968009d2fa27aac480790011a014b4c369755a1158882a76f8000fee9dc8e866dd057ffc5a1a49bb2ee57ed91c1d49e80f115bd8ef1d78e8f42

2026-09-12 19:46:31,426 INFO image_rx_daemon: frag_arrival: seq=38 idx=4 total=12 fw_us=410941731 len=247

2026-09-12 19:46:31,544 INFO image_rx_daemon: frag_arrival: seq=38 idx=5 total=12 fw_us=411058829 len=247

2026-09-12 19:46:31,664 INFO image_rx_daemon: frag_arrival: seq=38 idx=6 total=12 fw_us=411175927 len=247

2026-09-12 19:46:31,765 INFO image_rx_daemon: frag_arrival: seq=38 idx=7 total=12 fw_us=411292981 len=247

2026-09-12 19:46:31,896 INFO image_rx_daemon: frag_arrival: seq=38 idx=8 total=12 fw_us=411411030 len=247

2026-09-12 19:46:32,005 INFO image_rx_daemon: frag_arrival: seq=38 idx=9 total=12 fw_us=411526913 len=247

2026-09-12 19:46:32,128 INFO image_rx_daemon: frag_arrival: seq=38 idx=10 total=12 fw_us=411644155 len=247

2026-09-12 19:46:32,228 WARNING image_rx_daemon: crc_dump: irq=0x70 rx_len=255 snr=1.5 rssi=-65 dump=01020000000000573692c4c89967eb107feff6da49274b5cfbff7d1d3b75e77d1d1a9ff0bebfe3d914f2f54c0202900b4b700eccd92c9aefe58ce131260f5d9ceaed34b0ace5fae9827eb4ac0465e54daa7479739cd9c708331f81770845bf2eba5bdcadf61d719411a0c560c557d55e690b40b4c9dd62924224e211e0badfcb2ba321f95828739d8077b1cde8f0abe6370fdf2fbbfdf2f3fc7217f3aab639186ea4e569a3048c3d3bbc2efa3668ce36673668fd212159dff51e7f7021e3e9532bd0b3c711e7e255e3667b28632eb471f8785d0e17ec435df9b7b0cf3e8eed1be70bb510a358a93c39c7907d3136937e648fdefa6f47944b118a01

2026-09-12 19:46:32,426 INFO image_rx_daemon: frag_arrival: seq=41 idx=0 total=13 fw_us=411947737 len=247

2026-09-12 19:46:32,548 INFO image_rx_daemon: frag_arrival: seq=41 idx=1 total=13 fw_us=412064642 len=247

2026-09-12 19:46:32,668 INFO image_rx_daemon: frag_arrival: seq=41 idx=2 total=13 fw_us=412181706 len=247

2026-09-12 19:46:32,793 INFO image_rx_daemon: frag_arrival: seq=41 idx=3 total=13 fw_us=412298687 len=247

2026-09-12 19:46:32,902 INFO image_rx_daemon: frag_arrival: seq=41 idx=4 total=13 fw_us=412415651 len=247

2026-09-12 19:46:33,010 INFO image_rx_daemon: frag_arrival: seq=41 idx=5 total=13 fw_us=412532672 len=247

2026-09-12 19:46:33,128 INFO image_rx_daemon: frag_arrival: seq=41 idx=6 total=13 fw_us=412649552 len=247

2026-09-12 19:46:33,248 INFO image_rx_daemon: frag_arrival: seq=41 idx=7 total=13 fw_us=412766712 len=247

2026-09-12 19:46:33,357 WARNING image_rx_daemon: crc_dump: irq=0x70 rx_len=255 snr=4.2 rssi=-65 dump=6a9198ebfed96f757cfb120e8d98f211e8947c14ca945ac15bd67ebad2d487dbef6572584761b5045e8ca6cb2ca2ff51bb584502e8693714a584cbf1af921184db3e73185955e049e6a82eaa4acc668b753820b75b13bcac785d29615e5339b1a81e1c0ea59118924906bbd73af8ed0c085f44ef7337517029feb364a7cbfb5dadf7f046fd9f2607f343483cad38cfdd28c9b542aeac0e7151400907205ece21f58a519b5e701f6328a55428091ce03c136cc3a8dbb75b910e8f637a18894de813e07e940ee8aa0f1aa7e3f2f89dfa956e006608bf7997459a07ef162e3e91c06aec6d69dff75919d9e86a916cb4e7a1837c29c03875b003e8a838

2026-09-12 19:46:33,485 INFO image_rx_daemon: frag_arrival: seq=41 idx=9 total=13 fw_us=413000563 len=247

2026-09-12 19:46:33,603 INFO image_rx_daemon: frag_arrival: seq=41 idx=10 total=13 fw_us=413117811 len=247

2026-09-12 19:46:33,728 INFO image_rx_daemon: frag_arrival: seq=41 idx=11 total=13 fw_us=413234827 len=247

2026-09-12 19:46:33,729 INFO image_rx_daemon: frag_arrival: seq=41 idx=12 total=13 fw_us=413258285 len=22

RFCO_PERTX during TX wait: profile_id=2 tx_status=0x00(OK) hop_idx=0 channel_idx=0 epoch=0 freq_hz=0 pkt_toa_us=15424 legal_dwell_used_us_10s=0

2026-09-12 19:46:33,755 INFO image_rx_daemon: command TX opcode=0x6c copy=1/1 OK (on air)

2026-09-12 19:46:33,906 INFO image_rx_daemon: frag_arrival: seq=44 idx=0 total=13 fw_us=413421599 len=247

2026-09-12 19:46:34,014 INFO image_rx_daemon: frag_arrival: seq=44 idx=1 total=13 fw_us=413538567 len=247

2026-09-12 19:46:34,139 INFO image_rx_daemon: frag_arrival: seq=44 idx=2 total=13 fw_us=413655635 len=247

2026-09-12 19:46:34,257 INFO image_rx_daemon: frag_arrival: seq=44 idx=3 total=13 fw_us=413772687 len=247

2026-09-12 19:46:34,376 INFO image_rx_daemon: frag_arrival: seq=44 idx=4 total=13 fw_us=413889612 len=247

2026-09-12 19:46:34,496 INFO image_rx_daemon: frag_arrival: seq=44 idx=5 total=13 fw_us=414006765 len=247

2026-09-12 19:46:34,605 INFO image_rx_daemon: frag_arrival: seq=44 idx=6 total=13 fw_us=414123822 len=247

2026-09-12 19:46:34,724 INFO image_rx_daemon: frag_arrival: seq=44 idx=7 total=13 fw_us=414240869 len=247

2026-09-12 19:46:34,844 INFO image_rx_daemon: frag_arrival: seq=44 idx=8 total=13 fw_us=414357782 len=247

2026-09-12 19:46:34,964 INFO image_rx_daemon: frag_arrival: seq=44 idx=9 total=13 fw_us=414474993 len=247

2026-09-12 19:46:35,072 INFO image_rx_daemon: frag_arrival: seq=44 idx=10 total=13 fw_us=414592013 len=247

2026-09-12 19:46:35,196 INFO image_rx_daemon: frag_arrival: seq=44 idx=11 total=13 fw_us=414709008 len=247

2026-09-12 19:46:35,209 INFO image_rx_daemon: frag_arrival: seq=44 idx=12 total=13 fw_us=414739028 len=41

2026-09-12 19:46:35,213 INFO image_rx_daemon: published frame_id=0 seq=44 2953 B → lifetrac/v25/video/tile_delta

2026-09-12 19:46:35,405 INFO image_rx_daemon: frag_arrival: seq=47 idx=0 total=13 fw_us=414918524 len=247

2026-09-12 19:46:35,512 INFO image_rx_daemon: frag_arrival: seq=47 idx=1 total=13 fw_us=415035573 len=247

2026-09-12 19:46:35,629 INFO image_rx_daemon: frag_arrival: seq=47 idx=2 total=13 fw_us=415152627 len=247

2026-09-12 19:46:35,757 INFO image_rx_daemon: frag_arrival: seq=47 idx=3 total=13 fw_us=415269631 len=247

2026-09-12 19:46:35,876 INFO image_rx_daemon: frag_arrival: seq=47 idx=4 total=13 fw_us=415386643 len=247

2026-09-12 19:46:35,984 INFO image_rx_daemon: frag_arrival: seq=47 idx=5 total=13 fw_us=415503735 len=247

2026-09-12 19:46:36,107 INFO image_rx_daemon: frag_arrival: seq=47 idx=6 total=13 fw_us=415620730 len=247

2026-09-12 19:46:36,232 INFO image_rx_daemon: frag_arrival: seq=47 idx=7 total=13 fw_us=415737791 len=247

2026-09-12 19:46:36,254 INFO image_rx_daemon: stats: rx_frames=2310 rx_decode_err=0 frames_published=121 publish_err=0 reassembler_decode_err=0 reassembler_timeouts=65 parity_recon=0 idle_drain_deferred=33

2026-09-12 19:46:36,256 INFO image_rx_daemon: air_gap: n=80 dt_med=117052us dt_p95=234236us len_med=247B cmd_tx_ok=81 cmd_tx_fail=0

2026-09-12 19:46:36,260 INFO image_rx_daemon: air_gap_hist(ms): <40:2 <80:2 <120:66 <200:4 <400:6

2026-09-12 19:46:36,262 INFO image_rx_daemon: rx_rf: n_rssi=80 n_snr=80 rssi[min/med/max]=-70/-69/-68 snr[min/med/max]=5.0/6.0/6.0

2026-09-12 19:46:36,263 INFO image_rx_daemon: phase_telemetry: valid=80 invalid=0 pre_f8=0 last_epoch=0 last_hop=0 slot_off=[0..0]

2026-09-12 19:46:36,266 INFO image_rx_daemon: air_gap_by_class: seq: n=68 med=117.0ms | boundary: n=7 med=193.7ms | post_loss: n=3 med=234.0ms

2026-09-12 19:46:36,268 INFO image_rx_daemon: lost_frag_idx: n=4 idx0=0 (0.00% of idx0 arrivals) other=4 (5.19%) verdict=not-clustered | top 5:1 3:1 11:1 8:1

2026-09-12 19:46:36,269 INFO image_rx_daemon: frag_reordered: 2 late out-of-order arrivals had a provisional loss retracted (in-order assumption violated — see RS-11.4)

2026-09-12 19:46:36,336 INFO image_rx_daemon: frag_arrival: seq=47 idx=8 total=13 fw_us=415854816 len=247

2026-09-12 19:46:36,453 INFO image_rx_daemon: frag_arrival: seq=47 idx=9 total=13 fw_us=415971855 len=247

2026-09-12 19:46:36,571 INFO image_rx_daemon: frag_arrival: seq=47 idx=10 total=13 fw_us=416088861 len=247

2026-09-12 19:46:36,695 INFO image_rx_daemon: frag_arrival: seq=47 idx=11 total=13 fw_us=416205887 len=247

2026-09-12 19:46:36,697 INFO image_rx_daemon: frag_arrival: seq=47 idx=12 total=13 fw_us=416234577 len=37

2026-09-12 19:46:36,698 INFO image_rx_daemon: published frame_id=0 seq=47 2949 B → lifetrac/v25/video/tile_delta

2026-09-12 19:46:36,901 INFO image_rx_daemon: frag_arrival: seq=50 idx=0 total=13 fw_us=416411982 len=247

2026-09-12 19:46:37,007 INFO image_rx_daemon: frag_arrival: seq=50 idx=1 total=13 fw_us=416528983 len=247

2026-09-12 19:46:37,130 INFO image_rx_daemon: frag_arrival: seq=50 idx=2 total=13 fw_us=416646097 len=247

2026-09-12 19:46:37,252 INFO image_rx_daemon: frag_arrival: seq=50 idx=3 total=13 fw_us=416763075 len=247

2026-09-12 19:46:37,364 INFO image_rx_daemon: frag_arrival: seq=50 idx=4 total=13 fw_us=416879987 len=247

2026-09-12 19:46:37,481 INFO image_rx_daemon: frag_arrival: seq=50 idx=5 total=13 fw_us=416997091 len=247

2026-09-12 19:46:37,598 INFO image_rx_daemon: frag_arrival: seq=50 idx=6 total=13 fw_us=417114233 len=247

2026-09-12 19:46:37,717 INFO image_rx_daemon: frag_arrival: seq=50 idx=7 total=13 fw_us=417231295 len=247

2026-09-12 19:46:37,826 INFO image_rx_daemon: frag_arrival: seq=50 idx=8 total=13 fw_us=417348262 len=247

2026-09-12 19:46:37,954 INFO image_rx_daemon: frag_arrival: seq=50 idx=9 total=13 fw_us=417465265 len=247

2026-09-12 19:46:38,066 INFO image_rx_daemon: frag_arrival: seq=50 idx=10 total=13 fw_us=417582358 len=247

2026-09-12 19:46:38,185 INFO image_rx_daemon: frag_arrival: seq=50 idx=11 total=13 fw_us=417699331 len=247

2026-09-12 19:46:38,198 INFO image_rx_daemon: frag_arrival: seq=50 idx=12 total=13 fw_us=417729355 len=41

2026-09-12 19:46:38,201 INFO image_rx_daemon: published frame_id=0 seq=50 2953 B → lifetrac/v25/video/tile_delta

RFCO_PERTX during TX wait: profile_id=2 tx_status=0x00(OK) hop_idx=0 channel_idx=0 epoch=0 freq_hz=0 pkt_toa_us=15424 legal_dwell_used_us_10s=0

2026-09-12 19:46:38,227 INFO image_rx_daemon: command TX opcode=0x6c copy=1/1 OK (on air)

2026-09-12 19:46:38,363 INFO image_rx_daemon: frag_arrival: seq=53 idx=0 total=13 fw_us=417888701 len=247

2026-09-12 19:46:38,496 INFO image_rx_daemon: frag_arrival: seq=53 idx=1 total=13 fw_us=418005564 len=247

2026-09-12 19:46:38,604 INFO image_rx_daemon: frag_arrival: seq=53 idx=2 total=13 fw_us=418122663 len=247

2026-09-12 19:46:38,724 INFO image_rx_daemon: frag_arrival: seq=53 idx=3 total=13 fw_us=418239767 len=247

2026-09-12 19:46:38,843 INFO image_rx_daemon: frag_arrival: seq=53 idx=4 total=13 fw_us=418356779 len=247

2026-09-12 19:46:38,967 INFO image_rx_daemon: frag_arrival: seq=53 idx=5 total=13 fw_us=418473862 len=247

2026-09-12 19:46:39,074 INFO image_rx_daemon: frag_arrival: seq=53 idx=6 total=13 fw_us=418590933 len=247

2026-09-12 19:46:39,183 INFO image_rx_daemon: frag_arrival: seq=53 idx=7 total=13 fw_us=418707962 len=247

2026-09-12 19:46:39,316 INFO image_rx_daemon: frag_arrival: seq=53 idx=8 total=13 fw_us=418824968 len=247

2026-09-12 19:46:39,424 INFO image_rx_daemon: frag_arrival: seq=53 idx=9 total=13 fw_us=418942106 len=247

2026-09-12 19:46:39,554 INFO image_rx_daemon: frag_arrival: seq=53 idx=10 total=13 fw_us=419059173 len=247

2026-09-12 19:46:39,664 INFO image_rx_daemon: frag_arrival: seq=53 idx=11 total=13 fw_us=419177135 len=247

2026-09-12 19:46:39,687 INFO image_rx_daemon: frag_arrival: seq=53 idx=12 total=13 fw_us=419221532 len=79

2026-09-12 19:46:39,689 INFO image_rx_daemon: published frame_id=0 seq=53 2991 B → lifetrac/v25/video/tile_delta

2026-09-12 19:46:39,964 INFO image_rx_daemon: frag_arrival: seq=59 idx=0 total=13 fw_us=419480142 len=247

2026-09-12 19:46:40,084 INFO image_rx_daemon: frag_arrival: seq=59 idx=1 total=13 fw_us=419597108 len=247

2026-09-12 19:46:40,193 INFO image_rx_daemon: frag_arrival: seq=59 idx=2 total=13 fw_us=419714189 len=247

2026-09-12 19:46:40,316 INFO image_rx_daemon: frag_arrival: seq=59 idx=3 total=13 fw_us=419831229 len=247

2026-09-12 19:46:40,433 INFO image_rx_daemon: frag_arrival: seq=59 idx=4 total=13 fw_us=419948089 len=247

2026-09-12 19:46:40,552 INFO image_rx_daemon: frag_arrival: seq=59 idx=5 total=13 fw_us=420065205 len=247

2026-09-12 19:46:40,670 INFO image_rx_daemon: frag_arrival: seq=59 idx=6 total=13 fw_us=420182294 len=247

2026-09-12 19:46:40,776 INFO image_rx_daemon: frag_arrival: seq=59 idx=7 total=13 fw_us=420299382 len=247

2026-09-12 19:46:40,894 INFO image_rx_daemon: frag_arrival: seq=59 idx=8 total=13 fw_us=420416594 len=247

2026-09-12 19:46:41,018 INFO image_rx_daemon: frag_arrival: seq=59 idx=9 total=13 fw_us=420533579 len=247

2026-09-12 19:46:41,140 INFO image_rx_daemon: frag_arrival: seq=59 idx=10 total=13 fw_us=420650944 len=247

2026-09-12 19:46:41,252 INFO image_rx_daemon: frag_arrival: seq=59 idx=11 total=13 fw_us=420767964 len=247

2026-09-12 19:46:41,282 INFO image_rx_daemon: frag_arrival: seq=59 idx=12 total=13 fw_us=420812405 len=81

2026-09-12 19:46:41,286 INFO image_rx_daemon: published frame_id=0 seq=59 2993 B → lifetrac/v25/video/tile_delta

RFCO_PERTX during TX wait: profile_id=2 tx_status=0x00(OK) hop_idx=0 channel_idx=0 epoch=0 freq_hz=0 pkt_toa_us=15424 legal_dwell_used_us_10s=0

2026-09-12 19:46:41,315 INFO image_rx_daemon: command TX opcode=0x6c copy=1/1 OK (on air)

2026-09-12 19:46:41,547 INFO image_rx_daemon: frag_arrival: seq=60 idx=0 total=12 fw_us=421071763 len=247

2026-09-12 19:46:41,663 INFO image_rx_daemon: frag_arrival: seq=60 idx=1 total=12 fw_us=421188825 len=247

2026-09-12 19:46:41,778 INFO image_rx_daemon: frag_arrival: seq=60 idx=2 total=12 fw_us=421305850 len=247

2026-09-12 19:46:41,894 INFO image_rx_daemon: frag_arrival: seq=60 idx=3 total=12 fw_us=421422816 len=247

