2026-07-29 14:50:49,231 INFO image_rx_daemon: opening L072 HostLink on /dev/ttymxc3 @ 921600

2026-07-29 14:50:49,234 INFO image_rx_daemon: image_rx_daemon started; mqtt=127.0.0.1:1883 uart=/dev/ttymxc3

2026-07-29 14:50:49,235 INFO image_rx_daemon: ctrl MQTT connected (192.168.1.79)

2026-07-29 14:50:49,241 INFO image_rx_daemon: MQTT connected; ready to publish lifetrac/v25/video/tile_delta

2026-07-29 14:50:49,247 INFO image_rx_daemon: LIFETRAC_SKIP_RESET_REQ=1 — relying on external NRST; draining boot chatter only

2026-07-29 14:50:49,260 INFO image_rx_daemon: accepting first retained lifetrac/v25/control/radio_profile pin after start (restart convergence)

2026-07-29 14:50:49,681 INFO image_rx_daemon: L072 VER warm-up ok (attempt 1)

Initializing regulatory profile 2 on co-processor...

  FHSS mask: single channel 0 (0100000000000000)

CFG_SET_REQ(FHSS_CHANNEL_MASK) OK: 07000800

CFG_SET_REQ(ANTENNA_GAIN_DBI) OK: 15000100

CFG_SET_REQ(HW_CEILING_DBM) OK: 16000100

CFG_SET_REQ(REG_PROFILE=2) OK: 14000100

  forcing FRF -> 915.000 MHz (raw=0xE4C000 -> Msb=0xE4 Mid=0xC0 Lsb=0x00)

  FRF readback: 0xE4C000 = 915.000 MHz (OK)

2026-07-29 14:50:50,108 INFO image_rx_daemon: LBT_ENABLE=0 (command uplink shares the image channel)

PHY contract OK: image_bw500 == {'sf': 7, 'bw_khz': 500, 'cr_den': 5, 'preamble': 8}

2026-07-29 14:50:50,191 INFO image_rx_daemon: SX1276 RXCONT autowake: opmode 0x81 -> 0x85

2026-07-29 14:50:50,192 INFO image_rx_daemon: RX worker ready; draining RX_FRAME_URC...

2026-07-29 14:50:50,233 INFO image_rx_daemon: stats: rx_frames=0 rx_decode_err=0 frames_published=0 publish_err=0 reassembler_decode_err=0 reassembler_timeouts=0 parity_recon=0

RFCO_PERTX during TX wait: profile_id=2 tx_status=0x00(OK) hop_idx=0 channel_idx=0 epoch=0 freq_hz=0 pkt_toa_us=10304 legal_dwell_used_us_10s=0

2026-07-29 14:50:50,471 INFO image_rx_daemon: command TX opcode=0x63 copy=1/1 OK (on air)

RFCO_PERTX during TX wait: profile_id=2 tx_status=0x00(OK) hop_idx=0 channel_idx=0 epoch=0 freq_hz=0 pkt_toa_us=10304 legal_dwell_used_us_10s=0

2026-07-29 14:50:51,021 INFO image_rx_daemon: command TX opcode=0x63 copy=1/1 OK (on air)

RFCO_PERTX during TX wait: profile_id=2 tx_status=0x00(OK) hop_idx=0 channel_idx=0 epoch=0 freq_hz=0 pkt_toa_us=10304 legal_dwell_used_us_10s=0

2026-07-29 14:50:51,565 INFO image_rx_daemon: command TX opcode=0x63 copy=1/1 OK (on air)

RFCO_PERTX during TX wait: profile_id=2 tx_status=0x00(OK) hop_idx=0 channel_idx=0 epoch=0 freq_hz=0 pkt_toa_us=10304 legal_dwell_used_us_10s=0

2026-07-29 14:50:52,119 INFO image_rx_daemon: command TX opcode=0x63 copy=1/1 OK (on air)

RFCO_PERTX during TX wait: profile_id=2 tx_status=0x00(OK) hop_idx=0 channel_idx=0 epoch=0 freq_hz=0 pkt_toa_us=10304 legal_dwell_used_us_10s=0

2026-07-29 14:50:52,666 INFO image_rx_daemon: command TX opcode=0x63 copy=1/1 OK (on air)

RFCO_PERTX during TX wait: profile_id=2 tx_status=0x00(OK) hop_idx=0 channel_idx=0 epoch=0 freq_hz=0 pkt_toa_us=10304 legal_dwell_used_us_10s=0

2026-07-29 14:50:53,209 INFO image_rx_daemon: command TX opcode=0x63 copy=1/1 OK (on air)

RFCO_PERTX during TX wait: profile_id=2 tx_status=0x00(OK) hop_idx=0 channel_idx=0 epoch=0 freq_hz=0 pkt_toa_us=10304 legal_dwell_used_us_10s=0

2026-07-29 14:50:53,752 INFO image_rx_daemon: command TX opcode=0x63 copy=1/1 OK (on air)

RFCO_PERTX during TX wait: profile_id=2 tx_status=0x00(OK) hop_idx=0 channel_idx=0 epoch=0 freq_hz=0 pkt_toa_us=10304 legal_dwell_used_us_10s=0

2026-07-29 14:50:54,299 INFO image_rx_daemon: command TX opcode=0x63 copy=1/1 OK (on air)

RFCO_PERTX during TX wait: profile_id=2 tx_status=0x00(OK) hop_idx=0 channel_idx=0 epoch=0 freq_hz=0 pkt_toa_us=10304 legal_dwell_used_us_10s=0

2026-07-29 14:50:54,845 INFO image_rx_daemon: command TX opcode=0x63 copy=1/1 OK (on air)

RFCO_PERTX during TX wait: profile_id=2 tx_status=0x00(OK) hop_idx=0 channel_idx=0 epoch=0 freq_hz=0 pkt_toa_us=10304 legal_dwell_used_us_10s=0

2026-07-29 14:50:55,390 INFO image_rx_daemon: command TX opcode=0x63 copy=1/1 OK (on air)

RFCO_PERTX during TX wait: profile_id=2 tx_status=0x00(OK) hop_idx=0 channel_idx=0 epoch=0 freq_hz=0 pkt_toa_us=10304 legal_dwell_used_us_10s=0

2026-07-29 14:50:55,965 INFO image_rx_daemon: command TX opcode=0x63 copy=1/1 OK (on air)

RFCO_PERTX during TX wait: profile_id=2 tx_status=0x00(OK) hop_idx=0 channel_idx=0 epoch=0 freq_hz=0 pkt_toa_us=10304 legal_dwell_used_us_10s=0

2026-07-29 14:50:56,509 INFO image_rx_daemon: command TX opcode=0x63 copy=1/1 OK (on air)

RFCO_PERTX during TX wait: profile_id=2 tx_status=0x00(OK) hop_idx=0 channel_idx=0 epoch=0 freq_hz=0 pkt_toa_us=10304 legal_dwell_used_us_10s=0

2026-07-29 14:50:57,053 INFO image_rx_daemon: command TX opcode=0x63 copy=1/1 OK (on air)

RFCO_PERTX during TX wait: profile_id=2 tx_status=0x00(OK) hop_idx=0 channel_idx=0 epoch=0 freq_hz=0 pkt_toa_us=10304 legal_dwell_used_us_10s=0

2026-07-29 14:50:57,600 INFO image_rx_daemon: command TX opcode=0x63 copy=1/1 OK (on air)

RFCO_PERTX during TX wait: profile_id=2 tx_status=0x00(OK) hop_idx=0 channel_idx=0 epoch=0 freq_hz=0 pkt_toa_us=10304 legal_dwell_used_us_10s=0

2026-07-29 14:50:58,146 INFO image_rx_daemon: command TX opcode=0x63 copy=1/1 OK (on air)

RFCO_PERTX during TX wait: profile_id=2 tx_status=0x00(OK) hop_idx=0 channel_idx=0 epoch=0 freq_hz=0 pkt_toa_us=10304 legal_dwell_used_us_10s=0

2026-07-29 14:50:58,692 INFO image_rx_daemon: command TX opcode=0x63 copy=1/1 OK (on air)

RFCO_PERTX during TX wait: profile_id=2 tx_status=0x00(OK) hop_idx=0 channel_idx=0 epoch=0 freq_hz=0 pkt_toa_us=10304 legal_dwell_used_us_10s=0

2026-07-29 14:50:59,243 INFO image_rx_daemon: command TX opcode=0x63 copy=1/1 OK (on air)

2026-07-29 14:50:59,509 WARNING image_rx_daemon: cmd 0x63 GAVE UP after 17 attempts (10.2 s)

2026-07-29 14:51:00,237 INFO image_rx_daemon: stats: rx_frames=0 rx_decode_err=0 frames_published=0 publish_err=0 reassembler_decode_err=0 reassembler_timeouts=0 parity_recon=0

2026-07-29 14:51:10,242 INFO image_rx_daemon: stats: rx_frames=33 rx_decode_err=0 frames_published=0 publish_err=0 reassembler_decode_err=0 reassembler_timeouts=1 parity_recon=0

2026-07-29 14:51:10,244 INFO image_rx_daemon: air_gap: n=32 dt_med=104881us dt_p95=277339us len_med=247B cmd_tx_ok=17 cmd_tx_fail=0

2026-07-29 14:51:10,247 INFO image_rx_daemon: air_gap_hist(ms): <40:2 <120:23 <200:2 <400:5

2026-07-29 14:51:10,430 INFO image_rx_daemon: published frame_id=0 2983 B → lifetrac/v25/video/tile_delta

2026-07-29 14:51:10,431 INFO image_rx_daemon: PROBE TX seq=1 phase_ms=0 size_b=16 (tx#1)

RFCO_PERTX during TX wait: profile_id=2 tx_status=0x00(OK) hop_idx=0 channel_idx=0 epoch=0 freq_hz=0 pkt_toa_us=12864 legal_dwell_used_us_10s=0

2026-07-29 14:51:10,458 INFO image_rx_daemon: command TX opcode=0x69 copy=1/1 OK (on air)

2026-07-29 14:51:11,955 INFO image_rx_daemon: published frame_id=0 2905 B → lifetrac/v25/video/tile_delta

2026-07-29 14:51:11,956 INFO image_rx_daemon: PROBE TX seq=2 phase_ms=0 size_b=16 (tx#2)

RFCO_PERTX during TX wait: profile_id=2 tx_status=0x00(OK) hop_idx=0 channel_idx=0 epoch=0 freq_hz=0 pkt_toa_us=12864 legal_dwell_used_us_10s=0

2026-07-29 14:51:11,986 INFO image_rx_daemon: command TX opcode=0x69 copy=1/1 OK (on air)

2026-07-29 14:51:17,975 INFO image_rx_daemon: published frame_id=0 2985 B → lifetrac/v25/video/tile_delta

2026-07-29 14:51:17,976 INFO image_rx_daemon: PROBE TX seq=3 phase_ms=0 size_b=16 (tx#3)

RFCO_PERTX during TX wait: profile_id=2 tx_status=0x00(OK) hop_idx=0 channel_idx=0 epoch=0 freq_hz=0 pkt_toa_us=12864 legal_dwell_used_us_10s=0

2026-07-29 14:51:18,000 INFO image_rx_daemon: command TX opcode=0x69 copy=1/1 OK (on air)

2026-07-29 14:51:19,519 INFO image_rx_daemon: published frame_id=0 2979 B → lifetrac/v25/video/tile_delta

2026-07-29 14:51:19,520 INFO image_rx_daemon: PROBE TX seq=4 phase_ms=0 size_b=16 (tx#4)

RFCO_PERTX during TX wait: profile_id=2 tx_status=0x00(OK) hop_idx=0 channel_idx=0 epoch=0 freq_hz=0 pkt_toa_us=12864 legal_dwell_used_us_10s=0

2026-07-29 14:51:19,546 INFO image_rx_daemon: command TX opcode=0x69 copy=1/1 OK (on air)

2026-07-29 14:51:19,571 INFO image_rx_daemon: PROBE ECHO seq=3 rtt=1595 ms (echo#1, delivered 1/4)

2026-07-29 14:51:20,257 INFO image_rx_daemon: stats: rx_frames=113 rx_decode_err=0 frames_published=4 publish_err=0 reassembler_decode_err=0 reassembler_timeouts=5 parity_recon=0

2026-07-29 14:51:20,259 INFO image_rx_daemon: air_gap: n=80 dt_med=104867us dt_p95=278171us len_med=247B cmd_tx_ok=21 cmd_tx_fail=0

2026-07-29 14:51:20,262 INFO image_rx_daemon: air_gap_hist(ms): <40:3 <120:58 <200:10 <400:9

2026-07-29 14:51:20,263 INFO image_rx_daemon: probe: tx=4 echo=1 (25.0% delivered) rtt_med=1595ms rtt_p95=1595ms

2026-07-29 14:51:20,264 INFO image_rx_daemon: probe_grid: p0/s0:1/4(25%)

2026-07-29 14:51:21,072 INFO image_rx_daemon: published frame_id=0 2991 B → lifetrac/v25/video/tile_delta

2026-07-29 14:51:21,073 INFO image_rx_daemon: PROBE TX seq=5 phase_ms=0 size_b=16 (tx#5)

RFCO_PERTX during TX wait: profile_id=2 tx_status=0x00(OK) hop_idx=0 channel_idx=0 epoch=0 freq_hz=0 pkt_toa_us=12864 legal_dwell_used_us_10s=0

2026-07-29 14:51:21,100 INFO image_rx_daemon: command TX opcode=0x69 copy=1/1 OK (on air)

2026-07-29 14:51:22,613 INFO image_rx_daemon: published frame_id=0 2974 B → lifetrac/v25/video/tile_delta

2026-07-29 14:51:22,614 INFO image_rx_daemon: PROBE TX seq=6 phase_ms=0 size_b=16 (tx#6)

RFCO_PERTX during TX wait: profile_id=2 tx_status=0x00(OK) hop_idx=0 channel_idx=0 epoch=0 freq_hz=0 pkt_toa_us=12864 legal_dwell_used_us_10s=0

2026-07-29 14:51:22,640 INFO image_rx_daemon: command TX opcode=0x69 copy=1/1 OK (on air)

2026-07-29 14:51:22,654 INFO image_rx_daemon: PROBE ECHO seq=5 rtt=1580 ms (echo#2, delivered 2/6)

2026-07-29 14:51:27,132 INFO image_rx_daemon: published frame_id=0 2915 B → lifetrac/v25/video/tile_delta

2026-07-29 14:51:27,133 INFO image_rx_daemon: PROBE TX seq=7 phase_ms=0 size_b=16 (tx#7)

RFCO_PERTX during TX wait: profile_id=2 tx_status=0x00(OK) hop_idx=0 channel_idx=0 epoch=0 freq_hz=0 pkt_toa_us=12864 legal_dwell_used_us_10s=0

2026-07-29 14:51:27,159 INFO image_rx_daemon: command TX opcode=0x69 copy=1/1 OK (on air)

2026-07-29 14:51:30,051 INFO image_rx_daemon: published frame_id=0 2986 B → lifetrac/v25/video/tile_delta

2026-07-29 14:51:30,052 INFO image_rx_daemon: PROBE TX seq=8 phase_ms=0 size_b=16 (tx#8)

RFCO_PERTX during TX wait: profile_id=2 tx_status=0x00(OK) hop_idx=0 channel_idx=0 epoch=0 freq_hz=0 pkt_toa_us=12864 legal_dwell_used_us_10s=0

2026-07-29 14:51:30,079 INFO image_rx_daemon: command TX opcode=0x69 copy=1/1 OK (on air)

2026-07-29 14:51:30,267 INFO image_rx_daemon: stats: rx_frames=192 rx_decode_err=0 frames_published=8 publish_err=0 reassembler_decode_err=0 reassembler_timeouts=7 parity_recon=0

2026-07-29 14:51:30,268 INFO image_rx_daemon: air_gap: n=79 dt_med=104830us dt_p95=275648us len_med=247B cmd_tx_ok=25 cmd_tx_fail=0

2026-07-29 14:51:30,271 INFO image_rx_daemon: air_gap_hist(ms): <40:2 <80:1 <120:62 <200:4 <400:10

2026-07-29 14:51:30,271 INFO image_rx_daemon: probe: tx=8 echo=2 (25.0% delivered) rtt_med=1580ms rtt_p95=1580ms

2026-07-29 14:51:30,272 INFO image_rx_daemon: probe_grid: p0/s0:2/8(25%)

2026-07-29 14:51:31,746 INFO image_rx_daemon: published frame_id=0 2915 B → lifetrac/v25/video/tile_delta

2026-07-29 14:51:31,746 INFO image_rx_daemon: PROBE TX seq=9 phase_ms=0 size_b=16 (tx#9)

RFCO_PERTX during TX wait: profile_id=2 tx_status=0x00(OK) hop_idx=0 channel_idx=0 epoch=0 freq_hz=0 pkt_toa_us=12864 legal_dwell_used_us_10s=0

2026-07-29 14:51:31,769 INFO image_rx_daemon: command TX opcode=0x69 copy=1/1 OK (on air)

2026-07-29 14:51:31,791 INFO image_rx_daemon: PROBE ECHO seq=8 rtt=1739 ms (echo#3, delivered 3/9)

2026-07-29 14:51:33,172 INFO image_rx_daemon: published frame_id=0 2892 B → lifetrac/v25/video/tile_delta

2026-07-29 14:51:33,172 INFO image_rx_daemon: PROBE TX seq=10 phase_ms=0 size_b=16 (tx#10)

RFCO_PERTX during TX wait: profile_id=2 tx_status=0x00(OK) hop_idx=0 channel_idx=0 epoch=0 freq_hz=0 pkt_toa_us=12864 legal_dwell_used_us_10s=0

2026-07-29 14:51:33,198 INFO image_rx_daemon: command TX opcode=0x69 copy=1/1 OK (on air)

2026-07-29 14:51:34,644 INFO image_rx_daemon: published frame_id=0 2953 B → lifetrac/v25/video/tile_delta

2026-07-29 14:51:34,645 INFO image_rx_daemon: PROBE TX seq=11 phase_ms=0 size_b=16 (tx#11)

RFCO_PERTX during TX wait: profile_id=2 tx_status=0x00(OK) hop_idx=0 channel_idx=0 epoch=0 freq_hz=0 pkt_toa_us=12864 legal_dwell_used_us_10s=0

2026-07-29 14:51:34,677 INFO image_rx_daemon: command TX opcode=0x69 copy=1/1 OK (on air)

2026-07-29 14:51:34,692 INFO image_rx_daemon: PROBE ECHO seq=10 rtt=1519 ms (echo#4, delivered 4/11)

2026-07-29 14:51:39,066 INFO image_rx_daemon: published frame_id=0 2923 B → lifetrac/v25/video/tile_delta

2026-07-29 14:51:39,067 INFO image_rx_daemon: PROBE TX seq=12 phase_ms=0 size_b=16 (tx#12)

RFCO_PERTX during TX wait: profile_id=2 tx_status=0x00(OK) hop_idx=0 channel_idx=0 epoch=0 freq_hz=0 pkt_toa_us=12864 legal_dwell_used_us_10s=0

2026-07-29 14:51:39,093 INFO image_rx_daemon: command TX opcode=0x69 copy=1/1 OK (on air)

2026-07-29 14:51:40,275 INFO image_rx_daemon: stats: rx_frames=275 rx_decode_err=0 frames_published=12 publish_err=0 reassembler_decode_err=0 reassembler_timeouts=10 parity_recon=0

2026-07-29 14:51:40,278 INFO image_rx_daemon: air_gap: n=83 dt_med=104838us dt_p95=220902us len_med=247B cmd_tx_ok=29 cmd_tx_fail=0

2026-07-29 14:51:40,282 INFO image_rx_daemon: air_gap_hist(ms): <20:1 <40:2 <120:64 <200:10 <400:6

2026-07-29 14:51:40,283 INFO image_rx_daemon: probe: tx=12 echo=4 (33.3% delivered) rtt_med=1739ms rtt_p95=1739ms

2026-07-29 14:51:40,290 INFO image_rx_daemon: probe_grid: p0/s0:4/12(33%)

2026-07-29 14:51:40,550 INFO image_rx_daemon: published frame_id=0 2992 B → lifetrac/v25/video/tile_delta

2026-07-29 14:51:40,551 INFO image_rx_daemon: PROBE TX seq=13 phase_ms=0 size_b=16 (tx#13)

RFCO_PERTX during TX wait: profile_id=2 tx_status=0x00(OK) hop_idx=0 channel_idx=0 epoch=0 freq_hz=0 pkt_toa_us=12864 legal_dwell_used_us_10s=0

2026-07-29 14:51:40,577 INFO image_rx_daemon: command TX opcode=0x69 copy=1/1 OK (on air)

2026-07-29 14:51:42,028 INFO image_rx_daemon: PROBE ECHO seq=13 rtt=1477 ms (echo#5, delivered 5/13)

2026-07-29 14:51:43,503 INFO image_rx_daemon: published frame_id=0 2983 B → lifetrac/v25/video/tile_delta

2026-07-29 14:51:43,504 INFO image_rx_daemon: PROBE TX seq=14 phase_ms=0 size_b=16 (tx#14)

RFCO_PERTX during TX wait: profile_id=2 tx_status=0x00(OK) hop_idx=0 channel_idx=0 epoch=0 freq_hz=0 pkt_toa_us=12864 legal_dwell_used_us_10s=0

2026-07-29 14:51:43,531 INFO image_rx_daemon: command TX opcode=0x69 copy=1/1 OK (on air)

2026-07-29 14:51:45,026 INFO image_rx_daemon: PROBE ECHO seq=14 rtt=1521 ms (echo#6, delivered 6/14)

2026-07-29 14:51:45,052 INFO image_rx_daemon: PROBE ECHO seq=14 (unmatched; echo#6)

2026-07-29 14:51:47,979 INFO image_rx_daemon: published frame_id=0 2953 B → lifetrac/v25/video/tile_delta

2026-07-29 14:51:47,980 INFO image_rx_daemon: PROBE TX seq=15 phase_ms=0 size_b=16 (tx#15)

RFCO_PERTX during TX wait: profile_id=2 tx_status=0x00(OK) hop_idx=0 channel_idx=0 epoch=0 freq_hz=0 pkt_toa_us=12864 legal_dwell_used_us_10s=0

2026-07-29 14:51:48,007 INFO image_rx_daemon: command TX opcode=0x69 copy=1/1 OK (on air)

2026-07-29 14:51:49,419 INFO image_rx_daemon: published frame_id=0 2949 B → lifetrac/v25/video/tile_delta

2026-07-29 14:51:49,420 INFO image_rx_daemon: PROBE TX seq=16 phase_ms=0 size_b=16 (tx#16)

RFCO_PERTX during TX wait: profile_id=2 tx_status=0x00(OK) hop_idx=0 channel_idx=0 epoch=0 freq_hz=0 pkt_toa_us=12864 legal_dwell_used_us_10s=0

2026-07-29 14:51:49,450 INFO image_rx_daemon: command TX opcode=0x69 copy=1/1 OK (on air)

2026-07-29 14:51:49,462 INFO image_rx_daemon: PROBE ECHO seq=15 rtt=1483 ms (echo#7, delivered 7/16)

2026-07-29 14:51:49,474 INFO image_rx_daemon: PROBE ECHO seq=15 (unmatched; echo#7)

2026-07-29 14:51:50,294 INFO image_rx_daemon: stats: rx_frames=359 rx_decode_err=0 frames_published=16 publish_err=0 reassembler_decode_err=0 reassembler_timeouts=13 parity_recon=0

2026-07-29 14:51:50,296 INFO image_rx_daemon: air_gap: n=84 dt_med=104865us dt_p95=214344us len_med=247B cmd_tx_ok=33 cmd_tx_fail=0

2026-07-29 14:51:50,299 INFO image_rx_daemon: air_gap_hist(ms): <40:4 <80:1 <120:62 <200:10 <400:7

2026-07-29 14:51:50,299 INFO image_rx_daemon: probe: tx=16 echo=7 (43.8% delivered) rtt_med=1483ms rtt_p95=1521ms

2026-07-29 14:51:50,300 INFO image_rx_daemon: probe_grid: p0/s0:7/16(44%)

2026-07-29 14:51:50,883 INFO image_rx_daemon: published frame_id=0 2953 B → lifetrac/v25/video/tile_delta

2026-07-29 14:51:50,884 INFO image_rx_daemon: PROBE TX seq=17 phase_ms=0 size_b=16 (tx#17)

RFCO_PERTX during TX wait: profile_id=2 tx_status=0x00(OK) hop_idx=0 channel_idx=0 epoch=0 freq_hz=0 pkt_toa_us=12864 legal_dwell_used_us_10s=0

2026-07-29 14:51:50,914 INFO image_rx_daemon: command TX opcode=0x69 copy=1/1 OK (on air)

2026-07-29 14:51:52,342 INFO image_rx_daemon: published frame_id=0 2991 B → lifetrac/v25/video/tile_delta

2026-07-29 14:51:52,343 INFO image_rx_daemon: PROBE TX seq=18 phase_ms=0 size_b=16 (tx#18)

RFCO_PERTX during TX wait: profile_id=2 tx_status=0x00(OK) hop_idx=0 channel_idx=0 epoch=0 freq_hz=0 pkt_toa_us=12864 legal_dwell_used_us_10s=0

2026-07-29 14:51:52,369 INFO image_rx_daemon: command TX opcode=0x69 copy=1/1 OK (on air)

2026-07-29 14:51:52,382 INFO image_rx_daemon: PROBE ECHO seq=17 rtt=1499 ms (echo#8, delivered 8/18)

2026-07-29 14:51:53,894 INFO image_rx_daemon: published frame_id=0 2993 B → lifetrac/v25/video/tile_delta

2026-07-29 14:51:53,895 INFO image_rx_daemon: PROBE TX seq=19 phase_ms=0 size_b=16 (tx#19)

RFCO_PERTX during TX wait: profile_id=2 tx_status=0x00(OK) hop_idx=0 channel_idx=0 epoch=0 freq_hz=0 pkt_toa_us=12864 legal_dwell_used_us_10s=0

2026-07-29 14:51:53,921 INFO image_rx_daemon: command TX opcode=0x69 copy=1/1 OK (on air)

2026-07-29 14:51:55,396 INFO image_rx_daemon: published frame_id=0 2897 B → lifetrac/v25/video/tile_delta

2026-07-29 14:51:55,396 INFO image_rx_daemon: PROBE TX seq=20 phase_ms=0 size_b=16 (tx#20)

RFCO_PERTX during TX wait: profile_id=2 tx_status=0x00(OK) hop_idx=0 channel_idx=0 epoch=0 freq_hz=0 pkt_toa_us=12864 legal_dwell_used_us_10s=0

2026-07-29 14:51:55,422 INFO image_rx_daemon: command TX opcode=0x69 copy=1/1 OK (on air)

2026-07-29 14:51:56,996 INFO image_rx_daemon: published frame_id=0 2992 B → lifetrac/v25/video/tile_delta

2026-07-29 14:51:56,998 INFO image_rx_daemon: PROBE TX seq=21 phase_ms=0 size_b=16 (tx#21)

RFCO_PERTX during TX wait: profile_id=2 tx_status=0x00(OK) hop_idx=0 channel_idx=0 epoch=0 freq_hz=0 pkt_toa_us=12864 legal_dwell_used_us_10s=0

2026-07-29 14:51:57,024 INFO image_rx_daemon: command TX opcode=0x69 copy=1/1 OK (on air)

2026-07-29 14:51:58,458 INFO image_rx_daemon: PROBE ECHO seq=21 rtt=1461 ms (echo#9, delivered 9/21)

2026-07-29 14:51:58,471 INFO image_rx_daemon: PROBE ECHO seq=21 (unmatched; echo#9)

2026-07-29 14:52:00,312 INFO image_rx_daemon: stats: rx_frames=439 rx_decode_err=0 frames_published=21 publish_err=0 reassembler_decode_err=0 reassembler_timeouts=14 parity_recon=0

2026-07-29 14:52:00,314 INFO image_rx_daemon: air_gap: n=80 dt_med=104849us dt_p95=275777us len_med=247B cmd_tx_ok=38 cmd_tx_fail=0

2026-07-29 14:52:00,318 INFO image_rx_daemon: air_gap_hist(ms): <40:2 <80:3 <120:57 <200:9 <400:9

2026-07-29 14:52:00,319 INFO image_rx_daemon: probe: tx=21 echo=9 (42.9% delivered) rtt_med=1499ms rtt_p95=1499ms

2026-07-29 14:52:00,320 INFO image_rx_daemon: probe_grid: p0/s0:9/21(43%)

2026-07-29 14:52:01,531 INFO image_rx_daemon: published frame_id=0 2986 B → lifetrac/v25/video/tile_delta

2026-07-29 14:52:01,532 INFO image_rx_daemon: PROBE TX seq=22 phase_ms=0 size_b=16 (tx#22)

RFCO_PERTX during TX wait: profile_id=2 tx_status=0x00(OK) hop_idx=0 channel_idx=0 epoch=0 freq_hz=0 pkt_toa_us=12864 legal_dwell_used_us_10s=0

2026-07-29 14:52:01,558 INFO image_rx_daemon: command TX opcode=0x69 copy=1/1 OK (on air)

2026-07-29 14:52:03,067 INFO image_rx_daemon: published frame_id=0 2985 B → lifetrac/v25/video/tile_delta

2026-07-29 14:52:03,067 INFO image_rx_daemon: PROBE TX seq=23 phase_ms=0 size_b=16 (tx#23)

RFCO_PERTX during TX wait: profile_id=2 tx_status=0x00(OK) hop_idx=0 channel_idx=0 epoch=0 freq_hz=0 pkt_toa_us=12864 legal_dwell_used_us_10s=0

2026-07-29 14:52:03,098 INFO image_rx_daemon: command TX opcode=0x69 copy=1/1 OK (on air)

2026-07-29 14:52:03,122 INFO image_rx_daemon: PROBE ECHO seq=22 rtt=1590 ms (echo#10, delivered 10/23)

2026-07-29 14:52:04,604 INFO image_rx_daemon: published frame_id=0 2919 B → lifetrac/v25/video/tile_delta

2026-07-29 14:52:04,605 INFO image_rx_daemon: PROBE TX seq=24 phase_ms=0 size_b=16 (tx#24)

RFCO_PERTX during TX wait: profile_id=2 tx_status=0x00(OK) hop_idx=0 channel_idx=0 epoch=0 freq_hz=0 pkt_toa_us=12864 legal_dwell_used_us_10s=0

2026-07-29 14:52:04,635 INFO image_rx_daemon: command TX opcode=0x69 copy=1/1 OK (on air)

2026-07-29 14:52:06,073 INFO image_rx_daemon: published frame_id=0 2985 B → lifetrac/v25/video/tile_delta

2026-07-29 14:52:06,074 INFO image_rx_daemon: PROBE TX seq=25 phase_ms=0 size_b=16 (tx#25)

RFCO_PERTX during TX wait: profile_id=2 tx_status=0x00(OK) hop_idx=0 channel_idx=0 epoch=0 freq_hz=0 pkt_toa_us=12864 legal_dwell_used_us_10s=0

2026-07-29 14:52:06,100 INFO image_rx_daemon: command TX opcode=0x69 copy=1/1 OK (on air)

2026-07-29 14:52:06,114 INFO image_rx_daemon: PROBE ECHO seq=24 rtt=1509 ms (echo#11, delivered 11/25)

2026-07-29 14:52:07,619 INFO image_rx_daemon: published frame_id=0 2979 B → lifetrac/v25/video/tile_delta

2026-07-29 14:52:07,620 INFO image_rx_daemon: PROBE TX seq=26 phase_ms=0 size_b=16 (tx#26)

RFCO_PERTX during TX wait: profile_id=2 tx_status=0x00(OK) hop_idx=0 channel_idx=0 epoch=0 freq_hz=0 pkt_toa_us=12864 legal_dwell_used_us_10s=0

2026-07-29 14:52:07,646 INFO image_rx_daemon: command TX opcode=0x69 copy=1/1 OK (on air)

2026-07-29 14:52:09,176 INFO image_rx_daemon: published frame_id=0 2991 B → lifetrac/v25/video/tile_delta

2026-07-29 14:52:09,177 INFO image_rx_daemon: PROBE TX seq=27 phase_ms=0 size_b=16 (tx#27)

RFCO_PERTX during TX wait: profile_id=2 tx_status=0x00(OK) hop_idx=0 channel_idx=0 epoch=0 freq_hz=0 pkt_toa_us=12864 legal_dwell_used_us_10s=0

2026-07-29 14:52:09,204 INFO image_rx_daemon: command TX opcode=0x69 copy=1/1 OK (on air)

2026-07-29 14:52:09,217 INFO image_rx_daemon: PROBE ECHO seq=26 rtt=1597 ms (echo#12, delivered 12/27)

2026-07-29 14:52:10,329 INFO image_rx_daemon: stats: rx_frames=525 rx_decode_err=0 frames_published=27 publish_err=0 reassembler_decode_err=0 reassembler_timeouts=15 parity_recon=0

2026-07-29 14:52:10,332 INFO image_rx_daemon: air_gap: n=86 dt_med=104835us dt_p95=274527us len_med=247B cmd_tx_ok=44 cmd_tx_fail=0

2026-07-29 14:52:10,334 INFO image_rx_daemon: air_gap_hist(ms): <20:1 <40:4 <80:1 <120:68 <200:7 <400:5

2026-07-29 14:52:10,334 INFO image_rx_daemon: probe: tx=27 echo=12 (44.4% delivered) rtt_med=1590ms rtt_p95=1597ms

2026-07-29 14:52:10,335 INFO image_rx_daemon: probe_grid: p0/s0:12/27(44%)

2026-07-29 14:52:10,713 INFO image_rx_daemon: published frame_id=0 2974 B → lifetrac/v25/video/tile_delta

2026-07-29 14:52:10,714 INFO image_rx_daemon: PROBE TX seq=28 phase_ms=0 size_b=16 (tx#28)

RFCO_PERTX during TX wait: profile_id=2 tx_status=0x00(OK) hop_idx=0 channel_idx=0 epoch=0 freq_hz=0 pkt_toa_us=12864 legal_dwell_used_us_10s=0

2026-07-29 14:52:10,740 INFO image_rx_daemon: command TX opcode=0x69 copy=1/1 OK (on air)

2026-07-29 14:52:12,234 INFO image_rx_daemon: PROBE ECHO seq=28 rtt=1520 ms (echo#13, delivered 13/28)

2026-07-29 14:52:12,258 INFO image_rx_daemon: PROBE ECHO seq=28 (unmatched; echo#13)

2026-07-29 14:52:13,680 INFO image_rx_daemon: published frame_id=0 2903 B → lifetrac/v25/video/tile_delta

2026-07-29 14:52:13,680 INFO image_rx_daemon: PROBE TX seq=29 phase_ms=0 size_b=16 (tx#29)

RFCO_PERTX during TX wait: profile_id=2 tx_status=0x00(OK) hop_idx=0 channel_idx=0 epoch=0 freq_hz=0 pkt_toa_us=12864 legal_dwell_used_us_10s=0

2026-07-29 14:52:13,706 INFO image_rx_daemon: command TX opcode=0x69 copy=1/1 OK (on air)

2026-07-29 14:52:15,116 INFO image_rx_daemon: published frame_id=0 2915 B → lifetrac/v25/video/tile_delta

2026-07-29 14:52:15,117 INFO image_rx_daemon: PROBE TX seq=30 phase_ms=0 size_b=16 (tx#30)

RFCO_PERTX during TX wait: profile_id=2 tx_status=0x00(OK) hop_idx=0 channel_idx=0 epoch=0 freq_hz=0 pkt_toa_us=12864 legal_dwell_used_us_10s=0

2026-07-29 14:52:15,143 INFO image_rx_daemon: command TX opcode=0x69 copy=1/1 OK (on air)

2026-07-29 14:52:15,156 INFO image_rx_daemon: PROBE ECHO seq=29 rtt=1476 ms (echo#14, delivered 14/30)

2026-07-29 14:52:16,664 INFO image_rx_daemon: published frame_id=0 2897 B → lifetrac/v25/video/tile_delta

2026-07-29 14:52:16,664 INFO image_rx_daemon: PROBE TX seq=31 phase_ms=0 size_b=16 (tx#31)

RFCO_PERTX during TX wait: profile_id=2 tx_status=0x00(OK) hop_idx=0 channel_idx=0 epoch=0 freq_hz=0 pkt_toa_us=12864 legal_dwell_used_us_10s=0

2026-07-29 14:52:16,690 INFO image_rx_daemon: command TX opcode=0x69 copy=1/1 OK (on air)

2026-07-29 14:52:20,338 INFO image_rx_daemon: stats: rx_frames=604 rx_decode_err=0 frames_published=31 publish_err=0 reassembler_decode_err=0 reassembler_timeouts=17 parity_recon=0

2026-07-29 14:52:20,340 INFO image_rx_daemon: air_gap: n=79 dt_med=104827us dt_p95=261699us len_med=247B cmd_tx_ok=48 cmd_tx_fail=0

2026-07-29 14:52:20,342 INFO image_rx_daemon: air_gap_hist(ms): <40:2 <120:61 <200:7 <400:9

2026-07-29 14:52:20,343 INFO image_rx_daemon: probe: tx=31 echo=14 (45.2% delivered) rtt_med=1520ms rtt_p95=1520ms

2026-07-29 14:52:20,343 INFO image_rx_daemon: probe_grid: p0/s0:14/31(45%)

2026-07-29 14:52:21,068 INFO image_rx_daemon: published frame_id=0 2892 B → lifetrac/v25/video/tile_delta

2026-07-29 14:52:21,069 INFO image_rx_daemon: PROBE TX seq=32 phase_ms=0 size_b=16 (tx#32)

RFCO_PERTX during TX wait: profile_id=2 tx_status=0x00(OK) hop_idx=0 channel_idx=0 epoch=0 freq_hz=0 pkt_toa_us=12864 legal_dwell_used_us_10s=0

2026-07-29 14:52:21,095 INFO image_rx_daemon: command TX opcode=0x69 copy=1/1 OK (on air)

2026-07-29 14:52:22,529 INFO image_rx_daemon: published frame_id=0 2953 B → lifetrac/v25/video/tile_delta

2026-07-29 14:52:22,529 INFO image_rx_daemon: PROBE TX seq=33 phase_ms=0 size_b=16 (tx#33)

RFCO_PERTX during TX wait: profile_id=2 tx_status=0x00(OK) hop_idx=0 channel_idx=0 epoch=0 freq_hz=0 pkt_toa_us=12864 legal_dwell_used_us_10s=0

2026-07-29 14:52:22,555 INFO image_rx_daemon: command TX opcode=0x69 copy=1/1 OK (on air)

2026-07-29 14:52:22,571 INFO image_rx_daemon: PROBE ECHO seq=32 rtt=1502 ms (echo#15, delivered 15/33)

2026-07-29 14:52:22,583 INFO image_rx_daemon: PROBE ECHO seq=32 (unmatched; echo#15)

2026-07-29 14:52:23,987 INFO image_rx_daemon: published frame_id=0 2959 B → lifetrac/v25/video/tile_delta

2026-07-29 14:52:23,987 INFO image_rx_daemon: PROBE TX seq=34 phase_ms=0 size_b=16 (tx#34)

RFCO_PERTX during TX wait: profile_id=2 tx_status=0x00(OK) hop_idx=0 channel_idx=0 epoch=0 freq_hz=0 pkt_toa_us=12864 legal_dwell_used_us_10s=0

2026-07-29 14:52:24,015 INFO image_rx_daemon: command TX opcode=0x69 copy=1/1 OK (on air)

2026-07-29 14:52:25,434 INFO image_rx_daemon: published frame_id=0 2951 B → lifetrac/v25/video/tile_delta

2026-07-29 14:52:25,435 INFO image_rx_daemon: PROBE TX seq=35 phase_ms=0 size_b=16 (tx#35)

RFCO_PERTX during TX wait: profile_id=2 tx_status=0x00(OK) hop_idx=0 channel_idx=0 epoch=0 freq_hz=0 pkt_toa_us=12864 legal_dwell_used_us_10s=0

2026-07-29 14:52:25,466 INFO image_rx_daemon: command TX opcode=0x69 copy=1/1 OK (on air)

2026-07-29 14:52:25,491 INFO image_rx_daemon: PROBE ECHO seq=34 rtt=1504 ms (echo#16, delivered 16/35)

2026-07-29 14:52:28,352 INFO image_rx_daemon: published frame_id=0 2992 B → lifetrac/v25/video/tile_delta

2026-07-29 14:52:28,353 INFO image_rx_daemon: PROBE TX seq=36 phase_ms=0 size_b=16 (tx#36)

RFCO_PERTX during TX wait: profile_id=2 tx_status=0x00(OK) hop_idx=0 channel_idx=0 epoch=0 freq_hz=0 pkt_toa_us=12864 legal_dwell_used_us_10s=0

2026-07-29 14:52:28,379 INFO image_rx_daemon: command TX opcode=0x69 copy=1/1 OK (on air)

2026-07-29 14:52:29,869 INFO image_rx_daemon: published frame_id=0 2903 B → lifetrac/v25/video/tile_delta

2026-07-29 14:52:29,870 INFO image_rx_daemon: PROBE TX seq=37 phase_ms=0 size_b=16 (tx#37)

RFCO_PERTX during TX wait: profile_id=2 tx_status=0x00(OK) hop_idx=0 channel_idx=0 epoch=0 freq_hz=0 pkt_toa_us=12864 legal_dwell_used_us_10s=0

2026-07-29 14:52:29,895 INFO image_rx_daemon: command TX opcode=0x69 copy=1/1 OK (on air)

2026-07-29 14:52:30,352 INFO image_rx_daemon: stats: rx_frames=689 rx_decode_err=0 frames_published=37 publish_err=0 reassembler_decode_err=0 reassembler_timeouts=19 parity_recon=0

2026-07-29 14:52:30,354 INFO image_rx_daemon: air_gap: n=85 dt_med=104834us dt_p95=198394us len_med=247B cmd_tx_ok=54 cmd_tx_fail=0

2026-07-29 14:52:30,358 INFO image_rx_daemon: air_gap_hist(ms): <20:1 <40:3 <80:1 <120:65 <200:11 <400:4

2026-07-29 14:52:30,359 INFO image_rx_daemon: probe: tx=37 echo=16 (43.2% delivered) rtt_med=1504ms rtt_p95=1504ms

2026-07-29 14:52:30,360 INFO image_rx_daemon: probe_grid: p0/s0:16/37(43%)

2026-07-29 14:52:31,416 INFO image_rx_daemon: published frame_id=0 2897 B → lifetrac/v25/video/tile_delta

2026-07-29 14:52:31,417 INFO image_rx_daemon: PROBE TX seq=38 phase_ms=0 size_b=16 (tx#38)

RFCO_PERTX during TX wait: profile_id=2 tx_status=0x00(OK) hop_idx=0 channel_idx=0 epoch=0 freq_hz=0 pkt_toa_us=12864 legal_dwell_used_us_10s=0

2026-07-29 14:52:31,447 INFO image_rx_daemon: command TX opcode=0x69 copy=1/1 OK (on air)

2026-07-29 14:52:37,259 INFO image_rx_daemon: published frame_id=0 2892 B → lifetrac/v25/video/tile_delta

2026-07-29 14:52:37,260 INFO image_rx_daemon: PROBE TX seq=39 phase_ms=0 size_b=16 (tx#39)

RFCO_PERTX during TX wait: profile_id=2 tx_status=0x00(OK) hop_idx=0 channel_idx=0 epoch=0 freq_hz=0 pkt_toa_us=12864 legal_dwell_used_us_10s=0

2026-07-29 14:52:37,291 INFO image_rx_daemon: command TX opcode=0x69 copy=1/1 OK (on air)

2026-07-29 14:52:38,835 INFO image_rx_daemon: published frame_id=0 2953 B → lifetrac/v25/video/tile_delta

2026-07-29 14:52:38,836 INFO image_rx_daemon: PROBE TX seq=40 phase_ms=0 size_b=16 (tx#40)

RFCO_PERTX during TX wait: profile_id=2 tx_status=0x00(OK) hop_idx=0 channel_idx=0 epoch=0 freq_hz=0 pkt_toa_us=12864 legal_dwell_used_us_10s=0

2026-07-29 14:52:38,863 INFO image_rx_daemon: command TX opcode=0x69 copy=1/1 OK (on air)

2026-07-29 14:52:38,888 INFO image_rx_daemon: PROBE ECHO seq=39 rtt=1628 ms (echo#17, delivered 17/40)

2026-07-29 14:52:40,290 INFO image_rx_daemon: published frame_id=0 2959 B → lifetrac/v25/video/tile_delta

2026-07-29 14:52:40,291 INFO image_rx_daemon: PROBE TX seq=41 phase_ms=0 size_b=16 (tx#41)

RFCO_PERTX during TX wait: profile_id=2 tx_status=0x00(OK) hop_idx=0 channel_idx=0 epoch=0 freq_hz=0 pkt_toa_us=12864 legal_dwell_used_us_10s=0

2026-07-29 14:52:40,323 INFO image_rx_daemon: command TX opcode=0x69 copy=1/1 OK (on air)

2026-07-29 14:52:40,363 INFO image_rx_daemon: stats: rx_frames=770 rx_decode_err=0 frames_published=41 publish_err=0 reassembler_decode_err=0 reassembler_timeouts=22 parity_recon=0

2026-07-29 14:52:40,365 INFO image_rx_daemon: air_gap: n=81 dt_med=104819us dt_p95=245170us len_med=247B cmd_tx_ok=58 cmd_tx_fail=0

2026-07-29 14:52:40,367 INFO image_rx_daemon: air_gap_hist(ms): <40:4 <120:61 <200:6 <400:10

2026-07-29 14:52:40,368 INFO image_rx_daemon: probe: tx=41 echo=17 (41.5% delivered) rtt_med=1628ms rtt_p95=1628ms

2026-07-29 14:52:40,368 INFO image_rx_daemon: probe_grid: p0/s0:17/41(41%)

2026-07-29 14:52:41,765 INFO image_rx_daemon: PROBE ECHO seq=41 rtt=1474 ms (echo#18, delivered 18/41)

2026-07-29 14:52:41,789 INFO image_rx_daemon: PROBE ECHO seq=41 (unmatched; echo#18)

2026-07-29 14:52:43,268 INFO image_rx_daemon: published frame_id=0 2923 B → lifetrac/v25/video/tile_delta

2026-07-29 14:52:43,268 INFO image_rx_daemon: PROBE TX seq=42 phase_ms=0 size_b=16 (tx#42)

RFCO_PERTX during TX wait: profile_id=2 tx_status=0x00(OK) hop_idx=0 channel_idx=0 epoch=0 freq_hz=0 pkt_toa_us=12864 legal_dwell_used_us_10s=0

2026-07-29 14:52:43,294 INFO image_rx_daemon: command TX opcode=0x69 copy=1/1 OK (on air)

2026-07-29 14:52:44,739 INFO image_rx_daemon: published frame_id=0 2992 B → lifetrac/v25/video/tile_delta

2026-07-29 14:52:44,740 INFO image_rx_daemon: PROBE TX seq=43 phase_ms=0 size_b=16 (tx#43)

RFCO_PERTX during TX wait: profile_id=2 tx_status=0x00(OK) hop_idx=0 channel_idx=0 epoch=0 freq_hz=0 pkt_toa_us=12864 legal_dwell_used_us_10s=0

2026-07-29 14:52:44,767 INFO image_rx_daemon: command TX opcode=0x69 copy=1/1 OK (on air)

2026-07-29 14:52:44,780 INFO image_rx_daemon: PROBE ECHO seq=42 rtt=1512 ms (echo#19, delivered 19/43)

2026-07-29 14:52:46,257 INFO image_rx_daemon: published frame_id=0 2910 B → lifetrac/v25/video/tile_delta

2026-07-29 14:52:46,258 INFO image_rx_daemon: PROBE TX seq=44 phase_ms=0 size_b=16 (tx#44)

RFCO_PERTX during TX wait: profile_id=2 tx_status=0x00(OK) hop_idx=0 channel_idx=0 epoch=0 freq_hz=0 pkt_toa_us=12864 legal_dwell_used_us_10s=0

2026-07-29 14:52:46,284 INFO image_rx_daemon: command TX opcode=0x69 copy=1/1 OK (on air)

2026-07-29 14:52:47,710 INFO image_rx_daemon: published frame_id=0 2983 B → lifetrac/v25/video/tile_delta

2026-07-29 14:52:47,711 INFO image_rx_daemon: PROBE TX seq=45 phase_ms=0 size_b=16 (tx#45)

RFCO_PERTX during TX wait: profile_id=2 tx_status=0x00(OK) hop_idx=0 channel_idx=0 epoch=0 freq_hz=0 pkt_toa_us=12864 legal_dwell_used_us_10s=0

2026-07-29 14:52:47,735 INFO image_rx_daemon: command TX opcode=0x69 copy=1/1 OK (on air)

2026-07-29 14:52:47,770 INFO image_rx_daemon: PROBE ECHO seq=44 rtt=1512 ms (echo#20, delivered 20/45)

2026-07-29 14:52:49,223 INFO image_rx_daemon: published frame_id=0 2897 B → lifetrac/v25/video/tile_delta

2026-07-29 14:52:49,224 INFO image_rx_daemon: PROBE TX seq=46 phase_ms=0 size_b=16 (tx#46)

RFCO_PERTX during TX wait: profile_id=2 tx_status=0x00(OK) hop_idx=0 channel_idx=0 epoch=0 freq_hz=0 pkt_toa_us=12864 legal_dwell_used_us_10s=0

2026-07-29 14:52:49,248 INFO image_rx_daemon: command TX opcode=0x69 copy=1/1 OK (on air)

2026-07-29 14:52:50,371 INFO image_rx_daemon: stats: rx_frames=854 rx_decode_err=0 frames_published=46 publish_err=0 reassembler_decode_err=0 reassembler_timeouts=23 parity_recon=0

2026-07-29 14:52:50,372 INFO image_rx_daemon: air_gap: n=84 dt_med=104837us dt_p95=210982us len_med=247B cmd_tx_ok=63 cmd_tx_fail=0

2026-07-29 14:52:50,375 INFO image_rx_daemon: air_gap_hist(ms): <20:1 <40:1 <80:2 <120:66 <200:8 <400:6

2026-07-29 14:52:50,376 INFO image_rx_daemon: probe: tx=46 echo=20 (43.5% delivered) rtt_med=1512ms rtt_p95=1512ms

2026-07-29 14:52:50,376 INFO image_rx_daemon: probe_grid: p0/s0:20/46(43%)

2026-07-29 14:52:50,684 INFO image_rx_daemon: published frame_id=0 2934 B → lifetrac/v25/video/tile_delta

2026-07-29 14:52:50,685 INFO image_rx_daemon: PROBE TX seq=47 phase_ms=0 size_b=16 (tx#47)

RFCO_PERTX during TX wait: profile_id=2 tx_status=0x00(OK) hop_idx=0 channel_idx=0 epoch=0 freq_hz=0 pkt_toa_us=12864 legal_dwell_used_us_10s=0

2026-07-29 14:52:50,711 INFO image_rx_daemon: command TX opcode=0x69 copy=1/1 OK (on air)

2026-07-29 14:52:50,737 INFO image_rx_daemon: PROBE ECHO seq=46 rtt=1512 ms (echo#21, delivered 21/47)

2026-07-29 14:52:52,128 INFO image_rx_daemon: published frame_id=0 2953 B → lifetrac/v25/video/tile_delta

2026-07-29 14:52:52,129 INFO image_rx_daemon: PROBE TX seq=48 phase_ms=0 size_b=16 (tx#48)

RFCO_PERTX during TX wait: profile_id=2 tx_status=0x00(OK) hop_idx=0 channel_idx=0 epoch=0 freq_hz=0 pkt_toa_us=12864 legal_dwell_used_us_10s=0

2026-07-29 14:52:52,155 INFO image_rx_daemon: command TX opcode=0x69 copy=1/1 OK (on air)

2026-07-29 14:52:53,580 INFO image_rx_daemon: published frame_id=0 2949 B → lifetrac/v25/video/tile_delta

2026-07-29 14:52:53,581 INFO image_rx_daemon: PROBE TX seq=49 phase_ms=0 size_b=16 (tx#49)

RFCO_PERTX during TX wait: profile_id=2 tx_status=0x00(OK) hop_idx=0 channel_idx=0 epoch=0 freq_hz=0 pkt_toa_us=12864 legal_dwell_used_us_10s=0

2026-07-29 14:52:53,608 INFO image_rx_daemon: command TX opcode=0x69 copy=1/1 OK (on air)

2026-07-29 14:52:53,632 INFO image_rx_daemon: PROBE ECHO seq=48 rtt=1503 ms (echo#22, delivered 22/49)

2026-07-29 14:52:55,043 INFO image_rx_daemon: published frame_id=0 2953 B → lifetrac/v25/video/tile_delta

2026-07-29 14:52:55,044 INFO image_rx_daemon: PROBE TX seq=50 phase_ms=0 size_b=16 (tx#50)

RFCO_PERTX during TX wait: profile_id=2 tx_status=0x00(OK) hop_idx=0 channel_idx=0 epoch=0 freq_hz=0 pkt_toa_us=12864 legal_dwell_used_us_10s=0

2026-07-29 14:52:55,072 INFO image_rx_daemon: command TX opcode=0x69 copy=1/1 OK (on air)

2026-07-29 14:52:56,503 INFO image_rx_daemon: published frame_id=0 2991 B → lifetrac/v25/video/tile_delta

2026-07-29 14:52:56,504 INFO image_rx_daemon: PROBE TX seq=51 phase_ms=0 size_b=16 (tx#51)

RFCO_PERTX during TX wait: profile_id=2 tx_status=0x00(OK) hop_idx=0 channel_idx=0 epoch=0 freq_hz=0 pkt_toa_us=12864 legal_dwell_used_us_10s=0

2026-07-29 14:52:56,530 INFO image_rx_daemon: command TX opcode=0x69 copy=1/1 OK (on air)

2026-07-29 14:52:56,543 INFO image_rx_daemon: PROBE ECHO seq=50 rtt=1499 ms (echo#23, delivered 23/51)

2026-07-29 14:52:59,660 INFO image_rx_daemon: published frame_id=0 2897 B → lifetrac/v25/video/tile_delta

2026-07-29 14:52:59,660 INFO image_rx_daemon: PROBE TX seq=52 phase_ms=0 size_b=16 (tx#52)

RFCO_PERTX during TX wait: profile_id=2 tx_status=0x00(OK) hop_idx=0 channel_idx=0 epoch=0 freq_hz=0 pkt_toa_us=12864 legal_dwell_used_us_10s=0

2026-07-29 14:52:59,687 INFO image_rx_daemon: command TX opcode=0x69 copy=1/1 OK (on air)

2026-07-29 14:53:00,379 INFO image_rx_daemon: stats: rx_frames=939 rx_decode_err=0 frames_published=52 publish_err=0 reassembler_decode_err=0 reassembler_timeouts=24 parity_recon=0

2026-07-29 14:53:00,382 INFO image_rx_daemon: air_gap: n=85 dt_med=104851us dt_p95=198266us len_med=247B cmd_tx_ok=69 cmd_tx_fail=0

2026-07-29 14:53:00,385 INFO image_rx_daemon: air_gap_hist(ms): <40:4 <80:1 <120:65 <200:11 <400:4

2026-07-29 14:53:00,386 INFO image_rx_daemon: probe: tx=52 echo=23 (44.2% delivered) rtt_med=1503ms rtt_p95=1512ms

2026-07-29 14:53:00,386 INFO image_rx_daemon: probe_grid: p0/s0:23/52(44%)

2026-07-29 14:53:04,291 INFO image_rx_daemon: published frame_id=0 2975 B → lifetrac/v25/video/tile_delta

2026-07-29 14:53:04,292 INFO image_rx_daemon: PROBE TX seq=53 phase_ms=0 size_b=16 (tx#53)

RFCO_PERTX during TX wait: profile_id=2 tx_status=0x00(OK) hop_idx=0 channel_idx=0 epoch=0 freq_hz=0 pkt_toa_us=12864 legal_dwell_used_us_10s=0

2026-07-29 14:53:04,320 INFO image_rx_daemon: command TX opcode=0x69 copy=1/1 OK (on air)

2026-07-29 14:53:05,766 INFO image_rx_daemon: PROBE ECHO seq=53 rtt=1473 ms (echo#24, delivered 24/53)

2026-07-29 14:53:05,790 INFO image_rx_daemon: PROBE ECHO seq=53 (unmatched; echo#24)

2026-07-29 14:53:10,284 INFO image_rx_daemon: published frame_id=0 2985 B → lifetrac/v25/video/tile_delta

2026-07-29 14:53:10,284 INFO image_rx_daemon: PROBE TX seq=54 phase_ms=0 size_b=16 (tx#54)

RFCO_PERTX during TX wait: profile_id=2 tx_status=0x00(OK) hop_idx=0 channel_idx=0 epoch=0 freq_hz=0 pkt_toa_us=12864 legal_dwell_used_us_10s=0

2026-07-29 14:53:10,310 INFO image_rx_daemon: command TX opcode=0x69 copy=1/1 OK (on air)

2026-07-29 14:53:10,395 INFO image_rx_daemon: stats: rx_frames=1018 rx_decode_err=0 frames_published=54 publish_err=0 reassembler_decode_err=0 reassembler_timeouts=28 parity_recon=0

2026-07-29 14:53:10,397 INFO image_rx_daemon: air_gap: n=79 dt_med=104835us dt_p95=273470us len_med=247B cmd_tx_ok=71 cmd_tx_fail=0

2026-07-29 14:53:10,399 INFO image_rx_daemon: air_gap_hist(ms): <20:1 <40:5 <120:55 <200:7 <400:11

2026-07-29 14:53:10,400 INFO image_rx_daemon: probe: tx=54 echo=24 (44.4% delivered) rtt_med=1473ms rtt_p95=1473ms

2026-07-29 14:53:10,401 INFO image_rx_daemon: probe_grid: p0/s0:24/54(44%)

2026-07-29 14:53:11,823 INFO image_rx_daemon: published frame_id=0 2979 B → lifetrac/v25/video/tile_delta

2026-07-29 14:53:11,824 INFO image_rx_daemon: PROBE TX seq=55 phase_ms=0 size_b=16 (tx#55)

RFCO_PERTX during TX wait: profile_id=2 tx_status=0x00(OK) hop_idx=0 channel_idx=0 epoch=0 freq_hz=0 pkt_toa_us=12864 legal_dwell_used_us_10s=0

2026-07-29 14:53:11,851 INFO image_rx_daemon: command TX opcode=0x69 copy=1/1 OK (on air)

2026-07-29 14:53:11,867 INFO image_rx_daemon: PROBE ECHO seq=54 rtt=1583 ms (echo#25, delivered 25/55)

2026-07-29 14:53:13,380 INFO image_rx_daemon: published frame_id=0 2991 B → lifetrac/v25/video/tile_delta

2026-07-29 14:53:13,381 INFO image_rx_daemon: PROBE TX seq=56 phase_ms=0 size_b=16 (tx#56)

RFCO_PERTX during TX wait: profile_id=2 tx_status=0x00(OK) hop_idx=0 channel_idx=0 epoch=0 freq_hz=0 pkt_toa_us=12864 legal_dwell_used_us_10s=0

2026-07-29 14:53:13,407 INFO image_rx_daemon: command TX opcode=0x69 copy=1/1 OK (on air)

2026-07-29 14:53:14,924 INFO image_rx_daemon: published frame_id=0 2974 B → lifetrac/v25/video/tile_delta

2026-07-29 14:53:14,925 INFO image_rx_daemon: PROBE TX seq=57 phase_ms=0 size_b=16 (tx#57)

RFCO_PERTX during TX wait: profile_id=2 tx_status=0x00(OK) hop_idx=0 channel_idx=0 epoch=0 freq_hz=0 pkt_toa_us=12864 legal_dwell_used_us_10s=0

2026-07-29 14:53:14,952 INFO image_rx_daemon: command TX opcode=0x69 copy=1/1 OK (on air)

2026-07-29 14:53:17,893 INFO image_rx_daemon: published frame_id=0 2910 B → lifetrac/v25/video/tile_delta

2026-07-29 14:53:17,893 INFO image_rx_daemon: PROBE TX seq=58 phase_ms=0 size_b=16 (tx#58)

RFCO_PERTX during TX wait: profile_id=2 tx_status=0x00(OK) hop_idx=0 channel_idx=0 epoch=0 freq_hz=0 pkt_toa_us=12864 legal_dwell_used_us_10s=0

2026-07-29 14:53:17,919 INFO image_rx_daemon: command TX opcode=0x69 copy=1/1 OK (on air)

2026-07-29 14:53:19,362 INFO image_rx_daemon: published frame_id=0 2983 B → lifetrac/v25/video/tile_delta

2026-07-29 14:53:19,363 INFO image_rx_daemon: PROBE TX seq=59 phase_ms=0 size_b=16 (tx#59)

RFCO_PERTX during TX wait: profile_id=2 tx_status=0x00(OK) hop_idx=0 channel_idx=0 epoch=0 freq_hz=0 pkt_toa_us=12864 legal_dwell_used_us_10s=0

2026-07-29 14:53:19,389 INFO image_rx_daemon: command TX opcode=0x69 copy=1/1 OK (on air)

2026-07-29 14:53:19,402 INFO image_rx_daemon: PROBE ECHO seq=58 rtt=1509 ms (echo#26, delivered 26/59)

2026-07-29 14:53:20,410 INFO image_rx_daemon: stats: rx_frames=1101 rx_decode_err=0 frames_published=59 publish_err=0 reassembler_decode_err=0 reassembler_timeouts=30 parity_recon=0

2026-07-29 14:53:20,414 INFO image_rx_daemon: air_gap: n=83 dt_med=104843us dt_p95=275424us len_med=247B cmd_tx_ok=76 cmd_tx_fail=0

2026-07-29 14:53:20,415 INFO image_rx_daemon: air_gap_hist(ms): <40:3 <80:1 <120:66 <200:6 <400:7

2026-07-29 14:53:20,416 INFO image_rx_daemon: probe: tx=59 echo=26 (44.1% delivered) rtt_med=1583ms rtt_p95=1583ms

2026-07-29 14:53:20,416 INFO image_rx_daemon: probe_grid: p0/s0:26/59(44%)

2026-07-29 14:53:20,872 INFO image_rx_daemon: published frame_id=0 2915 B → lifetrac/v25/video/tile_delta

2026-07-29 14:53:20,873 INFO image_rx_daemon: PROBE TX seq=60 phase_ms=0 size_b=16 (tx#60)

RFCO_PERTX during TX wait: profile_id=2 tx_status=0x00(OK) hop_idx=0 channel_idx=0 epoch=0 freq_hz=0 pkt_toa_us=12864 legal_dwell_used_us_10s=0

2026-07-29 14:53:20,903 INFO image_rx_daemon: command TX opcode=0x69 copy=1/1 OK (on air)

2026-07-29 14:53:22,315 INFO image_rx_daemon: published frame_id=0 2934 B → lifetrac/v25/video/tile_delta

2026-07-29 14:53:22,315 INFO image_rx_daemon: PROBE TX seq=61 phase_ms=0 size_b=16 (tx#61)

RFCO_PERTX during TX wait: profile_id=2 tx_status=0x00(OK) hop_idx=0 channel_idx=0 epoch=0 freq_hz=0 pkt_toa_us=12864 legal_dwell_used_us_10s=0

2026-07-29 14:53:22,346 INFO image_rx_daemon: command TX opcode=0x69 copy=1/1 OK (on air)

2026-07-29 14:53:22,372 INFO image_rx_daemon: PROBE ECHO seq=60 rtt=1500 ms (echo#27, delivered 27/61)

2026-07-29 14:53:26,650 INFO image_rx_daemon: published frame_id=0 2953 B → lifetrac/v25/video/tile_delta

2026-07-29 14:53:26,650 INFO image_rx_daemon: PROBE TX seq=62 phase_ms=0 size_b=16 (tx#62)

RFCO_PERTX during TX wait: profile_id=2 tx_status=0x00(OK) hop_idx=0 channel_idx=0 epoch=0 freq_hz=0 pkt_toa_us=12864 legal_dwell_used_us_10s=0

2026-07-29 14:53:26,676 INFO image_rx_daemon: command TX opcode=0x69 copy=1/1 OK (on air)

2026-07-29 14:53:28,107 INFO image_rx_daemon: published frame_id=0 2959 B → lifetrac/v25/video/tile_delta

2026-07-29 14:53:28,108 INFO image_rx_daemon: PROBE TX seq=63 phase_ms=0 size_b=16 (tx#63)

RFCO_PERTX during TX wait: profile_id=2 tx_status=0x00(OK) hop_idx=0 channel_idx=0 epoch=0 freq_hz=0 pkt_toa_us=12864 legal_dwell_used_us_10s=0

2026-07-29 14:53:28,140 INFO image_rx_daemon: command TX opcode=0x69 copy=1/1 OK (on air)

2026-07-29 14:53:28,155 INFO image_rx_daemon: PROBE ECHO seq=62 rtt=1504 ms (echo#28, delivered 28/63)

2026-07-29 14:53:29,554 INFO image_rx_daemon: published frame_id=0 2951 B → lifetrac/v25/video/tile_delta

2026-07-29 14:53:29,556 INFO image_rx_daemon: PROBE TX seq=64 phase_ms=0 size_b=16 (tx#64)

RFCO_PERTX during TX wait: profile_id=2 tx_status=0x00(OK) hop_idx=0 channel_idx=0 epoch=0 freq_hz=0 pkt_toa_us=12864 legal_dwell_used_us_10s=0

2026-07-29 14:53:29,586 INFO image_rx_daemon: command TX opcode=0x69 copy=1/1 OK (on air)

2026-07-29 14:53:30,419 INFO image_rx_daemon: stats: rx_frames=1185 rx_decode_err=0 frames_published=64 publish_err=0 reassembler_decode_err=0 reassembler_timeouts=32 parity_recon=0

2026-07-29 14:53:30,421 INFO image_rx_daemon: air_gap: n=84 dt_med=104858us dt_p95=209684us len_med=247B cmd_tx_ok=81 cmd_tx_fail=0

2026-07-29 14:53:30,425 INFO image_rx_daemon: air_gap_hist(ms): <40:4 <120:63 <200:11 <400:6

2026-07-29 14:53:30,426 INFO image_rx_daemon: probe: tx=64 echo=28 (43.8% delivered) rtt_med=1504ms rtt_p95=1504ms

2026-07-29 14:53:30,426 INFO image_rx_daemon: probe_grid: p0/s0:28/64(44%)

2026-07-29 14:53:31,015 INFO image_rx_daemon: PROBE ECHO seq=64 rtt=1459 ms (echo#29, delivered 29/64)

2026-07-29 14:53:31,039 INFO image_rx_daemon: PROBE ECHO seq=64 (unmatched; echo#29)

2026-07-29 14:53:39,865 INFO image_rx_daemon: published frame_id=0 2953 B → lifetrac/v25/video/tile_delta

2026-07-29 14:53:39,866 INFO image_rx_daemon: PROBE TX seq=65 phase_ms=0 size_b=16 (tx#65)

RFCO_PERTX during TX wait: profile_id=2 tx_status=0x00(OK) hop_idx=0 channel_idx=0 epoch=0 freq_hz=0 pkt_toa_us=12864 legal_dwell_used_us_10s=0

2026-07-29 14:53:39,894 INFO image_rx_daemon: command TX opcode=0x69 copy=1/1 OK (on air)

2026-07-29 14:53:40,429 INFO image_rx_daemon: stats: rx_frames=1266 rx_decode_err=0 frames_published=65 publish_err=0 reassembler_decode_err=0 reassembler_timeouts=38 parity_recon=0

2026-07-29 14:53:40,431 INFO image_rx_daemon: air_gap: n=81 dt_med=104857us dt_p95=271832us len_med=247B cmd_tx_ok=82 cmd_tx_fail=0

2026-07-29 14:53:40,435 INFO image_rx_daemon: air_gap_hist(ms): <20:1 <40:2 <120:62 <200:11 <400:5

2026-07-29 14:53:40,437 INFO image_rx_daemon: probe: tx=65 echo=29 (44.6% delivered) rtt_med=1459ms rtt_p95=1459ms

2026-07-29 14:53:40,440 INFO image_rx_daemon: probe_grid: p0/s0:29/65(45%)

2026-07-29 14:53:41,307 INFO image_rx_daemon: published frame_id=0 2949 B → lifetrac/v25/video/tile_delta

2026-07-29 14:53:41,308 INFO image_rx_daemon: PROBE TX seq=66 phase_ms=0 size_b=16 (tx#66)

RFCO_PERTX during TX wait: profile_id=2 tx_status=0x00(OK) hop_idx=0 channel_idx=0 epoch=0 freq_hz=0 pkt_toa_us=12864 legal_dwell_used_us_10s=0

2026-07-29 14:53:41,338 INFO image_rx_daemon: command TX opcode=0x69 copy=1/1 OK (on air)

2026-07-29 14:53:41,362 INFO image_rx_daemon: PROBE ECHO seq=65 rtt=1496 ms (echo#30, delivered 30/66)

2026-07-29 14:53:42,744 INFO image_rx_daemon: published frame_id=0 2892 B → lifetrac/v25/video/tile_delta

2026-07-29 14:53:42,744 INFO image_rx_daemon: PROBE TX seq=67 phase_ms=0 size_b=16 (tx#67)

RFCO_PERTX during TX wait: profile_id=2 tx_status=0x00(OK) hop_idx=0 channel_idx=0 epoch=0 freq_hz=0 pkt_toa_us=12864 legal_dwell_used_us_10s=0

2026-07-29 14:53:42,766 INFO image_rx_daemon: command TX opcode=0x69 copy=1/1 OK (on air)

2026-07-29 14:53:44,211 INFO image_rx_daemon: published frame_id=0 2959 B → lifetrac/v25/video/tile_delta

2026-07-29 14:53:44,212 INFO image_rx_daemon: PROBE TX seq=68 phase_ms=0 size_b=16 (tx#68)

RFCO_PERTX during TX wait: profile_id=2 tx_status=0x00(OK) hop_idx=0 channel_idx=0 epoch=0 freq_hz=0 pkt_toa_us=12864 legal_dwell_used_us_10s=0

2026-07-29 14:53:44,242 INFO image_rx_daemon: command TX opcode=0x69 copy=1/1 OK (on air)

2026-07-29 14:53:44,255 INFO image_rx_daemon: PROBE ECHO seq=67 rtt=1510 ms (echo#31, delivered 31/68)

2026-07-29 14:53:45,660 INFO image_rx_daemon: published frame_id=0 2951 B → lifetrac/v25/video/tile_delta

2026-07-29 14:53:45,661 INFO image_rx_daemon: PROBE TX seq=69 phase_ms=0 size_b=16 (tx#69)

RFCO_PERTX during TX wait: profile_id=2 tx_status=0x00(OK) hop_idx=0 channel_idx=0 epoch=0 freq_hz=0 pkt_toa_us=12864 legal_dwell_used_us_10s=0

2026-07-29 14:53:45,687 INFO image_rx_daemon: command TX opcode=0x69 copy=1/1 OK (on air)

2026-07-29 14:53:47,088 INFO image_rx_daemon: published frame_id=0 2923 B → lifetrac/v25/video/tile_delta

2026-07-29 14:53:47,089 INFO image_rx_daemon: PROBE TX seq=70 phase_ms=0 size_b=16 (tx#70)

RFCO_PERTX during TX wait: profile_id=2 tx_status=0x00(OK) hop_idx=0 channel_idx=0 epoch=0 freq_hz=0 pkt_toa_us=12864 legal_dwell_used_us_10s=0

2026-07-29 14:53:47,115 INFO image_rx_daemon: command TX opcode=0x69 copy=1/1 OK (on air)

2026-07-29 14:53:47,144 INFO image_rx_daemon: PROBE ECHO seq=69 rtt=1482 ms (echo#32, delivered 32/70)

2026-07-29 14:53:48,568 INFO image_rx_daemon: published frame_id=0 2992 B → lifetrac/v25/video/tile_delta

2026-07-29 14:53:48,569 INFO image_rx_daemon: PROBE TX seq=71 phase_ms=0 size_b=16 (tx#71)

RFCO_PERTX during TX wait: profile_id=2 tx_status=0x00(OK) hop_idx=0 channel_idx=0 epoch=0 freq_hz=0 pkt_toa_us=12864 legal_dwell_used_us_10s=0

2026-07-29 14:53:48,596 INFO image_rx_daemon: command TX opcode=0x69 copy=1/1 OK (on air)

2026-07-29 14:53:50,087 INFO image_rx_daemon: published frame_id=0 2910 B → lifetrac/v25/video/tile_delta

2026-07-29 14:53:50,088 INFO image_rx_daemon: PROBE TX seq=72 phase_ms=0 size_b=16 (tx#72)

INFO: unrelated frame during TX wait type=0x91

RFCO_PERTX during TX wait: profile_id=2 tx_status=0x00(OK) hop_idx=0 channel_idx=0 epoch=0 freq_hz=0 pkt_toa_us=12864 legal_dwell_used_us_10s=0

2026-07-29 14:53:50,115 INFO image_rx_daemon: command TX opcode=0x69 copy=1/1 OK (on air)

2026-07-29 14:53:50,444 INFO image_rx_daemon: stats: rx_frames=1353 rx_decode_err=0 frames_published=72 publish_err=0 reassembler_decode_err=0 reassembler_timeouts=38 parity_recon=0

2026-07-29 14:53:50,447 INFO image_rx_daemon: air_gap: n=87 dt_med=104852us dt_p95=198584us len_med=247B cmd_tx_ok=89 cmd_tx_fail=0

2026-07-29 14:53:50,449 INFO image_rx_daemon: air_gap_hist(ms): <20:1 <40:3 <80:1 <120:68 <200:11 <400:3

2026-07-29 14:53:50,450 INFO image_rx_daemon: probe: tx=72 echo=32 (44.4% delivered) rtt_med=1496ms rtt_p95=1510ms

2026-07-29 14:53:50,450 INFO image_rx_daemon: probe_grid: p0/s0:32/72(44%)

2026-07-29 14:53:51,547 INFO image_rx_daemon: published frame_id=0 2983 B → lifetrac/v25/video/tile_delta

2026-07-29 14:53:51,548 INFO image_rx_daemon: PROBE TX seq=73 phase_ms=0 size_b=16 (tx#73)

RFCO_PERTX during TX wait: profile_id=2 tx_status=0x00(OK) hop_idx=0 channel_idx=0 epoch=0 freq_hz=0 pkt_toa_us=12864 legal_dwell_used_us_10s=0

2026-07-29 14:53:51,576 INFO image_rx_daemon: command TX opcode=0x69 copy=1/1 OK (on air)

2026-07-29 14:53:53,064 INFO image_rx_daemon: published frame_id=0 2897 B → lifetrac/v25/video/tile_delta

2026-07-29 14:53:53,064 INFO image_rx_daemon: PROBE TX seq=74 phase_ms=0 size_b=16 (tx#74)

RFCO_PERTX during TX wait: profile_id=2 tx_status=0x00(OK) hop_idx=0 channel_idx=0 epoch=0 freq_hz=0 pkt_toa_us=12864 legal_dwell_used_us_10s=0

2026-07-29 14:53:53,095 INFO image_rx_daemon: command TX opcode=0x69 copy=1/1 OK (on air)

2026-07-29 14:53:54,520 INFO image_rx_daemon: published frame_id=0 2934 B → lifetrac/v25/video/tile_delta

2026-07-29 14:53:54,521 INFO image_rx_daemon: PROBE TX seq=75 phase_ms=0 size_b=16 (tx#75)

RFCO_PERTX during TX wait: profile_id=2 tx_status=0x00(OK) hop_idx=0 channel_idx=0 epoch=0 freq_hz=0 pkt_toa_us=12864 legal_dwell_used_us_10s=0

2026-07-29 14:53:54,547 INFO image_rx_daemon: command TX opcode=0x69 copy=1/1 OK (on air)

2026-07-29 14:53:55,975 INFO image_rx_daemon: published frame_id=0 2953 B → lifetrac/v25/video/tile_delta

2026-07-29 14:53:55,976 INFO image_rx_daemon: PROBE TX seq=76 phase_ms=0 size_b=16 (tx#76)

RFCO_PERTX during TX wait: profile_id=2 tx_status=0x00(OK) hop_idx=0 channel_idx=0 epoch=0 freq_hz=0 pkt_toa_us=12864 legal_dwell_used_us_10s=0

2026-07-29 14:53:56,008 INFO image_rx_daemon: command TX opcode=0x69 copy=1/1 OK (on air)

2026-07-29 14:53:56,029 INFO image_rx_daemon: PROBE ECHO seq=75 rtt=1508 ms (echo#33, delivered 33/76)

2026-07-29 14:53:57,426 INFO image_rx_daemon: published frame_id=0 2949 B → lifetrac/v25/video/tile_delta

2026-07-29 14:53:57,427 INFO image_rx_daemon: PROBE TX seq=77 phase_ms=0 size_b=16 (tx#77)

RFCO_PERTX during TX wait: profile_id=2 tx_status=0x00(OK) hop_idx=0 channel_idx=0 epoch=0 freq_hz=0 pkt_toa_us=12864 legal_dwell_used_us_10s=0

2026-07-29 14:53:57,454 INFO image_rx_daemon: command TX opcode=0x69 copy=1/1 OK (on air)

2026-07-29 14:53:58,863 INFO image_rx_daemon: published frame_id=0 2953 B → lifetrac/v25/video/tile_delta

2026-07-29 14:53:58,864 INFO image_rx_daemon: PROBE TX seq=78 phase_ms=0 size_b=16 (tx#78)

RFCO_PERTX during TX wait: profile_id=2 tx_status=0x00(OK) hop_idx=0 channel_idx=0 epoch=0 freq_hz=0 pkt_toa_us=12864 legal_dwell_used_us_10s=0

2026-07-29 14:53:58,894 INFO image_rx_daemon: command TX opcode=0x69 copy=1/1 OK (on air)

2026-07-29 14:53:58,910 INFO image_rx_daemon: PROBE ECHO seq=77 rtt=1483 ms (echo#34, delivered 34/78)

2026-07-29 14:53:58,922 INFO image_rx_daemon: PROBE ECHO seq=77 (unmatched; echo#34)

2026-07-29 14:54:00,464 INFO image_rx_daemon: stats: rx_frames=1440 rx_decode_err=0 frames_published=78 publish_err=0 reassembler_decode_err=0 reassembler_timeouts=38 parity_recon=0

2026-07-29 14:54:00,466 INFO image_rx_daemon: air_gap: n=87 dt_med=104832us dt_p95=190009us len_med=247B cmd_tx_ok=95 cmd_tx_fail=0

2026-07-29 14:54:00,470 INFO image_rx_daemon: air_gap_hist(ms): <40:5 <120:68 <200:12 <400:2

2026-07-29 14:54:00,471 INFO image_rx_daemon: probe: tx=78 echo=34 (43.6% delivered) rtt_med=1508ms rtt_p95=1508ms

2026-07-29 14:54:00,472 INFO image_rx_daemon: probe_grid: p0/s0:34/78(44%)

2026-07-29 14:54:03,340 INFO image_rx_daemon: published frame_id=0 2993 B → lifetrac/v25/video/tile_delta

2026-07-29 14:54:03,341 INFO image_rx_daemon: PROBE TX seq=79 phase_ms=0 size_b=16 (tx#79)

RFCO_PERTX during TX wait: profile_id=2 tx_status=0x00(OK) hop_idx=0 channel_idx=0 epoch=0 freq_hz=0 pkt_toa_us=12864 legal_dwell_used_us_10s=0

2026-07-29 14:54:03,367 INFO image_rx_daemon: command TX opcode=0x69 copy=1/1 OK (on air)

2026-07-29 14:54:04,910 INFO image_rx_daemon: PROBE ECHO seq=79 rtt=1570 ms (echo#35, delivered 35/79)

2026-07-29 14:54:04,932 INFO image_rx_daemon: PROBE ECHO seq=79 (unmatched; echo#35)

2026-07-29 14:54:09,416 INFO image_rx_daemon: published frame_id=0 2975 B → lifetrac/v25/video/tile_delta

2026-07-29 14:54:09,416 INFO image_rx_daemon: PROBE TX seq=80 phase_ms=0 size_b=16 (tx#80)

RFCO_PERTX during TX wait: profile_id=2 tx_status=0x00(OK) hop_idx=0 channel_idx=0 epoch=0 freq_hz=0 pkt_toa_us=12864 legal_dwell_used_us_10s=0

2026-07-29 14:54:09,444 INFO image_rx_daemon: command TX opcode=0x69 copy=1/1 OK (on air)

2026-07-29 14:54:10,479 INFO image_rx_daemon: stats: rx_frames=1519 rx_decode_err=0 frames_published=80 publish_err=0 reassembler_decode_err=0 reassembler_timeouts=43 parity_recon=0

2026-07-29 14:54:10,480 INFO image_rx_daemon: air_gap: n=79 dt_med=104850us dt_p95=274302us len_med=247B cmd_tx_ok=97 cmd_tx_fail=0

2026-07-29 14:54:10,482 INFO image_rx_daemon: air_gap_hist(ms): <40:1 <80:2 <120:57 <200:9 <400:10

2026-07-29 14:54:10,483 INFO image_rx_daemon: probe: tx=80 echo=35 (43.8% delivered) rtt_med=1570ms rtt_p95=1570ms

2026-07-29 14:54:10,484 INFO image_rx_daemon: probe_grid: p0/s0:35/80(44%)

2026-07-29 14:54:10,874 INFO image_rx_daemon: PROBE ECHO seq=80 rtt=1457 ms (echo#36, delivered 36/80)

2026-07-29 14:54:10,897 INFO image_rx_daemon: PROBE ECHO seq=80 (unmatched; echo#36)

2026-07-29 14:54:13,760 INFO image_rx_daemon: published frame_id=0 2985 B → lifetrac/v25/video/tile_delta

2026-07-29 14:54:13,760 INFO image_rx_daemon: PROBE TX seq=81 phase_ms=0 size_b=16 (tx#81)

RFCO_PERTX during TX wait: profile_id=2 tx_status=0x00(OK) hop_idx=0 channel_idx=0 epoch=0 freq_hz=0 pkt_toa_us=12864 legal_dwell_used_us_10s=0

2026-07-29 14:54:13,786 INFO image_rx_daemon: command TX opcode=0x69 copy=1/1 OK (on air)

2026-07-29 14:54:15,290 INFO image_rx_daemon: published frame_id=0 2953 B → lifetrac/v25/video/tile_delta

2026-07-29 14:54:15,291 INFO image_rx_daemon: PROBE TX seq=82 phase_ms=0 size_b=16 (tx#82)

RFCO_PERTX during TX wait: profile_id=2 tx_status=0x00(OK) hop_idx=0 channel_idx=0 epoch=0 freq_hz=0 pkt_toa_us=12864 legal_dwell_used_us_10s=0

2026-07-29 14:54:15,318 INFO image_rx_daemon: command TX opcode=0x69 copy=1/1 OK (on air)

2026-07-29 14:54:15,343 INFO image_rx_daemon: PROBE ECHO seq=81 rtt=1583 ms (echo#37, delivered 37/82)

2026-07-29 14:54:18,308 INFO image_rx_daemon: published frame_id=0 2993 B → lifetrac/v25/video/tile_delta

2026-07-29 14:54:18,309 INFO image_rx_daemon: PROBE TX seq=83 phase_ms=0 size_b=16 (tx#83)

RFCO_PERTX during TX wait: profile_id=2 tx_status=0x00(OK) hop_idx=0 channel_idx=0 epoch=0 freq_hz=0 pkt_toa_us=12864 legal_dwell_used_us_10s=0

2026-07-29 14:54:18,341 INFO image_rx_daemon: command TX opcode=0x69 copy=1/1 OK (on air)

2026-07-29 14:54:19,928 INFO image_rx_daemon: published frame_id=0 2897 B → lifetrac/v25/video/tile_delta

2026-07-29 14:54:19,929 INFO image_rx_daemon: PROBE TX seq=84 phase_ms=0 size_b=16 (tx#84)

RFCO_PERTX during TX wait: profile_id=2 tx_status=0x00(OK) hop_idx=0 channel_idx=0 epoch=0 freq_hz=0 pkt_toa_us=12864 legal_dwell_used_us_10s=0

2026-07-29 14:54:19,955 INFO image_rx_daemon: command TX opcode=0x69 copy=1/1 OK (on air)

2026-07-29 14:54:20,492 INFO image_rx_daemon: stats: rx_frames=1602 rx_decode_err=0 frames_published=84 publish_err=0 reassembler_decode_err=0 reassembler_timeouts=46 parity_recon=0

2026-07-29 14:54:20,494 INFO image_rx_daemon: air_gap: n=83 dt_med=104835us dt_p95=212950us len_med=247B cmd_tx_ok=101 cmd_tx_fail=0

2026-07-29 14:54:20,497 INFO image_rx_daemon: air_gap_hist(ms): <40:3 <80:1 <120:65 <200:9 <400:5

2026-07-29 14:54:20,497 INFO image_rx_daemon: probe: tx=84 echo=37 (44.0% delivered) rtt_med=1583ms rtt_p95=1583ms

2026-07-29 14:54:20,498 INFO image_rx_daemon: probe_grid: p0/s0:37/84(44%)

2026-07-29 14:54:21,348 INFO image_rx_daemon: published frame_id=0 2915 B → lifetrac/v25/video/tile_delta

2026-07-29 14:54:21,349 INFO image_rx_daemon: PROBE TX seq=85 phase_ms=0 size_b=16 (tx#85)

RFCO_PERTX during TX wait: profile_id=2 tx_status=0x00(OK) hop_idx=0 channel_idx=0 epoch=0 freq_hz=0 pkt_toa_us=12864 legal_dwell_used_us_10s=0

2026-07-29 14:54:21,375 INFO image_rx_daemon: command TX opcode=0x69 copy=1/1 OK (on air)

2026-07-29 14:54:22,827 INFO image_rx_daemon: published frame_id=0 2980 B → lifetrac/v25/video/tile_delta

2026-07-29 14:54:22,828 INFO image_rx_daemon: PROBE TX seq=86 phase_ms=0 size_b=16 (tx#86)

RFCO_PERTX during TX wait: profile_id=2 tx_status=0x00(OK) hop_idx=0 channel_idx=0 epoch=0 freq_hz=0 pkt_toa_us=12864 legal_dwell_used_us_10s=0

2026-07-29 14:54:22,855 INFO image_rx_daemon: command TX opcode=0x69 copy=1/1 OK (on air)

2026-07-29 14:54:22,868 INFO image_rx_daemon: PROBE ECHO seq=85 rtt=1519 ms (echo#38, delivered 38/86)

2026-07-29 14:54:24,332 INFO image_rx_daemon: published frame_id=0 2905 B → lifetrac/v25/video/tile_delta

2026-07-29 14:54:24,332 INFO image_rx_daemon: PROBE TX seq=87 phase_ms=0 size_b=16 (tx#87)

RFCO_PERTX during TX wait: profile_id=2 tx_status=0x00(OK) hop_idx=0 channel_idx=0 epoch=0 freq_hz=0 pkt_toa_us=12864 legal_dwell_used_us_10s=0

2026-07-29 14:54:24,358 INFO image_rx_daemon: command TX opcode=0x69 copy=1/1 OK (on air)

2026-07-29 14:54:25,814 INFO image_rx_daemon: published frame_id=0 2975 B → lifetrac/v25/video/tile_delta

2026-07-29 14:54:25,815 INFO image_rx_daemon: PROBE TX seq=88 phase_ms=0 size_b=16 (tx#88)

RFCO_PERTX during TX wait: profile_id=2 tx_status=0x00(OK) hop_idx=0 channel_idx=0 epoch=0 freq_hz=0 pkt_toa_us=12864 legal_dwell_used_us_10s=0

2026-07-29 14:54:25,841 INFO image_rx_daemon: command TX opcode=0x69 copy=1/1 OK (on air)

2026-07-29 14:54:25,855 INFO image_rx_daemon: PROBE ECHO seq=87 rtt=1522 ms (echo#39, delivered 39/88)

2026-07-29 14:54:30,515 INFO image_rx_daemon: stats: rx_frames=1680 rx_decode_err=0 frames_published=88 publish_err=0 reassembler_decode_err=0 reassembler_timeouts=47 parity_recon=0

2026-07-29 14:54:30,520 INFO image_rx_daemon: air_gap: n=78 dt_med=104836us dt_p95=215823us len_med=247B cmd_tx_ok=105 cmd_tx_fail=0

2026-07-29 14:54:30,522 INFO image_rx_daemon: air_gap_hist(ms): <40:2 <120:57 <200:10 <400:9

2026-07-29 14:54:30,523 INFO image_rx_daemon: probe: tx=88 echo=39 (44.3% delivered) rtt_med=1522ms rtt_p95=1522ms

2026-07-29 14:54:30,523 INFO image_rx_daemon: probe_grid: p0/s0:39/88(44%)

2026-07-29 14:54:31,883 INFO image_rx_daemon: published frame_id=0 2959 B → lifetrac/v25/video/tile_delta

2026-07-29 14:54:31,883 INFO image_rx_daemon: PROBE TX seq=89 phase_ms=0 size_b=16 (tx#89)

RFCO_PERTX during TX wait: profile_id=2 tx_status=0x00(OK) hop_idx=0 channel_idx=0 epoch=0 freq_hz=0 pkt_toa_us=12864 legal_dwell_used_us_10s=0

2026-07-29 14:54:31,907 INFO image_rx_daemon: command TX opcode=0x69 copy=1/1 OK (on air)

2026-07-29 14:54:33,480 INFO image_rx_daemon: PROBE ECHO seq=89 rtt=1596 ms (echo#40, delivered 40/89)

2026-07-29 14:54:33,497 INFO image_rx_daemon: PROBE ECHO seq=89 (unmatched; echo#40)

2026-07-29 14:54:34,965 INFO image_rx_daemon: published frame_id=0 2923 B → lifetrac/v25/video/tile_delta

2026-07-29 14:54:34,965 INFO image_rx_daemon: PROBE TX seq=90 phase_ms=0 size_b=16 (tx#90)

RFCO_PERTX during TX wait: profile_id=2 tx_status=0x00(OK) hop_idx=0 channel_idx=0 epoch=0 freq_hz=0 pkt_toa_us=12864 legal_dwell_used_us_10s=0

2026-07-29 14:54:34,991 INFO image_rx_daemon: command TX opcode=0x69 copy=1/1 OK (on air)

2026-07-29 14:54:36,624 INFO image_rx_daemon: published frame_id=0 2992 B → lifetrac/v25/video/tile_delta

2026-07-29 14:54:36,625 INFO image_rx_daemon: PROBE TX seq=91 phase_ms=0 size_b=16 (tx#91)

RFCO_PERTX during TX wait: profile_id=2 tx_status=0x00(OK) hop_idx=0 channel_idx=0 epoch=0 freq_hz=0 pkt_toa_us=12864 legal_dwell_used_us_10s=0

2026-07-29 14:54:36,651 INFO image_rx_daemon: command TX opcode=0x69 copy=1/1 OK (on air)

2026-07-29 14:54:38,022 INFO image_rx_daemon: published frame_id=0 2910 B → lifetrac/v25/video/tile_delta

2026-07-29 14:54:38,023 INFO image_rx_daemon: PROBE TX seq=92 phase_ms=0 size_b=16 (tx#92)

RFCO_PERTX during TX wait: profile_id=2 tx_status=0x00(OK) hop_idx=0 channel_idx=0 epoch=0 freq_hz=0 pkt_toa_us=12864 legal_dwell_used_us_10s=0

2026-07-29 14:54:38,053 INFO image_rx_daemon: command TX opcode=0x69 copy=1/1 OK (on air)

2026-07-29 14:54:38,068 INFO image_rx_daemon: PROBE ECHO seq=91 rtt=1443 ms (echo#41, delivered 41/92)

2026-07-29 14:54:40,526 INFO image_rx_daemon: stats: rx_frames=1762 rx_decode_err=0 frames_published=92 publish_err=0 reassembler_decode_err=0 reassembler_timeouts=50 parity_recon=0

2026-07-29 14:54:40,526 INFO image_rx_daemon: air_gap: n=82 dt_med=104823us dt_p95=260735us len_med=247B cmd_tx_ok=109 cmd_tx_fail=0

2026-07-29 14:54:40,527 INFO image_rx_daemon: air_gap_hist(ms): <20:1 <40:1 <80:1 <120:63 <200:7 <400:9

2026-07-29 14:54:40,527 INFO image_rx_daemon: probe: tx=92 echo=41 (44.6% delivered) rtt_med=1596ms rtt_p95=1596ms

2026-07-29 14:54:40,527 INFO image_rx_daemon: probe_grid: p0/s0:41/92(45%)

2026-07-29 14:54:41,128 INFO image_rx_daemon: published frame_id=0 2897 B → lifetrac/v25/video/tile_delta

2026-07-29 14:54:41,128 INFO image_rx_daemon: PROBE TX seq=93 phase_ms=0 size_b=16 (tx#93)

RFCO_PERTX during TX wait: profile_id=2 tx_status=0x00(OK) hop_idx=0 channel_idx=0 epoch=0 freq_hz=0 pkt_toa_us=12864 legal_dwell_used_us_10s=0

2026-07-29 14:54:41,154 INFO image_rx_daemon: command TX opcode=0x69 copy=1/1 OK (on air)

2026-07-29 14:54:44,043 INFO image_rx_daemon: published frame_id=0 2953 B → lifetrac/v25/video/tile_delta

2026-07-29 14:54:44,045 INFO image_rx_daemon: PROBE TX seq=94 phase_ms=0 size_b=16 (tx#94)

RFCO_PERTX during TX wait: profile_id=2 tx_status=0x00(OK) hop_idx=0 channel_idx=0 epoch=0 freq_hz=0 pkt_toa_us=12864 legal_dwell_used_us_10s=0

2026-07-29 14:54:44,071 INFO image_rx_daemon: command TX opcode=0x69 copy=1/1 OK (on air)

2026-07-29 14:54:45,666 INFO image_rx_daemon: published frame_id=0 2949 B → lifetrac/v25/video/tile_delta

2026-07-29 14:54:45,667 INFO image_rx_daemon: PROBE TX seq=95 phase_ms=0 size_b=16 (tx#95)

RFCO_PERTX during TX wait: profile_id=2 tx_status=0x00(OK) hop_idx=0 channel_idx=0 epoch=0 freq_hz=0 pkt_toa_us=12864 legal_dwell_used_us_10s=0

2026-07-29 14:54:45,698 INFO image_rx_daemon: command TX opcode=0x69 copy=1/1 OK (on air)

2026-07-29 14:54:45,712 INFO image_rx_daemon: PROBE ECHO seq=94 rtt=1667 ms (echo#42, delivered 42/95)

2026-07-29 14:54:45,725 INFO image_rx_daemon: PROBE ECHO seq=94 (unmatched; echo#42)

2026-07-29 14:54:47,130 INFO image_rx_daemon: published frame_id=0 2953 B → lifetrac/v25/video/tile_delta

2026-07-29 14:54:47,131 INFO image_rx_daemon: PROBE TX seq=96 phase_ms=0 size_b=16 (tx#96)

RFCO_PERTX during TX wait: profile_id=2 tx_status=0x00(OK) hop_idx=0 channel_idx=0 epoch=0 freq_hz=0 pkt_toa_us=12864 legal_dwell_used_us_10s=0

2026-07-29 14:54:47,163 INFO image_rx_daemon: command TX opcode=0x69 copy=1/1 OK (on air)

2026-07-29 14:54:48,618 INFO image_rx_daemon: PROBE ECHO seq=96 rtt=1486 ms (echo#43, delivered 43/96)

2026-07-29 14:54:48,632 INFO image_rx_daemon: PROBE ECHO seq=96 (unmatched; echo#43)

2026-07-29 14:54:50,531 INFO image_rx_daemon: stats: rx_frames=1842 rx_decode_err=0 frames_published=96 publish_err=0 reassembler_decode_err=0 reassembler_timeouts=53 parity_recon=0

2026-07-29 14:54:50,532 INFO image_rx_daemon: air_gap: n=80 dt_med=104829us dt_p95=276082us len_med=247B cmd_tx_ok=113 cmd_tx_fail=0

2026-07-29 14:54:50,532 INFO image_rx_daemon: air_gap_hist(ms): <40:4 <80:2 <120:58 <200:6 <400:10

2026-07-29 14:54:50,533 INFO image_rx_daemon: probe: tx=96 echo=43 (44.8% delivered) rtt_med=1667ms rtt_p95=1667ms

2026-07-29 14:54:50,533 INFO image_rx_daemon: probe_grid: p0/s0:43/96(45%)

2026-07-29 14:54:51,645 INFO image_rx_daemon: published frame_id=0 2897 B → lifetrac/v25/video/tile_delta

2026-07-29 14:54:51,646 INFO image_rx_daemon: PROBE TX seq=97 phase_ms=0 size_b=16 (tx#97)

RFCO_PERTX during TX wait: profile_id=2 tx_status=0x00(OK) hop_idx=0 channel_idx=0 epoch=0 freq_hz=0 pkt_toa_us=12864 legal_dwell_used_us_10s=0

2026-07-29 14:54:51,671 INFO image_rx_daemon: command TX opcode=0x69 copy=1/1 OK (on air)

2026-07-29 14:54:53,105 INFO image_rx_daemon: published frame_id=0 2915 B → lifetrac/v25/video/tile_delta

2026-07-29 14:54:53,106 INFO image_rx_daemon: PROBE TX seq=98 phase_ms=0 size_b=16 (tx#98)

INFO: unrelated frame during TX wait type=0x91

RFCO_PERTX during TX wait: profile_id=2 tx_status=0x00(OK) hop_idx=0 channel_idx=0 epoch=0 freq_hz=0 pkt_toa_us=12864 legal_dwell_used_us_10s=0

2026-07-29 14:54:53,133 INFO image_rx_daemon: command TX opcode=0x69 copy=1/1 OK (on air)

2026-07-29 14:54:54,575 INFO image_rx_daemon: published frame_id=0 2985 B → lifetrac/v25/video/tile_delta

2026-07-29 14:54:54,575 INFO image_rx_daemon: PROBE TX seq=99 phase_ms=0 size_b=16 (tx#99)

RFCO_PERTX during TX wait: profile_id=2 tx_status=0x00(OK) hop_idx=0 channel_idx=0 epoch=0 freq_hz=0 pkt_toa_us=12864 legal_dwell_used_us_10s=0

2026-07-29 14:54:54,601 INFO image_rx_daemon: command TX opcode=0x69 copy=1/1 OK (on air)

2026-07-29 14:54:56,243 INFO image_rx_daemon: PROBE ECHO seq=99 rtt=1667 ms (echo#44, delivered 44/99)

2026-07-29 14:54:56,267 INFO image_rx_daemon: PROBE ECHO seq=99 (unmatched; echo#44)

2026-07-29 14:54:57,776 INFO image_rx_daemon: published frame_id=0 2986 B → lifetrac/v25/video/tile_delta

2026-07-29 14:54:57,777 INFO image_rx_daemon: PROBE TX seq=100 phase_ms=0 size_b=16 (tx#100)

RFCO_PERTX during TX wait: profile_id=2 tx_status=0x00(OK) hop_idx=0 channel_idx=0 epoch=0 freq_hz=0 pkt_toa_us=12864 legal_dwell_used_us_10s=0

2026-07-29 14:54:57,803 INFO image_rx_daemon: command TX opcode=0x69 copy=1/1 OK (on air)

2026-07-29 14:54:59,286 INFO image_rx_daemon: published frame_id=0 2985 B → lifetrac/v25/video/tile_delta

2026-07-29 14:54:59,287 INFO image_rx_daemon: PROBE TX seq=101 phase_ms=0 size_b=16 (tx#101)

RFCO_PERTX during TX wait: profile_id=2 tx_status=0x00(OK) hop_idx=0 channel_idx=0 epoch=0 freq_hz=0 pkt_toa_us=12864 legal_dwell_used_us_10s=0

2026-07-29 14:54:59,313 INFO image_rx_daemon: command TX opcode=0x69 copy=1/1 OK (on air)

2026-07-29 14:54:59,326 INFO image_rx_daemon: PROBE ECHO seq=100 rtt=1550 ms (echo#45, delivered 45/101)

2026-07-29 14:55:00,543 INFO image_rx_daemon: stats: rx_frames=1924 rx_decode_err=0 frames_published=101 publish_err=0 reassembler_decode_err=0 reassembler_timeouts=55 parity_recon=0

2026-07-29 14:55:00,545 INFO image_rx_daemon: air_gap: n=82 dt_med=104822us dt_p95=218911us len_med=247B cmd_tx_ok=118 cmd_tx_fail=0

2026-07-29 14:55:00,550 INFO image_rx_daemon: air_gap_hist(ms): <40:2 <80:1 <120:63 <200:9 <400:7

2026-07-29 14:55:00,551 INFO image_rx_daemon: probe: tx=101 echo=45 (44.6% delivered) rtt_med=1667ms rtt_p95=1667ms

2026-07-29 14:55:00,553 INFO image_rx_daemon: probe_grid: p0/s0:45/101(45%)

2026-07-29 14:55:00,811 INFO image_rx_daemon: published frame_id=0 2919 B → lifetrac/v25/video/tile_delta

2026-07-29 14:55:00,811 INFO image_rx_daemon: PROBE TX seq=102 phase_ms=0 size_b=16 (tx#102)

RFCO_PERTX during TX wait: profile_id=2 tx_status=0x00(OK) hop_idx=0 channel_idx=0 epoch=0 freq_hz=0 pkt_toa_us=12864 legal_dwell_used_us_10s=0

2026-07-29 14:55:00,842 INFO image_rx_daemon: command TX opcode=0x69 copy=1/1 OK (on air)

2026-07-29 14:55:02,299 INFO image_rx_daemon: PROBE ECHO seq=102 rtt=1487 ms (echo#46, delivered 46/102)

2026-07-29 14:55:02,323 INFO image_rx_daemon: PROBE ECHO seq=102 (unmatched; echo#46)

2026-07-29 14:55:03,835 INFO image_rx_daemon: published frame_id=0 2979 B → lifetrac/v25/video/tile_delta

2026-07-29 14:55:03,836 INFO image_rx_daemon: PROBE TX seq=103 phase_ms=0 size_b=16 (tx#103)

RFCO_PERTX during TX wait: profile_id=2 tx_status=0x00(OK) hop_idx=0 channel_idx=0 epoch=0 freq_hz=0 pkt_toa_us=12864 legal_dwell_used_us_10s=0

2026-07-29 14:55:03,859 INFO image_rx_daemon: command TX opcode=0x69 copy=1/1 OK (on air)

2026-07-29 14:55:05,383 INFO image_rx_daemon: published frame_id=0 2991 B → lifetrac/v25/video/tile_delta

2026-07-29 14:55:05,384 INFO image_rx_daemon: PROBE TX seq=104 phase_ms=0 size_b=16 (tx#104)

RFCO_PERTX during TX wait: profile_id=2 tx_status=0x00(OK) hop_idx=0 channel_idx=0 epoch=0 freq_hz=0 pkt_toa_us=12864 legal_dwell_used_us_10s=0

2026-07-29 14:55:05,414 INFO image_rx_daemon: command TX opcode=0x69 copy=1/1 OK (on air)

2026-07-29 14:55:05,430 INFO image_rx_daemon: PROBE ECHO seq=103 rtt=1594 ms (echo#47, delivered 47/104)

2026-07-29 14:55:06,935 INFO image_rx_daemon: published frame_id=0 2974 B → lifetrac/v25/video/tile_delta

2026-07-29 14:55:06,936 INFO image_rx_daemon: PROBE TX seq=105 phase_ms=0 size_b=16 (tx#105)

RFCO_PERTX during TX wait: profile_id=2 tx_status=0x00(OK) hop_idx=0 channel_idx=0 epoch=0 freq_hz=0 pkt_toa_us=12864 legal_dwell_used_us_10s=0

2026-07-29 14:55:06,962 INFO image_rx_daemon: command TX opcode=0x69 copy=1/1 OK (on air)

2026-07-29 14:55:08,490 INFO image_rx_daemon: published frame_id=0 2992 B → lifetrac/v25/video/tile_delta

2026-07-29 14:55:08,491 INFO image_rx_daemon: PROBE TX seq=106 phase_ms=0 size_b=16 (tx#106)

RFCO_PERTX during TX wait: profile_id=2 tx_status=0x00(OK) hop_idx=0 channel_idx=0 epoch=0 freq_hz=0 pkt_toa_us=12864 legal_dwell_used_us_10s=0

2026-07-29 14:55:08,514 INFO image_rx_daemon: command TX opcode=0x69 copy=1/1 OK (on air)

2026-07-29 14:55:08,527 INFO image_rx_daemon: PROBE ECHO seq=105 rtt=1591 ms (echo#48, delivered 48/106)

2026-07-29 14:55:10,556 INFO image_rx_daemon: stats: rx_frames=2005 rx_decode_err=0 frames_published=106 publish_err=0 reassembler_decode_err=0 reassembler_timeouts=56 parity_recon=0

2026-07-29 14:55:10,557 INFO image_rx_daemon: air_gap: n=81 dt_med=104845us dt_p95=279477us len_med=247B cmd_tx_ok=123 cmd_tx_fail=0

2026-07-29 14:55:10,560 INFO image_rx_daemon: air_gap_hist(ms): <20:1 <40:2 <80:2 <120:61 <200:7 <400:8

2026-07-29 14:55:10,561 INFO image_rx_daemon: probe: tx=106 echo=48 (45.3% delivered) rtt_med=1591ms rtt_p95=1594ms

2026-07-29 14:55:10,562 INFO image_rx_daemon: probe_grid: p0/s0:48/106(45%)

2026-07-29 14:55:11,471 INFO image_rx_daemon: published frame_id=0 2983 B → lifetrac/v25/video/tile_delta

2026-07-29 14:55:11,472 INFO image_rx_daemon: PROBE TX seq=107 phase_ms=0 size_b=16 (tx#107)

RFCO_PERTX during TX wait: profile_id=2 tx_status=0x00(OK) hop_idx=0 channel_idx=0 epoch=0 freq_hz=0 pkt_toa_us=12864 legal_dwell_used_us_10s=0

2026-07-29 14:55:11,498 INFO image_rx_daemon: command TX opcode=0x69 copy=1/1 OK (on air)

2026-07-29 14:55:12,991 INFO image_rx_daemon: published frame_id=0 2897 B → lifetrac/v25/video/tile_delta

2026-07-29 14:55:12,991 INFO image_rx_daemon: PROBE TX seq=108 phase_ms=0 size_b=16 (tx#108)

INFO: unrelated frame during TX wait type=0x91

RFCO_PERTX during TX wait: profile_id=2 tx_status=0x00(OK) hop_idx=0 channel_idx=0 epoch=0 freq_hz=0 pkt_toa_us=12864 legal_dwell_used_us_10s=0

2026-07-29 14:55:13,014 INFO image_rx_daemon: command TX opcode=0x69 copy=1/1 OK (on air)

2026-07-29 14:55:14,434 INFO image_rx_daemon: published frame_id=0 2934 B → lifetrac/v25/video/tile_delta

2026-07-29 14:55:14,434 INFO image_rx_daemon: PROBE TX seq=109 phase_ms=0 size_b=16 (tx#109)

RFCO_PERTX during TX wait: profile_id=2 tx_status=0x00(OK) hop_idx=0 channel_idx=0 epoch=0 freq_hz=0 pkt_toa_us=12864 legal_dwell_used_us_10s=0

2026-07-29 14:55:14,461 INFO image_rx_daemon: command TX opcode=0x69 copy=1/1 OK (on air)

2026-07-29 14:55:15,998 INFO image_rx_daemon: published frame_id=0 2953 B → lifetrac/v25/video/tile_delta

2026-07-29 14:55:15,999 INFO image_rx_daemon: PROBE TX seq=110 phase_ms=0 size_b=16 (tx#110)

RFCO_PERTX during TX wait: profile_id=2 tx_status=0x00(OK) hop_idx=0 channel_idx=0 epoch=0 freq_hz=0 pkt_toa_us=12864 legal_dwell_used_us_10s=0

2026-07-29 14:55:16,023 INFO image_rx_daemon: command TX opcode=0x69 copy=1/1 OK (on air)

2026-07-29 14:55:16,047 INFO image_rx_daemon: PROBE ECHO seq=109 rtt=1613 ms (echo#49, delivered 49/110)

2026-07-29 14:55:17,443 INFO image_rx_daemon: published frame_id=0 2949 B → lifetrac/v25/video/tile_delta

2026-07-29 14:55:17,444 INFO image_rx_daemon: PROBE TX seq=111 phase_ms=0 size_b=16 (tx#111)

RFCO_PERTX during TX wait: profile_id=2 tx_status=0x00(OK) hop_idx=0 channel_idx=0 epoch=0 freq_hz=0 pkt_toa_us=12864 legal_dwell_used_us_10s=0

2026-07-29 14:55:17,474 INFO image_rx_daemon: command TX opcode=0x69 copy=1/1 OK (on air)

2026-07-29 14:55:18,930 INFO image_rx_daemon: PROBE ECHO seq=111 rtt=1486 ms (echo#50, delivered 50/111)

2026-07-29 14:55:18,942 INFO image_rx_daemon: PROBE ECHO seq=111 (unmatched; echo#50)

2026-07-29 14:55:20,373 INFO image_rx_daemon: published frame_id=0 2991 B → lifetrac/v25/video/tile_delta

2026-07-29 14:55:20,374 INFO image_rx_daemon: PROBE TX seq=112 phase_ms=0 size_b=16 (tx#112)

INFO: unrelated frame during TX wait type=0xC4

RFCO_PERTX during TX wait: profile_id=2 tx_status=0x00(OK) hop_idx=0 channel_idx=0 epoch=0 freq_hz=0 pkt_toa_us=12864 legal_dwell_used_us_10s=0

2026-07-29 14:55:20,407 INFO image_rx_daemon: command TX opcode=0x69 copy=1/1 OK (on air)

2026-07-29 14:55:20,565 INFO image_rx_daemon: stats: rx_frames=2090 rx_decode_err=0 frames_published=112 publish_err=0 reassembler_decode_err=0 reassembler_timeouts=57 parity_recon=0

2026-07-29 14:55:20,565 INFO image_rx_daemon: air_gap: n=85 dt_med=104815us dt_p95=198579us len_med=247B cmd_tx_ok=129 cmd_tx_fail=0

2026-07-29 14:55:20,566 INFO image_rx_daemon: air_gap_hist(ms): <40:5 <80:1 <120:65 <200:10 <400:4

2026-07-29 14:55:20,567 INFO image_rx_daemon: probe: tx=112 echo=50 (44.6% delivered) rtt_med=1613ms rtt_p95=1613ms

2026-07-29 14:55:20,567 INFO image_rx_daemon: probe_grid: p0/s0:50/112(45%)

2026-07-29 14:55:21,889 INFO image_rx_daemon: published frame_id=0 2923 B → lifetrac/v25/video/tile_delta

2026-07-29 14:55:21,890 INFO image_rx_daemon: PROBE TX seq=113 phase_ms=0 size_b=16 (tx#113)

RFCO_PERTX during TX wait: profile_id=2 tx_status=0x00(OK) hop_idx=0 channel_idx=0 epoch=0 freq_hz=0 pkt_toa_us=12864 legal_dwell_used_us_10s=0

2026-07-29 14:55:21,916 INFO image_rx_daemon: command TX opcode=0x69 copy=1/1 OK (on air)

2026-07-29 14:55:21,942 INFO image_rx_daemon: PROBE ECHO seq=112 rtt=1568 ms (echo#51, delivered 51/113)

2026-07-29 14:55:24,887 INFO image_rx_daemon: published frame_id=0 2915 B → lifetrac/v25/video/tile_delta

2026-07-29 14:55:24,888 INFO image_rx_daemon: PROBE TX seq=114 phase_ms=0 size_b=16 (tx#114)

RFCO_PERTX during TX wait: profile_id=2 tx_status=0x00(OK) hop_idx=0 channel_idx=0 epoch=0 freq_hz=0 pkt_toa_us=12864 legal_dwell_used_us_10s=0

2026-07-29 14:55:24,914 INFO image_rx_daemon: command TX opcode=0x69 copy=1/1 OK (on air)

2026-07-29 14:55:26,428 INFO image_rx_daemon: published frame_id=0 2910 B → lifetrac/v25/video/tile_delta

2026-07-29 14:55:26,428 INFO image_rx_daemon: PROBE TX seq=115 phase_ms=0 size_b=16 (tx#115)

RFCO_PERTX during TX wait: profile_id=2 tx_status=0x00(OK) hop_idx=0 channel_idx=0 epoch=0 freq_hz=0 pkt_toa_us=12864 legal_dwell_used_us_10s=0

2026-07-29 14:55:26,454 INFO image_rx_daemon: command TX opcode=0x69 copy=1/1 OK (on air)

2026-07-29 14:55:29,421 INFO image_rx_daemon: published frame_id=0 2975 B → lifetrac/v25/video/tile_delta

2026-07-29 14:55:29,422 INFO image_rx_daemon: PROBE TX seq=116 phase_ms=0 size_b=16 (tx#116)

RFCO_PERTX during TX wait: profile_id=2 tx_status=0x00(OK) hop_idx=0 channel_idx=0 epoch=0 freq_hz=0 pkt_toa_us=12864 legal_dwell_used_us_10s=0

2026-07-29 14:55:29,448 INFO image_rx_daemon: command TX opcode=0x69 copy=1/1 OK (on air)

2026-07-29 14:55:30,570 INFO image_rx_daemon: stats: rx_frames=2172 rx_decode_err=0 frames_published=116 publish_err=0 reassembler_decode_err=0 reassembler_timeouts=60 parity_recon=0

2026-07-29 14:55:30,571 INFO image_rx_daemon: air_gap: n=82 dt_med=104825us dt_p95=275702us len_med=247B cmd_tx_ok=133 cmd_tx_fail=0

2026-07-29 14:55:30,573 INFO image_rx_daemon: air_gap_hist(ms): <20:1 <40:1 <80:1 <120:64 <200:7 <400:8

2026-07-29 14:55:30,574 INFO image_rx_daemon: probe: tx=116 echo=51 (44.0% delivered) rtt_med=1568ms rtt_p95=1568ms

2026-07-29 14:55:30,575 INFO image_rx_daemon: probe_grid: p0/s0:51/116(44%)

2026-07-29 14:55:30,981 INFO image_rx_daemon: PROBE ECHO seq=116 rtt=1560 ms (echo#52, delivered 52/116)

2026-07-29 14:55:31,004 INFO image_rx_daemon: PROBE ECHO seq=116 (unmatched; echo#52)

2026-07-29 14:55:32,392 INFO image_rx_daemon: published frame_id=0 2919 B → lifetrac/v25/video/tile_delta

2026-07-29 14:55:32,393 INFO image_rx_daemon: PROBE TX seq=117 phase_ms=0 size_b=16 (tx#117)

RFCO_PERTX during TX wait: profile_id=2 tx_status=0x00(OK) hop_idx=0 channel_idx=0 epoch=0 freq_hz=0 pkt_toa_us=12864 legal_dwell_used_us_10s=0

2026-07-29 14:55:32,419 INFO image_rx_daemon: command TX opcode=0x69 copy=1/1 OK (on air)

2026-07-29 14:55:33,875 INFO image_rx_daemon: published frame_id=0 2985 B → lifetrac/v25/video/tile_delta

2026-07-29 14:55:33,876 INFO image_rx_daemon: PROBE TX seq=118 phase_ms=0 size_b=16 (tx#118)

RFCO_PERTX during TX wait: profile_id=2 tx_status=0x00(OK) hop_idx=0 channel_idx=0 epoch=0 freq_hz=0 pkt_toa_us=12864 legal_dwell_used_us_10s=0

2026-07-29 14:55:33,902 INFO image_rx_daemon: command TX opcode=0x69 copy=1/1 OK (on air)

2026-07-29 14:55:33,915 INFO image_rx_daemon: PROBE ECHO seq=117 rtt=1522 ms (echo#53, delivered 53/118)

2026-07-29 14:55:35,407 INFO image_rx_daemon: published frame_id=0 2979 B → lifetrac/v25/video/tile_delta

2026-07-29 14:55:35,408 INFO image_rx_daemon: PROBE TX seq=119 phase_ms=0 size_b=16 (tx#119)

RFCO_PERTX during TX wait: profile_id=2 tx_status=0x00(OK) hop_idx=0 channel_idx=0 epoch=0 freq_hz=0 pkt_toa_us=12864 legal_dwell_used_us_10s=0

2026-07-29 14:55:35,434 INFO image_rx_daemon: command TX opcode=0x69 copy=1/1 OK (on air)

2026-07-29 14:55:36,968 INFO image_rx_daemon: published frame_id=0 2991 B → lifetrac/v25/video/tile_delta

2026-07-29 14:55:36,969 INFO image_rx_daemon: PROBE TX seq=120 phase_ms=0 size_b=16 (tx#120)

RFCO_PERTX during TX wait: profile_id=2 tx_status=0x00(OK) hop_idx=0 channel_idx=0 epoch=0 freq_hz=0 pkt_toa_us=12864 legal_dwell_used_us_10s=0

2026-07-29 14:55:36,995 INFO image_rx_daemon: command TX opcode=0x69 copy=1/1 OK (on air)

2026-07-29 14:55:37,012 INFO image_rx_daemon: PROBE ECHO seq=119 rtt=1604 ms (echo#54, delivered 54/120)

2026-07-29 14:55:40,578 INFO image_rx_daemon: stats: rx_frames=2255 rx_decode_err=0 frames_published=120 publish_err=0 reassembler_decode_err=0 reassembler_timeouts=62 parity_recon=0

2026-07-29 14:55:40,581 INFO image_rx_daemon: air_gap: n=83 dt_med=104845us dt_p95=275690us len_med=247B cmd_tx_ok=137 cmd_tx_fail=0

2026-07-29 14:55:40,582 INFO image_rx_daemon: air_gap_hist(ms): <20:1 <40:3 <80:1 <120:63 <200:10 <400:5

2026-07-29 14:55:40,583 INFO image_rx_daemon: probe: tx=120 echo=54 (45.0% delivered) rtt_med=1560ms rtt_p95=1604ms

2026-07-29 14:55:40,584 INFO image_rx_daemon: probe_grid: p0/s0:54/120(45%)

2026-07-29 14:55:41,468 INFO image_rx_daemon: published frame_id=0 2903 B → lifetrac/v25/video/tile_delta

2026-07-29 14:55:41,469 INFO image_rx_daemon: PROBE TX seq=121 phase_ms=0 size_b=16 (tx#121)

RFCO_PERTX during TX wait: profile_id=2 tx_status=0x00(OK) hop_idx=0 channel_idx=0 epoch=0 freq_hz=0 pkt_toa_us=12864 legal_dwell_used_us_10s=0

2026-07-29 14:55:41,494 INFO image_rx_daemon: command TX opcode=0x69 copy=1/1 OK (on air)

2026-07-29 14:55:43,017 INFO image_rx_daemon: published frame_id=0 2915 B → lifetrac/v25/video/tile_delta

2026-07-29 14:55:43,017 INFO image_rx_daemon: PROBE TX seq=122 phase_ms=0 size_b=16 (tx#122)

RFCO_PERTX during TX wait: profile_id=2 tx_status=0x00(OK) hop_idx=0 channel_idx=0 epoch=0 freq_hz=0 pkt_toa_us=12864 legal_dwell_used_us_10s=0

2026-07-29 14:55:43,044 INFO image_rx_daemon: command TX opcode=0x69 copy=1/1 OK (on air)

2026-07-29 14:55:43,070 INFO image_rx_daemon: PROBE ECHO seq=121 rtt=1601 ms (echo#55, delivered 55/122)

2026-07-29 14:55:44,448 INFO image_rx_daemon: published frame_id=0 2897 B → lifetrac/v25/video/tile_delta

2026-07-29 14:55:44,448 INFO image_rx_daemon: PROBE TX seq=123 phase_ms=0 size_b=16 (tx#123)

RFCO_PERTX during TX wait: profile_id=2 tx_status=0x00(OK) hop_idx=0 channel_idx=0 epoch=0 freq_hz=0 pkt_toa_us=12864 legal_dwell_used_us_10s=0

2026-07-29 14:55:44,474 INFO image_rx_daemon: command TX opcode=0x69 copy=1/1 OK (on air)

2026-07-29 14:55:45,925 INFO image_rx_daemon: published frame_id=0 2986 B → lifetrac/v25/video/tile_delta

2026-07-29 14:55:45,926 INFO image_rx_daemon: PROBE TX seq=124 phase_ms=0 size_b=16 (tx#124)

RFCO_PERTX during TX wait: profile_id=2 tx_status=0x00(OK) hop_idx=0 channel_idx=0 epoch=0 freq_hz=0 pkt_toa_us=12864 legal_dwell_used_us_10s=0

2026-07-29 14:55:45,950 INFO image_rx_daemon: command TX opcode=0x69 copy=1/1 OK (on air)

2026-07-29 14:55:45,975 INFO image_rx_daemon: PROBE ECHO seq=123 rtt=1526 ms (echo#56, delivered 56/124)

2026-07-29 14:55:47,451 INFO image_rx_daemon: published frame_id=0 2915 B → lifetrac/v25/video/tile_delta

2026-07-29 14:55:47,453 INFO image_rx_daemon: PROBE TX seq=125 phase_ms=0 size_b=16 (tx#125)

RFCO_PERTX during TX wait: profile_id=2 tx_status=0x00(OK) hop_idx=0 channel_idx=0 epoch=0 freq_hz=0 pkt_toa_us=12864 legal_dwell_used_us_10s=0

2026-07-29 14:55:47,483 INFO image_rx_daemon: command TX opcode=0x69 copy=1/1 OK (on air)

2026-07-29 14:55:48,875 INFO image_rx_daemon: published frame_id=0 2892 B → lifetrac/v25/video/tile_delta

2026-07-29 14:55:48,876 INFO image_rx_daemon: PROBE TX seq=126 phase_ms=0 size_b=16 (tx#126)

RFCO_PERTX during TX wait: profile_id=2 tx_status=0x00(OK) hop_idx=0 channel_idx=0 epoch=0 freq_hz=0 pkt_toa_us=12864 legal_dwell_used_us_10s=0

2026-07-29 14:55:48,907 INFO image_rx_daemon: command TX opcode=0x69 copy=1/1 OK (on air)

2026-07-29 14:55:50,338 INFO image_rx_daemon: published frame_id=0 2953 B → lifetrac/v25/video/tile_delta

2026-07-29 14:55:50,340 INFO image_rx_daemon: PROBE TX seq=127 phase_ms=0 size_b=16 (tx#127)

RFCO_PERTX during TX wait: profile_id=2 tx_status=0x00(OK) hop_idx=0 channel_idx=0 epoch=0 freq_hz=0 pkt_toa_us=12864 legal_dwell_used_us_10s=0

2026-07-29 14:55:50,367 INFO image_rx_daemon: command TX opcode=0x69 copy=1/1 OK (on air)

2026-07-29 14:55:50,587 INFO image_rx_daemon: stats: rx_frames=2338 rx_decode_err=0 frames_published=127 publish_err=0 reassembler_decode_err=0 reassembler_timeouts=63 parity_recon=0

2026-07-29 14:55:50,589 INFO image_rx_daemon: air_gap: n=83 dt_med=104841us dt_p95=216733us len_med=247B cmd_tx_ok=144 cmd_tx_fail=0

2026-07-29 14:55:50,593 INFO image_rx_daemon: air_gap_hist(ms): <40:2 <120:67 <200:8 <400:6

2026-07-29 14:55:50,594 INFO image_rx_daemon: probe: tx=127 echo=56 (44.1% delivered) rtt_med=1601ms rtt_p95=1601ms

2026-07-29 14:55:50,595 INFO image_rx_daemon: probe_grid: p0/s0:56/127(44%)

2026-07-29 14:55:51,822 INFO image_rx_daemon: PROBE ECHO seq=127 rtt=1482 ms (echo#57, delivered 57/127)

2026-07-29 14:55:51,834 INFO image_rx_daemon: PROBE ECHO seq=127 (unmatched; echo#57)

2026-07-29 14:55:53,264 INFO image_rx_daemon: published frame_id=0 2991 B → lifetrac/v25/video/tile_delta

2026-07-29 14:55:53,265 INFO image_rx_daemon: PROBE TX seq=128 phase_ms=0 size_b=16 (tx#128)

RFCO_PERTX during TX wait: profile_id=2 tx_status=0x00(OK) hop_idx=0 channel_idx=0 epoch=0 freq_hz=0 pkt_toa_us=12864 legal_dwell_used_us_10s=0

2026-07-29 14:55:53,291 INFO image_rx_daemon: command TX opcode=0x69 copy=1/1 OK (on air)

2026-07-29 14:55:54,795 INFO image_rx_daemon: published frame_id=0 2974 B → lifetrac/v25/video/tile_delta

2026-07-29 14:55:54,796 INFO image_rx_daemon: PROBE TX seq=129 phase_ms=0 size_b=16 (tx#129)

RFCO_PERTX during TX wait: profile_id=2 tx_status=0x00(OK) hop_idx=0 channel_idx=0 epoch=0 freq_hz=0 pkt_toa_us=12864 legal_dwell_used_us_10s=0

2026-07-29 14:55:54,828 INFO image_rx_daemon: command TX opcode=0x69 copy=1/1 OK (on air)

2026-07-29 14:55:54,840 INFO image_rx_daemon: PROBE ECHO seq=128 rtt=1576 ms (echo#58, delivered 58/129)

2026-07-29 14:55:56,323 INFO image_rx_daemon: published frame_id=0 2897 B → lifetrac/v25/video/tile_delta

2026-07-29 14:55:56,324 INFO image_rx_daemon: PROBE TX seq=130 phase_ms=0 size_b=16 (tx#130)

RFCO_PERTX during TX wait: profile_id=2 tx_status=0x00(OK) hop_idx=0 channel_idx=0 epoch=0 freq_hz=0 pkt_toa_us=12864 legal_dwell_used_us_10s=0

2026-07-29 14:55:56,354 INFO image_rx_daemon: command TX opcode=0x69 copy=1/1 OK (on air)

2026-07-29 14:55:57,760 INFO image_rx_daemon: published frame_id=0 2903 B → lifetrac/v25/video/tile_delta

2026-07-29 14:55:57,761 INFO image_rx_daemon: PROBE TX seq=131 phase_ms=0 size_b=16 (tx#131)

RFCO_PERTX during TX wait: profile_id=2 tx_status=0x00(OK) hop_idx=0 channel_idx=0 epoch=0 freq_hz=0 pkt_toa_us=12864 legal_dwell_used_us_10s=0

2026-07-29 14:55:57,787 INFO image_rx_daemon: command TX opcode=0x69 copy=1/1 OK (on air)

2026-07-29 14:56:00,606 INFO image_rx_daemon: stats: rx_frames=2419 rx_decode_err=0 frames_published=131 publish_err=0 reassembler_decode_err=0 reassembler_timeouts=64 parity_recon=0

2026-07-29 14:56:00,608 INFO image_rx_daemon: air_gap: n=81 dt_med=104826us dt_p95=219393us len_med=247B cmd_tx_ok=148 cmd_tx_fail=0

2026-07-29 14:56:00,611 INFO image_rx_daemon: air_gap_hist(ms): <40:2 <80:1 <120:63 <200:6 <400:9

2026-07-29 14:56:00,611 INFO image_rx_daemon: probe: tx=131 echo=58 (44.3% delivered) rtt_med=1576ms rtt_p95=1576ms

2026-07-29 14:56:00,612 INFO image_rx_daemon: probe_grid: p0/s0:58/131(44%)

2026-07-29 14:56:00,631 INFO image_rx_daemon: published frame_id=0 2897 B → lifetrac/v25/video/tile_delta

2026-07-29 14:56:00,631 INFO image_rx_daemon: PROBE TX seq=132 phase_ms=0 size_b=16 (tx#132)

RFCO_PERTX during TX wait: profile_id=2 tx_status=0x00(OK) hop_idx=0 channel_idx=0 epoch=0 freq_hz=0 pkt_toa_us=12864 legal_dwell_used_us_10s=0

2026-07-29 14:56:00,658 INFO image_rx_daemon: command TX opcode=0x69 copy=1/1 OK (on air)

2026-07-29 14:56:02,127 INFO image_rx_daemon: published frame_id=0 2986 B → lifetrac/v25/video/tile_delta

2026-07-29 14:56:02,128 INFO image_rx_daemon: PROBE TX seq=133 phase_ms=0 size_b=16 (tx#133)

RFCO_PERTX during TX wait: profile_id=2 tx_status=0x00(OK) hop_idx=0 channel_idx=0 epoch=0 freq_hz=0 pkt_toa_us=12864 legal_dwell_used_us_10s=0

2026-07-29 14:56:02,154 INFO image_rx_daemon: command TX opcode=0x69 copy=1/1 OK (on air)

2026-07-29 14:56:02,167 INFO image_rx_daemon: PROBE ECHO seq=132 rtt=1536 ms (echo#59, delivered 59/133)

2026-07-29 14:56:03,746 INFO image_rx_daemon: published frame_id=0 2915 B → lifetrac/v25/video/tile_delta

2026-07-29 14:56:03,746 INFO image_rx_daemon: PROBE TX seq=134 phase_ms=0 size_b=16 (tx#134)

RFCO_PERTX during TX wait: profile_id=2 tx_status=0x00(OK) hop_idx=0 channel_idx=0 epoch=0 freq_hz=0 pkt_toa_us=12864 legal_dwell_used_us_10s=0

2026-07-29 14:56:03,772 INFO image_rx_daemon: command TX opcode=0x69 copy=1/1 OK (on air)

2026-07-29 14:56:06,640 INFO image_rx_daemon: published frame_id=0 2953 B → lifetrac/v25/video/tile_delta

2026-07-29 14:56:06,641 INFO image_rx_daemon: PROBE TX seq=135 phase_ms=0 size_b=16 (tx#135)

RFCO_PERTX during TX wait: profile_id=2 tx_status=0x00(OK) hop_idx=0 channel_idx=0 epoch=0 freq_hz=0 pkt_toa_us=12864 legal_dwell_used_us_10s=0

2026-07-29 14:56:06,670 INFO image_rx_daemon: command TX opcode=0x69 copy=1/1 OK (on air)

2026-07-29 14:56:08,267 INFO image_rx_daemon: published frame_id=0 2959 B → lifetrac/v25/video/tile_delta

2026-07-29 14:56:08,268 INFO image_rx_daemon: PROBE TX seq=136 phase_ms=0 size_b=16 (tx#136)

RFCO_PERTX during TX wait: profile_id=2 tx_status=0x00(OK) hop_idx=0 channel_idx=0 epoch=0 freq_hz=0 pkt_toa_us=12864 legal_dwell_used_us_10s=0

2026-07-29 14:56:08,291 INFO image_rx_daemon: command TX opcode=0x69 copy=1/1 OK (on air)

2026-07-29 14:56:08,305 INFO image_rx_daemon: PROBE ECHO seq=135 rtt=1664 ms (echo#60, delivered 60/136)

2026-07-29 14:56:08,333 INFO image_rx_daemon: PROBE ECHO seq=135 (unmatched; echo#60)

2026-07-29 14:56:08,369 INFO image_rx_daemon: PROBE ECHO seq=136 rtt=100 ms (echo#61, delivered 61/136)

2026-07-29 14:56:08,381 INFO image_rx_daemon: PROBE ECHO seq=136 (unmatched; echo#61)

2026-07-29 14:56:10,624 INFO image_rx_daemon: stats: rx_frames=2501 rx_decode_err=0 frames_published=136 publish_err=0 reassembler_decode_err=0 reassembler_timeouts=66 parity_recon=0

2026-07-29 14:56:10,625 INFO image_rx_daemon: air_gap: n=82 dt_med=104832us dt_p95=254923us len_med=247B cmd_tx_ok=153 cmd_tx_fail=0

2026-07-29 14:56:10,627 INFO image_rx_daemon: air_gap_hist(ms): <40:3 <120:65 <200:5 <400:9

2026-07-29 14:56:10,628 INFO image_rx_daemon: probe: tx=136 echo=61 (44.9% delivered) rtt_med=1536ms rtt_p95=1664ms

2026-07-29 14:56:10,629 INFO image_rx_daemon: probe_grid: p0/s0:61/136(45%)

2026-07-29 14:56:11,248 INFO image_rx_daemon: published frame_id=0 2993 B → lifetrac/v25/video/tile_delta

2026-07-29 14:56:11,249 INFO image_rx_daemon: PROBE TX seq=137 phase_ms=0 size_b=16 (tx#137)

RFCO_PERTX during TX wait: profile_id=2 tx_status=0x00(OK) hop_idx=0 channel_idx=0 epoch=0 freq_hz=0 pkt_toa_us=12864 legal_dwell_used_us_10s=0

2026-07-29 14:56:11,275 INFO image_rx_daemon: command TX opcode=0x69 copy=1/1 OK (on air)

2026-07-29 14:56:12,821 INFO image_rx_daemon: PROBE ECHO seq=137 rtt=1572 ms (echo#62, delivered 62/137)

2026-07-29 14:56:12,845 INFO image_rx_daemon: PROBE ECHO seq=137 (unmatched; echo#62)

2026-07-29 14:56:14,316 INFO image_rx_daemon: published frame_id=0 2910 B → lifetrac/v25/video/tile_delta

2026-07-29 14:56:14,316 INFO image_rx_daemon: PROBE TX seq=138 phase_ms=0 size_b=16 (tx#138)

RFCO_PERTX during TX wait: profile_id=2 tx_status=0x00(OK) hop_idx=0 channel_idx=0 epoch=0 freq_hz=0 pkt_toa_us=12864 legal_dwell_used_us_10s=0

2026-07-29 14:56:14,343 INFO image_rx_daemon: command TX opcode=0x69 copy=1/1 OK (on air)

2026-07-29 14:56:15,811 INFO image_rx_daemon: PROBE ECHO seq=138 rtt=1494 ms (echo#63, delivered 63/138)

2026-07-29 14:56:15,823 INFO image_rx_daemon: PROBE ECHO seq=138 (unmatched; echo#63)

2026-07-29 14:56:17,293 INFO image_rx_daemon: published frame_id=0 2897 B → lifetrac/v25/video/tile_delta

2026-07-29 14:56:17,293 INFO image_rx_daemon: PROBE TX seq=139 phase_ms=0 size_b=16 (tx#139)

RFCO_PERTX during TX wait: profile_id=2 tx_status=0x00(OK) hop_idx=0 channel_idx=0 epoch=0 freq_hz=0 pkt_toa_us=12864 legal_dwell_used_us_10s=0

2026-07-29 14:56:17,320 INFO image_rx_daemon: command TX opcode=0x69 copy=1/1 OK (on air)

2026-07-29 14:56:18,751 INFO image_rx_daemon: published frame_id=0 2934 B → lifetrac/v25/video/tile_delta

2026-07-29 14:56:18,752 INFO image_rx_daemon: PROBE TX seq=140 phase_ms=0 size_b=16 (tx#140)

RFCO_PERTX during TX wait: profile_id=2 tx_status=0x00(OK) hop_idx=0 channel_idx=0 epoch=0 freq_hz=0 pkt_toa_us=12864 legal_dwell_used_us_10s=0

2026-07-29 14:56:18,784 INFO image_rx_daemon: command TX opcode=0x69 copy=1/1 OK (on air)

2026-07-29 14:56:18,798 INFO image_rx_daemon: PROBE ECHO seq=139 rtt=1505 ms (echo#64, delivered 64/140)

2026-07-29 14:56:20,644 INFO image_rx_daemon: stats: rx_frames=2582 rx_decode_err=0 frames_published=140 publish_err=0 reassembler_decode_err=0 reassembler_timeouts=69 parity_recon=0

2026-07-29 14:56:20,647 INFO image_rx_daemon: air_gap: n=81 dt_med=104842us dt_p95=214181us len_med=247B cmd_tx_ok=157 cmd_tx_fail=0

2026-07-29 14:56:20,649 INFO image_rx_daemon: air_gap_hist(ms): <40:1 <80:2 <120:60 <200:11 <400:7

2026-07-29 14:56:20,650 INFO image_rx_daemon: probe: tx=140 echo=64 (45.7% delivered) rtt_med=1505ms rtt_p95=1572ms

2026-07-29 14:56:20,650 INFO image_rx_daemon: probe_grid: p0/s0:64/140(46%)

2026-07-29 14:56:21,746 INFO image_rx_daemon: published frame_id=0 2949 B → lifetrac/v25/video/tile_delta

2026-07-29 14:56:21,747 INFO image_rx_daemon: PROBE TX seq=141 phase_ms=0 size_b=16 (tx#141)

RFCO_PERTX during TX wait: profile_id=2 tx_status=0x00(OK) hop_idx=0 channel_idx=0 epoch=0 freq_hz=0 pkt_toa_us=12864 legal_dwell_used_us_10s=0

2026-07-29 14:56:21,778 INFO image_rx_daemon: command TX opcode=0x69 copy=1/1 OK (on air)

2026-07-29 14:56:24,605 INFO image_rx_daemon: published frame_id=0 2991 B → lifetrac/v25/video/tile_delta

2026-07-29 14:56:24,606 INFO image_rx_daemon: PROBE TX seq=142 phase_ms=0 size_b=16 (tx#142)

RFCO_PERTX during TX wait: profile_id=2 tx_status=0x00(OK) hop_idx=0 channel_idx=0 epoch=0 freq_hz=0 pkt_toa_us=12864 legal_dwell_used_us_10s=0

2026-07-29 14:56:24,632 INFO image_rx_daemon: command TX opcode=0x69 copy=1/1 OK (on air)

2026-07-29 14:56:26,161 INFO image_rx_daemon: published frame_id=0 2993 B → lifetrac/v25/video/tile_delta

2026-07-29 14:56:26,161 INFO image_rx_daemon: PROBE TX seq=143 phase_ms=0 size_b=16 (tx#143)

RFCO_PERTX during TX wait: profile_id=2 tx_status=0x00(OK) hop_idx=0 channel_idx=0 epoch=0 freq_hz=0 pkt_toa_us=12864 legal_dwell_used_us_10s=0

2026-07-29 14:56:26,188 INFO image_rx_daemon: command TX opcode=0x69 copy=1/1 OK (on air)

2026-07-29 14:56:26,202 INFO image_rx_daemon: PROBE ECHO seq=142 rtt=1596 ms (echo#65, delivered 65/143)

2026-07-29 14:56:29,116 INFO image_rx_daemon: published frame_id=0 2915 B → lifetrac/v25/video/tile_delta

2026-07-29 14:56:29,117 INFO image_rx_daemon: PROBE TX seq=144 phase_ms=0 size_b=16 (tx#144)

RFCO_PERTX during TX wait: profile_id=2 tx_status=0x00(OK) hop_idx=0 channel_idx=0 epoch=0 freq_hz=0 pkt_toa_us=12864 legal_dwell_used_us_10s=0

2026-07-29 14:56:29,147 INFO image_rx_daemon: command TX opcode=0x69 copy=1/1 OK (on air)

2026-07-29 14:56:30,583 INFO image_rx_daemon: published frame_id=0 2985 B → lifetrac/v25/video/tile_delta

2026-07-29 14:56:30,584 INFO image_rx_daemon: PROBE TX seq=145 phase_ms=0 size_b=16 (tx#145)

RFCO_PERTX during TX wait: profile_id=2 tx_status=0x00(OK) hop_idx=0 channel_idx=0 epoch=0 freq_hz=0 pkt_toa_us=12864 legal_dwell_used_us_10s=0

2026-07-29 14:56:30,612 INFO image_rx_daemon: command TX opcode=0x69 copy=1/1 OK (on air)

2026-07-29 14:56:30,638 INFO image_rx_daemon: PROBE ECHO seq=144 rtt=1521 ms (echo#66, delivered 66/145)

2026-07-29 14:56:30,663 INFO image_rx_daemon: stats: rx_frames=2665 rx_decode_err=0 frames_published=145 publish_err=0 reassembler_decode_err=0 reassembler_timeouts=72 parity_recon=0

2026-07-29 14:56:30,667 INFO image_rx_daemon: air_gap: n=83 dt_med=104855us dt_p95=219196us len_med=247B cmd_tx_ok=162 cmd_tx_fail=0

2026-07-29 14:56:30,672 INFO image_rx_daemon: air_gap_hist(ms): <40:2 <80:3 <120:63 <200:7 <400:8

2026-07-29 14:56:30,673 INFO image_rx_daemon: probe: tx=145 echo=66 (45.5% delivered) rtt_med=1596ms rtt_p95=1596ms

2026-07-29 14:56:30,673 INFO image_rx_daemon: probe_grid: p0/s0:66/145(46%)

2026-07-29 14:56:33,679 INFO image_rx_daemon: published frame_id=0 2986 B → lifetrac/v25/video/tile_delta

2026-07-29 14:56:33,680 INFO image_rx_daemon: PROBE TX seq=146 phase_ms=0 size_b=16 (tx#146)

2026-07-29 14:56:33,711 INFO image_rx_daemon: command TX opcode=0x69 copy=1/1 OK (on air)

RFCO_PERTX during TX wait: profile_id=2 tx_status=0x00(OK) hop_idx=0 channel_idx=0 epoch=0 freq_hz=0 pkt_toa_us=12864 legal_dwell_used_us_10s=0

2026-07-29 14:56:35,388 INFO image_rx_daemon: PROBE ECHO seq=146 rtt=1708 ms (echo#67, delivered 67/146)

2026-07-29 14:56:35,401 INFO image_rx_daemon: PROBE ECHO seq=146 (unmatched; echo#67)

2026-07-29 14:56:38,482 INFO image_rx_daemon: published frame_id=0 2892 B → lifetrac/v25/video/tile_delta

2026-07-29 14:56:38,483 INFO image_rx_daemon: PROBE TX seq=147 phase_ms=0 size_b=16 (tx#147)

RFCO_PERTX during TX wait: profile_id=2 tx_status=0x00(OK) hop_idx=0 channel_idx=0 epoch=0 freq_hz=0 pkt_toa_us=12864 legal_dwell_used_us_10s=0

2026-07-29 14:56:38,507 INFO image_rx_daemon: command TX opcode=0x69 copy=1/1 OK (on air)

2026-07-29 14:56:40,678 INFO image_rx_daemon: stats: rx_frames=2742 rx_decode_err=0 frames_published=147 publish_err=0 reassembler_decode_err=0 reassembler_timeouts=75 parity_recon=0

2026-07-29 14:56:40,681 INFO image_rx_daemon: air_gap: n=77 dt_med=104853us dt_p95=277810us len_med=247B cmd_tx_ok=164 cmd_tx_fail=0

2026-07-29 14:56:40,683 INFO image_rx_daemon: air_gap_hist(ms): <20:1 <40:3 <120:55 <200:4 <400:14

2026-07-29 14:56:40,683 INFO image_rx_daemon: probe: tx=147 echo=67 (45.6% delivered) rtt_med=1708ms rtt_p95=1708ms

2026-07-29 14:56:40,684 INFO image_rx_daemon: probe_grid: p0/s0:67/147(46%)

2026-07-29 14:56:44,325 INFO image_rx_daemon: published frame_id=0 2992 B → lifetrac/v25/video/tile_delta

2026-07-29 14:56:44,326 INFO image_rx_daemon: PROBE TX seq=148 phase_ms=0 size_b=16 (tx#148)

RFCO_PERTX during TX wait: profile_id=2 tx_status=0x00(OK) hop_idx=0 channel_idx=0 epoch=0 freq_hz=0 pkt_toa_us=12864 legal_dwell_used_us_10s=0

2026-07-29 14:56:44,352 INFO image_rx_daemon: command TX opcode=0x69 copy=1/1 OK (on air)

2026-07-29 14:56:45,843 INFO image_rx_daemon: published frame_id=0 2903 B → lifetrac/v25/video/tile_delta

2026-07-29 14:56:45,844 INFO image_rx_daemon: PROBE TX seq=149 phase_ms=0 size_b=16 (tx#149)

RFCO_PERTX during TX wait: profile_id=2 tx_status=0x00(OK) hop_idx=0 channel_idx=0 epoch=0 freq_hz=0 pkt_toa_us=12864 legal_dwell_used_us_10s=0

2026-07-29 14:56:45,870 INFO image_rx_daemon: command TX opcode=0x69 copy=1/1 OK (on air)

2026-07-29 14:56:47,270 INFO image_rx_daemon: published frame_id=0 2897 B → lifetrac/v25/video/tile_delta

2026-07-29 14:56:47,270 INFO image_rx_daemon: PROBE TX seq=150 phase_ms=0 size_b=16 (tx#150)

RFCO_PERTX during TX wait: profile_id=2 tx_status=0x00(OK) hop_idx=0 channel_idx=0 epoch=0 freq_hz=0 pkt_toa_us=12864 legal_dwell_used_us_10s=0

2026-07-29 14:56:47,293 INFO image_rx_daemon: command TX opcode=0x69 copy=1/1 OK (on air)

2026-07-29 14:56:48,771 INFO image_rx_daemon: PROBE ECHO seq=150 rtt=1500 ms (echo#68, delivered 68/150)

2026-07-29 14:56:48,795 INFO image_rx_daemon: PROBE ECHO seq=150 (unmatched; echo#68)

2026-07-29 14:56:50,694 INFO image_rx_daemon: stats: rx_frames=2823 rx_decode_err=0 frames_published=150 publish_err=0 reassembler_decode_err=0 reassembler_timeouts=79 parity_recon=0

2026-07-29 14:56:50,697 INFO image_rx_daemon: air_gap: n=81 dt_med=104834us dt_p95=219064us len_med=247B cmd_tx_ok=167 cmd_tx_fail=0

2026-07-29 14:56:50,699 INFO image_rx_daemon: air_gap_hist(ms): <20:1 <40:3 <80:1 <120:59 <200:9 <400:8

2026-07-29 14:56:50,699 INFO image_rx_daemon: probe: tx=150 echo=68 (45.3% delivered) rtt_med=1500ms rtt_p95=1500ms

2026-07-29 14:56:50,703 INFO image_rx_daemon: probe_grid: p0/s0:68/150(45%)

2026-07-29 14:56:51,824 INFO image_rx_daemon: published frame_id=0 2915 B → lifetrac/v25/video/tile_delta

2026-07-29 14:56:51,824 INFO image_rx_daemon: PROBE TX seq=151 phase_ms=0 size_b=16 (tx#151)

RFCO_PERTX during TX wait: profile_id=2 tx_status=0x00(OK) hop_idx=0 channel_idx=0 epoch=0 freq_hz=0 pkt_toa_us=12864 legal_dwell_used_us_10s=0

2026-07-29 14:56:51,851 INFO image_rx_daemon: command TX opcode=0x69 copy=1/1 OK (on air)

2026-07-29 14:56:53,368 INFO image_rx_daemon: published frame_id=0 2892 B → lifetrac/v25/video/tile_delta

2026-07-29 14:56:53,368 INFO image_rx_daemon: PROBE TX seq=152 phase_ms=0 size_b=16 (tx#152)

RFCO_PERTX during TX wait: profile_id=2 tx_status=0x00(OK) hop_idx=0 channel_idx=0 epoch=0 freq_hz=0 pkt_toa_us=12864 legal_dwell_used_us_10s=0

2026-07-29 14:56:53,394 INFO image_rx_daemon: command TX opcode=0x69 copy=1/1 OK (on air)

2026-07-29 14:56:53,408 INFO image_rx_daemon: PROBE ECHO seq=151 rtt=1583 ms (echo#69, delivered 69/152)

2026-07-29 14:56:57,788 INFO image_rx_daemon: published frame_id=0 2923 B → lifetrac/v25/video/tile_delta

2026-07-29 14:56:57,789 INFO image_rx_daemon: PROBE TX seq=153 phase_ms=0 size_b=16 (tx#153)

RFCO_PERTX during TX wait: profile_id=2 tx_status=0x00(OK) hop_idx=0 channel_idx=0 epoch=0 freq_hz=0 pkt_toa_us=12864 legal_dwell_used_us_10s=0

2026-07-29 14:56:57,815 INFO image_rx_daemon: command TX opcode=0x69 copy=1/1 OK (on air)

2026-07-29 14:56:59,284 INFO image_rx_daemon: PROBE ECHO seq=153 rtt=1494 ms (echo#70, delivered 70/153)

2026-07-29 14:56:59,306 INFO image_rx_daemon: PROBE ECHO seq=153 (unmatched; echo#70)

2026-07-29 14:57:00,705 INFO image_rx_daemon: stats: rx_frames=2905 rx_decode_err=0 frames_published=153 publish_err=0 reassembler_decode_err=0 reassembler_timeouts=82 parity_recon=0

2026-07-29 14:57:00,707 INFO image_rx_daemon: air_gap: n=82 dt_med=104871us dt_p95=209733us len_med=247B cmd_tx_ok=170 cmd_tx_fail=0

2026-07-29 14:57:00,709 INFO image_rx_daemon: air_gap_hist(ms): <20:1 <80:1 <120:63 <200:11 <400:6

2026-07-29 14:57:00,710 INFO image_rx_daemon: probe: tx=153 echo=70 (45.8% delivered) rtt_med=1583ms rtt_p95=1583ms

2026-07-29 14:57:00,711 INFO image_rx_daemon: probe_grid: p0/s0:70/153(46%)

2026-07-29 14:57:05,303 INFO image_rx_daemon: published frame_id=0 2897 B → lifetrac/v25/video/tile_delta

2026-07-29 14:57:05,304 INFO image_rx_daemon: PROBE TX seq=154 phase_ms=0 size_b=16 (tx#154)

RFCO_PERTX during TX wait: profile_id=2 tx_status=0x00(OK) hop_idx=0 channel_idx=0 epoch=0 freq_hz=0 pkt_toa_us=12864 legal_dwell_used_us_10s=0

2026-07-29 14:57:05,330 INFO image_rx_daemon: command TX opcode=0x69 copy=1/1 OK (on air)

2026-07-29 14:57:06,852 INFO image_rx_daemon: published frame_id=0 2934 B → lifetrac/v25/video/tile_delta

2026-07-29 14:57:06,853 INFO image_rx_daemon: PROBE TX seq=155 phase_ms=0 size_b=16 (tx#155)

RFCO_PERTX during TX wait: profile_id=2 tx_status=0x00(OK) hop_idx=0 channel_idx=0 epoch=0 freq_hz=0 pkt_toa_us=12864 legal_dwell_used_us_10s=0

2026-07-29 14:57:06,879 INFO image_rx_daemon: command TX opcode=0x69 copy=1/1 OK (on air)

2026-07-29 14:57:06,892 INFO image_rx_daemon: PROBE ECHO seq=154 rtt=1588 ms (echo#71, delivered 71/155)

2026-07-29 14:57:06,919 INFO image_rx_daemon: PROBE ECHO seq=154 (unmatched; echo#71)

2026-07-29 14:57:08,316 INFO image_rx_daemon: published frame_id=0 2953 B → lifetrac/v25/video/tile_delta

2026-07-29 14:57:08,318 INFO image_rx_daemon: PROBE TX seq=156 phase_ms=0 size_b=16 (tx#156)

RFCO_PERTX during TX wait: profile_id=2 tx_status=0x00(OK) hop_idx=0 channel_idx=0 epoch=0 freq_hz=0 pkt_toa_us=12864 legal_dwell_used_us_10s=0

2026-07-29 14:57:08,344 INFO image_rx_daemon: command TX opcode=0x69 copy=1/1 OK (on air)

2026-07-29 14:57:09,767 INFO image_rx_daemon: published frame_id=0 2985 B → lifetrac/v25/video/tile_delta

2026-07-29 14:57:09,768 INFO image_rx_daemon: PROBE TX seq=157 phase_ms=0 size_b=16 (tx#157)

RFCO_PERTX during TX wait: profile_id=2 tx_status=0x00(OK) hop_idx=0 channel_idx=0 epoch=0 freq_hz=0 pkt_toa_us=12864 legal_dwell_used_us_10s=0

2026-07-29 14:57:09,795 INFO image_rx_daemon: command TX opcode=0x69 copy=1/1 OK (on air)

2026-07-29 14:57:09,824 INFO image_rx_daemon: PROBE ECHO seq=156 rtt=1505 ms (echo#72, delivered 72/157)

2026-07-29 14:57:10,723 INFO image_rx_daemon: stats: rx_frames=2988 rx_decode_err=0 frames_published=157 publish_err=0 reassembler_decode_err=0 reassembler_timeouts=86 parity_recon=0

2026-07-29 14:57:10,724 INFO image_rx_daemon: air_gap: n=83 dt_med=104861us dt_p95=275988us len_med=247B cmd_tx_ok=174 cmd_tx_fail=0

2026-07-29 14:57:10,727 INFO image_rx_daemon: air_gap_hist(ms): <40:3 <80:1 <120:65 <200:7 <400:7

2026-07-29 14:57:10,728 INFO image_rx_daemon: probe: tx=157 echo=72 (45.9% delivered) rtt_med=1588ms rtt_p95=1588ms

2026-07-29 14:57:10,729 INFO image_rx_daemon: probe_grid: p0/s0:72/157(46%)

2026-07-29 14:57:11,308 INFO image_rx_daemon: published frame_id=0 2953 B → lifetrac/v25/video/tile_delta

2026-07-29 14:57:11,309 INFO image_rx_daemon: PROBE TX seq=158 phase_ms=0 size_b=16 (tx#158)

RFCO_PERTX during TX wait: profile_id=2 tx_status=0x00(OK) hop_idx=0 channel_idx=0 epoch=0 freq_hz=0 pkt_toa_us=12864 legal_dwell_used_us_10s=0

2026-07-29 14:57:11,341 INFO image_rx_daemon: command TX opcode=0x69 copy=1/1 OK (on air)

2026-07-29 14:57:12,775 INFO image_rx_daemon: published frame_id=0 2991 B → lifetrac/v25/video/tile_delta

2026-07-29 14:57:12,775 INFO image_rx_daemon: PROBE TX seq=159 phase_ms=0 size_b=16 (tx#159)

RFCO_PERTX during TX wait: profile_id=2 tx_status=0x00(OK) hop_idx=0 channel_idx=0 epoch=0 freq_hz=0 pkt_toa_us=12864 legal_dwell_used_us_10s=0

2026-07-29 14:57:12,801 INFO image_rx_daemon: command TX opcode=0x69 copy=1/1 OK (on air)

2026-07-29 14:57:12,814 INFO image_rx_daemon: PROBE ECHO seq=158 rtt=1505 ms (echo#73, delivered 73/159)

2026-07-29 14:57:14,322 INFO image_rx_daemon: published frame_id=0 2993 B → lifetrac/v25/video/tile_delta

2026-07-29 14:57:14,323 INFO image_rx_daemon: PROBE TX seq=160 phase_ms=0 size_b=16 (tx#160)

RFCO_PERTX during TX wait: profile_id=2 tx_status=0x00(OK) hop_idx=0 channel_idx=0 epoch=0 freq_hz=0 pkt_toa_us=12864 legal_dwell_used_us_10s=0

2026-07-29 14:57:14,349 INFO image_rx_daemon: command TX opcode=0x69 copy=1/1 OK (on air)

2026-07-29 14:57:15,828 INFO image_rx_daemon: published frame_id=0 2897 B → lifetrac/v25/video/tile_delta

2026-07-29 14:57:15,829 INFO image_rx_daemon: PROBE TX seq=161 phase_ms=0 size_b=16 (tx#161)

INFO: unrelated frame during TX wait type=0x91

RFCO_PERTX during TX wait: profile_id=2 tx_status=0x00(OK) hop_idx=0 channel_idx=0 epoch=0 freq_hz=0 pkt_toa_us=12864 legal_dwell_used_us_10s=0

2026-07-29 14:57:15,860 INFO image_rx_daemon: command TX opcode=0x69 copy=1/1 OK (on air)

2026-07-29 14:57:18,745 INFO image_rx_daemon: published frame_id=0 2985 B → lifetrac/v25/video/tile_delta

2026-07-29 14:57:18,746 INFO image_rx_daemon: PROBE TX seq=162 phase_ms=0 size_b=16 (tx#162)

RFCO_PERTX during TX wait: profile_id=2 tx_status=0x00(OK) hop_idx=0 channel_idx=0 epoch=0 freq_hz=0 pkt_toa_us=12864 legal_dwell_used_us_10s=0

2026-07-29 14:57:18,772 INFO image_rx_daemon: command TX opcode=0x69 copy=1/1 OK (on air)

2026-07-29 14:57:20,406 INFO image_rx_daemon: published frame_id=0 2975 B → lifetrac/v25/video/tile_delta

2026-07-29 14:57:20,407 INFO image_rx_daemon: PROBE TX seq=163 phase_ms=0 size_b=16 (tx#163)

RFCO_PERTX during TX wait: profile_id=2 tx_status=0x00(OK) hop_idx=0 channel_idx=0 epoch=0 freq_hz=0 pkt_toa_us=12864 legal_dwell_used_us_10s=0

2026-07-29 14:57:20,439 INFO image_rx_daemon: command TX opcode=0x69 copy=1/1 OK (on air)

2026-07-29 14:57:20,453 INFO image_rx_daemon: PROBE ECHO seq=162 rtt=1708 ms (echo#74, delivered 74/163)

2026-07-29 14:57:20,739 INFO image_rx_daemon: stats: rx_frames=3070 rx_decode_err=0 frames_published=163 publish_err=0 reassembler_decode_err=0 reassembler_timeouts=87 parity_recon=0

2026-07-29 14:57:20,741 INFO image_rx_daemon: air_gap: n=82 dt_med=104863us dt_p95=220262us len_med=247B cmd_tx_ok=180 cmd_tx_fail=0

2026-07-29 14:57:20,743 INFO image_rx_daemon: air_gap_hist(ms): <40:3 <80:2 <120:61 <200:8 <400:8

2026-07-29 14:57:20,744 INFO image_rx_daemon: probe: tx=163 echo=74 (45.4% delivered) rtt_med=1708ms rtt_p95=1708ms

2026-07-29 14:57:20,745 INFO image_rx_daemon: probe_grid: p0/s0:74/163(45%)

2026-07-29 14:57:21,963 INFO image_rx_daemon: published frame_id=0 2986 B → lifetrac/v25/video/tile_delta

2026-07-29 14:57:21,964 INFO image_rx_daemon: PROBE TX seq=164 phase_ms=0 size_b=16 (tx#164)

2026-07-29 14:57:21,996 INFO image_rx_daemon: command TX opcode=0x69 copy=1/1 OK (on air)

RFCO_PERTX during TX wait: profile_id=2 tx_status=0x00(OK) hop_idx=0 channel_idx=0 epoch=0 freq_hz=0 pkt_toa_us=12864 legal_dwell_used_us_10s=0

2026-07-29 14:57:23,436 INFO image_rx_daemon: published frame_id=0 2915 B → lifetrac/v25/video/tile_delta

2026-07-29 14:57:23,436 INFO image_rx_daemon: PROBE TX seq=165 phase_ms=0 size_b=16 (tx#165)

INFO: unrelated frame during TX wait type=0x91

RFCO_PERTX during TX wait: profile_id=2 tx_status=0x00(OK) hop_idx=0 channel_idx=0 epoch=0 freq_hz=0 pkt_toa_us=12864 legal_dwell_used_us_10s=0

2026-07-29 14:57:23,462 INFO image_rx_daemon: command TX opcode=0x69 copy=1/1 OK (on air)

2026-07-29 14:57:26,343 INFO image_rx_daemon: published frame_id=0 2953 B → lifetrac/v25/video/tile_delta

2026-07-29 14:57:26,344 INFO image_rx_daemon: PROBE TX seq=166 phase_ms=0 size_b=16 (tx#166)

RFCO_PERTX during TX wait: profile_id=2 tx_status=0x00(OK) hop_idx=0 channel_idx=0 epoch=0 freq_hz=0 pkt_toa_us=12864 legal_dwell_used_us_10s=0

2026-07-29 14:57:26,371 INFO image_rx_daemon: command TX opcode=0x69 copy=1/1 OK (on air)

2026-07-29 14:57:27,819 INFO image_rx_daemon: PROBE ECHO seq=166 rtt=1474 ms (echo#75, delivered 75/166)

2026-07-29 14:57:27,843 INFO image_rx_daemon: PROBE ECHO seq=166 (unmatched; echo#75)

2026-07-29 14:57:29,269 INFO image_rx_daemon: published frame_id=0 2991 B → lifetrac/v25/video/tile_delta

2026-07-29 14:57:29,270 INFO image_rx_daemon: PROBE TX seq=167 phase_ms=0 size_b=16 (tx#167)

RFCO_PERTX during TX wait: profile_id=2 tx_status=0x00(OK) hop_idx=0 channel_idx=0 epoch=0 freq_hz=0 pkt_toa_us=12864 legal_dwell_used_us_10s=0

2026-07-29 14:57:29,296 INFO image_rx_daemon: command TX opcode=0x69 copy=1/1 OK (on air)

2026-07-29 14:57:30,759 INFO image_rx_daemon: stats: rx_frames=3151 rx_decode_err=0 frames_published=167 publish_err=0 reassembler_decode_err=0 reassembler_timeouts=89 parity_recon=0

2026-07-29 14:57:30,761 INFO image_rx_daemon: air_gap: n=81 dt_med=104855us dt_p95=229650us len_med=247B cmd_tx_ok=184 cmd_tx_fail=0

2026-07-29 14:57:30,763 INFO image_rx_daemon: air_gap_hist(ms): <40:2 <80:1 <120:62 <200:9 <400:7

2026-07-29 14:57:30,764 INFO image_rx_daemon: probe: tx=167 echo=75 (44.9% delivered) rtt_med=1474ms rtt_p95=1474ms

2026-07-29 14:57:30,765 INFO image_rx_daemon: probe_grid: p0/s0:75/167(45%)

2026-07-29 14:57:30,935 INFO image_rx_daemon: PROBE ECHO seq=167 rtt=1665 ms (echo#76, delivered 76/167)

2026-07-29 14:57:30,947 INFO image_rx_daemon: PROBE ECHO seq=167 (unmatched; echo#76)

2026-07-29 14:57:32,422 INFO image_rx_daemon: published frame_id=0 2897 B → lifetrac/v25/video/tile_delta

2026-07-29 14:57:32,422 INFO image_rx_daemon: PROBE TX seq=168 phase_ms=0 size_b=16 (tx#168)

RFCO_PERTX during TX wait: profile_id=2 tx_status=0x00(OK) hop_idx=0 channel_idx=0 epoch=0 freq_hz=0 pkt_toa_us=12864 legal_dwell_used_us_10s=0

2026-07-29 14:57:32,448 INFO image_rx_daemon: command TX opcode=0x69 copy=1/1 OK (on air)

2026-07-29 14:57:35,515 INFO image_rx_daemon: published frame_id=0 2983 B → lifetrac/v25/video/tile_delta

2026-07-29 14:57:35,516 INFO image_rx_daemon: PROBE TX seq=169 phase_ms=0 size_b=16 (tx#169)

RFCO_PERTX during TX wait: profile_id=2 tx_status=0x00(OK) hop_idx=0 channel_idx=0 epoch=0 freq_hz=0 pkt_toa_us=12864 legal_dwell_used_us_10s=0

2026-07-29 14:57:35,542 INFO image_rx_daemon: command TX opcode=0x69 copy=1/1 OK (on air)

2026-07-29 14:57:36,966 INFO image_rx_daemon: PROBE ECHO seq=169 rtt=1450 ms (echo#77, delivered 77/169)

2026-07-29 14:57:36,993 INFO image_rx_daemon: PROBE ECHO seq=169 (unmatched; echo#77)

2026-07-29 14:57:39,858 INFO image_rx_daemon: published frame_id=0 2953 B → lifetrac/v25/video/tile_delta

2026-07-29 14:57:39,859 INFO image_rx_daemon: PROBE TX seq=170 phase_ms=0 size_b=16 (tx#170)

RFCO_PERTX during TX wait: profile_id=2 tx_status=0x00(OK) hop_idx=0 channel_idx=0 epoch=0 freq_hz=0 pkt_toa_us=12864 legal_dwell_used_us_10s=0

2026-07-29 14:57:39,885 INFO image_rx_daemon: command TX opcode=0x69 copy=1/1 OK (on air)

2026-07-29 14:57:40,775 INFO image_rx_daemon: stats: rx_frames=3231 rx_decode_err=0 frames_published=170 publish_err=0 reassembler_decode_err=0 reassembler_timeouts=93 parity_recon=0

2026-07-29 14:57:40,778 INFO image_rx_daemon: air_gap: n=80 dt_med=104865us dt_p95=262196us len_med=247B cmd_tx_ok=187 cmd_tx_fail=0

2026-07-29 14:57:40,782 INFO image_rx_daemon: air_gap_hist(ms): <40:4 <120:58 <200:8 <400:10

2026-07-29 14:57:40,783 INFO image_rx_daemon: probe: tx=170 echo=77 (45.3% delivered) rtt_med=1665ms rtt_p95=1665ms

2026-07-29 14:57:40,784 INFO image_rx_daemon: probe_grid: p0/s0:77/170(45%)

2026-07-29 14:57:41,300 INFO image_rx_daemon: published frame_id=0 2949 B → lifetrac/v25/video/tile_delta

2026-07-29 14:57:41,301 INFO image_rx_daemon: PROBE TX seq=171 phase_ms=0 size_b=16 (tx#171)

RFCO_PERTX during TX wait: profile_id=2 tx_status=0x00(OK) hop_idx=0 channel_idx=0 epoch=0 freq_hz=0 pkt_toa_us=12864 legal_dwell_used_us_10s=0

2026-07-29 14:57:41,327 INFO image_rx_daemon: command TX opcode=0x69 copy=1/1 OK (on air)

2026-07-29 14:57:41,340 INFO image_rx_daemon: PROBE ECHO seq=170 rtt=1482 ms (echo#78, delivered 78/171)

2026-07-29 14:57:41,364 INFO image_rx_daemon: PROBE ECHO seq=170 (unmatched; echo#78)

2026-07-29 14:57:41,399 INFO image_rx_daemon: PROBE ECHO seq=171 rtt=98 ms (echo#79, delivered 79/171)

2026-07-29 14:57:41,412 INFO image_rx_daemon: PROBE ECHO seq=171 (unmatched; echo#79)

2026-07-29 14:57:42,796 INFO image_rx_daemon: published frame_id=0 2892 B → lifetrac/v25/video/tile_delta

2026-07-29 14:57:42,796 INFO image_rx_daemon: PROBE TX seq=172 phase_ms=0 size_b=16 (tx#172)

RFCO_PERTX during TX wait: profile_id=2 tx_status=0x00(OK) hop_idx=0 channel_idx=0 epoch=0 freq_hz=0 pkt_toa_us=12864 legal_dwell_used_us_10s=0

2026-07-29 14:57:42,823 INFO image_rx_daemon: command TX opcode=0x69 copy=1/1 OK (on air)

2026-07-29 14:57:44,307 INFO image_rx_daemon: PROBE ECHO seq=172 rtt=1510 ms (echo#80, delivered 80/172)

2026-07-29 14:57:44,334 INFO image_rx_daemon: PROBE ECHO seq=172 (unmatched; echo#80)

2026-07-29 14:57:45,800 INFO image_rx_daemon: published frame_id=0 2923 B → lifetrac/v25/video/tile_delta

2026-07-29 14:57:45,801 INFO image_rx_daemon: PROBE TX seq=173 phase_ms=0 size_b=16 (tx#173)

RFCO_PERTX during TX wait: profile_id=2 tx_status=0x00(OK) hop_idx=0 channel_idx=0 epoch=0 freq_hz=0 pkt_toa_us=12864 legal_dwell_used_us_10s=0

2026-07-29 14:57:45,827 INFO image_rx_daemon: command TX opcode=0x69 copy=1/1 OK (on air)

2026-07-29 14:57:47,280 INFO image_rx_daemon: published frame_id=0 2993 B → lifetrac/v25/video/tile_delta

2026-07-29 14:57:47,281 INFO image_rx_daemon: PROBE TX seq=174 phase_ms=0 size_b=16 (tx#174)

RFCO_PERTX during TX wait: profile_id=2 tx_status=0x00(OK) hop_idx=0 channel_idx=0 epoch=0 freq_hz=0 pkt_toa_us=12864 legal_dwell_used_us_10s=0

2026-07-29 14:57:47,307 INFO image_rx_daemon: command TX opcode=0x69 copy=1/1 OK (on air)

2026-07-29 14:57:47,321 INFO image_rx_daemon: PROBE ECHO seq=173 rtt=1520 ms (echo#81, delivered 81/174)

2026-07-29 14:57:48,935 INFO image_rx_daemon: published frame_id=0 2992 B → lifetrac/v25/video/tile_delta

2026-07-29 14:57:48,935 INFO image_rx_daemon: PROBE TX seq=175 phase_ms=0 size_b=16 (tx#175)

RFCO_PERTX during TX wait: profile_id=2 tx_status=0x00(OK) hop_idx=0 channel_idx=0 epoch=0 freq_hz=0 pkt_toa_us=12864 legal_dwell_used_us_10s=0

2026-07-29 14:57:48,961 INFO image_rx_daemon: command TX opcode=0x69 copy=1/1 OK (on air)

2026-07-29 14:57:50,335 INFO image_rx_daemon: PROBE ECHO seq=175 rtt=1400 ms (echo#82, delivered 82/175)

2026-07-29 14:57:50,369 INFO image_rx_daemon: PROBE ECHO seq=175 (unmatched; echo#82)

2026-07-29 14:57:50,803 INFO image_rx_daemon: stats: rx_frames=3314 rx_decode_err=0 frames_published=175 publish_err=0 reassembler_decode_err=0 reassembler_timeouts=94 parity_recon=0

2026-07-29 14:57:50,806 INFO image_rx_daemon: air_gap: n=83 dt_med=104853us dt_p95=220523us len_med=247B cmd_tx_ok=192 cmd_tx_fail=0

2026-07-29 14:57:50,810 INFO image_rx_daemon: air_gap_hist(ms): <20:1 <40:1 <80:2 <120:63 <200:9 <400:7

2026-07-29 14:57:50,811 INFO image_rx_daemon: probe: tx=175 echo=82 (46.9% delivered) rtt_med=1482ms rtt_p95=1520ms

2026-07-29 14:57:50,814 INFO image_rx_daemon: probe_grid: p0/s0:82/175(47%)

2026-07-29 14:57:51,783 INFO image_rx_daemon: published frame_id=0 2905 B → lifetrac/v25/video/tile_delta

2026-07-29 14:57:51,783 INFO image_rx_daemon: PROBE TX seq=176 phase_ms=0 size_b=16 (tx#176)

RFCO_PERTX during TX wait: profile_id=2 tx_status=0x00(OK) hop_idx=0 channel_idx=0 epoch=0 freq_hz=0 pkt_toa_us=12864 legal_dwell_used_us_10s=0

2026-07-29 14:57:51,810 INFO image_rx_daemon: command TX opcode=0x69 copy=1/1 OK (on air)

2026-07-29 14:57:53,219 INFO image_rx_daemon: published frame_id=0 2897 B → lifetrac/v25/video/tile_delta

2026-07-29 14:57:53,220 INFO image_rx_daemon: PROBE TX seq=177 phase_ms=0 size_b=16 (tx#177)

INFO: unrelated frame during TX wait type=0x91

RFCO_PERTX during TX wait: profile_id=2 tx_status=0x00(OK) hop_idx=0 channel_idx=0 epoch=0 freq_hz=0 pkt_toa_us=12864 legal_dwell_used_us_10s=0

2026-07-29 14:57:53,246 INFO image_rx_daemon: command TX opcode=0x69 copy=1/1 OK (on air)

2026-07-29 14:57:54,668 INFO image_rx_daemon: published frame_id=0 2934 B → lifetrac/v25/video/tile_delta

2026-07-29 14:57:54,669 INFO image_rx_daemon: PROBE TX seq=178 phase_ms=0 size_b=16 (tx#178)

RFCO_PERTX during TX wait: profile_id=2 tx_status=0x00(OK) hop_idx=0 channel_idx=0 epoch=0 freq_hz=0 pkt_toa_us=12864 legal_dwell_used_us_10s=0

2026-07-29 14:57:54,695 INFO image_rx_daemon: command TX opcode=0x69 copy=1/1 OK (on air)

