2026-09-14 16:25:40,977 INFO image_rx_daemon: opening L072 HostLink on /dev/ttymxc3 @ 921600

2026-09-14 16:25:40,980 INFO image_rx_daemon: ctrl MQTT connected (192.168.1.79)

2026-09-14 16:25:40,981 INFO image_rx_daemon: image_rx_daemon started; mqtt=127.0.0.1:1883 uart=/dev/ttymxc3

2026-09-14 16:25:40,991 INFO image_rx_daemon: MQTT connected; ready to publish lifetrac/v25/video/tile_delta

2026-09-14 16:25:40,994 INFO image_rx_daemon: LIFETRAC_SKIP_RESET_REQ=1 — relying on external NRST; draining boot chatter only

2026-09-14 16:25:41,428 INFO image_rx_daemon: L072 VER warm-up ok (attempt 1)

Initializing regulatory profile 1 on co-processor...

  FHSS mask: WIDE (50 channels) [LIFETRAC_FHSS_WIDE_MASK=1]

CFG_SET_REQ(FHSS_CHANNEL_MASK) OK: 07000800

CFG_SET_REQ(ANTENNA_GAIN_DBI) OK: 15000100

CFG_SET_REQ(HW_CEILING_DBM) OK: 16000100

  FHSS seed: (0,0) legacy shared permutation [set LIFETRAC_FHSS_FARM_ID / LIFETRAC_FHSS_LINK_ID to separate pairs]

CFG_SET_REQ(FHSS_FARM_ID) OK: 17000800

CFG_SET_REQ(FHSS_NODE_ID) OK: 18000800

CFG_SET_REQ(REG_PROFILE=1) OK: 14000100

2026-09-14 16:25:41,793 INFO image_rx_daemon: LBT_ENABLE=0 (command uplink shares the image channel)

PHY contract OK: image_bw250 == {'sf': 7, 'bw_khz': 250, 'cr_den': 5, 'preamble': 8}

2026-09-14 16:25:41,855 INFO image_rx_daemon: SX1276 already in RXCONT (opmode=0x85)

2026-09-14 16:25:41,856 INFO image_rx_daemon: RX worker ready; draining RX_FRAME_URC...

2026-09-14 16:25:41,979 INFO image_rx_daemon: stats: rx_frames=0 rx_decode_err=0 frames_published=0 publish_err=0 reassembler_decode_err=0 reassembler_timeouts=0 parity_recon=0 idle_drain_deferred=0 cmd_cooldown_drops=0 cmd_gate_held=0 cmd_copies_deferred=0

2026-09-14 16:25:51,984 INFO image_rx_daemon: stats: rx_frames=0 rx_decode_err=0 frames_published=0 publish_err=0 reassembler_decode_err=0 reassembler_timeouts=0 parity_recon=0 idle_drain_deferred=0 cmd_cooldown_drops=0 cmd_gate_held=0 cmd_copies_deferred=0

2026-09-14 16:26:01,988 INFO image_rx_daemon: stats: rx_frames=0 rx_decode_err=0 frames_published=0 publish_err=0 reassembler_decode_err=0 reassembler_timeouts=0 parity_recon=0 idle_drain_deferred=0 cmd_cooldown_drops=0 cmd_gate_held=0 cmd_copies_deferred=0

2026-09-14 16:26:10,048 INFO image_rx_daemon: frag_arrival: seq=6 idx=6 total=15 fw_us=2266402579 len=207

2026-09-14 16:26:10,247 INFO image_rx_daemon: frag_arrival: seq=6 idx=7 total=15 fw_us=2266602331 len=207

2026-09-14 16:26:10,652 INFO image_rx_daemon: frag_arrival: seq=6 idx=8 total=15 fw_us=2267001766 len=207

2026-09-14 16:26:10,845 INFO image_rx_daemon: frag_arrival: seq=6 idx=9 total=15 fw_us=2267201527 len=207

2026-09-14 16:26:11,043 INFO image_rx_daemon: frag_arrival: seq=6 idx=10 total=15 fw_us=2267401278 len=207

2026-09-14 16:26:11,248 INFO image_rx_daemon: frag_arrival: seq=6 idx=11 total=15 fw_us=2267601023 len=207

2026-09-14 16:26:11,448 INFO image_rx_daemon: frag_arrival: seq=6 idx=12 total=15 fw_us=2267800805 len=207

2026-09-14 16:26:11,640 INFO image_rx_daemon: frag_arrival: seq=6 idx=13 total=15 fw_us=2268000577 len=207

2026-09-14 16:26:11,721 INFO image_rx_daemon: frag_arrival: seq=6 idx=14 total=15 fw_us=2268091612 len=59

2026-09-14 16:26:11,993 INFO image_rx_daemon: stats: rx_frames=9 rx_decode_err=0 frames_published=0 publish_err=0 reassembler_decode_err=0 reassembler_timeouts=0 parity_recon=0 idle_drain_deferred=2 cmd_cooldown_drops=0 cmd_gate_held=0 cmd_copies_deferred=0

2026-09-14 16:26:11,994 INFO image_rx_daemon: air_gap: n=8 dt_med=199761us dt_p95=399435us len_med=207B cmd_tx_ok=0 cmd_tx_fail=0

2026-09-14 16:26:11,995 INFO image_rx_daemon: air_gap_hist(ms): <120:1 <200:6 <400:1

2026-09-14 16:26:11,996 INFO image_rx_daemon: rx_rf: n_rssi=9 n_snr=9 rssi[min/med/max]=-65/-60/-59 snr[min/med/max]=9.0/10.0/10.0

2026-09-14 16:26:11,997 INFO image_rx_daemon: phase_telemetry: valid=9 invalid=0 pre_f8=0 last_epoch=1 last_hop=20 slot_off=[14..14]

2026-09-14 16:26:11,998 INFO image_rx_daemon: air_gap_by_class: seq: n=8 med=199.8ms

2026-09-14 16:26:12,240 INFO image_rx_daemon: frag_arrival: seq=12 idx=0 total=15 fw_us=2268600522 len=207

2026-09-14 16:26:12,640 INFO image_rx_daemon: frag_arrival: seq=12 idx=1 total=15 fw_us=2268999256 len=207

2026-09-14 16:26:12,844 INFO image_rx_daemon: frag_arrival: seq=12 idx=2 total=15 fw_us=2269199022 len=207

2026-09-14 16:26:13,042 INFO image_rx_daemon: frag_arrival: seq=12 idx=3 total=15 fw_us=2269398749 len=207

2026-09-14 16:26:13,244 INFO image_rx_daemon: frag_arrival: seq=12 idx=4 total=15 fw_us=2269598535 len=207

2026-09-14 16:26:13,448 INFO image_rx_daemon: frag_arrival: seq=12 idx=5 total=15 fw_us=2269798355 len=207

2026-09-14 16:26:13,643 INFO image_rx_daemon: frag_arrival: seq=12 idx=6 total=15 fw_us=2269998142 len=207

2026-09-14 16:26:13,844 INFO image_rx_daemon: frag_arrival: seq=12 idx=7 total=15 fw_us=2270197934 len=207

2026-09-14 16:26:14,242 INFO image_rx_daemon: frag_arrival: seq=12 idx=8 total=15 fw_us=2270597495 len=207

2026-09-14 16:26:14,444 INFO image_rx_daemon: frag_arrival: seq=12 idx=9 total=15 fw_us=2270797267 len=207

2026-09-14 16:26:14,648 INFO image_rx_daemon: frag_arrival: seq=12 idx=10 total=15 fw_us=2270998078 len=207

2026-09-14 16:26:14,840 INFO image_rx_daemon: frag_arrival: seq=12 idx=11 total=15 fw_us=2271196855 len=207

2026-09-14 16:26:15,035 INFO image_rx_daemon: frag_arrival: seq=12 idx=12 total=15 fw_us=2271396570 len=207

2026-09-14 16:26:15,247 INFO image_rx_daemon: frag_arrival: seq=12 idx=13 total=15 fw_us=2271596336 len=207

2026-09-14 16:26:15,375 INFO image_rx_daemon: frag_arrival: seq=12 idx=14 total=15 fw_us=2271728799 len=115

2026-09-14 16:26:15,377 INFO image_rx_daemon: published frame_id=0 seq=12 2953 B → lifetrac/v25/video/tile_delta

2026-09-14 16:26:15,842 INFO image_rx_daemon: frag_arrival: seq=20 idx=0 total=15 fw_us=2272195640 len=207

2026-09-14 16:26:16,244 INFO image_rx_daemon: frag_arrival: seq=20 idx=1 total=15 fw_us=2272595199 len=207

2026-09-14 16:26:16,444 INFO image_rx_daemon: frag_arrival: seq=20 idx=2 total=15 fw_us=2272794939 len=207

2026-09-14 16:26:16,644 INFO image_rx_daemon: frag_arrival: seq=20 idx=3 total=15 fw_us=2272994671 len=207

2026-09-14 16:26:16,838 INFO image_rx_daemon: frag_arrival: seq=20 idx=4 total=15 fw_us=2273194386 len=207

2026-09-14 16:26:17,029 INFO image_rx_daemon: frag_arrival: seq=20 idx=5 total=15 fw_us=2273394081 len=207

2026-09-14 16:26:17,241 INFO image_rx_daemon: frag_arrival: seq=20 idx=6 total=15 fw_us=2273593818 len=207

2026-09-14 16:26:17,444 INFO image_rx_daemon: frag_arrival: seq=20 idx=7 total=15 fw_us=2273793510 len=207

2026-09-14 16:26:17,846 INFO image_rx_daemon: frag_arrival: seq=20 idx=8 total=15 fw_us=2274192941 len=207

2026-09-14 16:26:18,027 INFO image_rx_daemon: frag_arrival: seq=20 idx=9 total=15 fw_us=2274392652 len=207

2026-09-14 16:26:18,236 INFO image_rx_daemon: frag_arrival: seq=20 idx=10 total=15 fw_us=2274592378 len=207

2026-09-14 16:26:18,440 INFO image_rx_daemon: frag_arrival: seq=20 idx=11 total=15 fw_us=2274792081 len=207

2026-09-14 16:26:18,644 INFO image_rx_daemon: frag_arrival: seq=20 idx=12 total=15 fw_us=2274991763 len=207

2026-09-14 16:26:18,840 INFO image_rx_daemon: frag_arrival: seq=20 idx=13 total=15 fw_us=2275191487 len=207

2026-09-14 16:26:18,981 INFO image_rx_daemon: frag_arrival: seq=20 idx=14 total=15 fw_us=2275329165 len=121

2026-09-14 16:26:18,982 INFO image_rx_daemon: published frame_id=0 seq=20 2959 B → lifetrac/v25/video/tile_delta

2026-09-14 16:26:19,441 INFO image_rx_daemon: frag_arrival: seq=27 idx=0 total=15 fw_us=2275790850 len=207

2026-09-14 16:26:19,847 INFO image_rx_daemon: frag_arrival: seq=27 idx=1 total=15 fw_us=2276190368 len=207

2026-09-14 16:26:20,028 INFO image_rx_daemon: frag_arrival: seq=27 idx=2 total=15 fw_us=2276390174 len=207

2026-09-14 16:26:20,244 INFO image_rx_daemon: frag_arrival: seq=27 idx=3 total=15 fw_us=2276589982 len=207

2026-09-14 16:26:20,439 INFO image_rx_daemon: frag_arrival: seq=27 idx=4 total=15 fw_us=2276789786 len=207

2026-09-14 16:26:20,637 INFO image_rx_daemon: frag_arrival: seq=27 idx=5 total=15 fw_us=2276989573 len=207

2026-09-14 16:26:20,840 INFO image_rx_daemon: frag_arrival: seq=27 idx=6 total=15 fw_us=2277189406 len=207

2026-09-14 16:26:21,044 INFO image_rx_daemon: frag_arrival: seq=27 idx=7 total=15 fw_us=2277389306 len=207

2026-09-14 16:26:21,436 INFO image_rx_daemon: frag_arrival: seq=27 idx=8 total=15 fw_us=2277789050 len=207

2026-09-14 16:26:21,642 INFO image_rx_daemon: frag_arrival: seq=27 idx=9 total=15 fw_us=2277988920 len=207

2026-09-14 16:26:21,839 INFO image_rx_daemon: frag_arrival: seq=27 idx=10 total=15 fw_us=2278188793 len=207

2026-09-14 16:26:22,001 INFO image_rx_daemon: stats: rx_frames=50 rx_decode_err=0 frames_published=2 publish_err=0 reassembler_decode_err=0 reassembler_timeouts=1 parity_recon=0 idle_drain_deferred=11 cmd_cooldown_drops=0 cmd_gate_held=0 cmd_copies_deferred=0

2026-09-14 16:26:22,003 INFO image_rx_daemon: air_gap: n=41 dt_med=199787us dt_p95=461685us len_med=207B cmd_tx_ok=0 cmd_tx_fail=0

2026-09-14 16:26:22,005 INFO image_rx_daemon: air_gap_hist(ms): <200:31 <400:7 <1000:3

2026-09-14 16:26:22,006 INFO image_rx_daemon: rx_rf: n_rssi=41 n_snr=41 rssi[min/med/max]=-64/-62/-59 snr[min/med/max]=9.0/10.0/12.0

2026-09-14 16:26:22,006 INFO image_rx_daemon: phase_telemetry: valid=41 invalid=0 pre_f8=0 last_epoch=2 last_hop=20 slot_off=[14..15]

2026-09-14 16:26:22,008 INFO image_rx_daemon: air_gap_by_class: seq: n=38 med=199.8ms | boundary: n=3 med=466.8ms

2026-09-14 16:26:22,021 INFO image_rx_daemon: frag_arrival: seq=27 idx=11 total=15 fw_us=2278388649 len=207

2026-09-14 16:26:22,236 INFO image_rx_daemon: frag_arrival: seq=27 idx=12 total=15 fw_us=2278588542 len=207

2026-09-14 16:26:22,440 INFO image_rx_daemon: frag_arrival: seq=27 idx=13 total=15 fw_us=2278788424 len=207

2026-09-14 16:26:22,602 INFO image_rx_daemon: frag_arrival: seq=27 idx=14 total=15 fw_us=2278952012 len=155

2026-09-14 16:26:22,604 INFO image_rx_daemon: published frame_id=0 seq=27 2993 B → lifetrac/v25/video/tile_delta

2026-09-14 16:26:23,025 INFO image_rx_daemon: frag_arrival: seq=34 idx=0 total=15 fw_us=2279388167 len=207

2026-09-14 16:26:23,436 INFO image_rx_daemon: frag_arrival: seq=34 idx=1 total=15 fw_us=2279787947 len=207

2026-09-14 16:26:23,631 INFO image_rx_daemon: frag_arrival: seq=34 idx=2 total=15 fw_us=2279987809 len=207

2026-09-14 16:26:23,827 INFO image_rx_daemon: frag_arrival: seq=34 idx=3 total=15 fw_us=2280187701 len=207

2026-09-14 16:26:24,035 INFO image_rx_daemon: frag_arrival: seq=34 idx=4 total=15 fw_us=2280387603 len=207

2026-09-14 16:26:24,240 INFO image_rx_daemon: frag_arrival: seq=34 idx=5 total=15 fw_us=2280587465 len=207

2026-09-14 16:26:24,432 INFO image_rx_daemon: frag_arrival: seq=34 idx=6 total=15 fw_us=2280787372 len=207

2026-09-14 16:26:24,632 INFO image_rx_daemon: frag_arrival: seq=34 idx=7 total=15 fw_us=2280987286 len=207

2026-09-14 16:26:25,021 INFO image_rx_daemon: frag_arrival: seq=34 idx=8 total=15 fw_us=2281387055 len=207

2026-09-14 16:26:25,221 INFO image_rx_daemon: frag_arrival: seq=34 idx=9 total=15 fw_us=2281586938 len=207

2026-09-14 16:26:25,420 INFO image_rx_daemon: frag_arrival: seq=34 idx=10 total=15 fw_us=2281786866 len=207

2026-09-14 16:26:25,628 INFO image_rx_daemon: frag_arrival: seq=34 idx=11 total=15 fw_us=2281986758 len=207

2026-09-14 16:26:25,825 INFO image_rx_daemon: frag_arrival: seq=34 idx=12 total=15 fw_us=2282186671 len=207

2026-09-14 16:26:26,029 INFO image_rx_daemon: frag_arrival: seq=34 idx=13 total=15 fw_us=2282386585 len=207

2026-09-14 16:26:26,187 INFO image_rx_daemon: frag_arrival: seq=34 idx=14 total=15 fw_us=2282539870 len=142

2026-09-14 16:26:26,188 INFO image_rx_daemon: published frame_id=0 seq=34 2980 B → lifetrac/v25/video/tile_delta

RFCO_PERTX during TX wait: profile_id=1 tx_status=0x00(OK) hop_idx=42 channel_idx=26 epoch=2 freq_hz=915750000 pkt_toa_us=20608 legal_dwell_used_us_10s=20608

2026-09-14 16:26:26,225 INFO image_rx_daemon: command TX opcode=0x63 copy=1/1 OK (on air)

2026-09-14 16:26:26,532 INFO image_rx_daemon: cmd 0x63 superseded while pending (after 1 attempts) — body replaced, retry budget reset

2026-09-14 16:26:26,640 INFO image_rx_daemon: frag_arrival: seq=41 idx=0 total=15 fw_us=2282986264 len=207

2026-09-14 16:26:27,021 INFO image_rx_daemon: frag_arrival: seq=41 idx=1 total=15 fw_us=2283386017 len=207

2026-09-14 16:26:27,232 INFO image_rx_daemon: frag_arrival: seq=41 idx=2 total=15 fw_us=2283585913 len=207

2026-09-14 16:26:27,233 INFO image_rx_daemon: cmd 0x63 superseded while pending (after 0 attempts) — body replaced, retry budget reset

2026-09-14 16:26:27,434 INFO image_rx_daemon: frag_arrival: seq=41 idx=3 total=15 fw_us=2283785739 len=207

2026-09-14 16:26:27,635 INFO image_rx_daemon: frag_arrival: seq=41 idx=4 total=15 fw_us=2283985576 len=207

2026-09-14 16:26:27,838 INFO image_rx_daemon: frag_arrival: seq=41 idx=5 total=15 fw_us=2284185415 len=207

2026-09-14 16:26:27,938 INFO image_rx_daemon: cmd 0x63 superseded while pending (after 0 attempts) — body replaced, retry budget reset

2026-09-14 16:26:28,038 INFO image_rx_daemon: frag_arrival: seq=41 idx=6 total=15 fw_us=2284385269 len=207

2026-09-14 16:26:28,233 INFO image_rx_daemon: frag_arrival: seq=41 idx=7 total=15 fw_us=2284585081 len=207

2026-09-14 16:26:28,632 INFO image_rx_daemon: frag_arrival: seq=41 idx=8 total=15 fw_us=2284984810 len=207

2026-09-14 16:26:28,636 INFO image_rx_daemon: cmd 0x63 superseded while pending (after 0 attempts) — body replaced, retry budget reset

2026-09-14 16:26:28,836 INFO image_rx_daemon: frag_arrival: seq=41 idx=9 total=15 fw_us=2285184682 len=207

2026-09-14 16:26:29,034 INFO image_rx_daemon: frag_arrival: seq=41 idx=10 total=15 fw_us=2285384588 len=207

2026-09-14 16:26:29,236 INFO image_rx_daemon: frag_arrival: seq=41 idx=11 total=15 fw_us=2285584493 len=207

2026-09-14 16:26:29,341 INFO image_rx_daemon: cmd 0x63 superseded while pending (after 0 attempts) — body replaced, retry budget reset

2026-09-14 16:26:29,636 INFO image_rx_daemon: frag_arrival: seq=41 idx=13 total=15 fw_us=2285984220 len=207

2026-09-14 16:26:29,756 INFO image_rx_daemon: frag_arrival: seq=41 idx=14 total=15 fw_us=2286103799 len=96

RFCO_PERTX during TX wait: profile_id=1 tx_status=0x00(OK) hop_idx=10 channel_idx=36 epoch=3 freq_hz=920750000 pkt_toa_us=20608 legal_dwell_used_us_10s=20608

2026-09-14 16:26:29,793 INFO image_rx_daemon: command TX opcode=0x60 copy=1/1 OK (on air)

2026-09-14 16:26:30,044 INFO image_rx_daemon: cmd 0x63 superseded while pending (after 0 attempts) — body replaced, retry budget reset

2026-09-14 16:26:30,239 INFO image_rx_daemon: frag_arrival: seq=48 idx=0 total=15 fw_us=2286586836 len=207

2026-09-14 16:26:30,640 INFO image_rx_daemon: frag_arrival: seq=48 idx=1 total=15 fw_us=2286986736 len=207

2026-09-14 16:26:30,746 INFO image_rx_daemon: cmd 0x63 superseded while pending (after 0 attempts) — body replaced, retry budget reset

2026-09-14 16:26:30,832 INFO image_rx_daemon: frag_arrival: seq=48 idx=2 total=15 fw_us=2287186662 len=207

2026-09-14 16:26:31,025 INFO image_rx_daemon: frag_arrival: seq=48 idx=3 total=15 fw_us=2287386603 len=207

2026-09-14 16:26:31,240 INFO image_rx_daemon: frag_arrival: seq=48 idx=4 total=15 fw_us=2287586550 len=207

2026-09-14 16:26:31,429 INFO image_rx_daemon: frag_arrival: seq=48 idx=5 total=15 fw_us=2287786507 len=207

2026-09-14 16:26:31,451 INFO image_rx_daemon: cmd 0x63 superseded while pending (after 0 attempts) — body replaced, retry budget reset

2026-09-14 16:26:31,832 INFO image_rx_daemon: frag_arrival: seq=48 idx=7 total=15 fw_us=2288179340 len=207

2026-09-14 16:26:32,011 INFO image_rx_daemon: stats: rx_frames=90 rx_decode_err=0 frames_published=4 publish_err=0 reassembler_decode_err=0 reassembler_timeouts=2 parity_recon=0 idle_drain_deferred=21 cmd_cooldown_drops=0 cmd_gate_held=0 cmd_copies_deferred=0

2026-09-14 16:26:32,011 INFO image_rx_daemon: air_gap: n=40 dt_med=199906us dt_p95=446394us len_med=207B cmd_tx_ok=2 cmd_tx_fail=0

2026-09-14 16:26:32,012 INFO image_rx_daemon: air_gap_hist(ms): <120:1 <200:29 <400:7 <1000:3

2026-09-14 16:26:32,013 INFO image_rx_daemon: rx_rf: n_rssi=40 n_snr=40 rssi[min/med/max]=-65/-62/-59 snr[min/med/max]=9.0/10.0/12.0

2026-09-14 16:26:32,013 INFO image_rx_daemon: phase_telemetry: valid=40 invalid=0 pre_f8=0 last_epoch=3 last_hop=20 slot_off=[14..14]

2026-09-14 16:26:32,014 INFO image_rx_daemon: air_gap_by_class: seq: n=35 med=199.9ms | boundary: n=3 med=446.4ms | post_loss: n=2 med=399.7ms

2026-09-14 16:26:32,014 INFO image_rx_daemon: lost_frag_idx: n=2 idx0=0 (0.00% of idx0 arrivals) other=2 (2.33%) verdict=not-clustered | top 12:1 6:1

2026-09-14 16:26:32,153 INFO image_rx_daemon: cmd 0x63 superseded while pending (after 0 attempts) — body replaced, retry budget reset

2026-09-14 16:26:32,232 INFO image_rx_daemon: frag_arrival: seq=48 idx=8 total=15 fw_us=2288580078 len=207

2026-09-14 16:26:32,432 INFO image_rx_daemon: frag_arrival: seq=48 idx=9 total=15 fw_us=2288778983 len=207

2026-09-14 16:26:32,636 INFO image_rx_daemon: frag_arrival: seq=48 idx=10 total=15 fw_us=2288978819 len=207

2026-09-14 16:26:32,832 INFO image_rx_daemon: frag_arrival: seq=48 idx=11 total=15 fw_us=2289178626 len=207

2026-09-14 16:26:32,853 INFO image_rx_daemon: cmd 0x63 superseded while pending (after 0 attempts) — body replaced, retry budget reset

2026-09-14 16:26:33,014 INFO image_rx_daemon: frag_arrival: seq=48 idx=12 total=15 fw_us=2289378456 len=207

2026-09-14 16:26:33,224 INFO image_rx_daemon: frag_arrival: seq=48 idx=13 total=15 fw_us=2289578270 len=207

2026-09-14 16:26:33,384 INFO image_rx_daemon: frag_arrival: seq=48 idx=14 total=15 fw_us=2289735078 len=147

RFCO_PERTX during TX wait: profile_id=1 tx_status=0x00(OK) hop_idx=29 channel_idx=35 epoch=3 freq_hz=920250000 pkt_toa_us=20608 legal_dwell_used_us_10s=20608

2026-09-14 16:26:33,477 INFO image_rx_daemon: command TX opcode=0x60 copy=1/1 OK (on air)

2026-09-14 16:26:33,555 INFO image_rx_daemon: cmd 0x63 superseded while pending (after 0 attempts) — body replaced, retry budget reset

2026-09-14 16:26:33,818 INFO image_rx_daemon: frag_arrival: seq=56 idx=0 total=15 fw_us=2290177877 len=207

2026-09-14 16:26:34,224 INFO image_rx_daemon: frag_arrival: seq=56 idx=1 total=15 fw_us=2290577659 len=207

2026-09-14 16:26:34,258 INFO image_rx_daemon: cmd 0x63 superseded while pending (after 0 attempts) — body replaced, retry budget reset

2026-09-14 16:26:34,428 INFO image_rx_daemon: frag_arrival: seq=56 idx=2 total=15 fw_us=2290777517 len=207

2026-09-14 16:26:34,628 INFO image_rx_daemon: frag_arrival: seq=56 idx=3 total=15 fw_us=2290977352 len=207

2026-09-14 16:26:34,841 INFO image_rx_daemon: frag_arrival: seq=56 idx=4 total=15 fw_us=2291177177 len=207

2026-09-14 16:26:34,962 INFO image_rx_daemon: cmd 0x63 superseded while pending (after 0 attempts) — body replaced, retry budget reset

2026-09-14 16:26:35,021 INFO image_rx_daemon: frag_arrival: seq=56 idx=5 total=15 fw_us=2291377052 len=207

2026-09-14 16:26:35,233 INFO image_rx_daemon: frag_arrival: seq=56 idx=6 total=15 fw_us=2291576932 len=207

2026-09-14 16:26:35,424 INFO image_rx_daemon: frag_arrival: seq=56 idx=7 total=15 fw_us=2291776857 len=207

2026-09-14 16:26:35,666 INFO image_rx_daemon: cmd 0x63 superseded while pending (after 0 attempts) — body replaced, retry budget reset

2026-09-14 16:26:35,828 INFO image_rx_daemon: frag_arrival: seq=56 idx=8 total=15 fw_us=2292176680 len=207

2026-09-14 16:26:36,018 INFO image_rx_daemon: frag_arrival: seq=56 idx=9 total=15 fw_us=2292376535 len=207

2026-09-14 16:26:36,228 INFO image_rx_daemon: frag_arrival: seq=56 idx=10 total=15 fw_us=2292576420 len=207

2026-09-14 16:26:36,370 INFO image_rx_daemon: cmd 0x63 superseded while pending (after 0 attempts) — body replaced, retry budget reset

2026-09-14 16:26:36,432 INFO image_rx_daemon: frag_arrival: seq=56 idx=11 total=15 fw_us=2292776311 len=207

2026-09-14 16:26:36,627 INFO image_rx_daemon: frag_arrival: seq=56 idx=12 total=15 fw_us=2292976260 len=207

2026-09-14 16:26:36,822 INFO image_rx_daemon: frag_arrival: seq=56 idx=13 total=15 fw_us=2293176166 len=207

2026-09-14 16:26:36,994 INFO image_rx_daemon: frag_arrival: seq=56 idx=14 total=15 fw_us=2293344924 len=162

2026-09-14 16:26:36,995 INFO image_rx_daemon: published frame_id=0 seq=56 3000 B → lifetrac/v25/video/tile_delta

2026-09-14 16:26:36,996 WARNING image_rx_daemon: cmd 0x60 GAVE UP after 2 attempts (11.1 s); cool-down 30 s

RFCO_PERTX during TX wait: profile_id=1 tx_status=0x00(OK) hop_idx=47 channel_idx=23 epoch=3 freq_hz=914250000 pkt_toa_us=20608 legal_dwell_used_us_10s=20608

2026-09-14 16:26:37,064 INFO image_rx_daemon: command TX opcode=0x63 copy=1/1 OK (on air)

2026-09-14 16:26:37,072 INFO image_rx_daemon: cmd 0x63 superseded while pending (after 1 attempts) — body replaced, retry budget reset

2026-09-14 16:26:37,428 INFO image_rx_daemon: frag_arrival: seq=63 idx=0 total=15 fw_us=2293775777 len=207

2026-09-14 16:26:37,777 INFO image_rx_daemon: cmd 0x63 superseded while pending (after 0 attempts) — body replaced, retry budget reset

2026-09-14 16:26:37,821 INFO image_rx_daemon: frag_arrival: seq=63 idx=1 total=15 fw_us=2294175507 len=207

2026-09-14 16:26:38,013 INFO image_rx_daemon: frag_arrival: seq=63 idx=2 total=15 fw_us=2294375365 len=207

2026-09-14 16:26:38,228 INFO image_rx_daemon: frag_arrival: seq=63 idx=3 total=15 fw_us=2294575252 len=207

2026-09-14 16:26:38,427 INFO image_rx_daemon: frag_arrival: seq=63 idx=4 total=15 fw_us=2294776078 len=207

2026-09-14 16:26:38,480 INFO image_rx_daemon: cmd 0x63 superseded while pending (after 0 attempts) — body replaced, retry budget reset

2026-09-14 16:26:38,628 INFO image_rx_daemon: frag_arrival: seq=63 idx=5 total=15 fw_us=2294974976 len=207

2026-09-14 16:26:38,820 INFO image_rx_daemon: frag_arrival: seq=63 idx=6 total=15 fw_us=2295174878 len=207

2026-09-14 16:26:39,011 INFO image_rx_daemon: frag_arrival: seq=63 idx=7 total=15 fw_us=2295374695 len=207

2026-09-14 16:26:39,179 INFO image_rx_daemon: cmd 0x63 superseded while pending (after 0 attempts) — body replaced, retry budget reset

2026-09-14 16:26:39,427 INFO image_rx_daemon: frag_arrival: seq=63 idx=8 total=15 fw_us=2295774258 len=207

2026-09-14 16:26:39,627 INFO image_rx_daemon: frag_arrival: seq=63 idx=9 total=15 fw_us=2295975078 len=207

2026-09-14 16:26:39,832 INFO image_rx_daemon: frag_arrival: seq=63 idx=10 total=15 fw_us=2296173924 len=207

2026-09-14 16:26:39,883 INFO image_rx_daemon: cmd 0x63 superseded while pending (after 0 attempts) — body replaced, retry budget reset

2026-09-14 16:26:40,014 INFO image_rx_daemon: frag_arrival: seq=63 idx=11 total=15 fw_us=2296373780 len=207

2026-09-14 16:26:40,230 INFO image_rx_daemon: frag_arrival: seq=63 idx=12 total=15 fw_us=2296573636 len=207

2026-09-14 16:26:40,425 INFO image_rx_daemon: frag_arrival: seq=63 idx=13 total=15 fw_us=2296773478 len=207

2026-09-14 16:26:40,506 INFO image_rx_daemon: frag_arrival: seq=63 idx=14 total=15 fw_us=2296869822 len=65

2026-09-14 16:26:40,510 INFO image_rx_daemon: published frame_id=0 seq=63 2903 B → lifetrac/v25/video/tile_delta

RFCO_PERTX during TX wait: profile_id=1 tx_status=0x00(OK) hop_idx=14 channel_idx=8 epoch=4 freq_hz=906750000 pkt_toa_us=20608 legal_dwell_used_us_10s=20608

2026-09-14 16:26:40,547 INFO image_rx_daemon: command TX opcode=0x63 copy=1/1 OK (on air)

2026-09-14 16:26:40,585 INFO image_rx_daemon: cmd 0x63 superseded while pending (after 1 attempts) — body replaced, retry budget reset

2026-09-14 16:26:41,018 INFO image_rx_daemon: frag_arrival: seq=77 idx=0 total=15 fw_us=2297374920 len=207

2026-09-14 16:26:41,285 INFO image_rx_daemon: cmd 0x63 superseded while pending (after 0 attempts) — body replaced, retry budget reset

2026-09-14 16:26:41,417 INFO image_rx_daemon: frag_arrival: seq=77 idx=1 total=15 fw_us=2297774524 len=207

2026-09-14 16:26:41,632 INFO image_rx_daemon: frag_arrival: seq=77 idx=2 total=15 fw_us=2297974377 len=207

2026-09-14 16:26:41,820 INFO image_rx_daemon: frag_arrival: seq=77 idx=3 total=15 fw_us=2298174240 len=207

2026-09-14 16:26:41,989 INFO image_rx_daemon: cmd 0x63 superseded while pending (after 0 attempts) — body replaced, retry budget reset

2026-09-14 16:26:42,013 INFO image_rx_daemon: frag_arrival: seq=77 idx=4 total=15 fw_us=2298374068 len=207

2026-09-14 16:26:42,018 INFO image_rx_daemon: stats: rx_frames=132 rx_decode_err=0 frames_published=6 publish_err=0 reassembler_decode_err=0 reassembler_timeouts=3 parity_recon=0 idle_drain_deferred=30 cmd_cooldown_drops=1 cmd_gate_held=0 cmd_copies_deferred=0

2026-09-14 16:26:42,019 INFO image_rx_daemon: air_gap: n=42 dt_med=199863us dt_p95=430853us len_med=207B cmd_tx_ok=5 cmd_tx_fail=0

2026-09-14 16:26:42,020 INFO image_rx_daemon: air_gap_hist(ms): <120:1 <200:30 <400:7 <1000:4

2026-09-14 16:26:42,020 INFO image_rx_daemon: rx_rf: n_rssi=42 n_snr=42 rssi[min/med/max]=-64/-62/-59 snr[min/med/max]=9.0/10.0/10.0

2026-09-14 16:26:42,020 INFO image_rx_daemon: phase_telemetry: valid=42 invalid=0 pre_f8=0 last_epoch=4 last_hop=21 slot_off=[14..14]

2026-09-14 16:26:42,021 INFO image_rx_daemon: air_gap_by_class: seq: n=39 med=199.9ms | boundary: n=3 med=442.8ms

2026-09-14 16:26:42,227 INFO image_rx_daemon: frag_arrival: seq=77 idx=5 total=15 fw_us=2298573907 len=207

2026-09-14 16:26:42,690 INFO image_rx_daemon: cmd 0x63 superseded while pending (after 0 attempts) — body replaced, retry budget reset

2026-09-14 16:26:42,821 INFO image_rx_daemon: frag_arrival: seq=77 idx=7 total=15 fw_us=2299165504 len=207

2026-09-14 16:26:43,004 INFO image_rx_daemon: frag_arrival: seq=77 idx=8 total=15 fw_us=2299365367 len=207

2026-09-14 16:26:43,215 INFO image_rx_daemon: frag_arrival: seq=77 idx=9 total=15 fw_us=2299565259 len=207

2026-09-14 16:26:43,394 INFO image_rx_daemon: cmd 0x63 superseded while pending (after 0 attempts) — body replaced, retry budget reset

2026-09-14 16:26:43,414 INFO image_rx_daemon: frag_arrival: seq=77 idx=10 total=15 fw_us=2299766078 len=207

2026-09-14 16:26:43,616 INFO image_rx_daemon: frag_arrival: seq=77 idx=11 total=15 fw_us=2299964934 len=207

2026-09-14 16:26:43,823 INFO image_rx_daemon: frag_arrival: seq=77 idx=12 total=15 fw_us=2300164772 len=207

2026-09-14 16:26:44,015 INFO image_rx_daemon: frag_arrival: seq=77 idx=13 total=15 fw_us=2300364622 len=207

2026-09-14 16:26:44,097 INFO image_rx_daemon: cmd 0x63 superseded while pending (after 0 attempts) — body replaced, retry budget reset

2026-09-14 16:26:44,113 INFO image_rx_daemon: frag_arrival: seq=77 idx=14 total=15 fw_us=2300471348 len=81

RFCO_PERTX during TX wait: profile_id=1 tx_status=0x00(OK) hop_idx=32 channel_idx=2 epoch=4 freq_hz=903750000 pkt_toa_us=20608 legal_dwell_used_us_10s=20608

2026-09-14 16:26:44,149 INFO image_rx_daemon: command TX opcode=0x63 copy=1/1 OK (on air)

2026-09-14 16:26:44,611 INFO image_rx_daemon: frag_arrival: seq=78 idx=0 total=15 fw_us=2300968197 len=207

2026-09-14 16:26:44,798 INFO image_rx_daemon: cmd 0x63 superseded while pending (after 1 attempts) — body replaced, retry budget reset

2026-09-14 16:26:44,816 INFO image_rx_daemon: frag_arrival: seq=78 idx=1 total=15 fw_us=2301168152 len=207

2026-09-14 16:26:45,215 INFO image_rx_daemon: frag_arrival: seq=78 idx=2 total=15 fw_us=2301567549 len=207

2026-09-14 16:26:45,413 INFO image_rx_daemon: frag_arrival: seq=78 idx=3 total=15 fw_us=2301767294 len=207

2026-09-14 16:26:45,502 INFO image_rx_daemon: cmd 0x63 superseded while pending (after 0 attempts) — body replaced, retry budget reset

2026-09-14 16:26:45,624 INFO image_rx_daemon: frag_arrival: seq=78 idx=4 total=15 fw_us=2301968078 len=207

2026-09-14 16:26:45,820 INFO image_rx_daemon: frag_arrival: seq=78 idx=5 total=15 fw_us=2302166894 len=207

2026-09-14 16:26:46,010 INFO image_rx_daemon: frag_arrival: seq=78 idx=6 total=15 fw_us=2302366703 len=207

2026-09-14 16:26:46,204 INFO image_rx_daemon: cmd 0x63 superseded while pending (after 0 attempts) — body replaced, retry budget reset

2026-09-14 16:26:46,617 INFO image_rx_daemon: frag_arrival: seq=78 idx=8 total=15 fw_us=2302958076 len=207

2026-09-14 16:26:46,812 INFO image_rx_daemon: frag_arrival: seq=78 idx=9 total=15 fw_us=2303157889 len=207

2026-09-14 16:26:46,904 INFO image_rx_daemon: cmd 0x63 superseded while pending (after 0 attempts) — body replaced, retry budget reset

2026-09-14 16:26:47,004 INFO image_rx_daemon: frag_arrival: seq=78 idx=10 total=15 fw_us=2303357738 len=207

2026-09-14 16:26:47,208 INFO image_rx_daemon: frag_arrival: seq=78 idx=11 total=15 fw_us=2303557595 len=207

2026-09-14 16:26:47,411 INFO image_rx_daemon: frag_arrival: seq=78 idx=12 total=15 fw_us=2303757454 len=207

2026-09-14 16:26:47,610 INFO image_rx_daemon: frag_arrival: seq=78 idx=13 total=15 fw_us=2303957219 len=207

2026-09-14 16:26:47,612 INFO image_rx_daemon: cmd 0x63 superseded while pending (after 0 attempts) — body replaced, retry budget reset

2026-09-14 16:26:47,692 INFO image_rx_daemon: frag_arrival: seq=78 idx=14 total=15 fw_us=2304050951 len=63

RFCO_PERTX during TX wait: profile_id=1 tx_status=0x00(OK) hop_idx=0 channel_idx=15 epoch=5 freq_hz=910250000 pkt_toa_us=20608 legal_dwell_used_us_10s=20608

2026-09-14 16:26:47,731 INFO image_rx_daemon: command TX opcode=0x63 copy=1/1 OK (on air)

2026-09-14 16:26:48,208 INFO image_rx_daemon: frag_arrival: seq=84 idx=0 total=15 fw_us=2304556649 len=207

2026-09-14 16:26:48,309 INFO image_rx_daemon: cmd 0x63 superseded while pending (after 1 attempts) — body replaced, retry budget reset

2026-09-14 16:26:48,606 INFO image_rx_daemon: frag_arrival: seq=84 idx=1 total=15 fw_us=2304956275 len=207

2026-09-14 16:26:48,805 INFO image_rx_daemon: frag_arrival: seq=84 idx=2 total=15 fw_us=2305156041 len=207

2026-09-14 16:26:49,010 INFO image_rx_daemon: frag_arrival: seq=84 idx=3 total=15 fw_us=2305355912 len=207

2026-09-14 16:26:49,021 INFO image_rx_daemon: cmd 0x63 superseded while pending (after 0 attempts) — body replaced, retry budget reset

2026-09-14 16:26:49,214 INFO image_rx_daemon: frag_arrival: seq=84 idx=4 total=15 fw_us=2305555764 len=207

2026-09-14 16:26:49,406 INFO image_rx_daemon: frag_arrival: seq=84 idx=5 total=15 fw_us=2305755604 len=207

2026-09-14 16:26:49,608 INFO image_rx_daemon: frag_arrival: seq=84 idx=6 total=15 fw_us=2305955429 len=207

2026-09-14 16:26:49,721 INFO image_rx_daemon: cmd 0x63 superseded while pending (after 0 attempts) — body replaced, retry budget reset

2026-09-14 16:26:49,808 INFO image_rx_daemon: frag_arrival: seq=84 idx=7 total=15 fw_us=2306155246 len=207

2026-09-14 16:26:50,219 INFO image_rx_daemon: frag_arrival: seq=84 idx=8 total=15 fw_us=2306554948 len=207

2026-09-14 16:26:50,415 INFO image_rx_daemon: frag_arrival: seq=84 idx=9 total=15 fw_us=2306754784 len=207

2026-09-14 16:26:50,419 INFO image_rx_daemon: cmd 0x63 superseded while pending (after 0 attempts) — body replaced, retry budget reset

2026-09-14 16:26:50,608 INFO image_rx_daemon: frag_arrival: seq=84 idx=10 total=15 fw_us=2306954720 len=207

2026-09-14 16:26:50,812 INFO image_rx_daemon: frag_arrival: seq=84 idx=11 total=15 fw_us=2307154621 len=207

2026-09-14 16:26:51,004 INFO image_rx_daemon: frag_arrival: seq=84 idx=12 total=15 fw_us=2307354557 len=207

2026-09-14 16:26:51,121 INFO image_rx_daemon: cmd 0x63 superseded while pending (after 0 attempts) — body replaced, retry budget reset

2026-09-14 16:26:51,204 INFO image_rx_daemon: frag_arrival: seq=84 idx=13 total=15 fw_us=2307554553 len=207

2026-09-14 16:26:51,342 INFO image_rx_daemon: frag_arrival: seq=84 idx=14 total=15 fw_us=2307692351 len=121

2026-09-14 16:26:51,344 INFO image_rx_daemon: published frame_id=0 seq=84 2959 B → lifetrac/v25/video/tile_delta

RFCO_PERTX during TX wait: profile_id=1 tx_status=0x00(OK) hop_idx=18 channel_idx=8 epoch=5 freq_hz=906750000 pkt_toa_us=20608 legal_dwell_used_us_10s=20608

2026-09-14 16:26:51,382 INFO image_rx_daemon: command TX opcode=0x63 copy=1/1 OK (on air)

2026-09-14 16:26:51,808 INFO image_rx_daemon: frag_arrival: seq=91 idx=0 total=15 fw_us=2308157319 len=207

2026-09-14 16:26:51,823 INFO image_rx_daemon: cmd 0x63 superseded while pending (after 1 attempts) — body replaced, retry budget reset

2026-09-14 16:26:52,023 INFO image_rx_daemon: stats: rx_frames=171 rx_decode_err=0 frames_published=7 publish_err=0 reassembler_decode_err=0 reassembler_timeouts=5 parity_recon=0 idle_drain_deferred=40 cmd_cooldown_drops=2 cmd_gate_held=0 cmd_copies_deferred=0

2026-09-14 16:26:52,024 INFO image_rx_daemon: air_gap: n=39 dt_med=199857us dt_p95=591373us len_med=207B cmd_tx_ok=8 cmd_tx_fail=0

2026-09-14 16:26:52,025 INFO image_rx_daemon: air_gap_hist(ms): <120:2 <200:27 <400:5 <1000:5

2026-09-14 16:26:52,025 INFO image_rx_daemon: rx_rf: n_rssi=39 n_snr=39 rssi[min/med/max]=-64/-62/-59 snr[min/med/max]=8.0/10.0/11.0

2026-09-14 16:26:52,026 INFO image_rx_daemon: phase_telemetry: valid=39 invalid=0 pre_f8=0 last_epoch=5 last_hop=20 slot_off=[14..15]

2026-09-14 16:26:52,026 INFO image_rx_daemon: air_gap_by_class: seq: n=34 med=199.8ms | boundary: n=3 med=496.8ms | post_loss: n=2 med=591.6ms

2026-09-14 16:26:52,027 INFO image_rx_daemon: lost_frag_idx: n=2 idx0=0 (0.00% of idx0 arrivals) other=2 (2.60%) verdict=not-clustered | top 6:1 7:1

2026-09-14 16:26:52,203 INFO image_rx_daemon: frag_arrival: seq=91 idx=1 total=15 fw_us=2308556999 len=207

2026-09-14 16:26:52,420 INFO image_rx_daemon: frag_arrival: seq=91 idx=2 total=15 fw_us=2308756888 len=207

2026-09-14 16:26:52,526 INFO image_rx_daemon: cmd 0x63 superseded while pending (after 0 attempts) — body replaced, retry budget reset

2026-09-14 16:26:52,610 INFO image_rx_daemon: frag_arrival: seq=91 idx=3 total=15 fw_us=2308956790 len=207

2026-09-14 16:26:52,816 INFO image_rx_daemon: frag_arrival: seq=91 idx=4 total=15 fw_us=2309156622 len=207

2026-09-14 16:26:53,008 INFO image_rx_daemon: frag_arrival: seq=91 idx=5 total=15 fw_us=2309356480 len=207

2026-09-14 16:26:53,228 INFO image_rx_daemon: cmd 0x63 superseded while pending (after 0 attempts) — body replaced, retry budget reset

2026-09-14 16:26:53,604 INFO image_rx_daemon: frag_arrival: seq=91 idx=7 total=15 fw_us=2309949081 len=207

2026-09-14 16:26:53,808 INFO image_rx_daemon: frag_arrival: seq=91 idx=8 total=15 fw_us=2310149006 len=207

2026-09-14 16:26:53,931 INFO image_rx_daemon: cmd 0x63 superseded while pending (after 0 attempts) — body replaced, retry budget reset

2026-09-14 16:26:54,005 INFO image_rx_daemon: frag_arrival: seq=91 idx=9 total=15 fw_us=2310348880 len=207

2026-09-14 16:26:54,203 INFO image_rx_daemon: frag_arrival: seq=91 idx=10 total=15 fw_us=2310548780 len=207

2026-09-14 16:26:54,401 INFO image_rx_daemon: frag_arrival: seq=91 idx=11 total=15 fw_us=2310748720 len=207

2026-09-14 16:26:54,607 INFO image_rx_daemon: frag_arrival: seq=91 idx=12 total=15 fw_us=2310948624 len=207

2026-09-14 16:26:54,634 INFO image_rx_daemon: cmd 0x63 superseded while pending (after 0 attempts) — body replaced, retry budget reset

2026-09-14 16:26:54,812 INFO image_rx_daemon: frag_arrival: seq=91 idx=13 total=15 fw_us=2311148537 len=207

2026-09-14 16:26:54,972 INFO image_rx_daemon: frag_arrival: seq=91 idx=14 total=15 fw_us=2311313078 len=155

RFCO_PERTX during TX wait: profile_id=1 tx_status=0x00(OK) hop_idx=37 channel_idx=16 epoch=5 freq_hz=910750000 pkt_toa_us=20608 legal_dwell_used_us_10s=20608

2026-09-14 16:26:55,049 INFO image_rx_daemon: command TX opcode=0x63 copy=1/1 OK (on air)

2026-09-14 16:26:55,336 INFO image_rx_daemon: cmd 0x63 superseded while pending (after 1 attempts) — body replaced, retry budget reset

2026-09-14 16:26:55,389 INFO image_rx_daemon: frag_arrival: seq=99 idx=0 total=15 fw_us=2311748539 len=207

2026-09-14 16:26:55,800 INFO image_rx_daemon: frag_arrival: seq=99 idx=1 total=15 fw_us=2312148038 len=207

2026-09-14 16:26:56,005 INFO image_rx_daemon: frag_arrival: seq=99 idx=2 total=15 fw_us=2312347912 len=207

2026-09-14 16:26:56,037 INFO image_rx_daemon: cmd 0x63 superseded while pending (after 0 attempts) — body replaced, retry budget reset

2026-09-14 16:26:56,211 INFO image_rx_daemon: frag_arrival: seq=99 idx=3 total=15 fw_us=2312547715 len=207

2026-09-14 16:26:56,404 INFO image_rx_daemon: frag_arrival: seq=99 idx=4 total=15 fw_us=2312747586 len=207

2026-09-14 16:26:56,608 INFO image_rx_daemon: frag_arrival: seq=99 idx=5 total=15 fw_us=2312947465 len=207

2026-09-14 16:26:56,741 INFO image_rx_daemon: cmd 0x63 superseded while pending (after 0 attempts) — body replaced, retry budget reset

2026-09-14 16:26:56,803 INFO image_rx_daemon: frag_arrival: seq=99 idx=6 total=15 fw_us=2313147278 len=207

2026-09-14 16:26:57,009 INFO image_rx_daemon: frag_arrival: seq=99 idx=7 total=15 fw_us=2313347064 len=207

2026-09-14 16:26:57,407 INFO image_rx_daemon: frag_arrival: seq=99 idx=8 total=15 fw_us=2313746694 len=207

2026-09-14 16:26:57,441 INFO image_rx_daemon: cmd 0x63 superseded while pending (after 0 attempts) — body replaced, retry budget reset

2026-09-14 16:26:57,613 INFO image_rx_daemon: frag_arrival: seq=99 idx=9 total=15 fw_us=2313946557 len=207

2026-09-14 16:26:57,808 INFO image_rx_daemon: frag_arrival: seq=99 idx=10 total=15 fw_us=2314146427 len=207

2026-09-14 16:26:58,007 INFO image_rx_daemon: frag_arrival: seq=99 idx=11 total=15 fw_us=2314346287 len=207

2026-09-14 16:26:58,144 INFO image_rx_daemon: cmd 0x63 superseded while pending (after 0 attempts) — body replaced, retry budget reset

2026-09-14 16:26:58,200 INFO image_rx_daemon: frag_arrival: seq=99 idx=12 total=15 fw_us=2314546163 len=207

2026-09-14 16:26:58,404 INFO image_rx_daemon: frag_arrival: seq=99 idx=13 total=15 fw_us=2314745969 len=207

2026-09-14 16:26:58,552 INFO image_rx_daemon: frag_arrival: seq=99 idx=14 total=15 fw_us=2314901730 len=145

2026-09-14 16:26:58,553 INFO image_rx_daemon: published frame_id=0 seq=99 2983 B → lifetrac/v25/video/tile_delta

RFCO_PERTX during TX wait: profile_id=1 tx_status=0x00(OK) hop_idx=4 channel_idx=37 epoch=6 freq_hz=921250000 pkt_toa_us=20608 legal_dwell_used_us_10s=20608

2026-09-14 16:26:58,589 INFO image_rx_daemon: command TX opcode=0x63 copy=1/1 OK (on air)

2026-09-14 16:26:58,846 INFO image_rx_daemon: cmd 0x63 superseded while pending (after 1 attempts) — body replaced, retry budget reset

2026-09-14 16:26:59,004 INFO image_rx_daemon: frag_arrival: seq=106 idx=0 total=15 fw_us=2315348359 len=207

2026-09-14 16:26:59,208 INFO image_rx_daemon: frag_arrival: seq=106 idx=1 total=15 fw_us=2315550719 len=207

2026-09-14 16:26:59,548 INFO image_rx_daemon: cmd 0x63 superseded while pending (after 0 attempts) — body replaced, retry budget reset

2026-09-14 16:26:59,609 INFO image_rx_daemon: frag_arrival: seq=106 idx=2 total=15 fw_us=2315947904 len=207

2026-09-14 16:26:59,804 INFO image_rx_daemon: frag_arrival: seq=106 idx=3 total=15 fw_us=2316147757 len=207

2026-09-14 16:27:00,015 INFO image_rx_daemon: frag_arrival: seq=106 idx=4 total=15 fw_us=2316347647 len=207

2026-09-14 16:27:00,207 INFO image_rx_daemon: frag_arrival: seq=106 idx=5 total=15 fw_us=2316547600 len=207

2026-09-14 16:27:00,251 INFO image_rx_daemon: cmd 0x63 superseded while pending (after 0 attempts) — body replaced, retry budget reset

2026-09-14 16:27:00,600 INFO image_rx_daemon: frag_arrival: seq=106 idx=7 total=15 fw_us=2316940508 len=207

2026-09-14 16:27:00,954 INFO image_rx_daemon: cmd 0x63 superseded while pending (after 0 attempts) — body replaced, retry budget reset

2026-09-14 16:27:01,005 INFO image_rx_daemon: frag_arrival: seq=106 idx=8 total=15 fw_us=2317340307 len=207

2026-09-14 16:27:01,203 INFO image_rx_daemon: frag_arrival: seq=106 idx=9 total=15 fw_us=2317540204 len=207

2026-09-14 16:27:01,392 INFO image_rx_daemon: frag_arrival: seq=106 idx=10 total=15 fw_us=2317741078 len=207

2026-09-14 16:27:01,596 INFO image_rx_daemon: frag_arrival: seq=106 idx=11 total=15 fw_us=2317940076 len=207

2026-09-14 16:27:01,659 INFO image_rx_daemon: cmd 0x63 superseded while pending (after 0 attempts) — body replaced, retry budget reset

2026-09-14 16:27:01,800 INFO image_rx_daemon: frag_arrival: seq=106 idx=12 total=15 fw_us=2318139925 len=207

2026-09-14 16:27:01,997 INFO image_rx_daemon: frag_arrival: seq=106 idx=13 total=15 fw_us=2318339826 len=207

2026-09-14 16:27:02,029 INFO image_rx_daemon: stats: rx_frames=212 rx_decode_err=0 frames_published=8 publish_err=0 reassembler_decode_err=0 reassembler_timeouts=6 parity_recon=0 idle_drain_deferred=50 cmd_cooldown_drops=3 cmd_gate_held=0 cmd_copies_deferred=0

2026-09-14 16:27:02,031 INFO image_rx_daemon: air_gap: n=41 dt_med=199890us dt_p95=435461us len_med=207B cmd_tx_ok=10 cmd_tx_fail=0

2026-09-14 16:27:02,034 INFO image_rx_daemon: air_gap_hist(ms): <200:30 <400:8 <1000:3

2026-09-14 16:27:02,036 INFO image_rx_daemon: rx_rf: n_rssi=41 n_snr=41 rssi[min/med/max]=-65/-61/-60 snr[min/med/max]=9.0/10.0/11.0

2026-09-14 16:27:02,037 INFO image_rx_daemon: phase_telemetry: valid=41 invalid=0 pre_f8=0 last_epoch=6 last_hop=21 slot_off=[14..17]

2026-09-14 16:27:02,040 INFO image_rx_daemon: air_gap_by_class: seq: n=37 med=199.9ms | boundary: n=2 med=446.6ms | post_loss: n=2 med=592.6ms

2026-09-14 16:27:02,040 INFO image_rx_daemon: lost_frag_idx: n=2 idx0=0 (0.00% of idx0 arrivals) other=2 (4.88%) verdict=not-clustered | top 6:2

2026-09-14 16:27:02,146 INFO image_rx_daemon: frag_arrival: seq=106 idx=14 total=15 fw_us=2318495679 len=147

RFCO_PERTX during TX wait: profile_id=1 tx_status=0x00(OK) hop_idx=22 channel_idx=40 epoch=6 freq_hz=922750000 pkt_toa_us=20608 legal_dwell_used_us_10s=20608

2026-09-14 16:27:02,183 INFO image_rx_daemon: command TX opcode=0x63 copy=1/1 OK (on air)

2026-09-14 16:27:02,361 INFO image_rx_daemon: cmd 0x63 superseded while pending (after 1 attempts) — body replaced, retry budget reset

2026-09-14 16:27:02,596 INFO image_rx_daemon: frag_arrival: seq=113 idx=0 total=15 fw_us=2318942474 len=207

2026-09-14 16:27:02,993 INFO image_rx_daemon: frag_arrival: seq=113 idx=1 total=15 fw_us=2319343078 len=207

2026-09-14 16:27:03,067 INFO image_rx_daemon: cmd 0x63 superseded while pending (after 0 attempts) — body replaced, retry budget reset

2026-09-14 16:27:03,196 INFO image_rx_daemon: frag_arrival: seq=113 idx=2 total=15 fw_us=2319541894 len=207

2026-09-14 16:27:03,400 INFO image_rx_daemon: frag_arrival: seq=113 idx=3 total=15 fw_us=2319741653 len=207

2026-09-14 16:27:03,604 INFO image_rx_daemon: frag_arrival: seq=113 idx=4 total=15 fw_us=2319941435 len=207

2026-09-14 16:27:03,767 INFO image_rx_daemon: cmd 0x63 superseded while pending (after 0 attempts) — body replaced, retry budget reset

2026-09-14 16:27:03,796 INFO image_rx_daemon: frag_arrival: seq=113 idx=5 total=15 fw_us=2320141277 len=207

2026-09-14 16:27:04,396 INFO image_rx_daemon: frag_arrival: seq=113 idx=7 total=15 fw_us=2320732761 len=207

2026-09-14 16:27:04,469 INFO image_rx_daemon: cmd 0x63 superseded while pending (after 0 attempts) — body replaced, retry budget reset

2026-09-14 16:27:04,591 INFO image_rx_daemon: frag_arrival: seq=113 idx=8 total=15 fw_us=2320932606 len=207

2026-09-14 16:27:04,792 INFO image_rx_daemon: frag_arrival: seq=113 idx=9 total=15 fw_us=2321132508 len=207

2026-09-14 16:27:04,990 INFO image_rx_daemon: frag_arrival: seq=113 idx=10 total=15 fw_us=2321332348 len=207

2026-09-14 16:27:05,170 INFO image_rx_daemon: cmd 0x63 superseded while pending (after 0 attempts) — body replaced, retry budget reset

2026-09-14 16:27:05,190 INFO image_rx_daemon: frag_arrival: seq=113 idx=11 total=15 fw_us=2321532204 len=207

2026-09-14 16:27:05,396 INFO image_rx_daemon: frag_arrival: seq=113 idx=12 total=15 fw_us=2321733078 len=207

2026-09-14 16:27:05,588 INFO image_rx_daemon: frag_arrival: seq=113 idx=13 total=15 fw_us=2321932005 len=207

2026-09-14 16:27:05,668 INFO image_rx_daemon: frag_arrival: seq=113 idx=14 total=15 fw_us=2322020590 len=54

RFCO_PERTX during TX wait: profile_id=1 tx_status=0x00(OK) hop_idx=40 channel_idx=30 epoch=6 freq_hz=917750000 pkt_toa_us=20608 legal_dwell_used_us_10s=20608

2026-09-14 16:27:05,707 INFO image_rx_daemon: command TX opcode=0x63 copy=1/1 OK (on air)

2026-09-14 16:27:05,874 INFO image_rx_daemon: cmd 0x63 superseded while pending (after 1 attempts) — body replaced, retry budget reset

2026-09-14 16:27:06,182 INFO image_rx_daemon: frag_arrival: seq=120 idx=0 total=15 fw_us=2322534708 len=207

2026-09-14 16:27:06,396 INFO image_rx_daemon: frag_arrival: seq=120 idx=1 total=15 fw_us=2322736936 len=207

2026-09-14 16:27:06,576 INFO image_rx_daemon: cmd 0x63 superseded while pending (after 0 attempts) — body replaced, retry budget reset

2026-09-14 16:27:06,798 INFO image_rx_daemon: frag_arrival: seq=120 idx=2 total=15 fw_us=2323134329 len=207

2026-09-14 16:27:06,994 INFO image_rx_daemon: frag_arrival: seq=120 idx=3 total=15 fw_us=2323334141 len=207

2026-09-14 16:27:07,196 INFO image_rx_daemon: frag_arrival: seq=120 idx=4 total=15 fw_us=2323533964 len=207

2026-09-14 16:27:07,280 INFO image_rx_daemon: cmd 0x63 superseded while pending (after 0 attempts) — body replaced, retry budget reset

2026-09-14 16:27:07,389 INFO image_rx_daemon: frag_arrival: seq=120 idx=5 total=15 fw_us=2323733760 len=207

2026-09-14 16:27:07,592 INFO image_rx_daemon: frag_arrival: seq=120 idx=6 total=15 fw_us=2323933552 len=207

2026-09-14 16:27:07,982 INFO image_rx_daemon: cmd 0x63 superseded while pending (after 0 attempts) — body replaced, retry budget reset

2026-09-14 16:27:08,180 INFO image_rx_daemon: frag_arrival: seq=120 idx=8 total=15 fw_us=2324524970 len=207

2026-09-14 16:27:08,378 INFO image_rx_daemon: frag_arrival: seq=120 idx=9 total=15 fw_us=2324724722 len=207

2026-09-14 16:27:08,583 INFO image_rx_daemon: frag_arrival: seq=120 idx=10 total=15 fw_us=2324924528 len=207

2026-09-14 16:27:08,684 INFO image_rx_daemon: cmd 0x63 superseded while pending (after 0 attempts) — body replaced, retry budget reset

2026-09-14 16:27:08,784 INFO image_rx_daemon: frag_arrival: seq=120 idx=11 total=15 fw_us=2325124387 len=207

2026-09-14 16:27:08,984 INFO image_rx_daemon: frag_arrival: seq=120 idx=12 total=15 fw_us=2325324172 len=207

2026-09-14 16:27:09,193 INFO image_rx_daemon: frag_arrival: seq=120 idx=13 total=15 fw_us=2325523945 len=207

2026-09-14 16:27:09,351 INFO image_rx_daemon: frag_arrival: seq=120 idx=14 total=15 fw_us=2325692589 len=162

2026-09-14 16:27:09,385 INFO image_rx_daemon: cmd 0x63 superseded while pending (after 1 attempts) — body replaced, retry budget reset

RFCO_PERTX during TX wait: profile_id=1 tx_status=0x00(OK) hop_idx=9 channel_idx=17 epoch=7 freq_hz=911250000 pkt_toa_us=20608 legal_dwell_used_us_10s=20608

2026-09-14 16:27:09,420 INFO image_rx_daemon: command TX opcode=0x63 copy=1/1 OK (on air)

2026-09-14 16:27:09,781 INFO image_rx_daemon: frag_arrival: seq=127 idx=0 total=15 fw_us=2326123304 len=207

2026-09-14 16:27:10,087 INFO image_rx_daemon: cmd 0x63 superseded while pending (after 0 attempts) — body replaced, retry budget reset

2026-09-14 16:27:10,184 INFO image_rx_daemon: frag_arrival: seq=127 idx=1 total=15 fw_us=2326523079 len=207

2026-09-14 16:27:10,388 INFO image_rx_daemon: frag_arrival: seq=127 idx=2 total=15 fw_us=2326723036 len=207

2026-09-14 16:27:10,588 INFO image_rx_daemon: frag_arrival: seq=127 idx=3 total=15 fw_us=2326922923 len=207

2026-09-14 16:27:10,776 INFO image_rx_daemon: frag_arrival: seq=127 idx=4 total=15 fw_us=2327122772 len=207

2026-09-14 16:27:10,787 INFO image_rx_daemon: cmd 0x63 superseded while pending (after 0 attempts) — body replaced, retry budget reset

2026-09-14 16:27:10,980 INFO image_rx_daemon: frag_arrival: seq=127 idx=5 total=15 fw_us=2327322579 len=207

2026-09-14 16:27:11,171 INFO image_rx_daemon: frag_arrival: seq=127 idx=6 total=15 fw_us=2327522453 len=207

2026-09-14 16:27:11,387 INFO image_rx_daemon: frag_arrival: seq=127 idx=7 total=15 fw_us=2327722322 len=207

2026-09-14 16:27:11,492 INFO image_rx_daemon: cmd 0x63 superseded while pending (after 0 attempts) — body replaced, retry budget reset

2026-09-14 16:27:11,785 INFO image_rx_daemon: frag_arrival: seq=127 idx=8 total=15 fw_us=2328122005 len=207

2026-09-14 16:27:11,985 INFO image_rx_daemon: frag_arrival: seq=127 idx=9 total=15 fw_us=2328321891 len=207

2026-09-14 16:27:12,043 INFO image_rx_daemon: stats: rx_frames=251 rx_decode_err=0 frames_published=8 publish_err=0 reassembler_decode_err=0 reassembler_timeouts=9 parity_recon=0 idle_drain_deferred=61 cmd_cooldown_drops=3 cmd_gate_held=0 cmd_copies_deferred=0

2026-09-14 16:27:12,045 INFO image_rx_daemon: air_gap: n=39 dt_med=199849us dt_p95=591418us len_med=207B cmd_tx_ok=13 cmd_tx_fail=0

2026-09-14 16:27:12,048 INFO image_rx_daemon: air_gap_hist(ms): <120:1 <200:27 <400:5 <1000:6

2026-09-14 16:27:12,049 INFO image_rx_daemon: rx_rf: n_rssi=39 n_snr=39 rssi[min/med/max]=-65/-62/-59 snr[min/med/max]=9.0/10.0/11.0

2026-09-14 16:27:12,049 INFO image_rx_daemon: phase_telemetry: valid=39 invalid=0 pre_f8=0 last_epoch=7 last_hop=21 slot_off=[14..17]

2026-09-14 16:27:12,050 INFO image_rx_daemon: air_gap_by_class: seq: n=34 med=199.8ms | boundary: n=3 med=446.8ms | post_loss: n=2 med=591.5ms

2026-09-14 16:27:12,051 INFO image_rx_daemon: lost_frag_idx: n=2 idx0=0 (0.00% of idx0 arrivals) other=2 (5.26%) verdict=not-clustered | top 6:1 7:1

2026-09-14 16:27:12,180 INFO image_rx_daemon: frag_arrival: seq=127 idx=10 total=15 fw_us=2328521832 len=207

2026-09-14 16:27:12,192 INFO image_rx_daemon: cmd 0x63 superseded while pending (after 0 attempts) — body replaced, retry budget reset

2026-09-14 16:27:12,380 INFO image_rx_daemon: frag_arrival: seq=127 idx=11 total=15 fw_us=2328721650 len=207

2026-09-14 16:27:12,584 INFO image_rx_daemon: frag_arrival: seq=127 idx=12 total=15 fw_us=2328921504 len=207

2026-09-14 16:27:12,778 INFO image_rx_daemon: frag_arrival: seq=127 idx=13 total=15 fw_us=2329121388 len=207

2026-09-14 16:27:12,869 INFO image_rx_daemon: frag_arrival: seq=127 idx=14 total=15 fw_us=2329217729 len=65

2026-09-14 16:27:12,873 INFO image_rx_daemon: cmd 0x60 CONVERGED after 0 attempts (2.1 s): keyframe received (UNVERIFIED delivery — keyframe may be encoder-initiated)

2026-09-14 16:27:12,874 INFO image_rx_daemon: published frame_id=0 seq=127 2903 B → lifetrac/v25/video/tile_delta

2026-09-14 16:27:12,892 INFO image_rx_daemon: cmd 0x63 superseded while pending (after 1 attempts) — body replaced, retry budget reset

RFCO_PERTX during TX wait: profile_id=1 tx_status=0x00(OK) hop_idx=26 channel_idx=34 epoch=7 freq_hz=919750000 pkt_toa_us=20608 legal_dwell_used_us_10s=20608

2026-09-14 16:27:12,911 INFO image_rx_daemon: command TX opcode=0x63 copy=1/1 OK (on air)

2026-09-14 16:27:13,384 INFO image_rx_daemon: frag_arrival: seq=142 idx=0 total=15 fw_us=2329723940 len=207

2026-09-14 16:27:13,595 INFO image_rx_daemon: cmd 0x63 superseded while pending (after 0 attempts) — body replaced, retry budget reset

2026-09-14 16:27:13,784 INFO image_rx_daemon: frag_arrival: seq=142 idx=1 total=15 fw_us=2330123603 len=207

2026-09-14 16:27:13,984 INFO image_rx_daemon: frag_arrival: seq=142 idx=2 total=15 fw_us=2330323410 len=207

2026-09-14 16:27:14,184 INFO image_rx_daemon: frag_arrival: seq=142 idx=3 total=15 fw_us=2330523264 len=207

2026-09-14 16:27:14,299 INFO image_rx_daemon: cmd 0x63 superseded while pending (after 0 attempts) — body replaced, retry budget reset

2026-09-14 16:27:14,391 INFO image_rx_daemon: frag_arrival: seq=142 idx=4 total=15 fw_us=2330723151 len=207

2026-09-14 16:27:14,587 INFO image_rx_daemon: frag_arrival: seq=142 idx=5 total=15 fw_us=2330923041 len=207

2026-09-14 16:27:14,983 INFO image_rx_daemon: frag_arrival: seq=142 idx=7 total=15 fw_us=2331314908 len=207

2026-09-14 16:27:14,999 INFO image_rx_daemon: cmd 0x63 superseded while pending (after 0 attempts) — body replaced, retry budget reset

2026-09-14 16:27:15,374 INFO image_rx_daemon: frag_arrival: seq=142 idx=8 total=15 fw_us=2331714556 len=207

2026-09-14 16:27:15,576 INFO image_rx_daemon: frag_arrival: seq=142 idx=9 total=15 fw_us=2331914400 len=207

2026-09-14 16:27:15,702 INFO image_rx_daemon: cmd 0x63 superseded while pending (after 0 attempts) — body replaced, retry budget reset

2026-09-14 16:27:15,780 INFO image_rx_daemon: frag_arrival: seq=142 idx=10 total=15 fw_us=2332114269 len=207

2026-09-14 16:27:15,984 INFO image_rx_daemon: frag_arrival: seq=142 idx=11 total=15 fw_us=2332315078 len=207

2026-09-14 16:27:16,179 INFO image_rx_daemon: frag_arrival: seq=142 idx=12 total=15 fw_us=2332513983 len=207

2026-09-14 16:27:16,372 INFO image_rx_daemon: frag_arrival: seq=142 idx=13 total=15 fw_us=2332713834 len=207

2026-09-14 16:27:16,404 INFO image_rx_daemon: cmd 0x63 superseded while pending (after 0 attempts) — body replaced, retry budget reset

2026-09-14 16:27:16,451 INFO image_rx_daemon: frag_arrival: seq=142 idx=14 total=15 fw_us=2332807615 len=63

RFCO_PERTX during TX wait: profile_id=1 tx_status=0x00(OK) hop_idx=44 channel_idx=31 epoch=7 freq_hz=918250000 pkt_toa_us=20608 legal_dwell_used_us_10s=20608

2026-09-14 16:27:16,486 INFO image_rx_daemon: command TX opcode=0x63 copy=1/1 OK (on air)

2026-09-14 16:27:16,972 INFO image_rx_daemon: frag_arrival: seq=143 idx=0 total=15 fw_us=2333317500 len=207

2026-09-14 16:27:17,108 INFO image_rx_daemon: cmd 0x63 superseded while pending (after 1 attempts) — body replaced, retry budget reset

2026-09-14 16:27:17,382 INFO image_rx_daemon: frag_arrival: seq=143 idx=1 total=15 fw_us=2333717288 len=207

2026-09-14 16:27:17,576 INFO image_rx_daemon: frag_arrival: seq=143 idx=2 total=15 fw_us=2333917185 len=207

2026-09-14 16:27:17,780 INFO image_rx_daemon: frag_arrival: seq=143 idx=3 total=15 fw_us=2334117050 len=207

2026-09-14 16:27:17,811 INFO image_rx_daemon: cmd 0x63 superseded while pending (after 0 attempts) — body replaced, retry budget reset

2026-09-14 16:27:17,980 INFO image_rx_daemon: frag_arrival: seq=143 idx=4 total=15 fw_us=2334316940 len=207

2026-09-14 16:27:18,180 INFO image_rx_daemon: frag_arrival: seq=143 idx=5 total=15 fw_us=2334516819 len=207

2026-09-14 16:27:18,514 INFO image_rx_daemon: cmd 0x63 superseded while pending (after 0 attempts) — body replaced, retry budget reset

2026-09-14 16:27:18,575 INFO image_rx_daemon: frag_arrival: seq=143 idx=7 total=15 fw_us=2334913309 len=207

2026-09-14 16:27:18,985 INFO image_rx_daemon: frag_arrival: seq=143 idx=8 total=15 fw_us=2335309444 len=207

2026-09-14 16:27:19,176 INFO image_rx_daemon: frag_arrival: seq=143 idx=9 total=15 fw_us=2335509337 len=207

2026-09-14 16:27:19,216 INFO image_rx_daemon: cmd 0x63 superseded while pending (after 0 attempts) — body replaced, retry budget reset

2026-09-14 16:27:19,367 INFO image_rx_daemon: frag_arrival: seq=143 idx=10 total=15 fw_us=2335709286 len=207

2026-09-14 16:27:19,563 INFO image_rx_daemon: frag_arrival: seq=143 idx=11 total=15 fw_us=2335909187 len=207

2026-09-14 16:27:19,772 INFO image_rx_daemon: frag_arrival: seq=143 idx=12 total=15 fw_us=2336109081 len=207

2026-09-14 16:27:19,918 INFO image_rx_daemon: cmd 0x63 superseded while pending (after 0 attempts) — body replaced, retry budget reset

2026-09-14 16:27:19,976 INFO image_rx_daemon: frag_arrival: seq=143 idx=13 total=15 fw_us=2336308957 len=207

2026-09-14 16:27:20,091 INFO image_rx_daemon: frag_arrival: seq=143 idx=14 total=15 fw_us=2336438965 len=111

RFCO_PERTX during TX wait: profile_id=1 tx_status=0x00(OK) hop_idx=12 channel_idx=48 epoch=8 freq_hz=926750000 pkt_toa_us=20608 legal_dwell_used_us_10s=20608

2026-09-14 16:27:20,128 INFO image_rx_daemon: command TX opcode=0x63 copy=1/1 OK (on air)

2026-09-14 16:27:20,579 INFO image_rx_daemon: frag_arrival: seq=149 idx=0 total=15 fw_us=2336911663 len=207

2026-09-14 16:27:20,620 INFO image_rx_daemon: cmd 0x63 superseded while pending (after 1 attempts) — body replaced, retry budget reset

2026-09-14 16:27:20,973 INFO image_rx_daemon: frag_arrival: seq=149 idx=1 total=15 fw_us=2337311327 len=207

2026-09-14 16:27:21,180 INFO image_rx_daemon: frag_arrival: seq=149 idx=2 total=15 fw_us=2337511156 len=207

2026-09-14 16:27:21,323 INFO image_rx_daemon: cmd 0x63 superseded while pending (after 0 attempts) — body replaced, retry budget reset

2026-09-14 16:27:21,371 INFO image_rx_daemon: frag_arrival: seq=149 idx=3 total=15 fw_us=2337710995 len=207

2026-09-14 16:27:21,572 INFO image_rx_daemon: frag_arrival: seq=149 idx=4 total=15 fw_us=2337910805 len=207

2026-09-14 16:27:21,779 INFO image_rx_daemon: frag_arrival: seq=149 idx=5 total=15 fw_us=2338110677 len=207

2026-09-14 16:27:22,021 INFO image_rx_daemon: cmd 0x63 superseded while pending (after 0 attempts) — body replaced, retry budget reset

2026-09-14 16:27:22,054 INFO image_rx_daemon: stats: rx_frames=290 rx_decode_err=0 frames_published=9 publish_err=0 reassembler_decode_err=0 reassembler_timeouts=11 parity_recon=0 idle_drain_deferred=72 cmd_cooldown_drops=3 cmd_gate_held=0 cmd_copies_deferred=0

2026-09-14 16:27:22,056 INFO image_rx_daemon: air_gap: n=39 dt_med=199887us dt_p95=506211us len_med=207B cmd_tx_ok=16 cmd_tx_fail=0

2026-09-14 16:27:22,059 INFO image_rx_daemon: air_gap_hist(ms): <120:2 <200:26 <400:8 <1000:3

2026-09-14 16:27:22,060 INFO image_rx_daemon: rx_rf: n_rssi=39 n_snr=39 rssi[min/med/max]=-65/-62/-59 snr[min/med/max]=9.0/10.0/12.0

2026-09-14 16:27:22,061 INFO image_rx_daemon: phase_telemetry: valid=39 invalid=0 pre_f8=0 last_epoch=8 last_hop=20 slot_off=[14..18]

2026-09-14 16:27:22,062 INFO image_rx_daemon: air_gap_by_class: seq: n=34 med=199.9ms | boundary: n=3 med=506.2ms | post_loss: n=2 med=396.5ms

2026-09-14 16:27:22,063 INFO image_rx_daemon: lost_frag_idx: n=2 idx0=0 (0.00% of idx0 arrivals) other=2 (5.26%) verdict=not-clustered | top 6:2

2026-09-14 16:27:22,160 INFO image_rx_daemon: frag_arrival: seq=149 idx=7 total=15 fw_us=2338502411 len=207

2026-09-14 16:27:22,560 INFO image_rx_daemon: frag_arrival: seq=149 idx=8 total=15 fw_us=2338902172 len=207

2026-09-14 16:27:22,726 INFO image_rx_daemon: cmd 0x63 superseded while pending (after 0 attempts) — body replaced, retry budget reset

2026-09-14 16:27:22,760 INFO image_rx_daemon: frag_arrival: seq=149 idx=9 total=15 fw_us=2339101973 len=207

2026-09-14 16:27:22,960 INFO image_rx_daemon: frag_arrival: seq=149 idx=10 total=15 fw_us=2339301770 len=207

2026-09-14 16:27:23,160 INFO image_rx_daemon: frag_arrival: seq=149 idx=11 total=15 fw_us=2339501529 len=207

2026-09-14 16:27:23,367 INFO image_rx_daemon: frag_arrival: seq=149 idx=12 total=15 fw_us=2339701292 len=207

2026-09-14 16:27:23,429 INFO image_rx_daemon: cmd 0x63 superseded while pending (after 0 attempts) — body replaced, retry budget reset

2026-09-14 16:27:23,560 INFO image_rx_daemon: frag_arrival: seq=149 idx=13 total=15 fw_us=2339901069 len=207

2026-09-14 16:27:23,719 INFO image_rx_daemon: frag_arrival: seq=149 idx=14 total=15 fw_us=2340062032 len=153

RFCO_PERTX during TX wait: profile_id=1 tx_status=0x00(OK) hop_idx=31 channel_idx=20 epoch=8 freq_hz=912750000 pkt_toa_us=20608 legal_dwell_used_us_10s=20608

2026-09-14 16:27:23,798 INFO image_rx_daemon: command TX opcode=0x60 copy=1/1 OK (on air)

2026-09-14 16:27:24,129 INFO image_rx_daemon: cmd 0x63 superseded while pending (after 0 attempts) — body replaced, retry budget reset

2026-09-14 16:27:24,153 INFO image_rx_daemon: frag_arrival: seq=163 idx=0 total=15 fw_us=2340500519 len=207

2026-09-14 16:27:24,567 INFO image_rx_daemon: frag_arrival: seq=163 idx=1 total=15 fw_us=2340900267 len=207

2026-09-14 16:27:24,763 INFO image_rx_daemon: frag_arrival: seq=163 idx=2 total=15 fw_us=2341100167 len=207

2026-09-14 16:27:24,835 INFO image_rx_daemon: cmd 0x63 superseded while pending (after 0 attempts) — body replaced, retry budget reset

2026-09-14 16:27:24,964 INFO image_rx_daemon: frag_arrival: seq=163 idx=3 total=15 fw_us=2341300044 len=207

2026-09-14 16:27:25,164 INFO image_rx_daemon: frag_arrival: seq=163 idx=4 total=15 fw_us=2341499903 len=207

2026-09-14 16:27:25,368 INFO image_rx_daemon: frag_arrival: seq=163 idx=5 total=15 fw_us=2341699787 len=207

2026-09-14 16:27:25,536 INFO image_rx_daemon: cmd 0x63 superseded while pending (after 0 attempts) — body replaced, retry budget reset

2026-09-14 16:27:25,560 INFO image_rx_daemon: frag_arrival: seq=163 idx=6 total=15 fw_us=2341899714 len=207

2026-09-14 16:27:25,764 INFO image_rx_daemon: frag_arrival: seq=163 idx=7 total=15 fw_us=2342099619 len=207

2026-09-14 16:27:26,164 INFO image_rx_daemon: frag_arrival: seq=163 idx=8 total=15 fw_us=2342499511 len=207

2026-09-14 16:27:26,238 INFO image_rx_daemon: cmd 0x63 superseded while pending (after 0 attempts) — body replaced, retry budget reset

2026-09-14 16:27:26,371 INFO image_rx_daemon: frag_arrival: seq=163 idx=9 total=15 fw_us=2342699412 len=207

2026-09-14 16:27:26,564 INFO image_rx_daemon: frag_arrival: seq=163 idx=10 total=15 fw_us=2342899383 len=207

2026-09-14 16:27:26,760 INFO image_rx_daemon: frag_arrival: seq=163 idx=11 total=15 fw_us=2343099372 len=207

2026-09-14 16:27:26,941 INFO image_rx_daemon: cmd 0x63 superseded while pending (after 0 attempts) — body replaced, retry budget reset

2026-09-14 16:27:26,961 INFO image_rx_daemon: frag_arrival: seq=163 idx=12 total=15 fw_us=2343299394 len=207

2026-09-14 16:27:27,167 INFO image_rx_daemon: frag_arrival: seq=163 idx=13 total=15 fw_us=2343499351 len=207

2026-09-14 16:27:27,316 INFO image_rx_daemon: frag_arrival: seq=163 idx=14 total=15 fw_us=2343655272 len=145

2026-09-14 16:27:27,317 INFO image_rx_daemon: published frame_id=0 seq=163 2983 B → lifetrac/v25/video/tile_delta

RFCO_PERTX during TX wait: profile_id=1 tx_status=0x00(OK) hop_idx=49 channel_idx=6 epoch=8 freq_hz=905750000 pkt_toa_us=20608 legal_dwell_used_us_10s=20608

2026-09-14 16:27:27,395 INFO image_rx_daemon: command TX opcode=0x60 copy=1/1 OK (on air)

2026-09-14 16:27:27,644 INFO image_rx_daemon: cmd 0x63 superseded while pending (after 0 attempts) — body replaced, retry budget reset

2026-09-14 16:27:27,768 INFO image_rx_daemon: frag_arrival: seq=164 idx=0 total=15 fw_us=2344099250 len=207

2026-09-14 16:27:28,160 INFO image_rx_daemon: frag_arrival: seq=164 idx=1 total=15 fw_us=2344498989 len=207

2026-09-14 16:27:28,347 INFO image_rx_daemon: cmd 0x63 superseded while pending (after 0 attempts) — body replaced, retry budget reset

2026-09-14 16:27:28,353 INFO image_rx_daemon: frag_arrival: seq=164 idx=2 total=15 fw_us=2344698848 len=207

2026-09-14 16:27:28,568 INFO image_rx_daemon: frag_arrival: seq=164 idx=3 total=15 fw_us=2344898765 len=207

2026-09-14 16:27:28,760 INFO image_rx_daemon: frag_arrival: seq=164 idx=4 total=15 fw_us=2345098626 len=207

2026-09-14 16:27:28,960 INFO image_rx_daemon: frag_arrival: seq=164 idx=5 total=15 fw_us=2345298534 len=207

2026-09-14 16:27:29,050 INFO image_rx_daemon: cmd 0x63 superseded while pending (after 0 attempts) — body replaced, retry budget reset

2026-09-14 16:27:29,160 INFO image_rx_daemon: frag_arrival: seq=164 idx=6 total=15 fw_us=2345498387 len=207

2026-09-14 16:27:29,364 INFO image_rx_daemon: frag_arrival: seq=164 idx=7 total=15 fw_us=2345698324 len=207

2026-09-14 16:27:29,752 INFO image_rx_daemon: cmd 0x63 superseded while pending (after 0 attempts) — body replaced, retry budget reset

2026-09-14 16:27:29,758 INFO image_rx_daemon: frag_arrival: seq=164 idx=8 total=15 fw_us=2346099078 len=207

2026-09-14 16:27:29,960 INFO image_rx_daemon: frag_arrival: seq=164 idx=9 total=15 fw_us=2346298054 len=207

2026-09-14 16:27:30,160 INFO image_rx_daemon: frag_arrival: seq=164 idx=10 total=15 fw_us=2346498004 len=207

2026-09-14 16:27:30,360 INFO image_rx_daemon: frag_arrival: seq=164 idx=11 total=15 fw_us=2346697852 len=207

2026-09-14 16:27:30,456 INFO image_rx_daemon: cmd 0x63 superseded while pending (after 0 attempts) — body replaced, retry budget reset

2026-09-14 16:27:30,564 INFO image_rx_daemon: frag_arrival: seq=164 idx=12 total=15 fw_us=2346897745 len=207

2026-09-14 16:27:30,764 INFO image_rx_daemon: frag_arrival: seq=164 idx=13 total=15 fw_us=2347097680 len=207

2026-09-14 16:27:30,852 INFO image_rx_daemon: frag_arrival: seq=164 idx=14 total=15 fw_us=2347194041 len=67

2026-09-14 16:27:30,853 INFO image_rx_daemon: published frame_id=0 seq=164 2905 B → lifetrac/v25/video/tile_delta

RFCO_PERTX during TX wait: profile_id=1 tx_status=0x00(OK) hop_idx=16 channel_idx=40 epoch=9 freq_hz=922750000 pkt_toa_us=20608 legal_dwell_used_us_10s=20608

2026-09-14 16:27:30,890 INFO image_rx_daemon: command TX opcode=0x60 copy=1/1 OK (on air)

2026-09-14 16:27:31,157 INFO image_rx_daemon: cmd 0x63 superseded while pending (after 0 attempts) — body replaced, retry budget reset

2026-09-14 16:27:31,368 INFO image_rx_daemon: frag_arrival: seq=171 idx=0 total=15 fw_us=2347699291 len=207

2026-09-14 16:27:31,763 INFO image_rx_daemon: frag_arrival: seq=171 idx=1 total=15 fw_us=2348100078 len=207

2026-09-14 16:27:31,857 INFO image_rx_daemon: cmd 0x63 superseded while pending (after 0 attempts) — body replaced, retry budget reset

2026-09-14 16:27:31,968 INFO image_rx_daemon: frag_arrival: seq=171 idx=2 total=15 fw_us=2348299001 len=207

2026-09-14 16:27:32,066 INFO image_rx_daemon: stats: rx_frames=331 rx_decode_err=0 frames_published=11 publish_err=0 reassembler_decode_err=0 reassembler_timeouts=12 parity_recon=0 idle_drain_deferred=81 cmd_cooldown_drops=3 cmd_gate_held=0 cmd_copies_deferred=0

2026-09-14 16:27:32,067 INFO image_rx_daemon: air_gap: n=41 dt_med=199905us dt_p95=438487us len_med=207B cmd_tx_ok=19 cmd_tx_fail=0

2026-09-14 16:27:32,070 INFO image_rx_daemon: air_gap_hist(ms): <120:1 <200:29 <400:6 <1000:5

2026-09-14 16:27:32,072 INFO image_rx_daemon: rx_rf: n_rssi=41 n_snr=41 rssi[min/med/max]=-65/-62/-59 snr[min/med/max]=9.0/10.0/11.0

2026-09-14 16:27:32,072 INFO image_rx_daemon: phase_telemetry: valid=41 invalid=0 pre_f8=0 last_epoch=9 last_hop=21 slot_off=[14..14]

2026-09-14 16:27:32,073 INFO image_rx_daemon: air_gap_by_class: seq: n=37 med=199.9ms | boundary: n=3 med=444.0ms | post_loss: n=1 med=391.7ms

2026-09-14 16:27:32,073 INFO image_rx_daemon: lost_frag_idx: n=1 idx0=0 (0.00% of idx0 arrivals) other=1 (2.56%) verdict=not-clustered | top 6:1

2026-09-14 16:27:32,159 INFO image_rx_daemon: frag_arrival: seq=171 idx=3 total=15 fw_us=2348498871 len=207

2026-09-14 16:27:32,361 INFO image_rx_daemon: frag_arrival: seq=171 idx=4 total=15 fw_us=2348698766 len=207

2026-09-14 16:27:32,564 INFO image_rx_daemon: frag_arrival: seq=171 idx=5 total=15 fw_us=2348898665 len=207

2026-09-14 16:27:32,565 INFO image_rx_daemon: cmd 0x63 superseded while pending (after 0 attempts) — body replaced, retry budget reset

2026-09-14 16:27:33,156 INFO image_rx_daemon: frag_arrival: seq=171 idx=7 total=15 fw_us=2349490445 len=207

2026-09-14 16:27:33,263 INFO image_rx_daemon: cmd 0x63 superseded while pending (after 0 attempts) — body replaced, retry budget reset

2026-09-14 16:27:33,356 INFO image_rx_daemon: frag_arrival: seq=171 idx=8 total=15 fw_us=2349690313 len=207

2026-09-14 16:27:33,548 INFO image_rx_daemon: frag_arrival: seq=171 idx=9 total=15 fw_us=2349890203 len=207

2026-09-14 16:27:33,745 INFO image_rx_daemon: frag_arrival: seq=171 idx=10 total=15 fw_us=2350090177 len=207

2026-09-14 16:27:33,953 INFO image_rx_daemon: frag_arrival: seq=171 idx=11 total=15 fw_us=2350290041 len=207

2026-09-14 16:27:33,965 INFO image_rx_daemon: cmd 0x63 superseded while pending (after 0 attempts) — body replaced, retry budget reset

2026-09-14 16:27:34,156 INFO image_rx_daemon: frag_arrival: seq=171 idx=12 total=15 fw_us=2350489967 len=207

2026-09-14 16:27:34,348 INFO image_rx_daemon: frag_arrival: seq=171 idx=13 total=15 fw_us=2350689918 len=207

2026-09-14 16:27:34,454 INFO image_rx_daemon: frag_arrival: seq=171 idx=14 total=15 fw_us=2350795078 len=77

RFCO_PERTX during TX wait: profile_id=1 tx_status=0x00(OK) hop_idx=34 channel_idx=49 epoch=9 freq_hz=927250000 pkt_toa_us=20608 legal_dwell_used_us_10s=20608

2026-09-14 16:27:34,493 INFO image_rx_daemon: command TX opcode=0x60 copy=1/1 OK (on air)

2026-09-14 16:27:34,670 INFO image_rx_daemon: cmd 0x63 superseded while pending (after 0 attempts) — body replaced, retry budget reset

2026-09-14 16:27:34,965 INFO image_rx_daemon: frag_arrival: seq=185 idx=0 total=15 fw_us=2351293464 len=207

2026-09-14 16:27:35,356 INFO image_rx_daemon: frag_arrival: seq=185 idx=1 total=15 fw_us=2351693215 len=207

2026-09-14 16:27:35,369 INFO image_rx_daemon: cmd 0x63 superseded while pending (after 0 attempts) — body replaced, retry budget reset

2026-09-14 16:27:35,556 INFO image_rx_daemon: frag_arrival: seq=185 idx=2 total=15 fw_us=2351893144 len=207

2026-09-14 16:27:35,760 INFO image_rx_daemon: frag_arrival: seq=185 idx=3 total=15 fw_us=2352093065 len=207

2026-09-14 16:27:35,960 INFO image_rx_daemon: frag_arrival: seq=185 idx=4 total=15 fw_us=2352292984 len=207

2026-09-14 16:27:36,072 INFO image_rx_daemon: cmd 0x63 superseded while pending (after 0 attempts) — body replaced, retry budget reset

2026-09-14 16:27:36,155 INFO image_rx_daemon: frag_arrival: seq=185 idx=5 total=15 fw_us=2352492943 len=207

2026-09-14 16:27:36,355 INFO image_rx_daemon: frag_arrival: seq=185 idx=6 total=15 fw_us=2352692855 len=207

2026-09-14 16:27:36,548 INFO image_rx_daemon: frag_arrival: seq=185 idx=7 total=15 fw_us=2352884410 len=207

2026-09-14 16:27:36,760 INFO image_rx_daemon: frag_arrival: seq=185 idx=8 total=15 fw_us=2353098531 len=207

2026-09-14 16:27:36,772 INFO image_rx_daemon: cmd 0x63 superseded while pending (after 0 attempts) — body replaced, retry budget reset

2026-09-14 16:27:37,160 INFO image_rx_daemon: frag_arrival: seq=185 idx=9 total=15 fw_us=2353496245 len=207

2026-09-14 16:27:37,360 INFO image_rx_daemon: frag_arrival: seq=185 idx=10 total=15 fw_us=2353697078 len=207

2026-09-14 16:27:37,476 INFO image_rx_daemon: cmd 0x63 superseded while pending (after 0 attempts) — body replaced, retry budget reset

2026-09-14 16:27:37,563 INFO image_rx_daemon: frag_arrival: seq=185 idx=11 total=15 fw_us=2353896030 len=207

2026-09-14 16:27:37,763 INFO image_rx_daemon: frag_arrival: seq=185 idx=12 total=15 fw_us=2354095962 len=207

2026-09-14 16:27:37,948 INFO image_rx_daemon: frag_arrival: seq=185 idx=13 total=15 fw_us=2354295839 len=207

2026-09-14 16:27:38,107 INFO image_rx_daemon: frag_arrival: seq=185 idx=14 total=15 fw_us=2354443968 len=136

2026-09-14 16:27:38,109 INFO image_rx_daemon: published frame_id=0 seq=185 2974 B → lifetrac/v25/video/tile_delta

RFCO_PERTX during TX wait: profile_id=1 tx_status=0x00(OK) hop_idx=2 channel_idx=28 epoch=10 freq_hz=916750000 pkt_toa_us=20608 legal_dwell_used_us_10s=20608

2026-09-14 16:27:38,144 INFO image_rx_daemon: command TX opcode=0x60 copy=1/1 OK (on air)

2026-09-14 16:27:38,177 INFO image_rx_daemon: cmd 0x63 superseded while pending (after 0 attempts) — body replaced, retry budget reset

2026-09-14 16:27:38,564 INFO image_rx_daemon: frag_arrival: seq=186 idx=0 total=15 fw_us=2354899508 len=207

2026-09-14 16:27:38,764 INFO image_rx_daemon: frag_arrival: seq=186 idx=1 total=15 fw_us=2355101531 len=207

2026-09-14 16:27:38,880 INFO image_rx_daemon: cmd 0x63 superseded while pending (after 0 attempts) — body replaced, retry budget reset

2026-09-14 16:27:39,168 INFO image_rx_daemon: frag_arrival: seq=186 idx=2 total=15 fw_us=2355499139 len=207

2026-09-14 16:27:39,363 INFO image_rx_daemon: frag_arrival: seq=186 idx=3 total=15 fw_us=2355699012 len=207

2026-09-14 16:27:39,564 INFO image_rx_daemon: frag_arrival: seq=186 idx=4 total=15 fw_us=2355898914 len=207

2026-09-14 16:27:39,580 INFO image_rx_daemon: cmd 0x63 superseded while pending (after 0 attempts) — body replaced, retry budget reset

2026-09-14 16:27:39,764 INFO image_rx_daemon: frag_arrival: seq=186 idx=5 total=15 fw_us=2356098749 len=207

2026-09-14 16:27:39,964 INFO image_rx_daemon: frag_arrival: seq=186 idx=6 total=15 fw_us=2356298623 len=207

2026-09-14 16:27:40,284 INFO image_rx_daemon: cmd 0x63 superseded while pending (after 0 attempts) — body replaced, retry budget reset

2026-09-14 16:27:40,551 INFO image_rx_daemon: frag_arrival: seq=186 idx=8 total=15 fw_us=2356890232 len=207

2026-09-14 16:27:40,752 INFO image_rx_daemon: frag_arrival: seq=186 idx=9 total=15 fw_us=2357090081 len=207

2026-09-14 16:27:40,956 INFO image_rx_daemon: frag_arrival: seq=186 idx=10 total=15 fw_us=2357289916 len=207

2026-09-14 16:27:40,987 INFO image_rx_daemon: cmd 0x63 superseded while pending (after 0 attempts) — body replaced, retry budget reset

2026-09-14 16:27:41,159 INFO image_rx_daemon: frag_arrival: seq=186 idx=11 total=15 fw_us=2357489752 len=207

2026-09-14 16:27:41,353 INFO image_rx_daemon: frag_arrival: seq=186 idx=12 total=15 fw_us=2357689578 len=207

2026-09-14 16:27:41,556 INFO image_rx_daemon: frag_arrival: seq=186 idx=13 total=15 fw_us=2357889403 len=207

2026-09-14 16:27:41,659 INFO image_rx_daemon: frag_arrival: seq=186 idx=14 total=15 fw_us=2358001179 len=85

2026-09-14 16:27:41,688 INFO image_rx_daemon: cmd 0x63 superseded while pending (after 1 attempts) — body replaced, retry budget reset

RFCO_PERTX during TX wait: profile_id=1 tx_status=0x00(OK) hop_idx=20 channel_idx=30 epoch=10 freq_hz=917750000 pkt_toa_us=20608 legal_dwell_used_us_10s=20608

2026-09-14 16:27:41,694 INFO image_rx_daemon: command TX opcode=0x63 copy=1/1 OK (on air)

2026-09-14 16:27:42,077 INFO image_rx_daemon: stats: rx_frames=371 rx_decode_err=0 frames_published=12 publish_err=0 reassembler_decode_err=0 reassembler_timeouts=13 parity_recon=0 idle_drain_deferred=91 cmd_cooldown_drops=3 cmd_gate_held=0 cmd_copies_deferred=0

2026-09-14 16:27:42,079 INFO image_rx_daemon: air_gap: n=40 dt_med=199902us dt_p95=591609us len_med=207B cmd_tx_ok=22 cmd_tx_fail=0

2026-09-14 16:27:42,081 INFO image_rx_daemon: air_gap_hist(ms): <120:2 <200:28 <400:6 <1000:4

2026-09-14 16:27:42,082 INFO image_rx_daemon: rx_rf: n_rssi=40 n_snr=40 rssi[min/med/max]=-65/-62/-59 snr[min/med/max]=9.0/10.0/10.0

2026-09-14 16:27:42,082 INFO image_rx_daemon: phase_telemetry: valid=40 invalid=0 pre_f8=0 last_epoch=10 last_hop=20 slot_off=[2..17]

2026-09-14 16:27:42,083 INFO image_rx_daemon: air_gap_by_class: seq: n=36 med=199.9ms | boundary: n=2 med=498.4ms | post_loss: n=2 med=591.8ms

2026-09-14 16:27:42,084 INFO image_rx_daemon: lost_frag_idx: n=2 idx0=0 (0.00% of idx0 arrivals) other=2 (5.00%) verdict=not-clustered | top 6:1 7:1

2026-09-14 16:27:42,152 INFO image_rx_daemon: frag_arrival: seq=192 idx=0 total=15 fw_us=2358488836 len=207

2026-09-14 16:27:42,391 INFO image_rx_daemon: cmd 0x63 superseded while pending (after 0 attempts) — body replaced, retry budget reset

2026-09-14 16:27:42,552 INFO image_rx_daemon: frag_arrival: seq=192 idx=1 total=15 fw_us=2358888464 len=207

2026-09-14 16:27:42,756 INFO image_rx_daemon: frag_arrival: seq=192 idx=2 total=15 fw_us=2359088319 len=207

2026-09-14 16:27:42,949 INFO image_rx_daemon: frag_arrival: seq=192 idx=3 total=15 fw_us=2359288173 len=207

2026-09-14 16:27:43,093 INFO image_rx_daemon: cmd 0x63 superseded while pending (after 0 attempts) — body replaced, retry budget reset

2026-09-14 16:27:43,152 INFO image_rx_daemon: frag_arrival: seq=192 idx=4 total=15 fw_us=2359488044 len=207

2026-09-14 16:27:43,352 INFO image_rx_daemon: frag_arrival: seq=192 idx=5 total=15 fw_us=2359687862 len=207

2026-09-14 16:27:43,556 INFO image_rx_daemon: frag_arrival: seq=192 idx=6 total=15 fw_us=2359887664 len=207

2026-09-14 16:27:43,751 INFO image_rx_daemon: frag_arrival: seq=192 idx=7 total=15 fw_us=2360087501 len=207

2026-09-14 16:27:43,794 INFO image_rx_daemon: cmd 0x63 superseded while pending (after 0 attempts) — body replaced, retry budget reset

2026-09-14 16:27:44,151 INFO image_rx_daemon: frag_arrival: seq=192 idx=8 total=15 fw_us=2360487223 len=207

2026-09-14 16:27:44,365 INFO image_rx_daemon: frag_arrival: seq=192 idx=9 total=15 fw_us=2360687057 len=207

2026-09-14 16:27:44,494 INFO image_rx_daemon: cmd 0x63 superseded while pending (after 0 attempts) — body replaced, retry budget reset

2026-09-14 16:27:44,556 INFO image_rx_daemon: frag_arrival: seq=192 idx=10 total=15 fw_us=2360886893 len=207

2026-09-14 16:27:44,751 INFO image_rx_daemon: frag_arrival: seq=192 idx=11 total=15 fw_us=2361086747 len=207

2026-09-14 16:27:44,952 INFO image_rx_daemon: frag_arrival: seq=192 idx=12 total=15 fw_us=2361286621 len=207

2026-09-14 16:27:45,152 INFO image_rx_daemon: frag_arrival: seq=192 idx=13 total=15 fw_us=2361486499 len=207

2026-09-14 16:27:45,200 INFO image_rx_daemon: cmd 0x63 superseded while pending (after 0 attempts) — body replaced, retry budget reset

2026-09-14 16:27:45,240 INFO image_rx_daemon: frag_arrival: seq=192 idx=14 total=15 fw_us=2361587971 len=72

2026-09-14 16:27:45,242 INFO image_rx_daemon: published frame_id=0 seq=192 2910 B → lifetrac/v25/video/tile_delta

RFCO_PERTX during TX wait: profile_id=1 tx_status=0x00(OK) hop_idx=38 channel_idx=44 epoch=10 freq_hz=924750000 pkt_toa_us=20608 legal_dwell_used_us_10s=20608

2026-09-14 16:27:45,280 INFO image_rx_daemon: command TX opcode=0x60 copy=1/1 OK (on air)

2026-09-14 16:27:45,756 INFO image_rx_daemon: frag_arrival: seq=199 idx=0 total=15 fw_us=2362090078 len=207

2026-09-14 16:27:45,902 INFO image_rx_daemon: cmd 0x63 superseded while pending (after 0 attempts) — body replaced, retry budget reset

2026-09-14 16:27:46,156 INFO image_rx_daemon: frag_arrival: seq=199 idx=1 total=15 fw_us=2362488797 len=207

2026-09-14 16:27:46,356 INFO image_rx_daemon: frag_arrival: seq=199 idx=2 total=15 fw_us=2362688650 len=207

2026-09-14 16:27:46,560 INFO image_rx_daemon: frag_arrival: seq=199 idx=3 total=15 fw_us=2362888484 len=207

2026-09-14 16:27:46,603 INFO image_rx_daemon: cmd 0x63 superseded while pending (after 0 attempts) — body replaced, retry budget reset

2026-09-14 16:27:46,752 INFO image_rx_daemon: frag_arrival: seq=199 idx=4 total=15 fw_us=2363088380 len=207

2026-09-14 16:27:46,955 INFO image_rx_daemon: frag_arrival: seq=199 idx=5 total=15 fw_us=2363288198 len=207

2026-09-14 16:27:47,306 INFO image_rx_daemon: cmd 0x63 superseded while pending (after 0 attempts) — body replaced, retry budget reset

2026-09-14 16:27:47,344 INFO image_rx_daemon: frag_arrival: seq=199 idx=7 total=15 fw_us=2363679873 len=207

2026-09-14 16:27:47,748 INFO image_rx_daemon: frag_arrival: seq=199 idx=8 total=15 fw_us=2364079690 len=207

2026-09-14 16:27:47,940 INFO image_rx_daemon: frag_arrival: seq=199 idx=9 total=15 fw_us=2364279525 len=207

2026-09-14 16:27:48,004 INFO image_rx_daemon: cmd 0x63 superseded while pending (after 0 attempts) — body replaced, retry budget reset

2026-09-14 16:27:48,140 INFO image_rx_daemon: frag_arrival: seq=199 idx=10 total=15 fw_us=2364479378 len=207

2026-09-14 16:27:48,340 INFO image_rx_daemon: frag_arrival: seq=199 idx=11 total=15 fw_us=2364679243 len=207

2026-09-14 16:27:48,540 INFO image_rx_daemon: frag_arrival: seq=199 idx=12 total=15 fw_us=2364880078 len=207

2026-09-14 16:27:48,708 INFO image_rx_daemon: cmd 0x63 superseded while pending (after 0 attempts) — body replaced, retry budget reset

2026-09-14 16:27:48,744 INFO image_rx_daemon: frag_arrival: seq=199 idx=13 total=15 fw_us=2365078966 len=207

2026-09-14 16:27:48,891 INFO image_rx_daemon: frag_arrival: seq=199 idx=14 total=15 fw_us=2365227081 len=137

RFCO_PERTX during TX wait: profile_id=1 tx_status=0x00(OK) hop_idx=6 channel_idx=46 epoch=11 freq_hz=925750000 pkt_toa_us=20608 legal_dwell_used_us_10s=20608

2026-09-14 16:27:48,928 INFO image_rx_daemon: command TX opcode=0x63 copy=1/1 OK (on air)

2026-09-14 16:27:49,341 INFO image_rx_daemon: frag_arrival: seq=207 idx=0 total=15 fw_us=2365682544 len=207

2026-09-14 16:27:49,412 INFO image_rx_daemon: cmd 0x63 superseded while pending (after 1 attempts) — body replaced, retry budget reset

2026-09-14 16:27:49,744 INFO image_rx_daemon: frag_arrival: seq=207 idx=1 total=15 fw_us=2366082427 len=207

2026-09-14 16:27:49,951 INFO image_rx_daemon: frag_arrival: seq=207 idx=2 total=15 fw_us=2366282380 len=207

2026-09-14 16:27:50,110 INFO image_rx_daemon: cmd 0x63 superseded while pending (after 0 attempts) — body replaced, retry budget reset

2026-09-14 16:27:50,147 INFO image_rx_daemon: frag_arrival: seq=207 idx=3 total=15 fw_us=2366482304 len=207

2026-09-14 16:27:50,348 INFO image_rx_daemon: frag_arrival: seq=207 idx=4 total=15 fw_us=2366682351 len=207

2026-09-14 16:27:50,552 INFO image_rx_daemon: frag_arrival: seq=207 idx=5 total=15 fw_us=2366882231 len=207

2026-09-14 16:27:50,813 INFO image_rx_daemon: cmd 0x63 superseded while pending (after 0 attempts) — body replaced, retry budget reset

2026-09-14 16:27:51,140 INFO image_rx_daemon: frag_arrival: seq=207 idx=7 total=15 fw_us=2367474037 len=207

2026-09-14 16:27:51,344 INFO image_rx_daemon: frag_arrival: seq=207 idx=8 total=15 fw_us=2367673911 len=207

2026-09-14 16:27:51,517 INFO image_rx_daemon: cmd 0x63 superseded while pending (after 0 attempts) — body replaced, retry budget reset

2026-09-14 16:27:51,525 INFO image_rx_daemon: frag_arrival: seq=207 idx=9 total=15 fw_us=2367873815 len=207

2026-09-14 16:27:51,736 INFO image_rx_daemon: frag_arrival: seq=207 idx=10 total=15 fw_us=2368073743 len=207

2026-09-14 16:27:51,935 INFO image_rx_daemon: frag_arrival: seq=207 idx=11 total=15 fw_us=2368273537 len=207

2026-09-14 16:27:52,088 INFO image_rx_daemon: stats: rx_frames=411 rx_decode_err=0 frames_published=13 publish_err=0 reassembler_decode_err=0 reassembler_timeouts=15 parity_recon=0 idle_drain_deferred=101 cmd_cooldown_drops=3 cmd_gate_held=0 cmd_copies_deferred=0

2026-09-14 16:27:52,089 INFO image_rx_daemon: air_gap: n=40 dt_med=199874us dt_p95=502107us len_med=207B cmd_tx_ok=24 cmd_tx_fail=0

2026-09-14 16:27:52,092 INFO image_rx_daemon: air_gap_hist(ms): <120:1 <200:27 <400:8 <1000:4

2026-09-14 16:27:52,093 INFO image_rx_daemon: rx_rf: n_rssi=40 n_snr=40 rssi[min/med/max]=-65/-62/-59 snr[min/med/max]=9.0/10.0/11.0

2026-09-14 16:27:52,094 INFO image_rx_daemon: phase_telemetry: valid=40 invalid=0 pre_f8=0 last_epoch=11 last_hop=21 slot_off=[14..14]

2026-09-14 16:27:52,095 INFO image_rx_daemon: air_gap_by_class: seq: n=35 med=199.9ms | boundary: n=3 med=487.7ms | post_loss: n=2 med=591.8ms

2026-09-14 16:27:52,095 INFO image_rx_daemon: lost_frag_idx: n=2 idx0=0 (0.00% of idx0 arrivals) other=2 (5.13%) verdict=not-clustered | top 6:2

2026-09-14 16:27:52,140 INFO image_rx_daemon: frag_arrival: seq=207 idx=12 total=15 fw_us=2368473355 len=207

2026-09-14 16:27:52,224 INFO image_rx_daemon: cmd 0x63 superseded while pending (after 0 attempts) — body replaced, retry budget reset

2026-09-14 16:27:52,335 INFO image_rx_daemon: frag_arrival: seq=207 idx=13 total=15 fw_us=2368673246 len=207

2026-09-14 16:27:52,463 INFO image_rx_daemon: frag_arrival: seq=207 idx=14 total=15 fw_us=2368803259 len=111

RFCO_PERTX during TX wait: profile_id=1 tx_status=0x00(OK) hop_idx=24 channel_idx=17 epoch=11 freq_hz=911250000 pkt_toa_us=20608 legal_dwell_used_us_10s=20608

2026-09-14 16:27:52,500 INFO image_rx_daemon: command TX opcode=0x63 copy=1/1 OK (on air)

2026-09-14 16:27:52,922 INFO image_rx_daemon: cmd 0x63 superseded while pending (after 1 attempts) — body replaced, retry budget reset

2026-09-14 16:27:52,941 INFO image_rx_daemon: frag_arrival: seq=214 idx=0 total=15 fw_us=2369277066 len=207

2026-09-14 16:27:53,344 INFO image_rx_daemon: frag_arrival: seq=214 idx=1 total=15 fw_us=2369676838 len=207

2026-09-14 16:27:53,536 INFO image_rx_daemon: frag_arrival: seq=214 idx=2 total=15 fw_us=2369876662 len=207

2026-09-14 16:27:53,625 INFO image_rx_daemon: cmd 0x63 superseded while pending (after 0 attempts) — body replaced, retry budget reset

2026-09-14 16:27:53,740 INFO image_rx_daemon: frag_arrival: seq=214 idx=3 total=15 fw_us=2370076554 len=207

2026-09-14 16:27:53,944 INFO image_rx_daemon: frag_arrival: seq=214 idx=4 total=15 fw_us=2370276475 len=207

2026-09-14 16:27:54,136 INFO image_rx_daemon: frag_arrival: seq=214 idx=5 total=15 fw_us=2370476398 len=207

2026-09-14 16:27:54,333 INFO image_rx_daemon: cmd 0x63 superseded while pending (after 0 attempts) — body replaced, retry budget reset

2026-09-14 16:27:54,335 INFO image_rx_daemon: frag_arrival: seq=214 idx=6 total=15 fw_us=2370676346 len=207

2026-09-14 16:27:54,536 INFO image_rx_daemon: frag_arrival: seq=214 idx=7 total=15 fw_us=2370867425 len=207

2026-09-14 16:27:54,748 INFO image_rx_daemon: frag_arrival: seq=214 idx=8 total=15 fw_us=2371081603 len=207

2026-09-14 16:27:55,026 INFO image_rx_daemon: cmd 0x63 superseded while pending (after 0 attempts) — body replaced, retry budget reset

2026-09-14 16:27:55,151 INFO image_rx_daemon: frag_arrival: seq=214 idx=9 total=15 fw_us=2371479076 len=207

2026-09-14 16:27:55,351 INFO image_rx_daemon: frag_arrival: seq=214 idx=10 total=15 fw_us=2371679040 len=207

2026-09-14 16:27:55,540 INFO image_rx_daemon: frag_arrival: seq=214 idx=11 total=15 fw_us=2371878862 len=207

2026-09-14 16:27:55,735 INFO image_rx_daemon: cmd 0x63 superseded while pending (after 0 attempts) — body replaced, retry budget reset

2026-09-14 16:27:55,736 INFO image_rx_daemon: frag_arrival: seq=214 idx=12 total=15 fw_us=2372078738 len=207

2026-09-14 16:27:55,943 INFO image_rx_daemon: frag_arrival: seq=214 idx=13 total=15 fw_us=2372278599 len=207

2026-09-14 16:27:56,104 INFO image_rx_daemon: frag_arrival: seq=214 idx=14 total=15 fw_us=2372439590 len=153

2026-09-14 16:27:56,105 INFO image_rx_daemon: published frame_id=0 seq=214 2991 B → lifetrac/v25/video/tile_delta

RFCO_PERTX during TX wait: profile_id=1 tx_status=0x00(OK) hop_idx=43 channel_idx=25 epoch=11 freq_hz=915250000 pkt_toa_us=20608 legal_dwell_used_us_10s=20608

2026-09-14 16:27:56,183 INFO image_rx_daemon: command TX opcode=0x60 copy=1/1 OK (on air)

2026-09-14 16:27:56,433 INFO image_rx_daemon: cmd 0x63 superseded while pending (after 0 attempts) — body replaced, retry budget reset

2026-09-14 16:27:56,552 INFO image_rx_daemon: frag_arrival: seq=221 idx=0 total=15 fw_us=2372879078 len=207

2026-09-14 16:27:56,944 INFO image_rx_daemon: frag_arrival: seq=221 idx=1 total=15 fw_us=2373277765 len=207

2026-09-14 16:27:57,139 INFO image_rx_daemon: cmd 0x63 superseded while pending (after 0 attempts) — body replaced, retry budget reset

2026-09-14 16:27:57,140 INFO image_rx_daemon: frag_arrival: seq=221 idx=2 total=15 fw_us=2373477678 len=207

2026-09-14 16:27:57,345 INFO image_rx_daemon: frag_arrival: seq=221 idx=3 total=15 fw_us=2373677517 len=207

2026-09-14 16:27:57,548 INFO image_rx_daemon: frag_arrival: seq=221 idx=4 total=15 fw_us=2373877376 len=207

2026-09-14 16:27:57,740 INFO image_rx_daemon: frag_arrival: seq=221 idx=5 total=15 fw_us=2374077228 len=207

2026-09-14 16:27:57,835 INFO image_rx_daemon: cmd 0x63 superseded while pending (after 0 attempts) — body replaced, retry budget reset

2026-09-14 16:27:57,944 INFO image_rx_daemon: frag_arrival: seq=221 idx=6 total=15 fw_us=2374277081 len=207

2026-09-14 16:27:58,148 INFO image_rx_daemon: frag_arrival: seq=221 idx=7 total=15 fw_us=2374476970 len=207

2026-09-14 16:27:58,532 INFO image_rx_daemon: frag_arrival: seq=221 idx=8 total=15 fw_us=2374876674 len=207

2026-09-14 16:27:58,536 INFO image_rx_daemon: cmd 0x63 superseded while pending (after 0 attempts) — body replaced, retry budget reset

2026-09-14 16:27:58,744 INFO image_rx_daemon: frag_arrival: seq=221 idx=9 total=15 fw_us=2375076509 len=207

2026-09-14 16:27:58,948 INFO image_rx_daemon: frag_arrival: seq=221 idx=10 total=15 fw_us=2375276392 len=207

2026-09-14 16:27:59,139 INFO image_rx_daemon: frag_arrival: seq=221 idx=11 total=15 fw_us=2375476235 len=207

2026-09-14 16:27:59,241 INFO image_rx_daemon: cmd 0x63 superseded while pending (after 0 attempts) — body replaced, retry budget reset

2026-09-14 16:27:59,340 INFO image_rx_daemon: frag_arrival: seq=221 idx=12 total=15 fw_us=2375676021 len=207

2026-09-14 16:27:59,544 INFO image_rx_daemon: frag_arrival: seq=221 idx=13 total=15 fw_us=2375875842 len=207

2026-09-14 16:27:59,703 INFO image_rx_daemon: frag_arrival: seq=221 idx=14 total=15 fw_us=2376036807 len=154

2026-09-14 16:27:59,706 INFO image_rx_daemon: published frame_id=0 seq=221 2992 B → lifetrac/v25/video/tile_delta

RFCO_PERTX during TX wait: profile_id=1 tx_status=0x00(OK) hop_idx=11 channel_idx=34 epoch=12 freq_hz=919750000 pkt_toa_us=20608 legal_dwell_used_us_10s=20608

2026-09-14 16:27:59,784 INFO image_rx_daemon: command TX opcode=0x63 copy=1/1 OK (on air)

2026-09-14 16:27:59,943 INFO image_rx_daemon: cmd 0x63 superseded while pending (after 1 attempts) — body replaced, retry budget reset

2026-09-14 16:28:00,140 INFO image_rx_daemon: frag_arrival: seq=228 idx=0 total=15 fw_us=2376475267 len=207

2026-09-14 16:28:00,540 INFO image_rx_daemon: frag_arrival: seq=228 idx=1 total=15 fw_us=2376875064 len=207

2026-09-14 16:28:00,646 INFO image_rx_daemon: cmd 0x63 superseded while pending (after 0 attempts) — body replaced, retry budget reset

2026-09-14 16:28:00,744 INFO image_rx_daemon: frag_arrival: seq=228 idx=2 total=15 fw_us=2377074932 len=207

2026-09-14 16:28:00,940 INFO image_rx_daemon: frag_arrival: seq=228 idx=3 total=15 fw_us=2377274784 len=207

2026-09-14 16:28:01,140 INFO image_rx_daemon: frag_arrival: seq=228 idx=4 total=15 fw_us=2377474637 len=207

2026-09-14 16:28:01,347 INFO image_rx_daemon: frag_arrival: seq=228 idx=5 total=15 fw_us=2377674446 len=207

2026-09-14 16:28:01,348 INFO image_rx_daemon: cmd 0x63 superseded while pending (after 0 attempts) — body replaced, retry budget reset

2026-09-14 16:28:01,540 INFO image_rx_daemon: frag_arrival: seq=228 idx=6 total=15 fw_us=2377874248 len=207

2026-09-14 16:28:01,744 INFO image_rx_daemon: frag_arrival: seq=228 idx=7 total=15 fw_us=2378074070 len=207

2026-09-14 16:28:02,051 INFO image_rx_daemon: cmd 0x63 superseded while pending (after 0 attempts) — body replaced, retry budget reset

2026-09-14 16:28:02,104 INFO image_rx_daemon: stats: rx_frames=452 rx_decode_err=0 frames_published=15 publish_err=0 reassembler_decode_err=0 reassembler_timeouts=16 parity_recon=0 idle_drain_deferred=110 cmd_cooldown_drops=3 cmd_gate_held=0 cmd_copies_deferred=0

2026-09-14 16:28:02,106 INFO image_rx_daemon: air_gap: n=41 dt_med=199861us dt_p95=438460us len_med=207B cmd_tx_ok=27 cmd_tx_fail=0

2026-09-14 16:28:02,109 INFO image_rx_daemon: air_gap_hist(ms): <200:32 <400:6 <1000:3

2026-09-14 16:28:02,110 INFO image_rx_daemon: rx_rf: n_rssi=41 n_snr=41 rssi[min/med/max]=-64/-61/-59 snr[min/med/max]=9.0/10.0/11.0

2026-09-14 16:28:02,112 INFO image_rx_daemon: phase_telemetry: valid=41 invalid=0 pre_f8=0 last_epoch=12 last_hop=20 slot_off=[3..17]

2026-09-14 16:28:02,113 INFO image_rx_daemon: air_gap_by_class: seq: n=38 med=199.9ms | boundary: n=3 med=439.5ms

2026-09-14 16:28:02,133 INFO image_rx_daemon: frag_arrival: seq=228 idx=8 total=15 fw_us=2378473646 len=207

2026-09-14 16:28:02,333 INFO image_rx_daemon: frag_arrival: seq=228 idx=9 total=15 fw_us=2378673414 len=207

2026-09-14 16:28:02,536 INFO image_rx_daemon: frag_arrival: seq=228 idx=10 total=15 fw_us=2378873180 len=207

2026-09-14 16:28:02,736 INFO image_rx_daemon: frag_arrival: seq=228 idx=11 total=15 fw_us=2379073036 len=207

2026-09-14 16:28:02,752 INFO image_rx_daemon: cmd 0x63 superseded while pending (after 0 attempts) — body replaced, retry budget reset

2026-09-14 16:28:02,936 INFO image_rx_daemon: frag_arrival: seq=228 idx=12 total=15 fw_us=2379272845 len=207

2026-09-14 16:28:03,140 INFO image_rx_daemon: frag_arrival: seq=228 idx=13 total=15 fw_us=2379472699 len=207

2026-09-14 16:28:03,231 INFO image_rx_daemon: frag_arrival: seq=228 idx=14 total=15 fw_us=2379569076 len=67

2026-09-14 16:28:03,235 INFO image_rx_daemon: published frame_id=0 seq=228 2905 B → lifetrac/v25/video/tile_delta

RFCO_PERTX during TX wait: profile_id=1 tx_status=0x00(OK) hop_idx=28 channel_idx=23 epoch=12 freq_hz=914250000 pkt_toa_us=20608 legal_dwell_used_us_10s=20608

2026-09-14 16:28:03,272 INFO image_rx_daemon: command TX opcode=0x63 copy=1/1 OK (on air)

2026-09-14 16:28:03,455 INFO image_rx_daemon: cmd 0x63 superseded while pending (after 1 attempts) — body replaced, retry budget reset

2026-09-14 16:28:03,740 INFO image_rx_daemon: frag_arrival: seq=235 idx=0 total=15 fw_us=2380072347 len=207

2026-09-14 16:28:04,140 INFO image_rx_daemon: frag_arrival: seq=235 idx=1 total=15 fw_us=2380472184 len=207

2026-09-14 16:28:04,157 INFO image_rx_daemon: cmd 0x63 superseded while pending (after 0 attempts) — body replaced, retry budget reset

2026-09-14 16:28:04,340 INFO image_rx_daemon: frag_arrival: seq=235 idx=2 total=15 fw_us=2380673078 len=207

2026-09-14 16:28:04,540 INFO image_rx_daemon: frag_arrival: seq=235 idx=3 total=15 fw_us=2380872061 len=207

2026-09-14 16:28:04,740 INFO image_rx_daemon: frag_arrival: seq=235 idx=4 total=15 fw_us=2381072013 len=207

2026-09-14 16:28:04,859 INFO image_rx_daemon: cmd 0x63 superseded while pending (after 0 attempts) — body replaced, retry budget reset

2026-09-14 16:28:04,940 INFO image_rx_daemon: frag_arrival: seq=235 idx=5 total=15 fw_us=2381271985 len=207

2026-09-14 16:28:05,144 INFO image_rx_daemon: frag_arrival: seq=235 idx=6 total=15 fw_us=2381471927 len=207

2026-09-14 16:28:05,336 INFO image_rx_daemon: frag_arrival: seq=235 idx=7 total=15 fw_us=2381671853 len=207

2026-09-14 16:28:05,562 INFO image_rx_daemon: cmd 0x63 superseded while pending (after 0 attempts) — body replaced, retry budget reset

2026-09-14 16:28:05,734 INFO image_rx_daemon: frag_arrival: seq=235 idx=8 total=15 fw_us=2382071612 len=207

2026-09-14 16:28:05,940 INFO image_rx_daemon: frag_arrival: seq=235 idx=9 total=15 fw_us=2382271452 len=207

2026-09-14 16:28:06,145 INFO image_rx_daemon: frag_arrival: seq=235 idx=10 total=15 fw_us=2382471348 len=207

2026-09-14 16:28:06,261 INFO image_rx_daemon: cmd 0x63 superseded while pending (after 0 attempts) — body replaced, retry budget reset

2026-09-14 16:28:06,339 INFO image_rx_daemon: frag_arrival: seq=235 idx=11 total=15 fw_us=2382671234 len=207

2026-09-14 16:28:06,544 INFO image_rx_daemon: frag_arrival: seq=235 idx=12 total=15 fw_us=2382871080 len=207

2026-09-14 16:28:06,736 INFO image_rx_daemon: frag_arrival: seq=235 idx=13 total=15 fw_us=2383070930 len=207

2026-09-14 16:28:06,837 INFO image_rx_daemon: frag_arrival: seq=235 idx=14 total=15 fw_us=2383175034 len=77

2026-09-14 16:28:06,841 INFO image_rx_daemon: cmd 0x60 CONVERGED after 7 attempts (44.8 s): keyframe received (UNVERIFIED delivery — keyframe may be encoder-initiated)

2026-09-14 16:28:06,842 INFO image_rx_daemon: published frame_id=0 seq=235 2915 B → lifetrac/v25/video/tile_delta

RFCO_PERTX during TX wait: profile_id=1 tx_status=0x00(OK) hop_idx=46 channel_idx=40 epoch=12 freq_hz=922750000 pkt_toa_us=20608 legal_dwell_used_us_10s=20608

2026-09-14 16:28:06,879 INFO image_rx_daemon: command TX opcode=0x63 copy=1/1 OK (on air)

2026-09-14 16:28:06,965 INFO image_rx_daemon: cmd 0x63 superseded while pending (after 1 attempts) — body replaced, retry budget reset

2026-09-14 16:28:07,336 INFO image_rx_daemon: frag_arrival: seq=250 idx=0 total=15 fw_us=2383674420 len=207

2026-09-14 16:28:07,670 INFO image_rx_daemon: cmd 0x63 superseded while pending (after 0 attempts) — body replaced, retry budget reset

2026-09-14 16:28:07,736 INFO image_rx_daemon: frag_arrival: seq=250 idx=1 total=15 fw_us=2384074143 len=207

2026-09-14 16:28:07,940 INFO image_rx_daemon: frag_arrival: seq=250 idx=2 total=15 fw_us=2384274023 len=207

2026-09-14 16:28:08,140 INFO image_rx_daemon: frag_arrival: seq=250 idx=3 total=15 fw_us=2384473899 len=207

2026-09-14 16:28:08,349 INFO image_rx_daemon: frag_arrival: seq=250 idx=4 total=15 fw_us=2384673745 len=207

2026-09-14 16:28:08,368 INFO image_rx_daemon: cmd 0x63 superseded while pending (after 0 attempts) — body replaced, retry budget reset

2026-09-14 16:28:08,540 INFO image_rx_daemon: frag_arrival: seq=250 idx=5 total=15 fw_us=2384873563 len=207

2026-09-14 16:28:08,934 INFO image_rx_daemon: frag_arrival: seq=250 idx=7 total=15 fw_us=2385265190 len=207

2026-09-14 16:28:09,072 INFO image_rx_daemon: cmd 0x63 superseded while pending (after 0 attempts) — body replaced, retry budget reset

2026-09-14 16:28:09,332 INFO image_rx_daemon: frag_arrival: seq=250 idx=8 total=15 fw_us=2385664794 len=207

2026-09-14 16:28:09,534 INFO image_rx_daemon: frag_arrival: seq=250 idx=9 total=15 fw_us=2385864499 len=207

2026-09-14 16:28:09,739 INFO image_rx_daemon: frag_arrival: seq=250 idx=10 total=15 fw_us=2386064371 len=207

2026-09-14 16:28:09,773 INFO image_rx_daemon: cmd 0x63 superseded while pending (after 0 attempts) — body replaced, retry budget reset

2026-09-14 16:28:09,932 INFO image_rx_daemon: frag_arrival: seq=250 idx=11 total=15 fw_us=2386265078 len=207

2026-09-14 16:28:10,132 INFO image_rx_daemon: frag_arrival: seq=250 idx=12 total=15 fw_us=2386463864 len=207

2026-09-14 16:28:10,328 INFO image_rx_daemon: frag_arrival: seq=250 idx=13 total=15 fw_us=2386663619 len=207

2026-09-14 16:28:10,431 INFO image_rx_daemon: frag_arrival: seq=250 idx=14 total=15 fw_us=2386775488 len=85

RFCO_PERTX during TX wait: profile_id=1 tx_status=0x00(OK) hop_idx=14 channel_idx=28 epoch=13 freq_hz=916750000 pkt_toa_us=20608 legal_dwell_used_us_10s=20608

2026-09-14 16:28:10,469 INFO image_rx_daemon: command TX opcode=0x60 copy=1/1 OK (on air)

2026-09-14 16:28:10,476 INFO image_rx_daemon: cmd 0x63 superseded while pending (after 0 attempts) — body replaced, retry budget reset

2026-09-14 16:28:10,939 INFO image_rx_daemon: frag_arrival: seq=251 idx=0 total=15 fw_us=2387268078 len=207

2026-09-14 16:28:11,179 INFO image_rx_daemon: cmd 0x63 superseded while pending (after 0 attempts) — body replaced, retry budget reset

2026-09-14 16:28:11,333 INFO image_rx_daemon: frag_arrival: seq=251 idx=1 total=15 fw_us=2387666735 len=207

2026-09-14 16:28:11,536 INFO image_rx_daemon: frag_arrival: seq=251 idx=2 total=15 fw_us=2387866566 len=207

2026-09-14 16:28:11,730 INFO image_rx_daemon: frag_arrival: seq=251 idx=3 total=15 fw_us=2388066372 len=207

2026-09-14 16:28:11,880 INFO image_rx_daemon: cmd 0x63 superseded while pending (after 0 attempts) — body replaced, retry budget reset

2026-09-14 16:28:11,936 INFO image_rx_daemon: frag_arrival: seq=251 idx=4 total=15 fw_us=2388266162 len=207

2026-09-14 16:28:12,116 INFO image_rx_daemon: stats: rx_frames=493 rx_decode_err=0 frames_published=17 publish_err=0 reassembler_decode_err=0 reassembler_timeouts=17 parity_recon=0 idle_drain_deferred=119 cmd_cooldown_drops=3 cmd_gate_held=0 cmd_copies_deferred=0

2026-09-14 16:28:12,120 INFO image_rx_daemon: air_gap: n=41 dt_med=199872us dt_p95=492590us len_med=207B cmd_tx_ok=30 cmd_tx_fail=0

2026-09-14 16:28:12,123 INFO image_rx_daemon: air_gap_hist(ms): <120:3 <200:26 <400:9 <1000:3

2026-09-14 16:28:12,124 INFO image_rx_daemon: rx_rf: n_rssi=41 n_snr=41 rssi[min/med/max]=-64/-62/-59 snr[min/med/max]=9.0/10.0/12.0

2026-09-14 16:28:12,124 INFO image_rx_daemon: phase_telemetry: valid=41 invalid=0 pre_f8=0 last_epoch=13 last_hop=21 slot_off=[14..14]

2026-09-14 16:28:12,125 INFO image_rx_daemon: air_gap_by_class: seq: n=37 med=199.9ms | boundary: n=3 med=499.4ms | post_loss: n=1 med=391.6ms

2026-09-14 16:28:12,125 INFO image_rx_daemon: lost_frag_idx: n=1 idx0=0 (0.00% of idx0 arrivals) other=1 (1.30%) verdict=not-clustered | top 6:1

2026-09-14 16:28:12,129 INFO image_rx_daemon: frag_arrival: seq=251 idx=5 total=15 fw_us=2388465989 len=207

2026-09-14 16:28:12,585 INFO image_rx_daemon: cmd 0x63 superseded while pending (after 0 attempts) — body replaced, retry budget reset

2026-09-14 16:28:12,724 INFO image_rx_daemon: frag_arrival: seq=251 idx=7 total=15 fw_us=2389057537 len=207

2026-09-14 16:28:12,928 INFO image_rx_daemon: frag_arrival: seq=251 idx=8 total=15 fw_us=2389257421 len=207

2026-09-14 16:28:13,132 INFO image_rx_daemon: frag_arrival: seq=251 idx=9 total=15 fw_us=2389457251 len=207

2026-09-14 16:28:13,288 INFO image_rx_daemon: cmd 0x63 superseded while pending (after 0 attempts) — body replaced, retry budget reset

2026-09-14 16:28:13,317 INFO image_rx_daemon: frag_arrival: seq=251 idx=10 total=15 fw_us=2389658078 len=207

2026-09-14 16:28:13,536 INFO image_rx_daemon: frag_arrival: seq=251 idx=11 total=15 fw_us=2389856925 len=207

2026-09-14 16:28:13,727 INFO image_rx_daemon: frag_arrival: seq=251 idx=12 total=15 fw_us=2390056830 len=207

2026-09-14 16:28:13,932 INFO image_rx_daemon: frag_arrival: seq=251 idx=13 total=15 fw_us=2390256760 len=207

2026-09-14 16:28:13,992 INFO image_rx_daemon: cmd 0x63 superseded while pending (after 0 attempts) — body replaced, retry budget reset

2026-09-14 16:28:14,090 INFO image_rx_daemon: frag_arrival: seq=251 idx=14 total=15 fw_us=2390420301 len=155

RFCO_PERTX during TX wait: profile_id=1 tx_status=0x00(OK) hop_idx=33 channel_idx=42 epoch=13 freq_hz=923750000 pkt_toa_us=20608 legal_dwell_used_us_10s=20608

2026-09-14 16:28:14,169 INFO image_rx_daemon: command TX opcode=0x60 copy=1/1 OK (on air)

2026-09-14 16:28:14,535 INFO image_rx_daemon: frag_arrival: seq=1 idx=0 total=15 fw_us=2390856250 len=207

2026-09-14 16:28:14,693 INFO image_rx_daemon: cmd 0x63 superseded while pending (after 0 attempts) — body replaced, retry budget reset

2026-09-14 16:28:14,928 INFO image_rx_daemon: frag_arrival: seq=1 idx=1 total=15 fw_us=2391255862 len=207

2026-09-14 16:28:15,132 INFO image_rx_daemon: frag_arrival: seq=1 idx=2 total=15 fw_us=2391455698 len=207

2026-09-14 16:28:15,315 INFO image_rx_daemon: frag_arrival: seq=1 idx=3 total=15 fw_us=2391655479 len=207

2026-09-14 16:28:15,395 INFO image_rx_daemon: cmd 0x63 superseded while pending (after 0 attempts) — body replaced, retry budget reset

2026-09-14 16:28:15,528 INFO image_rx_daemon: frag_arrival: seq=1 idx=4 total=15 fw_us=2391855266 len=207

2026-09-14 16:28:15,728 INFO image_rx_daemon: frag_arrival: seq=1 idx=5 total=15 fw_us=2392055072 len=207

2026-09-14 16:28:15,923 INFO image_rx_daemon: frag_arrival: seq=1 idx=6 total=15 fw_us=2392254895 len=207

2026-09-14 16:28:16,097 INFO image_rx_daemon: cmd 0x63 superseded while pending (after 0 attempts) — body replaced, retry budget reset

2026-09-14 16:28:16,124 INFO image_rx_daemon: frag_arrival: seq=1 idx=7 total=15 fw_us=2392454719 len=207

2026-09-14 16:28:16,522 INFO image_rx_daemon: frag_arrival: seq=1 idx=8 total=15 fw_us=2392854340 len=207

2026-09-14 16:28:16,728 INFO image_rx_daemon: frag_arrival: seq=1 idx=9 total=15 fw_us=2393054143 len=207

2026-09-14 16:28:16,800 INFO image_rx_daemon: cmd 0x63 superseded while pending (after 0 attempts) — body replaced, retry budget reset

2026-09-14 16:28:16,932 INFO image_rx_daemon: frag_arrival: seq=1 idx=10 total=15 fw_us=2393253969 len=207

2026-09-14 16:28:17,116 INFO image_rx_daemon: frag_arrival: seq=1 idx=11 total=15 fw_us=2393453642 len=207

2026-09-14 16:28:17,322 INFO image_rx_daemon: frag_arrival: seq=1 idx=12 total=15 fw_us=2393653356 len=207

2026-09-14 16:28:17,501 INFO image_rx_daemon: cmd 0x63 superseded while pending (after 0 attempts) — body replaced, retry budget reset

2026-09-14 16:28:17,521 INFO image_rx_daemon: frag_arrival: seq=1 idx=13 total=15 fw_us=2393854078 len=207

2026-09-14 16:28:17,672 INFO image_rx_daemon: frag_arrival: seq=1 idx=14 total=15 fw_us=2394008872 len=147

2026-09-14 16:28:17,672 INFO image_rx_daemon: cmd 0x60 CONVERGED after 2 attempts (10.7 s): keyframe received (UNVERIFIED delivery — keyframe may be encoder-initiated)

2026-09-14 16:28:17,673 INFO image_rx_daemon: published frame_id=0 seq=1 2985 B → lifetrac/v25/video/tile_delta

RFCO_PERTX during TX wait: profile_id=1 tx_status=0x00(OK) hop_idx=0 channel_idx=37 epoch=14 freq_hz=921250000 pkt_toa_us=20608 legal_dwell_used_us_10s=20608

2026-09-14 16:28:17,710 INFO image_rx_daemon: command TX opcode=0x63 copy=1/1 OK (on air)

2026-09-14 16:28:18,128 INFO image_rx_daemon: frag_arrival: seq=15 idx=0 total=15 fw_us=2394456394 len=207

2026-09-14 16:28:18,203 INFO image_rx_daemon: cmd 0x63 superseded while pending (after 1 attempts) — body replaced, retry budget reset

2026-09-14 16:28:18,328 INFO image_rx_daemon: frag_arrival: seq=15 idx=1 total=15 fw_us=2394657862 len=207

2026-09-14 16:28:18,730 INFO image_rx_daemon: frag_arrival: seq=15 idx=2 total=15 fw_us=2395055667 len=207

2026-09-14 16:28:18,907 INFO image_rx_daemon: cmd 0x63 superseded while pending (after 0 attempts) — body replaced, retry budget reset

2026-09-14 16:28:18,912 INFO image_rx_daemon: frag_arrival: seq=15 idx=3 total=15 fw_us=2395255530 len=207

2026-09-14 16:28:19,119 INFO image_rx_daemon: frag_arrival: seq=15 idx=4 total=15 fw_us=2395455408 len=207

2026-09-14 16:28:19,324 INFO image_rx_daemon: frag_arrival: seq=15 idx=5 total=15 fw_us=2395655302 len=207

2026-09-14 16:28:19,608 INFO image_rx_daemon: cmd 0x63 superseded while pending (after 0 attempts) — body replaced, retry budget reset

2026-09-14 16:28:19,720 INFO image_rx_daemon: frag_arrival: seq=15 idx=7 total=15 fw_us=2396048078 len=207

2026-09-14 16:28:20,123 INFO image_rx_daemon: frag_arrival: seq=15 idx=8 total=15 fw_us=2396446754 len=207

2026-09-14 16:28:20,316 INFO image_rx_daemon: cmd 0x63 superseded while pending (after 0 attempts) — body replaced, retry budget reset

2026-09-14 16:28:20,317 INFO image_rx_daemon: frag_arrival: seq=15 idx=9 total=15 fw_us=2396646562 len=207

2026-09-14 16:28:20,516 INFO image_rx_daemon: frag_arrival: seq=15 idx=10 total=15 fw_us=2396846394 len=207

2026-09-14 16:28:20,720 INFO image_rx_daemon: frag_arrival: seq=15 idx=11 total=15 fw_us=2397046238 len=207

2026-09-14 16:28:20,924 INFO image_rx_daemon: frag_arrival: seq=15 idx=12 total=15 fw_us=2397247078 len=207

2026-09-14 16:28:21,009 INFO image_rx_daemon: cmd 0x63 superseded while pending (after 0 attempts) — body replaced, retry budget reset

2026-09-14 16:28:21,116 INFO image_rx_daemon: frag_arrival: seq=15 idx=13 total=15 fw_us=2397445955 len=207

2026-09-14 16:28:21,241 INFO image_rx_daemon: frag_arrival: seq=15 idx=14 total=15 fw_us=2397575911 len=111

RFCO_PERTX during TX wait: profile_id=1 tx_status=0x00(OK) hop_idx=18 channel_idx=22 epoch=14 freq_hz=913750000 pkt_toa_us=20608 legal_dwell_used_us_10s=20608

2026-09-14 16:28:21,279 INFO image_rx_daemon: command TX opcode=0x60 copy=1/1 OK (on air)

2026-09-14 16:28:21,715 INFO image_rx_daemon: frag_arrival: seq=16 idx=0 total=15 fw_us=2398048479 len=207

2026-09-14 16:28:21,716 INFO image_rx_daemon: cmd 0x63 superseded while pending (after 0 attempts) — body replaced, retry budget reset

2026-09-14 16:28:22,115 INFO image_rx_daemon: frag_arrival: seq=16 idx=1 total=15 fw_us=2398448038 len=207

2026-09-14 16:28:22,134 INFO image_rx_daemon: stats: rx_frames=533 rx_decode_err=0 frames_published=18 publish_err=0 reassembler_decode_err=0 reassembler_timeouts=18 parity_recon=0 idle_drain_deferred=130 cmd_cooldown_drops=3 cmd_gate_held=0 cmd_copies_deferred=0

2026-09-14 16:28:22,135 INFO image_rx_daemon: air_gap: n=40 dt_med=199863us dt_p95=472568us len_med=207B cmd_tx_ok=33 cmd_tx_fail=0

2026-09-14 16:28:22,136 INFO image_rx_daemon: air_gap_hist(ms): <200:26 <400:10 <1000:4

2026-09-14 16:28:22,137 INFO image_rx_daemon: rx_rf: n_rssi=40 n_snr=40 rssi[min/med/max]=-65/-62/-59 snr[min/med/max]=9.0/10.0/12.0

2026-09-14 16:28:22,137 INFO image_rx_daemon: phase_telemetry: valid=40 invalid=0 pre_f8=0 last_epoch=14 last_hop=22 slot_off=[14..16]

2026-09-14 16:28:22,138 INFO image_rx_daemon: air_gap_by_class: seq: n=35 med=199.8ms | boundary: n=3 med=447.5ms | post_loss: n=2 med=591.5ms

2026-09-14 16:28:22,139 INFO image_rx_daemon: lost_frag_idx: n=2 idx0=0 (0.00% of idx0 arrivals) other=2 (5.13%) verdict=not-clustered | top 6:2

2026-09-14 16:28:22,315 INFO image_rx_daemon: frag_arrival: seq=16 idx=2 total=15 fw_us=2398647812 len=207

2026-09-14 16:28:22,413 INFO image_rx_daemon: cmd 0x63 superseded while pending (after 0 attempts) — body replaced, retry budget reset

2026-09-14 16:28:22,514 INFO image_rx_daemon: frag_arrival: seq=16 idx=3 total=15 fw_us=2398847613 len=207

2026-09-14 16:28:22,716 INFO image_rx_daemon: frag_arrival: seq=16 idx=4 total=15 fw_us=2399047388 len=207

2026-09-14 16:28:22,920 INFO image_rx_daemon: frag_arrival: seq=16 idx=5 total=15 fw_us=2399247202 len=207

2026-09-14 16:28:23,117 INFO image_rx_daemon: cmd 0x63 superseded while pending (after 0 attempts) — body replaced, retry budget reset

2026-09-14 16:28:23,312 INFO image_rx_daemon: frag_arrival: seq=16 idx=7 total=15 fw_us=2399638841 len=207

2026-09-14 16:28:23,716 INFO image_rx_daemon: frag_arrival: seq=16 idx=8 total=15 fw_us=2400038482 len=207

2026-09-14 16:28:23,819 INFO image_rx_daemon: cmd 0x63 superseded while pending (after 0 attempts) — body replaced, retry budget reset

2026-09-14 16:28:23,908 INFO image_rx_daemon: frag_arrival: seq=16 idx=9 total=15 fw_us=2400238287 len=207

2026-09-14 16:28:24,112 INFO image_rx_daemon: frag_arrival: seq=16 idx=10 total=15 fw_us=2400439078 len=207

2026-09-14 16:28:24,312 INFO image_rx_daemon: frag_arrival: seq=16 idx=11 total=15 fw_us=2400637877 len=207

2026-09-14 16:28:24,523 INFO image_rx_daemon: frag_arrival: seq=16 idx=12 total=15 fw_us=2400837681 len=207

2026-09-14 16:28:24,524 INFO image_rx_daemon: cmd 0x63 superseded while pending (after 0 attempts) — body replaced, retry budget reset

2026-09-14 16:28:24,711 INFO image_rx_daemon: frag_arrival: seq=16 idx=13 total=15 fw_us=2401037517 len=207

2026-09-14 16:28:24,861 INFO image_rx_daemon: frag_arrival: seq=16 idx=14 total=15 fw_us=2401193320 len=147

RFCO_PERTX during TX wait: profile_id=1 tx_status=0x00(OK) hop_idx=36 channel_idx=17 epoch=14 freq_hz=911250000 pkt_toa_us=20608 legal_dwell_used_us_10s=20608

2026-09-14 16:28:24,902 INFO image_rx_daemon: command TX opcode=0x60 copy=1/1 OK (on air)

2026-09-14 16:28:25,227 INFO image_rx_daemon: cmd 0x63 superseded while pending (after 0 attempts) — body replaced, retry budget reset

2026-09-14 16:28:25,320 INFO image_rx_daemon: frag_arrival: seq=22 idx=0 total=15 fw_us=2401641030 len=207

2026-09-14 16:28:25,511 INFO image_rx_daemon: frag_arrival: seq=22 idx=1 total=15 fw_us=2401842290 len=207

2026-09-14 16:28:25,911 INFO image_rx_daemon: frag_arrival: seq=22 idx=2 total=15 fw_us=2402240476 len=207

2026-09-14 16:28:25,926 INFO image_rx_daemon: cmd 0x63 superseded while pending (after 0 attempts) — body replaced, retry budget reset

2026-09-14 16:28:26,116 INFO image_rx_daemon: frag_arrival: seq=22 idx=3 total=15 fw_us=2402440275 len=207

2026-09-14 16:28:26,320 INFO image_rx_daemon: frag_arrival: seq=22 idx=4 total=15 fw_us=2402640062 len=207

2026-09-14 16:28:26,512 INFO image_rx_daemon: frag_arrival: seq=22 idx=5 total=15 fw_us=2402839845 len=207

2026-09-14 16:28:26,629 INFO image_rx_daemon: cmd 0x63 superseded while pending (after 0 attempts) — body replaced, retry budget reset

2026-09-14 16:28:26,904 INFO image_rx_daemon: frag_arrival: seq=22 idx=7 total=15 fw_us=2403231505 len=207

2026-09-14 16:28:27,304 INFO image_rx_daemon: frag_arrival: seq=22 idx=8 total=15 fw_us=2403631331 len=207

2026-09-14 16:28:27,333 INFO image_rx_daemon: cmd 0x63 superseded while pending (after 0 attempts) — body replaced, retry budget reset

2026-09-14 16:28:27,508 INFO image_rx_daemon: frag_arrival: seq=22 idx=9 total=15 fw_us=2403831196 len=207

2026-09-14 16:28:27,708 INFO image_rx_daemon: frag_arrival: seq=22 idx=10 total=15 fw_us=2404032078 len=207

2026-09-14 16:28:27,904 INFO image_rx_daemon: frag_arrival: seq=22 idx=11 total=15 fw_us=2404230955 len=207

2026-09-14 16:28:28,040 INFO image_rx_daemon: cmd 0x63 superseded while pending (after 0 attempts) — body replaced, retry budget reset

2026-09-14 16:28:28,108 INFO image_rx_daemon: frag_arrival: seq=22 idx=12 total=15 fw_us=2404430760 len=207

2026-09-14 16:28:28,312 INFO image_rx_daemon: frag_arrival: seq=22 idx=13 total=15 fw_us=2404630545 len=207

2026-09-14 16:28:28,461 INFO image_rx_daemon: frag_arrival: seq=22 idx=14 total=15 fw_us=2404791542 len=153

2026-09-14 16:28:28,463 WARNING image_rx_daemon: cmd 0x60 GAVE UP after 2 attempts (10.3 s); cool-down 30 s

RFCO_PERTX during TX wait: profile_id=1 tx_status=0x00(OK) hop_idx=5 channel_idx=27 epoch=15 freq_hz=916250000 pkt_toa_us=20608 legal_dwell_used_us_10s=20608

2026-09-14 16:28:28,542 INFO image_rx_daemon: command TX opcode=0x63 copy=1/1 OK (on air)

2026-09-14 16:28:28,740 INFO image_rx_daemon: cmd 0x63 superseded while pending (after 1 attempts) — body replaced, retry budget reset

2026-09-14 16:28:28,906 INFO image_rx_daemon: frag_arrival: seq=30 idx=0 total=15 fw_us=2405229983 len=207

2026-09-14 16:28:29,304 INFO image_rx_daemon: frag_arrival: seq=30 idx=1 total=15 fw_us=2405629542 len=207

2026-09-14 16:28:29,442 INFO image_rx_daemon: cmd 0x63 superseded while pending (after 0 attempts) — body replaced, retry budget reset

2026-09-14 16:28:29,511 INFO image_rx_daemon: frag_arrival: seq=30 idx=2 total=15 fw_us=2405829235 len=207

2026-09-14 16:28:29,702 INFO image_rx_daemon: frag_arrival: seq=30 idx=3 total=15 fw_us=2406028918 len=207

2026-09-14 16:28:29,907 INFO image_rx_daemon: frag_arrival: seq=30 idx=4 total=15 fw_us=2406228746 len=207

2026-09-14 16:28:30,107 INFO image_rx_daemon: frag_arrival: seq=30 idx=5 total=15 fw_us=2406428423 len=207

2026-09-14 16:28:30,146 INFO image_rx_daemon: cmd 0x63 superseded while pending (after 0 attempts) — body replaced, retry budget reset

2026-09-14 16:28:30,312 INFO image_rx_daemon: frag_arrival: seq=30 idx=6 total=15 fw_us=2406628167 len=207

2026-09-14 16:28:30,504 INFO image_rx_daemon: frag_arrival: seq=30 idx=7 total=15 fw_us=2406827933 len=207

2026-09-14 16:28:30,848 INFO image_rx_daemon: cmd 0x63 superseded while pending (after 0 attempts) — body replaced, retry budget reset

2026-09-14 16:28:30,908 INFO image_rx_daemon: frag_arrival: seq=30 idx=8 total=15 fw_us=2407227529 len=207

2026-09-14 16:28:31,107 INFO image_rx_daemon: frag_arrival: seq=30 idx=9 total=15 fw_us=2407427214 len=207

2026-09-14 16:28:31,308 INFO image_rx_daemon: frag_arrival: seq=30 idx=10 total=15 fw_us=2407627020 len=207

2026-09-14 16:28:31,504 INFO image_rx_daemon: frag_arrival: seq=30 idx=11 total=15 fw_us=2407826742 len=207

2026-09-14 16:28:31,550 INFO image_rx_daemon: cmd 0x63 superseded while pending (after 0 attempts) — body replaced, retry budget reset

2026-09-14 16:28:31,704 INFO image_rx_daemon: frag_arrival: seq=30 idx=12 total=15 fw_us=2408026523 len=207

2026-09-14 16:28:31,904 INFO image_rx_daemon: frag_arrival: seq=30 idx=13 total=15 fw_us=2408226235 len=207

2026-09-14 16:28:31,996 INFO image_rx_daemon: frag_arrival: seq=30 idx=14 total=15 fw_us=2408330311 len=77

2026-09-14 16:28:31,999 INFO image_rx_daemon: published frame_id=0 seq=30 2915 B → lifetrac/v25/video/tile_delta

RFCO_PERTX during TX wait: profile_id=1 tx_status=0x00(OK) hop_idx=22 channel_idx=33 epoch=15 freq_hz=919250000 pkt_toa_us=20608 legal_dwell_used_us_10s=20608

2026-09-14 16:28:32,036 INFO image_rx_daemon: command TX opcode=0x63 copy=1/1 OK (on air)

2026-09-14 16:28:32,143 INFO image_rx_daemon: stats: rx_frames=574 rx_decode_err=0 frames_published=19 publish_err=0 reassembler_decode_err=0 reassembler_timeouts=21 parity_recon=0 idle_drain_deferred=139 cmd_cooldown_drops=4 cmd_gate_held=0 cmd_copies_deferred=0

2026-09-14 16:28:32,145 INFO image_rx_daemon: air_gap: n=41 dt_med=199801us dt_p95=399826us len_med=207B cmd_tx_ok=36 cmd_tx_fail=0

2026-09-14 16:28:32,148 INFO image_rx_daemon: air_gap_hist(ms): <120:1 <200:28 <400:10 <1000:2

2026-09-14 16:28:32,150 INFO image_rx_daemon: rx_rf: n_rssi=41 n_snr=41 rssi[min/med/max]=-64/-61/-59 snr[min/med/max]=8.0/10.0/12.0

2026-09-14 16:28:32,151 INFO image_rx_daemon: phase_telemetry: valid=41 invalid=0 pre_f8=0 last_epoch=15 last_hop=22 slot_off=[14..16]

2026-09-14 16:28:32,153 INFO image_rx_daemon: air_gap_by_class: seq: n=37 med=199.8ms | boundary: n=2 med=447.7ms | post_loss: n=2 med=391.7ms

2026-09-14 16:28:32,155 INFO image_rx_daemon: lost_frag_idx: n=2 idx0=0 (0.00% of idx0 arrivals) other=2 (4.88%) verdict=not-clustered | top 6:2

2026-09-14 16:28:32,251 INFO image_rx_daemon: cmd 0x63 superseded while pending (after 1 attempts) — body replaced, retry budget reset

2026-09-14 16:28:32,504 INFO image_rx_daemon: frag_arrival: seq=37 idx=0 total=15 fw_us=2408825752 len=207

2026-09-14 16:28:32,902 INFO image_rx_daemon: frag_arrival: seq=37 idx=1 total=15 fw_us=2409225244 len=207

2026-09-14 16:28:32,954 INFO image_rx_daemon: cmd 0x63 superseded while pending (after 0 attempts) — body replaced, retry budget reset

2026-09-14 16:28:33,104 INFO image_rx_daemon: frag_arrival: seq=37 idx=2 total=15 fw_us=2409425029 len=207

2026-09-14 16:28:33,304 INFO image_rx_daemon: frag_arrival: seq=37 idx=3 total=15 fw_us=2409624845 len=207

2026-09-14 16:28:33,508 INFO image_rx_daemon: frag_arrival: seq=37 idx=4 total=15 fw_us=2409824644 len=207

2026-09-14 16:28:33,655 INFO image_rx_daemon: cmd 0x63 superseded while pending (after 0 attempts) — body replaced, retry budget reset

2026-09-14 16:28:33,700 INFO image_rx_daemon: frag_arrival: seq=37 idx=5 total=15 fw_us=2410024433 len=207

2026-09-14 16:28:33,904 INFO image_rx_daemon: frag_arrival: seq=37 idx=6 total=15 fw_us=2410224241 len=207

2026-09-14 16:28:34,108 INFO image_rx_daemon: frag_arrival: seq=37 idx=7 total=15 fw_us=2410424079 len=207

2026-09-14 16:28:34,359 INFO image_rx_daemon: cmd 0x63 superseded while pending (after 0 attempts) — body replaced, retry budget reset

2026-09-14 16:28:34,501 INFO image_rx_daemon: frag_arrival: seq=37 idx=8 total=15 fw_us=2410823856 len=207

2026-09-14 16:28:34,704 INFO image_rx_daemon: frag_arrival: seq=37 idx=9 total=15 fw_us=2411023733 len=207

2026-09-14 16:28:34,904 INFO image_rx_daemon: frag_arrival: seq=37 idx=10 total=15 fw_us=2411223687 len=207

2026-09-14 16:28:35,061 INFO image_rx_daemon: cmd 0x63 superseded while pending (after 0 attempts) — body replaced, retry budget reset

2026-09-14 16:28:35,104 INFO image_rx_daemon: frag_arrival: seq=37 idx=11 total=15 fw_us=2411423545 len=207

2026-09-14 16:28:35,309 INFO image_rx_daemon: frag_arrival: seq=37 idx=12 total=15 fw_us=2411623427 len=207

2026-09-14 16:28:35,502 INFO image_rx_daemon: frag_arrival: seq=37 idx=13 total=15 fw_us=2411823310 len=207

2026-09-14 16:28:35,594 INFO image_rx_daemon: frag_arrival: seq=37 idx=14 total=15 fw_us=2411927437 len=77

2026-09-14 16:28:35,597 INFO image_rx_daemon: published frame_id=0 seq=37 2915 B → lifetrac/v25/video/tile_delta

RFCO_PERTX during TX wait: profile_id=1 tx_status=0x00(OK) hop_idx=40 channel_idx=21 epoch=15 freq_hz=913250000 pkt_toa_us=20608 legal_dwell_used_us_10s=20608

2026-09-14 16:28:35,634 INFO image_rx_daemon: command TX opcode=0x63 copy=1/1 OK (on air)

2026-09-14 16:28:35,764 INFO image_rx_daemon: cmd 0x63 superseded while pending (after 1 attempts) — body replaced, retry budget reset

2026-09-14 16:28:36,108 INFO image_rx_daemon: frag_arrival: seq=44 idx=0 total=15 fw_us=2412426849 len=207

2026-09-14 16:28:36,315 INFO image_rx_daemon: frag_arrival: seq=44 idx=1 total=15 fw_us=2412626811 len=207

2026-09-14 16:28:36,468 INFO image_rx_daemon: cmd 0x63 superseded while pending (after 0 attempts) — body replaced, retry budget reset

2026-09-14 16:28:36,708 INFO image_rx_daemon: frag_arrival: seq=44 idx=2 total=15 fw_us=2413026529 len=207

2026-09-14 16:28:36,912 INFO image_rx_daemon: frag_arrival: seq=44 idx=3 total=15 fw_us=2413226366 len=207

2026-09-14 16:28:37,107 INFO image_rx_daemon: frag_arrival: seq=44 idx=4 total=15 fw_us=2413426208 len=207

2026-09-14 16:28:37,170 INFO image_rx_daemon: cmd 0x63 superseded while pending (after 0 attempts) — body replaced, retry budget reset

2026-09-14 16:28:37,300 INFO image_rx_daemon: frag_arrival: seq=44 idx=5 total=15 fw_us=2413626074 len=207

2026-09-14 16:28:37,696 INFO image_rx_daemon: frag_arrival: seq=44 idx=7 total=15 fw_us=2414017651 len=207

2026-09-14 16:28:37,868 INFO image_rx_daemon: cmd 0x63 superseded while pending (after 0 attempts) — body replaced, retry budget reset

2026-09-14 16:28:38,100 INFO image_rx_daemon: frag_arrival: seq=44 idx=8 total=15 fw_us=2414417412 len=207

2026-09-14 16:28:38,299 INFO image_rx_daemon: frag_arrival: seq=44 idx=9 total=15 fw_us=2414617268 len=207

2026-09-14 16:28:38,492 INFO image_rx_daemon: frag_arrival: seq=44 idx=10 total=15 fw_us=2414817146 len=207

2026-09-14 16:28:38,570 INFO image_rx_daemon: cmd 0x63 superseded while pending (after 0 attempts) — body replaced, retry budget reset

2026-09-14 16:28:38,692 INFO image_rx_daemon: frag_arrival: seq=44 idx=11 total=15 fw_us=2415017017 len=207

2026-09-14 16:28:38,896 INFO image_rx_daemon: frag_arrival: seq=44 idx=12 total=15 fw_us=2415216864 len=207

2026-09-14 16:28:39,096 INFO image_rx_daemon: frag_arrival: seq=44 idx=13 total=15 fw_us=2415416814 len=207

2026-09-14 16:28:39,223 INFO image_rx_daemon: frag_arrival: seq=44 idx=14 total=15 fw_us=2415549442 len=115

RFCO_PERTX during TX wait: profile_id=1 tx_status=0x00(OK) hop_idx=8 channel_idx=17 epoch=16 freq_hz=911250000 pkt_toa_us=20608 legal_dwell_used_us_10s=20608

2026-09-14 16:28:39,260 INFO image_rx_daemon: command TX opcode=0x63 copy=1/1 OK (on air)

2026-09-14 16:28:39,271 INFO image_rx_daemon: cmd 0x63 superseded while pending (after 1 attempts) — body replaced, retry budget reset

2026-09-14 16:28:39,700 INFO image_rx_daemon: frag_arrival: seq=51 idx=0 total=15 fw_us=2416019607 len=207

2026-09-14 16:28:39,975 INFO image_rx_daemon: cmd 0x63 superseded while pending (after 0 attempts) — body replaced, retry budget reset

2026-09-14 16:28:40,105 INFO image_rx_daemon: frag_arrival: seq=51 idx=1 total=15 fw_us=2416419485 len=207

2026-09-14 16:28:40,300 INFO image_rx_daemon: frag_arrival: seq=51 idx=2 total=15 fw_us=2416619428 len=207

2026-09-14 16:28:40,500 INFO image_rx_daemon: frag_arrival: seq=51 idx=3 total=15 fw_us=2416819356 len=207

2026-09-14 16:28:40,679 INFO image_rx_daemon: cmd 0x63 superseded while pending (after 0 attempts) — body replaced, retry budget reset

2026-09-14 16:28:40,698 INFO image_rx_daemon: frag_arrival: seq=51 idx=4 total=15 fw_us=2417019280 len=207

2026-09-14 16:28:40,906 INFO image_rx_daemon: frag_arrival: seq=51 idx=5 total=15 fw_us=2417220078 len=207

2026-09-14 16:28:41,293 INFO image_rx_daemon: frag_arrival: seq=51 idx=7 total=15 fw_us=2417611899 len=207

2026-09-14 16:28:41,379 INFO image_rx_daemon: cmd 0x63 superseded while pending (after 0 attempts) — body replaced, retry budget reset

2026-09-14 16:28:41,700 INFO image_rx_daemon: frag_arrival: seq=51 idx=8 total=15 fw_us=2418011541 len=207

2026-09-14 16:28:41,892 INFO image_rx_daemon: frag_arrival: seq=51 idx=9 total=15 fw_us=2418211353 len=207

2026-09-14 16:28:42,087 INFO image_rx_daemon: frag_arrival: seq=51 idx=10 total=15 fw_us=2418411222 len=207

2026-09-14 16:28:42,088 INFO image_rx_daemon: cmd 0x63 superseded while pending (after 0 attempts) — body replaced, retry budget reset

2026-09-14 16:28:42,158 INFO image_rx_daemon: stats: rx_frames=613 rx_decode_err=0 frames_published=20 publish_err=0 reassembler_decode_err=0 reassembler_timeouts=22 parity_recon=0 idle_drain_deferred=150 cmd_cooldown_drops=5 cmd_gate_held=0 cmd_copies_deferred=0

2026-09-14 16:28:42,160 INFO image_rx_daemon: air_gap: n=39 dt_med=199882us dt_p95=495441us len_med=207B cmd_tx_ok=38 cmd_tx_fail=0

2026-09-14 16:28:42,163 INFO image_rx_daemon: air_gap_hist(ms): <120:1 <200:26 <400:9 <1000:3

2026-09-14 16:28:42,163 INFO image_rx_daemon: rx_rf: n_rssi=39 n_snr=39 rssi[min/med/max]=-65/-61/-59 snr[min/med/max]=9.0/10.0/11.0

2026-09-14 16:28:42,164 INFO image_rx_daemon: phase_telemetry: valid=39 invalid=0 pre_f8=0 last_epoch=16 last_hop=22 slot_off=[14..14]

2026-09-14 16:28:42,165 INFO image_rx_daemon: air_gap_by_class: seq: n=34 med=199.9ms | boundary: n=3 med=495.4ms | post_loss: n=2 med=391.8ms

2026-09-14 16:28:42,165 INFO image_rx_daemon: lost_frag_idx: n=2 idx0=0 (0.00% of idx0 arrivals) other=2 (5.26%) verdict=not-clustered | top 6:2

2026-09-14 16:28:42,296 INFO image_rx_daemon: frag_arrival: seq=51 idx=11 total=15 fw_us=2418611081 len=207

2026-09-14 16:28:42,488 INFO image_rx_daemon: frag_arrival: seq=51 idx=12 total=15 fw_us=2418810963 len=207

2026-09-14 16:28:42,693 INFO image_rx_daemon: frag_arrival: seq=51 idx=13 total=15 fw_us=2419010856 len=207

2026-09-14 16:28:42,786 INFO image_rx_daemon: cmd 0x63 superseded while pending (after 0 attempts) — body replaced, retry budget reset

2026-09-14 16:28:42,843 INFO image_rx_daemon: frag_arrival: seq=51 idx=14 total=15 fw_us=2419165078 len=141

RFCO_PERTX during TX wait: profile_id=1 tx_status=0x00(OK) hop_idx=26 channel_idx=7 epoch=16 freq_hz=906250000 pkt_toa_us=20608 legal_dwell_used_us_10s=20608

2026-09-14 16:28:42,880 INFO image_rx_daemon: command TX opcode=0x63 copy=1/1 OK (on air)

2026-09-14 16:28:43,292 INFO image_rx_daemon: frag_arrival: seq=58 idx=0 total=15 fw_us=2419616641 len=207

2026-09-14 16:28:43,493 INFO image_rx_daemon: frag_arrival: seq=58 idx=1 total=15 fw_us=2419816567 len=207

2026-09-14 16:28:43,494 INFO image_rx_daemon: cmd 0x63 superseded while pending (after 1 attempts) — body replaced, retry budget reset

2026-09-14 16:28:43,896 INFO image_rx_daemon: frag_arrival: seq=58 idx=2 total=15 fw_us=2420216415 len=207

2026-09-14 16:28:44,091 INFO image_rx_daemon: frag_arrival: seq=58 idx=3 total=15 fw_us=2420416321 len=207

2026-09-14 16:28:44,194 INFO image_rx_daemon: cmd 0x63 superseded while pending (after 0 attempts) — body replaced, retry budget reset

2026-09-14 16:28:44,296 INFO image_rx_daemon: frag_arrival: seq=58 idx=4 total=15 fw_us=2420616258 len=207

2026-09-14 16:28:44,493 INFO image_rx_daemon: frag_arrival: seq=58 idx=5 total=15 fw_us=2420816178 len=207

2026-09-14 16:28:44,884 INFO image_rx_daemon: frag_arrival: seq=58 idx=7 total=15 fw_us=2421207975 len=207

2026-09-14 16:28:44,892 INFO image_rx_daemon: cmd 0x63 superseded while pending (after 0 attempts) — body replaced, retry budget reset

2026-09-14 16:28:45,288 INFO image_rx_daemon: frag_arrival: seq=58 idx=8 total=15 fw_us=2421607818 len=207

2026-09-14 16:28:45,488 INFO image_rx_daemon: frag_arrival: seq=58 idx=9 total=15 fw_us=2421807677 len=207

2026-09-14 16:28:45,595 INFO image_rx_daemon: cmd 0x63 superseded while pending (after 0 attempts) — body replaced, retry budget reset

2026-09-14 16:28:45,695 INFO image_rx_daemon: frag_arrival: seq=58 idx=10 total=15 fw_us=2422007601 len=207

2026-09-14 16:28:45,891 INFO image_rx_daemon: frag_arrival: seq=58 idx=11 total=15 fw_us=2422207532 len=207

2026-09-14 16:28:46,087 INFO image_rx_daemon: frag_arrival: seq=58 idx=12 total=15 fw_us=2422407463 len=207

2026-09-14 16:28:46,288 INFO image_rx_daemon: frag_arrival: seq=58 idx=13 total=15 fw_us=2422607462 len=207

2026-09-14 16:28:46,295 INFO image_rx_daemon: cmd 0x63 superseded while pending (after 0 attempts) — body replaced, retry budget reset

2026-09-14 16:28:46,391 INFO image_rx_daemon: frag_arrival: seq=58 idx=14 total=15 fw_us=2422719389 len=85

RFCO_PERTX during TX wait: profile_id=1 tx_status=0x00(OK) hop_idx=44 channel_idx=45 epoch=16 freq_hz=925250000 pkt_toa_us=20608 legal_dwell_used_us_10s=20608

2026-09-14 16:28:46,430 INFO image_rx_daemon: command TX opcode=0x63 copy=1/1 OK (on air)

2026-09-14 16:28:46,896 INFO image_rx_daemon: frag_arrival: seq=66 idx=0 total=15 fw_us=2423211432 len=207

2026-09-14 16:28:47,000 INFO image_rx_daemon: cmd 0x63 superseded while pending (after 1 attempts) — body replaced, retry budget reset

2026-09-14 16:28:47,300 INFO image_rx_daemon: frag_arrival: seq=66 idx=1 total=15 fw_us=2423611431 len=207

2026-09-14 16:28:47,492 INFO image_rx_daemon: frag_arrival: seq=66 idx=2 total=15 fw_us=2423811441 len=207

2026-09-14 16:28:47,697 INFO image_rx_daemon: frag_arrival: seq=66 idx=3 total=15 fw_us=2424011426 len=207

2026-09-14 16:28:47,699 INFO image_rx_daemon: cmd 0x63 superseded while pending (after 0 attempts) — body replaced, retry budget reset

2026-09-14 16:28:47,891 INFO image_rx_daemon: frag_arrival: seq=66 idx=4 total=15 fw_us=2424211364 len=207

2026-09-14 16:28:48,096 INFO image_rx_daemon: frag_arrival: seq=66 idx=5 total=15 fw_us=2424411272 len=207

2026-09-14 16:28:48,404 INFO image_rx_daemon: cmd 0x63 superseded while pending (after 0 attempts) — body replaced, retry budget reset

2026-09-14 16:28:48,687 INFO image_rx_daemon: frag_arrival: seq=66 idx=7 total=15 fw_us=2425003075 len=207

2026-09-14 16:28:48,880 INFO image_rx_daemon: frag_arrival: seq=66 idx=8 total=15 fw_us=2425203081 len=207

2026-09-14 16:28:49,080 INFO image_rx_daemon: frag_arrival: seq=66 idx=9 total=15 fw_us=2425403022 len=207

2026-09-14 16:28:49,106 INFO image_rx_daemon: cmd 0x63 superseded while pending (after 0 attempts) — body replaced, retry budget reset

2026-09-14 16:28:49,280 INFO image_rx_daemon: frag_arrival: seq=66 idx=10 total=15 fw_us=2425602955 len=207

2026-09-14 16:28:49,474 INFO image_rx_daemon: frag_arrival: seq=66 idx=11 total=15 fw_us=2425802914 len=207

2026-09-14 16:28:49,688 INFO image_rx_daemon: frag_arrival: seq=66 idx=12 total=15 fw_us=2426002865 len=207

2026-09-14 16:28:49,813 INFO image_rx_daemon: cmd 0x63 superseded while pending (after 0 attempts) — body replaced, retry budget reset

2026-09-14 16:28:49,880 INFO image_rx_daemon: frag_arrival: seq=66 idx=13 total=15 fw_us=2426202725 len=207

2026-09-14 16:28:50,020 INFO image_rx_daemon: frag_arrival: seq=66 idx=14 total=15 fw_us=2426357078 len=142

RFCO_PERTX during TX wait: profile_id=1 tx_status=0x00(OK) hop_idx=12 channel_idx=38 epoch=17 freq_hz=921750000 pkt_toa_us=20608 legal_dwell_used_us_10s=20608

2026-09-14 16:28:50,058 INFO image_rx_daemon: command TX opcode=0x63 copy=1/1 OK (on air)

2026-09-14 16:28:50,481 INFO image_rx_daemon: frag_arrival: seq=73 idx=0 total=15 fw_us=2426807572 len=207

2026-09-14 16:28:50,511 INFO image_rx_daemon: cmd 0x63 superseded while pending (after 1 attempts) — body replaced, retry budget reset

2026-09-14 16:28:50,684 INFO image_rx_daemon: frag_arrival: seq=73 idx=1 total=15 fw_us=2427007550 len=207

2026-09-14 16:28:51,083 INFO image_rx_daemon: frag_arrival: seq=73 idx=2 total=15 fw_us=2427407468 len=207

2026-09-14 16:28:51,214 INFO image_rx_daemon: cmd 0x63 superseded while pending (after 0 attempts) — body replaced, retry budget reset

2026-09-14 16:28:51,288 INFO image_rx_daemon: frag_arrival: seq=73 idx=3 total=15 fw_us=2427607429 len=207

2026-09-14 16:28:51,488 INFO image_rx_daemon: frag_arrival: seq=73 idx=4 total=15 fw_us=2427807426 len=207

2026-09-14 16:28:51,686 INFO image_rx_daemon: frag_arrival: seq=73 idx=5 total=15 fw_us=2428007335 len=207

2026-09-14 16:28:51,884 INFO image_rx_daemon: frag_arrival: seq=73 idx=6 total=15 fw_us=2428207350 len=207

2026-09-14 16:28:51,916 INFO image_rx_daemon: cmd 0x63 superseded while pending (after 0 attempts) — body replaced, retry budget reset

2026-09-14 16:28:52,169 INFO image_rx_daemon: stats: rx_frames=652 rx_decode_err=0 frames_published=20 publish_err=0 reassembler_decode_err=0 reassembler_timeouts=25 parity_recon=0 idle_drain_deferred=161 cmd_cooldown_drops=6 cmd_gate_held=0 cmd_copies_deferred=0

2026-09-14 16:28:52,171 INFO image_rx_daemon: air_gap: n=39 dt_med=199941us dt_p95=492043us len_med=207B cmd_tx_ok=41 cmd_tx_fail=0

2026-09-14 16:28:52,173 INFO image_rx_daemon: air_gap_hist(ms): <120:1 <200:26 <400:8 <1000:4

2026-09-14 16:28:52,175 INFO image_rx_daemon: rx_rf: n_rssi=39 n_snr=39 rssi[min/med/max]=-65/-62/-59 snr[min/med/max]=9.0/10.0/13.0

2026-09-14 16:28:52,177 INFO image_rx_daemon: phase_telemetry: valid=39 invalid=0 pre_f8=0 last_epoch=17 last_hop=21 slot_off=[14..14]

2026-09-14 16:28:52,179 INFO image_rx_daemon: air_gap_by_class: seq: n=34 med=199.9ms | boundary: n=3 med=451.6ms | post_loss: n=2 med=591.8ms

2026-09-14 16:28:52,180 INFO image_rx_daemon: lost_frag_idx: n=2 idx0=0 (0.00% of idx0 arrivals) other=2 (5.26%) verdict=not-clustered | top 6:2

2026-09-14 16:28:52,291 INFO image_rx_daemon: frag_arrival: seq=73 idx=8 total=15 fw_us=2428602696 len=207

2026-09-14 16:28:52,619 INFO image_rx_daemon: cmd 0x63 superseded while pending (after 0 attempts) — body replaced, retry budget reset

2026-09-14 16:28:52,680 INFO image_rx_daemon: frag_arrival: seq=73 idx=9 total=15 fw_us=2428999232 len=207

2026-09-14 16:28:52,884 INFO image_rx_daemon: frag_arrival: seq=73 idx=10 total=15 fw_us=2429199272 len=207

2026-09-14 16:28:53,084 INFO image_rx_daemon: frag_arrival: seq=73 idx=11 total=15 fw_us=2429399164 len=207

2026-09-14 16:28:53,271 INFO image_rx_daemon: frag_arrival: seq=73 idx=12 total=15 fw_us=2429599175 len=207

2026-09-14 16:28:53,323 INFO image_rx_daemon: cmd 0x63 superseded while pending (after 0 attempts) — body replaced, retry budget reset

2026-09-14 16:28:53,488 INFO image_rx_daemon: frag_arrival: seq=73 idx=13 total=15 fw_us=2429799183 len=207

2026-09-14 16:28:53,591 INFO image_rx_daemon: frag_arrival: seq=73 idx=14 total=15 fw_us=2429918900 len=96

RFCO_PERTX during TX wait: profile_id=1 tx_status=0x00(OK) hop_idx=30 channel_idx=11 epoch=17 freq_hz=908250000 pkt_toa_us=20608 legal_dwell_used_us_10s=20608

2026-09-14 16:28:53,627 INFO image_rx_daemon: command TX opcode=0x63 copy=1/1 OK (on air)

2026-09-14 16:28:54,020 INFO image_rx_daemon: cmd 0x63 superseded while pending (after 1 attempts) — body replaced, retry budget reset

2026-09-14 16:28:54,089 INFO image_rx_daemon: frag_arrival: seq=80 idx=0 total=15 fw_us=2430402291 len=207

2026-09-14 16:28:54,289 INFO image_rx_daemon: frag_arrival: seq=80 idx=1 total=15 fw_us=2430605580 len=207

2026-09-14 16:28:54,684 INFO image_rx_daemon: frag_arrival: seq=80 idx=2 total=15 fw_us=2431002342 len=207

2026-09-14 16:28:54,725 INFO image_rx_daemon: cmd 0x63 superseded while pending (after 0 attempts) — body replaced, retry budget reset

2026-09-14 16:28:54,879 INFO image_rx_daemon: frag_arrival: seq=80 idx=3 total=15 fw_us=2431202305 len=207

2026-09-14 16:28:55,084 INFO image_rx_daemon: frag_arrival: seq=80 idx=4 total=15 fw_us=2431402296 len=207

2026-09-14 16:28:55,288 INFO image_rx_daemon: frag_arrival: seq=80 idx=5 total=15 fw_us=2431602319 len=207

2026-09-14 16:28:55,426 INFO image_rx_daemon: cmd 0x63 superseded while pending (after 0 attempts) — body replaced, retry budget reset

2026-09-14 16:28:55,480 INFO image_rx_daemon: frag_arrival: seq=80 idx=6 total=15 fw_us=2431802343 len=207

2026-09-14 16:28:55,876 INFO image_rx_daemon: frag_arrival: seq=80 idx=8 total=15 fw_us=2432194383 len=207

2026-09-14 16:28:56,129 INFO image_rx_daemon: cmd 0x63 superseded while pending (after 0 attempts) — body replaced, retry budget reset

2026-09-14 16:28:56,273 INFO image_rx_daemon: frag_arrival: seq=80 idx=9 total=15 fw_us=2432594399 len=207

2026-09-14 16:28:56,476 INFO image_rx_daemon: frag_arrival: seq=80 idx=10 total=15 fw_us=2432794436 len=207

2026-09-14 16:28:56,680 INFO image_rx_daemon: frag_arrival: seq=80 idx=11 total=15 fw_us=2432994469 len=207

2026-09-14 16:28:56,833 INFO image_rx_daemon: cmd 0x63 superseded while pending (after 0 attempts) — body replaced, retry budget reset

2026-09-14 16:28:56,871 INFO image_rx_daemon: frag_arrival: seq=80 idx=12 total=15 fw_us=2433194402 len=207

2026-09-14 16:28:57,072 INFO image_rx_daemon: frag_arrival: seq=80 idx=13 total=15 fw_us=2433394369 len=207

2026-09-14 16:28:57,232 INFO image_rx_daemon: frag_arrival: seq=80 idx=14 total=15 fw_us=2433550388 len=147

RFCO_PERTX during TX wait: profile_id=1 tx_status=0x00(OK) hop_idx=49 channel_idx=10 epoch=17 freq_hz=907750000 pkt_toa_us=20608 legal_dwell_used_us_10s=20608

2026-09-14 16:28:57,312 INFO image_rx_daemon: command TX opcode=0x63 copy=1/1 OK (on air)

2026-09-14 16:28:57,535 INFO image_rx_daemon: cmd 0x63 superseded while pending (after 1 attempts) — body replaced, retry budget reset

2026-09-14 16:28:57,676 INFO image_rx_daemon: frag_arrival: seq=87 idx=0 total=15 fw_us=2433994494 len=207

2026-09-14 16:28:58,073 INFO image_rx_daemon: frag_arrival: seq=87 idx=1 total=15 fw_us=2434394518 len=207

2026-09-14 16:28:58,242 INFO image_rx_daemon: cmd 0x63 superseded while pending (after 0 attempts) — body replaced, retry budget reset

2026-09-14 16:28:58,276 INFO image_rx_daemon: frag_arrival: seq=87 idx=2 total=15 fw_us=2434594509 len=207

2026-09-14 16:28:58,476 INFO image_rx_daemon: frag_arrival: seq=87 idx=3 total=15 fw_us=2434794519 len=207

2026-09-14 16:28:58,676 INFO image_rx_daemon: frag_arrival: seq=87 idx=4 total=15 fw_us=2434994488 len=207

2026-09-14 16:28:58,880 INFO image_rx_daemon: frag_arrival: seq=87 idx=5 total=15 fw_us=2435194461 len=207

2026-09-14 16:28:58,943 INFO image_rx_daemon: cmd 0x63 superseded while pending (after 0 attempts) — body replaced, retry budget reset

2026-09-14 16:28:59,072 INFO image_rx_daemon: frag_arrival: seq=87 idx=6 total=15 fw_us=2435394464 len=207

2026-09-14 16:28:59,272 INFO image_rx_daemon: frag_arrival: seq=87 idx=7 total=15 fw_us=2435594390 len=207

2026-09-14 16:28:59,646 INFO image_rx_daemon: cmd 0x63 superseded while pending (after 0 attempts) — body replaced, retry budget reset

2026-09-14 16:28:59,672 INFO image_rx_daemon: frag_arrival: seq=87 idx=8 total=15 fw_us=2435994270 len=207

2026-09-14 16:28:59,879 INFO image_rx_daemon: frag_arrival: seq=87 idx=9 total=15 fw_us=2436194149 len=207

2026-09-14 16:29:00,072 INFO image_rx_daemon: frag_arrival: seq=87 idx=10 total=15 fw_us=2436394150 len=207

2026-09-14 16:29:00,268 INFO image_rx_daemon: frag_arrival: seq=87 idx=11 total=15 fw_us=2436594067 len=207

2026-09-14 16:29:00,348 INFO image_rx_daemon: cmd 0x63 superseded while pending (after 0 attempts) — body replaced, retry budget reset

2026-09-14 16:29:00,472 INFO image_rx_daemon: frag_arrival: seq=87 idx=12 total=15 fw_us=2436793997 len=207

2026-09-14 16:29:00,672 INFO image_rx_daemon: frag_arrival: seq=87 idx=13 total=15 fw_us=2436993936 len=207

2026-09-14 16:29:00,798 INFO image_rx_daemon: frag_arrival: seq=87 idx=14 total=15 fw_us=2437126521 len=113

2026-09-14 16:29:00,800 INFO image_rx_daemon: published frame_id=0 seq=87 2951 B → lifetrac/v25/video/tile_delta

RFCO_PERTX during TX wait: profile_id=1 tx_status=0x00(OK) hop_idx=16 channel_idx=14 epoch=18 freq_hz=909750000 pkt_toa_us=20608 legal_dwell_used_us_10s=20608

2026-09-14 16:29:00,838 INFO image_rx_daemon: command TX opcode=0x63 copy=1/1 OK (on air)

2026-09-14 16:29:01,049 INFO image_rx_daemon: cmd 0x63 superseded while pending (after 1 attempts) — body replaced, retry budget reset

2026-09-14 16:29:01,276 INFO image_rx_daemon: frag_arrival: seq=94 idx=0 total=15 fw_us=2437596913 len=207

2026-09-14 16:29:01,476 INFO image_rx_daemon: frag_arrival: seq=94 idx=1 total=15 fw_us=2437797673 len=207

2026-09-14 16:29:01,758 INFO image_rx_daemon: cmd 0x63 superseded while pending (after 0 attempts) — body replaced, retry budget reset

2026-09-14 16:29:01,880 INFO image_rx_daemon: frag_arrival: seq=94 idx=2 total=15 fw_us=2438196988 len=207

2026-09-14 16:29:02,087 INFO image_rx_daemon: frag_arrival: seq=94 idx=3 total=15 fw_us=2438396962 len=207

2026-09-14 16:29:02,183 INFO image_rx_daemon: stats: rx_frames=692 rx_decode_err=0 frames_published=21 publish_err=0 reassembler_decode_err=0 reassembler_timeouts=27 parity_recon=0 idle_drain_deferred=171 cmd_cooldown_drops=6 cmd_gate_held=0 cmd_copies_deferred=0

2026-09-14 16:29:02,184 INFO image_rx_daemon: air_gap: n=40 dt_med=200010us dt_p95=470392us len_med=207B cmd_tx_ok=44 cmd_tx_fail=0

2026-09-14 16:29:02,187 INFO image_rx_daemon: air_gap_hist(ms): <120:1 <200:16 <400:18 <1000:5

2026-09-14 16:29:02,189 INFO image_rx_daemon: rx_rf: n_rssi=40 n_snr=40 rssi[min/med/max]=-63/-61/-59 snr[min/med/max]=9.0/10.0/13.0

2026-09-14 16:29:02,190 INFO image_rx_daemon: phase_telemetry: valid=40 invalid=0 pre_f8=0 last_epoch=18 last_hop=22 slot_off=[14..18]

2026-09-14 16:29:02,193 INFO image_rx_daemon: air_gap_by_class: seq: n=35 med=200.0ms | boundary: n=3 med=470.4ms | post_loss: n=2 med=395.3ms

2026-09-14 16:29:02,193 INFO image_rx_daemon: lost_frag_idx: n=2 idx0=0 (0.00% of idx0 arrivals) other=2 (5.13%) verdict=not-clustered | top 7:2

2026-09-14 16:29:02,280 INFO image_rx_daemon: frag_arrival: seq=94 idx=4 total=15 fw_us=2438596994 len=207

2026-09-14 16:29:02,457 INFO image_rx_daemon: cmd 0x63 superseded while pending (after 0 attempts) — body replaced, retry budget reset

2026-09-14 16:29:02,473 INFO image_rx_daemon: frag_arrival: seq=94 idx=5 total=15 fw_us=2438796990 len=207

2026-09-14 16:29:02,885 INFO image_rx_daemon: frag_arrival: seq=94 idx=7 total=15 fw_us=2439189905 len=207

2026-09-14 16:29:03,079 INFO image_rx_daemon: frag_arrival: seq=94 idx=8 total=15 fw_us=2439393010 len=207

2026-09-14 16:29:03,160 INFO image_rx_daemon: cmd 0x63 superseded while pending (after 0 attempts) — body replaced, retry budget reset

2026-09-14 16:29:03,463 INFO image_rx_daemon: frag_arrival: seq=94 idx=9 total=15 fw_us=2439789953 len=207

2026-09-14 16:29:03,668 INFO image_rx_daemon: frag_arrival: seq=94 idx=10 total=15 fw_us=2439989931 len=207

2026-09-14 16:29:03,871 INFO image_rx_daemon: frag_arrival: seq=94 idx=11 total=15 fw_us=2440189956 len=207

2026-09-14 16:29:03,873 INFO image_rx_daemon: cmd 0x63 superseded while pending (after 0 attempts) — body replaced, retry budget reset

2026-09-14 16:29:04,079 INFO image_rx_daemon: frag_arrival: seq=94 idx=12 total=15 fw_us=2440390016 len=207

2026-09-14 16:29:04,268 INFO image_rx_daemon: frag_arrival: seq=94 idx=13 total=15 fw_us=2440589971 len=207

2026-09-14 16:29:04,362 INFO image_rx_daemon: frag_arrival: seq=94 idx=14 total=15 fw_us=2440694180 len=77

RFCO_PERTX during TX wait: profile_id=1 tx_status=0x00(OK) hop_idx=34 channel_idx=2 epoch=18 freq_hz=903750000 pkt_toa_us=20608 legal_dwell_used_us_10s=20608

2026-09-14 16:29:04,400 INFO image_rx_daemon: command TX opcode=0x60 copy=1/1 OK (on air)

2026-09-14 16:29:04,567 INFO image_rx_daemon: cmd 0x63 superseded while pending (after 0 attempts) — body replaced, retry budget reset

2026-09-14 16:29:04,882 INFO image_rx_daemon: frag_arrival: seq=102 idx=0 total=15 fw_us=2441192915 len=207

2026-09-14 16:29:05,081 INFO image_rx_daemon: frag_arrival: seq=102 idx=1 total=15 fw_us=2441396058 len=207

2026-09-14 16:29:05,269 INFO image_rx_daemon: cmd 0x63 superseded while pending (after 0 attempts) — body replaced, retry budget reset

2026-09-14 16:29:05,472 INFO image_rx_daemon: frag_arrival: seq=102 idx=2 total=15 fw_us=2441792880 len=207

2026-09-14 16:29:05,668 INFO image_rx_daemon: frag_arrival: seq=102 idx=3 total=15 fw_us=2441992830 len=207

2026-09-14 16:29:05,875 INFO image_rx_daemon: frag_arrival: seq=102 idx=4 total=15 fw_us=2442192798 len=207

2026-09-14 16:29:05,971 INFO image_rx_daemon: cmd 0x63 superseded while pending (after 0 attempts) — body replaced, retry budget reset

2026-09-14 16:29:06,076 INFO image_rx_daemon: frag_arrival: seq=102 idx=5 total=15 fw_us=2442392772 len=207

2026-09-14 16:29:06,279 INFO image_rx_daemon: frag_arrival: seq=102 idx=6 total=15 fw_us=2442592753 len=207

2026-09-14 16:29:06,664 INFO image_rx_daemon: frag_arrival: seq=102 idx=8 total=15 fw_us=2442984687 len=207

2026-09-14 16:29:06,670 INFO image_rx_daemon: cmd 0x63 superseded while pending (after 0 attempts) — body replaced, retry budget reset

2026-09-14 16:29:07,063 INFO image_rx_daemon: frag_arrival: seq=102 idx=9 total=15 fw_us=2443384589 len=207

2026-09-14 16:29:07,268 INFO image_rx_daemon: frag_arrival: seq=102 idx=10 total=15 fw_us=2443584475 len=207

2026-09-14 16:29:07,373 INFO image_rx_daemon: cmd 0x63 superseded while pending (after 0 attempts) — body replaced, retry budget reset

2026-09-14 16:29:07,472 INFO image_rx_daemon: frag_arrival: seq=102 idx=11 total=15 fw_us=2443784402 len=207

2026-09-14 16:29:07,669 INFO image_rx_daemon: frag_arrival: seq=102 idx=12 total=15 fw_us=2443984300 len=207

2026-09-14 16:29:07,863 INFO image_rx_daemon: frag_arrival: seq=102 idx=13 total=15 fw_us=2444184172 len=207

2026-09-14 16:29:07,951 INFO image_rx_daemon: frag_arrival: seq=102 idx=14 total=15 fw_us=2444275423 len=59

RFCO_PERTX during TX wait: profile_id=1 tx_status=0x00(OK) hop_idx=2 channel_idx=40 epoch=19 freq_hz=922750000 pkt_toa_us=20608 legal_dwell_used_us_10s=20608

2026-09-14 16:29:07,990 INFO image_rx_daemon: command TX opcode=0x60 copy=1/1 OK (on air)

2026-09-14 16:29:08,079 INFO image_rx_daemon: cmd 0x63 superseded while pending (after 0 attempts) — body replaced, retry budget reset

2026-09-14 16:29:08,464 INFO image_rx_daemon: frag_arrival: seq=109 idx=0 total=15 fw_us=2444786975 len=207

2026-09-14 16:29:08,788 INFO image_rx_daemon: cmd 0x63 superseded while pending (after 0 attempts) — body replaced, retry budget reset

2026-09-14 16:29:08,864 INFO image_rx_daemon: frag_arrival: seq=109 idx=1 total=15 fw_us=2445186966 len=207

2026-09-14 16:29:09,068 INFO image_rx_daemon: frag_arrival: seq=109 idx=2 total=15 fw_us=2445386958 len=207

2026-09-14 16:29:09,268 INFO image_rx_daemon: frag_arrival: seq=109 idx=3 total=15 fw_us=2445586943 len=207

2026-09-14 16:29:09,472 INFO image_rx_daemon: frag_arrival: seq=109 idx=4 total=15 fw_us=2445786888 len=207

2026-09-14 16:29:09,484 INFO image_rx_daemon: cmd 0x63 superseded while pending (after 0 attempts) — body replaced, retry budget reset

2026-09-14 16:29:09,677 INFO image_rx_daemon: frag_arrival: seq=109 idx=5 total=15 fw_us=2445986804 len=207

2026-09-14 16:29:09,868 INFO image_rx_daemon: frag_arrival: seq=109 idx=6 total=15 fw_us=2446186751 len=207

2026-09-14 16:29:10,063 INFO image_rx_daemon: frag_arrival: seq=109 idx=7 total=15 fw_us=2446377403 len=207

2026-09-14 16:29:10,188 INFO image_rx_daemon: cmd 0x63 superseded while pending (after 0 attempts) — body replaced, retry budget reset

2026-09-14 16:29:10,275 INFO image_rx_daemon: frag_arrival: seq=109 idx=8 total=15 fw_us=2446591534 len=207

2026-09-14 16:29:10,670 INFO image_rx_daemon: frag_arrival: seq=109 idx=9 total=15 fw_us=2446989410 len=207

2026-09-14 16:29:10,873 INFO image_rx_daemon: frag_arrival: seq=109 idx=10 total=15 fw_us=2447189379 len=207

2026-09-14 16:29:10,887 INFO image_rx_daemon: cmd 0x63 superseded while pending (after 0 attempts) — body replaced, retry budget reset

2026-09-14 16:29:11,072 INFO image_rx_daemon: frag_arrival: seq=109 idx=11 total=15 fw_us=2447389415 len=207

2026-09-14 16:29:11,276 INFO image_rx_daemon: frag_arrival: seq=109 idx=12 total=15 fw_us=2447589300 len=207

2026-09-14 16:29:11,468 INFO image_rx_daemon: frag_arrival: seq=109 idx=13 total=15 fw_us=2447789218 len=207

2026-09-14 16:29:11,571 INFO image_rx_daemon: frag_arrival: seq=109 idx=14 total=15 fw_us=2447896052 len=81

2026-09-14 16:29:11,575 INFO image_rx_daemon: published frame_id=0 seq=109 2919 B → lifetrac/v25/video/tile_delta

2026-09-14 16:29:11,588 INFO image_rx_daemon: cmd 0x63 superseded while pending (after 0 attempts) — body replaced, retry budget reset

RFCO_PERTX during TX wait: profile_id=1 tx_status=0x00(OK) hop_idx=20 channel_idx=26 epoch=19 freq_hz=915750000 pkt_toa_us=20608 legal_dwell_used_us_10s=20608

2026-09-14 16:29:11,611 INFO image_rx_daemon: command TX opcode=0x60 copy=1/1 OK (on air)

2026-09-14 16:29:12,076 INFO image_rx_daemon: frag_arrival: seq=116 idx=0 total=15 fw_us=2448392001 len=207

2026-09-14 16:29:12,196 INFO image_rx_daemon: stats: rx_frames=732 rx_decode_err=0 frames_published=22 publish_err=0 reassembler_decode_err=0 reassembler_timeouts=29 parity_recon=0 idle_drain_deferred=181 cmd_cooldown_drops=6 cmd_gate_held=0 cmd_copies_deferred=0

2026-09-14 16:29:12,198 INFO image_rx_daemon: air_gap: n=40 dt_med=199985us dt_p95=498735us len_med=207B cmd_tx_ok=47 cmd_tx_fail=0

2026-09-14 16:29:12,201 INFO image_rx_daemon: air_gap_hist(ms): <120:3 <200:20 <400:14 <1000:3

2026-09-14 16:29:12,202 INFO image_rx_daemon: rx_rf: n_rssi=40 n_snr=40 rssi[min/med/max]=-65/-61/-59 snr[min/med/max]=9.0/10.0/13.0

2026-09-14 16:29:12,203 INFO image_rx_daemon: phase_telemetry: valid=40 invalid=0 pre_f8=0 last_epoch=19 last_hop=22 slot_off=[2..18]

2026-09-14 16:29:12,204 INFO image_rx_daemon: air_gap_by_class: seq: n=35 med=200.0ms | boundary: n=3 med=498.7ms | post_loss: n=2 med=392.9ms

2026-09-14 16:29:12,204 INFO image_rx_daemon: lost_frag_idx: n=2 idx0=0 (0.00% of idx0 arrivals) other=2 (5.13%) verdict=not-clustered | top 6:1 7:1

2026-09-14 16:29:12,298 INFO image_rx_daemon: cmd 0x63 superseded while pending (after 0 attempts) — body replaced, retry budget reset

2026-09-14 16:29:12,480 INFO image_rx_daemon: frag_arrival: seq=116 idx=1 total=15 fw_us=2448791852 len=207

2026-09-14 16:29:12,676 INFO image_rx_daemon: frag_arrival: seq=116 idx=2 total=15 fw_us=2448991791 len=207

2026-09-14 16:29:12,876 INFO image_rx_daemon: frag_arrival: seq=116 idx=3 total=15 fw_us=2449191705 len=207

2026-09-14 16:29:12,995 INFO image_rx_daemon: cmd 0x63 superseded while pending (after 0 attempts) — body replaced, retry budget reset

2026-09-14 16:29:13,076 INFO image_rx_daemon: frag_arrival: seq=116 idx=4 total=15 fw_us=2449391621 len=207

2026-09-14 16:29:13,276 INFO image_rx_daemon: frag_arrival: seq=116 idx=5 total=15 fw_us=2449591574 len=207

2026-09-14 16:29:13,476 INFO image_rx_daemon: frag_arrival: seq=116 idx=6 total=15 fw_us=2449791498 len=207

2026-09-14 16:29:13,669 INFO image_rx_daemon: frag_arrival: seq=116 idx=7 total=15 fw_us=2449988275 len=207

2026-09-14 16:29:13,698 INFO image_rx_daemon: cmd 0x63 superseded while pending (after 0 attempts) — body replaced, retry budget reset

2026-09-14 16:29:13,878 INFO image_rx_daemon: frag_arrival: seq=116 idx=8 total=15 fw_us=2450202297 len=207

2026-09-14 16:29:14,280 INFO image_rx_daemon: frag_arrival: seq=116 idx=9 total=15 fw_us=2450599893 len=207

2026-09-14 16:29:14,406 INFO image_rx_daemon: cmd 0x63 superseded while pending (after 0 attempts) — body replaced, retry budget reset

2026-09-14 16:29:14,484 INFO image_rx_daemon: frag_arrival: seq=116 idx=10 total=15 fw_us=2450799758 len=207

2026-09-14 16:29:14,684 INFO image_rx_daemon: frag_arrival: seq=116 idx=11 total=15 fw_us=2450999666 len=207

2026-09-14 16:29:14,884 INFO image_rx_daemon: frag_arrival: seq=116 idx=12 total=15 fw_us=2451199577 len=207

2026-09-14 16:29:15,087 INFO image_rx_daemon: frag_arrival: seq=116 idx=13 total=15 fw_us=2451399501 len=207

2026-09-14 16:29:15,104 INFO image_rx_daemon: cmd 0x63 superseded while pending (after 0 attempts) — body replaced, retry budget reset

2026-09-14 16:29:15,214 INFO image_rx_daemon: frag_arrival: seq=116 idx=14 total=15 fw_us=2451537283 len=121

2026-09-14 16:29:15,216 INFO image_rx_daemon: published frame_id=0 seq=116 2959 B → lifetrac/v25/video/tile_delta

RFCO_PERTX during TX wait: profile_id=1 tx_status=0x00(OK) hop_idx=38 channel_idx=41 epoch=19 freq_hz=923250000 pkt_toa_us=20608 legal_dwell_used_us_10s=20608

2026-09-14 16:29:15,254 INFO image_rx_daemon: command TX opcode=0x60 copy=1/1 OK (on air)

2026-09-14 16:29:15,685 INFO image_rx_daemon: frag_arrival: seq=123 idx=0 total=15 fw_us=2452003260 len=207

2026-09-14 16:29:15,808 INFO image_rx_daemon: cmd 0x63 superseded while pending (after 0 attempts) — body replaced, retry budget reset

2026-09-14 16:29:15,888 INFO image_rx_daemon: frag_arrival: seq=123 idx=1 total=15 fw_us=2452204844 len=207

2026-09-14 16:29:16,285 INFO image_rx_daemon: frag_arrival: seq=123 idx=2 total=15 fw_us=2452602794 len=207

2026-09-14 16:29:16,484 INFO image_rx_daemon: frag_arrival: seq=123 idx=3 total=15 fw_us=2452802677 len=207

2026-09-14 16:29:16,510 INFO image_rx_daemon: cmd 0x63 superseded while pending (after 0 attempts) — body replaced, retry budget reset

2026-09-14 16:29:16,691 INFO image_rx_daemon: frag_arrival: seq=123 idx=4 total=15 fw_us=2453002545 len=207

2026-09-14 16:29:16,884 INFO image_rx_daemon: frag_arrival: seq=123 idx=5 total=15 fw_us=2453202454 len=207

2026-09-14 16:29:17,085 INFO image_rx_daemon: frag_arrival: seq=123 idx=6 total=15 fw_us=2453402328 len=207

2026-09-14 16:29:17,212 INFO image_rx_daemon: cmd 0x63 superseded while pending (after 0 attempts) — body replaced, retry budget reset

2026-09-14 16:29:17,679 INFO image_rx_daemon: frag_arrival: seq=123 idx=8 total=15 fw_us=2453995066 len=207

2026-09-14 16:29:17,884 INFO image_rx_daemon: frag_arrival: seq=123 idx=9 total=15 fw_us=2454194945 len=207

2026-09-14 16:29:17,914 INFO image_rx_daemon: cmd 0x63 superseded while pending (after 0 attempts) — body replaced, retry budget reset

2026-09-14 16:29:18,076 INFO image_rx_daemon: frag_arrival: seq=123 idx=10 total=15 fw_us=2454394779 len=207

2026-09-14 16:29:18,280 INFO image_rx_daemon: frag_arrival: seq=123 idx=11 total=15 fw_us=2454594618 len=207

2026-09-14 16:29:18,484 INFO image_rx_daemon: frag_arrival: seq=123 idx=12 total=15 fw_us=2454794480 len=207

2026-09-14 16:29:18,616 INFO image_rx_daemon: cmd 0x63 superseded while pending (after 0 attempts) — body replaced, retry budget reset

2026-09-14 16:29:18,676 INFO image_rx_daemon: frag_arrival: seq=123 idx=13 total=15 fw_us=2454994352 len=207

2026-09-14 16:29:18,836 INFO image_rx_daemon: frag_arrival: seq=123 idx=14 total=15 fw_us=2455157949 len=155

RFCO_PERTX during TX wait: profile_id=1 tx_status=0x00(OK) hop_idx=7 channel_idx=45 epoch=20 freq_hz=925250000 pkt_toa_us=20608 legal_dwell_used_us_10s=20608

2026-09-14 16:29:18,917 INFO image_rx_daemon: command TX opcode=0x60 copy=1/1 OK (on air)

2026-09-14 16:29:19,276 INFO image_rx_daemon: frag_arrival: seq=130 idx=0 total=15 fw_us=2455593941 len=207

2026-09-14 16:29:19,318 INFO image_rx_daemon: cmd 0x63 superseded while pending (after 0 attempts) — body replaced, retry budget reset

2026-09-14 16:29:19,676 INFO image_rx_daemon: frag_arrival: seq=130 idx=1 total=15 fw_us=2455993819 len=207

2026-09-14 16:29:19,876 INFO image_rx_daemon: frag_arrival: seq=130 idx=2 total=15 fw_us=2456193754 len=207

2026-09-14 16:29:20,017 INFO image_rx_daemon: cmd 0x63 superseded while pending (after 0 attempts) — body replaced, retry budget reset

2026-09-14 16:29:20,080 INFO image_rx_daemon: frag_arrival: seq=130 idx=3 total=15 fw_us=2456393717 len=207

2026-09-14 16:29:20,284 INFO image_rx_daemon: frag_arrival: seq=130 idx=4 total=15 fw_us=2456593692 len=207

2026-09-14 16:29:20,476 INFO image_rx_daemon: frag_arrival: seq=130 idx=5 total=15 fw_us=2456793707 len=207

2026-09-14 16:29:20,676 INFO image_rx_daemon: frag_arrival: seq=130 idx=6 total=15 fw_us=2456993702 len=207

2026-09-14 16:29:20,720 INFO image_rx_daemon: cmd 0x63 superseded while pending (after 0 attempts) — body replaced, retry budget reset

2026-09-14 16:29:20,883 INFO image_rx_daemon: frag_arrival: seq=130 idx=7 total=15 fw_us=2457193695 len=207

2026-09-14 16:29:21,276 INFO image_rx_daemon: frag_arrival: seq=130 idx=8 total=15 fw_us=2457593644 len=207

2026-09-14 16:29:21,424 INFO image_rx_daemon: cmd 0x63 superseded while pending (after 0 attempts) — body replaced, retry budget reset

2026-09-14 16:29:21,480 INFO image_rx_daemon: frag_arrival: seq=130 idx=9 total=15 fw_us=2457793619 len=207

2026-09-14 16:29:21,680 INFO image_rx_daemon: frag_arrival: seq=130 idx=10 total=15 fw_us=2457993590 len=207

2026-09-14 16:29:21,880 INFO image_rx_daemon: frag_arrival: seq=130 idx=11 total=15 fw_us=2458193489 len=207

2026-09-14 16:29:22,084 INFO image_rx_daemon: frag_arrival: seq=130 idx=12 total=15 fw_us=2458393435 len=207

2026-09-14 16:29:22,126 INFO image_rx_daemon: cmd 0x63 superseded while pending (after 0 attempts) — body replaced, retry budget reset

2026-09-14 16:29:22,213 INFO image_rx_daemon: stats: rx_frames=773 rx_decode_err=0 frames_published=23 publish_err=0 reassembler_decode_err=0 reassembler_timeouts=30 parity_recon=0 idle_drain_deferred=190 cmd_cooldown_drops=6 cmd_gate_held=0 cmd_copies_deferred=0

2026-09-14 16:29:22,215 INFO image_rx_daemon: air_gap: n=41 dt_med=199935us dt_p95=435992us len_med=207B cmd_tx_ok=49 cmd_tx_fail=0

2026-09-14 16:29:22,218 INFO image_rx_daemon: air_gap_hist(ms): <200:30 <400:8 <1000:3

2026-09-14 16:29:22,219 INFO image_rx_daemon: rx_rf: n_rssi=41 n_snr=41 rssi[min/med/max]=-65/-62/-59 snr[min/med/max]=9.0/10.0/11.0

2026-09-14 16:29:22,220 INFO image_rx_daemon: phase_telemetry: valid=41 invalid=0 pre_f8=0 last_epoch=20 last_hop=22 slot_off=[2..17]

2026-09-14 16:29:22,221 INFO image_rx_daemon: air_gap_by_class: seq: n=38 med=199.9ms | boundary: n=2 med=466.0ms | post_loss: n=1 med=592.7ms

2026-09-14 16:29:22,221 INFO image_rx_daemon: lost_frag_idx: n=1 idx0=0 (0.00% of idx0 arrivals) other=1 (2.50%) verdict=not-clustered | top 7:1

2026-09-14 16:29:22,275 INFO image_rx_daemon: frag_arrival: seq=130 idx=13 total=15 fw_us=2458593411 len=207

2026-09-14 16:29:22,423 INFO image_rx_daemon: frag_arrival: seq=130 idx=14 total=15 fw_us=2458746686 len=142

2026-09-14 16:29:22,425 INFO image_rx_daemon: published frame_id=0 seq=130 2980 B → lifetrac/v25/video/tile_delta

RFCO_PERTX during TX wait: profile_id=1 tx_status=0x00(OK) hop_idx=24 channel_idx=20 epoch=20 freq_hz=912750000 pkt_toa_us=20608 legal_dwell_used_us_10s=20608

2026-09-14 16:29:22,463 INFO image_rx_daemon: command TX opcode=0x63 copy=1/1 OK (on air)

2026-09-14 16:29:22,828 INFO image_rx_daemon: cmd 0x63 superseded while pending (after 1 attempts) — body replaced, retry budget reset

2026-09-14 16:29:22,884 INFO image_rx_daemon: frag_arrival: seq=138 idx=0 total=15 fw_us=2459198078 len=207

2026-09-14 16:29:23,284 INFO image_rx_daemon: frag_arrival: seq=138 idx=1 total=15 fw_us=2459597054 len=207

2026-09-14 16:29:23,468 INFO image_rx_daemon: frag_arrival: seq=138 idx=2 total=15 fw_us=2459796978 len=207

2026-09-14 16:29:23,531 INFO image_rx_daemon: cmd 0x63 superseded while pending (after 0 attempts) — body replaced, retry budget reset

2026-09-14 16:29:23,684 INFO image_rx_daemon: frag_arrival: seq=138 idx=3 total=15 fw_us=2459996881 len=207

2026-09-14 16:29:23,888 INFO image_rx_daemon: frag_arrival: seq=138 idx=4 total=15 fw_us=2460196821 len=207

2026-09-14 16:29:24,080 INFO image_rx_daemon: frag_arrival: seq=138 idx=5 total=15 fw_us=2460396763 len=207

2026-09-14 16:29:24,233 INFO image_rx_daemon: cmd 0x63 superseded while pending (after 0 attempts) — body replaced, retry budget reset

2026-09-14 16:29:24,673 INFO image_rx_daemon: frag_arrival: seq=138 idx=7 total=15 fw_us=2460988805 len=207

2026-09-14 16:29:24,875 INFO image_rx_daemon: frag_arrival: seq=138 idx=8 total=15 fw_us=2461188753 len=207

2026-09-14 16:29:24,939 INFO image_rx_daemon: cmd 0x63 superseded while pending (after 0 attempts) — body replaced, retry budget reset

2026-09-14 16:29:25,080 INFO image_rx_daemon: frag_arrival: seq=138 idx=9 total=15 fw_us=2461388726 len=207

2026-09-14 16:29:25,272 INFO image_rx_daemon: frag_arrival: seq=138 idx=10 total=15 fw_us=2461588716 len=207

2026-09-14 16:29:25,472 INFO image_rx_daemon: frag_arrival: seq=138 idx=11 total=15 fw_us=2461788679 len=207

2026-09-14 16:29:25,639 INFO image_rx_daemon: cmd 0x63 superseded while pending (after 0 attempts) — body replaced, retry budget reset

2026-09-14 16:29:25,673 INFO image_rx_daemon: frag_arrival: seq=138 idx=12 total=15 fw_us=2461988692 len=207

2026-09-14 16:29:25,876 INFO image_rx_daemon: frag_arrival: seq=138 idx=13 total=15 fw_us=2462188721 len=207

2026-09-14 16:29:26,013 INFO image_rx_daemon: frag_arrival: seq=138 idx=14 total=15 fw_us=2462344708 len=147

RFCO_PERTX during TX wait: profile_id=1 tx_status=0x00(OK) hop_idx=42 channel_idx=36 epoch=20 freq_hz=920750000 pkt_toa_us=20608 legal_dwell_used_us_10s=20608

2026-09-14 16:29:26,050 INFO image_rx_daemon: command TX opcode=0x60 copy=1/1 OK (on air)

2026-09-14 16:29:26,343 INFO image_rx_daemon: cmd 0x63 superseded while pending (after 0 attempts) — body replaced, retry budget reset

2026-09-14 16:29:26,476 INFO image_rx_daemon: frag_arrival: seq=145 idx=0 total=15 fw_us=2462791609 len=207

2026-09-14 16:29:26,882 INFO image_rx_daemon: frag_arrival: seq=145 idx=1 total=15 fw_us=2463191444 len=207

2026-09-14 16:29:27,044 INFO image_rx_daemon: cmd 0x63 superseded while pending (after 0 attempts) — body replaced, retry budget reset

2026-09-14 16:29:27,064 INFO image_rx_daemon: frag_arrival: seq=145 idx=2 total=15 fw_us=2463391298 len=207

2026-09-14 16:29:27,279 INFO image_rx_daemon: frag_arrival: seq=145 idx=3 total=15 fw_us=2463591169 len=207

2026-09-14 16:29:27,481 INFO image_rx_daemon: frag_arrival: seq=145 idx=4 total=15 fw_us=2463791038 len=207

2026-09-14 16:29:27,677 INFO image_rx_daemon: frag_arrival: seq=145 idx=5 total=15 fw_us=2463990937 len=207

2026-09-14 16:29:27,752 INFO image_rx_daemon: cmd 0x63 superseded while pending (after 0 attempts) — body replaced, retry budget reset

2026-09-14 16:29:27,884 INFO image_rx_daemon: frag_arrival: seq=145 idx=6 total=15 fw_us=2464190822 len=207

2026-09-14 16:29:28,072 INFO image_rx_daemon: frag_arrival: seq=145 idx=7 total=15 fw_us=2464384465 len=207

2026-09-14 16:29:28,288 INFO image_rx_daemon: frag_arrival: seq=145 idx=8 total=15 fw_us=2464598545 len=207

2026-09-14 16:29:28,451 INFO image_rx_daemon: cmd 0x63 superseded while pending (after 0 attempts) — body replaced, retry budget reset

2026-09-14 16:29:28,683 INFO image_rx_daemon: frag_arrival: seq=145 idx=9 total=15 fw_us=2464996623 len=207

2026-09-14 16:29:28,888 INFO image_rx_daemon: frag_arrival: seq=145 idx=10 total=15 fw_us=2465196570 len=207

2026-09-14 16:29:29,084 INFO image_rx_daemon: frag_arrival: seq=145 idx=11 total=15 fw_us=2465396544 len=207

2026-09-14 16:29:29,153 INFO image_rx_daemon: cmd 0x63 superseded while pending (after 0 attempts) — body replaced, retry budget reset

2026-09-14 16:29:29,284 INFO image_rx_daemon: frag_arrival: seq=145 idx=12 total=15 fw_us=2465596499 len=207

2026-09-14 16:29:29,484 INFO image_rx_daemon: frag_arrival: seq=145 idx=13 total=15 fw_us=2465796432 len=207

2026-09-14 16:29:29,565 INFO image_rx_daemon: frag_arrival: seq=145 idx=14 total=15 fw_us=2465885081 len=54

2026-09-14 16:29:29,570 INFO image_rx_daemon: published frame_id=0 seq=145 2892 B → lifetrac/v25/video/tile_delta

RFCO_PERTX during TX wait: profile_id=1 tx_status=0x00(OK) hop_idx=10 channel_idx=42 epoch=21 freq_hz=923750000 pkt_toa_us=20608 legal_dwell_used_us_10s=20608

2026-09-14 16:29:29,608 INFO image_rx_daemon: command TX opcode=0x63 copy=1/1 OK (on air)

2026-09-14 16:29:29,854 INFO image_rx_daemon: cmd 0x63 superseded while pending (after 1 attempts) — body replaced, retry budget reset

2026-09-14 16:29:30,085 INFO image_rx_daemon: frag_arrival: seq=152 idx=0 total=15 fw_us=2466398417 len=207

2026-09-14 16:29:30,287 INFO image_rx_daemon: frag_arrival: seq=152 idx=1 total=15 fw_us=2466601648 len=207

2026-09-14 16:29:30,554 INFO image_rx_daemon: cmd 0x63 superseded while pending (after 0 attempts) — body replaced, retry budget reset

2026-09-14 16:29:30,688 INFO image_rx_daemon: frag_arrival: seq=152 idx=2 total=15 fw_us=2466998277 len=207

2026-09-14 16:29:30,892 INFO image_rx_daemon: frag_arrival: seq=152 idx=3 total=15 fw_us=2467198246 len=207

2026-09-14 16:29:31,085 INFO image_rx_daemon: frag_arrival: seq=152 idx=4 total=15 fw_us=2467398211 len=207

2026-09-14 16:29:31,259 INFO image_rx_daemon: cmd 0x63 superseded while pending (after 0 attempts) — body replaced, retry budget reset

2026-09-14 16:29:31,288 INFO image_rx_daemon: frag_arrival: seq=152 idx=5 total=15 fw_us=2467598067 len=207

2026-09-14 16:29:31,488 INFO image_rx_daemon: frag_arrival: seq=152 idx=6 total=15 fw_us=2467797987 len=207

2026-09-14 16:29:31,884 INFO image_rx_daemon: frag_arrival: seq=152 idx=8 total=15 fw_us=2468189945 len=207

2026-09-14 16:29:31,961 INFO image_rx_daemon: cmd 0x63 superseded while pending (after 0 attempts) — body replaced, retry budget reset

2026-09-14 16:29:32,224 INFO image_rx_daemon: stats: rx_frames=812 rx_decode_err=0 frames_published=25 publish_err=0 reassembler_decode_err=0 reassembler_timeouts=31 parity_recon=0 idle_drain_deferred=201 cmd_cooldown_drops=6 cmd_gate_held=0 cmd_copies_deferred=0

2026-09-14 16:29:32,226 INFO image_rx_daemon: air_gap: n=39 dt_med=199963us dt_p95=513336us len_med=207B cmd_tx_ok=52 cmd_tx_fail=0

2026-09-14 16:29:32,228 INFO image_rx_daemon: air_gap_hist(ms): <120:1 <200:25 <400:9 <1000:4

2026-09-14 16:29:32,229 INFO image_rx_daemon: rx_rf: n_rssi=39 n_snr=39 rssi[min/med/max]=-65/-62/-59 snr[min/med/max]=9.0/10.0/13.0

2026-09-14 16:29:32,229 INFO image_rx_daemon: phase_telemetry: valid=39 invalid=0 pre_f8=0 last_epoch=21 last_hop=21 slot_off=[2..18]

2026-09-14 16:29:32,230 INFO image_rx_daemon: air_gap_by_class: seq: n=34 med=199.9ms | boundary: n=3 med=451.4ms | post_loss: n=2 med=592.0ms

2026-09-14 16:29:32,231 INFO image_rx_daemon: lost_frag_idx: n=2 idx0=0 (0.00% of idx0 arrivals) other=2 (5.26%) verdict=not-clustered | top 6:1 7:1

2026-09-14 16:29:32,279 INFO image_rx_daemon: frag_arrival: seq=152 idx=9 total=15 fw_us=2468589750 len=207

2026-09-14 16:29:32,471 INFO image_rx_daemon: frag_arrival: seq=152 idx=10 total=15 fw_us=2468789706 len=207

2026-09-14 16:29:32,664 INFO image_rx_daemon: cmd 0x63 superseded while pending (after 0 attempts) — body replaced, retry budget reset

2026-09-14 16:29:32,671 INFO image_rx_daemon: frag_arrival: seq=152 idx=11 total=15 fw_us=2468989659 len=207

2026-09-14 16:29:32,872 INFO image_rx_daemon: frag_arrival: seq=152 idx=12 total=15 fw_us=2469189601 len=207

2026-09-14 16:29:33,077 INFO image_rx_daemon: frag_arrival: seq=152 idx=13 total=15 fw_us=2469389566 len=207

2026-09-14 16:29:33,238 INFO image_rx_daemon: frag_arrival: seq=152 idx=14 total=15 fw_us=2469558362 len=162

RFCO_PERTX during TX wait: profile_id=1 tx_status=0x00(OK) hop_idx=29 channel_idx=32 epoch=21 freq_hz=918750000 pkt_toa_us=20608 legal_dwell_used_us_10s=20608

2026-09-14 16:29:33,316 INFO image_rx_daemon: command TX opcode=0x63 copy=1/1 OK (on air)

2026-09-14 16:29:33,367 INFO image_rx_daemon: cmd 0x63 superseded while pending (after 1 attempts) — body replaced, retry budget reset

2026-09-14 16:29:33,680 INFO image_rx_daemon: frag_arrival: seq=159 idx=0 total=15 fw_us=2469989316 len=207

2026-09-14 16:29:34,074 INFO image_rx_daemon: frag_arrival: seq=159 idx=1 total=15 fw_us=2470389237 len=207

2026-09-14 16:29:34,075 INFO image_rx_daemon: cmd 0x63 superseded while pending (after 0 attempts) — body replaced, retry budget reset

2026-09-14 16:29:34,278 INFO image_rx_daemon: frag_arrival: seq=159 idx=2 total=15 fw_us=2470589204 len=207

2026-09-14 16:29:34,480 INFO image_rx_daemon: frag_arrival: seq=159 idx=3 total=15 fw_us=2470790078 len=207

2026-09-14 16:29:34,670 INFO image_rx_daemon: frag_arrival: seq=159 idx=4 total=15 fw_us=2470989019 len=207

2026-09-14 16:29:34,771 INFO image_rx_daemon: cmd 0x63 superseded while pending (after 0 attempts) — body replaced, retry budget reset

2026-09-14 16:29:34,871 INFO image_rx_daemon: frag_arrival: seq=159 idx=5 total=15 fw_us=2471188932 len=207

2026-09-14 16:29:35,072 INFO image_rx_daemon: frag_arrival: seq=159 idx=6 total=15 fw_us=2471388829 len=207

2026-09-14 16:29:35,272 INFO image_rx_daemon: frag_arrival: seq=159 idx=7 total=15 fw_us=2471588789 len=207

2026-09-14 16:29:35,472 INFO image_rx_daemon: cmd 0x63 superseded while pending (after 0 attempts) — body replaced, retry budget reset

2026-09-14 16:29:35,676 INFO image_rx_daemon: frag_arrival: seq=159 idx=8 total=15 fw_us=2471988686 len=207

2026-09-14 16:29:35,876 INFO image_rx_daemon: frag_arrival: seq=159 idx=9 total=15 fw_us=2472188667 len=207

2026-09-14 16:29:36,076 INFO image_rx_daemon: frag_arrival: seq=159 idx=10 total=15 fw_us=2472388681 len=207

2026-09-14 16:29:36,174 INFO image_rx_daemon: cmd 0x63 superseded while pending (after 0 attempts) — body replaced, retry budget reset

2026-09-14 16:29:36,280 INFO image_rx_daemon: frag_arrival: seq=159 idx=11 total=15 fw_us=2472588739 len=207

2026-09-14 16:29:36,485 INFO image_rx_daemon: frag_arrival: seq=159 idx=12 total=15 fw_us=2472788621 len=207

2026-09-14 16:29:36,683 INFO image_rx_daemon: frag_arrival: seq=159 idx=13 total=15 fw_us=2472988558 len=207

2026-09-14 16:29:36,766 INFO image_rx_daemon: frag_arrival: seq=159 idx=14 total=15 fw_us=2473084958 len=65

2026-09-14 16:29:36,769 INFO image_rx_daemon: cmd 0x60 CONVERGED after 6 attempts (33.6 s): keyframe received (UNVERIFIED delivery — keyframe may be encoder-initiated)

2026-09-14 16:29:36,770 INFO image_rx_daemon: published frame_id=0 seq=159 2903 B → lifetrac/v25/video/tile_delta

RFCO_PERTX during TX wait: profile_id=1 tx_status=0x00(OK) hop_idx=46 channel_idx=12 epoch=21 freq_hz=908750000 pkt_toa_us=20608 legal_dwell_used_us_10s=20608

2026-09-14 16:29:36,807 INFO image_rx_daemon: command TX opcode=0x63 copy=1/1 OK (on air)

2026-09-14 16:29:36,878 INFO image_rx_daemon: cmd 0x63 superseded while pending (after 1 attempts) — body replaced, retry budget reset

2026-09-14 16:29:37,279 INFO image_rx_daemon: frag_arrival: seq=174 idx=0 total=15 fw_us=2473591536 len=207

2026-09-14 16:29:37,581 INFO image_rx_daemon: cmd 0x63 superseded while pending (after 0 attempts) — body replaced, retry budget reset

2026-09-14 16:29:37,680 INFO image_rx_daemon: frag_arrival: seq=174 idx=1 total=15 fw_us=2473991335 len=207

2026-09-14 16:29:37,870 INFO image_rx_daemon: frag_arrival: seq=174 idx=2 total=15 fw_us=2474191222 len=207

2026-09-14 16:29:38,080 INFO image_rx_daemon: frag_arrival: seq=174 idx=3 total=15 fw_us=2474391146 len=207

2026-09-14 16:29:38,281 INFO image_rx_daemon: frag_arrival: seq=174 idx=4 total=15 fw_us=2474590988 len=207

2026-09-14 16:29:38,282 INFO image_rx_daemon: cmd 0x63 superseded while pending (after 0 attempts) — body replaced, retry budget reset

2026-09-14 16:29:38,483 INFO image_rx_daemon: frag_arrival: seq=174 idx=5 total=15 fw_us=2474790806 len=207

2026-09-14 16:29:38,873 INFO image_rx_daemon: frag_arrival: seq=174 idx=7 total=15 fw_us=2475182506 len=207

2026-09-14 16:29:38,986 INFO image_rx_daemon: cmd 0x63 superseded while pending (after 0 attempts) — body replaced, retry budget reset

2026-09-14 16:29:39,272 INFO image_rx_daemon: frag_arrival: seq=174 idx=8 total=15 fw_us=2475582272 len=207

2026-09-14 16:29:39,465 INFO image_rx_daemon: frag_arrival: seq=174 idx=9 total=15 fw_us=2475782161 len=207

2026-09-14 16:29:39,665 INFO image_rx_daemon: frag_arrival: seq=174 idx=10 total=15 fw_us=2475983078 len=207

2026-09-14 16:29:39,687 INFO image_rx_daemon: cmd 0x63 superseded while pending (after 0 attempts) — body replaced, retry budget reset

2026-09-14 16:29:39,872 INFO image_rx_daemon: frag_arrival: seq=174 idx=11 total=15 fw_us=2476181994 len=207

2026-09-14 16:29:40,076 INFO image_rx_daemon: frag_arrival: seq=174 idx=12 total=15 fw_us=2476381904 len=207

2026-09-14 16:29:40,266 INFO image_rx_daemon: frag_arrival: seq=174 idx=13 total=15 fw_us=2476581893 len=207

2026-09-14 16:29:40,357 INFO image_rx_daemon: frag_arrival: seq=174 idx=14 total=15 fw_us=2476675723 len=63

2026-09-14 16:29:40,390 INFO image_rx_daemon: cmd 0x63 superseded while pending (after 0 attempts) — body replaced, retry budget reset

RFCO_PERTX during TX wait: profile_id=1 tx_status=0x00(OK) hop_idx=14 channel_idx=47 epoch=22 freq_hz=926250000 pkt_toa_us=20608 legal_dwell_used_us_10s=20608

2026-09-14 16:29:40,393 INFO image_rx_daemon: command TX opcode=0x60 copy=1/1 OK (on air)

2026-09-14 16:29:40,875 INFO image_rx_daemon: frag_arrival: seq=175 idx=0 total=15 fw_us=2477184734 len=207

2026-09-14 16:29:41,092 INFO image_rx_daemon: cmd 0x63 superseded while pending (after 0 attempts) — body replaced, retry budget reset

2026-09-14 16:29:41,275 INFO image_rx_daemon: frag_arrival: seq=175 idx=1 total=15 fw_us=2477584529 len=207

2026-09-14 16:29:41,468 INFO image_rx_daemon: frag_arrival: seq=175 idx=2 total=15 fw_us=2477784432 len=207

2026-09-14 16:29:41,671 INFO image_rx_daemon: frag_arrival: seq=175 idx=3 total=15 fw_us=2477984328 len=207

2026-09-14 16:29:41,795 INFO image_rx_daemon: cmd 0x63 superseded while pending (after 0 attempts) — body replaced, retry budget reset

2026-09-14 16:29:41,876 INFO image_rx_daemon: frag_arrival: seq=175 idx=4 total=15 fw_us=2478184227 len=207

2026-09-14 16:29:42,063 INFO image_rx_daemon: frag_arrival: seq=175 idx=5 total=15 fw_us=2478384071 len=207

2026-09-14 16:29:42,241 INFO image_rx_daemon: stats: rx_frames=853 rx_decode_err=0 frames_published=26 publish_err=0 reassembler_decode_err=0 reassembler_timeouts=33 parity_recon=0 idle_drain_deferred=210 cmd_cooldown_drops=6 cmd_gate_held=0 cmd_copies_deferred=0

2026-09-14 16:29:42,243 INFO image_rx_daemon: air_gap: n=41 dt_med=199953us dt_p95=430954us len_med=207B cmd_tx_ok=55 cmd_tx_fail=0

2026-09-14 16:29:42,245 INFO image_rx_daemon: air_gap_hist(ms): <120:2 <200:25 <400:11 <1000:3

2026-09-14 16:29:42,246 INFO image_rx_daemon: rx_rf: n_rssi=41 n_snr=41 rssi[min/med/max]=-65/-61/-59 snr[min/med/max]=9.0/10.0/13.0

2026-09-14 16:29:42,247 INFO image_rx_daemon: phase_telemetry: valid=41 invalid=0 pre_f8=0 last_epoch=22 last_hop=22 slot_off=[14..14]

2026-09-14 16:29:42,248 INFO image_rx_daemon: air_gap_by_class: seq: n=37 med=199.9ms | boundary: n=3 med=506.6ms | post_loss: n=1 med=391.7ms

2026-09-14 16:29:42,249 INFO image_rx_daemon: lost_frag_idx: n=1 idx0=0 (0.00% of idx0 arrivals) other=1 (2.56%) verdict=not-clustered | top 6:1

2026-09-14 16:29:42,472 INFO image_rx_daemon: frag_arrival: seq=175 idx=7 total=15 fw_us=2478779951 len=207

2026-09-14 16:29:42,497 INFO image_rx_daemon: cmd 0x63 superseded while pending (after 0 attempts) — body replaced, retry budget reset

2026-09-14 16:29:42,868 INFO image_rx_daemon: frag_arrival: seq=175 idx=8 total=15 fw_us=2479176479 len=207

2026-09-14 16:29:43,068 INFO image_rx_daemon: frag_arrival: seq=175 idx=9 total=15 fw_us=2479376395 len=207

2026-09-14 16:29:43,202 INFO image_rx_daemon: cmd 0x63 superseded while pending (after 0 attempts) — body replaced, retry budget reset

2026-09-14 16:29:43,251 INFO image_rx_daemon: frag_arrival: seq=175 idx=10 total=15 fw_us=2479576325 len=207

2026-09-14 16:29:43,467 INFO image_rx_daemon: frag_arrival: seq=175 idx=11 total=15 fw_us=2479776162 len=207

2026-09-14 16:29:43,672 INFO image_rx_daemon: frag_arrival: seq=175 idx=12 total=15 fw_us=2479976041 len=207

2026-09-14 16:29:43,873 INFO image_rx_daemon: frag_arrival: seq=175 idx=13 total=15 fw_us=2480175915 len=207

2026-09-14 16:29:43,904 INFO image_rx_daemon: cmd 0x63 superseded while pending (after 0 attempts) — body replaced, retry budget reset

2026-09-14 16:29:43,989 INFO image_rx_daemon: frag_arrival: seq=175 idx=14 total=15 fw_us=2480305952 len=111

RFCO_PERTX during TX wait: profile_id=1 tx_status=0x00(OK) hop_idx=32 channel_idx=8 epoch=22 freq_hz=906750000 pkt_toa_us=20608 legal_dwell_used_us_10s=20608

2026-09-14 16:29:44,025 INFO image_rx_daemon: command TX opcode=0x60 copy=1/1 OK (on air)

2026-09-14 16:29:44,468 INFO image_rx_daemon: frag_arrival: seq=181 idx=0 total=15 fw_us=2480779693 len=207

2026-09-14 16:29:44,605 INFO image_rx_daemon: cmd 0x63 superseded while pending (after 0 attempts) — body replaced, retry budget reset

2026-09-14 16:29:44,868 INFO image_rx_daemon: frag_arrival: seq=181 idx=1 total=15 fw_us=2481179581 len=207

2026-09-14 16:29:45,069 INFO image_rx_daemon: frag_arrival: seq=181 idx=2 total=15 fw_us=2481379475 len=207

2026-09-14 16:29:45,272 INFO image_rx_daemon: frag_arrival: seq=181 idx=3 total=15 fw_us=2481579399 len=207

2026-09-14 16:29:45,308 INFO image_rx_daemon: cmd 0x63 superseded while pending (after 0 attempts) — body replaced, retry budget reset

2026-09-14 16:29:45,472 INFO image_rx_daemon: frag_arrival: seq=181 idx=4 total=15 fw_us=2481779262 len=207

2026-09-14 16:29:45,674 INFO image_rx_daemon: frag_arrival: seq=181 idx=5 total=15 fw_us=2481979064 len=207

2026-09-14 16:29:46,008 INFO image_rx_daemon: cmd 0x63 superseded while pending (after 0 attempts) — body replaced, retry budget reset

2026-09-14 16:29:46,259 INFO image_rx_daemon: frag_arrival: seq=181 idx=7 total=15 fw_us=2482570624 len=207

2026-09-14 16:29:46,460 INFO image_rx_daemon: frag_arrival: seq=181 idx=8 total=15 fw_us=2482770466 len=207

2026-09-14 16:29:46,664 INFO image_rx_daemon: frag_arrival: seq=181 idx=9 total=15 fw_us=2482970343 len=207

2026-09-14 16:29:46,712 INFO image_rx_daemon: cmd 0x63 superseded while pending (after 0 attempts) — body replaced, retry budget reset

2026-09-14 16:29:46,859 INFO image_rx_daemon: frag_arrival: seq=181 idx=10 total=15 fw_us=2483170211 len=207

2026-09-14 16:29:47,064 INFO image_rx_daemon: frag_arrival: seq=181 idx=11 total=15 fw_us=2483370069 len=207

2026-09-14 16:29:47,256 INFO image_rx_daemon: frag_arrival: seq=181 idx=12 total=15 fw_us=2483569967 len=207

2026-09-14 16:29:47,416 INFO image_rx_daemon: cmd 0x63 superseded while pending (after 0 attempts) — body replaced, retry budget reset

2026-09-14 16:29:47,462 INFO image_rx_daemon: frag_arrival: seq=181 idx=13 total=15 fw_us=2483769926 len=207

2026-09-14 16:29:47,620 INFO image_rx_daemon: frag_arrival: seq=181 idx=14 total=15 fw_us=2483931041 len=153

2026-09-14 16:29:47,620 WARNING image_rx_daemon: cmd 0x60 GAVE UP after 2 attempts (10.7 s); cool-down 30 s

RFCO_PERTX during TX wait: profile_id=1 tx_status=0x00(OK) hop_idx=1 channel_idx=11 epoch=23 freq_hz=908250000 pkt_toa_us=20608 legal_dwell_used_us_10s=20608

2026-09-14 16:29:47,699 INFO image_rx_daemon: command TX opcode=0x63 copy=1/1 OK (on air)

2026-09-14 16:29:48,060 INFO image_rx_daemon: frag_arrival: seq=195 idx=0 total=15 fw_us=2484369849 len=207

2026-09-14 16:29:48,119 INFO image_rx_daemon: cmd 0x63 superseded while pending (after 1 attempts) — body replaced, retry budget reset

2026-09-14 16:29:48,463 INFO image_rx_daemon: frag_arrival: seq=195 idx=1 total=15 fw_us=2484769766 len=207

2026-09-14 16:29:48,645 INFO image_rx_daemon: frag_arrival: seq=195 idx=2 total=15 fw_us=2484969683 len=207

2026-09-14 16:29:48,819 INFO image_rx_daemon: cmd 0x63 superseded while pending (after 0 attempts) — body replaced, retry budget reset

2026-09-14 16:29:48,856 INFO image_rx_daemon: frag_arrival: seq=195 idx=3 total=15 fw_us=2485169587 len=207

2026-09-14 16:29:49,060 INFO image_rx_daemon: frag_arrival: seq=195 idx=4 total=15 fw_us=2485369514 len=207

2026-09-14 16:29:49,260 INFO image_rx_daemon: frag_arrival: seq=195 idx=5 total=15 fw_us=2485569432 len=207

2026-09-14 16:29:49,460 INFO image_rx_daemon: frag_arrival: seq=195 idx=6 total=15 fw_us=2485769338 len=207

2026-09-14 16:29:49,523 INFO image_rx_daemon: cmd 0x63 superseded while pending (after 0 attempts) — body replaced, retry budget reset

2026-09-14 16:29:49,664 INFO image_rx_daemon: frag_arrival: seq=195 idx=7 total=15 fw_us=2485969234 len=207

2026-09-14 16:29:50,060 INFO image_rx_daemon: frag_arrival: seq=195 idx=8 total=15 fw_us=2486368981 len=207

2026-09-14 16:29:50,227 INFO image_rx_daemon: cmd 0x63 superseded while pending (after 0 attempts) — body replaced, retry budget reset

2026-09-14 16:29:50,262 INFO image_rx_daemon: frag_arrival: seq=195 idx=9 total=15 fw_us=2486568836 len=207

2026-09-14 16:29:50,464 INFO image_rx_daemon: frag_arrival: seq=195 idx=10 total=15 fw_us=2486768802 len=207

2026-09-14 16:29:50,656 INFO image_rx_daemon: frag_arrival: seq=195 idx=11 total=15 fw_us=2486968676 len=207

2026-09-14 16:29:50,858 INFO image_rx_daemon: frag_arrival: seq=195 idx=12 total=15 fw_us=2487168513 len=207

2026-09-14 16:29:50,927 INFO image_rx_daemon: cmd 0x63 superseded while pending (after 0 attempts) — body replaced, retry budget reset

2026-09-14 16:29:51,059 INFO image_rx_daemon: frag_arrival: seq=195 idx=13 total=15 fw_us=2487368410 len=207

2026-09-14 16:29:51,208 INFO image_rx_daemon: frag_arrival: seq=195 idx=14 total=15 fw_us=2487524278 len=145

2026-09-14 16:29:51,211 INFO image_rx_daemon: published frame_id=0 seq=195 2983 B → lifetrac/v25/video/tile_delta

RFCO_PERTX during TX wait: profile_id=1 tx_status=0x00(OK) hop_idx=18 channel_idx=47 epoch=23 freq_hz=926250000 pkt_toa_us=20608 legal_dwell_used_us_10s=20608

2026-09-14 16:29:51,248 INFO image_rx_daemon: command TX opcode=0x63 copy=1/1 OK (on air)

2026-09-14 16:29:51,630 INFO image_rx_daemon: cmd 0x63 superseded while pending (after 1 attempts) — body replaced, retry budget reset

2026-09-14 16:29:51,668 INFO image_rx_daemon: frag_arrival: seq=196 idx=0 total=15 fw_us=2487972028 len=207

2026-09-14 16:29:51,860 INFO image_rx_daemon: frag_arrival: seq=196 idx=1 total=15 fw_us=2488172875 len=207

2026-09-14 16:29:52,260 INFO image_rx_daemon: frag_arrival: seq=196 idx=2 total=15 fw_us=2488571710 len=207

2026-09-14 16:29:52,263 INFO image_rx_daemon: stats: rx_frames=893 rx_decode_err=0 frames_published=27 publish_err=0 reassembler_decode_err=0 reassembler_timeouts=35 parity_recon=0 idle_drain_deferred=220 cmd_cooldown_drops=7 cmd_gate_held=0 cmd_copies_deferred=0

2026-09-14 16:29:52,263 INFO image_rx_daemon: air_gap: n=40 dt_med=199906us dt_p95=473741us len_med=207B cmd_tx_ok=58 cmd_tx_fail=0

2026-09-14 16:29:52,264 INFO image_rx_daemon: air_gap_hist(ms): <200:29 <400:7 <1000:4

2026-09-14 16:29:52,264 INFO image_rx_daemon: rx_rf: n_rssi=40 n_snr=40 rssi[min/med/max]=-64/-62/-59 snr[min/med/max]=9.0/10.0/11.0

2026-09-14 16:29:52,265 INFO image_rx_daemon: phase_telemetry: valid=40 invalid=0 pre_f8=0 last_epoch=23 last_hop=23 slot_off=[14..18]

2026-09-14 16:29:52,265 INFO image_rx_daemon: air_gap_by_class: seq: n=35 med=199.9ms | boundary: n=3 med=447.8ms | post_loss: n=2 med=591.6ms

2026-09-14 16:29:52,266 INFO image_rx_daemon: lost_frag_idx: n=2 idx0=0 (0.00% of idx0 arrivals) other=2 (5.13%) verdict=not-clustered | top 6:2

2026-09-14 16:29:52,334 INFO image_rx_daemon: cmd 0x63 superseded while pending (after 0 attempts) — body replaced, retry budget reset

2026-09-14 16:29:52,464 INFO image_rx_daemon: frag_arrival: seq=196 idx=3 total=15 fw_us=2488771520 len=207

2026-09-14 16:29:52,668 INFO image_rx_daemon: frag_arrival: seq=196 idx=4 total=15 fw_us=2488971426 len=207

2026-09-14 16:29:52,855 INFO image_rx_daemon: frag_arrival: seq=196 idx=5 total=15 fw_us=2489171323 len=207

2026-09-14 16:29:53,034 INFO image_rx_daemon: cmd 0x63 superseded while pending (after 0 attempts) — body replaced, retry budget reset

2026-09-14 16:29:53,260 INFO image_rx_daemon: frag_arrival: seq=196 idx=7 total=15 fw_us=2489564195 len=207

2026-09-14 16:29:53,661 INFO image_rx_daemon: frag_arrival: seq=196 idx=8 total=15 fw_us=2489963991 len=207

2026-09-14 16:29:53,736 INFO image_rx_daemon: cmd 0x63 superseded while pending (after 0 attempts) — body replaced, retry budget reset

2026-09-14 16:29:53,852 INFO image_rx_daemon: frag_arrival: seq=196 idx=9 total=15 fw_us=2490163877 len=207

2026-09-14 16:29:54,043 INFO image_rx_daemon: frag_arrival: seq=196 idx=10 total=15 fw_us=2490363903 len=207

2026-09-14 16:29:54,256 INFO image_rx_daemon: frag_arrival: seq=196 idx=11 total=15 fw_us=2490563799 len=207

2026-09-14 16:29:54,441 INFO image_rx_daemon: cmd 0x63 superseded while pending (after 0 attempts) — body replaced, retry budget reset

2026-09-14 16:29:54,456 INFO image_rx_daemon: frag_arrival: seq=196 idx=12 total=15 fw_us=2490763718 len=207

2026-09-14 16:29:54,660 INFO image_rx_daemon: frag_arrival: seq=196 idx=13 total=15 fw_us=2490963647 len=207

2026-09-14 16:29:54,741 INFO image_rx_daemon: frag_arrival: seq=196 idx=14 total=15 fw_us=2491061078 len=67

RFCO_PERTX during TX wait: profile_id=1 tx_status=0x00(OK) hop_idx=36 channel_idx=39 epoch=23 freq_hz=922250000 pkt_toa_us=20608 legal_dwell_used_us_10s=20608

2026-09-14 16:29:54,780 INFO image_rx_daemon: command TX opcode=0x63 copy=1/1 OK (on air)

2026-09-14 16:29:55,143 INFO image_rx_daemon: cmd 0x63 superseded while pending (after 1 attempts) — body replaced, retry budget reset

2026-09-14 16:29:55,258 INFO image_rx_daemon: frag_arrival: seq=202 idx=0 total=15 fw_us=2491567492 len=207

2026-09-14 16:29:55,660 INFO image_rx_daemon: frag_arrival: seq=202 idx=1 total=15 fw_us=2491967394 len=207

2026-09-14 16:29:55,851 INFO image_rx_daemon: frag_arrival: seq=202 idx=2 total=15 fw_us=2492167312 len=207

2026-09-14 16:29:55,852 INFO image_rx_daemon: cmd 0x63 superseded while pending (after 0 attempts) — body replaced, retry budget reset

2026-09-14 16:29:56,064 INFO image_rx_daemon: frag_arrival: seq=202 idx=3 total=15 fw_us=2492367232 len=207

2026-09-14 16:29:56,265 INFO image_rx_daemon: frag_arrival: seq=202 idx=4 total=15 fw_us=2492567155 len=207

2026-09-14 16:29:56,463 INFO image_rx_daemon: frag_arrival: seq=202 idx=5 total=15 fw_us=2492768078 len=207

2026-09-14 16:29:56,548 INFO image_rx_daemon: cmd 0x63 superseded while pending (after 0 attempts) — body replaced, retry budget reset

2026-09-14 16:29:57,060 INFO image_rx_daemon: frag_arrival: seq=202 idx=7 total=15 fw_us=2493360025 len=207

2026-09-14 16:29:57,251 INFO image_rx_daemon: frag_arrival: seq=202 idx=8 total=15 fw_us=2493559991 len=207

2026-09-14 16:29:57,252 INFO image_rx_daemon: cmd 0x63 superseded while pending (after 0 attempts) — body replaced, retry budget reset

2026-09-14 16:29:57,452 INFO image_rx_daemon: frag_arrival: seq=202 idx=9 total=15 fw_us=2493759947 len=207

2026-09-14 16:29:57,655 INFO image_rx_daemon: frag_arrival: seq=202 idx=10 total=15 fw_us=2493959941 len=207

2026-09-14 16:29:57,837 INFO image_rx_daemon: frag_arrival: seq=202 idx=11 total=15 fw_us=2494159790 len=207

2026-09-14 16:29:57,954 INFO image_rx_daemon: cmd 0x63 superseded while pending (after 0 attempts) — body replaced, retry budget reset

2026-09-14 16:29:58,049 INFO image_rx_daemon: frag_arrival: seq=202 idx=12 total=15 fw_us=2494359705 len=207

2026-09-14 16:29:58,253 INFO image_rx_daemon: frag_arrival: seq=202 idx=13 total=15 fw_us=2494559576 len=207

2026-09-14 16:29:58,400 INFO image_rx_daemon: frag_arrival: seq=202 idx=14 total=15 fw_us=2494715423 len=147

RFCO_PERTX during TX wait: profile_id=1 tx_status=0x00(OK) hop_idx=4 channel_idx=2 epoch=24 freq_hz=903750000 pkt_toa_us=20608 legal_dwell_used_us_10s=20608

2026-09-14 16:29:58,437 INFO image_rx_daemon: command TX opcode=0x63 copy=1/1 OK (on air)

2026-09-14 16:29:58,657 INFO image_rx_daemon: cmd 0x63 superseded while pending (after 1 attempts) — body replaced, retry budget reset

2026-09-14 16:29:58,852 INFO image_rx_daemon: frag_arrival: seq=210 idx=0 total=15 fw_us=2495163078 len=207

2026-09-14 16:29:59,252 INFO image_rx_daemon: frag_arrival: seq=210 idx=1 total=15 fw_us=2495561845 len=207

2026-09-14 16:29:59,359 INFO image_rx_daemon: cmd 0x63 superseded while pending (after 0 attempts) — body replaced, retry budget reset

2026-09-14 16:29:59,444 INFO image_rx_daemon: frag_arrival: seq=210 idx=2 total=15 fw_us=2495761695 len=207

2026-09-14 16:29:59,656 INFO image_rx_daemon: frag_arrival: seq=210 idx=3 total=15 fw_us=2495961553 len=207

2026-09-14 16:29:59,860 INFO image_rx_daemon: frag_arrival: seq=210 idx=4 total=15 fw_us=2496161492 len=207

2026-09-14 16:30:00,055 INFO image_rx_daemon: frag_arrival: seq=210 idx=5 total=15 fw_us=2496361382 len=207

2026-09-14 16:30:00,058 INFO image_rx_daemon: cmd 0x63 superseded while pending (after 0 attempts) — body replaced, retry budget reset

2026-09-14 16:30:00,257 INFO image_rx_daemon: frag_arrival: seq=210 idx=6 total=15 fw_us=2496561315 len=207

2026-09-14 16:30:00,452 INFO image_rx_daemon: frag_arrival: seq=210 idx=7 total=15 fw_us=2496754313 len=207

2026-09-14 16:30:00,664 INFO image_rx_daemon: frag_arrival: seq=210 idx=8 total=15 fw_us=2496968481 len=207

2026-09-14 16:30:00,769 INFO image_rx_daemon: cmd 0x63 superseded while pending (after 0 attempts) — body replaced, retry budget reset

2026-09-14 16:30:01,056 INFO image_rx_daemon: frag_arrival: seq=210 idx=9 total=15 fw_us=2497367078 len=207

2026-09-14 16:30:01,261 INFO image_rx_daemon: frag_arrival: seq=210 idx=10 total=15 fw_us=2497566080 len=207

2026-09-14 16:30:01,452 INFO image_rx_daemon: frag_arrival: seq=210 idx=11 total=15 fw_us=2497765978 len=207

2026-09-14 16:30:01,465 INFO image_rx_daemon: cmd 0x63 superseded while pending (after 0 attempts) — body replaced, retry budget reset

2026-09-14 16:30:01,656 INFO image_rx_daemon: frag_arrival: seq=210 idx=12 total=15 fw_us=2497965981 len=207

2026-09-14 16:30:01,856 INFO image_rx_daemon: frag_arrival: seq=210 idx=13 total=15 fw_us=2498165952 len=207

2026-09-14 16:30:01,982 INFO image_rx_daemon: frag_arrival: seq=210 idx=14 total=15 fw_us=2498298647 len=115

2026-09-14 16:30:01,984 INFO image_rx_daemon: published frame_id=0 seq=210 2953 B → lifetrac/v25/video/tile_delta

RFCO_PERTX during TX wait: profile_id=1 tx_status=0x00(OK) hop_idx=22 channel_idx=8 epoch=24 freq_hz=906750000 pkt_toa_us=20608 legal_dwell_used_us_10s=20608

2026-09-14 16:30:02,016 INFO image_rx_daemon: command TX opcode=0x63 copy=1/1 OK (on air)

2026-09-14 16:30:02,171 INFO image_rx_daemon: cmd 0x63 superseded while pending (after 1 attempts) — body replaced, retry budget reset

2026-09-14 16:30:02,267 INFO image_rx_daemon: stats: rx_frames=933 rx_decode_err=0 frames_published=28 publish_err=0 reassembler_decode_err=0 reassembler_timeouts=37 parity_recon=0 idle_drain_deferred=229 cmd_cooldown_drops=8 cmd_gate_held=0 cmd_copies_deferred=0

2026-09-14 16:30:02,269 INFO image_rx_daemon: air_gap: n=40 dt_med=199923us dt_p95=506414us len_med=207B cmd_tx_ok=61 cmd_tx_fail=0

2026-09-14 16:30:02,272 INFO image_rx_daemon: air_gap_hist(ms): <120:1 <200:27 <400:9 <1000:3

2026-09-14 16:30:02,274 INFO image_rx_daemon: rx_rf: n_rssi=40 n_snr=40 rssi[min/med/max]=-64/-61/-59 snr[min/med/max]=9.0/10.0/11.0

2026-09-14 16:30:02,276 INFO image_rx_daemon: phase_telemetry: valid=40 invalid=0 pre_f8=0 last_epoch=24 last_hop=22 slot_off=[3..17]

2026-09-14 16:30:02,278 INFO image_rx_daemon: air_gap_by_class: seq: n=36 med=199.9ms | boundary: n=2 med=506.4ms | post_loss: n=2 med=591.9ms

2026-09-14 16:30:02,279 INFO image_rx_daemon: lost_frag_idx: n=2 idx0=0 (0.00% of idx0 arrivals) other=2 (5.00%) verdict=not-clustered | top 6:2

2026-09-14 16:30:02,460 INFO image_rx_daemon: frag_arrival: seq=217 idx=0 total=15 fw_us=2498768874 len=207

2026-09-14 16:30:02,660 INFO image_rx_daemon: frag_arrival: seq=217 idx=1 total=15 fw_us=2498971993 len=207

2026-09-14 16:30:02,871 INFO image_rx_daemon: cmd 0x63 superseded while pending (after 0 attempts) — body replaced, retry budget reset

2026-09-14 16:30:03,061 INFO image_rx_daemon: frag_arrival: seq=217 idx=2 total=15 fw_us=2499368554 len=207

2026-09-14 16:30:03,267 INFO image_rx_daemon: frag_arrival: seq=217 idx=3 total=15 fw_us=2499568430 len=207

2026-09-14 16:30:03,460 INFO image_rx_daemon: frag_arrival: seq=217 idx=4 total=15 fw_us=2499768309 len=207

2026-09-14 16:30:03,576 INFO image_rx_daemon: cmd 0x63 superseded while pending (after 0 attempts) — body replaced, retry budget reset

2026-09-14 16:30:03,664 INFO image_rx_daemon: frag_arrival: seq=217 idx=5 total=15 fw_us=2499968201 len=207

2026-09-14 16:30:03,859 INFO image_rx_daemon: frag_arrival: seq=217 idx=6 total=15 fw_us=2500168063 len=207

2026-09-14 16:30:04,278 INFO image_rx_daemon: cmd 0x63 superseded while pending (after 0 attempts) — body replaced, retry budget reset

2026-09-14 16:30:04,450 INFO image_rx_daemon: frag_arrival: seq=217 idx=8 total=15 fw_us=2500759846 len=207

2026-09-14 16:30:04,651 INFO image_rx_daemon: frag_arrival: seq=217 idx=9 total=15 fw_us=2500959759 len=207

2026-09-14 16:30:04,841 INFO image_rx_daemon: frag_arrival: seq=217 idx=10 total=15 fw_us=2501159647 len=207

2026-09-14 16:30:04,979 INFO image_rx_daemon: cmd 0x63 superseded while pending (after 0 attempts) — body replaced, retry budget reset

2026-09-14 16:30:05,052 INFO image_rx_daemon: frag_arrival: seq=217 idx=11 total=15 fw_us=2501359485 len=207

2026-09-14 16:30:05,256 INFO image_rx_daemon: frag_arrival: seq=217 idx=12 total=15 fw_us=2501559355 len=207

2026-09-14 16:30:05,450 INFO image_rx_daemon: frag_arrival: seq=217 idx=13 total=15 fw_us=2501759254 len=207

2026-09-14 16:30:05,599 INFO image_rx_daemon: frag_arrival: seq=217 idx=14 total=15 fw_us=2501907401 len=136

RFCO_PERTX during TX wait: profile_id=1 tx_status=0x00(OK) hop_idx=40 channel_idx=33 epoch=24 freq_hz=919250000 pkt_toa_us=20608 legal_dwell_used_us_10s=20608

2026-09-14 16:30:05,636 INFO image_rx_daemon: command TX opcode=0x63 copy=1/1 OK (on air)

2026-09-14 16:30:05,683 INFO image_rx_daemon: cmd 0x63 superseded while pending (after 1 attempts) — body replaced, retry budget reset

2026-09-14 16:30:06,048 INFO image_rx_daemon: frag_arrival: seq=224 idx=0 total=15 fw_us=2502358974 len=207

2026-09-14 16:30:06,384 INFO image_rx_daemon: cmd 0x63 superseded while pending (after 0 attempts) — body replaced, retry budget reset

2026-09-14 16:30:06,447 INFO image_rx_daemon: frag_arrival: seq=224 idx=1 total=15 fw_us=2502758871 len=207

2026-09-14 16:30:06,652 INFO image_rx_daemon: frag_arrival: seq=224 idx=2 total=15 fw_us=2502958773 len=207

2026-09-14 16:30:06,856 INFO image_rx_daemon: frag_arrival: seq=224 idx=3 total=15 fw_us=2503158694 len=207

2026-09-14 16:30:07,036 INFO image_rx_daemon: frag_arrival: seq=224 idx=4 total=15 fw_us=2503358607 len=207

2026-09-14 16:30:07,088 INFO image_rx_daemon: cmd 0x63 superseded while pending (after 0 attempts) — body replaced, retry budget reset

2026-09-14 16:30:07,248 INFO image_rx_daemon: frag_arrival: seq=224 idx=5 total=15 fw_us=2503558439 len=207

2026-09-14 16:30:07,448 INFO image_rx_daemon: frag_arrival: seq=224 idx=6 total=15 fw_us=2503758276 len=207

2026-09-14 16:30:07,646 INFO image_rx_daemon: frag_arrival: seq=224 idx=7 total=15 fw_us=2503959078 len=207

2026-09-14 16:30:07,794 INFO image_rx_daemon: cmd 0x63 superseded while pending (after 0 attempts) — body replaced, retry budget reset

2026-09-14 16:30:08,052 INFO image_rx_daemon: frag_arrival: seq=224 idx=8 total=15 fw_us=2504357850 len=207

2026-09-14 16:30:08,249 INFO image_rx_daemon: frag_arrival: seq=224 idx=9 total=15 fw_us=2504557675 len=207

2026-09-14 16:30:08,452 INFO image_rx_daemon: frag_arrival: seq=224 idx=10 total=15 fw_us=2504757530 len=207

2026-09-14 16:30:08,494 INFO image_rx_daemon: cmd 0x63 superseded while pending (after 0 attempts) — body replaced, retry budget reset

2026-09-14 16:30:08,661 INFO image_rx_daemon: frag_arrival: seq=224 idx=11 total=15 fw_us=2504957400 len=207

2026-09-14 16:30:08,851 INFO image_rx_daemon: frag_arrival: seq=224 idx=12 total=15 fw_us=2505157207 len=207

2026-09-14 16:30:09,056 INFO image_rx_daemon: frag_arrival: seq=224 idx=13 total=15 fw_us=2505357044 len=207

2026-09-14 16:30:09,148 INFO image_rx_daemon: frag_arrival: seq=224 idx=14 total=15 fw_us=2505458610 len=72

2026-09-14 16:30:09,150 INFO image_rx_daemon: published frame_id=0 seq=224 2910 B → lifetrac/v25/video/tile_delta

RFCO_PERTX during TX wait: profile_id=1 tx_status=0x00(OK) hop_idx=8 channel_idx=46 epoch=25 freq_hz=925750000 pkt_toa_us=20608 legal_dwell_used_us_10s=20608

2026-09-14 16:30:09,187 INFO image_rx_daemon: command TX opcode=0x63 copy=1/1 OK (on air)

2026-09-14 16:30:09,193 INFO image_rx_daemon: cmd 0x63 superseded while pending (after 1 attempts) — body replaced, retry budget reset

2026-09-14 16:30:09,652 INFO image_rx_daemon: frag_arrival: seq=231 idx=0 total=15 fw_us=2505959841 len=207

2026-09-14 16:30:09,896 INFO image_rx_daemon: cmd 0x63 superseded while pending (after 0 attempts) — body replaced, retry budget reset

2026-09-14 16:30:10,056 INFO image_rx_daemon: frag_arrival: seq=231 idx=1 total=15 fw_us=2506359745 len=207

2026-09-14 16:30:10,245 INFO image_rx_daemon: frag_arrival: seq=231 idx=2 total=15 fw_us=2506559641 len=207

2026-09-14 16:30:10,459 INFO image_rx_daemon: frag_arrival: seq=231 idx=3 total=15 fw_us=2506759677 len=207

2026-09-14 16:30:10,598 INFO image_rx_daemon: cmd 0x63 superseded while pending (after 0 attempts) — body replaced, retry budget reset

2026-09-14 16:30:10,652 INFO image_rx_daemon: frag_arrival: seq=231 idx=4 total=15 fw_us=2506959597 len=207

2026-09-14 16:30:10,852 INFO image_rx_daemon: frag_arrival: seq=231 idx=5 total=15 fw_us=2507159460 len=207

2026-09-14 16:30:11,249 INFO image_rx_daemon: frag_arrival: seq=231 idx=7 total=15 fw_us=2507552553 len=207

2026-09-14 16:30:11,302 INFO image_rx_daemon: cmd 0x63 superseded while pending (after 0 attempts) — body replaced, retry budget reset

2026-09-14 16:30:11,640 INFO image_rx_daemon: frag_arrival: seq=231 idx=8 total=15 fw_us=2507951238 len=207

2026-09-14 16:30:11,844 INFO image_rx_daemon: frag_arrival: seq=231 idx=9 total=15 fw_us=2508151069 len=207

2026-09-14 16:30:12,002 INFO image_rx_daemon: cmd 0x63 superseded while pending (after 0 attempts) — body replaced, retry budget reset

2026-09-14 16:30:12,044 INFO image_rx_daemon: frag_arrival: seq=231 idx=10 total=15 fw_us=2508350942 len=207

2026-09-14 16:30:12,244 INFO image_rx_daemon: frag_arrival: seq=231 idx=11 total=15 fw_us=2508550893 len=207

2026-09-14 16:30:12,282 INFO image_rx_daemon: stats: rx_frames=973 rx_decode_err=0 frames_published=29 publish_err=0 reassembler_decode_err=0 reassembler_timeouts=38 parity_recon=0 idle_drain_deferred=240 cmd_cooldown_drops=9 cmd_gate_held=0 cmd_copies_deferred=0

2026-09-14 16:30:12,284 INFO image_rx_daemon: air_gap: n=40 dt_med=199899us dt_p95=501231us len_med=207B cmd_tx_ok=63 cmd_tx_fail=0

2026-09-14 16:30:12,286 INFO image_rx_daemon: air_gap_hist(ms): <120:1 <200:26 <400:9 <1000:4

2026-09-14 16:30:12,287 INFO image_rx_daemon: rx_rf: n_rssi=40 n_snr=40 rssi[min/med/max]=-65/-62/-59 snr[min/med/max]=9.0/10.0/11.0

2026-09-14 16:30:12,287 INFO image_rx_daemon: phase_telemetry: valid=40 invalid=0 pre_f8=0 last_epoch=25 last_hop=23 slot_off=[14..18]

2026-09-14 16:30:12,288 INFO image_rx_daemon: air_gap_by_class: seq: n=35 med=199.9ms | boundary: n=3 med=470.2ms | post_loss: n=2 med=591.8ms

2026-09-14 16:30:12,289 INFO image_rx_daemon: lost_frag_idx: n=2 idx0=0 (0.00% of idx0 arrivals) other=2 (5.13%) verdict=not-clustered | top 7:1 6:1

2026-09-14 16:30:12,452 INFO image_rx_daemon: frag_arrival: seq=231 idx=12 total=15 fw_us=2508750799 len=207

2026-09-14 16:30:12,642 INFO image_rx_daemon: frag_arrival: seq=231 idx=13 total=15 fw_us=2508950671 len=207

2026-09-14 16:30:12,706 INFO image_rx_daemon: cmd 0x63 superseded while pending (after 0 attempts) — body replaced, retry budget reset

2026-09-14 16:30:12,792 INFO image_rx_daemon: frag_arrival: seq=231 idx=14 total=15 fw_us=2509098832 len=137

RFCO_PERTX during TX wait: profile_id=1 tx_status=0x00(OK) hop_idx=26 channel_idx=7 epoch=25 freq_hz=906250000 pkt_toa_us=20608 legal_dwell_used_us_10s=20608

2026-09-14 16:30:12,828 INFO image_rx_daemon: command TX opcode=0x63 copy=1/1 OK (on air)

2026-09-14 16:30:13,260 INFO image_rx_daemon: frag_arrival: seq=238 idx=0 total=15 fw_us=2509554369 len=207

2026-09-14 16:30:13,407 INFO image_rx_daemon: cmd 0x63 superseded while pending (after 1 attempts) — body replaced, retry budget reset

2026-09-14 16:30:13,646 INFO image_rx_daemon: frag_arrival: seq=238 idx=1 total=15 fw_us=2509954221 len=207

2026-09-14 16:30:13,848 INFO image_rx_daemon: frag_arrival: seq=238 idx=2 total=15 fw_us=2510155078 len=207

2026-09-14 16:30:14,048 INFO image_rx_daemon: frag_arrival: seq=238 idx=3 total=15 fw_us=2510354054 len=207

2026-09-14 16:30:14,111 INFO image_rx_daemon: cmd 0x63 superseded while pending (after 0 attempts) — body replaced, retry budget reset

2026-09-14 16:30:14,252 INFO image_rx_daemon: frag_arrival: seq=238 idx=4 total=15 fw_us=2510553933 len=207

2026-09-14 16:30:14,444 INFO image_rx_daemon: frag_arrival: seq=238 idx=5 total=15 fw_us=2510753779 len=207

2026-09-14 16:30:14,811 INFO image_rx_daemon: cmd 0x63 superseded while pending (after 0 attempts) — body replaced, retry budget reset

2026-09-14 16:30:15,045 INFO image_rx_daemon: frag_arrival: seq=238 idx=7 total=15 fw_us=2511346329 len=207

2026-09-14 16:30:15,239 INFO image_rx_daemon: frag_arrival: seq=238 idx=8 total=15 fw_us=2511546155 len=207

2026-09-14 16:30:15,439 INFO image_rx_daemon: frag_arrival: seq=238 idx=9 total=15 fw_us=2511745990 len=207

2026-09-14 16:30:15,514 INFO image_rx_daemon: cmd 0x63 superseded while pending (after 0 attempts) — body replaced, retry budget reset

2026-09-14 16:30:15,629 INFO image_rx_daemon: frag_arrival: seq=238 idx=10 total=15 fw_us=2511945876 len=207

2026-09-14 16:30:15,844 INFO image_rx_daemon: frag_arrival: seq=238 idx=11 total=15 fw_us=2512145677 len=207

2026-09-14 16:30:16,025 INFO image_rx_daemon: frag_arrival: seq=238 idx=12 total=15 fw_us=2512345501 len=207

2026-09-14 16:30:16,216 INFO image_rx_daemon: cmd 0x63 superseded while pending (after 0 attempts) — body replaced, retry budget reset

2026-09-14 16:30:16,234 INFO image_rx_daemon: frag_arrival: seq=238 idx=13 total=15 fw_us=2512545365 len=207

2026-09-14 16:30:16,327 INFO image_rx_daemon: frag_arrival: seq=238 idx=14 total=15 fw_us=2512640078 len=63

RFCO_PERTX during TX wait: profile_id=1 tx_status=0x00(OK) hop_idx=44 channel_idx=29 epoch=25 freq_hz=917250000 pkt_toa_us=20608 legal_dwell_used_us_10s=20608

2026-09-14 16:30:16,365 INFO image_rx_daemon: command TX opcode=0x63 copy=1/1 OK (on air)

2026-09-14 16:30:16,844 INFO image_rx_daemon: frag_arrival: seq=246 idx=0 total=15 fw_us=2513147888 len=207

2026-09-14 16:30:16,920 INFO image_rx_daemon: cmd 0x63 superseded while pending (after 1 attempts) — body replaced, retry budget reset

2026-09-14 16:30:17,236 INFO image_rx_daemon: frag_arrival: seq=246 idx=1 total=15 fw_us=2513547612 len=207

2026-09-14 16:30:17,443 INFO image_rx_daemon: frag_arrival: seq=246 idx=2 total=15 fw_us=2513747557 len=207

2026-09-14 16:30:17,623 INFO image_rx_daemon: cmd 0x63 superseded while pending (after 0 attempts) — body replaced, retry budget reset

2026-09-14 16:30:17,641 INFO image_rx_daemon: frag_arrival: seq=246 idx=3 total=15 fw_us=2513947449 len=207

2026-09-14 16:30:17,847 INFO image_rx_daemon: frag_arrival: seq=246 idx=4 total=15 fw_us=2514147319 len=207

2026-09-14 16:30:18,030 INFO image_rx_daemon: frag_arrival: seq=246 idx=5 total=15 fw_us=2514347178 len=207

2026-09-14 16:30:18,247 INFO image_rx_daemon: frag_arrival: seq=246 idx=6 total=15 fw_us=2514547081 len=207

2026-09-14 16:30:18,326 INFO image_rx_daemon: cmd 0x63 superseded while pending (after 0 attempts) — body replaced, retry budget reset

2026-09-14 16:30:18,438 INFO image_rx_daemon: frag_arrival: seq=246 idx=7 total=15 fw_us=2514739144 len=207

2026-09-14 16:30:18,655 INFO image_rx_daemon: frag_arrival: seq=246 idx=8 total=15 fw_us=2514953210 len=207

2026-09-14 16:30:19,024 INFO image_rx_daemon: cmd 0x63 superseded while pending (after 0 attempts) — body replaced, retry budget reset

2026-09-14 16:30:19,039 INFO image_rx_daemon: frag_arrival: seq=246 idx=9 total=15 fw_us=2515350653 len=207

2026-09-14 16:30:19,240 INFO image_rx_daemon: frag_arrival: seq=246 idx=10 total=15 fw_us=2515550584 len=207

2026-09-14 16:30:19,440 INFO image_rx_daemon: frag_arrival: seq=246 idx=11 total=15 fw_us=2515750439 len=207

2026-09-14 16:30:19,648 INFO image_rx_daemon: frag_arrival: seq=246 idx=12 total=15 fw_us=2515950356 len=207

2026-09-14 16:30:19,729 INFO image_rx_daemon: cmd 0x63 superseded while pending (after 0 attempts) — body replaced, retry budget reset

2026-09-14 16:30:19,845 INFO image_rx_daemon: frag_arrival: seq=246 idx=13 total=15 fw_us=2516150233 len=207

2026-09-14 16:30:20,004 INFO image_rx_daemon: frag_arrival: seq=246 idx=14 total=15 fw_us=2516311189 len=153

2026-09-14 16:30:20,005 INFO image_rx_daemon: published frame_id=0 seq=246 2991 B → lifetrac/v25/video/tile_delta

RFCO_PERTX during TX wait: profile_id=1 tx_status=0x00(OK) hop_idx=13 channel_idx=5 epoch=26 freq_hz=905250000 pkt_toa_us=20608 legal_dwell_used_us_10s=20608

2026-09-14 16:30:20,084 INFO image_rx_daemon: command TX opcode=0x63 copy=1/1 OK (on air)

2026-09-14 16:30:20,431 INFO image_rx_daemon: cmd 0x63 superseded while pending (after 1 attempts) — body replaced, retry budget reset

2026-09-14 16:30:20,437 INFO image_rx_daemon: frag_arrival: seq=253 idx=0 total=15 fw_us=2516749841 len=207

2026-09-14 16:30:20,849 INFO image_rx_daemon: frag_arrival: seq=253 idx=1 total=15 fw_us=2517149508 len=207

2026-09-14 16:30:21,028 INFO image_rx_daemon: frag_arrival: seq=253 idx=2 total=15 fw_us=2517349332 len=207

2026-09-14 16:30:21,133 INFO image_rx_daemon: cmd 0x63 superseded while pending (after 0 attempts) — body replaced, retry budget reset

2026-09-14 16:30:21,243 INFO image_rx_daemon: frag_arrival: seq=253 idx=3 total=15 fw_us=2517549212 len=207

2026-09-14 16:30:21,444 INFO image_rx_daemon: frag_arrival: seq=253 idx=4 total=15 fw_us=2517750078 len=207

2026-09-14 16:30:21,644 INFO image_rx_daemon: frag_arrival: seq=253 idx=5 total=15 fw_us=2517948972 len=207

2026-09-14 16:30:21,840 INFO image_rx_daemon: cmd 0x63 superseded while pending (after 0 attempts) — body replaced, retry budget reset

2026-09-14 16:30:21,841 INFO image_rx_daemon: frag_arrival: seq=253 idx=6 total=15 fw_us=2518148863 len=207

2026-09-14 16:30:22,044 INFO image_rx_daemon: frag_arrival: seq=253 idx=7 total=15 fw_us=2518348786 len=207

2026-09-14 16:30:22,292 INFO image_rx_daemon: stats: rx_frames=1013 rx_decode_err=0 frames_published=30 publish_err=0 reassembler_decode_err=0 reassembler_timeouts=40 parity_recon=0 idle_drain_deferred=249 cmd_cooldown_drops=9 cmd_gate_held=0 cmd_copies_deferred=0

2026-09-14 16:30:22,294 INFO image_rx_daemon: air_gap: n=40 dt_med=199886us dt_p95=507810us len_med=207B cmd_tx_ok=66 cmd_tx_fail=0

2026-09-14 16:30:22,295 INFO image_rx_daemon: air_gap_hist(ms): <120:1 <200:28 <400:7 <1000:4

2026-09-14 16:30:22,296 INFO image_rx_daemon: rx_rf: n_rssi=40 n_snr=40 rssi[min/med/max]=-65/-62/-59 snr[min/med/max]=9.0/10.0/11.0

2026-09-14 16:30:22,297 INFO image_rx_daemon: phase_telemetry: valid=40 invalid=0 pre_f8=0 last_epoch=26 last_hop=22 slot_off=[3..17]

2026-09-14 16:30:22,299 INFO image_rx_daemon: air_gap_by_class: seq: n=36 med=199.9ms | boundary: n=3 med=455.5ms | post_loss: n=1 med=592.5ms

2026-09-14 16:30:22,300 INFO image_rx_daemon: lost_frag_idx: n=1 idx0=0 (0.00% of idx0 arrivals) other=1 (2.63%) verdict=not-clustered | top 6:1

2026-09-14 16:30:22,452 INFO image_rx_daemon: frag_arrival: seq=253 idx=8 total=15 fw_us=2518748536 len=207

2026-09-14 16:30:22,537 INFO image_rx_daemon: cmd 0x63 superseded while pending (after 0 attempts) — body replaced, retry budget reset

2026-09-14 16:30:22,637 INFO image_rx_daemon: frag_arrival: seq=253 idx=9 total=15 fw_us=2518948389 len=207

2026-09-14 16:30:22,840 INFO image_rx_daemon: frag_arrival: seq=253 idx=10 total=15 fw_us=2519148213 len=207

2026-09-14 16:30:23,040 INFO image_rx_daemon: frag_arrival: seq=253 idx=11 total=15 fw_us=2519348080 len=207

2026-09-14 16:30:23,241 INFO image_rx_daemon: frag_arrival: seq=253 idx=12 total=15 fw_us=2519547838 len=207

2026-09-14 16:30:23,242 INFO image_rx_daemon: cmd 0x63 superseded while pending (after 0 attempts) — body replaced, retry budget reset

2026-09-14 16:30:23,440 INFO image_rx_daemon: frag_arrival: seq=253 idx=13 total=15 fw_us=2519747673 len=207

2026-09-14 16:30:23,598 INFO image_rx_daemon: frag_arrival: seq=253 idx=14 total=15 fw_us=2519908701 len=154

2026-09-14 16:30:23,600 INFO image_rx_daemon: published frame_id=0 seq=253 2992 B → lifetrac/v25/video/tile_delta

RFCO_PERTX during TX wait: profile_id=1 tx_status=0x00(OK) hop_idx=31 channel_idx=23 epoch=26 freq_hz=914250000 pkt_toa_us=20608 legal_dwell_used_us_10s=20608

2026-09-14 16:30:23,680 INFO image_rx_daemon: command TX opcode=0x60 copy=1/1 OK (on air)

2026-09-14 16:30:23,943 INFO image_rx_daemon: cmd 0x63 superseded while pending (after 0 attempts) — body replaced, retry budget reset

2026-09-14 16:30:24,030 INFO image_rx_daemon: frag_arrival: seq=4 idx=0 total=15 fw_us=2520347331 len=207

2026-09-14 16:30:24,436 INFO image_rx_daemon: frag_arrival: seq=4 idx=1 total=15 fw_us=2520747001 len=207

2026-09-14 16:30:24,640 INFO image_rx_daemon: frag_arrival: seq=4 idx=2 total=15 fw_us=2520946772 len=207

2026-09-14 16:30:24,642 INFO image_rx_daemon: cmd 0x63 superseded while pending (after 0 attempts) — body replaced, retry budget reset

2026-09-14 16:30:24,841 INFO image_rx_daemon: frag_arrival: seq=4 idx=3 total=15 fw_us=2521146583 len=207

2026-09-14 16:30:25,033 INFO image_rx_daemon: frag_arrival: seq=4 idx=4 total=15 fw_us=2521346404 len=207

2026-09-14 16:30:25,244 INFO image_rx_daemon: frag_arrival: seq=4 idx=5 total=15 fw_us=2521546168 len=207

2026-09-14 16:30:25,346 INFO image_rx_daemon: cmd 0x63 superseded while pending (after 0 attempts) — body replaced, retry budget reset

2026-09-14 16:30:25,446 INFO image_rx_daemon: frag_arrival: seq=4 idx=6 total=15 fw_us=2521745980 len=207

2026-09-14 16:30:25,640 INFO image_rx_daemon: frag_arrival: seq=4 idx=7 total=15 fw_us=2521945799 len=207

2026-09-14 16:30:26,032 INFO image_rx_daemon: frag_arrival: seq=4 idx=8 total=15 fw_us=2522345435 len=207

2026-09-14 16:30:26,045 INFO image_rx_daemon: cmd 0x63 superseded while pending (after 0 attempts) — body replaced, retry budget reset

2026-09-14 16:30:26,248 INFO image_rx_daemon: frag_arrival: seq=4 idx=9 total=15 fw_us=2522545284 len=207

2026-09-14 16:30:26,430 INFO image_rx_daemon: frag_arrival: seq=4 idx=10 total=15 fw_us=2522746078 len=207

2026-09-14 16:30:26,640 INFO image_rx_daemon: frag_arrival: seq=4 idx=11 total=15 fw_us=2522944905 len=207

2026-09-14 16:30:26,749 INFO image_rx_daemon: cmd 0x63 superseded while pending (after 0 attempts) — body replaced, retry budget reset

2026-09-14 16:30:26,847 INFO image_rx_daemon: frag_arrival: seq=4 idx=12 total=15 fw_us=2523144717 len=207

2026-09-14 16:30:27,035 INFO image_rx_daemon: frag_arrival: seq=4 idx=13 total=15 fw_us=2523344573 len=207

2026-09-14 16:30:27,126 INFO image_rx_daemon: frag_arrival: seq=4 idx=14 total=15 fw_us=2523440948 len=67

2026-09-14 16:30:27,130 INFO image_rx_daemon: published frame_id=0 seq=4 2905 B → lifetrac/v25/video/tile_delta

RFCO_PERTX during TX wait: profile_id=1 tx_status=0x00(OK) hop_idx=48 channel_idx=16 epoch=26 freq_hz=910750000 pkt_toa_us=20608 legal_dwell_used_us_10s=20608

2026-09-14 16:30:27,167 INFO image_rx_daemon: command TX opcode=0x60 copy=1/1 OK (on air)

2026-09-14 16:30:27,453 INFO image_rx_daemon: cmd 0x63 superseded while pending (after 0 attempts) — body replaced, retry budget reset

2026-09-14 16:30:27,644 INFO image_rx_daemon: frag_arrival: seq=11 idx=0 total=15 fw_us=2523947247 len=207

2026-09-14 16:30:28,034 INFO image_rx_daemon: frag_arrival: seq=11 idx=1 total=15 fw_us=2524346987 len=207

2026-09-14 16:30:28,155 INFO image_rx_daemon: cmd 0x63 superseded while pending (after 0 attempts) — body replaced, retry budget reset

2026-09-14 16:30:28,247 INFO image_rx_daemon: frag_arrival: seq=11 idx=2 total=15 fw_us=2524546882 len=207

2026-09-14 16:30:28,434 INFO image_rx_daemon: frag_arrival: seq=11 idx=3 total=15 fw_us=2524746777 len=207

2026-09-14 16:30:28,651 INFO image_rx_daemon: frag_arrival: seq=11 idx=4 total=15 fw_us=2524946702 len=207

2026-09-14 16:30:28,844 INFO image_rx_daemon: frag_arrival: seq=11 idx=5 total=15 fw_us=2525146605 len=207

2026-09-14 16:30:28,855 INFO image_rx_daemon: cmd 0x63 superseded while pending (after 0 attempts) — body replaced, retry budget reset

2026-09-14 16:30:29,057 INFO image_rx_daemon: frag_arrival: seq=11 idx=6 total=15 fw_us=2525346520 len=207

2026-09-14 16:30:29,247 INFO image_rx_daemon: frag_arrival: seq=11 idx=7 total=15 fw_us=2525546361 len=207

2026-09-14 16:30:29,457 INFO image_rx_daemon: frag_arrival: seq=11 idx=8 total=15 fw_us=2525758633 len=207

2026-09-14 16:30:29,558 INFO image_rx_daemon: cmd 0x63 superseded while pending (after 0 attempts) — body replaced, retry budget reset

2026-09-14 16:30:29,668 INFO image_rx_daemon: frag_arrival: seq=11 idx=9 total=15 fw_us=2525972712 len=207

2026-09-14 16:30:30,061 INFO image_rx_daemon: frag_arrival: seq=11 idx=10 total=15 fw_us=2526369733 len=207

2026-09-14 16:30:30,267 INFO image_rx_daemon: frag_arrival: seq=11 idx=11 total=15 fw_us=2526569569 len=207

2026-09-14 16:30:30,268 INFO image_rx_daemon: cmd 0x63 superseded while pending (after 0 attempts) — body replaced, retry budget reset

2026-09-14 16:30:30,472 INFO image_rx_daemon: frag_arrival: seq=11 idx=12 total=15 fw_us=2526769484 len=207

2026-09-14 16:30:30,665 INFO image_rx_daemon: frag_arrival: seq=11 idx=13 total=15 fw_us=2526970218 len=207

2026-09-14 16:30:30,766 INFO image_rx_daemon: frag_arrival: seq=11 idx=14 total=15 fw_us=2527073502 len=77

2026-09-14 16:30:30,767 INFO image_rx_daemon: cmd 0x60 CONVERGED after 2 attempts (8.9 s): keyframe received (UNVERIFIED delivery — keyframe may be encoder-initiated)

2026-09-14 16:30:30,768 INFO image_rx_daemon: published frame_id=0 seq=11 2915 B → lifetrac/v25/video/tile_delta

RFCO_PERTX during TX wait: profile_id=1 tx_status=0x00(OK) hop_idx=16 channel_idx=6 epoch=27 freq_hz=905750000 pkt_toa_us=20608 legal_dwell_used_us_10s=20608

2026-09-14 16:30:30,804 INFO image_rx_daemon: command TX opcode=0x63 copy=1/1 OK (on air)

2026-09-14 16:30:30,964 INFO image_rx_daemon: cmd 0x63 superseded while pending (after 1 attempts) — body replaced, retry budget reset

2026-09-14 16:30:31,272 INFO image_rx_daemon: frag_arrival: seq=26 idx=0 total=15 fw_us=2527569022 len=207

2026-09-14 16:30:31,668 INFO image_rx_daemon: frag_arrival: seq=26 idx=1 total=15 fw_us=2527968774 len=207

2026-09-14 16:30:31,669 INFO image_rx_daemon: cmd 0x63 superseded while pending (after 0 attempts) — body replaced, retry budget reset

2026-09-14 16:30:31,863 INFO image_rx_daemon: frag_arrival: seq=26 idx=2 total=15 fw_us=2528168546 len=207

2026-09-14 16:30:32,060 INFO image_rx_daemon: frag_arrival: seq=26 idx=3 total=15 fw_us=2528368388 len=207

2026-09-14 16:30:32,264 INFO image_rx_daemon: frag_arrival: seq=26 idx=4 total=15 fw_us=2528568313 len=207

2026-09-14 16:30:32,304 INFO image_rx_daemon: stats: rx_frames=1055 rx_decode_err=0 frames_published=33 publish_err=0 reassembler_decode_err=0 reassembler_timeouts=40 parity_recon=0 idle_drain_deferred=258 cmd_cooldown_drops=9 cmd_gate_held=0 cmd_copies_deferred=0

2026-09-14 16:30:32,306 INFO image_rx_daemon: air_gap: n=42 dt_med=199867us dt_p95=438630us len_med=207B cmd_tx_ok=69 cmd_tx_fail=0

2026-09-14 16:30:32,307 INFO image_rx_daemon: air_gap_hist(ms): <120:2 <200:27 <400:10 <1000:3

2026-09-14 16:30:32,308 INFO image_rx_daemon: rx_rf: n_rssi=42 n_snr=42 rssi[min/med/max]=-65/-61/-59 snr[min/med/max]=9.0/10.0/11.0

2026-09-14 16:30:32,309 INFO image_rx_daemon: phase_telemetry: valid=42 invalid=0 pre_f8=0 last_epoch=27 last_hop=23 slot_off=[3..17]

2026-09-14 16:30:32,311 INFO image_rx_daemon: air_gap_by_class: seq: n=39 med=199.9ms | boundary: n=3 med=495.5ms

2026-09-14 16:30:32,372 INFO image_rx_daemon: cmd 0x63 superseded while pending (after 0 attempts) — body replaced, retry budget reset

2026-09-14 16:30:32,467 INFO image_rx_daemon: frag_arrival: seq=26 idx=5 total=15 fw_us=2528768211 len=207

2026-09-14 16:30:32,668 INFO image_rx_daemon: frag_arrival: seq=26 idx=6 total=15 fw_us=2528968041 len=207

2026-09-14 16:30:32,870 INFO image_rx_daemon: frag_arrival: seq=26 idx=7 total=15 fw_us=2529167929 len=207

2026-09-14 16:30:33,075 INFO image_rx_daemon: cmd 0x63 superseded while pending (after 0 attempts) — body replaced, retry budget reset

2026-09-14 16:30:33,273 INFO image_rx_daemon: frag_arrival: seq=26 idx=8 total=15 fw_us=2529567821 len=207

2026-09-14 16:30:33,464 INFO image_rx_daemon: frag_arrival: seq=26 idx=9 total=15 fw_us=2529767797 len=207

2026-09-14 16:30:33,668 INFO image_rx_daemon: frag_arrival: seq=26 idx=10 total=15 fw_us=2529967638 len=207

2026-09-14 16:30:33,779 INFO image_rx_daemon: cmd 0x63 superseded while pending (after 0 attempts) — body replaced, retry budget reset

2026-09-14 16:30:33,868 INFO image_rx_daemon: frag_arrival: seq=26 idx=11 total=15 fw_us=2530167510 len=207

2026-09-14 16:30:34,064 INFO image_rx_daemon: frag_arrival: seq=26 idx=12 total=15 fw_us=2530367355 len=207

2026-09-14 16:30:34,264 INFO image_rx_daemon: frag_arrival: seq=26 idx=13 total=15 fw_us=2530567253 len=207

2026-09-14 16:30:34,368 INFO image_rx_daemon: frag_arrival: seq=26 idx=14 total=15 fw_us=2530679081 len=85

2026-09-14 16:30:34,371 INFO image_rx_daemon: published frame_id=0 seq=26 2923 B → lifetrac/v25/video/tile_delta

RFCO_PERTX during TX wait: profile_id=1 tx_status=0x00(OK) hop_idx=34 channel_idx=26 epoch=27 freq_hz=915750000 pkt_toa_us=20608 legal_dwell_used_us_10s=20608

2026-09-14 16:30:34,408 INFO image_rx_daemon: command TX opcode=0x60 copy=1/1 OK (on air)

2026-09-14 16:30:34,483 INFO image_rx_daemon: cmd 0x63 superseded while pending (after 0 attempts) — body replaced, retry budget reset

2026-09-14 16:30:34,864 INFO image_rx_daemon: frag_arrival: seq=27 idx=0 total=15 fw_us=2531168762 len=207

2026-09-14 16:30:35,184 INFO image_rx_daemon: cmd 0x63 superseded while pending (after 0 attempts) — body replaced, retry budget reset

2026-09-14 16:30:35,264 INFO image_rx_daemon: frag_arrival: seq=27 idx=1 total=15 fw_us=2531568396 len=207

2026-09-14 16:30:35,464 INFO image_rx_daemon: frag_arrival: seq=27 idx=2 total=15 fw_us=2531768170 len=207

2026-09-14 16:30:35,669 INFO image_rx_daemon: frag_arrival: seq=27 idx=3 total=15 fw_us=2531967952 len=207

2026-09-14 16:30:35,875 INFO image_rx_daemon: frag_arrival: seq=27 idx=4 total=15 fw_us=2532167738 len=207

2026-09-14 16:30:36,068 INFO image_rx_daemon: frag_arrival: seq=27 idx=5 total=15 fw_us=2532367537 len=207

2026-09-14 16:30:36,453 INFO image_rx_daemon: frag_arrival: seq=27 idx=7 total=15 fw_us=2532763804 len=207

2026-09-14 16:30:36,867 INFO image_rx_daemon: frag_arrival: seq=27 idx=8 total=15 fw_us=2533159825 len=207

2026-09-14 16:30:37,056 INFO image_rx_daemon: frag_arrival: seq=27 idx=9 total=15 fw_us=2533359698 len=207

2026-09-14 16:30:37,256 INFO image_rx_daemon: frag_arrival: seq=27 idx=10 total=15 fw_us=2533559519 len=207

2026-09-14 16:30:37,463 INFO image_rx_daemon: frag_arrival: seq=27 idx=11 total=15 fw_us=2533759412 len=207

2026-09-14 16:30:37,644 INFO image_rx_daemon: frag_arrival: seq=27 idx=12 total=15 fw_us=2533959341 len=207

2026-09-14 16:30:37,853 INFO image_rx_daemon: frag_arrival: seq=27 idx=13 total=15 fw_us=2534159268 len=207

2026-09-14 16:30:38,012 INFO image_rx_daemon: frag_arrival: seq=27 idx=14 total=15 fw_us=2534322908 len=155

RFCO_PERTX during TX wait: profile_id=1 tx_status=0x00(OK) hop_idx=2 channel_idx=25 epoch=28 freq_hz=915250000 pkt_toa_us=20608 legal_dwell_used_us_10s=20608

2026-09-14 16:30:38,048 INFO image_rx_daemon: command TX opcode=0x60 copy=1/1 OK (on air)

2026-09-14 16:30:38,468 INFO image_rx_daemon: frag_arrival: seq=33 idx=0 total=15 fw_us=2534764078 len=207

2026-09-14 16:30:38,863 INFO image_rx_daemon: frag_arrival: seq=33 idx=1 total=15 fw_us=2535163025 len=207

2026-09-14 16:30:39,260 INFO image_rx_daemon: frag_arrival: seq=33 idx=3 total=15 fw_us=2535562843 len=207

2026-09-14 16:30:39,464 INFO image_rx_daemon: frag_arrival: seq=33 idx=4 total=15 fw_us=2535762763 len=207

2026-09-14 16:30:39,666 INFO image_rx_daemon: frag_arrival: seq=33 idx=5 total=15 fw_us=2535962626 len=207

2026-09-14 16:30:40,259 INFO image_rx_daemon: frag_arrival: seq=33 idx=7 total=15 fw_us=2536554254 len=207

2026-09-14 16:30:40,441 INFO image_rx_daemon: frag_arrival: seq=33 idx=8 total=15 fw_us=2536755078 len=207

2026-09-14 16:30:40,648 INFO image_rx_daemon: frag_arrival: seq=33 idx=9 total=15 fw_us=2536954069 len=207

2026-09-14 16:30:40,848 INFO image_rx_daemon: frag_arrival: seq=33 idx=10 total=15 fw_us=2537153943 len=207

2026-09-14 16:30:41,060 INFO image_rx_daemon: frag_arrival: seq=33 idx=11 total=15 fw_us=2537353941 len=207

2026-09-14 16:30:41,248 INFO image_rx_daemon: frag_arrival: seq=33 idx=12 total=15 fw_us=2537553862 len=207

2026-09-14 16:30:41,455 INFO image_rx_daemon: frag_arrival: seq=33 idx=13 total=15 fw_us=2537753781 len=207

2026-09-14 16:30:41,609 INFO image_rx_daemon: frag_arrival: seq=33 idx=14 total=15 fw_us=2537909693 len=147

RFCO_PERTX during TX wait: profile_id=1 tx_status=0x00(OK) hop_idx=21 channel_idx=15 epoch=28 freq_hz=910250000 pkt_toa_us=20608 legal_dwell_used_us_10s=20608

2026-09-14 16:30:41,688 INFO image_rx_daemon: command TX opcode=0x60 copy=1/1 OK (on air)

2026-09-14 16:30:42,041 WARNING image_rx_daemon: crc_dump: irq=0x70 rx_len=215 snr=10.5 rssi=-63 dump=0101160e1c000000fe2f000e000f0c082000ffff070000000000000095093f5d4946466800000057454250565038205c0000007004009d012a200020003ec15ca74eb42523b328080280180964009d2f81fa04480010a00a9f9b468b5ad80000feed67bf38f54bb2ffccd1cfede6eb73a6ebf26ef66d89ef4e1707e461cf6df8583304bf09987ec754239d4af580006b5249464664000000574542505650382058000000b003009d012a200020003ec15aa74eb42523b328080280180964009d19a0004cebd96f8861b000fed27bf27b3b332fd5df63fe

2026-09-14 16:30:42,314 INFO image_rx_daemon: stats: rx_frames=1092 rx_decode_err=0 frames_published=34 publish_err=0 reassembler_decode_err=0 reassembler_timeouts=41 parity_recon=0 idle_drain_deferred=270 cmd_cooldown_drops=9 cmd_gate_held=0 cmd_copies_deferred=0

2026-09-14 16:30:42,315 INFO image_rx_daemon: air_gap: n=37 dt_med=199898us dt_p95=489681us len_med=207B cmd_tx_ok=72 cmd_tx_fail=0

2026-09-14 16:30:42,317 INFO image_rx_daemon: air_gap_hist(ms): <120:1 <200:26 <400:7 <1000:3

2026-09-14 16:30:42,319 INFO image_rx_daemon: rx_rf: n_rssi=37 n_snr=37 rssi[min/med/max]=-65/-62/-59 snr[min/med/max]=9.0/10.0/11.0

2026-09-14 16:30:42,321 INFO image_rx_daemon: phase_telemetry: valid=37 invalid=0 pre_f8=0 last_epoch=28 last_hop=20 slot_off=[14..18]

2026-09-14 16:30:42,323 INFO image_rx_daemon: air_gap_by_class: seq: n=32 med=199.9ms | boundary: n=2 med=489.7ms | post_loss: n=3 med=399.8ms

2026-09-14 16:30:42,324 INFO image_rx_daemon: lost_frag_idx: n=3 idx0=0 (0.00% of idx0 arrivals) other=3 (3.90%) verdict=not-clustered | top 6:2 2:1

2026-09-14 16:30:42,452 INFO image_rx_daemon: frag_arrival: seq=47 idx=1 total=15 fw_us=2538753182 len=207

2026-09-14 16:30:42,652 INFO image_rx_daemon: frag_arrival: seq=47 idx=2 total=15 fw_us=2538954078 len=207

2026-09-14 16:30:42,859 INFO image_rx_daemon: frag_arrival: seq=47 idx=3 total=15 fw_us=2539153032 len=207

2026-09-14 16:30:43,053 INFO image_rx_daemon: frag_arrival: seq=47 idx=4 total=15 fw_us=2539352919 len=207

2026-09-14 16:30:43,252 INFO image_rx_daemon: frag_arrival: seq=47 idx=5 total=15 fw_us=2539552815 len=207

2026-09-14 16:30:43,460 INFO image_rx_daemon: frag_arrival: seq=47 idx=6 total=15 fw_us=2539752729 len=207

2026-09-14 16:30:43,651 INFO image_rx_daemon: frag_arrival: seq=47 idx=7 total=15 fw_us=2539952628 len=207

2026-09-14 16:30:44,049 INFO image_rx_daemon: frag_arrival: seq=47 idx=8 total=15 fw_us=2540352291 len=207

2026-09-14 16:30:44,251 INFO image_rx_daemon: frag_arrival: seq=47 idx=9 total=15 fw_us=2540552148 len=207

2026-09-14 16:30:44,457 INFO image_rx_daemon: frag_arrival: seq=47 idx=10 total=15 fw_us=2540751991 len=207

2026-09-14 16:30:44,648 INFO image_rx_daemon: frag_arrival: seq=47 idx=11 total=15 fw_us=2540951927 len=207

2026-09-14 16:30:44,852 INFO image_rx_daemon: frag_arrival: seq=47 idx=12 total=15 fw_us=2541151834 len=207

2026-09-14 16:30:45,048 INFO image_rx_daemon: frag_arrival: seq=47 idx=13 total=15 fw_us=2541351734 len=207

2026-09-14 16:30:45,175 INFO image_rx_daemon: frag_arrival: seq=47 idx=14 total=15 fw_us=2541481757 len=111

2026-09-14 16:30:45,176 WARNING image_rx_daemon: cmd 0x60 GAVE UP after 3 attempts (12.1 s); cool-down 30 s

RFCO_PERTX during TX wait: profile_id=1 tx_status=0x00(OK) hop_idx=38 channel_idx=43 epoch=28 freq_hz=924250000 pkt_toa_us=20608 legal_dwell_used_us_10s=20608

2026-09-14 16:30:45,212 INFO image_rx_daemon: command TX opcode=0x63 copy=1/1 OK (on air)

2026-09-14 16:30:45,655 INFO image_rx_daemon: frag_arrival: seq=48 idx=0 total=15 fw_us=2541955447 len=207

2026-09-14 16:30:45,860 INFO image_rx_daemon: frag_arrival: seq=48 idx=1 total=15 fw_us=2542156838 len=207

2026-09-14 16:30:46,260 INFO image_rx_daemon: frag_arrival: seq=48 idx=2 total=15 fw_us=2542555148 len=207

2026-09-14 16:30:46,456 INFO image_rx_daemon: frag_arrival: seq=48 idx=3 total=15 fw_us=2542754981 len=207

2026-09-14 16:30:46,662 INFO image_rx_daemon: frag_arrival: seq=48 idx=4 total=15 fw_us=2542954866 len=207

2026-09-14 16:30:46,864 INFO image_rx_daemon: frag_arrival: seq=48 idx=5 total=15 fw_us=2543154710 len=207

2026-09-14 16:30:47,256 INFO image_rx_daemon: frag_arrival: seq=48 idx=7 total=15 fw_us=2543546444 len=207

2026-09-14 16:30:47,644 INFO image_rx_daemon: frag_arrival: seq=48 idx=8 total=15 fw_us=2543946268 len=207

2026-09-14 16:30:47,849 INFO image_rx_daemon: frag_arrival: seq=48 idx=9 total=15 fw_us=2544146224 len=207

2026-09-14 16:30:48,047 INFO image_rx_daemon: frag_arrival: seq=48 idx=10 total=15 fw_us=2544346185 len=207

2026-09-14 16:30:48,247 INFO image_rx_daemon: frag_arrival: seq=48 idx=11 total=15 fw_us=2544547078 len=207

2026-09-14 16:30:48,439 INFO image_rx_daemon: frag_arrival: seq=48 idx=12 total=15 fw_us=2544746015 len=207

2026-09-14 16:30:48,636 INFO image_rx_daemon: frag_arrival: seq=48 idx=13 total=15 fw_us=2544945902 len=207

