2026-08-09 07:35:12,048 INFO image_tx_daemon: opening L072 HostLink on /dev/ttymxc3 @ 921600

2026-08-09 07:35:12,051 INFO image_tx_daemon: image_tx_daemon started; mqtt=127.0.0.1:1883 uart=/dev/ttymxc3

2026-08-09 07:35:12,060 INFO image_tx_daemon: MQTT connected; subscribing to lifetrac/v25/cmd/image_frame

2026-08-09 07:35:12,065 INFO image_tx_daemon: LIFETRAC_SKIP_RESET_REQ=1 — relying on external NRST; draining boot chatter only

2026-08-09 07:35:12,082 INFO image_tx_daemon: link_budget: published n_frag=1 profile_idx=6 (profile 2)

INFO: post-VER drain queued type=0xF1 seq=0

INFO: post-VER drain queued type=0xC1 seq=0

INFO: post-VER drain queued type=0xF1 seq=0

INFO: post-VER drain queued type=0xC1 seq=0

Initializing regulatory profile 2 on co-processor...

  FHSS mask: single channel 0 (0100000000000000)

CFG_SET_REQ(FHSS_CHANNEL_MASK) OK: 07000800

CFG_SET_REQ(ANTENNA_GAIN_DBI) OK: 15000100

CFG_SET_REQ(HW_CEILING_DBM) OK: 16000100

  FHSS seed: (0,0) legacy shared permutation [set LIFETRAC_FHSS_FARM_ID / LIFETRAC_FHSS_LINK_ID to separate pairs]

CFG_SET_REQ(FHSS_FARM_ID) OK: 17000800

CFG_SET_REQ(FHSS_NODE_ID) OK: 18000800

CFG_SET_REQ(REG_PROFILE=2) OK: 14000100

  forcing FRF -> 927.500 MHz (raw=0xE7E000 -> Msb=0xE7 Mid=0xE0 Lsb=0x00)

  FRF readback: 0xE7E000 = 927.500 MHz (OK)

PHY contract OK: image_bw500 == {'sf': 7, 'bw_khz': 500, 'cr_den': 5, 'preamble': 8}

2026-08-09 07:35:12,952 INFO image_tx_daemon: LBT_ENABLE=0 (matches W1-10b TX_BURST rationale)

2026-08-09 07:35:12,975 INFO image_tx_daemon: RXCONT armed for command downlink (opmode 0x81 -> 0x85)

2026-08-09 07:35:12,975 INFO image_tx_daemon: TX worker ready (inter_cycle_s=0.050, max 8 frags/dwell)

2026-08-09 07:35:13,051 INFO image_tx_daemon: stats: goodput=0.0 B/s util=0% pipeline=v3 frames_in=0 ok=0 fail=0 drop_full=0 drop_stale=0 frags_ok=0 frags_fail=0 qdepth=0 parity_tx=0

2026-08-09 07:35:13,550 INFO image_tx_daemon: LoRa cmd: ENCODE_MODE 0

2026-08-09 07:35:14,125 INFO image_tx_daemon: LoRa cmd: ENCODE_MODE 0

2026-08-09 07:35:14,700 INFO image_tx_daemon: LoRa cmd: ENCODE_MODE 0

2026-08-09 07:35:15,275 INFO image_tx_daemon: LoRa cmd: ENCODE_MODE 0

2026-08-09 07:35:15,850 INFO image_tx_daemon: LoRa cmd: ENCODE_MODE 0

2026-08-09 07:35:16,427 INFO image_tx_daemon: LoRa cmd: ENCODE_MODE 0

2026-08-09 07:35:17,005 INFO image_tx_daemon: LoRa cmd: ENCODE_MODE 0

2026-08-09 07:35:17,581 INFO image_tx_daemon: LoRa cmd: ENCODE_MODE 0

2026-08-09 07:35:18,157 INFO image_tx_daemon: LoRa cmd: ENCODE_MODE 0

2026-08-09 07:35:18,732 INFO image_tx_daemon: LoRa cmd: ENCODE_MODE 0

2026-08-09 07:35:19,307 INFO image_tx_daemon: LoRa cmd: ENCODE_MODE 0

2026-08-09 07:35:19,882 INFO image_tx_daemon: LoRa cmd: ENCODE_MODE 0

2026-08-09 07:35:20,166 INFO image_tx_daemon: LoRa cmd: ENCODE_MODE 0

2026-08-09 07:35:20,740 INFO image_tx_daemon: LoRa cmd: ENCODE_MODE 0

2026-08-09 07:35:21,316 INFO image_tx_daemon: LoRa cmd: ENCODE_MODE 0

2026-08-09 07:35:21,891 INFO image_tx_daemon: LoRa cmd: ENCODE_MODE 0

2026-08-09 07:35:22,466 INFO image_tx_daemon: LoRa cmd: ENCODE_MODE 0

2026-08-09 07:35:23,063 INFO image_tx_daemon: stats: goodput=0.0 B/s util=0% pipeline=v3 frames_in=0 ok=0 fail=0 drop_full=0 drop_stale=0 frags_ok=0 frags_fail=0 qdepth=0 parity_tx=0

2026-08-09 07:35:29,142 INFO image_tx_daemon: txdone_arrival: seq=1 idx=0 status=0 toa_us=99904

2026-08-09 07:35:29,259 INFO image_tx_daemon: txdone_arrival: seq=1 idx=1 status=0 toa_us=99904

2026-08-09 07:35:29,376 INFO image_tx_daemon: txdone_arrival: seq=1 idx=2 status=0 toa_us=99904

2026-08-09 07:35:29,494 INFO image_tx_daemon: txdone_arrival: seq=1 idx=3 status=0 toa_us=99904

2026-08-09 07:35:29,611 INFO image_tx_daemon: txdone_arrival: seq=1 idx=4 status=0 toa_us=99904

2026-08-09 07:35:29,728 INFO image_tx_daemon: txdone_arrival: seq=1 idx=5 status=0 toa_us=99904

2026-08-09 07:35:29,845 INFO image_tx_daemon: txdone_arrival: seq=1 idx=6 status=0 toa_us=99904

2026-08-09 07:35:29,962 INFO image_tx_daemon: txdone_arrival: seq=1 idx=7 status=0 toa_us=99904

2026-08-09 07:35:30,079 INFO image_tx_daemon: txdone_arrival: seq=1 idx=8 status=0 toa_us=99904

2026-08-09 07:35:30,196 INFO image_tx_daemon: txdone_arrival: seq=1 idx=9 status=0 toa_us=99904

2026-08-09 07:35:30,313 INFO image_tx_daemon: txdone_arrival: seq=1 idx=10 status=0 toa_us=99904

2026-08-09 07:35:30,436 INFO image_tx_daemon: txdone_arrival: seq=1 idx=11 status=0 toa_us=99904

2026-08-09 07:35:30,548 INFO image_tx_daemon: txdone_arrival: seq=1 idx=12 status=0 toa_us=35904

2026-08-09 07:35:30,560 INFO image_tx_daemon: frame seq=1 done (pipelined): 13 fragments ok

2026-08-09 07:35:30,734 INFO image_tx_daemon: txdone_arrival: seq=2 idx=0 status=0 toa_us=99904

2026-08-09 07:35:30,851 INFO image_tx_daemon: txdone_arrival: seq=2 idx=1 status=0 toa_us=99904

2026-08-09 07:35:30,968 INFO image_tx_daemon: txdone_arrival: seq=2 idx=2 status=0 toa_us=99904

2026-08-09 07:35:31,085 INFO image_tx_daemon: txdone_arrival: seq=2 idx=3 status=0 toa_us=99904

2026-08-09 07:35:31,202 INFO image_tx_daemon: txdone_arrival: seq=2 idx=4 status=0 toa_us=99904

2026-08-09 07:35:31,319 INFO image_tx_daemon: txdone_arrival: seq=2 idx=5 status=0 toa_us=99904

2026-08-09 07:35:31,437 INFO image_tx_daemon: txdone_arrival: seq=2 idx=6 status=0 toa_us=99904

2026-08-09 07:35:31,554 INFO image_tx_daemon: txdone_arrival: seq=2 idx=7 status=0 toa_us=99904

2026-08-09 07:35:31,671 INFO image_tx_daemon: txdone_arrival: seq=2 idx=8 status=0 toa_us=99904

2026-08-09 07:35:31,788 INFO image_tx_daemon: txdone_arrival: seq=2 idx=9 status=0 toa_us=99904

2026-08-09 07:35:31,905 INFO image_tx_daemon: txdone_arrival: seq=2 idx=10 status=0 toa_us=99904

2026-08-09 07:35:32,028 INFO image_tx_daemon: txdone_arrival: seq=2 idx=11 status=0 toa_us=99904

2026-08-09 07:35:32,140 INFO image_tx_daemon: txdone_arrival: seq=2 idx=12 status=0 toa_us=34624

2026-08-09 07:35:32,151 INFO image_tx_daemon: frame seq=2 done (pipelined): 13 fragments ok

2026-08-09 07:35:32,326 INFO image_tx_daemon: txdone_arrival: seq=3 idx=0 status=0 toa_us=99904

2026-08-09 07:35:32,443 INFO image_tx_daemon: txdone_arrival: seq=3 idx=1 status=0 toa_us=99904

2026-08-09 07:35:32,560 INFO image_tx_daemon: txdone_arrival: seq=3 idx=2 status=0 toa_us=99904

2026-08-09 07:35:32,677 INFO image_tx_daemon: txdone_arrival: seq=3 idx=3 status=0 toa_us=99904

2026-08-09 07:35:32,794 INFO image_tx_daemon: txdone_arrival: seq=3 idx=4 status=0 toa_us=99904

2026-08-09 07:35:32,911 INFO image_tx_daemon: txdone_arrival: seq=3 idx=5 status=0 toa_us=99904

2026-08-09 07:35:33,028 INFO image_tx_daemon: txdone_arrival: seq=3 idx=6 status=0 toa_us=99904

2026-08-09 07:35:33,074 INFO image_tx_daemon: stats: goodput=778.9 B/s util=32% pipeline=v3 frames_in=9 ok=2 fail=0 drop_full=0 drop_stale=0 frags_ok=33 frags_fail=0 qdepth=4 parity_tx=0

2026-08-09 07:35:33,145 INFO image_tx_daemon: txdone_arrival: seq=3 idx=7 status=0 toa_us=99904

2026-08-09 07:35:33,262 INFO image_tx_daemon: txdone_arrival: seq=3 idx=8 status=0 toa_us=99904

2026-08-09 07:35:33,379 INFO image_tx_daemon: txdone_arrival: seq=3 idx=9 status=0 toa_us=99904

2026-08-09 07:35:33,497 INFO image_tx_daemon: txdone_arrival: seq=3 idx=10 status=0 toa_us=99904

2026-08-09 07:35:33,611 INFO image_tx_daemon: txdone_arrival: seq=3 idx=11 status=0 toa_us=99904

2026-08-09 07:35:33,731 INFO image_tx_daemon: txdone_arrival: seq=3 idx=12 status=0 toa_us=35904

2026-08-09 07:35:33,743 INFO image_tx_daemon: frame seq=3 done (pipelined): 13 fragments ok

2026-08-09 07:35:33,917 INFO image_tx_daemon: txdone_arrival: seq=4 idx=0 status=0 toa_us=99904

2026-08-09 07:35:34,034 INFO image_tx_daemon: txdone_arrival: seq=4 idx=1 status=0 toa_us=99904

2026-08-09 07:35:34,151 INFO image_tx_daemon: txdone_arrival: seq=4 idx=2 status=0 toa_us=99904

2026-08-09 07:35:34,268 INFO image_tx_daemon: txdone_arrival: seq=4 idx=3 status=0 toa_us=99904

2026-08-09 07:35:34,385 INFO image_tx_daemon: txdone_arrival: seq=4 idx=4 status=0 toa_us=99904

2026-08-09 07:35:34,502 INFO image_tx_daemon: txdone_arrival: seq=4 idx=5 status=0 toa_us=99904

2026-08-09 07:35:34,619 INFO image_tx_daemon: txdone_arrival: seq=4 idx=6 status=0 toa_us=99904

2026-08-09 07:35:34,737 INFO image_tx_daemon: txdone_arrival: seq=4 idx=7 status=0 toa_us=99904

2026-08-09 07:35:34,854 INFO image_tx_daemon: txdone_arrival: seq=4 idx=8 status=0 toa_us=99904

2026-08-09 07:35:34,971 INFO image_tx_daemon: txdone_arrival: seq=4 idx=9 status=0 toa_us=99904

2026-08-09 07:35:35,094 INFO image_tx_daemon: txdone_arrival: seq=4 idx=10 status=0 toa_us=99904

2026-08-09 07:35:35,269 INFO image_tx_daemon: txdone_arrival: seq=4 idx=11 status=0 toa_us=96064

2026-08-09 07:35:35,281 INFO image_tx_daemon: frame seq=4 done (pipelined): 12 fragments ok

2026-08-09 07:35:35,445 INFO image_tx_daemon: txdone_arrival: seq=5 idx=0 status=0 toa_us=99904

2026-08-09 07:35:35,562 INFO image_tx_daemon: txdone_arrival: seq=5 idx=1 status=0 toa_us=99904

2026-08-09 07:35:35,679 INFO image_tx_daemon: txdone_arrival: seq=5 idx=2 status=0 toa_us=99904

2026-08-09 07:35:35,796 INFO image_tx_daemon: txdone_arrival: seq=5 idx=3 status=0 toa_us=99904

2026-08-09 07:35:35,913 INFO image_tx_daemon: txdone_arrival: seq=5 idx=4 status=0 toa_us=99904

2026-08-09 07:35:36,030 INFO image_tx_daemon: txdone_arrival: seq=5 idx=5 status=0 toa_us=99904

2026-08-09 07:35:36,147 INFO image_tx_daemon: txdone_arrival: seq=5 idx=6 status=0 toa_us=99904

2026-08-09 07:35:36,264 INFO image_tx_daemon: txdone_arrival: seq=5 idx=7 status=0 toa_us=99904

2026-08-09 07:35:36,381 INFO image_tx_daemon: txdone_arrival: seq=5 idx=8 status=0 toa_us=99904

2026-08-09 07:35:36,499 INFO image_tx_daemon: txdone_arrival: seq=5 idx=9 status=0 toa_us=99904

2026-08-09 07:35:36,613 INFO image_tx_daemon: txdone_arrival: seq=5 idx=10 status=0 toa_us=99904

2026-08-09 07:35:36,807 INFO image_tx_daemon: txdone_arrival: seq=5 idx=11 status=0 toa_us=99904

2026-08-09 07:35:36,818 INFO image_tx_daemon: frame seq=5 done (pipelined): 12 fragments ok

2026-08-09 07:35:36,983 INFO image_tx_daemon: txdone_arrival: seq=7 idx=0 status=0 toa_us=99904

2026-08-09 07:35:37,100 INFO image_tx_daemon: txdone_arrival: seq=7 idx=1 status=0 toa_us=99904

2026-08-09 07:35:37,217 INFO image_tx_daemon: txdone_arrival: seq=7 idx=2 status=0 toa_us=99904

2026-08-09 07:35:37,334 INFO image_tx_daemon: txdone_arrival: seq=7 idx=3 status=0 toa_us=99904

2026-08-09 07:35:37,451 INFO image_tx_daemon: txdone_arrival: seq=7 idx=4 status=0 toa_us=99904

2026-08-09 07:35:37,568 INFO image_tx_daemon: txdone_arrival: seq=7 idx=5 status=0 toa_us=99904

2026-08-09 07:35:37,685 INFO image_tx_daemon: txdone_arrival: seq=7 idx=6 status=0 toa_us=99904

2026-08-09 07:35:37,802 INFO image_tx_daemon: txdone_arrival: seq=7 idx=7 status=0 toa_us=99904

2026-08-09 07:35:37,920 INFO image_tx_daemon: txdone_arrival: seq=7 idx=8 status=0 toa_us=99904

2026-08-09 07:35:38,037 INFO image_tx_daemon: txdone_arrival: seq=7 idx=9 status=0 toa_us=99904

2026-08-09 07:35:38,154 INFO image_tx_daemon: txdone_arrival: seq=7 idx=10 status=0 toa_us=99904

2026-08-09 07:35:38,277 INFO image_tx_daemon: txdone_arrival: seq=7 idx=11 status=0 toa_us=99904

2026-08-09 07:35:38,378 INFO image_tx_daemon: txdone_arrival: seq=7 idx=12 status=0 toa_us=32064

2026-08-09 07:35:38,389 INFO image_tx_daemon: frame seq=7 done (pipelined): 13 fragments ok

2026-08-09 07:35:38,574 INFO image_tx_daemon: txdone_arrival: seq=10 idx=0 status=0 toa_us=99904

2026-08-09 07:35:38,691 INFO image_tx_daemon: txdone_arrival: seq=10 idx=1 status=0 toa_us=99904

2026-08-09 07:35:38,809 INFO image_tx_daemon: txdone_arrival: seq=10 idx=2 status=0 toa_us=99904

2026-08-09 07:35:38,926 INFO image_tx_daemon: txdone_arrival: seq=10 idx=3 status=0 toa_us=99904

2026-08-09 07:35:39,043 INFO image_tx_daemon: txdone_arrival: seq=10 idx=4 status=0 toa_us=99904

2026-08-09 07:35:39,160 INFO image_tx_daemon: txdone_arrival: seq=10 idx=5 status=0 toa_us=99904

2026-08-09 07:35:39,277 INFO image_tx_daemon: txdone_arrival: seq=10 idx=6 status=0 toa_us=99904

2026-08-09 07:35:39,394 INFO image_tx_daemon: txdone_arrival: seq=10 idx=7 status=0 toa_us=99904

2026-08-09 07:35:39,511 INFO image_tx_daemon: txdone_arrival: seq=10 idx=8 status=0 toa_us=99904

2026-08-09 07:35:39,628 INFO image_tx_daemon: txdone_arrival: seq=10 idx=9 status=0 toa_us=99904

2026-08-09 07:35:39,745 INFO image_tx_daemon: txdone_arrival: seq=10 idx=10 status=0 toa_us=99904

2026-08-09 07:35:39,868 INFO image_tx_daemon: txdone_arrival: seq=10 idx=11 status=0 toa_us=99904

2026-08-09 07:35:39,980 INFO image_tx_daemon: txdone_arrival: seq=10 idx=12 status=0 toa_us=35904

2026-08-09 07:35:39,991 INFO image_tx_daemon: frame seq=10 done (pipelined): 13 fragments ok

2026-08-09 07:35:40,166 INFO image_tx_daemon: txdone_arrival: seq=13 idx=0 status=0 toa_us=99904

2026-08-09 07:35:40,283 INFO image_tx_daemon: txdone_arrival: seq=13 idx=1 status=0 toa_us=99904

2026-08-09 07:35:40,400 INFO image_tx_daemon: txdone_arrival: seq=13 idx=2 status=0 toa_us=99904

2026-08-09 07:35:40,517 INFO image_tx_daemon: txdone_arrival: seq=13 idx=3 status=0 toa_us=99904

2026-08-09 07:35:40,634 INFO image_tx_daemon: txdone_arrival: seq=13 idx=4 status=0 toa_us=99904

2026-08-09 07:35:40,751 INFO image_tx_daemon: txdone_arrival: seq=13 idx=5 status=0 toa_us=99904

2026-08-09 07:35:40,868 INFO image_tx_daemon: txdone_arrival: seq=13 idx=6 status=0 toa_us=99904

2026-08-09 07:35:40,985 INFO image_tx_daemon: txdone_arrival: seq=13 idx=7 status=0 toa_us=99904

2026-08-09 07:35:41,102 INFO image_tx_daemon: txdone_arrival: seq=13 idx=8 status=0 toa_us=99904

2026-08-09 07:35:41,219 INFO image_tx_daemon: txdone_arrival: seq=13 idx=9 status=0 toa_us=99904

2026-08-09 07:35:41,336 INFO image_tx_daemon: txdone_arrival: seq=13 idx=10 status=0 toa_us=99904

2026-08-09 07:35:41,460 INFO image_tx_daemon: txdone_arrival: seq=13 idx=11 status=0 toa_us=99904

2026-08-09 07:35:41,482 INFO image_tx_daemon: txdone_arrival: seq=13 idx=12 status=0 toa_us=11584

2026-08-09 07:35:41,494 INFO image_tx_daemon: frame seq=13 done (pipelined): 13 fragments ok

2026-08-09 07:35:41,700 INFO image_tx_daemon: txdone_arrival: seq=17 idx=0 status=0 toa_us=99904

2026-08-09 07:35:41,817 INFO image_tx_daemon: txdone_arrival: seq=17 idx=1 status=0 toa_us=99904

2026-08-09 07:35:41,934 INFO image_tx_daemon: txdone_arrival: seq=17 idx=2 status=0 toa_us=99904

2026-08-09 07:35:42,051 INFO image_tx_daemon: txdone_arrival: seq=17 idx=3 status=0 toa_us=99904

2026-08-09 07:35:42,168 INFO image_tx_daemon: txdone_arrival: seq=17 idx=4 status=0 toa_us=99904

2026-08-09 07:35:42,285 INFO image_tx_daemon: txdone_arrival: seq=17 idx=5 status=0 toa_us=99904

2026-08-09 07:35:42,402 INFO image_tx_daemon: txdone_arrival: seq=17 idx=6 status=0 toa_us=99904

2026-08-09 07:35:42,519 INFO image_tx_daemon: txdone_arrival: seq=17 idx=7 status=0 toa_us=99904

2026-08-09 07:35:42,636 INFO image_tx_daemon: txdone_arrival: seq=17 idx=8 status=0 toa_us=99904

2026-08-09 07:35:42,753 INFO image_tx_daemon: txdone_arrival: seq=17 idx=9 status=0 toa_us=99904

2026-08-09 07:35:42,877 INFO image_tx_daemon: txdone_arrival: seq=17 idx=10 status=0 toa_us=99904

2026-08-09 07:35:43,052 INFO image_tx_daemon: txdone_arrival: seq=17 idx=11 status=0 toa_us=90944

2026-08-09 07:35:43,063 INFO image_tx_daemon: frame seq=17 done (pipelined): 12 fragments ok

2026-08-09 07:35:43,086 INFO image_tx_daemon: stats: goodput=1917.5 B/s util=78% pipeline=v3 frames_in=29 ok=9 fail=0 drop_full=14 drop_stale=0 frags_ok=114 frags_fail=0 qdepth=4 parity_tx=0

2026-08-09 07:35:43,227 INFO image_tx_daemon: txdone_arrival: seq=20 idx=0 status=0 toa_us=99904

2026-08-09 07:35:43,345 INFO image_tx_daemon: txdone_arrival: seq=20 idx=1 status=0 toa_us=99904

2026-08-09 07:35:43,462 INFO image_tx_daemon: txdone_arrival: seq=20 idx=2 status=0 toa_us=99904

2026-08-09 07:35:43,579 INFO image_tx_daemon: txdone_arrival: seq=20 idx=3 status=0 toa_us=99904

2026-08-09 07:35:43,696 INFO image_tx_daemon: txdone_arrival: seq=20 idx=4 status=0 toa_us=99904

2026-08-09 07:35:43,813 INFO image_tx_daemon: txdone_arrival: seq=20 idx=5 status=0 toa_us=99904

2026-08-09 07:35:43,930 INFO image_tx_daemon: txdone_arrival: seq=20 idx=6 status=0 toa_us=99904

2026-08-09 07:35:44,047 INFO image_tx_daemon: txdone_arrival: seq=20 idx=7 status=0 toa_us=99904

2026-08-09 07:35:44,164 INFO image_tx_daemon: txdone_arrival: seq=20 idx=8 status=0 toa_us=99904

2026-08-09 07:35:44,281 INFO image_tx_daemon: txdone_arrival: seq=20 idx=9 status=0 toa_us=99904

2026-08-09 07:35:44,398 INFO image_tx_daemon: txdone_arrival: seq=20 idx=10 status=0 toa_us=99904

2026-08-09 07:35:44,522 INFO image_tx_daemon: txdone_arrival: seq=20 idx=11 status=0 toa_us=99904

2026-08-09 07:35:44,565 INFO image_tx_daemon: txdone_arrival: seq=20 idx=12 status=0 toa_us=26944

2026-08-09 07:35:44,577 INFO image_tx_daemon: frame seq=20 done (pipelined): 13 fragments ok

2026-08-09 07:35:44,762 INFO image_tx_daemon: txdone_arrival: seq=23 idx=0 status=0 toa_us=99904

2026-08-09 07:35:44,879 INFO image_tx_daemon: txdone_arrival: seq=23 idx=1 status=0 toa_us=99904

2026-08-09 07:35:44,996 INFO image_tx_daemon: txdone_arrival: seq=23 idx=2 status=0 toa_us=99904

2026-08-09 07:35:45,113 INFO image_tx_daemon: txdone_arrival: seq=23 idx=3 status=0 toa_us=99904

2026-08-09 07:35:45,230 INFO image_tx_daemon: txdone_arrival: seq=23 idx=4 status=0 toa_us=99904

2026-08-09 07:35:45,347 INFO image_tx_daemon: txdone_arrival: seq=23 idx=5 status=0 toa_us=99904

2026-08-09 07:35:45,464 INFO image_tx_daemon: txdone_arrival: seq=23 idx=6 status=0 toa_us=99904

2026-08-09 07:35:45,581 INFO image_tx_daemon: txdone_arrival: seq=23 idx=7 status=0 toa_us=99904

2026-08-09 07:35:45,698 INFO image_tx_daemon: txdone_arrival: seq=23 idx=8 status=0 toa_us=99904

2026-08-09 07:35:45,815 INFO image_tx_daemon: txdone_arrival: seq=23 idx=9 status=0 toa_us=99904

2026-08-09 07:35:45,932 INFO image_tx_daemon: txdone_arrival: seq=23 idx=10 status=0 toa_us=99904

2026-08-09 07:35:46,047 INFO image_tx_daemon: txdone_arrival: seq=23 idx=11 status=0 toa_us=99904

2026-08-09 07:35:46,080 INFO image_tx_daemon: txdone_arrival: seq=23 idx=12 status=0 toa_us=23104

2026-08-09 07:35:46,091 INFO image_tx_daemon: frame seq=23 done (pipelined): 13 fragments ok

2026-08-09 07:35:46,286 INFO image_tx_daemon: txdone_arrival: seq=26 idx=0 status=0 toa_us=99904

2026-08-09 07:35:46,404 INFO image_tx_daemon: txdone_arrival: seq=26 idx=1 status=0 toa_us=99904

2026-08-09 07:35:46,521 INFO image_tx_daemon: txdone_arrival: seq=26 idx=2 status=0 toa_us=99904

2026-08-09 07:35:46,638 INFO image_tx_daemon: txdone_arrival: seq=26 idx=3 status=0 toa_us=99904

2026-08-09 07:35:46,755 INFO image_tx_daemon: txdone_arrival: seq=26 idx=4 status=0 toa_us=99904

2026-08-09 07:35:46,872 INFO image_tx_daemon: txdone_arrival: seq=26 idx=5 status=0 toa_us=99904

2026-08-09 07:35:46,989 INFO image_tx_daemon: txdone_arrival: seq=26 idx=6 status=0 toa_us=99904

2026-08-09 07:35:47,106 INFO image_tx_daemon: txdone_arrival: seq=26 idx=7 status=0 toa_us=99904

2026-08-09 07:35:47,223 INFO image_tx_daemon: txdone_arrival: seq=26 idx=8 status=0 toa_us=99904

2026-08-09 07:35:47,340 INFO image_tx_daemon: txdone_arrival: seq=26 idx=9 status=0 toa_us=99904

2026-08-09 07:35:47,457 INFO image_tx_daemon: txdone_arrival: seq=26 idx=10 status=0 toa_us=99904

2026-08-09 07:35:47,581 INFO image_tx_daemon: txdone_arrival: seq=26 idx=11 status=0 toa_us=99904

2026-08-09 07:35:47,603 INFO image_tx_daemon: txdone_arrival: seq=26 idx=12 status=0 toa_us=12864

2026-08-09 07:35:47,615 INFO image_tx_daemon: frame seq=26 done (pipelined): 13 fragments ok

2026-08-09 07:35:47,821 INFO image_tx_daemon: txdone_arrival: seq=29 idx=0 status=0 toa_us=99904

2026-08-09 07:35:47,938 INFO image_tx_daemon: txdone_arrival: seq=29 idx=1 status=0 toa_us=99904

2026-08-09 07:35:48,055 INFO image_tx_daemon: txdone_arrival: seq=29 idx=2 status=0 toa_us=99904

2026-08-09 07:35:48,172 INFO image_tx_daemon: txdone_arrival: seq=29 idx=3 status=0 toa_us=99904

2026-08-09 07:35:48,289 INFO image_tx_daemon: txdone_arrival: seq=29 idx=4 status=0 toa_us=99904

2026-08-09 07:35:48,406 INFO image_tx_daemon: txdone_arrival: seq=29 idx=5 status=0 toa_us=99904

2026-08-09 07:35:48,523 INFO image_tx_daemon: txdone_arrival: seq=29 idx=6 status=0 toa_us=99904

2026-08-09 07:35:48,640 INFO image_tx_daemon: txdone_arrival: seq=29 idx=7 status=0 toa_us=99904

2026-08-09 07:35:48,757 INFO image_tx_daemon: txdone_arrival: seq=29 idx=8 status=0 toa_us=99904

2026-08-09 07:35:48,874 INFO image_tx_daemon: txdone_arrival: seq=29 idx=9 status=0 toa_us=99904

2026-08-09 07:35:48,991 INFO image_tx_daemon: txdone_arrival: seq=29 idx=10 status=0 toa_us=99904

2026-08-09 07:35:49,115 INFO image_tx_daemon: txdone_arrival: seq=29 idx=11 status=0 toa_us=99904

2026-08-09 07:35:49,226 INFO image_tx_daemon: txdone_arrival: seq=29 idx=12 status=0 toa_us=38464

2026-08-09 07:35:49,238 INFO image_tx_daemon: frame seq=29 done (pipelined): 13 fragments ok

2026-08-09 07:35:49,412 INFO image_tx_daemon: txdone_arrival: seq=32 idx=0 status=0 toa_us=99904

2026-08-09 07:35:49,529 INFO image_tx_daemon: txdone_arrival: seq=32 idx=1 status=0 toa_us=99904

2026-08-09 07:35:49,646 INFO image_tx_daemon: txdone_arrival: seq=32 idx=2 status=0 toa_us=99904

2026-08-09 07:35:49,763 INFO image_tx_daemon: txdone_arrival: seq=32 idx=3 status=0 toa_us=99904

2026-08-09 07:35:49,880 INFO image_tx_daemon: txdone_arrival: seq=32 idx=4 status=0 toa_us=99904

2026-08-09 07:35:49,998 INFO image_tx_daemon: txdone_arrival: seq=32 idx=5 status=0 toa_us=99904

2026-08-09 07:35:50,114 INFO image_tx_daemon: txdone_arrival: seq=32 idx=6 status=0 toa_us=99904

2026-08-09 07:35:50,231 INFO image_tx_daemon: txdone_arrival: seq=32 idx=7 status=0 toa_us=99904

2026-08-09 07:35:50,349 INFO image_tx_daemon: txdone_arrival: seq=32 idx=8 status=0 toa_us=99904

2026-08-09 07:35:50,466 INFO image_tx_daemon: txdone_arrival: seq=32 idx=9 status=0 toa_us=99904

2026-08-09 07:35:50,589 INFO image_tx_daemon: txdone_arrival: seq=32 idx=10 status=0 toa_us=99904

2026-08-09 07:35:50,764 INFO image_tx_daemon: txdone_arrival: seq=32 idx=11 status=0 toa_us=97344

2026-08-09 07:35:50,776 INFO image_tx_daemon: frame seq=32 done (pipelined): 12 fragments ok

2026-08-09 07:35:50,940 INFO image_tx_daemon: txdone_arrival: seq=35 idx=0 status=0 toa_us=99904

2026-08-09 07:35:51,057 INFO image_tx_daemon: txdone_arrival: seq=35 idx=1 status=0 toa_us=99904

2026-08-09 07:35:51,174 INFO image_tx_daemon: txdone_arrival: seq=35 idx=2 status=0 toa_us=99904

2026-08-09 07:35:51,291 INFO image_tx_daemon: txdone_arrival: seq=35 idx=3 status=0 toa_us=99904

2026-08-09 07:35:51,408 INFO image_tx_daemon: txdone_arrival: seq=35 idx=4 status=0 toa_us=99904

2026-08-09 07:35:51,525 INFO image_tx_daemon: txdone_arrival: seq=35 idx=5 status=0 toa_us=99904

2026-08-09 07:35:51,642 INFO image_tx_daemon: txdone_arrival: seq=35 idx=6 status=0 toa_us=99904

2026-08-09 07:35:51,759 INFO image_tx_daemon: txdone_arrival: seq=35 idx=7 status=0 toa_us=99904

2026-08-09 07:35:51,876 INFO image_tx_daemon: txdone_arrival: seq=35 idx=8 status=0 toa_us=99904

2026-08-09 07:35:51,994 INFO image_tx_daemon: txdone_arrival: seq=35 idx=9 status=0 toa_us=99904

2026-08-09 07:35:52,111 INFO image_tx_daemon: txdone_arrival: seq=35 idx=10 status=0 toa_us=99904

2026-08-09 07:35:52,234 INFO image_tx_daemon: txdone_arrival: seq=35 idx=11 status=0 toa_us=99904

2026-08-09 07:35:52,346 INFO image_tx_daemon: txdone_arrival: seq=35 idx=12 status=0 toa_us=35904

2026-08-09 07:35:52,357 INFO image_tx_daemon: frame seq=35 done (pipelined): 13 fragments ok

2026-08-09 07:35:52,532 INFO image_tx_daemon: txdone_arrival: seq=38 idx=0 status=0 toa_us=99904

2026-08-09 07:35:52,649 INFO image_tx_daemon: txdone_arrival: seq=38 idx=1 status=0 toa_us=99904

2026-08-09 07:35:52,766 INFO image_tx_daemon: txdone_arrival: seq=38 idx=2 status=0 toa_us=99904

2026-08-09 07:35:52,883 INFO image_tx_daemon: txdone_arrival: seq=38 idx=3 status=0 toa_us=99904

2026-08-09 07:35:53,000 INFO image_tx_daemon: txdone_arrival: seq=38 idx=4 status=0 toa_us=99904

2026-08-09 07:35:53,097 INFO image_tx_daemon: stats: goodput=1923.9 B/s util=78% pipeline=v3 frames_in=49 ok=15 fail=0 drop_full=27 drop_stale=0 frags_ok=196 frags_fail=0 qdepth=4 parity_tx=0

2026-08-09 07:35:53,117 INFO image_tx_daemon: txdone_arrival: seq=38 idx=5 status=0 toa_us=99904

2026-08-09 07:35:53,234 INFO image_tx_daemon: txdone_arrival: seq=38 idx=6 status=0 toa_us=99904

2026-08-09 07:35:53,351 INFO image_tx_daemon: txdone_arrival: seq=38 idx=7 status=0 toa_us=99904

2026-08-09 07:35:53,468 INFO image_tx_daemon: txdone_arrival: seq=38 idx=8 status=0 toa_us=99904

2026-08-09 07:35:53,585 INFO image_tx_daemon: txdone_arrival: seq=38 idx=9 status=0 toa_us=99904

2026-08-09 07:35:53,709 INFO image_tx_daemon: txdone_arrival: seq=38 idx=10 status=0 toa_us=99904

2026-08-09 07:35:53,883 INFO image_tx_daemon: txdone_arrival: seq=38 idx=11 status=0 toa_us=92224

2026-08-09 07:35:53,894 INFO image_tx_daemon: frame seq=38 done (pipelined): 12 fragments ok

2026-08-09 07:35:54,059 INFO image_tx_daemon: txdone_arrival: seq=41 idx=0 status=0 toa_us=99904

2026-08-09 07:35:54,176 INFO image_tx_daemon: txdone_arrival: seq=41 idx=1 status=0 toa_us=99904

2026-08-09 07:35:54,293 INFO image_tx_daemon: txdone_arrival: seq=41 idx=2 status=0 toa_us=99904

2026-08-09 07:35:54,410 INFO image_tx_daemon: txdone_arrival: seq=41 idx=3 status=0 toa_us=99904

2026-08-09 07:35:54,527 INFO image_tx_daemon: txdone_arrival: seq=41 idx=4 status=0 toa_us=99904

2026-08-09 07:35:54,644 INFO image_tx_daemon: txdone_arrival: seq=41 idx=5 status=0 toa_us=99904

2026-08-09 07:35:54,762 INFO image_tx_daemon: txdone_arrival: seq=41 idx=6 status=0 toa_us=99904

2026-08-09 07:35:54,878 INFO image_tx_daemon: txdone_arrival: seq=41 idx=7 status=0 toa_us=99904

2026-08-09 07:35:54,996 INFO image_tx_daemon: txdone_arrival: seq=41 idx=8 status=0 toa_us=99904

2026-08-09 07:35:55,113 INFO image_tx_daemon: txdone_arrival: seq=41 idx=9 status=0 toa_us=99904

2026-08-09 07:35:55,230 INFO image_tx_daemon: txdone_arrival: seq=41 idx=10 status=0 toa_us=99904

2026-08-09 07:35:55,353 INFO image_tx_daemon: txdone_arrival: seq=41 idx=11 status=0 toa_us=99904

2026-08-09 07:35:55,386 INFO image_tx_daemon: txdone_arrival: seq=41 idx=12 status=0 toa_us=17984

2026-08-09 07:35:55,397 INFO image_tx_daemon: frame seq=41 done (pipelined): 13 fragments ok

2026-08-09 07:35:55,593 INFO image_tx_daemon: txdone_arrival: seq=45 idx=0 status=0 toa_us=99904

2026-08-09 07:35:55,710 INFO image_tx_daemon: txdone_arrival: seq=45 idx=1 status=0 toa_us=99904

2026-08-09 07:35:55,827 INFO image_tx_daemon: txdone_arrival: seq=45 idx=2 status=0 toa_us=99904

2026-08-09 07:35:55,944 INFO image_tx_daemon: txdone_arrival: seq=45 idx=3 status=0 toa_us=99904

2026-08-09 07:35:56,061 INFO image_tx_daemon: txdone_arrival: seq=45 idx=4 status=0 toa_us=99904

2026-08-09 07:35:56,178 INFO image_tx_daemon: txdone_arrival: seq=45 idx=5 status=0 toa_us=99904

2026-08-09 07:35:56,295 INFO image_tx_daemon: txdone_arrival: seq=45 idx=6 status=0 toa_us=99904

2026-08-09 07:35:56,413 INFO image_tx_daemon: txdone_arrival: seq=45 idx=7 status=0 toa_us=99904

2026-08-09 07:35:56,529 INFO image_tx_daemon: txdone_arrival: seq=45 idx=8 status=0 toa_us=99904

2026-08-09 07:35:56,647 INFO image_tx_daemon: txdone_arrival: seq=45 idx=9 status=0 toa_us=99904

2026-08-09 07:35:56,764 INFO image_tx_daemon: txdone_arrival: seq=45 idx=10 status=0 toa_us=99904

2026-08-09 07:35:56,887 INFO image_tx_daemon: txdone_arrival: seq=45 idx=11 status=0 toa_us=99904

2026-08-09 07:35:56,910 INFO image_tx_daemon: txdone_arrival: seq=45 idx=12 status=0 toa_us=11584

2026-08-09 07:35:56,921 INFO image_tx_daemon: frame seq=45 done (pipelined): 13 fragments ok

2026-08-09 07:35:57,127 INFO image_tx_daemon: txdone_arrival: seq=48 idx=0 status=0 toa_us=99904

2026-08-09 07:35:57,244 INFO image_tx_daemon: txdone_arrival: seq=48 idx=1 status=0 toa_us=99904

2026-08-09 07:35:57,361 INFO image_tx_daemon: txdone_arrival: seq=48 idx=2 status=0 toa_us=99904

2026-08-09 07:35:57,478 INFO image_tx_daemon: txdone_arrival: seq=48 idx=3 status=0 toa_us=99904

2026-08-09 07:35:57,595 INFO image_tx_daemon: txdone_arrival: seq=48 idx=4 status=0 toa_us=99904

2026-08-09 07:35:57,713 INFO image_tx_daemon: txdone_arrival: seq=48 idx=5 status=0 toa_us=99904

2026-08-09 07:35:57,830 INFO image_tx_daemon: txdone_arrival: seq=48 idx=6 status=0 toa_us=99904

2026-08-09 07:35:57,947 INFO image_tx_daemon: txdone_arrival: seq=48 idx=7 status=0 toa_us=99904

2026-08-09 07:35:58,064 INFO image_tx_daemon: txdone_arrival: seq=48 idx=8 status=0 toa_us=99904

2026-08-09 07:35:58,181 INFO image_tx_daemon: txdone_arrival: seq=48 idx=9 status=0 toa_us=99904

2026-08-09 07:35:58,298 INFO image_tx_daemon: txdone_arrival: seq=48 idx=10 status=0 toa_us=99904

2026-08-09 07:35:58,421 INFO image_tx_daemon: txdone_arrival: seq=48 idx=11 status=0 toa_us=99904

2026-08-09 07:35:58,533 INFO image_tx_daemon: txdone_arrival: seq=48 idx=12 status=0 toa_us=35904

2026-08-09 07:35:58,544 INFO image_tx_daemon: frame seq=48 done (pipelined): 13 fragments ok

2026-08-09 07:35:58,719 INFO image_tx_daemon: txdone_arrival: seq=51 idx=0 status=0 toa_us=99904

2026-08-09 07:35:58,836 INFO image_tx_daemon: txdone_arrival: seq=51 idx=1 status=0 toa_us=99904

2026-08-09 07:35:58,953 INFO image_tx_daemon: txdone_arrival: seq=51 idx=2 status=0 toa_us=99904

2026-08-09 07:35:59,070 INFO image_tx_daemon: txdone_arrival: seq=51 idx=3 status=0 toa_us=99904

2026-08-09 07:35:59,187 INFO image_tx_daemon: txdone_arrival: seq=51 idx=4 status=0 toa_us=99904

2026-08-09 07:35:59,304 INFO image_tx_daemon: txdone_arrival: seq=51 idx=5 status=0 toa_us=99904

2026-08-09 07:35:59,421 INFO image_tx_daemon: txdone_arrival: seq=51 idx=6 status=0 toa_us=99904

2026-08-09 07:35:59,538 INFO image_tx_daemon: txdone_arrival: seq=51 idx=7 status=0 toa_us=99904

2026-08-09 07:35:59,655 INFO image_tx_daemon: txdone_arrival: seq=51 idx=8 status=0 toa_us=99904

2026-08-09 07:35:59,772 INFO image_tx_daemon: txdone_arrival: seq=51 idx=9 status=0 toa_us=99904

2026-08-09 07:35:59,889 INFO image_tx_daemon: txdone_arrival: seq=51 idx=10 status=0 toa_us=99904

2026-08-09 07:36:00,013 INFO image_tx_daemon: txdone_arrival: seq=51 idx=11 status=0 toa_us=99904

2026-08-09 07:36:00,114 INFO image_tx_daemon: txdone_arrival: seq=51 idx=12 status=0 toa_us=33344

2026-08-09 07:36:00,125 INFO image_tx_daemon: frame seq=51 done (pipelined): 13 fragments ok

2026-08-09 07:36:00,310 INFO image_tx_daemon: txdone_arrival: seq=54 idx=0 status=0 toa_us=99904

2026-08-09 07:36:00,427 INFO image_tx_daemon: txdone_arrival: seq=54 idx=1 status=0 toa_us=99904

2026-08-09 07:36:00,544 INFO image_tx_daemon: txdone_arrival: seq=54 idx=2 status=0 toa_us=99904

2026-08-09 07:36:00,661 INFO image_tx_daemon: txdone_arrival: seq=54 idx=3 status=0 toa_us=99904

2026-08-09 07:36:00,778 INFO image_tx_daemon: txdone_arrival: seq=54 idx=4 status=0 toa_us=99904

2026-08-09 07:36:00,895 INFO image_tx_daemon: txdone_arrival: seq=54 idx=5 status=0 toa_us=99904

2026-08-09 07:36:01,012 INFO image_tx_daemon: txdone_arrival: seq=54 idx=6 status=0 toa_us=99904

2026-08-09 07:36:01,129 INFO image_tx_daemon: txdone_arrival: seq=54 idx=7 status=0 toa_us=99904

2026-08-09 07:36:01,246 INFO image_tx_daemon: txdone_arrival: seq=54 idx=8 status=0 toa_us=99904

2026-08-09 07:36:01,363 INFO image_tx_daemon: txdone_arrival: seq=54 idx=9 status=0 toa_us=99904

2026-08-09 07:36:01,481 INFO image_tx_daemon: txdone_arrival: seq=54 idx=10 status=0 toa_us=99904

2026-08-09 07:36:01,604 INFO image_tx_daemon: txdone_arrival: seq=54 idx=11 status=0 toa_us=99904

2026-08-09 07:36:01,716 INFO image_tx_daemon: txdone_arrival: seq=54 idx=12 status=0 toa_us=38464

2026-08-09 07:36:01,727 INFO image_tx_daemon: frame seq=54 done (pipelined): 13 fragments ok

2026-08-09 07:36:01,902 INFO image_tx_daemon: txdone_arrival: seq=57 idx=0 status=0 toa_us=99904

2026-08-09 07:36:02,018 INFO image_tx_daemon: txdone_arrival: seq=57 idx=1 status=0 toa_us=99904

2026-08-09 07:36:02,136 INFO image_tx_daemon: txdone_arrival: seq=57 idx=2 status=0 toa_us=99904

2026-08-09 07:36:02,253 INFO image_tx_daemon: txdone_arrival: seq=57 idx=3 status=0 toa_us=99904

2026-08-09 07:36:02,370 INFO image_tx_daemon: txdone_arrival: seq=57 idx=4 status=0 toa_us=99904

2026-08-09 07:36:02,487 INFO image_tx_daemon: txdone_arrival: seq=57 idx=5 status=0 toa_us=99904

2026-08-09 07:36:02,604 INFO image_tx_daemon: txdone_arrival: seq=57 idx=6 status=0 toa_us=99904

2026-08-09 07:36:02,721 INFO image_tx_daemon: txdone_arrival: seq=57 idx=7 status=0 toa_us=99904

2026-08-09 07:36:02,838 INFO image_tx_daemon: txdone_arrival: seq=57 idx=8 status=0 toa_us=99904

2026-08-09 07:36:02,955 INFO image_tx_daemon: txdone_arrival: seq=57 idx=9 status=0 toa_us=99904

2026-08-09 07:36:03,072 INFO image_tx_daemon: txdone_arrival: seq=57 idx=10 status=0 toa_us=99904

2026-08-09 07:36:03,109 INFO image_tx_daemon: stats: goodput=1947.3 B/s util=79% pipeline=v3 frames_in=69 ok=21 fail=0 drop_full=41 drop_stale=0 frags_ok=279 frags_fail=0 qdepth=4 parity_tx=0

2026-08-09 07:36:03,195 INFO image_tx_daemon: txdone_arrival: seq=57 idx=11 status=0 toa_us=99904

2026-08-09 07:36:03,296 INFO image_tx_daemon: txdone_arrival: seq=57 idx=12 status=0 toa_us=32064

2026-08-09 07:36:03,308 INFO image_tx_daemon: frame seq=57 done (pipelined): 13 fragments ok

2026-08-09 07:36:03,498 INFO image_tx_daemon: txdone_arrival: seq=60 idx=0 status=0 toa_us=99904

2026-08-09 07:36:03,615 INFO image_tx_daemon: txdone_arrival: seq=60 idx=1 status=0 toa_us=99904

2026-08-09 07:36:03,732 INFO image_tx_daemon: txdone_arrival: seq=60 idx=2 status=0 toa_us=99904

2026-08-09 07:36:03,849 INFO image_tx_daemon: txdone_arrival: seq=60 idx=3 status=0 toa_us=99904

2026-08-09 07:36:03,966 INFO image_tx_daemon: txdone_arrival: seq=60 idx=4 status=0 toa_us=99904

2026-08-09 07:36:04,083 INFO image_tx_daemon: txdone_arrival: seq=60 idx=5 status=0 toa_us=99904

2026-08-09 07:36:04,200 INFO image_tx_daemon: txdone_arrival: seq=60 idx=6 status=0 toa_us=99904

2026-08-09 07:36:04,317 INFO image_tx_daemon: txdone_arrival: seq=60 idx=7 status=0 toa_us=99904

2026-08-09 07:36:04,434 INFO image_tx_daemon: txdone_arrival: seq=60 idx=8 status=0 toa_us=99904

2026-08-09 07:36:04,551 INFO image_tx_daemon: txdone_arrival: seq=60 idx=9 status=0 toa_us=99904

2026-08-09 07:36:04,675 INFO image_tx_daemon: txdone_arrival: seq=60 idx=10 status=0 toa_us=99904

2026-08-09 07:36:04,850 INFO image_tx_daemon: txdone_arrival: seq=60 idx=11 status=0 toa_us=92224

2026-08-09 07:36:04,861 INFO image_tx_daemon: frame seq=60 done (pipelined): 12 fragments ok

2026-08-09 07:36:05,026 INFO image_tx_daemon: txdone_arrival: seq=63 idx=0 status=0 toa_us=99904

2026-08-09 07:36:05,143 INFO image_tx_daemon: txdone_arrival: seq=63 idx=1 status=0 toa_us=99904

2026-08-09 07:36:05,260 INFO image_tx_daemon: txdone_arrival: seq=63 idx=2 status=0 toa_us=99904

2026-08-09 07:36:05,377 INFO image_tx_daemon: txdone_arrival: seq=63 idx=3 status=0 toa_us=99904

2026-08-09 07:36:05,494 INFO image_tx_daemon: txdone_arrival: seq=63 idx=4 status=0 toa_us=99904

2026-08-09 07:36:05,611 INFO image_tx_daemon: txdone_arrival: seq=63 idx=5 status=0 toa_us=99904

2026-08-09 07:36:05,728 INFO image_tx_daemon: txdone_arrival: seq=63 idx=6 status=0 toa_us=99904

2026-08-09 07:36:05,845 INFO image_tx_daemon: txdone_arrival: seq=63 idx=7 status=0 toa_us=99904

2026-08-09 07:36:05,962 INFO image_tx_daemon: txdone_arrival: seq=63 idx=8 status=0 toa_us=99904

2026-08-09 07:36:06,079 INFO image_tx_daemon: txdone_arrival: seq=63 idx=9 status=0 toa_us=99904

2026-08-09 07:36:06,202 INFO image_tx_daemon: txdone_arrival: seq=63 idx=10 status=0 toa_us=99904

2026-08-09 07:36:06,377 INFO image_tx_daemon: txdone_arrival: seq=63 idx=11 status=0 toa_us=94784

2026-08-09 07:36:06,389 INFO image_tx_daemon: frame seq=63 done (pipelined): 12 fragments ok

2026-08-09 07:36:06,553 INFO image_tx_daemon: txdone_arrival: seq=70 idx=0 status=0 toa_us=99904

2026-08-09 07:36:06,670 INFO image_tx_daemon: txdone_arrival: seq=70 idx=1 status=0 toa_us=99904

2026-08-09 07:36:06,787 INFO image_tx_daemon: txdone_arrival: seq=70 idx=2 status=0 toa_us=99904

2026-08-09 07:36:06,904 INFO image_tx_daemon: txdone_arrival: seq=70 idx=3 status=0 toa_us=99904

2026-08-09 07:36:07,021 INFO image_tx_daemon: txdone_arrival: seq=70 idx=4 status=0 toa_us=99904

2026-08-09 07:36:07,138 INFO image_tx_daemon: txdone_arrival: seq=70 idx=5 status=0 toa_us=99904

2026-08-09 07:36:07,255 INFO image_tx_daemon: txdone_arrival: seq=70 idx=6 status=0 toa_us=99904

2026-08-09 07:36:07,372 INFO image_tx_daemon: txdone_arrival: seq=70 idx=7 status=0 toa_us=99904

2026-08-09 07:36:07,489 INFO image_tx_daemon: txdone_arrival: seq=70 idx=8 status=0 toa_us=99904

2026-08-09 07:36:07,606 INFO image_tx_daemon: txdone_arrival: seq=70 idx=9 status=0 toa_us=99904

2026-08-09 07:36:07,730 INFO image_tx_daemon: txdone_arrival: seq=70 idx=10 status=0 toa_us=99904

2026-08-09 07:36:07,905 INFO image_tx_daemon: txdone_arrival: seq=70 idx=11 status=0 toa_us=92224

2026-08-09 07:36:07,916 INFO image_tx_daemon: frame seq=70 done (pipelined): 12 fragments ok

2026-08-09 07:36:08,081 INFO image_tx_daemon: txdone_arrival: seq=71 idx=0 status=0 toa_us=99904

2026-08-09 07:36:08,198 INFO image_tx_daemon: txdone_arrival: seq=71 idx=1 status=0 toa_us=99904

2026-08-09 07:36:08,315 INFO image_tx_daemon: txdone_arrival: seq=71 idx=2 status=0 toa_us=99904

2026-08-09 07:36:08,432 INFO image_tx_daemon: txdone_arrival: seq=71 idx=3 status=0 toa_us=99904

2026-08-09 07:36:08,553 INFO image_tx_daemon: txdone_arrival: seq=71 idx=4 status=0 toa_us=99904

2026-08-09 07:36:08,666 INFO image_tx_daemon: txdone_arrival: seq=71 idx=5 status=0 toa_us=99904

2026-08-09 07:36:08,783 INFO image_tx_daemon: txdone_arrival: seq=71 idx=6 status=0 toa_us=99904

2026-08-09 07:36:08,900 INFO image_tx_daemon: txdone_arrival: seq=71 idx=7 status=0 toa_us=99904

2026-08-09 07:36:09,017 INFO image_tx_daemon: txdone_arrival: seq=71 idx=8 status=0 toa_us=99904

2026-08-09 07:36:09,134 INFO image_tx_daemon: txdone_arrival: seq=71 idx=9 status=0 toa_us=99904

2026-08-09 07:36:09,251 INFO image_tx_daemon: txdone_arrival: seq=71 idx=10 status=0 toa_us=99904

2026-08-09 07:36:09,374 INFO image_tx_daemon: txdone_arrival: seq=71 idx=11 status=0 toa_us=99904

2026-08-09 07:36:09,476 INFO image_tx_daemon: txdone_arrival: seq=71 idx=12 status=0 toa_us=32064

2026-08-09 07:36:09,487 INFO image_tx_daemon: frame seq=71 done (pipelined): 13 fragments ok

2026-08-09 07:36:09,677 INFO image_tx_daemon: txdone_arrival: seq=73 idx=0 status=0 toa_us=99904

2026-08-09 07:36:09,795 INFO image_tx_daemon: txdone_arrival: seq=73 idx=1 status=0 toa_us=99904

2026-08-09 07:36:09,911 INFO image_tx_daemon: txdone_arrival: seq=73 idx=2 status=0 toa_us=99904

2026-08-09 07:36:10,028 INFO image_tx_daemon: txdone_arrival: seq=73 idx=3 status=0 toa_us=99904

2026-08-09 07:36:10,146 INFO image_tx_daemon: txdone_arrival: seq=73 idx=4 status=0 toa_us=99904

2026-08-09 07:36:10,263 INFO image_tx_daemon: txdone_arrival: seq=73 idx=5 status=0 toa_us=99904

2026-08-09 07:36:10,380 INFO image_tx_daemon: txdone_arrival: seq=73 idx=6 status=0 toa_us=99904

2026-08-09 07:36:10,498 INFO image_tx_daemon: txdone_arrival: seq=73 idx=7 status=0 toa_us=99904

2026-08-09 07:36:10,614 INFO image_tx_daemon: txdone_arrival: seq=73 idx=8 status=0 toa_us=99904

2026-08-09 07:36:10,731 INFO image_tx_daemon: txdone_arrival: seq=73 idx=9 status=0 toa_us=99904

2026-08-09 07:36:10,848 INFO image_tx_daemon: txdone_arrival: seq=73 idx=10 status=0 toa_us=99904

2026-08-09 07:36:10,971 INFO image_tx_daemon: txdone_arrival: seq=73 idx=11 status=0 toa_us=99904

2026-08-09 07:36:11,004 INFO image_tx_daemon: txdone_arrival: seq=73 idx=12 status=0 toa_us=17984

2026-08-09 07:36:11,016 INFO image_tx_daemon: frame seq=73 done (pipelined): 13 fragments ok

2026-08-09 07:36:11,211 INFO image_tx_daemon: txdone_arrival: seq=76 idx=0 status=0 toa_us=99904

2026-08-09 07:36:11,329 INFO image_tx_daemon: txdone_arrival: seq=76 idx=1 status=0 toa_us=99904

2026-08-09 07:36:11,445 INFO image_tx_daemon: txdone_arrival: seq=76 idx=2 status=0 toa_us=99904

2026-08-09 07:36:11,563 INFO image_tx_daemon: txdone_arrival: seq=76 idx=3 status=0 toa_us=99904

2026-08-09 07:36:11,680 INFO image_tx_daemon: txdone_arrival: seq=76 idx=4 status=0 toa_us=99904

2026-08-09 07:36:11,797 INFO image_tx_daemon: txdone_arrival: seq=76 idx=5 status=0 toa_us=99904

2026-08-09 07:36:11,914 INFO image_tx_daemon: txdone_arrival: seq=76 idx=6 status=0 toa_us=99904

2026-08-09 07:36:12,031 INFO image_tx_daemon: txdone_arrival: seq=76 idx=7 status=0 toa_us=99904

2026-08-09 07:36:12,148 INFO image_tx_daemon: txdone_arrival: seq=76 idx=8 status=0 toa_us=99904

2026-08-09 07:36:12,265 INFO image_tx_daemon: txdone_arrival: seq=76 idx=9 status=0 toa_us=99904

2026-08-09 07:36:12,382 INFO image_tx_daemon: txdone_arrival: seq=76 idx=10 status=0 toa_us=99904

2026-08-09 07:36:12,496 INFO image_tx_daemon: txdone_arrival: seq=76 idx=11 status=0 toa_us=99904

2026-08-09 07:36:12,529 INFO image_tx_daemon: txdone_arrival: seq=76 idx=12 status=0 toa_us=24384

2026-08-09 07:36:12,541 INFO image_tx_daemon: frame seq=76 done (pipelined): 13 fragments ok

2026-08-09 07:36:12,736 INFO image_tx_daemon: txdone_arrival: seq=79 idx=0 status=0 toa_us=99904

2026-08-09 07:36:12,853 INFO image_tx_daemon: txdone_arrival: seq=79 idx=1 status=0 toa_us=99904

2026-08-09 07:36:12,970 INFO image_tx_daemon: txdone_arrival: seq=79 idx=2 status=0 toa_us=99904

2026-08-09 07:36:13,087 INFO image_tx_daemon: txdone_arrival: seq=79 idx=3 status=0 toa_us=99904

2026-08-09 07:36:13,120 INFO image_tx_daemon: stats: goodput=1913.4 B/s util=78% pipeline=v3 frames_in=89 ok=28 fail=0 drop_full=54 drop_stale=0 frags_ok=360 frags_fail=0 qdepth=4 parity_tx=0

2026-08-09 07:36:13,204 INFO image_tx_daemon: txdone_arrival: seq=79 idx=4 status=0 toa_us=99904

2026-08-09 07:36:13,321 INFO image_tx_daemon: txdone_arrival: seq=79 idx=5 status=0 toa_us=99904

2026-08-09 07:36:13,438 INFO image_tx_daemon: txdone_arrival: seq=79 idx=6 status=0 toa_us=99904

2026-08-09 07:36:13,555 INFO image_tx_daemon: txdone_arrival: seq=79 idx=7 status=0 toa_us=99904

2026-08-09 07:36:13,672 INFO image_tx_daemon: txdone_arrival: seq=79 idx=8 status=0 toa_us=99904

2026-08-09 07:36:13,790 INFO image_tx_daemon: txdone_arrival: seq=79 idx=9 status=0 toa_us=99904

2026-08-09 07:36:13,907 INFO image_tx_daemon: txdone_arrival: seq=79 idx=10 status=0 toa_us=99904

2026-08-09 07:36:14,030 INFO image_tx_daemon: txdone_arrival: seq=79 idx=11 status=0 toa_us=99904

2026-08-09 07:36:14,063 INFO image_tx_daemon: txdone_arrival: seq=79 idx=12 status=0 toa_us=23104

2026-08-09 07:36:14,074 INFO image_tx_daemon: frame seq=79 done (pipelined): 13 fragments ok

2026-08-09 07:36:14,270 INFO image_tx_daemon: txdone_arrival: seq=82 idx=0 status=0 toa_us=99904

2026-08-09 07:36:14,387 INFO image_tx_daemon: txdone_arrival: seq=82 idx=1 status=0 toa_us=99904

2026-08-09 07:36:14,504 INFO image_tx_daemon: txdone_arrival: seq=82 idx=2 status=0 toa_us=99904

2026-08-09 07:36:14,621 INFO image_tx_daemon: txdone_arrival: seq=82 idx=3 status=0 toa_us=99904

2026-08-09 07:36:14,738 INFO image_tx_daemon: txdone_arrival: seq=82 idx=4 status=0 toa_us=99904

2026-08-09 07:36:14,855 INFO image_tx_daemon: txdone_arrival: seq=82 idx=5 status=0 toa_us=99904

2026-08-09 07:36:14,972 INFO image_tx_daemon: txdone_arrival: seq=82 idx=6 status=0 toa_us=99904

2026-08-09 07:36:15,089 INFO image_tx_daemon: txdone_arrival: seq=82 idx=7 status=0 toa_us=99904

2026-08-09 07:36:15,206 INFO image_tx_daemon: txdone_arrival: seq=82 idx=8 status=0 toa_us=99904

2026-08-09 07:36:15,323 INFO image_tx_daemon: txdone_arrival: seq=82 idx=9 status=0 toa_us=99904

2026-08-09 07:36:15,440 INFO image_tx_daemon: txdone_arrival: seq=82 idx=10 status=0 toa_us=99904

2026-08-09 07:36:15,564 INFO image_tx_daemon: txdone_arrival: seq=82 idx=11 status=0 toa_us=99904

2026-08-09 07:36:15,597 INFO image_tx_daemon: txdone_arrival: seq=82 idx=12 status=0 toa_us=24384

2026-08-09 07:36:15,609 INFO image_tx_daemon: frame seq=82 done (pipelined): 13 fragments ok

2026-08-09 07:36:15,804 INFO image_tx_daemon: txdone_arrival: seq=85 idx=0 status=0 toa_us=99904

2026-08-09 07:36:15,921 INFO image_tx_daemon: txdone_arrival: seq=85 idx=1 status=0 toa_us=99904

2026-08-09 07:36:16,038 INFO image_tx_daemon: txdone_arrival: seq=85 idx=2 status=0 toa_us=99904

2026-08-09 07:36:16,155 INFO image_tx_daemon: txdone_arrival: seq=85 idx=3 status=0 toa_us=99904

2026-08-09 07:36:16,272 INFO image_tx_daemon: txdone_arrival: seq=85 idx=4 status=0 toa_us=99904

2026-08-09 07:36:16,389 INFO image_tx_daemon: txdone_arrival: seq=85 idx=5 status=0 toa_us=99904

2026-08-09 07:36:16,506 INFO image_tx_daemon: txdone_arrival: seq=85 idx=6 status=0 toa_us=99904

2026-08-09 07:36:16,623 INFO image_tx_daemon: txdone_arrival: seq=85 idx=7 status=0 toa_us=99904

2026-08-09 07:36:16,740 INFO image_tx_daemon: txdone_arrival: seq=85 idx=8 status=0 toa_us=99904

2026-08-09 07:36:16,857 INFO image_tx_daemon: txdone_arrival: seq=85 idx=9 status=0 toa_us=99904

2026-08-09 07:36:16,974 INFO image_tx_daemon: txdone_arrival: seq=85 idx=10 status=0 toa_us=99904

2026-08-09 07:36:17,098 INFO image_tx_daemon: txdone_arrival: seq=85 idx=11 status=0 toa_us=99904

2026-08-09 07:36:17,209 INFO image_tx_daemon: txdone_arrival: seq=85 idx=12 status=0 toa_us=38464

2026-08-09 07:36:17,221 INFO image_tx_daemon: frame seq=85 done (pipelined): 13 fragments ok

2026-08-09 07:36:17,395 INFO image_tx_daemon: txdone_arrival: seq=91 idx=0 status=0 toa_us=99904

2026-08-09 07:36:17,512 INFO image_tx_daemon: txdone_arrival: seq=91 idx=1 status=0 toa_us=99904

2026-08-09 07:36:17,629 INFO image_tx_daemon: txdone_arrival: seq=91 idx=2 status=0 toa_us=99904

2026-08-09 07:36:17,746 INFO image_tx_daemon: txdone_arrival: seq=91 idx=3 status=0 toa_us=99904

2026-08-09 07:36:17,863 INFO image_tx_daemon: txdone_arrival: seq=91 idx=4 status=0 toa_us=99904

2026-08-09 07:36:17,980 INFO image_tx_daemon: txdone_arrival: seq=91 idx=5 status=0 toa_us=99904

2026-08-09 07:36:18,097 INFO image_tx_daemon: txdone_arrival: seq=91 idx=6 status=0 toa_us=99904

2026-08-09 07:36:18,215 INFO image_tx_daemon: txdone_arrival: seq=91 idx=7 status=0 toa_us=99904

2026-08-09 07:36:18,332 INFO image_tx_daemon: txdone_arrival: seq=91 idx=8 status=0 toa_us=99904

2026-08-09 07:36:18,449 INFO image_tx_daemon: txdone_arrival: seq=91 idx=9 status=0 toa_us=99904

2026-08-09 07:36:18,566 INFO image_tx_daemon: txdone_arrival: seq=91 idx=10 status=0 toa_us=99904

2026-08-09 07:36:18,689 INFO image_tx_daemon: txdone_arrival: seq=91 idx=11 status=0 toa_us=99904

2026-08-09 07:36:18,801 INFO image_tx_daemon: txdone_arrival: seq=91 idx=12 status=0 toa_us=38464

2026-08-09 07:36:18,812 INFO image_tx_daemon: frame seq=91 done (pipelined): 13 fragments ok

2026-08-09 07:36:18,987 INFO image_tx_daemon: txdone_arrival: seq=92 idx=0 status=0 toa_us=99904

2026-08-09 07:36:19,104 INFO image_tx_daemon: txdone_arrival: seq=92 idx=1 status=0 toa_us=99904

2026-08-09 07:36:19,221 INFO image_tx_daemon: txdone_arrival: seq=92 idx=2 status=0 toa_us=99904

2026-08-09 07:36:19,338 INFO image_tx_daemon: txdone_arrival: seq=92 idx=3 status=0 toa_us=99904

2026-08-09 07:36:19,455 INFO image_tx_daemon: txdone_arrival: seq=92 idx=4 status=0 toa_us=99904

2026-08-09 07:36:19,572 INFO image_tx_daemon: txdone_arrival: seq=92 idx=5 status=0 toa_us=99904

2026-08-09 07:36:19,689 INFO image_tx_daemon: txdone_arrival: seq=92 idx=6 status=0 toa_us=99904

2026-08-09 07:36:19,806 INFO image_tx_daemon: txdone_arrival: seq=92 idx=7 status=0 toa_us=99904

2026-08-09 07:36:19,923 INFO image_tx_daemon: txdone_arrival: seq=92 idx=8 status=0 toa_us=99904

2026-08-09 07:36:20,040 INFO image_tx_daemon: txdone_arrival: seq=92 idx=9 status=0 toa_us=99904

2026-08-09 07:36:20,163 INFO image_tx_daemon: txdone_arrival: seq=92 idx=10 status=0 toa_us=99904

2026-08-09 07:36:20,338 INFO image_tx_daemon: txdone_arrival: seq=92 idx=11 status=0 toa_us=92224

2026-08-09 07:36:20,350 INFO image_tx_daemon: frame seq=92 done (pipelined): 12 fragments ok

2026-08-09 07:36:20,514 INFO image_tx_daemon: txdone_arrival: seq=94 idx=0 status=0 toa_us=99904

2026-08-09 07:36:20,631 INFO image_tx_daemon: txdone_arrival: seq=94 idx=1 status=0 toa_us=99904

2026-08-09 07:36:20,748 INFO image_tx_daemon: txdone_arrival: seq=94 idx=2 status=0 toa_us=99904

2026-08-09 07:36:20,865 INFO image_tx_daemon: txdone_arrival: seq=94 idx=3 status=0 toa_us=99904

2026-08-09 07:36:20,982 INFO image_tx_daemon: txdone_arrival: seq=94 idx=4 status=0 toa_us=99904

2026-08-09 07:36:21,099 INFO image_tx_daemon: txdone_arrival: seq=94 idx=5 status=0 toa_us=99904

2026-08-09 07:36:21,216 INFO image_tx_daemon: txdone_arrival: seq=94 idx=6 status=0 toa_us=99904

2026-08-09 07:36:21,333 INFO image_tx_daemon: txdone_arrival: seq=94 idx=7 status=0 toa_us=99904

2026-08-09 07:36:21,451 INFO image_tx_daemon: txdone_arrival: seq=94 idx=8 status=0 toa_us=99904

2026-08-09 07:36:21,568 INFO image_tx_daemon: txdone_arrival: seq=94 idx=9 status=0 toa_us=99904

2026-08-09 07:36:21,691 INFO image_tx_daemon: txdone_arrival: seq=94 idx=10 status=0 toa_us=99904

2026-08-09 07:36:21,876 INFO image_tx_daemon: txdone_arrival: seq=94 idx=11 status=0 toa_us=99904

2026-08-09 07:36:21,888 INFO image_tx_daemon: frame seq=94 done (pipelined): 12 fragments ok

2026-08-09 07:36:22,052 INFO image_tx_daemon: txdone_arrival: seq=97 idx=0 status=0 toa_us=99904

2026-08-09 07:36:22,170 INFO image_tx_daemon: txdone_arrival: seq=97 idx=1 status=0 toa_us=99904

2026-08-09 07:36:22,286 INFO image_tx_daemon: txdone_arrival: seq=97 idx=2 status=0 toa_us=99904

2026-08-09 07:36:22,403 INFO image_tx_daemon: txdone_arrival: seq=97 idx=3 status=0 toa_us=99904

2026-08-09 07:36:22,520 INFO image_tx_daemon: txdone_arrival: seq=97 idx=4 status=0 toa_us=99904

2026-08-09 07:36:22,638 INFO image_tx_daemon: txdone_arrival: seq=97 idx=5 status=0 toa_us=99904

2026-08-09 07:36:22,755 INFO image_tx_daemon: txdone_arrival: seq=97 idx=6 status=0 toa_us=99904

2026-08-09 07:36:22,871 INFO image_tx_daemon: txdone_arrival: seq=97 idx=7 status=0 toa_us=99904

2026-08-09 07:36:22,989 INFO image_tx_daemon: txdone_arrival: seq=97 idx=8 status=0 toa_us=99904

2026-08-09 07:36:23,106 INFO image_tx_daemon: txdone_arrival: seq=97 idx=9 status=0 toa_us=99904

2026-08-09 07:36:23,132 INFO image_tx_daemon: stats: goodput=1946.1 B/s util=79% pipeline=v3 frames_in=109 ok=34 fail=0 drop_full=68 drop_stale=0 frags_ok=442 frags_fail=0 qdepth=4 parity_tx=0

2026-08-09 07:36:23,223 INFO image_tx_daemon: txdone_arrival: seq=97 idx=10 status=0 toa_us=99904

2026-08-09 07:36:23,346 INFO image_tx_daemon: txdone_arrival: seq=97 idx=11 status=0 toa_us=99904

2026-08-09 07:36:23,458 INFO image_tx_daemon: txdone_arrival: seq=97 idx=12 status=0 toa_us=35904

2026-08-09 07:36:23,469 INFO image_tx_daemon: frame seq=97 done (pipelined): 13 fragments ok

2026-08-09 07:36:23,644 INFO image_tx_daemon: txdone_arrival: seq=104 idx=0 status=0 toa_us=99904

2026-08-09 07:36:23,761 INFO image_tx_daemon: txdone_arrival: seq=104 idx=1 status=0 toa_us=99904

2026-08-09 07:36:23,878 INFO image_tx_daemon: txdone_arrival: seq=104 idx=2 status=0 toa_us=99904

2026-08-09 07:36:23,995 INFO image_tx_daemon: txdone_arrival: seq=104 idx=3 status=0 toa_us=99904

2026-08-09 07:36:24,112 INFO image_tx_daemon: txdone_arrival: seq=104 idx=4 status=0 toa_us=99904

2026-08-09 07:36:24,229 INFO image_tx_daemon: txdone_arrival: seq=104 idx=5 status=0 toa_us=99904

2026-08-09 07:36:24,346 INFO image_tx_daemon: txdone_arrival: seq=104 idx=6 status=0 toa_us=99904

2026-08-09 07:36:24,463 INFO image_tx_daemon: txdone_arrival: seq=104 idx=7 status=0 toa_us=99904

2026-08-09 07:36:24,580 INFO image_tx_daemon: txdone_arrival: seq=104 idx=8 status=0 toa_us=99904

2026-08-09 07:36:24,697 INFO image_tx_daemon: txdone_arrival: seq=104 idx=9 status=0 toa_us=99904

2026-08-09 07:36:24,814 INFO image_tx_daemon: txdone_arrival: seq=104 idx=10 status=0 toa_us=99904

2026-08-09 07:36:24,937 INFO image_tx_daemon: txdone_arrival: seq=104 idx=11 status=0 toa_us=99904

2026-08-09 07:36:25,050 INFO image_tx_daemon: txdone_arrival: seq=104 idx=12 status=0 toa_us=35904

2026-08-09 07:36:25,061 INFO image_tx_daemon: frame seq=104 done (pipelined): 13 fragments ok

2026-08-09 07:36:25,236 INFO image_tx_daemon: txdone_arrival: seq=105 idx=0 status=0 toa_us=99904

2026-08-09 07:36:25,353 INFO image_tx_daemon: txdone_arrival: seq=105 idx=1 status=0 toa_us=99904

2026-08-09 07:36:25,470 INFO image_tx_daemon: txdone_arrival: seq=105 idx=2 status=0 toa_us=99904

2026-08-09 07:36:25,587 INFO image_tx_daemon: txdone_arrival: seq=105 idx=3 status=0 toa_us=99904

2026-08-09 07:36:25,704 INFO image_tx_daemon: txdone_arrival: seq=105 idx=4 status=0 toa_us=99904

2026-08-09 07:36:25,821 INFO image_tx_daemon: txdone_arrival: seq=105 idx=5 status=0 toa_us=99904

2026-08-09 07:36:25,938 INFO image_tx_daemon: txdone_arrival: seq=105 idx=6 status=0 toa_us=99904

2026-08-09 07:36:26,055 INFO image_tx_daemon: txdone_arrival: seq=105 idx=7 status=0 toa_us=99904

2026-08-09 07:36:26,172 INFO image_tx_daemon: txdone_arrival: seq=105 idx=8 status=0 toa_us=99904

2026-08-09 07:36:26,289 INFO image_tx_daemon: txdone_arrival: seq=105 idx=9 status=0 toa_us=99904

2026-08-09 07:36:26,406 INFO image_tx_daemon: txdone_arrival: seq=105 idx=10 status=0 toa_us=99904

2026-08-09 07:36:26,530 INFO image_tx_daemon: txdone_arrival: seq=105 idx=11 status=0 toa_us=99904

2026-08-09 07:36:26,563 INFO image_tx_daemon: txdone_arrival: seq=105 idx=12 status=0 toa_us=17984

2026-08-09 07:36:26,574 INFO image_tx_daemon: frame seq=105 done (pipelined): 13 fragments ok

2026-08-09 07:36:26,770 INFO image_tx_daemon: txdone_arrival: seq=107 idx=0 status=0 toa_us=99904

2026-08-09 07:36:26,887 INFO image_tx_daemon: txdone_arrival: seq=107 idx=1 status=0 toa_us=99904

2026-08-09 07:36:27,004 INFO image_tx_daemon: txdone_arrival: seq=107 idx=2 status=0 toa_us=99904

2026-08-09 07:36:27,121 INFO image_tx_daemon: txdone_arrival: seq=107 idx=3 status=0 toa_us=99904

2026-08-09 07:36:27,238 INFO image_tx_daemon: txdone_arrival: seq=107 idx=4 status=0 toa_us=99904

2026-08-09 07:36:27,355 INFO image_tx_daemon: txdone_arrival: seq=107 idx=5 status=0 toa_us=99904

2026-08-09 07:36:27,472 INFO image_tx_daemon: txdone_arrival: seq=107 idx=6 status=0 toa_us=99904

2026-08-09 07:36:27,589 INFO image_tx_daemon: txdone_arrival: seq=107 idx=7 status=0 toa_us=99904

2026-08-09 07:36:27,706 INFO image_tx_daemon: txdone_arrival: seq=107 idx=8 status=0 toa_us=99904

2026-08-09 07:36:27,823 INFO image_tx_daemon: txdone_arrival: seq=107 idx=9 status=0 toa_us=99904

2026-08-09 07:36:27,947 INFO image_tx_daemon: txdone_arrival: seq=107 idx=10 status=0 toa_us=99904

2026-08-09 07:36:28,132 INFO image_tx_daemon: txdone_arrival: seq=107 idx=11 status=0 toa_us=99904

2026-08-09 07:36:28,143 INFO image_tx_daemon: frame seq=107 done (pipelined): 12 fragments ok

2026-08-09 07:36:28,308 INFO image_tx_daemon: txdone_arrival: seq=113 idx=0 status=0 toa_us=99904

2026-08-09 07:36:28,425 INFO image_tx_daemon: txdone_arrival: seq=113 idx=1 status=0 toa_us=99904

2026-08-09 07:36:28,542 INFO image_tx_daemon: txdone_arrival: seq=113 idx=2 status=0 toa_us=99904

2026-08-09 07:36:28,659 INFO image_tx_daemon: txdone_arrival: seq=113 idx=3 status=0 toa_us=99904

2026-08-09 07:36:28,776 INFO image_tx_daemon: txdone_arrival: seq=113 idx=4 status=0 toa_us=99904

2026-08-09 07:36:28,893 INFO image_tx_daemon: txdone_arrival: seq=113 idx=5 status=0 toa_us=99904

2026-08-09 07:36:29,010 INFO image_tx_daemon: txdone_arrival: seq=113 idx=6 status=0 toa_us=99904

2026-08-09 07:36:29,127 INFO image_tx_daemon: txdone_arrival: seq=113 idx=7 status=0 toa_us=99904

2026-08-09 07:36:29,244 INFO image_tx_daemon: txdone_arrival: seq=113 idx=8 status=0 toa_us=99904

2026-08-09 07:36:29,361 INFO image_tx_daemon: txdone_arrival: seq=113 idx=9 status=0 toa_us=99904

2026-08-09 07:36:29,484 INFO image_tx_daemon: txdone_arrival: seq=113 idx=10 status=0 toa_us=99904

2026-08-09 07:36:29,659 INFO image_tx_daemon: txdone_arrival: seq=113 idx=11 status=0 toa_us=90944

2026-08-09 07:36:29,671 INFO image_tx_daemon: frame seq=113 done (pipelined): 12 fragments ok

2026-08-09 07:36:29,835 INFO image_tx_daemon: txdone_arrival: seq=114 idx=0 status=0 toa_us=99904

2026-08-09 07:36:29,952 INFO image_tx_daemon: txdone_arrival: seq=114 idx=1 status=0 toa_us=99904

2026-08-09 07:36:30,069 INFO image_tx_daemon: txdone_arrival: seq=114 idx=2 status=0 toa_us=99904

2026-08-09 07:36:30,186 INFO image_tx_daemon: txdone_arrival: seq=114 idx=3 status=0 toa_us=99904

2026-08-09 07:36:30,303 INFO image_tx_daemon: txdone_arrival: seq=114 idx=4 status=0 toa_us=99904

2026-08-09 07:36:30,420 INFO image_tx_daemon: txdone_arrival: seq=114 idx=5 status=0 toa_us=99904

2026-08-09 07:36:30,537 INFO image_tx_daemon: txdone_arrival: seq=114 idx=6 status=0 toa_us=99904

2026-08-09 07:36:30,654 INFO image_tx_daemon: txdone_arrival: seq=114 idx=7 status=0 toa_us=99904

2026-08-09 07:36:30,771 INFO image_tx_daemon: txdone_arrival: seq=114 idx=8 status=0 toa_us=99904

2026-08-09 07:36:30,888 INFO image_tx_daemon: txdone_arrival: seq=114 idx=9 status=0 toa_us=99904

2026-08-09 07:36:31,005 INFO image_tx_daemon: txdone_arrival: seq=114 idx=10 status=0 toa_us=99904

2026-08-09 07:36:31,129 INFO image_tx_daemon: txdone_arrival: seq=114 idx=11 status=0 toa_us=99904

2026-08-09 07:36:31,162 INFO image_tx_daemon: txdone_arrival: seq=114 idx=12 status=0 toa_us=24384

2026-08-09 07:36:31,173 INFO image_tx_daemon: frame seq=114 done (pipelined): 13 fragments ok

2026-08-09 07:36:31,369 INFO image_tx_daemon: txdone_arrival: seq=116 idx=0 status=0 toa_us=99904

2026-08-09 07:36:31,486 INFO image_tx_daemon: txdone_arrival: seq=116 idx=1 status=0 toa_us=99904

2026-08-09 07:36:31,603 INFO image_tx_daemon: txdone_arrival: seq=116 idx=2 status=0 toa_us=99904

2026-08-09 07:36:31,720 INFO image_tx_daemon: txdone_arrival: seq=116 idx=3 status=0 toa_us=99904

2026-08-09 07:36:31,837 INFO image_tx_daemon: txdone_arrival: seq=116 idx=4 status=0 toa_us=99904

2026-08-09 07:36:31,954 INFO image_tx_daemon: txdone_arrival: seq=116 idx=5 status=0 toa_us=99904

2026-08-09 07:36:32,071 INFO image_tx_daemon: txdone_arrival: seq=116 idx=6 status=0 toa_us=99904

2026-08-09 07:36:32,188 INFO image_tx_daemon: txdone_arrival: seq=116 idx=7 status=0 toa_us=99904

2026-08-09 07:36:32,305 INFO image_tx_daemon: txdone_arrival: seq=116 idx=8 status=0 toa_us=99904

2026-08-09 07:36:32,422 INFO image_tx_daemon: txdone_arrival: seq=116 idx=9 status=0 toa_us=99904

2026-08-09 07:36:32,539 INFO image_tx_daemon: txdone_arrival: seq=116 idx=10 status=0 toa_us=99904

2026-08-09 07:36:32,662 INFO image_tx_daemon: txdone_arrival: seq=116 idx=11 status=0 toa_us=99904

2026-08-09 07:36:32,706 INFO image_tx_daemon: txdone_arrival: seq=116 idx=12 status=0 toa_us=26944

2026-08-09 07:36:32,717 INFO image_tx_daemon: frame seq=116 done (pipelined): 13 fragments ok

2026-08-09 07:36:32,903 INFO image_tx_daemon: txdone_arrival: seq=119 idx=0 status=0 toa_us=99904

2026-08-09 07:36:33,020 INFO image_tx_daemon: txdone_arrival: seq=119 idx=1 status=0 toa_us=99904

2026-08-09 07:36:33,137 INFO image_tx_daemon: txdone_arrival: seq=119 idx=2 status=0 toa_us=99904

2026-08-09 07:36:33,143 INFO image_tx_daemon: stats: goodput=1922.9 B/s util=78% pipeline=v3 frames_in=129 ok=41 fail=0 drop_full=81 drop_stale=0 frags_ok=524 frags_fail=0 qdepth=4 parity_tx=0

2026-08-09 07:36:33,254 INFO image_tx_daemon: txdone_arrival: seq=119 idx=3 status=0 toa_us=99904

2026-08-09 07:36:33,371 INFO image_tx_daemon: txdone_arrival: seq=119 idx=4 status=0 toa_us=99904

2026-08-09 07:36:33,488 INFO image_tx_daemon: txdone_arrival: seq=119 idx=5 status=0 toa_us=99904

2026-08-09 07:36:33,605 INFO image_tx_daemon: txdone_arrival: seq=119 idx=6 status=0 toa_us=99904

2026-08-09 07:36:33,722 INFO image_tx_daemon: txdone_arrival: seq=119 idx=7 status=0 toa_us=99904

2026-08-09 07:36:33,839 INFO image_tx_daemon: txdone_arrival: seq=119 idx=8 status=0 toa_us=99904

2026-08-09 07:36:33,956 INFO image_tx_daemon: txdone_arrival: seq=119 idx=9 status=0 toa_us=99904

2026-08-09 07:36:34,073 INFO image_tx_daemon: txdone_arrival: seq=119 idx=10 status=0 toa_us=99904

2026-08-09 07:36:34,196 INFO image_tx_daemon: txdone_arrival: seq=119 idx=11 status=0 toa_us=99904

2026-08-09 07:36:34,230 INFO image_tx_daemon: txdone_arrival: seq=119 idx=12 status=0 toa_us=23104

2026-08-09 07:36:34,241 INFO image_tx_daemon: frame seq=119 done (pipelined): 13 fragments ok

2026-08-09 07:36:34,437 INFO image_tx_daemon: txdone_arrival: seq=122 idx=0 status=0 toa_us=99904

2026-08-09 07:36:34,554 INFO image_tx_daemon: txdone_arrival: seq=122 idx=1 status=0 toa_us=99904

2026-08-09 07:36:34,671 INFO image_tx_daemon: txdone_arrival: seq=122 idx=2 status=0 toa_us=99904

2026-08-09 07:36:34,788 INFO image_tx_daemon: txdone_arrival: seq=122 idx=3 status=0 toa_us=99904

2026-08-09 07:36:34,905 INFO image_tx_daemon: txdone_arrival: seq=122 idx=4 status=0 toa_us=99904

2026-08-09 07:36:35,022 INFO image_tx_daemon: txdone_arrival: seq=122 idx=5 status=0 toa_us=99904

2026-08-09 07:36:35,139 INFO image_tx_daemon: txdone_arrival: seq=122 idx=6 status=0 toa_us=99904

2026-08-09 07:36:35,256 INFO image_tx_daemon: txdone_arrival: seq=122 idx=7 status=0 toa_us=99904

2026-08-09 07:36:35,373 INFO image_tx_daemon: txdone_arrival: seq=122 idx=8 status=0 toa_us=99904

2026-08-09 07:36:35,490 INFO image_tx_daemon: txdone_arrival: seq=122 idx=9 status=0 toa_us=99904

2026-08-09 07:36:35,607 INFO image_tx_daemon: txdone_arrival: seq=122 idx=10 status=0 toa_us=99904

2026-08-09 07:36:35,731 INFO image_tx_daemon: txdone_arrival: seq=122 idx=11 status=0 toa_us=99904

2026-08-09 07:36:35,753 INFO image_tx_daemon: txdone_arrival: seq=122 idx=12 status=0 toa_us=12864

2026-08-09 07:36:35,765 INFO image_tx_daemon: frame seq=122 done (pipelined): 13 fragments ok

2026-08-09 07:36:35,971 INFO image_tx_daemon: txdone_arrival: seq=125 idx=0 status=0 toa_us=99904

2026-08-09 07:36:36,088 INFO image_tx_daemon: txdone_arrival: seq=125 idx=1 status=0 toa_us=99904

2026-08-09 07:36:36,205 INFO image_tx_daemon: txdone_arrival: seq=125 idx=2 status=0 toa_us=99904

2026-08-09 07:36:36,322 INFO image_tx_daemon: txdone_arrival: seq=125 idx=3 status=0 toa_us=99904

2026-08-09 07:36:36,439 INFO image_tx_daemon: txdone_arrival: seq=125 idx=4 status=0 toa_us=99904

2026-08-09 07:36:36,556 INFO image_tx_daemon: txdone_arrival: seq=125 idx=5 status=0 toa_us=99904

2026-08-09 07:36:36,673 INFO image_tx_daemon: txdone_arrival: seq=125 idx=6 status=0 toa_us=99904

2026-08-09 07:36:36,790 INFO image_tx_daemon: txdone_arrival: seq=125 idx=7 status=0 toa_us=99904

2026-08-09 07:36:36,907 INFO image_tx_daemon: txdone_arrival: seq=125 idx=8 status=0 toa_us=99904

2026-08-09 07:36:37,024 INFO image_tx_daemon: txdone_arrival: seq=125 idx=9 status=0 toa_us=99904

2026-08-09 07:36:37,141 INFO image_tx_daemon: txdone_arrival: seq=125 idx=10 status=0 toa_us=99904

2026-08-09 07:36:37,265 INFO image_tx_daemon: txdone_arrival: seq=125 idx=11 status=0 toa_us=99904

2026-08-09 07:36:37,376 INFO image_tx_daemon: txdone_arrival: seq=125 idx=12 status=0 toa_us=38464

2026-08-09 07:36:37,388 INFO image_tx_daemon: frame seq=125 done (pipelined): 13 fragments ok

2026-08-09 07:36:37,562 INFO image_tx_daemon: txdone_arrival: seq=128 idx=0 status=0 toa_us=99904

2026-08-09 07:36:37,679 INFO image_tx_daemon: txdone_arrival: seq=128 idx=1 status=0 toa_us=99904

2026-08-09 07:36:37,796 INFO image_tx_daemon: txdone_arrival: seq=128 idx=2 status=0 toa_us=99904

2026-08-09 07:36:37,913 INFO image_tx_daemon: txdone_arrival: seq=128 idx=3 status=0 toa_us=99904

2026-08-09 07:36:38,030 INFO image_tx_daemon: txdone_arrival: seq=128 idx=4 status=0 toa_us=99904

2026-08-09 07:36:38,147 INFO image_tx_daemon: txdone_arrival: seq=128 idx=5 status=0 toa_us=99904

2026-08-09 07:36:38,264 INFO image_tx_daemon: txdone_arrival: seq=128 idx=6 status=0 toa_us=99904

2026-08-09 07:36:38,382 INFO image_tx_daemon: txdone_arrival: seq=128 idx=7 status=0 toa_us=99904

2026-08-09 07:36:38,499 INFO image_tx_daemon: txdone_arrival: seq=128 idx=8 status=0 toa_us=99904

2026-08-09 07:36:38,616 INFO image_tx_daemon: txdone_arrival: seq=128 idx=9 status=0 toa_us=99904

2026-08-09 07:36:38,739 INFO image_tx_daemon: txdone_arrival: seq=128 idx=10 status=0 toa_us=99904

2026-08-09 07:36:38,914 INFO image_tx_daemon: txdone_arrival: seq=128 idx=11 status=0 toa_us=97344

2026-08-09 07:36:38,925 INFO image_tx_daemon: frame seq=128 done (pipelined): 12 fragments ok

2026-08-09 07:36:39,090 INFO image_tx_daemon: txdone_arrival: seq=131 idx=0 status=0 toa_us=99904

2026-08-09 07:36:39,207 INFO image_tx_daemon: txdone_arrival: seq=131 idx=1 status=0 toa_us=99904

2026-08-09 07:36:39,324 INFO image_tx_daemon: txdone_arrival: seq=131 idx=2 status=0 toa_us=99904

2026-08-09 07:36:39,441 INFO image_tx_daemon: txdone_arrival: seq=131 idx=3 status=0 toa_us=99904

2026-08-09 07:36:39,558 INFO image_tx_daemon: txdone_arrival: seq=131 idx=4 status=0 toa_us=99904

2026-08-09 07:36:39,675 INFO image_tx_daemon: txdone_arrival: seq=131 idx=5 status=0 toa_us=99904

2026-08-09 07:36:39,792 INFO image_tx_daemon: txdone_arrival: seq=131 idx=6 status=0 toa_us=99904

2026-08-09 07:36:39,909 INFO image_tx_daemon: txdone_arrival: seq=131 idx=7 status=0 toa_us=99904

2026-08-09 07:36:40,026 INFO image_tx_daemon: txdone_arrival: seq=131 idx=8 status=0 toa_us=99904

2026-08-09 07:36:40,143 INFO image_tx_daemon: txdone_arrival: seq=131 idx=9 status=0 toa_us=99904

2026-08-09 07:36:40,260 INFO image_tx_daemon: txdone_arrival: seq=131 idx=10 status=0 toa_us=99904

2026-08-09 07:36:40,383 INFO image_tx_daemon: txdone_arrival: seq=131 idx=11 status=0 toa_us=99904

2026-08-09 07:36:40,496 INFO image_tx_daemon: txdone_arrival: seq=131 idx=12 status=0 toa_us=35904

2026-08-09 07:36:40,507 INFO image_tx_daemon: frame seq=131 done (pipelined): 13 fragments ok

2026-08-09 07:36:40,681 INFO image_tx_daemon: txdone_arrival: seq=135 idx=0 status=0 toa_us=99904

2026-08-09 07:36:40,798 INFO image_tx_daemon: txdone_arrival: seq=135 idx=1 status=0 toa_us=99904

2026-08-09 07:36:40,915 INFO image_tx_daemon: txdone_arrival: seq=135 idx=2 status=0 toa_us=99904

2026-08-09 07:36:41,032 INFO image_tx_daemon: txdone_arrival: seq=135 idx=3 status=0 toa_us=99904

2026-08-09 07:36:41,149 INFO image_tx_daemon: txdone_arrival: seq=135 idx=4 status=0 toa_us=99904

2026-08-09 07:36:41,266 INFO image_tx_daemon: txdone_arrival: seq=135 idx=5 status=0 toa_us=99904

2026-08-09 07:36:41,383 INFO image_tx_daemon: txdone_arrival: seq=135 idx=6 status=0 toa_us=99904

2026-08-09 07:36:41,500 INFO image_tx_daemon: txdone_arrival: seq=135 idx=7 status=0 toa_us=99904

2026-08-09 07:36:41,618 INFO image_tx_daemon: txdone_arrival: seq=135 idx=8 status=0 toa_us=99904

2026-08-09 07:36:41,734 INFO image_tx_daemon: txdone_arrival: seq=135 idx=9 status=0 toa_us=99904

2026-08-09 07:36:41,852 INFO image_tx_daemon: txdone_arrival: seq=135 idx=10 status=0 toa_us=99904

2026-08-09 07:36:41,975 INFO image_tx_daemon: txdone_arrival: seq=135 idx=11 status=0 toa_us=99904

2026-08-09 07:36:42,076 INFO image_tx_daemon: txdone_arrival: seq=135 idx=12 status=0 toa_us=32064

2026-08-09 07:36:42,088 INFO image_tx_daemon: frame seq=135 done (pipelined): 13 fragments ok

2026-08-09 07:36:42,272 INFO image_tx_daemon: txdone_arrival: seq=138 idx=0 status=0 toa_us=99904

2026-08-09 07:36:42,390 INFO image_tx_daemon: txdone_arrival: seq=138 idx=1 status=0 toa_us=99904

2026-08-09 07:36:42,507 INFO image_tx_daemon: txdone_arrival: seq=138 idx=2 status=0 toa_us=99904

2026-08-09 07:36:42,624 INFO image_tx_daemon: txdone_arrival: seq=138 idx=3 status=0 toa_us=99904

2026-08-09 07:36:42,741 INFO image_tx_daemon: txdone_arrival: seq=138 idx=4 status=0 toa_us=99904

2026-08-09 07:36:42,858 INFO image_tx_daemon: txdone_arrival: seq=138 idx=5 status=0 toa_us=99904

2026-08-09 07:36:42,975 INFO image_tx_daemon: txdone_arrival: seq=138 idx=6 status=0 toa_us=99904

2026-08-09 07:36:43,092 INFO image_tx_daemon: txdone_arrival: seq=138 idx=7 status=0 toa_us=99904

2026-08-09 07:36:43,156 INFO image_tx_daemon: stats: goodput=1925.3 B/s util=78% pipeline=v3 frames_in=149 ok=47 fail=0 drop_full=95 drop_stale=0 frags_ok=606 frags_fail=0 qdepth=4 parity_tx=0

2026-08-09 07:36:43,209 INFO image_tx_daemon: txdone_arrival: seq=138 idx=8 status=0 toa_us=99904

2026-08-09 07:36:43,326 INFO image_tx_daemon: txdone_arrival: seq=138 idx=9 status=0 toa_us=99904

2026-08-09 07:36:43,443 INFO image_tx_daemon: txdone_arrival: seq=138 idx=10 status=0 toa_us=99904

2026-08-09 07:36:43,557 INFO image_tx_daemon: txdone_arrival: seq=138 idx=11 status=0 toa_us=99904

2026-08-09 07:36:43,679 INFO image_tx_daemon: txdone_arrival: seq=138 idx=12 status=0 toa_us=35904

2026-08-09 07:36:43,691 INFO image_tx_daemon: frame seq=138 done (pipelined): 13 fragments ok

2026-08-09 07:36:43,864 INFO image_tx_daemon: txdone_arrival: seq=141 idx=0 status=0 toa_us=99904

2026-08-09 07:36:43,981 INFO image_tx_daemon: txdone_arrival: seq=141 idx=1 status=0 toa_us=99904

2026-08-09 07:36:44,098 INFO image_tx_daemon: txdone_arrival: seq=141 idx=2 status=0 toa_us=99904

2026-08-09 07:36:44,215 INFO image_tx_daemon: txdone_arrival: seq=141 idx=3 status=0 toa_us=99904

2026-08-09 07:36:44,332 INFO image_tx_daemon: txdone_arrival: seq=141 idx=4 status=0 toa_us=99904

2026-08-09 07:36:44,449 INFO image_tx_daemon: txdone_arrival: seq=141 idx=5 status=0 toa_us=99904

2026-08-09 07:36:44,566 INFO image_tx_daemon: txdone_arrival: seq=141 idx=6 status=0 toa_us=99904

2026-08-09 07:36:44,683 INFO image_tx_daemon: txdone_arrival: seq=141 idx=7 status=0 toa_us=99904

2026-08-09 07:36:44,800 INFO image_tx_daemon: txdone_arrival: seq=141 idx=8 status=0 toa_us=99904

2026-08-09 07:36:44,918 INFO image_tx_daemon: txdone_arrival: seq=141 idx=9 status=0 toa_us=99904

2026-08-09 07:36:45,034 INFO image_tx_daemon: txdone_arrival: seq=141 idx=10 status=0 toa_us=99904

2026-08-09 07:36:45,158 INFO image_tx_daemon: txdone_arrival: seq=141 idx=11 status=0 toa_us=99904

2026-08-09 07:36:45,180 INFO image_tx_daemon: txdone_arrival: seq=141 idx=12 status=0 toa_us=11584

2026-08-09 07:36:45,192 INFO image_tx_daemon: frame seq=141 done (pipelined): 13 fragments ok

2026-08-09 07:36:45,398 INFO image_tx_daemon: txdone_arrival: seq=144 idx=0 status=0 toa_us=99904

2026-08-09 07:36:45,515 INFO image_tx_daemon: txdone_arrival: seq=144 idx=1 status=0 toa_us=99904

2026-08-09 07:36:45,632 INFO image_tx_daemon: txdone_arrival: seq=144 idx=2 status=0 toa_us=99904

2026-08-09 07:36:45,749 INFO image_tx_daemon: txdone_arrival: seq=144 idx=3 status=0 toa_us=99904

2026-08-09 07:36:45,866 INFO image_tx_daemon: txdone_arrival: seq=144 idx=4 status=0 toa_us=99904

2026-08-09 07:36:45,983 INFO image_tx_daemon: txdone_arrival: seq=144 idx=5 status=0 toa_us=99904

2026-08-09 07:36:46,100 INFO image_tx_daemon: txdone_arrival: seq=144 idx=6 status=0 toa_us=99904

2026-08-09 07:36:46,217 INFO image_tx_daemon: txdone_arrival: seq=144 idx=7 status=0 toa_us=99904

2026-08-09 07:36:46,334 INFO image_tx_daemon: txdone_arrival: seq=144 idx=8 status=0 toa_us=99904

2026-08-09 07:36:46,451 INFO image_tx_daemon: txdone_arrival: seq=144 idx=9 status=0 toa_us=99904

2026-08-09 07:36:46,568 INFO image_tx_daemon: txdone_arrival: seq=144 idx=10 status=0 toa_us=99904

2026-08-09 07:36:46,692 INFO image_tx_daemon: txdone_arrival: seq=144 idx=11 status=0 toa_us=99904

2026-08-09 07:36:46,803 INFO image_tx_daemon: txdone_arrival: seq=144 idx=12 status=0 toa_us=35904

2026-08-09 07:36:46,815 INFO image_tx_daemon: frame seq=144 done (pipelined): 13 fragments ok

2026-08-09 07:36:46,989 INFO image_tx_daemon: txdone_arrival: seq=147 idx=0 status=0 toa_us=99904

2026-08-09 07:36:47,106 INFO image_tx_daemon: txdone_arrival: seq=147 idx=1 status=0 toa_us=99904

2026-08-09 07:36:47,223 INFO image_tx_daemon: txdone_arrival: seq=147 idx=2 status=0 toa_us=99904

2026-08-09 07:36:47,340 INFO image_tx_daemon: txdone_arrival: seq=147 idx=3 status=0 toa_us=99904

2026-08-09 07:36:47,457 INFO image_tx_daemon: txdone_arrival: seq=147 idx=4 status=0 toa_us=99904

2026-08-09 07:36:47,574 INFO image_tx_daemon: txdone_arrival: seq=147 idx=5 status=0 toa_us=99904

2026-08-09 07:36:47,691 INFO image_tx_daemon: txdone_arrival: seq=147 idx=6 status=0 toa_us=99904

2026-08-09 07:36:47,809 INFO image_tx_daemon: txdone_arrival: seq=147 idx=7 status=0 toa_us=99904

2026-08-09 07:36:47,926 INFO image_tx_daemon: txdone_arrival: seq=147 idx=8 status=0 toa_us=99904

2026-08-09 07:36:48,043 INFO image_tx_daemon: txdone_arrival: seq=147 idx=9 status=0 toa_us=99904

2026-08-09 07:36:48,160 INFO image_tx_daemon: txdone_arrival: seq=147 idx=10 status=0 toa_us=99904

2026-08-09 07:36:48,283 INFO image_tx_daemon: txdone_arrival: seq=147 idx=11 status=0 toa_us=99904

2026-08-09 07:36:48,384 INFO image_tx_daemon: txdone_arrival: seq=147 idx=12 status=0 toa_us=33344

2026-08-09 07:36:48,396 INFO image_tx_daemon: frame seq=147 done (pipelined): 13 fragments ok

2026-08-09 07:36:48,581 INFO image_tx_daemon: txdone_arrival: seq=150 idx=0 status=0 toa_us=99904

2026-08-09 07:36:48,698 INFO image_tx_daemon: txdone_arrival: seq=150 idx=1 status=0 toa_us=99904

2026-08-09 07:36:48,815 INFO image_tx_daemon: txdone_arrival: seq=150 idx=2 status=0 toa_us=99904

2026-08-09 07:36:48,932 INFO image_tx_daemon: txdone_arrival: seq=150 idx=3 status=0 toa_us=99904

2026-08-09 07:36:49,049 INFO image_tx_daemon: txdone_arrival: seq=150 idx=4 status=0 toa_us=99904

2026-08-09 07:36:49,166 INFO image_tx_daemon: txdone_arrival: seq=150 idx=5 status=0 toa_us=99904

2026-08-09 07:36:49,283 INFO image_tx_daemon: txdone_arrival: seq=150 idx=6 status=0 toa_us=99904

2026-08-09 07:36:49,400 INFO image_tx_daemon: txdone_arrival: seq=150 idx=7 status=0 toa_us=99904

2026-08-09 07:36:49,517 INFO image_tx_daemon: txdone_arrival: seq=150 idx=8 status=0 toa_us=99904

2026-08-09 07:36:49,634 INFO image_tx_daemon: txdone_arrival: seq=150 idx=9 status=0 toa_us=99904

2026-08-09 07:36:49,751 INFO image_tx_daemon: txdone_arrival: seq=150 idx=10 status=0 toa_us=99904

2026-08-09 07:36:49,875 INFO image_tx_daemon: txdone_arrival: seq=150 idx=11 status=0 toa_us=99904

2026-08-09 07:36:49,986 INFO image_tx_daemon: txdone_arrival: seq=150 idx=12 status=0 toa_us=38464

2026-08-09 07:36:49,998 INFO image_tx_daemon: frame seq=150 done (pipelined): 13 fragments ok

2026-08-09 07:36:50,177 INFO image_tx_daemon: txdone_arrival: seq=153 idx=0 status=0 toa_us=99904

2026-08-09 07:36:50,294 INFO image_tx_daemon: txdone_arrival: seq=153 idx=1 status=0 toa_us=99904

2026-08-09 07:36:50,411 INFO image_tx_daemon: txdone_arrival: seq=153 idx=2 status=0 toa_us=99904

2026-08-09 07:36:50,528 INFO image_tx_daemon: txdone_arrival: seq=153 idx=3 status=0 toa_us=99904

2026-08-09 07:36:50,645 INFO image_tx_daemon: txdone_arrival: seq=153 idx=4 status=0 toa_us=99904

2026-08-09 07:36:50,762 INFO image_tx_daemon: txdone_arrival: seq=153 idx=5 status=0 toa_us=99904

2026-08-09 07:36:50,879 INFO image_tx_daemon: txdone_arrival: seq=153 idx=6 status=0 toa_us=99904

2026-08-09 07:36:50,997 INFO image_tx_daemon: txdone_arrival: seq=153 idx=7 status=0 toa_us=99904

2026-08-09 07:36:51,113 INFO image_tx_daemon: txdone_arrival: seq=153 idx=8 status=0 toa_us=99904

2026-08-09 07:36:51,231 INFO image_tx_daemon: txdone_arrival: seq=153 idx=9 status=0 toa_us=99904

2026-08-09 07:36:51,348 INFO image_tx_daemon: txdone_arrival: seq=153 idx=10 status=0 toa_us=99904

2026-08-09 07:36:51,471 INFO image_tx_daemon: txdone_arrival: seq=153 idx=11 status=0 toa_us=99904

2026-08-09 07:36:51,572 INFO image_tx_daemon: txdone_arrival: seq=153 idx=12 status=0 toa_us=32064

2026-08-09 07:36:51,584 INFO image_tx_daemon: frame seq=153 done (pipelined): 13 fragments ok

2026-08-09 07:36:51,768 INFO image_tx_daemon: txdone_arrival: seq=157 idx=0 status=0 toa_us=99904

2026-08-09 07:36:51,886 INFO image_tx_daemon: txdone_arrival: seq=157 idx=1 status=0 toa_us=99904

2026-08-09 07:36:52,002 INFO image_tx_daemon: txdone_arrival: seq=157 idx=2 status=0 toa_us=99904

2026-08-09 07:36:52,120 INFO image_tx_daemon: txdone_arrival: seq=157 idx=3 status=0 toa_us=99904

2026-08-09 07:36:52,237 INFO image_tx_daemon: txdone_arrival: seq=157 idx=4 status=0 toa_us=99904

2026-08-09 07:36:52,354 INFO image_tx_daemon: txdone_arrival: seq=157 idx=5 status=0 toa_us=99904

2026-08-09 07:36:52,471 INFO image_tx_daemon: txdone_arrival: seq=157 idx=6 status=0 toa_us=99904

2026-08-09 07:36:52,588 INFO image_tx_daemon: txdone_arrival: seq=157 idx=7 status=0 toa_us=99904

2026-08-09 07:36:52,705 INFO image_tx_daemon: txdone_arrival: seq=157 idx=8 status=0 toa_us=99904

2026-08-09 07:36:52,822 INFO image_tx_daemon: txdone_arrival: seq=157 idx=9 status=0 toa_us=99904

2026-08-09 07:36:52,939 INFO image_tx_daemon: txdone_arrival: seq=157 idx=10 status=0 toa_us=99904

2026-08-09 07:36:53,062 INFO image_tx_daemon: txdone_arrival: seq=157 idx=11 status=0 toa_us=99904

2026-08-09 07:36:53,169 INFO image_tx_daemon: stats: goodput=1910.6 B/s util=78% pipeline=v3 frames_in=169 ok=53 fail=0 drop_full=109 drop_stale=0 frags_ok=688 frags_fail=0 qdepth=4 parity_tx=0

2026-08-09 07:36:53,174 INFO image_tx_daemon: txdone_arrival: seq=157 idx=12 status=0 toa_us=38464

2026-08-09 07:36:53,186 INFO image_tx_daemon: frame seq=157 done (pipelined): 13 fragments ok

2026-08-09 07:36:53,360 INFO image_tx_daemon: txdone_arrival: seq=160 idx=0 status=0 toa_us=99904

2026-08-09 07:36:53,477 INFO image_tx_daemon: txdone_arrival: seq=160 idx=1 status=0 toa_us=99904

2026-08-09 07:36:53,594 INFO image_tx_daemon: txdone_arrival: seq=160 idx=2 status=0 toa_us=99904

2026-08-09 07:36:53,711 INFO image_tx_daemon: txdone_arrival: seq=160 idx=3 status=0 toa_us=99904

2026-08-09 07:36:53,828 INFO image_tx_daemon: txdone_arrival: seq=160 idx=4 status=0 toa_us=99904

2026-08-09 07:36:53,945 INFO image_tx_daemon: txdone_arrival: seq=160 idx=5 status=0 toa_us=99904

2026-08-09 07:36:54,062 INFO image_tx_daemon: txdone_arrival: seq=160 idx=6 status=0 toa_us=99904

2026-08-09 07:36:54,179 INFO image_tx_daemon: txdone_arrival: seq=160 idx=7 status=0 toa_us=99904

2026-08-09 07:36:54,296 INFO image_tx_daemon: txdone_arrival: seq=160 idx=8 status=0 toa_us=99904

2026-08-09 07:36:54,414 INFO image_tx_daemon: txdone_arrival: seq=160 idx=9 status=0 toa_us=99904

2026-08-09 07:36:54,529 INFO image_tx_daemon: txdone_arrival: seq=160 idx=10 status=0 toa_us=99904

2026-08-09 07:36:54,712 INFO image_tx_daemon: txdone_arrival: seq=160 idx=11 status=0 toa_us=97344

2026-08-09 07:36:54,723 INFO image_tx_daemon: frame seq=160 done (pipelined): 12 fragments ok

2026-08-09 07:36:54,888 INFO image_tx_daemon: txdone_arrival: seq=163 idx=0 status=0 toa_us=99904

2026-08-09 07:36:55,005 INFO image_tx_daemon: txdone_arrival: seq=163 idx=1 status=0 toa_us=99904

2026-08-09 07:36:55,122 INFO image_tx_daemon: txdone_arrival: seq=163 idx=2 status=0 toa_us=99904

2026-08-09 07:36:55,239 INFO image_tx_daemon: txdone_arrival: seq=163 idx=3 status=0 toa_us=99904

2026-08-09 07:36:55,356 INFO image_tx_daemon: txdone_arrival: seq=163 idx=4 status=0 toa_us=99904

2026-08-09 07:36:55,473 INFO image_tx_daemon: txdone_arrival: seq=163 idx=5 status=0 toa_us=99904

2026-08-09 07:36:55,590 INFO image_tx_daemon: txdone_arrival: seq=163 idx=6 status=0 toa_us=99904

2026-08-09 07:36:55,707 INFO image_tx_daemon: txdone_arrival: seq=163 idx=7 status=0 toa_us=99904

2026-08-09 07:36:55,824 INFO image_tx_daemon: txdone_arrival: seq=163 idx=8 status=0 toa_us=99904

2026-08-09 07:36:55,941 INFO image_tx_daemon: txdone_arrival: seq=163 idx=9 status=0 toa_us=99904

2026-08-09 07:36:56,058 INFO image_tx_daemon: txdone_arrival: seq=163 idx=10 status=0 toa_us=99904

2026-08-09 07:36:56,181 INFO image_tx_daemon: txdone_arrival: seq=163 idx=11 status=0 toa_us=99904

2026-08-09 07:36:56,293 INFO image_tx_daemon: txdone_arrival: seq=163 idx=12 status=0 toa_us=35904

2026-08-09 07:36:56,304 INFO image_tx_daemon: frame seq=163 done (pipelined): 13 fragments ok

2026-08-09 07:36:56,479 INFO image_tx_daemon: txdone_arrival: seq=166 idx=0 status=0 toa_us=99904

2026-08-09 07:36:56,596 INFO image_tx_daemon: txdone_arrival: seq=166 idx=1 status=0 toa_us=99904

2026-08-09 07:36:56,713 INFO image_tx_daemon: txdone_arrival: seq=166 idx=2 status=0 toa_us=99904

2026-08-09 07:36:56,830 INFO image_tx_daemon: txdone_arrival: seq=166 idx=3 status=0 toa_us=99904

2026-08-09 07:36:56,947 INFO image_tx_daemon: txdone_arrival: seq=166 idx=4 status=0 toa_us=99904

2026-08-09 07:36:57,064 INFO image_tx_daemon: txdone_arrival: seq=166 idx=5 status=0 toa_us=99904

2026-08-09 07:36:57,181 INFO image_tx_daemon: txdone_arrival: seq=166 idx=6 status=0 toa_us=99904

2026-08-09 07:36:57,298 INFO image_tx_daemon: txdone_arrival: seq=166 idx=7 status=0 toa_us=99904

2026-08-09 07:36:57,415 INFO image_tx_daemon: txdone_arrival: seq=166 idx=8 status=0 toa_us=99904

2026-08-09 07:36:57,532 INFO image_tx_daemon: txdone_arrival: seq=166 idx=9 status=0 toa_us=99904

2026-08-09 07:36:57,655 INFO image_tx_daemon: txdone_arrival: seq=166 idx=10 status=0 toa_us=99904

2026-08-09 07:36:57,830 INFO image_tx_daemon: txdone_arrival: seq=166 idx=11 status=0 toa_us=92224

2026-08-09 07:36:57,842 INFO image_tx_daemon: frame seq=166 done (pipelined): 12 fragments ok

2026-08-09 07:36:58,006 INFO image_tx_daemon: txdone_arrival: seq=169 idx=0 status=0 toa_us=99904

2026-08-09 07:36:58,123 INFO image_tx_daemon: txdone_arrival: seq=169 idx=1 status=0 toa_us=99904

2026-08-09 07:36:58,240 INFO image_tx_daemon: txdone_arrival: seq=169 idx=2 status=0 toa_us=99904

2026-08-09 07:36:58,357 INFO image_tx_daemon: txdone_arrival: seq=169 idx=3 status=0 toa_us=99904

2026-08-09 07:36:58,474 INFO image_tx_daemon: txdone_arrival: seq=169 idx=4 status=0 toa_us=99904

2026-08-09 07:36:58,591 INFO image_tx_daemon: txdone_arrival: seq=169 idx=5 status=0 toa_us=99904

2026-08-09 07:36:58,708 INFO image_tx_daemon: txdone_arrival: seq=169 idx=6 status=0 toa_us=99904

2026-08-09 07:36:58,825 INFO image_tx_daemon: txdone_arrival: seq=169 idx=7 status=0 toa_us=99904

2026-08-09 07:36:58,943 INFO image_tx_daemon: txdone_arrival: seq=169 idx=8 status=0 toa_us=99904

2026-08-09 07:36:59,060 INFO image_tx_daemon: txdone_arrival: seq=169 idx=9 status=0 toa_us=99904

2026-08-09 07:36:59,177 INFO image_tx_daemon: txdone_arrival: seq=169 idx=10 status=0 toa_us=99904

2026-08-09 07:36:59,300 INFO image_tx_daemon: txdone_arrival: seq=169 idx=11 status=0 toa_us=99904

2026-08-09 07:36:59,333 INFO image_tx_daemon: txdone_arrival: seq=169 idx=12 status=0 toa_us=17984

2026-08-09 07:36:59,344 INFO image_tx_daemon: frame seq=169 done (pipelined): 13 fragments ok

2026-08-09 07:36:59,540 INFO image_tx_daemon: txdone_arrival: seq=172 idx=0 status=0 toa_us=99904

2026-08-09 07:36:59,657 INFO image_tx_daemon: txdone_arrival: seq=172 idx=1 status=0 toa_us=99904

2026-08-09 07:36:59,774 INFO image_tx_daemon: txdone_arrival: seq=172 idx=2 status=0 toa_us=99904

2026-08-09 07:36:59,891 INFO image_tx_daemon: txdone_arrival: seq=172 idx=3 status=0 toa_us=99904

2026-08-09 07:37:00,008 INFO image_tx_daemon: txdone_arrival: seq=172 idx=4 status=0 toa_us=99904

2026-08-09 07:37:00,125 INFO image_tx_daemon: txdone_arrival: seq=172 idx=5 status=0 toa_us=99904

2026-08-09 07:37:00,242 INFO image_tx_daemon: txdone_arrival: seq=172 idx=6 status=0 toa_us=99904

2026-08-09 07:37:00,360 INFO image_tx_daemon: txdone_arrival: seq=172 idx=7 status=0 toa_us=99904

2026-08-09 07:37:00,476 INFO image_tx_daemon: txdone_arrival: seq=172 idx=8 status=0 toa_us=99904

2026-08-09 07:37:00,594 INFO image_tx_daemon: txdone_arrival: seq=172 idx=9 status=0 toa_us=99904

2026-08-09 07:37:00,711 INFO image_tx_daemon: txdone_arrival: seq=172 idx=10 status=0 toa_us=99904

2026-08-09 07:37:00,834 INFO image_tx_daemon: txdone_arrival: seq=172 idx=11 status=0 toa_us=99904

2026-08-09 07:37:00,867 INFO image_tx_daemon: txdone_arrival: seq=172 idx=12 status=0 toa_us=24384

2026-08-09 07:37:00,879 INFO image_tx_daemon: frame seq=172 done (pipelined): 13 fragments ok

2026-08-09 07:37:01,074 INFO image_tx_daemon: txdone_arrival: seq=176 idx=0 status=0 toa_us=99904

2026-08-09 07:37:01,191 INFO image_tx_daemon: txdone_arrival: seq=176 idx=1 status=0 toa_us=99904

2026-08-09 07:37:01,308 INFO image_tx_daemon: txdone_arrival: seq=176 idx=2 status=0 toa_us=99904

2026-08-09 07:37:01,425 INFO image_tx_daemon: txdone_arrival: seq=176 idx=3 status=0 toa_us=99904

2026-08-09 07:37:01,542 INFO image_tx_daemon: txdone_arrival: seq=176 idx=4 status=0 toa_us=99904

2026-08-09 07:37:01,659 INFO image_tx_daemon: txdone_arrival: seq=176 idx=5 status=0 toa_us=99904

2026-08-09 07:37:01,776 INFO image_tx_daemon: txdone_arrival: seq=176 idx=6 status=0 toa_us=99904

2026-08-09 07:37:01,893 INFO image_tx_daemon: txdone_arrival: seq=176 idx=7 status=0 toa_us=99904

2026-08-09 07:37:02,010 INFO image_tx_daemon: txdone_arrival: seq=176 idx=8 status=0 toa_us=99904

2026-08-09 07:37:02,127 INFO image_tx_daemon: txdone_arrival: seq=176 idx=9 status=0 toa_us=99904

2026-08-09 07:37:02,245 INFO image_tx_daemon: txdone_arrival: seq=176 idx=10 status=0 toa_us=99904

2026-08-09 07:37:02,368 INFO image_tx_daemon: txdone_arrival: seq=176 idx=11 status=0 toa_us=99904

2026-08-09 07:37:02,480 INFO image_tx_daemon: txdone_arrival: seq=176 idx=12 status=0 toa_us=35904

2026-08-09 07:37:02,492 INFO image_tx_daemon: frame seq=176 done (pipelined): 13 fragments ok

2026-08-09 07:37:02,666 INFO image_tx_daemon: txdone_arrival: seq=179 idx=0 status=0 toa_us=99904

2026-08-09 07:37:02,782 INFO image_tx_daemon: txdone_arrival: seq=179 idx=1 status=0 toa_us=99904

2026-08-09 07:37:02,900 INFO image_tx_daemon: txdone_arrival: seq=179 idx=2 status=0 toa_us=99904

2026-08-09 07:37:03,017 INFO image_tx_daemon: txdone_arrival: seq=179 idx=3 status=0 toa_us=99904

2026-08-09 07:37:03,134 INFO image_tx_daemon: txdone_arrival: seq=179 idx=4 status=0 toa_us=99904

2026-08-09 07:37:03,182 INFO image_tx_daemon: stats: goodput=1925.8 B/s util=78% pipeline=v3 frames_in=189 ok=60 fail=0 drop_full=122 drop_stale=0 frags_ok=770 frags_fail=0 qdepth=4 parity_tx=0

2026-08-09 07:37:03,251 INFO image_tx_daemon: txdone_arrival: seq=179 idx=5 status=0 toa_us=99904

2026-08-09 07:37:03,368 INFO image_tx_daemon: txdone_arrival: seq=179 idx=6 status=0 toa_us=99904

2026-08-09 07:37:03,485 INFO image_tx_daemon: txdone_arrival: seq=179 idx=7 status=0 toa_us=99904

2026-08-09 07:37:03,602 INFO image_tx_daemon: txdone_arrival: seq=179 idx=8 status=0 toa_us=99904

2026-08-09 07:37:03,719 INFO image_tx_daemon: txdone_arrival: seq=179 idx=9 status=0 toa_us=99904

2026-08-09 07:37:03,836 INFO image_tx_daemon: txdone_arrival: seq=179 idx=10 status=0 toa_us=99904

2026-08-09 07:37:03,959 INFO image_tx_daemon: txdone_arrival: seq=179 idx=11 status=0 toa_us=99904

2026-08-09 07:37:04,060 INFO image_tx_daemon: txdone_arrival: seq=179 idx=12 status=0 toa_us=33344

2026-08-09 07:37:04,072 INFO image_tx_daemon: frame seq=179 done (pipelined): 13 fragments ok

2026-08-09 07:37:04,257 INFO image_tx_daemon: txdone_arrival: seq=182 idx=0 status=0 toa_us=99904

2026-08-09 07:37:04,374 INFO image_tx_daemon: txdone_arrival: seq=182 idx=1 status=0 toa_us=99904

2026-08-09 07:37:04,491 INFO image_tx_daemon: txdone_arrival: seq=182 idx=2 status=0 toa_us=99904

2026-08-09 07:37:04,608 INFO image_tx_daemon: txdone_arrival: seq=182 idx=3 status=0 toa_us=99904

2026-08-09 07:37:04,725 INFO image_tx_daemon: txdone_arrival: seq=182 idx=4 status=0 toa_us=99904

2026-08-09 07:37:04,842 INFO image_tx_daemon: txdone_arrival: seq=182 idx=5 status=0 toa_us=99904

2026-08-09 07:37:04,959 INFO image_tx_daemon: txdone_arrival: seq=182 idx=6 status=0 toa_us=99904

2026-08-09 07:37:05,076 INFO image_tx_daemon: txdone_arrival: seq=182 idx=7 status=0 toa_us=99904

2026-08-09 07:37:05,193 INFO image_tx_daemon: txdone_arrival: seq=182 idx=8 status=0 toa_us=99904

2026-08-09 07:37:05,310 INFO image_tx_daemon: txdone_arrival: seq=182 idx=9 status=0 toa_us=99904

2026-08-09 07:37:05,427 INFO image_tx_daemon: txdone_arrival: seq=182 idx=10 status=0 toa_us=99904

2026-08-09 07:37:05,551 INFO image_tx_daemon: txdone_arrival: seq=182 idx=11 status=0 toa_us=99904

2026-08-09 07:37:05,662 INFO image_tx_daemon: txdone_arrival: seq=182 idx=12 status=0 toa_us=38464

2026-08-09 07:37:05,674 INFO image_tx_daemon: frame seq=182 done (pipelined): 13 fragments ok

2026-08-09 07:37:05,848 INFO image_tx_daemon: txdone_arrival: seq=185 idx=0 status=0 toa_us=99904

2026-08-09 07:37:05,965 INFO image_tx_daemon: txdone_arrival: seq=185 idx=1 status=0 toa_us=99904

2026-08-09 07:37:06,082 INFO image_tx_daemon: txdone_arrival: seq=185 idx=2 status=0 toa_us=99904

2026-08-09 07:37:06,199 INFO image_tx_daemon: txdone_arrival: seq=185 idx=3 status=0 toa_us=99904

2026-08-09 07:37:06,316 INFO image_tx_daemon: txdone_arrival: seq=185 idx=4 status=0 toa_us=99904

2026-08-09 07:37:06,433 INFO image_tx_daemon: txdone_arrival: seq=185 idx=5 status=0 toa_us=99904

2026-08-09 07:37:06,550 INFO image_tx_daemon: txdone_arrival: seq=185 idx=6 status=0 toa_us=99904

2026-08-09 07:37:06,667 INFO image_tx_daemon: txdone_arrival: seq=185 idx=7 status=0 toa_us=99904

2026-08-09 07:37:06,785 INFO image_tx_daemon: txdone_arrival: seq=185 idx=8 status=0 toa_us=99904

2026-08-09 07:37:06,902 INFO image_tx_daemon: txdone_arrival: seq=185 idx=9 status=0 toa_us=99904

2026-08-09 07:37:07,019 INFO image_tx_daemon: txdone_arrival: seq=185 idx=10 status=0 toa_us=99904

2026-08-09 07:37:07,142 INFO image_tx_daemon: txdone_arrival: seq=185 idx=11 status=0 toa_us=99904

2026-08-09 07:37:07,243 INFO image_tx_daemon: txdone_arrival: seq=185 idx=12 status=0 toa_us=32064

2026-08-09 07:37:07,254 INFO image_tx_daemon: frame seq=185 done (pipelined): 13 fragments ok

2026-08-09 07:37:07,439 INFO image_tx_daemon: txdone_arrival: seq=188 idx=0 status=0 toa_us=99904

2026-08-09 07:37:07,556 INFO image_tx_daemon: txdone_arrival: seq=188 idx=1 status=0 toa_us=99904

2026-08-09 07:37:07,673 INFO image_tx_daemon: txdone_arrival: seq=188 idx=2 status=0 toa_us=99904

2026-08-09 07:37:07,790 INFO image_tx_daemon: txdone_arrival: seq=188 idx=3 status=0 toa_us=99904

2026-08-09 07:37:07,907 INFO image_tx_daemon: txdone_arrival: seq=188 idx=4 status=0 toa_us=99904

2026-08-09 07:37:08,025 INFO image_tx_daemon: txdone_arrival: seq=188 idx=5 status=0 toa_us=99904

2026-08-09 07:37:08,142 INFO image_tx_daemon: txdone_arrival: seq=188 idx=6 status=0 toa_us=99904

2026-08-09 07:37:08,259 INFO image_tx_daemon: txdone_arrival: seq=188 idx=7 status=0 toa_us=99904

2026-08-09 07:37:08,376 INFO image_tx_daemon: txdone_arrival: seq=188 idx=8 status=0 toa_us=99904

2026-08-09 07:37:08,493 INFO image_tx_daemon: txdone_arrival: seq=188 idx=9 status=0 toa_us=99904

2026-08-09 07:37:08,610 INFO image_tx_daemon: txdone_arrival: seq=188 idx=10 status=0 toa_us=99904

2026-08-09 07:37:08,791 INFO image_tx_daemon: txdone_arrival: seq=188 idx=11 status=0 toa_us=92224

2026-08-09 07:37:08,802 INFO image_tx_daemon: frame seq=188 done (pipelined): 12 fragments ok

2026-08-09 07:37:08,967 INFO image_tx_daemon: txdone_arrival: seq=191 idx=0 status=0 toa_us=99904

2026-08-09 07:37:09,084 INFO image_tx_daemon: txdone_arrival: seq=191 idx=1 status=0 toa_us=99904

2026-08-09 07:37:09,201 INFO image_tx_daemon: txdone_arrival: seq=191 idx=2 status=0 toa_us=99904

2026-08-09 07:37:09,318 INFO image_tx_daemon: txdone_arrival: seq=191 idx=3 status=0 toa_us=99904

2026-08-09 07:37:09,435 INFO image_tx_daemon: txdone_arrival: seq=191 idx=4 status=0 toa_us=99904

2026-08-09 07:37:09,552 INFO image_tx_daemon: txdone_arrival: seq=191 idx=5 status=0 toa_us=99904

2026-08-09 07:37:09,669 INFO image_tx_daemon: txdone_arrival: seq=191 idx=6 status=0 toa_us=99904

2026-08-09 07:37:09,786 INFO image_tx_daemon: txdone_arrival: seq=191 idx=7 status=0 toa_us=99904

2026-08-09 07:37:09,903 INFO image_tx_daemon: txdone_arrival: seq=191 idx=8 status=0 toa_us=99904

2026-08-09 07:37:10,020 INFO image_tx_daemon: txdone_arrival: seq=191 idx=9 status=0 toa_us=99904

2026-08-09 07:37:10,143 INFO image_tx_daemon: txdone_arrival: seq=191 idx=10 status=0 toa_us=99904

2026-08-09 07:37:10,318 INFO image_tx_daemon: txdone_arrival: seq=191 idx=11 status=0 toa_us=94784

2026-08-09 07:37:10,330 INFO image_tx_daemon: frame seq=191 done (pipelined): 12 fragments ok

2026-08-09 07:37:10,494 INFO image_tx_daemon: txdone_arrival: seq=197 idx=0 status=0 toa_us=99904

2026-08-09 07:37:10,611 INFO image_tx_daemon: txdone_arrival: seq=197 idx=1 status=0 toa_us=99904

2026-08-09 07:37:10,739 INFO image_tx_daemon: txdone_arrival: seq=197 idx=2 status=0 toa_us=99904

2026-08-09 07:37:10,845 INFO image_tx_daemon: txdone_arrival: seq=197 idx=3 status=0 toa_us=99904

2026-08-09 07:37:10,962 INFO image_tx_daemon: txdone_arrival: seq=197 idx=4 status=0 toa_us=99904

2026-08-09 07:37:11,079 INFO image_tx_daemon: txdone_arrival: seq=197 idx=5 status=0 toa_us=99904

2026-08-09 07:37:11,197 INFO image_tx_daemon: txdone_arrival: seq=197 idx=6 status=0 toa_us=99904

2026-08-09 07:37:11,313 INFO image_tx_daemon: txdone_arrival: seq=197 idx=7 status=0 toa_us=99904

2026-08-09 07:37:11,431 INFO image_tx_daemon: txdone_arrival: seq=197 idx=8 status=0 toa_us=99904

2026-08-09 07:37:11,548 INFO image_tx_daemon: txdone_arrival: seq=197 idx=9 status=0 toa_us=99904

2026-08-09 07:37:11,671 INFO image_tx_daemon: txdone_arrival: seq=197 idx=10 status=0 toa_us=99904

2026-08-09 07:37:11,866 INFO image_tx_daemon: txdone_arrival: seq=197 idx=11 status=0 toa_us=99904

2026-08-09 07:37:11,878 INFO image_tx_daemon: frame seq=197 done (pipelined): 12 fragments ok

2026-08-09 07:37:12,042 INFO image_tx_daemon: txdone_arrival: seq=198 idx=0 status=0 toa_us=99904

2026-08-09 07:37:12,159 INFO image_tx_daemon: txdone_arrival: seq=198 idx=1 status=0 toa_us=99904

2026-08-09 07:37:12,276 INFO image_tx_daemon: txdone_arrival: seq=198 idx=2 status=0 toa_us=99904

2026-08-09 07:37:12,394 INFO image_tx_daemon: txdone_arrival: seq=198 idx=3 status=0 toa_us=99904

2026-08-09 07:37:12,511 INFO image_tx_daemon: txdone_arrival: seq=198 idx=4 status=0 toa_us=99904

2026-08-09 07:37:12,628 INFO image_tx_daemon: txdone_arrival: seq=198 idx=5 status=0 toa_us=99904

2026-08-09 07:37:12,745 INFO image_tx_daemon: txdone_arrival: seq=198 idx=6 status=0 toa_us=99904

2026-08-09 07:37:12,862 INFO image_tx_daemon: txdone_arrival: seq=198 idx=7 status=0 toa_us=99904

2026-08-09 07:37:12,979 INFO image_tx_daemon: txdone_arrival: seq=198 idx=8 status=0 toa_us=99904

2026-08-09 07:37:13,096 INFO image_tx_daemon: txdone_arrival: seq=198 idx=9 status=0 toa_us=99904

2026-08-09 07:37:13,193 INFO image_tx_daemon: stats: goodput=1917.2 B/s util=78% pipeline=v3 frames_in=209 ok=66 fail=0 drop_full=136 drop_stale=0 frags_ok=850 frags_fail=0 qdepth=4 parity_tx=0

2026-08-09 07:37:13,219 INFO image_tx_daemon: txdone_arrival: seq=198 idx=10 status=0 toa_us=99904

2026-08-09 07:37:13,394 INFO image_tx_daemon: txdone_arrival: seq=198 idx=11 status=0 toa_us=92224

2026-08-09 07:37:13,405 INFO image_tx_daemon: frame seq=198 done (pipelined): 12 fragments ok

2026-08-09 07:37:13,570 INFO image_tx_daemon: txdone_arrival: seq=200 idx=0 status=0 toa_us=99904

2026-08-09 07:37:13,687 INFO image_tx_daemon: txdone_arrival: seq=200 idx=1 status=0 toa_us=99904

2026-08-09 07:37:13,804 INFO image_tx_daemon: txdone_arrival: seq=200 idx=2 status=0 toa_us=99904

2026-08-09 07:37:13,921 INFO image_tx_daemon: txdone_arrival: seq=200 idx=3 status=0 toa_us=99904

2026-08-09 07:37:14,038 INFO image_tx_daemon: txdone_arrival: seq=200 idx=4 status=0 toa_us=99904

2026-08-09 07:37:14,155 INFO image_tx_daemon: txdone_arrival: seq=200 idx=5 status=0 toa_us=99904

2026-08-09 07:37:14,272 INFO image_tx_daemon: txdone_arrival: seq=200 idx=6 status=0 toa_us=99904

2026-08-09 07:37:14,389 INFO image_tx_daemon: txdone_arrival: seq=200 idx=7 status=0 toa_us=99904

2026-08-09 07:37:14,506 INFO image_tx_daemon: txdone_arrival: seq=200 idx=8 status=0 toa_us=99904

2026-08-09 07:37:14,623 INFO image_tx_daemon: txdone_arrival: seq=200 idx=9 status=0 toa_us=99904

2026-08-09 07:37:14,740 INFO image_tx_daemon: txdone_arrival: seq=200 idx=10 status=0 toa_us=99904

2026-08-09 07:37:14,864 INFO image_tx_daemon: txdone_arrival: seq=200 idx=11 status=0 toa_us=99904

2026-08-09 07:37:14,975 INFO image_tx_daemon: txdone_arrival: seq=200 idx=12 status=0 toa_us=35904

2026-08-09 07:37:14,987 INFO image_tx_daemon: frame seq=200 done (pipelined): 13 fragments ok

2026-08-09 07:37:15,161 INFO image_tx_daemon: txdone_arrival: seq=204 idx=0 status=0 toa_us=99904

2026-08-09 07:37:15,278 INFO image_tx_daemon: txdone_arrival: seq=204 idx=1 status=0 toa_us=99904

2026-08-09 07:37:15,395 INFO image_tx_daemon: txdone_arrival: seq=204 idx=2 status=0 toa_us=99904

2026-08-09 07:37:15,512 INFO image_tx_daemon: txdone_arrival: seq=204 idx=3 status=0 toa_us=99904

2026-08-09 07:37:15,629 INFO image_tx_daemon: txdone_arrival: seq=204 idx=4 status=0 toa_us=99904

2026-08-09 07:37:15,746 INFO image_tx_daemon: txdone_arrival: seq=204 idx=5 status=0 toa_us=99904

2026-08-09 07:37:15,863 INFO image_tx_daemon: txdone_arrival: seq=204 idx=6 status=0 toa_us=99904

2026-08-09 07:37:15,981 INFO image_tx_daemon: txdone_arrival: seq=204 idx=7 status=0 toa_us=99904

2026-08-09 07:37:16,098 INFO image_tx_daemon: txdone_arrival: seq=204 idx=8 status=0 toa_us=99904

2026-08-09 07:37:16,215 INFO image_tx_daemon: txdone_arrival: seq=204 idx=9 status=0 toa_us=99904

2026-08-09 07:37:16,332 INFO image_tx_daemon: txdone_arrival: seq=204 idx=10 status=0 toa_us=99904

2026-08-09 07:37:16,456 INFO image_tx_daemon: txdone_arrival: seq=204 idx=11 status=0 toa_us=99904

2026-08-09 07:37:16,489 INFO image_tx_daemon: txdone_arrival: seq=204 idx=12 status=0 toa_us=24384

2026-08-09 07:37:16,500 INFO image_tx_daemon: frame seq=204 done (pipelined): 13 fragments ok

2026-08-09 07:37:16,696 INFO image_tx_daemon: txdone_arrival: seq=207 idx=0 status=0 toa_us=99904

2026-08-09 07:37:16,813 INFO image_tx_daemon: txdone_arrival: seq=207 idx=1 status=0 toa_us=99904

2026-08-09 07:37:16,931 INFO image_tx_daemon: txdone_arrival: seq=207 idx=2 status=0 toa_us=99904

2026-08-09 07:37:17,047 INFO image_tx_daemon: txdone_arrival: seq=207 idx=3 status=0 toa_us=99904

2026-08-09 07:37:17,164 INFO image_tx_daemon: txdone_arrival: seq=207 idx=4 status=0 toa_us=99904

2026-08-09 07:37:17,281 INFO image_tx_daemon: txdone_arrival: seq=207 idx=5 status=0 toa_us=99904

2026-08-09 07:37:17,398 INFO image_tx_daemon: txdone_arrival: seq=207 idx=6 status=0 toa_us=99904

2026-08-09 07:37:17,515 INFO image_tx_daemon: txdone_arrival: seq=207 idx=7 status=0 toa_us=99904

2026-08-09 07:37:17,632 INFO image_tx_daemon: txdone_arrival: seq=207 idx=8 status=0 toa_us=99904

2026-08-09 07:37:17,749 INFO image_tx_daemon: txdone_arrival: seq=207 idx=9 status=0 toa_us=99904

2026-08-09 07:37:17,866 INFO image_tx_daemon: txdone_arrival: seq=207 idx=10 status=0 toa_us=99904

2026-08-09 07:37:17,989 INFO image_tx_daemon: txdone_arrival: seq=207 idx=11 status=0 toa_us=99904

2026-08-09 07:37:18,023 INFO image_tx_daemon: txdone_arrival: seq=207 idx=12 status=0 toa_us=23104

2026-08-09 07:37:18,034 INFO image_tx_daemon: frame seq=207 done (pipelined): 13 fragments ok

2026-08-09 07:37:18,229 INFO image_tx_daemon: txdone_arrival: seq=210 idx=0 status=0 toa_us=99904

2026-08-09 07:37:18,346 INFO image_tx_daemon: txdone_arrival: seq=210 idx=1 status=0 toa_us=99904

2026-08-09 07:37:18,463 INFO image_tx_daemon: txdone_arrival: seq=210 idx=2 status=0 toa_us=99904

2026-08-09 07:37:18,580 INFO image_tx_daemon: txdone_arrival: seq=210 idx=3 status=0 toa_us=99904

2026-08-09 07:37:18,698 INFO image_tx_daemon: txdone_arrival: seq=210 idx=4 status=0 toa_us=99904

2026-08-09 07:37:18,815 INFO image_tx_daemon: txdone_arrival: seq=210 idx=5 status=0 toa_us=99904

2026-08-09 07:37:18,932 INFO image_tx_daemon: txdone_arrival: seq=210 idx=6 status=0 toa_us=99904

2026-08-09 07:37:19,049 INFO image_tx_daemon: txdone_arrival: seq=210 idx=7 status=0 toa_us=99904

2026-08-09 07:37:19,166 INFO image_tx_daemon: txdone_arrival: seq=210 idx=8 status=0 toa_us=99904

2026-08-09 07:37:19,283 INFO image_tx_daemon: txdone_arrival: seq=210 idx=9 status=0 toa_us=99904

2026-08-09 07:37:19,400 INFO image_tx_daemon: txdone_arrival: seq=210 idx=10 status=0 toa_us=99904

2026-08-09 07:37:19,523 INFO image_tx_daemon: txdone_arrival: seq=210 idx=11 status=0 toa_us=99904

2026-08-09 07:37:19,557 INFO image_tx_daemon: txdone_arrival: seq=210 idx=12 status=0 toa_us=24384

2026-08-09 07:37:19,568 INFO image_tx_daemon: frame seq=210 done (pipelined): 13 fragments ok

2026-08-09 07:37:19,763 INFO image_tx_daemon: txdone_arrival: seq=213 idx=0 status=0 toa_us=99904

2026-08-09 07:37:19,880 INFO image_tx_daemon: txdone_arrival: seq=213 idx=1 status=0 toa_us=99904

2026-08-09 07:37:19,998 INFO image_tx_daemon: txdone_arrival: seq=213 idx=2 status=0 toa_us=99904

2026-08-09 07:37:20,114 INFO image_tx_daemon: txdone_arrival: seq=213 idx=3 status=0 toa_us=99904

2026-08-09 07:37:20,231 INFO image_tx_daemon: txdone_arrival: seq=213 idx=4 status=0 toa_us=99904

2026-08-09 07:37:20,349 INFO image_tx_daemon: txdone_arrival: seq=213 idx=5 status=0 toa_us=99904

2026-08-09 07:37:20,466 INFO image_tx_daemon: txdone_arrival: seq=213 idx=6 status=0 toa_us=99904

2026-08-09 07:37:20,583 INFO image_tx_daemon: txdone_arrival: seq=213 idx=7 status=0 toa_us=99904

2026-08-09 07:37:20,699 INFO image_tx_daemon: txdone_arrival: seq=213 idx=8 status=0 toa_us=99904

2026-08-09 07:37:20,817 INFO image_tx_daemon: txdone_arrival: seq=213 idx=9 status=0 toa_us=99904

2026-08-09 07:37:20,934 INFO image_tx_daemon: txdone_arrival: seq=213 idx=10 status=0 toa_us=99904

2026-08-09 07:37:21,057 INFO image_tx_daemon: txdone_arrival: seq=213 idx=11 status=0 toa_us=99904

2026-08-09 07:37:21,169 INFO image_tx_daemon: txdone_arrival: seq=213 idx=12 status=0 toa_us=38464

2026-08-09 07:37:21,180 INFO image_tx_daemon: frame seq=213 done (pipelined): 13 fragments ok

2026-08-09 07:37:21,355 INFO image_tx_daemon: txdone_arrival: seq=219 idx=0 status=0 toa_us=99904

2026-08-09 07:37:21,472 INFO image_tx_daemon: txdone_arrival: seq=219 idx=1 status=0 toa_us=99904

2026-08-09 07:37:21,589 INFO image_tx_daemon: txdone_arrival: seq=219 idx=2 status=0 toa_us=99904

2026-08-09 07:37:21,706 INFO image_tx_daemon: txdone_arrival: seq=219 idx=3 status=0 toa_us=99904

2026-08-09 07:37:21,823 INFO image_tx_daemon: txdone_arrival: seq=219 idx=4 status=0 toa_us=99904

2026-08-09 07:37:21,940 INFO image_tx_daemon: txdone_arrival: seq=219 idx=5 status=0 toa_us=99904

2026-08-09 07:37:22,057 INFO image_tx_daemon: txdone_arrival: seq=219 idx=6 status=0 toa_us=99904

2026-08-09 07:37:22,174 INFO image_tx_daemon: txdone_arrival: seq=219 idx=7 status=0 toa_us=99904

2026-08-09 07:37:22,291 INFO image_tx_daemon: txdone_arrival: seq=219 idx=8 status=0 toa_us=99904

2026-08-09 07:37:22,408 INFO image_tx_daemon: txdone_arrival: seq=219 idx=9 status=0 toa_us=99904

2026-08-09 07:37:22,525 INFO image_tx_daemon: txdone_arrival: seq=219 idx=10 status=0 toa_us=99904

2026-08-09 07:37:22,649 INFO image_tx_daemon: txdone_arrival: seq=219 idx=11 status=0 toa_us=99904

2026-08-09 07:37:22,760 INFO image_tx_daemon: txdone_arrival: seq=219 idx=12 status=0 toa_us=38464

2026-08-09 07:37:22,772 INFO image_tx_daemon: frame seq=219 done (pipelined): 13 fragments ok

2026-08-09 07:37:22,946 INFO image_tx_daemon: txdone_arrival: seq=220 idx=0 status=0 toa_us=99904

2026-08-09 07:37:23,063 INFO image_tx_daemon: txdone_arrival: seq=220 idx=1 status=0 toa_us=99904

2026-08-09 07:37:23,180 INFO image_tx_daemon: txdone_arrival: seq=220 idx=2 status=0 toa_us=99904

2026-08-09 07:37:23,204 INFO image_tx_daemon: stats: goodput=1933.2 B/s util=79% pipeline=v3 frames_in=229 ok=73 fail=0 drop_full=149 drop_stale=0 frags_ok=933 frags_fail=0 qdepth=4 parity_tx=0

2026-08-09 07:37:23,298 INFO image_tx_daemon: txdone_arrival: seq=220 idx=3 status=0 toa_us=99904

2026-08-09 07:37:23,414 INFO image_tx_daemon: txdone_arrival: seq=220 idx=4 status=0 toa_us=99904

2026-08-09 07:37:23,531 INFO image_tx_daemon: txdone_arrival: seq=220 idx=5 status=0 toa_us=99904

2026-08-09 07:37:23,648 INFO image_tx_daemon: txdone_arrival: seq=220 idx=6 status=0 toa_us=99904

2026-08-09 07:37:23,766 INFO image_tx_daemon: txdone_arrival: seq=220 idx=7 status=0 toa_us=99904

2026-08-09 07:37:23,883 INFO image_tx_daemon: txdone_arrival: seq=220 idx=8 status=0 toa_us=99904

2026-08-09 07:37:24,000 INFO image_tx_daemon: txdone_arrival: seq=220 idx=9 status=0 toa_us=99904

2026-08-09 07:37:24,124 INFO image_tx_daemon: txdone_arrival: seq=220 idx=10 status=0 toa_us=99904

2026-08-09 07:37:24,298 INFO image_tx_daemon: txdone_arrival: seq=220 idx=11 status=0 toa_us=92224

2026-08-09 07:37:24,309 INFO image_tx_daemon: frame seq=220 done (pipelined): 12 fragments ok

2026-08-09 07:37:24,474 INFO image_tx_daemon: txdone_arrival: seq=222 idx=0 status=0 toa_us=99904

2026-08-09 07:37:24,591 INFO image_tx_daemon: txdone_arrival: seq=222 idx=1 status=0 toa_us=99904

2026-08-09 07:37:24,708 INFO image_tx_daemon: txdone_arrival: seq=222 idx=2 status=0 toa_us=99904

2026-08-09 07:37:24,825 INFO image_tx_daemon: txdone_arrival: seq=222 idx=3 status=0 toa_us=99904

2026-08-09 07:37:24,942 INFO image_tx_daemon: txdone_arrival: seq=222 idx=4 status=0 toa_us=99904

2026-08-09 07:37:25,059 INFO image_tx_daemon: txdone_arrival: seq=222 idx=5 status=0 toa_us=99904

2026-08-09 07:37:25,176 INFO image_tx_daemon: txdone_arrival: seq=222 idx=6 status=0 toa_us=99904

2026-08-09 07:37:25,293 INFO image_tx_daemon: txdone_arrival: seq=222 idx=7 status=0 toa_us=99904

2026-08-09 07:37:25,410 INFO image_tx_daemon: txdone_arrival: seq=222 idx=8 status=0 toa_us=99904

2026-08-09 07:37:25,527 INFO image_tx_daemon: txdone_arrival: seq=222 idx=9 status=0 toa_us=99904

2026-08-09 07:37:25,650 INFO image_tx_daemon: txdone_arrival: seq=222 idx=10 status=0 toa_us=99904

2026-08-09 07:37:25,835 INFO image_tx_daemon: txdone_arrival: seq=222 idx=11 status=0 toa_us=99904

2026-08-09 07:37:25,847 INFO image_tx_daemon: frame seq=222 done (pipelined): 12 fragments ok

2026-08-09 07:37:26,011 INFO image_tx_daemon: txdone_arrival: seq=225 idx=0 status=0 toa_us=99904

2026-08-09 07:37:26,128 INFO image_tx_daemon: txdone_arrival: seq=225 idx=1 status=0 toa_us=99904

2026-08-09 07:37:26,245 INFO image_tx_daemon: txdone_arrival: seq=225 idx=2 status=0 toa_us=99904

2026-08-09 07:37:26,362 INFO image_tx_daemon: txdone_arrival: seq=225 idx=3 status=0 toa_us=99904

2026-08-09 07:37:26,479 INFO image_tx_daemon: txdone_arrival: seq=225 idx=4 status=0 toa_us=99904

2026-08-09 07:37:26,597 INFO image_tx_daemon: txdone_arrival: seq=225 idx=5 status=0 toa_us=99904

2026-08-09 07:37:26,714 INFO image_tx_daemon: txdone_arrival: seq=225 idx=6 status=0 toa_us=99904

2026-08-09 07:37:26,831 INFO image_tx_daemon: txdone_arrival: seq=225 idx=7 status=0 toa_us=99904

2026-08-09 07:37:26,948 INFO image_tx_daemon: txdone_arrival: seq=225 idx=8 status=0 toa_us=99904

2026-08-09 07:37:27,065 INFO image_tx_daemon: txdone_arrival: seq=225 idx=9 status=0 toa_us=99904

2026-08-09 07:37:27,182 INFO image_tx_daemon: txdone_arrival: seq=225 idx=10 status=0 toa_us=99904

2026-08-09 07:37:27,305 INFO image_tx_daemon: txdone_arrival: seq=225 idx=11 status=0 toa_us=99904

2026-08-09 07:37:27,417 INFO image_tx_daemon: txdone_arrival: seq=225 idx=12 status=0 toa_us=35904

2026-08-09 07:37:27,428 INFO image_tx_daemon: frame seq=225 done (pipelined): 13 fragments ok

2026-08-09 07:37:27,603 INFO image_tx_daemon: txdone_arrival: seq=232 idx=0 status=0 toa_us=99904

2026-08-09 07:37:27,720 INFO image_tx_daemon: txdone_arrival: seq=232 idx=1 status=0 toa_us=99904

2026-08-09 07:37:27,837 INFO image_tx_daemon: txdone_arrival: seq=232 idx=2 status=0 toa_us=99904

2026-08-09 07:37:27,954 INFO image_tx_daemon: txdone_arrival: seq=232 idx=3 status=0 toa_us=99904

2026-08-09 07:37:28,071 INFO image_tx_daemon: txdone_arrival: seq=232 idx=4 status=0 toa_us=99904

2026-08-09 07:37:28,188 INFO image_tx_daemon: txdone_arrival: seq=232 idx=5 status=0 toa_us=99904

2026-08-09 07:37:28,305 INFO image_tx_daemon: txdone_arrival: seq=232 idx=6 status=0 toa_us=99904

2026-08-09 07:37:28,422 INFO image_tx_daemon: txdone_arrival: seq=232 idx=7 status=0 toa_us=99904

2026-08-09 07:37:28,539 INFO image_tx_daemon: txdone_arrival: seq=232 idx=8 status=0 toa_us=99904

2026-08-09 07:37:28,656 INFO image_tx_daemon: txdone_arrival: seq=232 idx=9 status=0 toa_us=99904

2026-08-09 07:37:28,773 INFO image_tx_daemon: txdone_arrival: seq=232 idx=10 status=0 toa_us=99904

2026-08-09 07:37:28,896 INFO image_tx_daemon: txdone_arrival: seq=232 idx=11 status=0 toa_us=99904

2026-08-09 07:37:29,008 INFO image_tx_daemon: txdone_arrival: seq=232 idx=12 status=0 toa_us=35904

2026-08-09 07:37:29,020 INFO image_tx_daemon: frame seq=232 done (pipelined): 13 fragments ok

2026-08-09 07:37:29,194 INFO image_tx_daemon: txdone_arrival: seq=233 idx=0 status=0 toa_us=99904

2026-08-09 07:37:29,311 INFO image_tx_daemon: txdone_arrival: seq=233 idx=1 status=0 toa_us=99904

2026-08-09 07:37:29,428 INFO image_tx_daemon: txdone_arrival: seq=233 idx=2 status=0 toa_us=99904

2026-08-09 07:37:29,545 INFO image_tx_daemon: txdone_arrival: seq=233 idx=3 status=0 toa_us=99904

2026-08-09 07:37:29,662 INFO image_tx_daemon: txdone_arrival: seq=233 idx=4 status=0 toa_us=99904

2026-08-09 07:37:29,779 INFO image_tx_daemon: txdone_arrival: seq=233 idx=5 status=0 toa_us=99904

2026-08-09 07:37:29,896 INFO image_tx_daemon: txdone_arrival: seq=233 idx=6 status=0 toa_us=99904

2026-08-09 07:37:30,013 INFO image_tx_daemon: txdone_arrival: seq=233 idx=7 status=0 toa_us=99904

2026-08-09 07:37:30,130 INFO image_tx_daemon: txdone_arrival: seq=233 idx=8 status=0 toa_us=99904

2026-08-09 07:37:30,247 INFO image_tx_daemon: txdone_arrival: seq=233 idx=9 status=0 toa_us=99904

2026-08-09 07:37:30,364 INFO image_tx_daemon: txdone_arrival: seq=233 idx=10 status=0 toa_us=99904

2026-08-09 07:37:30,488 INFO image_tx_daemon: txdone_arrival: seq=233 idx=11 status=0 toa_us=99904

2026-08-09 07:37:30,521 INFO image_tx_daemon: txdone_arrival: seq=233 idx=12 status=0 toa_us=17984

2026-08-09 07:37:30,532 INFO image_tx_daemon: frame seq=233 done (pipelined): 13 fragments ok

2026-08-09 07:37:30,728 INFO image_tx_daemon: txdone_arrival: seq=235 idx=0 status=0 toa_us=99904

2026-08-09 07:37:30,845 INFO image_tx_daemon: txdone_arrival: seq=235 idx=1 status=0 toa_us=99904

2026-08-09 07:37:30,962 INFO image_tx_daemon: txdone_arrival: seq=235 idx=2 status=0 toa_us=99904

2026-08-09 07:37:31,079 INFO image_tx_daemon: txdone_arrival: seq=235 idx=3 status=0 toa_us=99904

2026-08-09 07:37:31,196 INFO image_tx_daemon: txdone_arrival: seq=235 idx=4 status=0 toa_us=99904

2026-08-09 07:37:31,313 INFO image_tx_daemon: txdone_arrival: seq=235 idx=5 status=0 toa_us=99904

2026-08-09 07:37:31,430 INFO image_tx_daemon: txdone_arrival: seq=235 idx=6 status=0 toa_us=99904

2026-08-09 07:37:31,547 INFO image_tx_daemon: txdone_arrival: seq=235 idx=7 status=0 toa_us=99904

2026-08-09 07:37:31,664 INFO image_tx_daemon: txdone_arrival: seq=235 idx=8 status=0 toa_us=99904

2026-08-09 07:37:31,781 INFO image_tx_daemon: txdone_arrival: seq=235 idx=9 status=0 toa_us=99904

2026-08-09 07:37:31,904 INFO image_tx_daemon: txdone_arrival: seq=235 idx=10 status=0 toa_us=99904

2026-08-09 07:37:32,090 INFO image_tx_daemon: txdone_arrival: seq=235 idx=11 status=0 toa_us=99904

2026-08-09 07:37:32,102 INFO image_tx_daemon: frame seq=235 done (pipelined): 12 fragments ok

2026-08-09 07:37:32,267 INFO image_tx_daemon: txdone_arrival: seq=241 idx=0 status=0 toa_us=99904

2026-08-09 07:37:32,384 INFO image_tx_daemon: txdone_arrival: seq=241 idx=1 status=0 toa_us=99904

2026-08-09 07:37:32,501 INFO image_tx_daemon: txdone_arrival: seq=241 idx=2 status=0 toa_us=99904

2026-08-09 07:37:32,618 INFO image_tx_daemon: txdone_arrival: seq=241 idx=3 status=0 toa_us=99904

2026-08-09 07:37:32,735 INFO image_tx_daemon: txdone_arrival: seq=241 idx=4 status=0 toa_us=99904

2026-08-09 07:37:32,852 INFO image_tx_daemon: txdone_arrival: seq=241 idx=5 status=0 toa_us=99904

2026-08-09 07:37:32,969 INFO image_tx_daemon: txdone_arrival: seq=241 idx=6 status=0 toa_us=99904

2026-08-09 07:37:33,087 INFO image_tx_daemon: txdone_arrival: seq=241 idx=7 status=0 toa_us=99904

2026-08-09 07:37:33,204 INFO image_tx_daemon: txdone_arrival: seq=241 idx=8 status=0 toa_us=99904

2026-08-09 07:37:33,215 INFO image_tx_daemon: stats: goodput=1939.3 B/s util=79% pipeline=v3 frames_in=249 ok=79 fail=0 drop_full=163 drop_stale=0 frags_ok=1014 frags_fail=0 qdepth=4 parity_tx=0

2026-08-09 07:37:33,321 INFO image_tx_daemon: txdone_arrival: seq=241 idx=9 status=0 toa_us=99904

2026-08-09 07:37:33,444 INFO image_tx_daemon: txdone_arrival: seq=241 idx=10 status=0 toa_us=99904

2026-08-09 07:37:33,619 INFO image_tx_daemon: txdone_arrival: seq=241 idx=11 status=0 toa_us=90944

2026-08-09 07:37:33,630 INFO image_tx_daemon: frame seq=241 done (pipelined): 12 fragments ok

2026-08-09 07:37:33,795 INFO image_tx_daemon: txdone_arrival: seq=242 idx=0 status=0 toa_us=99904

2026-08-09 07:37:33,912 INFO image_tx_daemon: txdone_arrival: seq=242 idx=1 status=0 toa_us=99904

2026-08-09 07:37:34,029 INFO image_tx_daemon: txdone_arrival: seq=242 idx=2 status=0 toa_us=99904

2026-08-09 07:37:34,147 INFO image_tx_daemon: txdone_arrival: seq=242 idx=3 status=0 toa_us=99904

2026-08-09 07:37:34,264 INFO image_tx_daemon: txdone_arrival: seq=242 idx=4 status=0 toa_us=99904

2026-08-09 07:37:34,381 INFO image_tx_daemon: txdone_arrival: seq=242 idx=5 status=0 toa_us=99904

2026-08-09 07:37:34,498 INFO image_tx_daemon: txdone_arrival: seq=242 idx=6 status=0 toa_us=99904

2026-08-09 07:37:34,615 INFO image_tx_daemon: txdone_arrival: seq=242 idx=7 status=0 toa_us=99904

2026-08-09 07:37:34,732 INFO image_tx_daemon: txdone_arrival: seq=242 idx=8 status=0 toa_us=99904

2026-08-09 07:37:34,849 INFO image_tx_daemon: txdone_arrival: seq=242 idx=9 status=0 toa_us=99904

2026-08-09 07:37:34,966 INFO image_tx_daemon: txdone_arrival: seq=242 idx=10 status=0 toa_us=99904

2026-08-09 07:37:35,089 INFO image_tx_daemon: txdone_arrival: seq=242 idx=11 status=0 toa_us=99904

2026-08-09 07:37:35,122 INFO image_tx_daemon: txdone_arrival: seq=242 idx=12 status=0 toa_us=24384

2026-08-09 07:37:35,134 INFO image_tx_daemon: frame seq=242 done (pipelined): 13 fragments ok

2026-08-09 07:37:35,329 INFO image_tx_daemon: txdone_arrival: seq=244 idx=0 status=0 toa_us=99904

2026-08-09 07:37:35,446 INFO image_tx_daemon: txdone_arrival: seq=244 idx=1 status=0 toa_us=99904

2026-08-09 07:37:35,563 INFO image_tx_daemon: txdone_arrival: seq=244 idx=2 status=0 toa_us=99904

2026-08-09 07:37:35,681 INFO image_tx_daemon: txdone_arrival: seq=244 idx=3 status=0 toa_us=99904

2026-08-09 07:37:35,798 INFO image_tx_daemon: txdone_arrival: seq=244 idx=4 status=0 toa_us=99904

2026-08-09 07:37:35,915 INFO image_tx_daemon: txdone_arrival: seq=244 idx=5 status=0 toa_us=99904

2026-08-09 07:37:36,032 INFO image_tx_daemon: txdone_arrival: seq=244 idx=6 status=0 toa_us=99904

2026-08-09 07:37:36,149 INFO image_tx_daemon: txdone_arrival: seq=244 idx=7 status=0 toa_us=99904

2026-08-09 07:37:36,266 INFO image_tx_daemon: txdone_arrival: seq=244 idx=8 status=0 toa_us=99904

2026-08-09 07:37:36,383 INFO image_tx_daemon: txdone_arrival: seq=244 idx=9 status=0 toa_us=99904

2026-08-09 07:37:36,500 INFO image_tx_daemon: txdone_arrival: seq=244 idx=10 status=0 toa_us=99904

2026-08-09 07:37:36,623 INFO image_tx_daemon: txdone_arrival: seq=244 idx=11 status=0 toa_us=99904

2026-08-09 07:37:36,667 INFO image_tx_daemon: txdone_arrival: seq=244 idx=12 status=0 toa_us=26944

2026-08-09 07:37:36,678 INFO image_tx_daemon: frame seq=244 done (pipelined): 13 fragments ok

2026-08-09 07:37:36,863 INFO image_tx_daemon: txdone_arrival: seq=247 idx=0 status=0 toa_us=99904

2026-08-09 07:37:36,980 INFO image_tx_daemon: txdone_arrival: seq=247 idx=1 status=0 toa_us=99904

2026-08-09 07:37:37,097 INFO image_tx_daemon: txdone_arrival: seq=247 idx=2 status=0 toa_us=99904

2026-08-09 07:37:37,215 INFO image_tx_daemon: txdone_arrival: seq=247 idx=3 status=0 toa_us=99904

2026-08-09 07:37:37,332 INFO image_tx_daemon: txdone_arrival: seq=247 idx=4 status=0 toa_us=99904

2026-08-09 07:37:37,449 INFO image_tx_daemon: txdone_arrival: seq=247 idx=5 status=0 toa_us=99904

2026-08-09 07:37:37,566 INFO image_tx_daemon: txdone_arrival: seq=247 idx=6 status=0 toa_us=99904

2026-08-09 07:37:37,683 INFO image_tx_daemon: txdone_arrival: seq=247 idx=7 status=0 toa_us=99904

2026-08-09 07:37:37,800 INFO image_tx_daemon: txdone_arrival: seq=247 idx=8 status=0 toa_us=99904

2026-08-09 07:37:37,917 INFO image_tx_daemon: txdone_arrival: seq=247 idx=9 status=0 toa_us=99904

2026-08-09 07:37:38,034 INFO image_tx_daemon: txdone_arrival: seq=247 idx=10 status=0 toa_us=99904

2026-08-09 07:37:38,157 INFO image_tx_daemon: txdone_arrival: seq=247 idx=11 status=0 toa_us=99904

2026-08-09 07:37:38,191 INFO image_tx_daemon: txdone_arrival: seq=247 idx=12 status=0 toa_us=23104

2026-08-09 07:37:38,202 INFO image_tx_daemon: frame seq=247 done (pipelined): 13 fragments ok

2026-08-09 07:37:38,398 INFO image_tx_daemon: txdone_arrival: seq=250 idx=0 status=0 toa_us=99904

2026-08-09 07:37:38,515 INFO image_tx_daemon: txdone_arrival: seq=250 idx=1 status=0 toa_us=99904

2026-08-09 07:37:38,632 INFO image_tx_daemon: txdone_arrival: seq=250 idx=2 status=0 toa_us=99904

2026-08-09 07:37:38,749 INFO image_tx_daemon: txdone_arrival: seq=250 idx=3 status=0 toa_us=99904

2026-08-09 07:37:38,866 INFO image_tx_daemon: txdone_arrival: seq=250 idx=4 status=0 toa_us=99904

2026-08-09 07:37:38,983 INFO image_tx_daemon: txdone_arrival: seq=250 idx=5 status=0 toa_us=99904

2026-08-09 07:37:39,100 INFO image_tx_daemon: txdone_arrival: seq=250 idx=6 status=0 toa_us=99904

2026-08-09 07:37:39,217 INFO image_tx_daemon: txdone_arrival: seq=250 idx=7 status=0 toa_us=99904

2026-08-09 07:37:39,334 INFO image_tx_daemon: txdone_arrival: seq=250 idx=8 status=0 toa_us=99904

2026-08-09 07:37:39,451 INFO image_tx_daemon: txdone_arrival: seq=250 idx=9 status=0 toa_us=99904

2026-08-09 07:37:39,568 INFO image_tx_daemon: txdone_arrival: seq=250 idx=10 status=0 toa_us=99904

2026-08-09 07:37:39,691 INFO image_tx_daemon: txdone_arrival: seq=250 idx=11 status=0 toa_us=99904

2026-08-09 07:37:39,714 INFO image_tx_daemon: txdone_arrival: seq=250 idx=12 status=0 toa_us=12864

2026-08-09 07:37:39,725 INFO image_tx_daemon: frame seq=250 done (pipelined): 13 fragments ok

2026-08-09 07:37:39,931 INFO image_tx_daemon: txdone_arrival: seq=253 idx=0 status=0 toa_us=99904

2026-08-09 07:37:40,048 INFO image_tx_daemon: txdone_arrival: seq=253 idx=1 status=0 toa_us=99904

2026-08-09 07:37:40,165 INFO image_tx_daemon: txdone_arrival: seq=253 idx=2 status=0 toa_us=99904

2026-08-09 07:37:40,282 INFO image_tx_daemon: txdone_arrival: seq=253 idx=3 status=0 toa_us=99904

2026-08-09 07:37:40,399 INFO image_tx_daemon: txdone_arrival: seq=253 idx=4 status=0 toa_us=99904

2026-08-09 07:37:40,516 INFO image_tx_daemon: txdone_arrival: seq=253 idx=5 status=0 toa_us=99904

2026-08-09 07:37:40,634 INFO image_tx_daemon: txdone_arrival: seq=253 idx=6 status=0 toa_us=99904

2026-08-09 07:37:40,751 INFO image_tx_daemon: txdone_arrival: seq=253 idx=7 status=0 toa_us=99904

2026-08-09 07:37:40,868 INFO image_tx_daemon: txdone_arrival: seq=253 idx=8 status=0 toa_us=99904

2026-08-09 07:37:40,985 INFO image_tx_daemon: txdone_arrival: seq=253 idx=9 status=0 toa_us=99904

2026-08-09 07:37:41,102 INFO image_tx_daemon: txdone_arrival: seq=253 idx=10 status=0 toa_us=99904

2026-08-09 07:37:41,225 INFO image_tx_daemon: txdone_arrival: seq=253 idx=11 status=0 toa_us=99904

2026-08-09 07:37:41,336 INFO image_tx_daemon: txdone_arrival: seq=253 idx=12 status=0 toa_us=38464

2026-08-09 07:37:41,348 INFO image_tx_daemon: frame seq=253 done (pipelined): 13 fragments ok

2026-08-09 07:37:41,522 INFO image_tx_daemon: txdone_arrival: seq=0 idx=0 status=0 toa_us=99904

2026-08-09 07:37:41,639 INFO image_tx_daemon: txdone_arrival: seq=0 idx=1 status=0 toa_us=99904

2026-08-09 07:37:41,757 INFO image_tx_daemon: txdone_arrival: seq=0 idx=2 status=0 toa_us=99904

2026-08-09 07:37:41,874 INFO image_tx_daemon: txdone_arrival: seq=0 idx=3 status=0 toa_us=99904

2026-08-09 07:37:41,991 INFO image_tx_daemon: txdone_arrival: seq=0 idx=4 status=0 toa_us=99904

2026-08-09 07:37:42,108 INFO image_tx_daemon: txdone_arrival: seq=0 idx=5 status=0 toa_us=99904

2026-08-09 07:37:42,225 INFO image_tx_daemon: txdone_arrival: seq=0 idx=6 status=0 toa_us=99904

2026-08-09 07:37:42,342 INFO image_tx_daemon: txdone_arrival: seq=0 idx=7 status=0 toa_us=99904

2026-08-09 07:37:42,459 INFO image_tx_daemon: txdone_arrival: seq=0 idx=8 status=0 toa_us=99904

2026-08-09 07:37:42,576 INFO image_tx_daemon: txdone_arrival: seq=0 idx=9 status=0 toa_us=99904

2026-08-09 07:37:42,699 INFO image_tx_daemon: txdone_arrival: seq=0 idx=10 status=0 toa_us=99904

2026-08-09 07:37:42,875 INFO image_tx_daemon: txdone_arrival: seq=0 idx=11 status=0 toa_us=97344

2026-08-09 07:37:42,887 INFO image_tx_daemon: frame seq=0 done (pipelined): 12 fragments ok

2026-08-09 07:37:43,052 INFO image_tx_daemon: txdone_arrival: seq=3 idx=0 status=0 toa_us=99904

2026-08-09 07:37:43,169 INFO image_tx_daemon: txdone_arrival: seq=3 idx=1 status=0 toa_us=99904

2026-08-09 07:37:43,227 INFO image_tx_daemon: stats: goodput=1918.5 B/s util=78% pipeline=v3 frames_in=269 ok=86 fail=0 drop_full=177 drop_stale=0 frags_ok=1096 frags_fail=0 qdepth=3 parity_tx=0

2026-08-09 07:37:43,286 INFO image_tx_daemon: txdone_arrival: seq=3 idx=2 status=0 toa_us=99904

2026-08-09 07:37:43,403 INFO image_tx_daemon: txdone_arrival: seq=3 idx=3 status=0 toa_us=99904

2026-08-09 07:37:43,520 INFO image_tx_daemon: txdone_arrival: seq=3 idx=4 status=0 toa_us=99904

2026-08-09 07:37:43,637 INFO image_tx_daemon: txdone_arrival: seq=3 idx=5 status=0 toa_us=99904

2026-08-09 07:37:43,754 INFO image_tx_daemon: txdone_arrival: seq=3 idx=6 status=0 toa_us=99904

2026-08-09 07:37:43,872 INFO image_tx_daemon: txdone_arrival: seq=3 idx=7 status=0 toa_us=99904

2026-08-09 07:37:43,989 INFO image_tx_daemon: txdone_arrival: seq=3 idx=8 status=0 toa_us=99904

2026-08-09 07:37:44,106 INFO image_tx_daemon: txdone_arrival: seq=3 idx=9 status=0 toa_us=99904

2026-08-09 07:37:44,223 INFO image_tx_daemon: txdone_arrival: seq=3 idx=10 status=0 toa_us=99904

2026-08-09 07:37:44,346 INFO image_tx_daemon: txdone_arrival: seq=3 idx=11 status=0 toa_us=99904

2026-08-09 07:37:44,458 INFO image_tx_daemon: txdone_arrival: seq=3 idx=12 status=0 toa_us=35904

2026-08-09 07:37:44,469 INFO image_tx_daemon: frame seq=3 done (pipelined): 13 fragments ok

2026-08-09 07:37:44,644 INFO image_tx_daemon: txdone_arrival: seq=7 idx=0 status=0 toa_us=99904

2026-08-09 07:37:44,761 INFO image_tx_daemon: txdone_arrival: seq=7 idx=1 status=0 toa_us=99904

2026-08-09 07:37:44,878 INFO image_tx_daemon: txdone_arrival: seq=7 idx=2 status=0 toa_us=99904

2026-08-09 07:37:44,995 INFO image_tx_daemon: txdone_arrival: seq=7 idx=3 status=0 toa_us=99904

2026-08-09 07:37:45,112 INFO image_tx_daemon: txdone_arrival: seq=7 idx=4 status=0 toa_us=99904

2026-08-09 07:37:45,229 INFO image_tx_daemon: txdone_arrival: seq=7 idx=5 status=0 toa_us=99904

2026-08-09 07:37:45,346 INFO image_tx_daemon: txdone_arrival: seq=7 idx=6 status=0 toa_us=99904

2026-08-09 07:37:45,463 INFO image_tx_daemon: txdone_arrival: seq=7 idx=7 status=0 toa_us=99904

2026-08-09 07:37:45,580 INFO image_tx_daemon: txdone_arrival: seq=7 idx=8 status=0 toa_us=99904

2026-08-09 07:37:45,697 INFO image_tx_daemon: txdone_arrival: seq=7 idx=9 status=0 toa_us=99904

2026-08-09 07:37:45,814 INFO image_tx_daemon: txdone_arrival: seq=7 idx=10 status=0 toa_us=99904

2026-08-09 07:37:45,937 INFO image_tx_daemon: txdone_arrival: seq=7 idx=11 status=0 toa_us=99904

2026-08-09 07:37:46,039 INFO image_tx_daemon: txdone_arrival: seq=7 idx=12 status=0 toa_us=32064

2026-08-09 07:37:46,051 INFO image_tx_daemon: frame seq=7 done (pipelined): 13 fragments ok

2026-08-09 07:37:46,236 INFO image_tx_daemon: txdone_arrival: seq=10 idx=0 status=0 toa_us=99904

2026-08-09 07:37:46,353 INFO image_tx_daemon: txdone_arrival: seq=10 idx=1 status=0 toa_us=99904

2026-08-09 07:37:46,470 INFO image_tx_daemon: txdone_arrival: seq=10 idx=2 status=0 toa_us=99904

2026-08-09 07:37:46,587 INFO image_tx_daemon: txdone_arrival: seq=10 idx=3 status=0 toa_us=99904

2026-08-09 07:37:46,704 INFO image_tx_daemon: txdone_arrival: seq=10 idx=4 status=0 toa_us=99904

2026-08-09 07:37:46,821 INFO image_tx_daemon: txdone_arrival: seq=10 idx=5 status=0 toa_us=99904

2026-08-09 07:37:46,938 INFO image_tx_daemon: txdone_arrival: seq=10 idx=6 status=0 toa_us=99904

2026-08-09 07:37:47,055 INFO image_tx_daemon: txdone_arrival: seq=10 idx=7 status=0 toa_us=99904

2026-08-09 07:37:47,172 INFO image_tx_daemon: txdone_arrival: seq=10 idx=8 status=0 toa_us=99904

2026-08-09 07:37:47,289 INFO image_tx_daemon: txdone_arrival: seq=10 idx=9 status=0 toa_us=99904

2026-08-09 07:37:47,406 INFO image_tx_daemon: txdone_arrival: seq=10 idx=10 status=0 toa_us=99904

2026-08-09 07:37:47,530 INFO image_tx_daemon: txdone_arrival: seq=10 idx=11 status=0 toa_us=99904

2026-08-09 07:37:47,641 INFO image_tx_daemon: txdone_arrival: seq=10 idx=12 status=0 toa_us=35904

2026-08-09 07:37:47,653 INFO image_tx_daemon: frame seq=10 done (pipelined): 13 fragments ok

2026-08-09 07:37:47,827 INFO image_tx_daemon: txdone_arrival: seq=13 idx=0 status=0 toa_us=99904

2026-08-09 07:37:47,944 INFO image_tx_daemon: txdone_arrival: seq=13 idx=1 status=0 toa_us=99904

2026-08-09 07:37:48,061 INFO image_tx_daemon: txdone_arrival: seq=13 idx=2 status=0 toa_us=99904

2026-08-09 07:37:48,178 INFO image_tx_daemon: txdone_arrival: seq=13 idx=3 status=0 toa_us=99904

2026-08-09 07:37:48,296 INFO image_tx_daemon: txdone_arrival: seq=13 idx=4 status=0 toa_us=99904

2026-08-09 07:37:48,413 INFO image_tx_daemon: txdone_arrival: seq=13 idx=5 status=0 toa_us=99904

2026-08-09 07:37:48,530 INFO image_tx_daemon: txdone_arrival: seq=13 idx=6 status=0 toa_us=99904

2026-08-09 07:37:48,647 INFO image_tx_daemon: txdone_arrival: seq=13 idx=7 status=0 toa_us=99904

2026-08-09 07:37:48,764 INFO image_tx_daemon: txdone_arrival: seq=13 idx=8 status=0 toa_us=99904

2026-08-09 07:37:48,881 INFO image_tx_daemon: txdone_arrival: seq=13 idx=9 status=0 toa_us=99904

2026-08-09 07:37:48,998 INFO image_tx_daemon: txdone_arrival: seq=13 idx=10 status=0 toa_us=99904

2026-08-09 07:37:49,112 INFO image_tx_daemon: txdone_arrival: seq=13 idx=11 status=0 toa_us=99904

2026-08-09 07:37:49,135 INFO image_tx_daemon: txdone_arrival: seq=13 idx=12 status=0 toa_us=11584

2026-08-09 07:37:49,146 INFO image_tx_daemon: frame seq=13 done (pipelined): 13 fragments ok

2026-08-09 07:37:49,352 INFO image_tx_daemon: txdone_arrival: seq=16 idx=0 status=0 toa_us=99904

2026-08-09 07:37:49,469 INFO image_tx_daemon: txdone_arrival: seq=16 idx=1 status=0 toa_us=99904

2026-08-09 07:37:49,586 INFO image_tx_daemon: txdone_arrival: seq=16 idx=2 status=0 toa_us=99904

2026-08-09 07:37:49,703 INFO image_tx_daemon: txdone_arrival: seq=16 idx=3 status=0 toa_us=99904

2026-08-09 07:37:49,820 INFO image_tx_daemon: txdone_arrival: seq=16 idx=4 status=0 toa_us=99904

2026-08-09 07:37:49,937 INFO image_tx_daemon: txdone_arrival: seq=16 idx=5 status=0 toa_us=99904

2026-08-09 07:37:50,055 INFO image_tx_daemon: txdone_arrival: seq=16 idx=6 status=0 toa_us=99904

2026-08-09 07:37:50,172 INFO image_tx_daemon: txdone_arrival: seq=16 idx=7 status=0 toa_us=99904

2026-08-09 07:37:50,289 INFO image_tx_daemon: txdone_arrival: seq=16 idx=8 status=0 toa_us=99904

2026-08-09 07:37:50,406 INFO image_tx_daemon: txdone_arrival: seq=16 idx=9 status=0 toa_us=99904

2026-08-09 07:37:50,523 INFO image_tx_daemon: txdone_arrival: seq=16 idx=10 status=0 toa_us=99904

2026-08-09 07:37:50,646 INFO image_tx_daemon: txdone_arrival: seq=16 idx=11 status=0 toa_us=99904

2026-08-09 07:37:50,758 INFO image_tx_daemon: txdone_arrival: seq=16 idx=12 status=0 toa_us=35904

2026-08-09 07:37:50,769 INFO image_tx_daemon: frame seq=16 done (pipelined): 13 fragments ok

2026-08-09 07:37:50,943 INFO image_tx_daemon: txdone_arrival: seq=19 idx=0 status=0 toa_us=99904

2026-08-09 07:37:51,061 INFO image_tx_daemon: txdone_arrival: seq=19 idx=1 status=0 toa_us=99904

2026-08-09 07:37:51,178 INFO image_tx_daemon: txdone_arrival: seq=19 idx=2 status=0 toa_us=99904

2026-08-09 07:37:51,295 INFO image_tx_daemon: txdone_arrival: seq=19 idx=3 status=0 toa_us=99904

2026-08-09 07:37:51,412 INFO image_tx_daemon: txdone_arrival: seq=19 idx=4 status=0 toa_us=99904

2026-08-09 07:37:51,529 INFO image_tx_daemon: txdone_arrival: seq=19 idx=5 status=0 toa_us=99904

2026-08-09 07:37:51,646 INFO image_tx_daemon: txdone_arrival: seq=19 idx=6 status=0 toa_us=99904

2026-08-09 07:37:51,763 INFO image_tx_daemon: txdone_arrival: seq=19 idx=7 status=0 toa_us=99904

2026-08-09 07:37:51,880 INFO image_tx_daemon: txdone_arrival: seq=19 idx=8 status=0 toa_us=99904

2026-08-09 07:37:51,997 INFO image_tx_daemon: txdone_arrival: seq=19 idx=9 status=0 toa_us=99904

2026-08-09 07:37:52,114 INFO image_tx_daemon: txdone_arrival: seq=19 idx=10 status=0 toa_us=99904

2026-08-09 07:37:52,237 INFO image_tx_daemon: txdone_arrival: seq=19 idx=11 status=0 toa_us=99904

2026-08-09 07:37:52,338 INFO image_tx_daemon: txdone_arrival: seq=19 idx=12 status=0 toa_us=33344

2026-08-09 07:37:52,350 INFO image_tx_daemon: frame seq=19 done (pipelined): 13 fragments ok

2026-08-09 07:37:52,535 INFO image_tx_daemon: txdone_arrival: seq=22 idx=0 status=0 toa_us=99904

2026-08-09 07:37:52,652 INFO image_tx_daemon: txdone_arrival: seq=22 idx=1 status=0 toa_us=99904

2026-08-09 07:37:52,769 INFO image_tx_daemon: txdone_arrival: seq=22 idx=2 status=0 toa_us=99904

2026-08-09 07:37:52,886 INFO image_tx_daemon: txdone_arrival: seq=22 idx=3 status=0 toa_us=99904

2026-08-09 07:37:53,003 INFO image_tx_daemon: txdone_arrival: seq=22 idx=4 status=0 toa_us=99904

2026-08-09 07:37:53,120 INFO image_tx_daemon: txdone_arrival: seq=22 idx=5 status=0 toa_us=99904

2026-08-09 07:37:53,237 INFO image_tx_daemon: txdone_arrival: seq=22 idx=6 status=0 toa_us=99904

2026-08-09 07:37:53,242 INFO image_tx_daemon: stats: goodput=1934.3 B/s util=79% pipeline=v3 frames_in=289 ok=92 fail=0 drop_full=190 drop_stale=0 frags_ok=1179 frags_fail=0 qdepth=4 parity_tx=0

2026-08-09 07:37:53,354 INFO image_tx_daemon: txdone_arrival: seq=22 idx=7 status=0 toa_us=99904

2026-08-09 07:37:53,471 INFO image_tx_daemon: txdone_arrival: seq=22 idx=8 status=0 toa_us=99904

2026-08-09 07:37:53,588 INFO image_tx_daemon: txdone_arrival: seq=22 idx=9 status=0 toa_us=99904

2026-08-09 07:37:53,706 INFO image_tx_daemon: txdone_arrival: seq=22 idx=10 status=0 toa_us=99904

2026-08-09 07:37:53,820 INFO image_tx_daemon: txdone_arrival: seq=22 idx=11 status=0 toa_us=99904

2026-08-09 07:37:53,940 INFO image_tx_daemon: txdone_arrival: seq=22 idx=12 status=0 toa_us=38464

2026-08-09 07:37:53,952 INFO image_tx_daemon: frame seq=22 done (pipelined): 13 fragments ok

2026-08-09 07:37:54,126 INFO image_tx_daemon: txdone_arrival: seq=25 idx=0 status=0 toa_us=99904

2026-08-09 07:37:54,243 INFO image_tx_daemon: txdone_arrival: seq=25 idx=1 status=0 toa_us=99904

2026-08-09 07:37:54,360 INFO image_tx_daemon: txdone_arrival: seq=25 idx=2 status=0 toa_us=99904

2026-08-09 07:37:54,477 INFO image_tx_daemon: txdone_arrival: seq=25 idx=3 status=0 toa_us=99904

2026-08-09 07:37:54,594 INFO image_tx_daemon: txdone_arrival: seq=25 idx=4 status=0 toa_us=99904

2026-08-09 07:37:54,711 INFO image_tx_daemon: txdone_arrival: seq=25 idx=5 status=0 toa_us=99904

2026-08-09 07:37:54,829 INFO image_tx_daemon: txdone_arrival: seq=25 idx=6 status=0 toa_us=99904

2026-08-09 07:37:54,946 INFO image_tx_daemon: txdone_arrival: seq=25 idx=7 status=0 toa_us=99904

2026-08-09 07:37:55,062 INFO image_tx_daemon: txdone_arrival: seq=25 idx=8 status=0 toa_us=99904

2026-08-09 07:37:55,180 INFO image_tx_daemon: txdone_arrival: seq=25 idx=9 status=0 toa_us=99904

2026-08-09 07:37:55,297 INFO image_tx_daemon: txdone_arrival: seq=25 idx=10 status=0 toa_us=99904

2026-08-09 07:37:55,420 INFO image_tx_daemon: txdone_arrival: seq=25 idx=11 status=0 toa_us=99904

2026-08-09 07:37:55,521 INFO image_tx_daemon: txdone_arrival: seq=25 idx=12 status=0 toa_us=32064

2026-08-09 07:37:55,533 INFO image_tx_daemon: frame seq=25 done (pipelined): 13 fragments ok

2026-08-09 07:37:55,718 INFO image_tx_daemon: txdone_arrival: seq=29 idx=0 status=0 toa_us=99904

2026-08-09 07:37:55,835 INFO image_tx_daemon: txdone_arrival: seq=29 idx=1 status=0 toa_us=99904

2026-08-09 07:37:55,952 INFO image_tx_daemon: txdone_arrival: seq=29 idx=2 status=0 toa_us=99904

2026-08-09 07:37:56,069 INFO image_tx_daemon: txdone_arrival: seq=29 idx=3 status=0 toa_us=99904

2026-08-09 07:37:56,186 INFO image_tx_daemon: txdone_arrival: seq=29 idx=4 status=0 toa_us=99904

2026-08-09 07:37:56,303 INFO image_tx_daemon: txdone_arrival: seq=29 idx=5 status=0 toa_us=99904

2026-08-09 07:37:56,420 INFO image_tx_daemon: txdone_arrival: seq=29 idx=6 status=0 toa_us=99904

2026-08-09 07:37:56,537 INFO image_tx_daemon: txdone_arrival: seq=29 idx=7 status=0 toa_us=99904

2026-08-09 07:37:56,654 INFO image_tx_daemon: txdone_arrival: seq=29 idx=8 status=0 toa_us=99904

2026-08-09 07:37:56,771 INFO image_tx_daemon: txdone_arrival: seq=29 idx=9 status=0 toa_us=99904

2026-08-09 07:37:56,888 INFO image_tx_daemon: txdone_arrival: seq=29 idx=10 status=0 toa_us=99904

2026-08-09 07:37:57,012 INFO image_tx_daemon: txdone_arrival: seq=29 idx=11 status=0 toa_us=99904

2026-08-09 07:37:57,123 INFO image_tx_daemon: txdone_arrival: seq=29 idx=12 status=0 toa_us=38464

2026-08-09 07:37:57,135 INFO image_tx_daemon: frame seq=29 done (pipelined): 13 fragments ok

2026-08-09 07:37:57,309 INFO image_tx_daemon: txdone_arrival: seq=32 idx=0 status=0 toa_us=99904

2026-08-09 07:37:57,426 INFO image_tx_daemon: txdone_arrival: seq=32 idx=1 status=0 toa_us=99904

2026-08-09 07:37:57,543 INFO image_tx_daemon: txdone_arrival: seq=32 idx=2 status=0 toa_us=99904

2026-08-09 07:37:57,660 INFO image_tx_daemon: txdone_arrival: seq=32 idx=3 status=0 toa_us=99904

2026-08-09 07:37:57,777 INFO image_tx_daemon: txdone_arrival: seq=32 idx=4 status=0 toa_us=99904

2026-08-09 07:37:57,894 INFO image_tx_daemon: txdone_arrival: seq=32 idx=5 status=0 toa_us=99904

2026-08-09 07:37:58,011 INFO image_tx_daemon: txdone_arrival: seq=32 idx=6 status=0 toa_us=99904

2026-08-09 07:37:58,129 INFO image_tx_daemon: txdone_arrival: seq=32 idx=7 status=0 toa_us=99904

2026-08-09 07:37:58,246 INFO image_tx_daemon: txdone_arrival: seq=32 idx=8 status=0 toa_us=99904

2026-08-09 07:37:58,363 INFO image_tx_daemon: txdone_arrival: seq=32 idx=9 status=0 toa_us=99904

2026-08-09 07:37:58,486 INFO image_tx_daemon: txdone_arrival: seq=32 idx=10 status=0 toa_us=99904

2026-08-09 07:37:58,661 INFO image_tx_daemon: txdone_arrival: seq=32 idx=11 status=0 toa_us=97344

2026-08-09 07:37:58,672 INFO image_tx_daemon: frame seq=32 done (pipelined): 12 fragments ok

2026-08-09 07:37:58,837 INFO image_tx_daemon: txdone_arrival: seq=35 idx=0 status=0 toa_us=99904

2026-08-09 07:37:58,954 INFO image_tx_daemon: txdone_arrival: seq=35 idx=1 status=0 toa_us=99904

2026-08-09 07:37:59,071 INFO image_tx_daemon: txdone_arrival: seq=35 idx=2 status=0 toa_us=99904

2026-08-09 07:37:59,188 INFO image_tx_daemon: txdone_arrival: seq=35 idx=3 status=0 toa_us=99904

2026-08-09 07:37:59,305 INFO image_tx_daemon: txdone_arrival: seq=35 idx=4 status=0 toa_us=99904

2026-08-09 07:37:59,422 INFO image_tx_daemon: txdone_arrival: seq=35 idx=5 status=0 toa_us=99904

2026-08-09 07:37:59,539 INFO image_tx_daemon: txdone_arrival: seq=35 idx=6 status=0 toa_us=99904

2026-08-09 07:37:59,656 INFO image_tx_daemon: txdone_arrival: seq=35 idx=7 status=0 toa_us=99904

2026-08-09 07:37:59,773 INFO image_tx_daemon: txdone_arrival: seq=35 idx=8 status=0 toa_us=99904

2026-08-09 07:37:59,890 INFO image_tx_daemon: txdone_arrival: seq=35 idx=9 status=0 toa_us=99904

2026-08-09 07:38:00,007 INFO image_tx_daemon: txdone_arrival: seq=35 idx=10 status=0 toa_us=99904

2026-08-09 07:38:00,131 INFO image_tx_daemon: txdone_arrival: seq=35 idx=11 status=0 toa_us=99904

2026-08-09 07:38:00,242 INFO image_tx_daemon: txdone_arrival: seq=35 idx=12 status=0 toa_us=35904

2026-08-09 07:38:00,254 INFO image_tx_daemon: frame seq=35 done (pipelined): 13 fragments ok

2026-08-09 07:38:00,428 INFO image_tx_daemon: txdone_arrival: seq=38 idx=0 status=0 toa_us=99904

2026-08-09 07:38:00,545 INFO image_tx_daemon: txdone_arrival: seq=38 idx=1 status=0 toa_us=99904

2026-08-09 07:38:00,662 INFO image_tx_daemon: txdone_arrival: seq=38 idx=2 status=0 toa_us=99904

2026-08-09 07:38:00,779 INFO image_tx_daemon: txdone_arrival: seq=38 idx=3 status=0 toa_us=99904

2026-08-09 07:38:00,897 INFO image_tx_daemon: txdone_arrival: seq=38 idx=4 status=0 toa_us=99904

2026-08-09 07:38:01,014 INFO image_tx_daemon: txdone_arrival: seq=38 idx=5 status=0 toa_us=99904

2026-08-09 07:38:01,131 INFO image_tx_daemon: txdone_arrival: seq=38 idx=6 status=0 toa_us=99904

2026-08-09 07:38:01,248 INFO image_tx_daemon: txdone_arrival: seq=38 idx=7 status=0 toa_us=99904

2026-08-09 07:38:01,365 INFO image_tx_daemon: txdone_arrival: seq=38 idx=8 status=0 toa_us=99904

2026-08-09 07:38:01,482 INFO image_tx_daemon: txdone_arrival: seq=38 idx=9 status=0 toa_us=99904

2026-08-09 07:38:01,605 INFO image_tx_daemon: txdone_arrival: seq=38 idx=10 status=0 toa_us=99904

2026-08-09 07:38:01,780 INFO image_tx_daemon: txdone_arrival: seq=38 idx=11 status=0 toa_us=92224

2026-08-09 07:38:01,791 INFO image_tx_daemon: frame seq=38 done (pipelined): 12 fragments ok

2026-08-09 07:38:01,956 INFO image_tx_daemon: txdone_arrival: seq=41 idx=0 status=0 toa_us=99904

2026-08-09 07:38:02,073 INFO image_tx_daemon: txdone_arrival: seq=41 idx=1 status=0 toa_us=99904

2026-08-09 07:38:02,190 INFO image_tx_daemon: txdone_arrival: seq=41 idx=2 status=0 toa_us=99904

2026-08-09 07:38:02,307 INFO image_tx_daemon: txdone_arrival: seq=41 idx=3 status=0 toa_us=99904

2026-08-09 07:38:02,424 INFO image_tx_daemon: txdone_arrival: seq=41 idx=4 status=0 toa_us=99904

2026-08-09 07:38:02,541 INFO image_tx_daemon: txdone_arrival: seq=41 idx=5 status=0 toa_us=99904

2026-08-09 07:38:02,658 INFO image_tx_daemon: txdone_arrival: seq=41 idx=6 status=0 toa_us=99904

2026-08-09 07:38:02,775 INFO image_tx_daemon: txdone_arrival: seq=41 idx=7 status=0 toa_us=99904

2026-08-09 07:38:02,892 INFO image_tx_daemon: txdone_arrival: seq=41 idx=8 status=0 toa_us=99904

2026-08-09 07:38:03,009 INFO image_tx_daemon: txdone_arrival: seq=41 idx=9 status=0 toa_us=99904

2026-08-09 07:38:03,126 INFO image_tx_daemon: txdone_arrival: seq=41 idx=10 status=0 toa_us=99904

2026-08-09 07:38:03,250 INFO image_tx_daemon: txdone_arrival: seq=41 idx=11 status=0 toa_us=99904

2026-08-09 07:38:03,254 INFO image_tx_daemon: stats: goodput=1926.4 B/s util=78% pipeline=v3 frames_in=309 ok=98 fail=0 drop_full=204 drop_stale=0 frags_ok=1260 frags_fail=0 qdepth=4 parity_tx=0

2026-08-09 07:38:03,282 INFO image_tx_daemon: txdone_arrival: seq=41 idx=12 status=0 toa_us=17984

2026-08-09 07:38:03,294 INFO image_tx_daemon: frame seq=41 done (pipelined): 13 fragments ok

2026-08-09 07:38:03,489 INFO image_tx_daemon: txdone_arrival: seq=44 idx=0 status=0 toa_us=99904

2026-08-09 07:38:03,607 INFO image_tx_daemon: txdone_arrival: seq=44 idx=1 status=0 toa_us=99904

2026-08-09 07:38:03,724 INFO image_tx_daemon: txdone_arrival: seq=44 idx=2 status=0 toa_us=99904

2026-08-09 07:38:03,841 INFO image_tx_daemon: txdone_arrival: seq=44 idx=3 status=0 toa_us=99904

2026-08-09 07:38:03,958 INFO image_tx_daemon: txdone_arrival: seq=44 idx=4 status=0 toa_us=99904

2026-08-09 07:38:04,075 INFO image_tx_daemon: txdone_arrival: seq=44 idx=5 status=0 toa_us=99904

2026-08-09 07:38:04,192 INFO image_tx_daemon: txdone_arrival: seq=44 idx=6 status=0 toa_us=99904

2026-08-09 07:38:04,309 INFO image_tx_daemon: txdone_arrival: seq=44 idx=7 status=0 toa_us=99904

2026-08-09 07:38:04,427 INFO image_tx_daemon: txdone_arrival: seq=44 idx=8 status=0 toa_us=99904

2026-08-09 07:38:04,543 INFO image_tx_daemon: txdone_arrival: seq=44 idx=9 status=0 toa_us=99904

2026-08-09 07:38:04,660 INFO image_tx_daemon: txdone_arrival: seq=44 idx=10 status=0 toa_us=99904

2026-08-09 07:38:04,784 INFO image_tx_daemon: txdone_arrival: seq=44 idx=11 status=0 toa_us=99904

2026-08-09 07:38:04,817 INFO image_tx_daemon: txdone_arrival: seq=44 idx=12 status=0 toa_us=24384

2026-08-09 07:38:04,828 INFO image_tx_daemon: frame seq=44 done (pipelined): 13 fragments ok

2026-08-09 07:38:05,024 INFO image_tx_daemon: txdone_arrival: seq=47 idx=0 status=0 toa_us=99904

2026-08-09 07:38:05,141 INFO image_tx_daemon: txdone_arrival: seq=47 idx=1 status=0 toa_us=99904

2026-08-09 07:38:05,258 INFO image_tx_daemon: txdone_arrival: seq=47 idx=2 status=0 toa_us=99904

2026-08-09 07:38:05,375 INFO image_tx_daemon: txdone_arrival: seq=47 idx=3 status=0 toa_us=99904

2026-08-09 07:38:05,492 INFO image_tx_daemon: txdone_arrival: seq=47 idx=4 status=0 toa_us=99904

2026-08-09 07:38:05,609 INFO image_tx_daemon: txdone_arrival: seq=47 idx=5 status=0 toa_us=99904

2026-08-09 07:38:05,726 INFO image_tx_daemon: txdone_arrival: seq=47 idx=6 status=0 toa_us=99904

2026-08-09 07:38:05,843 INFO image_tx_daemon: txdone_arrival: seq=47 idx=7 status=0 toa_us=99904

2026-08-09 07:38:05,960 INFO image_tx_daemon: txdone_arrival: seq=47 idx=8 status=0 toa_us=99904

2026-08-09 07:38:06,077 INFO image_tx_daemon: txdone_arrival: seq=47 idx=9 status=0 toa_us=99904

2026-08-09 07:38:06,194 INFO image_tx_daemon: txdone_arrival: seq=47 idx=10 status=0 toa_us=99904

2026-08-09 07:38:06,318 INFO image_tx_daemon: txdone_arrival: seq=47 idx=11 status=0 toa_us=99904

2026-08-09 07:38:06,351 INFO image_tx_daemon: txdone_arrival: seq=47 idx=12 status=0 toa_us=23104

2026-08-09 07:38:06,362 INFO image_tx_daemon: frame seq=47 done (pipelined): 13 fragments ok

2026-08-09 07:38:06,558 INFO image_tx_daemon: txdone_arrival: seq=50 idx=0 status=0 toa_us=99904

2026-08-09 07:38:06,675 INFO image_tx_daemon: txdone_arrival: seq=50 idx=1 status=0 toa_us=99904

2026-08-09 07:38:06,792 INFO image_tx_daemon: txdone_arrival: seq=50 idx=2 status=0 toa_us=99904

2026-08-09 07:38:06,909 INFO image_tx_daemon: txdone_arrival: seq=50 idx=3 status=0 toa_us=99904

2026-08-09 07:38:07,026 INFO image_tx_daemon: txdone_arrival: seq=50 idx=4 status=0 toa_us=99904

2026-08-09 07:38:07,143 INFO image_tx_daemon: txdone_arrival: seq=50 idx=5 status=0 toa_us=99904

2026-08-09 07:38:07,260 INFO image_tx_daemon: txdone_arrival: seq=50 idx=6 status=0 toa_us=99904

2026-08-09 07:38:07,377 INFO image_tx_daemon: txdone_arrival: seq=50 idx=7 status=0 toa_us=99904

2026-08-09 07:38:07,494 INFO image_tx_daemon: txdone_arrival: seq=50 idx=8 status=0 toa_us=99904

2026-08-09 07:38:07,611 INFO image_tx_daemon: txdone_arrival: seq=50 idx=9 status=0 toa_us=99904

2026-08-09 07:38:07,728 INFO image_tx_daemon: txdone_arrival: seq=50 idx=10 status=0 toa_us=99904

2026-08-09 07:38:07,852 INFO image_tx_daemon: txdone_arrival: seq=50 idx=11 status=0 toa_us=99904

2026-08-09 07:38:07,885 INFO image_tx_daemon: txdone_arrival: seq=50 idx=12 status=0 toa_us=24384

2026-08-09 07:38:07,896 INFO image_tx_daemon: frame seq=50 done (pipelined): 13 fragments ok

2026-08-09 07:38:08,092 INFO image_tx_daemon: txdone_arrival: seq=54 idx=0 status=0 toa_us=99904

2026-08-09 07:38:08,209 INFO image_tx_daemon: txdone_arrival: seq=54 idx=1 status=0 toa_us=99904

2026-08-09 07:38:08,326 INFO image_tx_daemon: txdone_arrival: seq=54 idx=2 status=0 toa_us=99904

2026-08-09 07:38:08,443 INFO image_tx_daemon: txdone_arrival: seq=54 idx=3 status=0 toa_us=99904

2026-08-09 07:38:08,563 INFO image_tx_daemon: txdone_arrival: seq=54 idx=4 status=0 toa_us=99904

2026-08-09 07:38:08,677 INFO image_tx_daemon: txdone_arrival: seq=54 idx=5 status=0 toa_us=99904

2026-08-09 07:38:08,794 INFO image_tx_daemon: txdone_arrival: seq=54 idx=6 status=0 toa_us=99904

2026-08-09 07:38:08,911 INFO image_tx_daemon: txdone_arrival: seq=54 idx=7 status=0 toa_us=99904

2026-08-09 07:38:09,028 INFO image_tx_daemon: txdone_arrival: seq=54 idx=8 status=0 toa_us=99904

2026-08-09 07:38:09,145 INFO image_tx_daemon: txdone_arrival: seq=54 idx=9 status=0 toa_us=99904

2026-08-09 07:38:09,262 INFO image_tx_daemon: txdone_arrival: seq=54 idx=10 status=0 toa_us=99904

2026-08-09 07:38:09,385 INFO image_tx_daemon: txdone_arrival: seq=54 idx=11 status=0 toa_us=99904

2026-08-09 07:38:09,497 INFO image_tx_daemon: txdone_arrival: seq=54 idx=12 status=0 toa_us=38464

2026-08-09 07:38:09,509 INFO image_tx_daemon: frame seq=54 done (pipelined): 13 fragments ok

2026-08-09 07:38:09,688 INFO image_tx_daemon: txdone_arrival: seq=57 idx=0 status=0 toa_us=99904

2026-08-09 07:38:09,806 INFO image_tx_daemon: txdone_arrival: seq=57 idx=1 status=0 toa_us=99904

2026-08-09 07:38:09,923 INFO image_tx_daemon: txdone_arrival: seq=57 idx=2 status=0 toa_us=99904

2026-08-09 07:38:10,040 INFO image_tx_daemon: txdone_arrival: seq=57 idx=3 status=0 toa_us=99904

2026-08-09 07:38:10,157 INFO image_tx_daemon: txdone_arrival: seq=57 idx=4 status=0 toa_us=99904

2026-08-09 07:38:10,274 INFO image_tx_daemon: txdone_arrival: seq=57 idx=5 status=0 toa_us=99904

2026-08-09 07:38:10,391 INFO image_tx_daemon: txdone_arrival: seq=57 idx=6 status=0 toa_us=99904

2026-08-09 07:38:10,508 INFO image_tx_daemon: txdone_arrival: seq=57 idx=7 status=0 toa_us=99904

2026-08-09 07:38:10,625 INFO image_tx_daemon: txdone_arrival: seq=57 idx=8 status=0 toa_us=99904

2026-08-09 07:38:10,742 INFO image_tx_daemon: txdone_arrival: seq=57 idx=9 status=0 toa_us=99904

2026-08-09 07:38:10,859 INFO image_tx_daemon: txdone_arrival: seq=57 idx=10 status=0 toa_us=99904

2026-08-09 07:38:10,982 INFO image_tx_daemon: txdone_arrival: seq=57 idx=11 status=0 toa_us=99904

2026-08-09 07:38:11,083 INFO image_tx_daemon: txdone_arrival: seq=57 idx=12 status=0 toa_us=32064

2026-08-09 07:38:11,095 INFO image_tx_daemon: frame seq=57 done (pipelined): 13 fragments ok

2026-08-09 07:38:11,280 INFO image_tx_daemon: txdone_arrival: seq=60 idx=0 status=0 toa_us=99904

2026-08-09 07:38:11,397 INFO image_tx_daemon: txdone_arrival: seq=60 idx=1 status=0 toa_us=99904

2026-08-09 07:38:11,514 INFO image_tx_daemon: txdone_arrival: seq=60 idx=2 status=0 toa_us=99904

2026-08-09 07:38:11,631 INFO image_tx_daemon: txdone_arrival: seq=60 idx=3 status=0 toa_us=99904

2026-08-09 07:38:11,748 INFO image_tx_daemon: txdone_arrival: seq=60 idx=4 status=0 toa_us=99904

2026-08-09 07:38:11,865 INFO image_tx_daemon: txdone_arrival: seq=60 idx=5 status=0 toa_us=99904

2026-08-09 07:38:11,982 INFO image_tx_daemon: txdone_arrival: seq=60 idx=6 status=0 toa_us=99904

2026-08-09 07:38:12,099 INFO image_tx_daemon: txdone_arrival: seq=60 idx=7 status=0 toa_us=99904

2026-08-09 07:38:12,216 INFO image_tx_daemon: txdone_arrival: seq=60 idx=8 status=0 toa_us=99904

2026-08-09 07:38:12,333 INFO image_tx_daemon: txdone_arrival: seq=60 idx=9 status=0 toa_us=99904

2026-08-09 07:38:12,457 INFO image_tx_daemon: txdone_arrival: seq=60 idx=10 status=0 toa_us=99904

2026-08-09 07:38:12,631 INFO image_tx_daemon: txdone_arrival: seq=60 idx=11 status=0 toa_us=92224

2026-08-09 07:38:12,643 INFO image_tx_daemon: frame seq=60 done (pipelined): 12 fragments ok

2026-08-09 07:38:12,807 INFO image_tx_daemon: txdone_arrival: seq=63 idx=0 status=0 toa_us=99904

2026-08-09 07:38:12,924 INFO image_tx_daemon: txdone_arrival: seq=63 idx=1 status=0 toa_us=99904

2026-08-09 07:38:13,041 INFO image_tx_daemon: txdone_arrival: seq=63 idx=2 status=0 toa_us=99904

2026-08-09 07:38:13,158 INFO image_tx_daemon: txdone_arrival: seq=63 idx=3 status=0 toa_us=99904

2026-08-09 07:38:13,266 INFO image_tx_daemon: stats: goodput=1901.2 B/s util=77% pipeline=v3 frames_in=329 ok=105 fail=0 drop_full=218 drop_stale=0 frags_ok=1342 frags_fail=0 qdepth=3 parity_tx=0

2026-08-09 07:38:13,275 INFO image_tx_daemon: txdone_arrival: seq=63 idx=4 status=0 toa_us=99904

2026-08-09 07:38:13,392 INFO image_tx_daemon: txdone_arrival: seq=63 idx=5 status=0 toa_us=99904

2026-08-09 07:38:13,509 INFO image_tx_daemon: txdone_arrival: seq=63 idx=6 status=0 toa_us=99904

2026-08-09 07:38:13,626 INFO image_tx_daemon: txdone_arrival: seq=63 idx=7 status=0 toa_us=99904

2026-08-09 07:38:13,743 INFO image_tx_daemon: txdone_arrival: seq=63 idx=8 status=0 toa_us=99904

2026-08-09 07:38:13,860 INFO image_tx_daemon: txdone_arrival: seq=63 idx=9 status=0 toa_us=99904

2026-08-09 07:38:13,984 INFO image_tx_daemon: txdone_arrival: seq=63 idx=10 status=0 toa_us=99904

2026-08-09 07:38:14,159 INFO image_tx_daemon: txdone_arrival: seq=63 idx=11 status=0 toa_us=94784

2026-08-09 07:38:14,170 INFO image_tx_daemon: frame seq=63 done (pipelined): 12 fragments ok

2026-08-09 07:38:14,334 INFO image_tx_daemon: txdone_arrival: seq=69 idx=0 status=0 toa_us=99904

2026-08-09 07:38:14,451 INFO image_tx_daemon: txdone_arrival: seq=69 idx=1 status=0 toa_us=99904

2026-08-09 07:38:14,568 INFO image_tx_daemon: txdone_arrival: seq=69 idx=2 status=0 toa_us=99904

2026-08-09 07:38:14,686 INFO image_tx_daemon: txdone_arrival: seq=69 idx=3 status=0 toa_us=99904

2026-08-09 07:38:14,802 INFO image_tx_daemon: txdone_arrival: seq=69 idx=4 status=0 toa_us=99904

2026-08-09 07:38:14,920 INFO image_tx_daemon: txdone_arrival: seq=69 idx=5 status=0 toa_us=99904

2026-08-09 07:38:15,037 INFO image_tx_daemon: txdone_arrival: seq=69 idx=6 status=0 toa_us=99904

2026-08-09 07:38:15,154 INFO image_tx_daemon: txdone_arrival: seq=69 idx=7 status=0 toa_us=99904

2026-08-09 07:38:15,271 INFO image_tx_daemon: txdone_arrival: seq=69 idx=8 status=0 toa_us=99904

2026-08-09 07:38:15,388 INFO image_tx_daemon: txdone_arrival: seq=69 idx=9 status=0 toa_us=99904

2026-08-09 07:38:15,511 INFO image_tx_daemon: txdone_arrival: seq=69 idx=10 status=0 toa_us=99904

2026-08-09 07:38:15,696 INFO image_tx_daemon: txdone_arrival: seq=69 idx=11 status=0 toa_us=99904

2026-08-09 07:38:15,708 INFO image_tx_daemon: frame seq=69 done (pipelined): 12 fragments ok

2026-08-09 07:38:15,872 INFO image_tx_daemon: txdone_arrival: seq=70 idx=0 status=0 toa_us=99904

2026-08-09 07:38:15,989 INFO image_tx_daemon: txdone_arrival: seq=70 idx=1 status=0 toa_us=99904

2026-08-09 07:38:16,106 INFO image_tx_daemon: txdone_arrival: seq=70 idx=2 status=0 toa_us=99904

2026-08-09 07:38:16,223 INFO image_tx_daemon: txdone_arrival: seq=70 idx=3 status=0 toa_us=99904

2026-08-09 07:38:16,340 INFO image_tx_daemon: txdone_arrival: seq=70 idx=4 status=0 toa_us=99904

2026-08-09 07:38:16,457 INFO image_tx_daemon: txdone_arrival: seq=70 idx=5 status=0 toa_us=99904

2026-08-09 07:38:16,574 INFO image_tx_daemon: txdone_arrival: seq=70 idx=6 status=0 toa_us=99904

2026-08-09 07:38:16,692 INFO image_tx_daemon: txdone_arrival: seq=70 idx=7 status=0 toa_us=99904

2026-08-09 07:38:16,809 INFO image_tx_daemon: txdone_arrival: seq=70 idx=8 status=0 toa_us=99904

2026-08-09 07:38:16,926 INFO image_tx_daemon: txdone_arrival: seq=70 idx=9 status=0 toa_us=99904

2026-08-09 07:38:17,049 INFO image_tx_daemon: txdone_arrival: seq=70 idx=10 status=0 toa_us=99904

2026-08-09 07:38:17,224 INFO image_tx_daemon: txdone_arrival: seq=70 idx=11 status=0 toa_us=92224

2026-08-09 07:38:17,235 INFO image_tx_daemon: frame seq=70 done (pipelined): 12 fragments ok

2026-08-09 07:38:17,400 INFO image_tx_daemon: txdone_arrival: seq=72 idx=0 status=0 toa_us=99904

2026-08-09 07:38:17,517 INFO image_tx_daemon: txdone_arrival: seq=72 idx=1 status=0 toa_us=99904

2026-08-09 07:38:17,634 INFO image_tx_daemon: txdone_arrival: seq=72 idx=2 status=0 toa_us=99904

2026-08-09 07:38:17,751 INFO image_tx_daemon: txdone_arrival: seq=72 idx=3 status=0 toa_us=99904

2026-08-09 07:38:17,868 INFO image_tx_daemon: txdone_arrival: seq=72 idx=4 status=0 toa_us=99904

2026-08-09 07:38:17,985 INFO image_tx_daemon: txdone_arrival: seq=72 idx=5 status=0 toa_us=99904

2026-08-09 07:38:18,102 INFO image_tx_daemon: txdone_arrival: seq=72 idx=6 status=0 toa_us=99904

2026-08-09 07:38:18,219 INFO image_tx_daemon: txdone_arrival: seq=72 idx=7 status=0 toa_us=99904

2026-08-09 07:38:18,336 INFO image_tx_daemon: txdone_arrival: seq=72 idx=8 status=0 toa_us=99904

2026-08-09 07:38:18,453 INFO image_tx_daemon: txdone_arrival: seq=72 idx=9 status=0 toa_us=99904

2026-08-09 07:38:18,570 INFO image_tx_daemon: txdone_arrival: seq=72 idx=10 status=0 toa_us=99904

2026-08-09 07:38:18,693 INFO image_tx_daemon: txdone_arrival: seq=72 idx=11 status=0 toa_us=99904

2026-08-09 07:38:18,805 INFO image_tx_daemon: txdone_arrival: seq=72 idx=12 status=0 toa_us=35904

2026-08-09 07:38:18,816 INFO image_tx_daemon: frame seq=72 done (pipelined): 13 fragments ok

2026-08-09 07:38:18,991 INFO image_tx_daemon: txdone_arrival: seq=75 idx=0 status=0 toa_us=99904

2026-08-09 07:38:19,108 INFO image_tx_daemon: txdone_arrival: seq=75 idx=1 status=0 toa_us=99904

2026-08-09 07:38:19,225 INFO image_tx_daemon: txdone_arrival: seq=75 idx=2 status=0 toa_us=99904

2026-08-09 07:38:19,342 INFO image_tx_daemon: txdone_arrival: seq=75 idx=3 status=0 toa_us=99904

2026-08-09 07:38:19,459 INFO image_tx_daemon: txdone_arrival: seq=75 idx=4 status=0 toa_us=99904

2026-08-09 07:38:19,576 INFO image_tx_daemon: txdone_arrival: seq=75 idx=5 status=0 toa_us=99904

2026-08-09 07:38:19,693 INFO image_tx_daemon: txdone_arrival: seq=75 idx=6 status=0 toa_us=99904

2026-08-09 07:38:19,810 INFO image_tx_daemon: txdone_arrival: seq=75 idx=7 status=0 toa_us=99904

2026-08-09 07:38:19,927 INFO image_tx_daemon: txdone_arrival: seq=75 idx=8 status=0 toa_us=99904

2026-08-09 07:38:20,044 INFO image_tx_daemon: txdone_arrival: seq=75 idx=9 status=0 toa_us=99904

2026-08-09 07:38:20,167 INFO image_tx_daemon: txdone_arrival: seq=75 idx=10 status=0 toa_us=99904

2026-08-09 07:38:20,353 INFO image_tx_daemon: txdone_arrival: seq=75 idx=11 status=0 toa_us=99904

2026-08-09 07:38:20,364 INFO image_tx_daemon: frame seq=75 done (pipelined): 12 fragments ok

2026-08-09 07:38:20,529 INFO image_tx_daemon: txdone_arrival: seq=81 idx=0 status=0 toa_us=99904

2026-08-09 07:38:20,646 INFO image_tx_daemon: txdone_arrival: seq=81 idx=1 status=0 toa_us=99904

2026-08-09 07:38:20,763 INFO image_tx_daemon: txdone_arrival: seq=81 idx=2 status=0 toa_us=99904

2026-08-09 07:38:20,880 INFO image_tx_daemon: txdone_arrival: seq=81 idx=3 status=0 toa_us=99904

2026-08-09 07:38:20,998 INFO image_tx_daemon: txdone_arrival: seq=81 idx=4 status=0 toa_us=99904

2026-08-09 07:38:21,114 INFO image_tx_daemon: txdone_arrival: seq=81 idx=5 status=0 toa_us=99904

2026-08-09 07:38:21,232 INFO image_tx_daemon: txdone_arrival: seq=81 idx=6 status=0 toa_us=99904

2026-08-09 07:38:21,349 INFO image_tx_daemon: txdone_arrival: seq=81 idx=7 status=0 toa_us=99904

2026-08-09 07:38:21,466 INFO image_tx_daemon: txdone_arrival: seq=81 idx=8 status=0 toa_us=99904

2026-08-09 07:38:21,583 INFO image_tx_daemon: txdone_arrival: seq=81 idx=9 status=0 toa_us=99904

2026-08-09 07:38:21,706 INFO image_tx_daemon: txdone_arrival: seq=81 idx=10 status=0 toa_us=99904

2026-08-09 07:38:21,881 INFO image_tx_daemon: txdone_arrival: seq=81 idx=11 status=0 toa_us=90944

2026-08-09 07:38:21,892 INFO image_tx_daemon: frame seq=81 done (pipelined): 12 fragments ok

2026-08-09 07:38:22,057 INFO image_tx_daemon: txdone_arrival: seq=82 idx=0 status=0 toa_us=99904

2026-08-09 07:38:22,174 INFO image_tx_daemon: txdone_arrival: seq=82 idx=1 status=0 toa_us=99904

2026-08-09 07:38:22,291 INFO image_tx_daemon: txdone_arrival: seq=82 idx=2 status=0 toa_us=99904

2026-08-09 07:38:22,408 INFO image_tx_daemon: txdone_arrival: seq=82 idx=3 status=0 toa_us=99904

2026-08-09 07:38:22,525 INFO image_tx_daemon: txdone_arrival: seq=82 idx=4 status=0 toa_us=99904

2026-08-09 07:38:22,642 INFO image_tx_daemon: txdone_arrival: seq=82 idx=5 status=0 toa_us=99904

2026-08-09 07:38:22,759 INFO image_tx_daemon: txdone_arrival: seq=82 idx=6 status=0 toa_us=99904

2026-08-09 07:38:22,876 INFO image_tx_daemon: txdone_arrival: seq=82 idx=7 status=0 toa_us=99904

2026-08-09 07:38:22,993 INFO image_tx_daemon: txdone_arrival: seq=82 idx=8 status=0 toa_us=99904

2026-08-09 07:38:23,110 INFO image_tx_daemon: txdone_arrival: seq=82 idx=9 status=0 toa_us=99904

2026-08-09 07:38:23,227 INFO image_tx_daemon: txdone_arrival: seq=82 idx=10 status=0 toa_us=99904

2026-08-09 07:38:23,279 INFO image_tx_daemon: stats: goodput=1950.4 B/s util=79% pipeline=v3 frames_in=349 ok=111 fail=0 drop_full=232 drop_stale=0 frags_ok=1422 frags_fail=0 qdepth=4 parity_tx=0

2026-08-09 07:38:23,351 INFO image_tx_daemon: txdone_arrival: seq=82 idx=11 status=0 toa_us=99904

2026-08-09 07:38:23,384 INFO image_tx_daemon: txdone_arrival: seq=82 idx=12 status=0 toa_us=24384

2026-08-09 07:38:23,395 INFO image_tx_daemon: frame seq=82 done (pipelined): 13 fragments ok

2026-08-09 07:38:23,591 INFO image_tx_daemon: txdone_arrival: seq=85 idx=0 status=0 toa_us=99904

2026-08-09 07:38:23,708 INFO image_tx_daemon: txdone_arrival: seq=85 idx=1 status=0 toa_us=99904

2026-08-09 07:38:23,825 INFO image_tx_daemon: txdone_arrival: seq=85 idx=2 status=0 toa_us=99904

2026-08-09 07:38:23,942 INFO image_tx_daemon: txdone_arrival: seq=85 idx=3 status=0 toa_us=99904

2026-08-09 07:38:24,059 INFO image_tx_daemon: txdone_arrival: seq=85 idx=4 status=0 toa_us=99904

2026-08-09 07:38:24,176 INFO image_tx_daemon: txdone_arrival: seq=85 idx=5 status=0 toa_us=99904

2026-08-09 07:38:24,293 INFO image_tx_daemon: txdone_arrival: seq=85 idx=6 status=0 toa_us=99904

2026-08-09 07:38:24,410 INFO image_tx_daemon: txdone_arrival: seq=85 idx=7 status=0 toa_us=99904

2026-08-09 07:38:24,527 INFO image_tx_daemon: txdone_arrival: seq=85 idx=8 status=0 toa_us=99904

2026-08-09 07:38:24,644 INFO image_tx_daemon: txdone_arrival: seq=85 idx=9 status=0 toa_us=99904

2026-08-09 07:38:24,761 INFO image_tx_daemon: txdone_arrival: seq=85 idx=10 status=0 toa_us=99904

2026-08-09 07:38:24,885 INFO image_tx_daemon: txdone_arrival: seq=85 idx=11 status=0 toa_us=99904

2026-08-09 07:38:24,996 INFO image_tx_daemon: txdone_arrival: seq=85 idx=12 status=0 toa_us=38464

2026-08-09 07:38:25,008 INFO image_tx_daemon: frame seq=85 done (pipelined): 13 fragments ok

2026-08-09 07:38:25,182 INFO image_tx_daemon: txdone_arrival: seq=91 idx=0 status=0 toa_us=99904

2026-08-09 07:38:25,299 INFO image_tx_daemon: txdone_arrival: seq=91 idx=1 status=0 toa_us=99904

2026-08-09 07:38:25,416 INFO image_tx_daemon: txdone_arrival: seq=91 idx=2 status=0 toa_us=99904

2026-08-09 07:38:25,533 INFO image_tx_daemon: txdone_arrival: seq=91 idx=3 status=0 toa_us=99904

2026-08-09 07:38:25,650 INFO image_tx_daemon: txdone_arrival: seq=91 idx=4 status=0 toa_us=99904

2026-08-09 07:38:25,767 INFO image_tx_daemon: txdone_arrival: seq=91 idx=5 status=0 toa_us=99904

2026-08-09 07:38:25,884 INFO image_tx_daemon: txdone_arrival: seq=91 idx=6 status=0 toa_us=99904

2026-08-09 07:38:26,001 INFO image_tx_daemon: txdone_arrival: seq=91 idx=7 status=0 toa_us=99904

2026-08-09 07:38:26,119 INFO image_tx_daemon: txdone_arrival: seq=91 idx=8 status=0 toa_us=99904

2026-08-09 07:38:26,236 INFO image_tx_daemon: txdone_arrival: seq=91 idx=9 status=0 toa_us=99904

2026-08-09 07:38:26,353 INFO image_tx_daemon: txdone_arrival: seq=91 idx=10 status=0 toa_us=99904

2026-08-09 07:38:26,476 INFO image_tx_daemon: txdone_arrival: seq=91 idx=11 status=0 toa_us=99904

2026-08-09 07:38:26,588 INFO image_tx_daemon: txdone_arrival: seq=91 idx=12 status=0 toa_us=38464

2026-08-09 07:38:26,599 INFO image_tx_daemon: frame seq=91 done (pipelined): 13 fragments ok

2026-08-09 07:38:26,773 INFO image_tx_daemon: txdone_arrival: seq=92 idx=0 status=0 toa_us=99904

2026-08-09 07:38:26,891 INFO image_tx_daemon: txdone_arrival: seq=92 idx=1 status=0 toa_us=99904

2026-08-09 07:38:27,008 INFO image_tx_daemon: txdone_arrival: seq=92 idx=2 status=0 toa_us=99904

2026-08-09 07:38:27,125 INFO image_tx_daemon: txdone_arrival: seq=92 idx=3 status=0 toa_us=99904

2026-08-09 07:38:27,242 INFO image_tx_daemon: txdone_arrival: seq=92 idx=4 status=0 toa_us=99904

2026-08-09 07:38:27,359 INFO image_tx_daemon: txdone_arrival: seq=92 idx=5 status=0 toa_us=99904

2026-08-09 07:38:27,476 INFO image_tx_daemon: txdone_arrival: seq=92 idx=6 status=0 toa_us=99904

2026-08-09 07:38:27,593 INFO image_tx_daemon: txdone_arrival: seq=92 idx=7 status=0 toa_us=99904

2026-08-09 07:38:27,710 INFO image_tx_daemon: txdone_arrival: seq=92 idx=8 status=0 toa_us=99904

2026-08-09 07:38:27,827 INFO image_tx_daemon: txdone_arrival: seq=92 idx=9 status=0 toa_us=99904

2026-08-09 07:38:27,950 INFO image_tx_daemon: txdone_arrival: seq=92 idx=10 status=0 toa_us=99904

2026-08-09 07:38:28,125 INFO image_tx_daemon: txdone_arrival: seq=92 idx=11 status=0 toa_us=92224

2026-08-09 07:38:28,137 INFO image_tx_daemon: frame seq=92 done (pipelined): 12 fragments ok

2026-08-09 07:38:28,301 INFO image_tx_daemon: txdone_arrival: seq=94 idx=0 status=0 toa_us=99904

2026-08-09 07:38:28,418 INFO image_tx_daemon: txdone_arrival: seq=94 idx=1 status=0 toa_us=99904

2026-08-09 07:38:28,535 INFO image_tx_daemon: txdone_arrival: seq=94 idx=2 status=0 toa_us=99904

2026-08-09 07:38:28,652 INFO image_tx_daemon: txdone_arrival: seq=94 idx=3 status=0 toa_us=99904

2026-08-09 07:38:28,769 INFO image_tx_daemon: txdone_arrival: seq=94 idx=4 status=0 toa_us=99904

2026-08-09 07:38:28,886 INFO image_tx_daemon: txdone_arrival: seq=94 idx=5 status=0 toa_us=99904

2026-08-09 07:38:29,003 INFO image_tx_daemon: txdone_arrival: seq=94 idx=6 status=0 toa_us=99904

2026-08-09 07:38:29,120 INFO image_tx_daemon: txdone_arrival: seq=94 idx=7 status=0 toa_us=99904

2026-08-09 07:38:29,237 INFO image_tx_daemon: txdone_arrival: seq=94 idx=8 status=0 toa_us=99904

2026-08-09 07:38:29,354 INFO image_tx_daemon: txdone_arrival: seq=94 idx=9 status=0 toa_us=99904

2026-08-09 07:38:29,478 INFO image_tx_daemon: txdone_arrival: seq=94 idx=10 status=0 toa_us=99904

2026-08-09 07:38:29,663 INFO image_tx_daemon: txdone_arrival: seq=94 idx=11 status=0 toa_us=99904

2026-08-09 07:38:29,674 INFO image_tx_daemon: frame seq=94 done (pipelined): 12 fragments ok

2026-08-09 07:38:29,838 INFO image_tx_daemon: txdone_arrival: seq=97 idx=0 status=0 toa_us=99904

2026-08-09 07:38:29,956 INFO image_tx_daemon: txdone_arrival: seq=97 idx=1 status=0 toa_us=99904

2026-08-09 07:38:30,073 INFO image_tx_daemon: txdone_arrival: seq=97 idx=2 status=0 toa_us=99904

2026-08-09 07:38:30,190 INFO image_tx_daemon: txdone_arrival: seq=97 idx=3 status=0 toa_us=99904

2026-08-09 07:38:30,307 INFO image_tx_daemon: txdone_arrival: seq=97 idx=4 status=0 toa_us=99904

2026-08-09 07:38:30,424 INFO image_tx_daemon: txdone_arrival: seq=97 idx=5 status=0 toa_us=99904

2026-08-09 07:38:30,541 INFO image_tx_daemon: txdone_arrival: seq=97 idx=6 status=0 toa_us=99904

2026-08-09 07:38:30,658 INFO image_tx_daemon: txdone_arrival: seq=97 idx=7 status=0 toa_us=99904

2026-08-09 07:38:30,775 INFO image_tx_daemon: txdone_arrival: seq=97 idx=8 status=0 toa_us=99904

2026-08-09 07:38:30,892 INFO image_tx_daemon: txdone_arrival: seq=97 idx=9 status=0 toa_us=99904

2026-08-09 07:38:31,009 INFO image_tx_daemon: txdone_arrival: seq=97 idx=10 status=0 toa_us=99904

2026-08-09 07:38:31,132 INFO image_tx_daemon: txdone_arrival: seq=97 idx=11 status=0 toa_us=99904

2026-08-09 07:38:31,244 INFO image_tx_daemon: txdone_arrival: seq=97 idx=12 status=0 toa_us=35904

2026-08-09 07:38:31,255 INFO image_tx_daemon: frame seq=97 done (pipelined): 13 fragments ok

2026-08-09 07:38:31,430 INFO image_tx_daemon: txdone_arrival: seq=103 idx=0 status=0 toa_us=99904

2026-08-09 07:38:31,547 INFO image_tx_daemon: txdone_arrival: seq=103 idx=1 status=0 toa_us=99904

2026-08-09 07:38:31,664 INFO image_tx_daemon: txdone_arrival: seq=103 idx=2 status=0 toa_us=99904

2026-08-09 07:38:31,781 INFO image_tx_daemon: txdone_arrival: seq=103 idx=3 status=0 toa_us=99904

2026-08-09 07:38:31,898 INFO image_tx_daemon: txdone_arrival: seq=103 idx=4 status=0 toa_us=99904

2026-08-09 07:38:32,015 INFO image_tx_daemon: txdone_arrival: seq=103 idx=5 status=0 toa_us=99904

2026-08-09 07:38:32,132 INFO image_tx_daemon: txdone_arrival: seq=103 idx=6 status=0 toa_us=99904

2026-08-09 07:38:32,250 INFO image_tx_daemon: txdone_arrival: seq=103 idx=7 status=0 toa_us=99904

2026-08-09 07:38:32,367 INFO image_tx_daemon: txdone_arrival: seq=103 idx=8 status=0 toa_us=99904

2026-08-09 07:38:32,484 INFO image_tx_daemon: txdone_arrival: seq=103 idx=9 status=0 toa_us=99904

2026-08-09 07:38:32,601 INFO image_tx_daemon: txdone_arrival: seq=103 idx=10 status=0 toa_us=99904

2026-08-09 07:38:32,724 INFO image_tx_daemon: txdone_arrival: seq=103 idx=11 status=0 toa_us=99904

2026-08-09 07:38:32,825 INFO image_tx_daemon: txdone_arrival: seq=103 idx=12 status=0 toa_us=32064

2026-08-09 07:38:32,837 INFO image_tx_daemon: frame seq=103 done (pipelined): 13 fragments ok

2026-08-09 07:38:33,022 INFO image_tx_daemon: txdone_arrival: seq=104 idx=0 status=0 toa_us=99904

2026-08-09 07:38:33,139 INFO image_tx_daemon: txdone_arrival: seq=104 idx=1 status=0 toa_us=99904

2026-08-09 07:38:33,256 INFO image_tx_daemon: txdone_arrival: seq=104 idx=2 status=0 toa_us=99904

2026-08-09 07:38:33,290 INFO image_tx_daemon: stats: goodput=1906.7 B/s util=77% pipeline=v3 frames_in=369 ok=118 fail=0 drop_full=245 drop_stale=0 frags_ok=1503 frags_fail=0 qdepth=3 parity_tx=0

2026-08-09 07:38:33,373 INFO image_tx_daemon: txdone_arrival: seq=104 idx=3 status=0 toa_us=99904

2026-08-09 07:38:33,490 INFO image_tx_daemon: txdone_arrival: seq=104 idx=4 status=0 toa_us=99904

2026-08-09 07:38:33,607 INFO image_tx_daemon: txdone_arrival: seq=104 idx=5 status=0 toa_us=99904

2026-08-09 07:38:33,724 INFO image_tx_daemon: txdone_arrival: seq=104 idx=6 status=0 toa_us=99904

2026-08-09 07:38:33,841 INFO image_tx_daemon: txdone_arrival: seq=104 idx=7 status=0 toa_us=99904

2026-08-09 07:38:33,958 INFO image_tx_daemon: txdone_arrival: seq=104 idx=8 status=0 toa_us=99904

2026-08-09 07:38:34,075 INFO image_tx_daemon: txdone_arrival: seq=104 idx=9 status=0 toa_us=99904

2026-08-09 07:38:34,192 INFO image_tx_daemon: txdone_arrival: seq=104 idx=10 status=0 toa_us=99904

2026-08-09 07:38:34,315 INFO image_tx_daemon: txdone_arrival: seq=104 idx=11 status=0 toa_us=99904

2026-08-09 07:38:34,427 INFO image_tx_daemon: txdone_arrival: seq=104 idx=12 status=0 toa_us=35904

2026-08-09 07:38:34,438 INFO image_tx_daemon: frame seq=104 done (pipelined): 13 fragments ok

2026-08-09 07:38:34,613 INFO image_tx_daemon: txdone_arrival: seq=106 idx=0 status=0 toa_us=99904

2026-08-09 07:38:34,730 INFO image_tx_daemon: txdone_arrival: seq=106 idx=1 status=0 toa_us=99904

2026-08-09 07:38:34,847 INFO image_tx_daemon: txdone_arrival: seq=106 idx=2 status=0 toa_us=99904

2026-08-09 07:38:34,964 INFO image_tx_daemon: txdone_arrival: seq=106 idx=3 status=0 toa_us=99904

2026-08-09 07:38:35,081 INFO image_tx_daemon: txdone_arrival: seq=106 idx=4 status=0 toa_us=99904

2026-08-09 07:38:35,198 INFO image_tx_daemon: txdone_arrival: seq=106 idx=5 status=0 toa_us=99904

2026-08-09 07:38:35,315 INFO image_tx_daemon: txdone_arrival: seq=106 idx=6 status=0 toa_us=99904

2026-08-09 07:38:35,432 INFO image_tx_daemon: txdone_arrival: seq=106 idx=7 status=0 toa_us=99904

2026-08-09 07:38:35,549 INFO image_tx_daemon: txdone_arrival: seq=106 idx=8 status=0 toa_us=99904

2026-08-09 07:38:35,666 INFO image_tx_daemon: txdone_arrival: seq=106 idx=9 status=0 toa_us=99904

2026-08-09 07:38:35,784 INFO image_tx_daemon: txdone_arrival: seq=106 idx=10 status=0 toa_us=99904

2026-08-09 07:38:35,907 INFO image_tx_daemon: txdone_arrival: seq=106 idx=11 status=0 toa_us=99904

2026-08-09 07:38:36,019 INFO image_tx_daemon: txdone_arrival: seq=106 idx=12 status=0 toa_us=35904

2026-08-09 07:38:36,030 INFO image_tx_daemon: frame seq=106 done (pipelined): 13 fragments ok

2026-08-09 07:38:36,204 INFO image_tx_daemon: txdone_arrival: seq=110 idx=0 status=0 toa_us=99904

2026-08-09 07:38:36,322 INFO image_tx_daemon: txdone_arrival: seq=110 idx=1 status=0 toa_us=99904

2026-08-09 07:38:36,439 INFO image_tx_daemon: txdone_arrival: seq=110 idx=2 status=0 toa_us=99904

2026-08-09 07:38:36,556 INFO image_tx_daemon: txdone_arrival: seq=110 idx=3 status=0 toa_us=99904

2026-08-09 07:38:36,673 INFO image_tx_daemon: txdone_arrival: seq=110 idx=4 status=0 toa_us=99904

2026-08-09 07:38:36,790 INFO image_tx_daemon: txdone_arrival: seq=110 idx=5 status=0 toa_us=99904

2026-08-09 07:38:36,907 INFO image_tx_daemon: txdone_arrival: seq=110 idx=6 status=0 toa_us=99904

2026-08-09 07:38:37,024 INFO image_tx_daemon: txdone_arrival: seq=110 idx=7 status=0 toa_us=99904

2026-08-09 07:38:37,141 INFO image_tx_daemon: txdone_arrival: seq=110 idx=8 status=0 toa_us=99904

2026-08-09 07:38:37,258 INFO image_tx_daemon: txdone_arrival: seq=110 idx=9 status=0 toa_us=99904

2026-08-09 07:38:37,381 INFO image_tx_daemon: txdone_arrival: seq=110 idx=10 status=0 toa_us=99904

2026-08-09 07:38:37,557 INFO image_tx_daemon: txdone_arrival: seq=110 idx=11 status=0 toa_us=94784

2026-08-09 07:38:37,568 INFO image_tx_daemon: frame seq=110 done (pipelined): 12 fragments ok

2026-08-09 07:38:37,732 INFO image_tx_daemon: txdone_arrival: seq=113 idx=0 status=0 toa_us=99904

2026-08-09 07:38:37,850 INFO image_tx_daemon: txdone_arrival: seq=113 idx=1 status=0 toa_us=99904

2026-08-09 07:38:37,967 INFO image_tx_daemon: txdone_arrival: seq=113 idx=2 status=0 toa_us=99904

2026-08-09 07:38:38,084 INFO image_tx_daemon: txdone_arrival: seq=113 idx=3 status=0 toa_us=99904

2026-08-09 07:38:38,201 INFO image_tx_daemon: txdone_arrival: seq=113 idx=4 status=0 toa_us=99904

2026-08-09 07:38:38,318 INFO image_tx_daemon: txdone_arrival: seq=113 idx=5 status=0 toa_us=99904

2026-08-09 07:38:38,435 INFO image_tx_daemon: txdone_arrival: seq=113 idx=6 status=0 toa_us=99904

2026-08-09 07:38:38,552 INFO image_tx_daemon: txdone_arrival: seq=113 idx=7 status=0 toa_us=99904

2026-08-09 07:38:38,669 INFO image_tx_daemon: txdone_arrival: seq=113 idx=8 status=0 toa_us=99904

2026-08-09 07:38:38,786 INFO image_tx_daemon: txdone_arrival: seq=113 idx=9 status=0 toa_us=99904

2026-08-09 07:38:38,909 INFO image_tx_daemon: txdone_arrival: seq=113 idx=10 status=0 toa_us=99904

2026-08-09 07:38:39,084 INFO image_tx_daemon: txdone_arrival: seq=113 idx=11 status=0 toa_us=90944

2026-08-09 07:38:39,096 INFO image_tx_daemon: frame seq=113 done (pipelined): 12 fragments ok

2026-08-09 07:38:39,260 INFO image_tx_daemon: txdone_arrival: seq=116 idx=0 status=0 toa_us=99904

2026-08-09 07:38:39,377 INFO image_tx_daemon: txdone_arrival: seq=116 idx=1 status=0 toa_us=99904

2026-08-09 07:38:39,494 INFO image_tx_daemon: txdone_arrival: seq=116 idx=2 status=0 toa_us=99904

2026-08-09 07:38:39,611 INFO image_tx_daemon: txdone_arrival: seq=116 idx=3 status=0 toa_us=99904

2026-08-09 07:38:39,728 INFO image_tx_daemon: txdone_arrival: seq=116 idx=4 status=0 toa_us=99904

2026-08-09 07:38:39,845 INFO image_tx_daemon: txdone_arrival: seq=116 idx=5 status=0 toa_us=99904

2026-08-09 07:38:39,962 INFO image_tx_daemon: txdone_arrival: seq=116 idx=6 status=0 toa_us=99904

2026-08-09 07:38:40,079 INFO image_tx_daemon: txdone_arrival: seq=116 idx=7 status=0 toa_us=99904

2026-08-09 07:38:40,197 INFO image_tx_daemon: txdone_arrival: seq=116 idx=8 status=0 toa_us=99904

2026-08-09 07:38:40,314 INFO image_tx_daemon: txdone_arrival: seq=116 idx=9 status=0 toa_us=99904

2026-08-09 07:38:40,431 INFO image_tx_daemon: txdone_arrival: seq=116 idx=10 status=0 toa_us=99904

2026-08-09 07:38:40,554 INFO image_tx_daemon: txdone_arrival: seq=116 idx=11 status=0 toa_us=99904

2026-08-09 07:38:40,597 INFO image_tx_daemon: txdone_arrival: seq=116 idx=12 status=0 toa_us=26944

2026-08-09 07:38:40,609 INFO image_tx_daemon: frame seq=116 done (pipelined): 13 fragments ok

2026-08-09 07:38:40,794 INFO image_tx_daemon: txdone_arrival: seq=119 idx=0 status=0 toa_us=99904

2026-08-09 07:38:40,911 INFO image_tx_daemon: txdone_arrival: seq=119 idx=1 status=0 toa_us=99904

2026-08-09 07:38:41,028 INFO image_tx_daemon: txdone_arrival: seq=119 idx=2 status=0 toa_us=99904

2026-08-09 07:38:41,145 INFO image_tx_daemon: txdone_arrival: seq=119 idx=3 status=0 toa_us=99904

2026-08-09 07:38:41,262 INFO image_tx_daemon: txdone_arrival: seq=119 idx=4 status=0 toa_us=99904

2026-08-09 07:38:41,379 INFO image_tx_daemon: txdone_arrival: seq=119 idx=5 status=0 toa_us=99904

2026-08-09 07:38:41,497 INFO image_tx_daemon: txdone_arrival: seq=119 idx=6 status=0 toa_us=99904

2026-08-09 07:38:41,614 INFO image_tx_daemon: txdone_arrival: seq=119 idx=7 status=0 toa_us=99904

2026-08-09 07:38:41,731 INFO image_tx_daemon: txdone_arrival: seq=119 idx=8 status=0 toa_us=99904

2026-08-09 07:38:41,848 INFO image_tx_daemon: txdone_arrival: seq=119 idx=9 status=0 toa_us=99904

2026-08-09 07:38:41,965 INFO image_tx_daemon: txdone_arrival: seq=119 idx=10 status=0 toa_us=99904

2026-08-09 07:38:42,089 INFO image_tx_daemon: txdone_arrival: seq=119 idx=11 status=0 toa_us=99904

2026-08-09 07:38:42,123 INFO image_tx_daemon: txdone_arrival: seq=119 idx=12 status=0 toa_us=23104

2026-08-09 07:38:42,135 INFO image_tx_daemon: frame seq=119 done (pipelined): 13 fragments ok

2026-08-09 07:38:42,329 INFO image_tx_daemon: txdone_arrival: seq=122 idx=0 status=0 toa_us=99904

2026-08-09 07:38:42,446 INFO image_tx_daemon: txdone_arrival: seq=122 idx=1 status=0 toa_us=99904

2026-08-09 07:38:42,563 INFO image_tx_daemon: txdone_arrival: seq=122 idx=2 status=0 toa_us=99904

2026-08-09 07:38:42,680 INFO image_tx_daemon: txdone_arrival: seq=122 idx=3 status=0 toa_us=99904

2026-08-09 07:38:42,797 INFO image_tx_daemon: txdone_arrival: seq=122 idx=4 status=0 toa_us=99904

2026-08-09 07:38:42,914 INFO image_tx_daemon: txdone_arrival: seq=122 idx=5 status=0 toa_us=99904

2026-08-09 07:38:43,031 INFO image_tx_daemon: txdone_arrival: seq=122 idx=6 status=0 toa_us=99904

2026-08-09 07:38:43,148 INFO image_tx_daemon: txdone_arrival: seq=122 idx=7 status=0 toa_us=99904

2026-08-09 07:38:43,265 INFO image_tx_daemon: txdone_arrival: seq=122 idx=8 status=0 toa_us=99904

2026-08-09 07:38:43,301 INFO image_tx_daemon: stats: goodput=1943.8 B/s util=79% pipeline=v3 frames_in=389 ok=124 fail=0 drop_full=258 drop_stale=0 frags_ok=1585 frags_fail=0 qdepth=4 parity_tx=0

2026-08-09 07:38:43,382 INFO image_tx_daemon: txdone_arrival: seq=122 idx=9 status=0 toa_us=99904

2026-08-09 07:38:43,500 INFO image_tx_daemon: txdone_arrival: seq=122 idx=10 status=0 toa_us=99904

2026-08-09 07:38:43,614 INFO image_tx_daemon: txdone_arrival: seq=122 idx=11 status=0 toa_us=99904

2026-08-09 07:38:43,636 INFO image_tx_daemon: txdone_arrival: seq=122 idx=12 status=0 toa_us=12864

2026-08-09 07:38:43,648 INFO image_tx_daemon: frame seq=122 done (pipelined): 13 fragments ok

2026-08-09 07:38:43,854 INFO image_tx_daemon: txdone_arrival: seq=125 idx=0 status=0 toa_us=99904

2026-08-09 07:38:43,971 INFO image_tx_daemon: txdone_arrival: seq=125 idx=1 status=0 toa_us=99904

2026-08-09 07:38:44,088 INFO image_tx_daemon: txdone_arrival: seq=125 idx=2 status=0 toa_us=99904

2026-08-09 07:38:44,205 INFO image_tx_daemon: txdone_arrival: seq=125 idx=3 status=0 toa_us=99904

2026-08-09 07:38:44,322 INFO image_tx_daemon: txdone_arrival: seq=125 idx=4 status=0 toa_us=99904

2026-08-09 07:38:44,439 INFO image_tx_daemon: txdone_arrival: seq=125 idx=5 status=0 toa_us=99904

2026-08-09 07:38:44,556 INFO image_tx_daemon: txdone_arrival: seq=125 idx=6 status=0 toa_us=99904

2026-08-09 07:38:44,673 INFO image_tx_daemon: txdone_arrival: seq=125 idx=7 status=0 toa_us=99904

2026-08-09 07:38:44,790 INFO image_tx_daemon: txdone_arrival: seq=125 idx=8 status=0 toa_us=99904

2026-08-09 07:38:44,907 INFO image_tx_daemon: txdone_arrival: seq=125 idx=9 status=0 toa_us=99904

2026-08-09 07:38:45,024 INFO image_tx_daemon: txdone_arrival: seq=125 idx=10 status=0 toa_us=99904

2026-08-09 07:38:45,147 INFO image_tx_daemon: txdone_arrival: seq=125 idx=11 status=0 toa_us=99904

2026-08-09 07:38:45,259 INFO image_tx_daemon: txdone_arrival: seq=125 idx=12 status=0 toa_us=38464

2026-08-09 07:38:45,271 INFO image_tx_daemon: frame seq=125 done (pipelined): 13 fragments ok

2026-08-09 07:38:45,445 INFO image_tx_daemon: txdone_arrival: seq=128 idx=0 status=0 toa_us=99904

2026-08-09 07:38:45,562 INFO image_tx_daemon: txdone_arrival: seq=128 idx=1 status=0 toa_us=99904

2026-08-09 07:38:45,679 INFO image_tx_daemon: txdone_arrival: seq=128 idx=2 status=0 toa_us=99904

2026-08-09 07:38:45,796 INFO image_tx_daemon: txdone_arrival: seq=128 idx=3 status=0 toa_us=99904

2026-08-09 07:38:45,913 INFO image_tx_daemon: txdone_arrival: seq=128 idx=4 status=0 toa_us=99904

2026-08-09 07:38:46,030 INFO image_tx_daemon: txdone_arrival: seq=128 idx=5 status=0 toa_us=99904

2026-08-09 07:38:46,147 INFO image_tx_daemon: txdone_arrival: seq=128 idx=6 status=0 toa_us=99904

2026-08-09 07:38:46,265 INFO image_tx_daemon: txdone_arrival: seq=128 idx=7 status=0 toa_us=99904

2026-08-09 07:38:46,382 INFO image_tx_daemon: txdone_arrival: seq=128 idx=8 status=0 toa_us=99904

2026-08-09 07:38:46,499 INFO image_tx_daemon: txdone_arrival: seq=128 idx=9 status=0 toa_us=99904

2026-08-09 07:38:46,613 INFO image_tx_daemon: txdone_arrival: seq=128 idx=10 status=0 toa_us=99904

2026-08-09 07:38:46,797 INFO image_tx_daemon: txdone_arrival: seq=128 idx=11 status=0 toa_us=97344

2026-08-09 07:38:46,808 INFO image_tx_daemon: frame seq=128 done (pipelined): 12 fragments ok

2026-08-09 07:38:46,973 INFO image_tx_daemon: txdone_arrival: seq=131 idx=0 status=0 toa_us=99904

2026-08-09 07:38:47,090 INFO image_tx_daemon: txdone_arrival: seq=131 idx=1 status=0 toa_us=99904

2026-08-09 07:38:47,207 INFO image_tx_daemon: txdone_arrival: seq=131 idx=2 status=0 toa_us=99904

2026-08-09 07:38:47,324 INFO image_tx_daemon: txdone_arrival: seq=131 idx=3 status=0 toa_us=99904

2026-08-09 07:38:47,441 INFO image_tx_daemon: txdone_arrival: seq=131 idx=4 status=0 toa_us=99904

2026-08-09 07:38:47,558 INFO image_tx_daemon: txdone_arrival: seq=131 idx=5 status=0 toa_us=99904

2026-08-09 07:38:47,675 INFO image_tx_daemon: txdone_arrival: seq=131 idx=6 status=0 toa_us=99904

2026-08-09 07:38:47,792 INFO image_tx_daemon: txdone_arrival: seq=131 idx=7 status=0 toa_us=99904

2026-08-09 07:38:47,909 INFO image_tx_daemon: txdone_arrival: seq=131 idx=8 status=0 toa_us=99904

2026-08-09 07:38:48,026 INFO image_tx_daemon: txdone_arrival: seq=131 idx=9 status=0 toa_us=99904

2026-08-09 07:38:48,143 INFO image_tx_daemon: txdone_arrival: seq=131 idx=10 status=0 toa_us=99904

2026-08-09 07:38:48,267 INFO image_tx_daemon: txdone_arrival: seq=131 idx=11 status=0 toa_us=99904

2026-08-09 07:38:48,378 INFO image_tx_daemon: txdone_arrival: seq=131 idx=12 status=0 toa_us=35904

2026-08-09 07:38:48,389 INFO image_tx_daemon: frame seq=131 done (pipelined): 13 fragments ok

2026-08-09 07:38:48,564 INFO image_tx_daemon: txdone_arrival: seq=134 idx=0 status=0 toa_us=99904

2026-08-09 07:38:48,681 INFO image_tx_daemon: txdone_arrival: seq=134 idx=1 status=0 toa_us=99904

2026-08-09 07:38:48,798 INFO image_tx_daemon: txdone_arrival: seq=134 idx=2 status=0 toa_us=99904

2026-08-09 07:38:48,915 INFO image_tx_daemon: txdone_arrival: seq=134 idx=3 status=0 toa_us=99904

2026-08-09 07:38:49,032 INFO image_tx_daemon: txdone_arrival: seq=134 idx=4 status=0 toa_us=99904

2026-08-09 07:38:49,149 INFO image_tx_daemon: txdone_arrival: seq=134 idx=5 status=0 toa_us=99904

2026-08-09 07:38:49,266 INFO image_tx_daemon: txdone_arrival: seq=134 idx=6 status=0 toa_us=99904

2026-08-09 07:38:49,383 INFO image_tx_daemon: txdone_arrival: seq=134 idx=7 status=0 toa_us=99904

2026-08-09 07:38:49,500 INFO image_tx_daemon: txdone_arrival: seq=134 idx=8 status=0 toa_us=99904

2026-08-09 07:38:49,617 INFO image_tx_daemon: txdone_arrival: seq=134 idx=9 status=0 toa_us=99904

2026-08-09 07:38:49,741 INFO image_tx_daemon: txdone_arrival: seq=134 idx=10 status=0 toa_us=99904

2026-08-09 07:38:49,916 INFO image_tx_daemon: txdone_arrival: seq=134 idx=11 status=0 toa_us=92224

2026-08-09 07:38:49,927 INFO image_tx_daemon: frame seq=134 done (pipelined): 12 fragments ok

2026-08-09 07:38:50,092 INFO image_tx_daemon: txdone_arrival: seq=137 idx=0 status=0 toa_us=99904

2026-08-09 07:38:50,209 INFO image_tx_daemon: txdone_arrival: seq=137 idx=1 status=0 toa_us=99904

2026-08-09 07:38:50,326 INFO image_tx_daemon: txdone_arrival: seq=137 idx=2 status=0 toa_us=99904

2026-08-09 07:38:50,443 INFO image_tx_daemon: txdone_arrival: seq=137 idx=3 status=0 toa_us=99904

2026-08-09 07:38:50,560 INFO image_tx_daemon: txdone_arrival: seq=137 idx=4 status=0 toa_us=99904

2026-08-09 07:38:50,677 INFO image_tx_daemon: txdone_arrival: seq=137 idx=5 status=0 toa_us=99904

2026-08-09 07:38:50,794 INFO image_tx_daemon: txdone_arrival: seq=137 idx=6 status=0 toa_us=99904

2026-08-09 07:38:50,911 INFO image_tx_daemon: txdone_arrival: seq=137 idx=7 status=0 toa_us=99904

2026-08-09 07:38:51,028 INFO image_tx_daemon: txdone_arrival: seq=137 idx=8 status=0 toa_us=99904

2026-08-09 07:38:51,145 INFO image_tx_daemon: txdone_arrival: seq=137 idx=9 status=0 toa_us=99904

2026-08-09 07:38:51,262 INFO image_tx_daemon: txdone_arrival: seq=137 idx=10 status=0 toa_us=99904

2026-08-09 07:38:51,385 INFO image_tx_daemon: txdone_arrival: seq=137 idx=11 status=0 toa_us=99904

2026-08-09 07:38:51,418 INFO image_tx_daemon: txdone_arrival: seq=137 idx=12 status=0 toa_us=17984

2026-08-09 07:38:51,429 INFO image_tx_daemon: frame seq=137 done (pipelined): 13 fragments ok

2026-08-09 07:38:51,625 INFO image_tx_daemon: txdone_arrival: seq=141 idx=0 status=0 toa_us=99904

2026-08-09 07:38:51,742 INFO image_tx_daemon: txdone_arrival: seq=141 idx=1 status=0 toa_us=99904

2026-08-09 07:38:51,859 INFO image_tx_daemon: txdone_arrival: seq=141 idx=2 status=0 toa_us=99904

2026-08-09 07:38:51,976 INFO image_tx_daemon: txdone_arrival: seq=141 idx=3 status=0 toa_us=99904

2026-08-09 07:38:52,093 INFO image_tx_daemon: txdone_arrival: seq=141 idx=4 status=0 toa_us=99904

2026-08-09 07:38:52,210 INFO image_tx_daemon: txdone_arrival: seq=141 idx=5 status=0 toa_us=99904

2026-08-09 07:38:52,327 INFO image_tx_daemon: txdone_arrival: seq=141 idx=6 status=0 toa_us=99904

2026-08-09 07:38:52,445 INFO image_tx_daemon: txdone_arrival: seq=141 idx=7 status=0 toa_us=99904

2026-08-09 07:38:52,562 INFO image_tx_daemon: txdone_arrival: seq=141 idx=8 status=0 toa_us=99904

2026-08-09 07:38:52,679 INFO image_tx_daemon: txdone_arrival: seq=141 idx=9 status=0 toa_us=99904

2026-08-09 07:38:52,796 INFO image_tx_daemon: txdone_arrival: seq=141 idx=10 status=0 toa_us=99904

2026-08-09 07:38:52,910 INFO image_tx_daemon: txdone_arrival: seq=141 idx=11 status=0 toa_us=99904

2026-08-09 07:38:52,933 INFO image_tx_daemon: txdone_arrival: seq=141 idx=12 status=0 toa_us=11584

2026-08-09 07:38:52,945 INFO image_tx_daemon: frame seq=141 done (pipelined): 13 fragments ok

2026-08-09 07:38:53,150 INFO image_tx_daemon: txdone_arrival: seq=144 idx=0 status=0 toa_us=99904

2026-08-09 07:38:53,267 INFO image_tx_daemon: txdone_arrival: seq=144 idx=1 status=0 toa_us=99904

2026-08-09 07:38:53,313 INFO image_tx_daemon: stats: goodput=1916.3 B/s util=78% pipeline=v3 frames_in=409 ok=131 fail=0 drop_full=272 drop_stale=0 frags_ok=1667 frags_fail=0 qdepth=3 parity_tx=0

2026-08-09 07:38:53,384 INFO image_tx_daemon: txdone_arrival: seq=144 idx=2 status=0 toa_us=99904

2026-08-09 07:38:53,501 INFO image_tx_daemon: txdone_arrival: seq=144 idx=3 status=0 toa_us=99904

2026-08-09 07:38:53,618 INFO image_tx_daemon: txdone_arrival: seq=144 idx=4 status=0 toa_us=99904

2026-08-09 07:38:53,736 INFO image_tx_daemon: txdone_arrival: seq=144 idx=5 status=0 toa_us=99904

2026-08-09 07:38:53,852 INFO image_tx_daemon: txdone_arrival: seq=144 idx=6 status=0 toa_us=99904

2026-08-09 07:38:53,970 INFO image_tx_daemon: txdone_arrival: seq=144 idx=7 status=0 toa_us=99904

2026-08-09 07:38:54,087 INFO image_tx_daemon: txdone_arrival: seq=144 idx=8 status=0 toa_us=99904

2026-08-09 07:38:54,204 INFO image_tx_daemon: txdone_arrival: seq=144 idx=9 status=0 toa_us=99904

2026-08-09 07:38:54,321 INFO image_tx_daemon: txdone_arrival: seq=144 idx=10 status=0 toa_us=99904

2026-08-09 07:38:54,444 INFO image_tx_daemon: txdone_arrival: seq=144 idx=11 status=0 toa_us=99904

2026-08-09 07:38:54,555 INFO image_tx_daemon: txdone_arrival: seq=144 idx=12 status=0 toa_us=35904

2026-08-09 07:38:54,567 INFO image_tx_daemon: frame seq=144 done (pipelined): 13 fragments ok

2026-08-09 07:38:54,742 INFO image_tx_daemon: txdone_arrival: seq=147 idx=0 status=0 toa_us=99904

2026-08-09 07:38:54,859 INFO image_tx_daemon: txdone_arrival: seq=147 idx=1 status=0 toa_us=99904

2026-08-09 07:38:54,975 INFO image_tx_daemon: txdone_arrival: seq=147 idx=2 status=0 toa_us=99904

2026-08-09 07:38:55,093 INFO image_tx_daemon: txdone_arrival: seq=147 idx=3 status=0 toa_us=99904

2026-08-09 07:38:55,210 INFO image_tx_daemon: txdone_arrival: seq=147 idx=4 status=0 toa_us=99904

2026-08-09 07:38:55,327 INFO image_tx_daemon: txdone_arrival: seq=147 idx=5 status=0 toa_us=99904

2026-08-09 07:38:55,444 INFO image_tx_daemon: txdone_arrival: seq=147 idx=6 status=0 toa_us=99904

2026-08-09 07:38:55,561 INFO image_tx_daemon: txdone_arrival: seq=147 idx=7 status=0 toa_us=99904

2026-08-09 07:38:55,678 INFO image_tx_daemon: txdone_arrival: seq=147 idx=8 status=0 toa_us=99904

2026-08-09 07:38:55,795 INFO image_tx_daemon: txdone_arrival: seq=147 idx=9 status=0 toa_us=99904

2026-08-09 07:38:55,912 INFO image_tx_daemon: txdone_arrival: seq=147 idx=10 status=0 toa_us=99904

2026-08-09 07:38:56,035 INFO image_tx_daemon: txdone_arrival: seq=147 idx=11 status=0 toa_us=99904

2026-08-09 07:38:56,137 INFO image_tx_daemon: txdone_arrival: seq=147 idx=12 status=0 toa_us=33344

2026-08-09 07:38:56,148 INFO image_tx_daemon: frame seq=147 done (pipelined): 13 fragments ok

2026-08-09 07:38:56,333 INFO image_tx_daemon: txdone_arrival: seq=150 idx=0 status=0 toa_us=99904

2026-08-09 07:38:56,450 INFO image_tx_daemon: txdone_arrival: seq=150 idx=1 status=0 toa_us=99904

2026-08-09 07:38:56,567 INFO image_tx_daemon: txdone_arrival: seq=150 idx=2 status=0 toa_us=99904

2026-08-09 07:38:56,684 INFO image_tx_daemon: txdone_arrival: seq=150 idx=3 status=0 toa_us=99904

2026-08-09 07:38:56,801 INFO image_tx_daemon: txdone_arrival: seq=150 idx=4 status=0 toa_us=99904

2026-08-09 07:38:56,918 INFO image_tx_daemon: txdone_arrival: seq=150 idx=5 status=0 toa_us=99904

2026-08-09 07:38:57,035 INFO image_tx_daemon: txdone_arrival: seq=150 idx=6 status=0 toa_us=99904

2026-08-09 07:38:57,152 INFO image_tx_daemon: txdone_arrival: seq=150 idx=7 status=0 toa_us=99904

2026-08-09 07:38:57,269 INFO image_tx_daemon: txdone_arrival: seq=150 idx=8 status=0 toa_us=99904

2026-08-09 07:38:57,386 INFO image_tx_daemon: txdone_arrival: seq=150 idx=9 status=0 toa_us=99904

2026-08-09 07:38:57,503 INFO image_tx_daemon: txdone_arrival: seq=150 idx=10 status=0 toa_us=99904

2026-08-09 07:38:57,627 INFO image_tx_daemon: txdone_arrival: seq=150 idx=11 status=0 toa_us=99904

2026-08-09 07:38:57,738 INFO image_tx_daemon: txdone_arrival: seq=150 idx=12 status=0 toa_us=38464

2026-08-09 07:38:57,750 INFO image_tx_daemon: frame seq=150 done (pipelined): 13 fragments ok

2026-08-09 07:38:57,924 INFO image_tx_daemon: txdone_arrival: seq=153 idx=0 status=0 toa_us=99904

2026-08-09 07:38:58,041 INFO image_tx_daemon: txdone_arrival: seq=153 idx=1 status=0 toa_us=99904

2026-08-09 07:38:58,158 INFO image_tx_daemon: txdone_arrival: seq=153 idx=2 status=0 toa_us=99904

2026-08-09 07:38:58,276 INFO image_tx_daemon: txdone_arrival: seq=153 idx=3 status=0 toa_us=99904

2026-08-09 07:38:58,393 INFO image_tx_daemon: txdone_arrival: seq=153 idx=4 status=0 toa_us=99904

2026-08-09 07:38:58,510 INFO image_tx_daemon: txdone_arrival: seq=153 idx=5 status=0 toa_us=99904

2026-08-09 07:38:58,627 INFO image_tx_daemon: txdone_arrival: seq=153 idx=6 status=0 toa_us=99904

2026-08-09 07:38:58,744 INFO image_tx_daemon: txdone_arrival: seq=153 idx=7 status=0 toa_us=99904

2026-08-09 07:38:58,861 INFO image_tx_daemon: txdone_arrival: seq=153 idx=8 status=0 toa_us=99904

2026-08-09 07:38:58,978 INFO image_tx_daemon: txdone_arrival: seq=153 idx=9 status=0 toa_us=99904

2026-08-09 07:38:59,095 INFO image_tx_daemon: txdone_arrival: seq=153 idx=10 status=0 toa_us=99904

2026-08-09 07:38:59,218 INFO image_tx_daemon: txdone_arrival: seq=153 idx=11 status=0 toa_us=99904

2026-08-09 07:38:59,320 INFO image_tx_daemon: txdone_arrival: seq=153 idx=12 status=0 toa_us=32064

2026-08-09 07:38:59,331 INFO image_tx_daemon: frame seq=153 done (pipelined): 13 fragments ok

2026-08-09 07:38:59,516 INFO image_tx_daemon: txdone_arrival: seq=156 idx=0 status=0 toa_us=99904

2026-08-09 07:38:59,633 INFO image_tx_daemon: txdone_arrival: seq=156 idx=1 status=0 toa_us=99904

2026-08-09 07:38:59,750 INFO image_tx_daemon: txdone_arrival: seq=156 idx=2 status=0 toa_us=99904

2026-08-09 07:38:59,867 INFO image_tx_daemon: txdone_arrival: seq=156 idx=3 status=0 toa_us=99904

2026-08-09 07:38:59,984 INFO image_tx_daemon: txdone_arrival: seq=156 idx=4 status=0 toa_us=99904

2026-08-09 07:39:00,102 INFO image_tx_daemon: txdone_arrival: seq=156 idx=5 status=0 toa_us=99904

2026-08-09 07:39:00,218 INFO image_tx_daemon: txdone_arrival: seq=156 idx=6 status=0 toa_us=99904

2026-08-09 07:39:00,335 INFO image_tx_daemon: txdone_arrival: seq=156 idx=7 status=0 toa_us=99904

2026-08-09 07:39:00,453 INFO image_tx_daemon: txdone_arrival: seq=156 idx=8 status=0 toa_us=99904

2026-08-09 07:39:00,570 INFO image_tx_daemon: txdone_arrival: seq=156 idx=9 status=0 toa_us=99904

2026-08-09 07:39:00,693 INFO image_tx_daemon: txdone_arrival: seq=156 idx=10 status=0 toa_us=99904

2026-08-09 07:39:00,868 INFO image_tx_daemon: txdone_arrival: seq=156 idx=11 status=0 toa_us=92224

2026-08-09 07:39:00,880 INFO image_tx_daemon: frame seq=156 done (pipelined): 12 fragments ok

2026-08-09 07:39:01,044 INFO image_tx_daemon: txdone_arrival: seq=159 idx=0 status=0 toa_us=99904

2026-08-09 07:39:01,161 INFO image_tx_daemon: txdone_arrival: seq=159 idx=1 status=0 toa_us=99904

2026-08-09 07:39:01,278 INFO image_tx_daemon: txdone_arrival: seq=159 idx=2 status=0 toa_us=99904

2026-08-09 07:39:01,395 INFO image_tx_daemon: txdone_arrival: seq=159 idx=3 status=0 toa_us=99904

2026-08-09 07:39:01,512 INFO image_tx_daemon: txdone_arrival: seq=159 idx=4 status=0 toa_us=99904

2026-08-09 07:39:01,629 INFO image_tx_daemon: txdone_arrival: seq=159 idx=5 status=0 toa_us=99904

2026-08-09 07:39:01,746 INFO image_tx_daemon: txdone_arrival: seq=159 idx=6 status=0 toa_us=99904

2026-08-09 07:39:01,863 INFO image_tx_daemon: txdone_arrival: seq=159 idx=7 status=0 toa_us=99904

2026-08-09 07:39:01,980 INFO image_tx_daemon: txdone_arrival: seq=159 idx=8 status=0 toa_us=99904

2026-08-09 07:39:02,097 INFO image_tx_daemon: txdone_arrival: seq=159 idx=9 status=0 toa_us=99904

2026-08-09 07:39:02,221 INFO image_tx_daemon: txdone_arrival: seq=159 idx=10 status=0 toa_us=99904

2026-08-09 07:39:02,396 INFO image_tx_daemon: txdone_arrival: seq=159 idx=11 status=0 toa_us=94784

2026-08-09 07:39:02,407 INFO image_tx_daemon: frame seq=159 done (pipelined): 12 fragments ok

2026-08-09 07:39:02,572 INFO image_tx_daemon: txdone_arrival: seq=166 idx=0 status=0 toa_us=99904

2026-08-09 07:39:02,689 INFO image_tx_daemon: txdone_arrival: seq=166 idx=1 status=0 toa_us=99904

2026-08-09 07:39:02,806 INFO image_tx_daemon: txdone_arrival: seq=166 idx=2 status=0 toa_us=99904

2026-08-09 07:39:02,923 INFO image_tx_daemon: txdone_arrival: seq=166 idx=3 status=0 toa_us=99904

2026-08-09 07:39:03,040 INFO image_tx_daemon: txdone_arrival: seq=166 idx=4 status=0 toa_us=99904

2026-08-09 07:39:03,157 INFO image_tx_daemon: txdone_arrival: seq=166 idx=5 status=0 toa_us=99904

2026-08-09 07:39:03,274 INFO image_tx_daemon: txdone_arrival: seq=166 idx=6 status=0 toa_us=99904

2026-08-09 07:39:03,325 INFO image_tx_daemon: stats: goodput=1924.6 B/s util=78% pipeline=v3 frames_in=429 ok=137 fail=0 drop_full=285 drop_stale=0 frags_ok=1748 frags_fail=0 qdepth=4 parity_tx=0

2026-08-09 07:39:03,391 INFO image_tx_daemon: txdone_arrival: seq=166 idx=7 status=0 toa_us=99904

2026-08-09 07:39:03,509 INFO image_tx_daemon: txdone_arrival: seq=166 idx=8 status=0 toa_us=99904

2026-08-09 07:39:03,626 INFO image_tx_daemon: txdone_arrival: seq=166 idx=9 status=0 toa_us=99904

2026-08-09 07:39:03,740 INFO image_tx_daemon: txdone_arrival: seq=166 idx=10 status=0 toa_us=99904

2026-08-09 07:39:03,925 INFO image_tx_daemon: txdone_arrival: seq=166 idx=11 status=0 toa_us=92224

2026-08-09 07:39:03,936 INFO image_tx_daemon: frame seq=166 done (pipelined): 12 fragments ok

2026-08-09 07:39:04,101 INFO image_tx_daemon: txdone_arrival: seq=167 idx=0 status=0 toa_us=99904

2026-08-09 07:39:04,218 INFO image_tx_daemon: txdone_arrival: seq=167 idx=1 status=0 toa_us=99904

2026-08-09 07:39:04,335 INFO image_tx_daemon: txdone_arrival: seq=167 idx=2 status=0 toa_us=99904

2026-08-09 07:39:04,452 INFO image_tx_daemon: txdone_arrival: seq=167 idx=3 status=0 toa_us=99904

2026-08-09 07:39:04,569 INFO image_tx_daemon: txdone_arrival: seq=167 idx=4 status=0 toa_us=99904

2026-08-09 07:39:04,686 INFO image_tx_daemon: txdone_arrival: seq=167 idx=5 status=0 toa_us=99904

2026-08-09 07:39:04,803 INFO image_tx_daemon: txdone_arrival: seq=167 idx=6 status=0 toa_us=99904

2026-08-09 07:39:04,920 INFO image_tx_daemon: txdone_arrival: seq=167 idx=7 status=0 toa_us=99904

2026-08-09 07:39:05,037 INFO image_tx_daemon: txdone_arrival: seq=167 idx=8 status=0 toa_us=99904

2026-08-09 07:39:05,154 INFO image_tx_daemon: txdone_arrival: seq=167 idx=9 status=0 toa_us=99904

2026-08-09 07:39:05,271 INFO image_tx_daemon: txdone_arrival: seq=167 idx=10 status=0 toa_us=99904

2026-08-09 07:39:05,394 INFO image_tx_daemon: txdone_arrival: seq=167 idx=11 status=0 toa_us=99904

2026-08-09 07:39:05,496 INFO image_tx_daemon: txdone_arrival: seq=167 idx=12 status=0 toa_us=32064

2026-08-09 07:39:05,507 INFO image_tx_daemon: frame seq=167 done (pipelined): 13 fragments ok

2026-08-09 07:39:05,692 INFO image_tx_daemon: txdone_arrival: seq=169 idx=0 status=0 toa_us=99904

2026-08-09 07:39:05,809 INFO image_tx_daemon: txdone_arrival: seq=169 idx=1 status=0 toa_us=99904

2026-08-09 07:39:05,926 INFO image_tx_daemon: txdone_arrival: seq=169 idx=2 status=0 toa_us=99904

2026-08-09 07:39:06,043 INFO image_tx_daemon: txdone_arrival: seq=169 idx=3 status=0 toa_us=99904

2026-08-09 07:39:06,160 INFO image_tx_daemon: txdone_arrival: seq=169 idx=4 status=0 toa_us=99904

2026-08-09 07:39:06,277 INFO image_tx_daemon: txdone_arrival: seq=169 idx=5 status=0 toa_us=99904

2026-08-09 07:39:06,394 INFO image_tx_daemon: txdone_arrival: seq=169 idx=6 status=0 toa_us=99904

2026-08-09 07:39:06,511 INFO image_tx_daemon: txdone_arrival: seq=169 idx=7 status=0 toa_us=99904

2026-08-09 07:39:06,628 INFO image_tx_daemon: txdone_arrival: seq=169 idx=8 status=0 toa_us=99904

2026-08-09 07:39:06,746 INFO image_tx_daemon: txdone_arrival: seq=169 idx=9 status=0 toa_us=99904

2026-08-09 07:39:06,863 INFO image_tx_daemon: txdone_arrival: seq=169 idx=10 status=0 toa_us=99904

2026-08-09 07:39:06,986 INFO image_tx_daemon: txdone_arrival: seq=169 idx=11 status=0 toa_us=99904

2026-08-09 07:39:07,019 INFO image_tx_daemon: txdone_arrival: seq=169 idx=12 status=0 toa_us=17984

2026-08-09 07:39:07,030 INFO image_tx_daemon: frame seq=169 done (pipelined): 13 fragments ok

2026-08-09 07:39:07,226 INFO image_tx_daemon: txdone_arrival: seq=172 idx=0 status=0 toa_us=99904

2026-08-09 07:39:07,343 INFO image_tx_daemon: txdone_arrival: seq=172 idx=1 status=0 toa_us=99904

2026-08-09 07:39:07,460 INFO image_tx_daemon: txdone_arrival: seq=172 idx=2 status=0 toa_us=99904

2026-08-09 07:39:07,577 INFO image_tx_daemon: txdone_arrival: seq=172 idx=3 status=0 toa_us=99904

2026-08-09 07:39:07,694 INFO image_tx_daemon: txdone_arrival: seq=172 idx=4 status=0 toa_us=99904

2026-08-09 07:39:07,811 INFO image_tx_daemon: txdone_arrival: seq=172 idx=5 status=0 toa_us=99904

2026-08-09 07:39:07,928 INFO image_tx_daemon: txdone_arrival: seq=172 idx=6 status=0 toa_us=99904

2026-08-09 07:39:08,045 INFO image_tx_daemon: txdone_arrival: seq=172 idx=7 status=0 toa_us=99904

2026-08-09 07:39:08,162 INFO image_tx_daemon: txdone_arrival: seq=172 idx=8 status=0 toa_us=99904

2026-08-09 07:39:08,279 INFO image_tx_daemon: txdone_arrival: seq=172 idx=9 status=0 toa_us=99904

2026-08-09 07:39:08,396 INFO image_tx_daemon: txdone_arrival: seq=172 idx=10 status=0 toa_us=99904

2026-08-09 07:39:08,520 INFO image_tx_daemon: txdone_arrival: seq=172 idx=11 status=0 toa_us=99904

2026-08-09 07:39:08,557 INFO image_tx_daemon: txdone_arrival: seq=172 idx=12 status=0 toa_us=24384

2026-08-09 07:39:08,568 INFO image_tx_daemon: frame seq=172 done (pipelined): 13 fragments ok

2026-08-09 07:39:08,760 INFO image_tx_daemon: txdone_arrival: seq=175 idx=0 status=0 toa_us=99904

2026-08-09 07:39:08,877 INFO image_tx_daemon: txdone_arrival: seq=175 idx=1 status=0 toa_us=99904

2026-08-09 07:39:08,994 INFO image_tx_daemon: txdone_arrival: seq=175 idx=2 status=0 toa_us=99904

2026-08-09 07:39:09,111 INFO image_tx_daemon: txdone_arrival: seq=175 idx=3 status=0 toa_us=99904

2026-08-09 07:39:09,228 INFO image_tx_daemon: txdone_arrival: seq=175 idx=4 status=0 toa_us=99904

2026-08-09 07:39:09,345 INFO image_tx_daemon: txdone_arrival: seq=175 idx=5 status=0 toa_us=99904

2026-08-09 07:39:09,462 INFO image_tx_daemon: txdone_arrival: seq=175 idx=6 status=0 toa_us=99904

2026-08-09 07:39:09,579 INFO image_tx_daemon: txdone_arrival: seq=175 idx=7 status=0 toa_us=99904

2026-08-09 07:39:09,696 INFO image_tx_daemon: txdone_arrival: seq=175 idx=8 status=0 toa_us=99904

2026-08-09 07:39:09,814 INFO image_tx_daemon: txdone_arrival: seq=175 idx=9 status=0 toa_us=99904

2026-08-09 07:39:09,931 INFO image_tx_daemon: txdone_arrival: seq=175 idx=10 status=0 toa_us=99904

2026-08-09 07:39:10,054 INFO image_tx_daemon: txdone_arrival: seq=175 idx=11 status=0 toa_us=99904

2026-08-09 07:39:10,087 INFO image_tx_daemon: txdone_arrival: seq=175 idx=12 status=0 toa_us=23104

2026-08-09 07:39:10,099 INFO image_tx_daemon: frame seq=175 done (pipelined): 13 fragments ok

2026-08-09 07:39:10,294 INFO image_tx_daemon: txdone_arrival: seq=178 idx=0 status=0 toa_us=99904

2026-08-09 07:39:10,411 INFO image_tx_daemon: txdone_arrival: seq=178 idx=1 status=0 toa_us=99904

2026-08-09 07:39:10,528 INFO image_tx_daemon: txdone_arrival: seq=178 idx=2 status=0 toa_us=99904

2026-08-09 07:39:10,645 INFO image_tx_daemon: txdone_arrival: seq=178 idx=3 status=0 toa_us=99904

2026-08-09 07:39:10,762 INFO image_tx_daemon: txdone_arrival: seq=178 idx=4 status=0 toa_us=99904

2026-08-09 07:39:10,879 INFO image_tx_daemon: txdone_arrival: seq=178 idx=5 status=0 toa_us=99904

2026-08-09 07:39:10,997 INFO image_tx_daemon: txdone_arrival: seq=178 idx=6 status=0 toa_us=99904

2026-08-09 07:39:11,113 INFO image_tx_daemon: txdone_arrival: seq=178 idx=7 status=0 toa_us=99904

2026-08-09 07:39:11,231 INFO image_tx_daemon: txdone_arrival: seq=178 idx=8 status=0 toa_us=99904

2026-08-09 07:39:11,348 INFO image_tx_daemon: txdone_arrival: seq=178 idx=9 status=0 toa_us=99904

2026-08-09 07:39:11,465 INFO image_tx_daemon: txdone_arrival: seq=178 idx=10 status=0 toa_us=99904

2026-08-09 07:39:11,588 INFO image_tx_daemon: txdone_arrival: seq=178 idx=11 status=0 toa_us=99904

2026-08-09 07:39:11,621 INFO image_tx_daemon: txdone_arrival: seq=178 idx=12 status=0 toa_us=24384

2026-08-09 07:39:11,633 INFO image_tx_daemon: frame seq=178 done (pipelined): 13 fragments ok

2026-08-09 07:39:11,828 INFO image_tx_daemon: txdone_arrival: seq=181 idx=0 status=0 toa_us=99904

2026-08-09 07:39:11,945 INFO image_tx_daemon: txdone_arrival: seq=181 idx=1 status=0 toa_us=99904

2026-08-09 07:39:12,062 INFO image_tx_daemon: txdone_arrival: seq=181 idx=2 status=0 toa_us=99904

2026-08-09 07:39:12,179 INFO image_tx_daemon: txdone_arrival: seq=181 idx=3 status=0 toa_us=99904

2026-08-09 07:39:12,296 INFO image_tx_daemon: txdone_arrival: seq=181 idx=4 status=0 toa_us=99904

2026-08-09 07:39:12,413 INFO image_tx_daemon: txdone_arrival: seq=181 idx=5 status=0 toa_us=99904

2026-08-09 07:39:12,530 INFO image_tx_daemon: txdone_arrival: seq=181 idx=6 status=0 toa_us=99904

2026-08-09 07:39:12,647 INFO image_tx_daemon: txdone_arrival: seq=181 idx=7 status=0 toa_us=99904

2026-08-09 07:39:12,764 INFO image_tx_daemon: txdone_arrival: seq=181 idx=8 status=0 toa_us=99904

2026-08-09 07:39:12,882 INFO image_tx_daemon: txdone_arrival: seq=181 idx=9 status=0 toa_us=99904

2026-08-09 07:39:12,999 INFO image_tx_daemon: txdone_arrival: seq=181 idx=10 status=0 toa_us=99904

2026-08-09 07:39:13,113 INFO image_tx_daemon: txdone_arrival: seq=181 idx=11 status=0 toa_us=99904

2026-08-09 07:39:13,234 INFO image_tx_daemon: txdone_arrival: seq=181 idx=12 status=0 toa_us=38464

2026-08-09 07:39:13,245 INFO image_tx_daemon: frame seq=181 done (pipelined): 13 fragments ok

2026-08-09 07:39:13,336 INFO image_tx_daemon: stats: goodput=1926.1 B/s util=78% pipeline=v3 frames_in=449 ok=144 fail=0 drop_full=299 drop_stale=0 frags_ok=1831 frags_fail=0 qdepth=4 parity_tx=0

2026-08-09 07:39:13,419 INFO image_tx_daemon: txdone_arrival: seq=187 idx=0 status=0 toa_us=99904

2026-08-09 07:39:13,537 INFO image_tx_daemon: txdone_arrival: seq=187 idx=1 status=0 toa_us=99904

2026-08-09 07:39:13,654 INFO image_tx_daemon: txdone_arrival: seq=187 idx=2 status=0 toa_us=99904

2026-08-09 07:39:13,771 INFO image_tx_daemon: txdone_arrival: seq=187 idx=3 status=0 toa_us=99904

2026-08-09 07:39:13,888 INFO image_tx_daemon: txdone_arrival: seq=187 idx=4 status=0 toa_us=99904

2026-08-09 07:39:14,005 INFO image_tx_daemon: txdone_arrival: seq=187 idx=5 status=0 toa_us=99904

2026-08-09 07:39:14,122 INFO image_tx_daemon: txdone_arrival: seq=187 idx=6 status=0 toa_us=99904

2026-08-09 07:39:14,239 INFO image_tx_daemon: txdone_arrival: seq=187 idx=7 status=0 toa_us=99904

2026-08-09 07:39:14,356 INFO image_tx_daemon: txdone_arrival: seq=187 idx=8 status=0 toa_us=99904

2026-08-09 07:39:14,474 INFO image_tx_daemon: txdone_arrival: seq=187 idx=9 status=0 toa_us=99904

2026-08-09 07:39:14,590 INFO image_tx_daemon: txdone_arrival: seq=187 idx=10 status=0 toa_us=99904

2026-08-09 07:39:14,714 INFO image_tx_daemon: txdone_arrival: seq=187 idx=11 status=0 toa_us=99904

2026-08-09 07:39:14,825 INFO image_tx_daemon: txdone_arrival: seq=187 idx=12 status=0 toa_us=38464

2026-08-09 07:39:14,836 INFO image_tx_daemon: frame seq=187 done (pipelined): 13 fragments ok

2026-08-09 07:39:15,011 INFO image_tx_daemon: txdone_arrival: seq=188 idx=0 status=0 toa_us=99904

2026-08-09 07:39:15,128 INFO image_tx_daemon: txdone_arrival: seq=188 idx=1 status=0 toa_us=99904

2026-08-09 07:39:15,245 INFO image_tx_daemon: txdone_arrival: seq=188 idx=2 status=0 toa_us=99904

2026-08-09 07:39:15,362 INFO image_tx_daemon: txdone_arrival: seq=188 idx=3 status=0 toa_us=99904

2026-08-09 07:39:15,479 INFO image_tx_daemon: txdone_arrival: seq=188 idx=4 status=0 toa_us=99904

2026-08-09 07:39:15,596 INFO image_tx_daemon: txdone_arrival: seq=188 idx=5 status=0 toa_us=99904

2026-08-09 07:39:15,713 INFO image_tx_daemon: txdone_arrival: seq=188 idx=6 status=0 toa_us=99904

2026-08-09 07:39:15,830 INFO image_tx_daemon: txdone_arrival: seq=188 idx=7 status=0 toa_us=99904

2026-08-09 07:39:15,947 INFO image_tx_daemon: txdone_arrival: seq=188 idx=8 status=0 toa_us=99904

2026-08-09 07:39:16,064 INFO image_tx_daemon: txdone_arrival: seq=188 idx=9 status=0 toa_us=99904

2026-08-09 07:39:16,188 INFO image_tx_daemon: txdone_arrival: seq=188 idx=10 status=0 toa_us=99904

2026-08-09 07:39:16,363 INFO image_tx_daemon: txdone_arrival: seq=188 idx=11 status=0 toa_us=92224

2026-08-09 07:39:16,375 INFO image_tx_daemon: frame seq=188 done (pipelined): 12 fragments ok

2026-08-09 07:39:16,539 INFO image_tx_daemon: txdone_arrival: seq=190 idx=0 status=0 toa_us=99904

2026-08-09 07:39:16,656 INFO image_tx_daemon: txdone_arrival: seq=190 idx=1 status=0 toa_us=99904

2026-08-09 07:39:16,773 INFO image_tx_daemon: txdone_arrival: seq=190 idx=2 status=0 toa_us=99904

2026-08-09 07:39:16,890 INFO image_tx_daemon: txdone_arrival: seq=190 idx=3 status=0 toa_us=99904

2026-08-09 07:39:17,007 INFO image_tx_daemon: txdone_arrival: seq=190 idx=4 status=0 toa_us=99904

2026-08-09 07:39:17,124 INFO image_tx_daemon: txdone_arrival: seq=190 idx=5 status=0 toa_us=99904

2026-08-09 07:39:17,241 INFO image_tx_daemon: txdone_arrival: seq=190 idx=6 status=0 toa_us=99904

2026-08-09 07:39:17,358 INFO image_tx_daemon: txdone_arrival: seq=190 idx=7 status=0 toa_us=99904

2026-08-09 07:39:17,475 INFO image_tx_daemon: txdone_arrival: seq=190 idx=8 status=0 toa_us=99904

2026-08-09 07:39:17,592 INFO image_tx_daemon: txdone_arrival: seq=190 idx=9 status=0 toa_us=99904

2026-08-09 07:39:17,706 INFO image_tx_daemon: txdone_arrival: seq=190 idx=10 status=0 toa_us=99904

2026-08-09 07:39:17,901 INFO image_tx_daemon: txdone_arrival: seq=190 idx=11 status=0 toa_us=99904

2026-08-09 07:39:17,912 INFO image_tx_daemon: frame seq=190 done (pipelined): 12 fragments ok

2026-08-09 07:39:18,077 INFO image_tx_daemon: txdone_arrival: seq=194 idx=0 status=0 toa_us=99904

2026-08-09 07:39:18,194 INFO image_tx_daemon: txdone_arrival: seq=194 idx=1 status=0 toa_us=99904

2026-08-09 07:39:18,311 INFO image_tx_daemon: txdone_arrival: seq=194 idx=2 status=0 toa_us=99904

2026-08-09 07:39:18,428 INFO image_tx_daemon: txdone_arrival: seq=194 idx=3 status=0 toa_us=99904

2026-08-09 07:39:18,545 INFO image_tx_daemon: txdone_arrival: seq=194 idx=4 status=0 toa_us=99904

2026-08-09 07:39:18,662 INFO image_tx_daemon: txdone_arrival: seq=194 idx=5 status=0 toa_us=99904

2026-08-09 07:39:18,779 INFO image_tx_daemon: txdone_arrival: seq=194 idx=6 status=0 toa_us=99904

2026-08-09 07:39:18,896 INFO image_tx_daemon: txdone_arrival: seq=194 idx=7 status=0 toa_us=99904

2026-08-09 07:39:19,013 INFO image_tx_daemon: txdone_arrival: seq=194 idx=8 status=0 toa_us=99904

2026-08-09 07:39:19,130 INFO image_tx_daemon: txdone_arrival: seq=194 idx=9 status=0 toa_us=99904

2026-08-09 07:39:19,247 INFO image_tx_daemon: txdone_arrival: seq=194 idx=10 status=0 toa_us=99904

2026-08-09 07:39:19,371 INFO image_tx_daemon: txdone_arrival: seq=194 idx=11 status=0 toa_us=99904

2026-08-09 07:39:19,482 INFO image_tx_daemon: txdone_arrival: seq=194 idx=12 status=0 toa_us=34624

2026-08-09 07:39:19,494 INFO image_tx_daemon: frame seq=194 done (pipelined): 13 fragments ok

2026-08-09 07:39:19,668 INFO image_tx_daemon: txdone_arrival: seq=197 idx=0 status=0 toa_us=99904

2026-08-09 07:39:19,785 INFO image_tx_daemon: txdone_arrival: seq=197 idx=1 status=0 toa_us=99904

2026-08-09 07:39:19,902 INFO image_tx_daemon: txdone_arrival: seq=197 idx=2 status=0 toa_us=99904

2026-08-09 07:39:20,019 INFO image_tx_daemon: txdone_arrival: seq=197 idx=3 status=0 toa_us=99904

2026-08-09 07:39:20,137 INFO image_tx_daemon: txdone_arrival: seq=197 idx=4 status=0 toa_us=99904

2026-08-09 07:39:20,254 INFO image_tx_daemon: txdone_arrival: seq=197 idx=5 status=0 toa_us=99904

2026-08-09 07:39:20,371 INFO image_tx_daemon: txdone_arrival: seq=197 idx=6 status=0 toa_us=99904

2026-08-09 07:39:20,488 INFO image_tx_daemon: txdone_arrival: seq=197 idx=7 status=0 toa_us=99904

2026-08-09 07:39:20,605 INFO image_tx_daemon: txdone_arrival: seq=197 idx=8 status=0 toa_us=99904

2026-08-09 07:39:20,722 INFO image_tx_daemon: txdone_arrival: seq=197 idx=9 status=0 toa_us=99904

2026-08-09 07:39:20,845 INFO image_tx_daemon: txdone_arrival: seq=197 idx=10 status=0 toa_us=99904

2026-08-09 07:39:21,030 INFO image_tx_daemon: txdone_arrival: seq=197 idx=11 status=0 toa_us=99904

2026-08-09 07:39:21,042 INFO image_tx_daemon: frame seq=197 done (pipelined): 12 fragments ok

2026-08-09 07:39:21,206 INFO image_tx_daemon: txdone_arrival: seq=200 idx=0 status=0 toa_us=99904

2026-08-09 07:39:21,323 INFO image_tx_daemon: txdone_arrival: seq=200 idx=1 status=0 toa_us=99904

2026-08-09 07:39:21,440 INFO image_tx_daemon: txdone_arrival: seq=200 idx=2 status=0 toa_us=99904

2026-08-09 07:39:21,557 INFO image_tx_daemon: txdone_arrival: seq=200 idx=3 status=0 toa_us=99904

2026-08-09 07:39:21,674 INFO image_tx_daemon: txdone_arrival: seq=200 idx=4 status=0 toa_us=99904

2026-08-09 07:39:21,792 INFO image_tx_daemon: txdone_arrival: seq=200 idx=5 status=0 toa_us=99904

2026-08-09 07:39:21,909 INFO image_tx_daemon: txdone_arrival: seq=200 idx=6 status=0 toa_us=99904

2026-08-09 07:39:22,025 INFO image_tx_daemon: txdone_arrival: seq=200 idx=7 status=0 toa_us=99904

2026-08-09 07:39:22,143 INFO image_tx_daemon: txdone_arrival: seq=200 idx=8 status=0 toa_us=99904

2026-08-09 07:39:22,260 INFO image_tx_daemon: txdone_arrival: seq=200 idx=9 status=0 toa_us=99904

2026-08-09 07:39:22,377 INFO image_tx_daemon: txdone_arrival: seq=200 idx=10 status=0 toa_us=99904

2026-08-09 07:39:22,500 INFO image_tx_daemon: txdone_arrival: seq=200 idx=11 status=0 toa_us=99904

2026-08-09 07:39:22,612 INFO image_tx_daemon: txdone_arrival: seq=200 idx=12 status=0 toa_us=35904

2026-08-09 07:39:22,623 INFO image_tx_daemon: frame seq=200 done (pipelined): 13 fragments ok

2026-08-09 07:39:22,798 INFO image_tx_daemon: txdone_arrival: seq=203 idx=0 status=0 toa_us=99904

2026-08-09 07:39:22,915 INFO image_tx_daemon: txdone_arrival: seq=203 idx=1 status=0 toa_us=99904

2026-08-09 07:39:23,032 INFO image_tx_daemon: txdone_arrival: seq=203 idx=2 status=0 toa_us=99904

2026-08-09 07:39:23,149 INFO image_tx_daemon: txdone_arrival: seq=203 idx=3 status=0 toa_us=99904

2026-08-09 07:39:23,266 INFO image_tx_daemon: txdone_arrival: seq=203 idx=4 status=0 toa_us=99904

2026-08-09 07:39:23,348 INFO image_tx_daemon: stats: goodput=1919.9 B/s util=78% pipeline=v3 frames_in=469 ok=150 fail=0 drop_full=313 drop_stale=0 frags_ok=1911 frags_fail=0 qdepth=3 parity_tx=0

2026-08-09 07:39:23,383 INFO image_tx_daemon: txdone_arrival: seq=203 idx=5 status=0 toa_us=99904

2026-08-09 07:39:23,500 INFO image_tx_daemon: txdone_arrival: seq=203 idx=6 status=0 toa_us=99904

2026-08-09 07:39:23,617 INFO image_tx_daemon: txdone_arrival: seq=203 idx=7 status=0 toa_us=99904

2026-08-09 07:39:23,734 INFO image_tx_daemon: txdone_arrival: seq=203 idx=8 status=0 toa_us=99904

2026-08-09 07:39:23,851 INFO image_tx_daemon: txdone_arrival: seq=203 idx=9 status=0 toa_us=99904

2026-08-09 07:39:23,975 INFO image_tx_daemon: txdone_arrival: seq=203 idx=10 status=0 toa_us=99904

2026-08-09 07:39:24,159 INFO image_tx_daemon: txdone_arrival: seq=203 idx=11 status=0 toa_us=99904

2026-08-09 07:39:24,171 INFO image_tx_daemon: frame seq=203 done (pipelined): 12 fragments ok

2026-08-09 07:39:24,335 INFO image_tx_daemon: txdone_arrival: seq=209 idx=0 status=0 toa_us=99904

2026-08-09 07:39:24,452 INFO image_tx_daemon: txdone_arrival: seq=209 idx=1 status=0 toa_us=99904

2026-08-09 07:39:24,569 INFO image_tx_daemon: txdone_arrival: seq=209 idx=2 status=0 toa_us=99904

2026-08-09 07:39:24,686 INFO image_tx_daemon: txdone_arrival: seq=209 idx=3 status=0 toa_us=99904

2026-08-09 07:39:24,803 INFO image_tx_daemon: txdone_arrival: seq=209 idx=4 status=0 toa_us=99904

2026-08-09 07:39:24,920 INFO image_tx_daemon: txdone_arrival: seq=209 idx=5 status=0 toa_us=99904

2026-08-09 07:39:25,037 INFO image_tx_daemon: txdone_arrival: seq=209 idx=6 status=0 toa_us=99904

2026-08-09 07:39:25,155 INFO image_tx_daemon: txdone_arrival: seq=209 idx=7 status=0 toa_us=99904

2026-08-09 07:39:25,272 INFO image_tx_daemon: txdone_arrival: seq=209 idx=8 status=0 toa_us=99904

2026-08-09 07:39:25,389 INFO image_tx_daemon: txdone_arrival: seq=209 idx=9 status=0 toa_us=99904

2026-08-09 07:39:25,512 INFO image_tx_daemon: txdone_arrival: seq=209 idx=10 status=0 toa_us=99904

2026-08-09 07:39:25,687 INFO image_tx_daemon: txdone_arrival: seq=209 idx=11 status=0 toa_us=90944

2026-08-09 07:39:25,698 INFO image_tx_daemon: frame seq=209 done (pipelined): 12 fragments ok

2026-08-09 07:39:25,863 INFO image_tx_daemon: txdone_arrival: seq=210 idx=0 status=0 toa_us=99904

2026-08-09 07:39:25,980 INFO image_tx_daemon: txdone_arrival: seq=210 idx=1 status=0 toa_us=99904

2026-08-09 07:39:26,097 INFO image_tx_daemon: txdone_arrival: seq=210 idx=2 status=0 toa_us=99904

2026-08-09 07:39:26,214 INFO image_tx_daemon: txdone_arrival: seq=210 idx=3 status=0 toa_us=99904

2026-08-09 07:39:26,331 INFO image_tx_daemon: txdone_arrival: seq=210 idx=4 status=0 toa_us=99904

2026-08-09 07:39:26,448 INFO image_tx_daemon: txdone_arrival: seq=210 idx=5 status=0 toa_us=99904

2026-08-09 07:39:26,565 INFO image_tx_daemon: txdone_arrival: seq=210 idx=6 status=0 toa_us=99904

2026-08-09 07:39:26,682 INFO image_tx_daemon: txdone_arrival: seq=210 idx=7 status=0 toa_us=99904

2026-08-09 07:39:26,799 INFO image_tx_daemon: txdone_arrival: seq=210 idx=8 status=0 toa_us=99904

2026-08-09 07:39:26,916 INFO image_tx_daemon: txdone_arrival: seq=210 idx=9 status=0 toa_us=99904

2026-08-09 07:39:27,033 INFO image_tx_daemon: txdone_arrival: seq=210 idx=10 status=0 toa_us=99904

2026-08-09 07:39:27,156 INFO image_tx_daemon: txdone_arrival: seq=210 idx=11 status=0 toa_us=99904

2026-08-09 07:39:27,190 INFO image_tx_daemon: txdone_arrival: seq=210 idx=12 status=0 toa_us=24384

2026-08-09 07:39:27,201 INFO image_tx_daemon: frame seq=210 done (pipelined): 13 fragments ok

2026-08-09 07:39:27,397 INFO image_tx_daemon: txdone_arrival: seq=212 idx=0 status=0 toa_us=99904

2026-08-09 07:39:27,513 INFO image_tx_daemon: txdone_arrival: seq=212 idx=1 status=0 toa_us=99904

2026-08-09 07:39:27,631 INFO image_tx_daemon: txdone_arrival: seq=212 idx=2 status=0 toa_us=99904

2026-08-09 07:39:27,748 INFO image_tx_daemon: txdone_arrival: seq=212 idx=3 status=0 toa_us=99904

2026-08-09 07:39:27,865 INFO image_tx_daemon: txdone_arrival: seq=212 idx=4 status=0 toa_us=99904

2026-08-09 07:39:27,982 INFO image_tx_daemon: txdone_arrival: seq=212 idx=5 status=0 toa_us=99904

2026-08-09 07:39:28,099 INFO image_tx_daemon: txdone_arrival: seq=212 idx=6 status=0 toa_us=99904

2026-08-09 07:39:28,216 INFO image_tx_daemon: txdone_arrival: seq=212 idx=7 status=0 toa_us=99904

2026-08-09 07:39:28,333 INFO image_tx_daemon: txdone_arrival: seq=212 idx=8 status=0 toa_us=99904

2026-08-09 07:39:28,450 INFO image_tx_daemon: txdone_arrival: seq=212 idx=9 status=0 toa_us=99904

2026-08-09 07:39:28,567 INFO image_tx_daemon: txdone_arrival: seq=212 idx=10 status=0 toa_us=99904

2026-08-09 07:39:28,690 INFO image_tx_daemon: txdone_arrival: seq=212 idx=11 status=0 toa_us=99904

2026-08-09 07:39:28,734 INFO image_tx_daemon: txdone_arrival: seq=212 idx=12 status=0 toa_us=26944

2026-08-09 07:39:28,745 INFO image_tx_daemon: frame seq=212 done (pipelined): 13 fragments ok

2026-08-09 07:39:28,930 INFO image_tx_daemon: txdone_arrival: seq=215 idx=0 status=0 toa_us=99904

2026-08-09 07:39:29,047 INFO image_tx_daemon: txdone_arrival: seq=215 idx=1 status=0 toa_us=99904

2026-08-09 07:39:29,164 INFO image_tx_daemon: txdone_arrival: seq=215 idx=2 status=0 toa_us=99904

2026-08-09 07:39:29,282 INFO image_tx_daemon: txdone_arrival: seq=215 idx=3 status=0 toa_us=99904

2026-08-09 07:39:29,399 INFO image_tx_daemon: txdone_arrival: seq=215 idx=4 status=0 toa_us=99904

2026-08-09 07:39:29,516 INFO image_tx_daemon: txdone_arrival: seq=215 idx=5 status=0 toa_us=99904

2026-08-09 07:39:29,633 INFO image_tx_daemon: txdone_arrival: seq=215 idx=6 status=0 toa_us=99904

2026-08-09 07:39:29,750 INFO image_tx_daemon: txdone_arrival: seq=215 idx=7 status=0 toa_us=99904

2026-08-09 07:39:29,867 INFO image_tx_daemon: txdone_arrival: seq=215 idx=8 status=0 toa_us=99904

2026-08-09 07:39:29,984 INFO image_tx_daemon: txdone_arrival: seq=215 idx=9 status=0 toa_us=99904

2026-08-09 07:39:30,101 INFO image_tx_daemon: txdone_arrival: seq=215 idx=10 status=0 toa_us=99904

2026-08-09 07:39:30,224 INFO image_tx_daemon: txdone_arrival: seq=215 idx=11 status=0 toa_us=99904

2026-08-09 07:39:30,257 INFO image_tx_daemon: txdone_arrival: seq=215 idx=12 status=0 toa_us=23104

2026-08-09 07:39:30,269 INFO image_tx_daemon: frame seq=215 done (pipelined): 13 fragments ok

2026-08-09 07:39:30,464 INFO image_tx_daemon: txdone_arrival: seq=218 idx=0 status=0 toa_us=99904

2026-08-09 07:39:30,582 INFO image_tx_daemon: txdone_arrival: seq=218 idx=1 status=0 toa_us=99904

2026-08-09 07:39:30,699 INFO image_tx_daemon: txdone_arrival: seq=218 idx=2 status=0 toa_us=99904

2026-08-09 07:39:30,816 INFO image_tx_daemon: txdone_arrival: seq=218 idx=3 status=0 toa_us=99904

2026-08-09 07:39:30,933 INFO image_tx_daemon: txdone_arrival: seq=218 idx=4 status=0 toa_us=99904

2026-08-09 07:39:31,050 INFO image_tx_daemon: txdone_arrival: seq=218 idx=5 status=0 toa_us=99904

2026-08-09 07:39:31,167 INFO image_tx_daemon: txdone_arrival: seq=218 idx=6 status=0 toa_us=99904

2026-08-09 07:39:31,284 INFO image_tx_daemon: txdone_arrival: seq=218 idx=7 status=0 toa_us=99904

2026-08-09 07:39:31,401 INFO image_tx_daemon: txdone_arrival: seq=218 idx=8 status=0 toa_us=99904

2026-08-09 07:39:31,518 INFO image_tx_daemon: txdone_arrival: seq=218 idx=9 status=0 toa_us=99904

2026-08-09 07:39:31,635 INFO image_tx_daemon: txdone_arrival: seq=218 idx=10 status=0 toa_us=99904

2026-08-09 07:39:31,758 INFO image_tx_daemon: txdone_arrival: seq=218 idx=11 status=0 toa_us=99904

2026-08-09 07:39:31,781 INFO image_tx_daemon: txdone_arrival: seq=218 idx=12 status=0 toa_us=12864

2026-08-09 07:39:31,792 INFO image_tx_daemon: frame seq=218 done (pipelined): 13 fragments ok

2026-08-09 07:39:31,999 INFO image_tx_daemon: txdone_arrival: seq=221 idx=0 status=0 toa_us=99904

2026-08-09 07:39:32,115 INFO image_tx_daemon: txdone_arrival: seq=221 idx=1 status=0 toa_us=99904

2026-08-09 07:39:32,232 INFO image_tx_daemon: txdone_arrival: seq=221 idx=2 status=0 toa_us=99904

2026-08-09 07:39:32,349 INFO image_tx_daemon: txdone_arrival: seq=221 idx=3 status=0 toa_us=99904

2026-08-09 07:39:32,466 INFO image_tx_daemon: txdone_arrival: seq=221 idx=4 status=0 toa_us=99904

2026-08-09 07:39:32,583 INFO image_tx_daemon: txdone_arrival: seq=221 idx=5 status=0 toa_us=99904

2026-08-09 07:39:32,700 INFO image_tx_daemon: txdone_arrival: seq=221 idx=6 status=0 toa_us=99904

2026-08-09 07:39:32,818 INFO image_tx_daemon: txdone_arrival: seq=221 idx=7 status=0 toa_us=99904

2026-08-09 07:39:32,935 INFO image_tx_daemon: txdone_arrival: seq=221 idx=8 status=0 toa_us=99904

2026-08-09 07:39:33,052 INFO image_tx_daemon: txdone_arrival: seq=221 idx=9 status=0 toa_us=99904

2026-08-09 07:39:33,169 INFO image_tx_daemon: txdone_arrival: seq=221 idx=10 status=0 toa_us=99904

2026-08-09 07:39:33,292 INFO image_tx_daemon: txdone_arrival: seq=221 idx=11 status=0 toa_us=99904

2026-08-09 07:39:33,358 INFO image_tx_daemon: stats: goodput=1960.5 B/s util=80% pipeline=v3 frames_in=489 ok=156 fail=0 drop_full=326 drop_stale=0 frags_ok=1994 frags_fail=0 qdepth=4 parity_tx=0

2026-08-09 07:39:33,404 INFO image_tx_daemon: txdone_arrival: seq=221 idx=12 status=0 toa_us=38464

2026-08-09 07:39:33,415 INFO image_tx_daemon: frame seq=221 done (pipelined): 13 fragments ok

2026-08-09 07:39:33,590 INFO image_tx_daemon: txdone_arrival: seq=224 idx=0 status=0 toa_us=99904

2026-08-09 07:39:33,707 INFO image_tx_daemon: txdone_arrival: seq=224 idx=1 status=0 toa_us=99904

2026-08-09 07:39:33,824 INFO image_tx_daemon: txdone_arrival: seq=224 idx=2 status=0 toa_us=99904

2026-08-09 07:39:33,941 INFO image_tx_daemon: txdone_arrival: seq=224 idx=3 status=0 toa_us=99904

2026-08-09 07:39:34,058 INFO image_tx_daemon: txdone_arrival: seq=224 idx=4 status=0 toa_us=99904

2026-08-09 07:39:34,175 INFO image_tx_daemon: txdone_arrival: seq=224 idx=5 status=0 toa_us=99904

2026-08-09 07:39:34,292 INFO image_tx_daemon: txdone_arrival: seq=224 idx=6 status=0 toa_us=99904

2026-08-09 07:39:34,409 INFO image_tx_daemon: txdone_arrival: seq=224 idx=7 status=0 toa_us=99904

2026-08-09 07:39:34,526 INFO image_tx_daemon: txdone_arrival: seq=224 idx=8 status=0 toa_us=99904

2026-08-09 07:39:34,643 INFO image_tx_daemon: txdone_arrival: seq=224 idx=9 status=0 toa_us=99904

2026-08-09 07:39:34,766 INFO image_tx_daemon: txdone_arrival: seq=224 idx=10 status=0 toa_us=99904

2026-08-09 07:39:34,941 INFO image_tx_daemon: txdone_arrival: seq=224 idx=11 status=0 toa_us=97344

2026-08-09 07:39:34,953 INFO image_tx_daemon: frame seq=224 done (pipelined): 12 fragments ok

2026-08-09 07:39:35,118 INFO image_tx_daemon: txdone_arrival: seq=227 idx=0 status=0 toa_us=99904

2026-08-09 07:39:35,235 INFO image_tx_daemon: txdone_arrival: seq=227 idx=1 status=0 toa_us=99904

2026-08-09 07:39:35,352 INFO image_tx_daemon: txdone_arrival: seq=227 idx=2 status=0 toa_us=99904

2026-08-09 07:39:35,469 INFO image_tx_daemon: txdone_arrival: seq=227 idx=3 status=0 toa_us=99904

2026-08-09 07:39:35,586 INFO image_tx_daemon: txdone_arrival: seq=227 idx=4 status=0 toa_us=99904

2026-08-09 07:39:35,703 INFO image_tx_daemon: txdone_arrival: seq=227 idx=5 status=0 toa_us=99904

2026-08-09 07:39:35,820 INFO image_tx_daemon: txdone_arrival: seq=227 idx=6 status=0 toa_us=99904

2026-08-09 07:39:35,937 INFO image_tx_daemon: txdone_arrival: seq=227 idx=7 status=0 toa_us=99904

2026-08-09 07:39:36,054 INFO image_tx_daemon: txdone_arrival: seq=227 idx=8 status=0 toa_us=99904

2026-08-09 07:39:36,171 INFO image_tx_daemon: txdone_arrival: seq=227 idx=9 status=0 toa_us=99904

2026-08-09 07:39:36,288 INFO image_tx_daemon: txdone_arrival: seq=227 idx=10 status=0 toa_us=99904

2026-08-09 07:39:36,412 INFO image_tx_daemon: txdone_arrival: seq=227 idx=11 status=0 toa_us=99904

2026-08-09 07:39:36,523 INFO image_tx_daemon: txdone_arrival: seq=227 idx=12 status=0 toa_us=35904

2026-08-09 07:39:36,535 INFO image_tx_daemon: frame seq=227 done (pipelined): 13 fragments ok

2026-08-09 07:39:36,709 INFO image_tx_daemon: txdone_arrival: seq=231 idx=0 status=0 toa_us=99904

2026-08-09 07:39:36,826 INFO image_tx_daemon: txdone_arrival: seq=231 idx=1 status=0 toa_us=99904

2026-08-09 07:39:36,943 INFO image_tx_daemon: txdone_arrival: seq=231 idx=2 status=0 toa_us=99904

2026-08-09 07:39:37,060 INFO image_tx_daemon: txdone_arrival: seq=231 idx=3 status=0 toa_us=99904

2026-08-09 07:39:37,177 INFO image_tx_daemon: txdone_arrival: seq=231 idx=4 status=0 toa_us=99904

2026-08-09 07:39:37,294 INFO image_tx_daemon: txdone_arrival: seq=231 idx=5 status=0 toa_us=99904

2026-08-09 07:39:37,411 INFO image_tx_daemon: txdone_arrival: seq=231 idx=6 status=0 toa_us=99904

2026-08-09 07:39:37,528 INFO image_tx_daemon: txdone_arrival: seq=231 idx=7 status=0 toa_us=99904

2026-08-09 07:39:37,646 INFO image_tx_daemon: txdone_arrival: seq=231 idx=8 status=0 toa_us=99904

2026-08-09 07:39:37,763 INFO image_tx_daemon: txdone_arrival: seq=231 idx=9 status=0 toa_us=99904

2026-08-09 07:39:37,880 INFO image_tx_daemon: txdone_arrival: seq=231 idx=10 status=0 toa_us=99904

2026-08-09 07:39:38,003 INFO image_tx_daemon: txdone_arrival: seq=231 idx=11 status=0 toa_us=99904

2026-08-09 07:39:38,104 INFO image_tx_daemon: txdone_arrival: seq=231 idx=12 status=0 toa_us=32064

2026-08-09 07:39:38,115 INFO image_tx_daemon: frame seq=231 done (pipelined): 13 fragments ok

2026-08-09 07:39:38,300 INFO image_tx_daemon: txdone_arrival: seq=234 idx=0 status=0 toa_us=99904

2026-08-09 07:39:38,417 INFO image_tx_daemon: txdone_arrival: seq=234 idx=1 status=0 toa_us=99904

2026-08-09 07:39:38,534 INFO image_tx_daemon: txdone_arrival: seq=234 idx=2 status=0 toa_us=99904

2026-08-09 07:39:38,651 INFO image_tx_daemon: txdone_arrival: seq=234 idx=3 status=0 toa_us=99904

2026-08-09 07:39:38,768 INFO image_tx_daemon: txdone_arrival: seq=234 idx=4 status=0 toa_us=99904

2026-08-09 07:39:38,885 INFO image_tx_daemon: txdone_arrival: seq=234 idx=5 status=0 toa_us=99904

2026-08-09 07:39:39,002 INFO image_tx_daemon: txdone_arrival: seq=234 idx=6 status=0 toa_us=99904

2026-08-09 07:39:39,119 INFO image_tx_daemon: txdone_arrival: seq=234 idx=7 status=0 toa_us=99904

2026-08-09 07:39:39,237 INFO image_tx_daemon: txdone_arrival: seq=234 idx=8 status=0 toa_us=99904

2026-08-09 07:39:39,354 INFO image_tx_daemon: txdone_arrival: seq=234 idx=9 status=0 toa_us=99904

2026-08-09 07:39:39,471 INFO image_tx_daemon: txdone_arrival: seq=234 idx=10 status=0 toa_us=99904

2026-08-09 07:39:39,594 INFO image_tx_daemon: txdone_arrival: seq=234 idx=11 status=0 toa_us=99904

2026-08-09 07:39:39,705 INFO image_tx_daemon: txdone_arrival: seq=234 idx=12 status=0 toa_us=35904

2026-08-09 07:39:39,717 INFO image_tx_daemon: frame seq=234 done (pipelined): 13 fragments ok

2026-08-09 07:39:39,891 INFO image_tx_daemon: txdone_arrival: seq=237 idx=0 status=0 toa_us=99904

2026-08-09 07:39:40,008 INFO image_tx_daemon: txdone_arrival: seq=237 idx=1 status=0 toa_us=99904

2026-08-09 07:39:40,126 INFO image_tx_daemon: txdone_arrival: seq=237 idx=2 status=0 toa_us=99904

2026-08-09 07:39:40,242 INFO image_tx_daemon: txdone_arrival: seq=237 idx=3 status=0 toa_us=99904

2026-08-09 07:39:40,360 INFO image_tx_daemon: txdone_arrival: seq=237 idx=4 status=0 toa_us=99904

2026-08-09 07:39:40,477 INFO image_tx_daemon: txdone_arrival: seq=237 idx=5 status=0 toa_us=99904

2026-08-09 07:39:40,594 INFO image_tx_daemon: txdone_arrival: seq=237 idx=6 status=0 toa_us=99904

2026-08-09 07:39:40,711 INFO image_tx_daemon: txdone_arrival: seq=237 idx=7 status=0 toa_us=99904

2026-08-09 07:39:40,828 INFO image_tx_daemon: txdone_arrival: seq=237 idx=8 status=0 toa_us=99904

2026-08-09 07:39:40,945 INFO image_tx_daemon: txdone_arrival: seq=237 idx=9 status=0 toa_us=99904

2026-08-09 07:39:41,062 INFO image_tx_daemon: txdone_arrival: seq=237 idx=10 status=0 toa_us=99904

2026-08-09 07:39:41,185 INFO image_tx_daemon: txdone_arrival: seq=237 idx=11 status=0 toa_us=99904

2026-08-09 07:39:41,208 INFO image_tx_daemon: txdone_arrival: seq=237 idx=12 status=0 toa_us=11584

2026-08-09 07:39:41,219 INFO image_tx_daemon: frame seq=237 done (pipelined): 13 fragments ok

2026-08-09 07:39:41,426 INFO image_tx_daemon: txdone_arrival: seq=240 idx=0 status=0 toa_us=99904

2026-08-09 07:39:41,542 INFO image_tx_daemon: txdone_arrival: seq=240 idx=1 status=0 toa_us=99904

2026-08-09 07:39:41,659 INFO image_tx_daemon: txdone_arrival: seq=240 idx=2 status=0 toa_us=99904

2026-08-09 07:39:41,776 INFO image_tx_daemon: txdone_arrival: seq=240 idx=3 status=0 toa_us=99904

2026-08-09 07:39:41,894 INFO image_tx_daemon: txdone_arrival: seq=240 idx=4 status=0 toa_us=99904

2026-08-09 07:39:42,010 INFO image_tx_daemon: txdone_arrival: seq=240 idx=5 status=0 toa_us=99904

2026-08-09 07:39:42,128 INFO image_tx_daemon: txdone_arrival: seq=240 idx=6 status=0 toa_us=99904

2026-08-09 07:39:42,245 INFO image_tx_daemon: txdone_arrival: seq=240 idx=7 status=0 toa_us=99904

2026-08-09 07:39:42,362 INFO image_tx_daemon: txdone_arrival: seq=240 idx=8 status=0 toa_us=99904

2026-08-09 07:39:42,479 INFO image_tx_daemon: txdone_arrival: seq=240 idx=9 status=0 toa_us=99904

2026-08-09 07:39:42,596 INFO image_tx_daemon: txdone_arrival: seq=240 idx=10 status=0 toa_us=99904

2026-08-09 07:39:42,719 INFO image_tx_daemon: txdone_arrival: seq=240 idx=11 status=0 toa_us=99904

2026-08-09 07:39:42,831 INFO image_tx_daemon: txdone_arrival: seq=240 idx=12 status=0 toa_us=35904

2026-08-09 07:39:42,842 INFO image_tx_daemon: frame seq=240 done (pipelined): 13 fragments ok

2026-08-09 07:39:43,017 INFO image_tx_daemon: txdone_arrival: seq=243 idx=0 status=0 toa_us=99904

2026-08-09 07:39:43,134 INFO image_tx_daemon: txdone_arrival: seq=243 idx=1 status=0 toa_us=99904

2026-08-09 07:39:43,251 INFO image_tx_daemon: txdone_arrival: seq=243 idx=2 status=0 toa_us=99904

2026-08-09 07:39:43,368 INFO image_tx_daemon: txdone_arrival: seq=243 idx=3 status=0 toa_us=99904

2026-08-09 07:39:43,369 INFO image_tx_daemon: stats: goodput=1911.3 B/s util=78% pipeline=v3 frames_in=509 ok=163 fail=0 drop_full=340 drop_stale=0 frags_ok=2076 frags_fail=0 qdepth=3 parity_tx=0

2026-08-09 07:39:43,485 INFO image_tx_daemon: txdone_arrival: seq=243 idx=4 status=0 toa_us=99904

2026-08-09 07:39:43,602 INFO image_tx_daemon: txdone_arrival: seq=243 idx=5 status=0 toa_us=99904

2026-08-09 07:39:43,719 INFO image_tx_daemon: txdone_arrival: seq=243 idx=6 status=0 toa_us=99904

2026-08-09 07:39:43,836 INFO image_tx_daemon: txdone_arrival: seq=243 idx=7 status=0 toa_us=99904

2026-08-09 07:39:43,953 INFO image_tx_daemon: txdone_arrival: seq=243 idx=8 status=0 toa_us=99904

2026-08-09 07:39:44,070 INFO image_tx_daemon: txdone_arrival: seq=243 idx=9 status=0 toa_us=99904

2026-08-09 07:39:44,187 INFO image_tx_daemon: txdone_arrival: seq=243 idx=10 status=0 toa_us=99904

2026-08-09 07:39:44,310 INFO image_tx_daemon: txdone_arrival: seq=243 idx=11 status=0 toa_us=99904

2026-08-09 07:39:44,412 INFO image_tx_daemon: txdone_arrival: seq=243 idx=12 status=0 toa_us=33344

2026-08-09 07:39:44,423 INFO image_tx_daemon: frame seq=243 done (pipelined): 13 fragments ok

2026-08-09 07:39:44,608 INFO image_tx_daemon: txdone_arrival: seq=246 idx=0 status=0 toa_us=99904

2026-08-09 07:39:44,725 INFO image_tx_daemon: txdone_arrival: seq=246 idx=1 status=0 toa_us=99904

2026-08-09 07:39:44,842 INFO image_tx_daemon: txdone_arrival: seq=246 idx=2 status=0 toa_us=99904

2026-08-09 07:39:44,959 INFO image_tx_daemon: txdone_arrival: seq=246 idx=3 status=0 toa_us=99904

2026-08-09 07:39:45,076 INFO image_tx_daemon: txdone_arrival: seq=246 idx=4 status=0 toa_us=99904

2026-08-09 07:39:45,193 INFO image_tx_daemon: txdone_arrival: seq=246 idx=5 status=0 toa_us=99904

2026-08-09 07:39:45,310 INFO image_tx_daemon: txdone_arrival: seq=246 idx=6 status=0 toa_us=99904

2026-08-09 07:39:45,427 INFO image_tx_daemon: txdone_arrival: seq=246 idx=7 status=0 toa_us=99904

2026-08-09 07:39:45,544 INFO image_tx_daemon: txdone_arrival: seq=246 idx=8 status=0 toa_us=99904

2026-08-09 07:39:45,662 INFO image_tx_daemon: txdone_arrival: seq=246 idx=9 status=0 toa_us=99904

2026-08-09 07:39:45,779 INFO image_tx_daemon: txdone_arrival: seq=246 idx=10 status=0 toa_us=99904

2026-08-09 07:39:45,902 INFO image_tx_daemon: txdone_arrival: seq=246 idx=11 status=0 toa_us=99904

2026-08-09 07:39:46,014 INFO image_tx_daemon: txdone_arrival: seq=246 idx=12 status=0 toa_us=38464

2026-08-09 07:39:46,025 INFO image_tx_daemon: frame seq=246 done (pipelined): 13 fragments ok

2026-08-09 07:39:46,200 INFO image_tx_daemon: txdone_arrival: seq=250 idx=0 status=0 toa_us=99904

2026-08-09 07:39:46,317 INFO image_tx_daemon: txdone_arrival: seq=250 idx=1 status=0 toa_us=99904

2026-08-09 07:39:46,434 INFO image_tx_daemon: txdone_arrival: seq=250 idx=2 status=0 toa_us=99904

2026-08-09 07:39:46,551 INFO image_tx_daemon: txdone_arrival: seq=250 idx=3 status=0 toa_us=99904

2026-08-09 07:39:46,668 INFO image_tx_daemon: txdone_arrival: seq=250 idx=4 status=0 toa_us=99904

2026-08-09 07:39:46,785 INFO image_tx_daemon: txdone_arrival: seq=250 idx=5 status=0 toa_us=99904

2026-08-09 07:39:46,902 INFO image_tx_daemon: txdone_arrival: seq=250 idx=6 status=0 toa_us=99904

2026-08-09 07:39:47,019 INFO image_tx_daemon: txdone_arrival: seq=250 idx=7 status=0 toa_us=99904

2026-08-09 07:39:47,136 INFO image_tx_daemon: txdone_arrival: seq=250 idx=8 status=0 toa_us=99904

2026-08-09 07:39:47,253 INFO image_tx_daemon: txdone_arrival: seq=250 idx=9 status=0 toa_us=99904

2026-08-09 07:39:47,370 INFO image_tx_daemon: txdone_arrival: seq=250 idx=10 status=0 toa_us=99904

2026-08-09 07:39:47,494 INFO image_tx_daemon: txdone_arrival: seq=250 idx=11 status=0 toa_us=99904

2026-08-09 07:39:47,516 INFO image_tx_daemon: txdone_arrival: seq=250 idx=12 status=0 toa_us=12864

2026-08-09 07:39:47,528 INFO image_tx_daemon: frame seq=250 done (pipelined): 13 fragments ok

2026-08-09 07:39:47,734 INFO image_tx_daemon: txdone_arrival: seq=253 idx=0 status=0 toa_us=99904

2026-08-09 07:39:47,851 INFO image_tx_daemon: txdone_arrival: seq=253 idx=1 status=0 toa_us=99904

2026-08-09 07:39:47,968 INFO image_tx_daemon: txdone_arrival: seq=253 idx=2 status=0 toa_us=99904

2026-08-09 07:39:48,085 INFO image_tx_daemon: txdone_arrival: seq=253 idx=3 status=0 toa_us=99904

2026-08-09 07:39:48,202 INFO image_tx_daemon: txdone_arrival: seq=253 idx=4 status=0 toa_us=99904

2026-08-09 07:39:48,319 INFO image_tx_daemon: txdone_arrival: seq=253 idx=5 status=0 toa_us=99904

2026-08-09 07:39:48,436 INFO image_tx_daemon: txdone_arrival: seq=253 idx=6 status=0 toa_us=99904

2026-08-09 07:39:48,553 INFO image_tx_daemon: txdone_arrival: seq=253 idx=7 status=0 toa_us=99904

2026-08-09 07:39:48,670 INFO image_tx_daemon: txdone_arrival: seq=253 idx=8 status=0 toa_us=99904

2026-08-09 07:39:48,787 INFO image_tx_daemon: txdone_arrival: seq=253 idx=9 status=0 toa_us=99904

2026-08-09 07:39:48,904 INFO image_tx_daemon: txdone_arrival: seq=253 idx=10 status=0 toa_us=99904

2026-08-09 07:39:49,028 INFO image_tx_daemon: txdone_arrival: seq=253 idx=11 status=0 toa_us=99904

2026-08-09 07:39:49,139 INFO image_tx_daemon: txdone_arrival: seq=253 idx=12 status=0 toa_us=38464

2026-08-09 07:39:49,151 INFO image_tx_daemon: frame seq=253 done (pipelined): 13 fragments ok

2026-08-09 07:39:49,325 INFO image_tx_daemon: txdone_arrival: seq=0 idx=0 status=0 toa_us=99904

2026-08-09 07:39:49,442 INFO image_tx_daemon: txdone_arrival: seq=0 idx=1 status=0 toa_us=99904

2026-08-09 07:39:49,559 INFO image_tx_daemon: txdone_arrival: seq=0 idx=2 status=0 toa_us=99904

2026-08-09 07:39:49,676 INFO image_tx_daemon: txdone_arrival: seq=0 idx=3 status=0 toa_us=99904

2026-08-09 07:39:49,793 INFO image_tx_daemon: txdone_arrival: seq=0 idx=4 status=0 toa_us=99904

2026-08-09 07:39:49,910 INFO image_tx_daemon: txdone_arrival: seq=0 idx=5 status=0 toa_us=99904

2026-08-09 07:39:50,027 INFO image_tx_daemon: txdone_arrival: seq=0 idx=6 status=0 toa_us=99904

2026-08-09 07:39:50,144 INFO image_tx_daemon: txdone_arrival: seq=0 idx=7 status=0 toa_us=99904

2026-08-09 07:39:50,262 INFO image_tx_daemon: txdone_arrival: seq=0 idx=8 status=0 toa_us=99904

2026-08-09 07:39:50,379 INFO image_tx_daemon: txdone_arrival: seq=0 idx=9 status=0 toa_us=99904

2026-08-09 07:39:50,502 INFO image_tx_daemon: txdone_arrival: seq=0 idx=10 status=0 toa_us=99904

2026-08-09 07:39:50,677 INFO image_tx_daemon: txdone_arrival: seq=0 idx=11 status=0 toa_us=97344

2026-08-09 07:39:50,688 INFO image_tx_daemon: frame seq=0 done (pipelined): 12 fragments ok

2026-08-09 07:39:50,853 INFO image_tx_daemon: txdone_arrival: seq=3 idx=0 status=0 toa_us=99904

2026-08-09 07:39:50,970 INFO image_tx_daemon: txdone_arrival: seq=3 idx=1 status=0 toa_us=99904

2026-08-09 07:39:51,087 INFO image_tx_daemon: txdone_arrival: seq=3 idx=2 status=0 toa_us=99904

2026-08-09 07:39:51,204 INFO image_tx_daemon: txdone_arrival: seq=3 idx=3 status=0 toa_us=99904

2026-08-09 07:39:51,321 INFO image_tx_daemon: txdone_arrival: seq=3 idx=4 status=0 toa_us=99904

2026-08-09 07:39:51,438 INFO image_tx_daemon: txdone_arrival: seq=3 idx=5 status=0 toa_us=99904

2026-08-09 07:39:51,555 INFO image_tx_daemon: txdone_arrival: seq=3 idx=6 status=0 toa_us=99904

2026-08-09 07:39:51,672 INFO image_tx_daemon: txdone_arrival: seq=3 idx=7 status=0 toa_us=99904

2026-08-09 07:39:51,789 INFO image_tx_daemon: txdone_arrival: seq=3 idx=8 status=0 toa_us=99904

2026-08-09 07:39:51,906 INFO image_tx_daemon: txdone_arrival: seq=3 idx=9 status=0 toa_us=99904

2026-08-09 07:39:52,023 INFO image_tx_daemon: txdone_arrival: seq=3 idx=10 status=0 toa_us=99904

2026-08-09 07:39:52,147 INFO image_tx_daemon: txdone_arrival: seq=3 idx=11 status=0 toa_us=99904

2026-08-09 07:39:52,259 INFO image_tx_daemon: txdone_arrival: seq=3 idx=12 status=0 toa_us=35904

2026-08-09 07:39:52,271 INFO image_tx_daemon: frame seq=3 done (pipelined): 13 fragments ok

2026-08-09 07:39:52,445 INFO image_tx_daemon: txdone_arrival: seq=6 idx=0 status=0 toa_us=99904

2026-08-09 07:39:52,562 INFO image_tx_daemon: txdone_arrival: seq=6 idx=1 status=0 toa_us=99904

2026-08-09 07:39:52,679 INFO image_tx_daemon: txdone_arrival: seq=6 idx=2 status=0 toa_us=99904

2026-08-09 07:39:52,795 INFO image_tx_daemon: txdone_arrival: seq=6 idx=3 status=0 toa_us=99904

2026-08-09 07:39:52,913 INFO image_tx_daemon: txdone_arrival: seq=6 idx=4 status=0 toa_us=99904

2026-08-09 07:39:53,029 INFO image_tx_daemon: txdone_arrival: seq=6 idx=5 status=0 toa_us=99904

2026-08-09 07:39:53,147 INFO image_tx_daemon: txdone_arrival: seq=6 idx=6 status=0 toa_us=99904

2026-08-09 07:39:53,264 INFO image_tx_daemon: txdone_arrival: seq=6 idx=7 status=0 toa_us=99904

2026-08-09 07:39:53,381 INFO image_tx_daemon: txdone_arrival: seq=6 idx=8 status=0 toa_us=99904

2026-08-09 07:39:53,381 INFO image_tx_daemon: stats: goodput=1905.0 B/s util=77% pipeline=v3 frames_in=529 ok=169 fail=0 drop_full=353 drop_stale=0 frags_ok=2157 frags_fail=0 qdepth=4 parity_tx=0

2026-08-09 07:39:53,498 INFO image_tx_daemon: txdone_arrival: seq=6 idx=9 status=0 toa_us=99904

2026-08-09 07:39:53,612 INFO image_tx_daemon: txdone_arrival: seq=6 idx=10 status=0 toa_us=99904

2026-08-09 07:39:53,796 INFO image_tx_daemon: txdone_arrival: seq=6 idx=11 status=0 toa_us=92224

2026-08-09 07:39:53,808 INFO image_tx_daemon: frame seq=6 done (pipelined): 12 fragments ok

2026-08-09 07:39:53,972 INFO image_tx_daemon: txdone_arrival: seq=9 idx=0 status=0 toa_us=99904

2026-08-09 07:39:54,089 INFO image_tx_daemon: txdone_arrival: seq=9 idx=1 status=0 toa_us=99904

2026-08-09 07:39:54,206 INFO image_tx_daemon: txdone_arrival: seq=9 idx=2 status=0 toa_us=99904

2026-08-09 07:39:54,323 INFO image_tx_daemon: txdone_arrival: seq=9 idx=3 status=0 toa_us=99904

2026-08-09 07:39:54,440 INFO image_tx_daemon: txdone_arrival: seq=9 idx=4 status=0 toa_us=99904

2026-08-09 07:39:54,557 INFO image_tx_daemon: txdone_arrival: seq=9 idx=5 status=0 toa_us=99904

2026-08-09 07:39:54,674 INFO image_tx_daemon: txdone_arrival: seq=9 idx=6 status=0 toa_us=99904

2026-08-09 07:39:54,791 INFO image_tx_daemon: txdone_arrival: seq=9 idx=7 status=0 toa_us=99904

2026-08-09 07:39:54,908 INFO image_tx_daemon: txdone_arrival: seq=9 idx=8 status=0 toa_us=99904

2026-08-09 07:39:55,025 INFO image_tx_daemon: txdone_arrival: seq=9 idx=9 status=0 toa_us=99904

2026-08-09 07:39:55,142 INFO image_tx_daemon: txdone_arrival: seq=9 idx=10 status=0 toa_us=99904

2026-08-09 07:39:55,266 INFO image_tx_daemon: txdone_arrival: seq=9 idx=11 status=0 toa_us=99904

2026-08-09 07:39:55,299 INFO image_tx_daemon: txdone_arrival: seq=9 idx=12 status=0 toa_us=17984

2026-08-09 07:39:55,310 INFO image_tx_daemon: frame seq=9 done (pipelined): 13 fragments ok

2026-08-09 07:39:55,506 INFO image_tx_daemon: txdone_arrival: seq=12 idx=0 status=0 toa_us=99904

2026-08-09 07:39:55,623 INFO image_tx_daemon: txdone_arrival: seq=12 idx=1 status=0 toa_us=99904

2026-08-09 07:39:55,740 INFO image_tx_daemon: txdone_arrival: seq=12 idx=2 status=0 toa_us=99904

2026-08-09 07:39:55,857 INFO image_tx_daemon: txdone_arrival: seq=12 idx=3 status=0 toa_us=99904

2026-08-09 07:39:55,974 INFO image_tx_daemon: txdone_arrival: seq=12 idx=4 status=0 toa_us=99904

2026-08-09 07:39:56,091 INFO image_tx_daemon: txdone_arrival: seq=12 idx=5 status=0 toa_us=99904

2026-08-09 07:39:56,208 INFO image_tx_daemon: txdone_arrival: seq=12 idx=6 status=0 toa_us=99904

2026-08-09 07:39:56,325 INFO image_tx_daemon: txdone_arrival: seq=12 idx=7 status=0 toa_us=99904

2026-08-09 07:39:56,442 INFO image_tx_daemon: txdone_arrival: seq=12 idx=8 status=0 toa_us=99904

2026-08-09 07:39:56,559 INFO image_tx_daemon: txdone_arrival: seq=12 idx=9 status=0 toa_us=99904

2026-08-09 07:39:56,676 INFO image_tx_daemon: txdone_arrival: seq=12 idx=10 status=0 toa_us=99904

2026-08-09 07:39:56,800 INFO image_tx_daemon: txdone_arrival: seq=12 idx=11 status=0 toa_us=99904

2026-08-09 07:39:56,833 INFO image_tx_daemon: txdone_arrival: seq=12 idx=12 status=0 toa_us=24384

2026-08-09 07:39:56,844 INFO image_tx_daemon: frame seq=12 done (pipelined): 13 fragments ok

2026-08-09 07:39:57,040 INFO image_tx_daemon: txdone_arrival: seq=15 idx=0 status=0 toa_us=99904

2026-08-09 07:39:57,157 INFO image_tx_daemon: txdone_arrival: seq=15 idx=1 status=0 toa_us=99904

2026-08-09 07:39:57,274 INFO image_tx_daemon: txdone_arrival: seq=15 idx=2 status=0 toa_us=99904

2026-08-09 07:39:57,391 INFO image_tx_daemon: txdone_arrival: seq=15 idx=3 status=0 toa_us=99904

2026-08-09 07:39:57,508 INFO image_tx_daemon: txdone_arrival: seq=15 idx=4 status=0 toa_us=99904

2026-08-09 07:39:57,625 INFO image_tx_daemon: txdone_arrival: seq=15 idx=5 status=0 toa_us=99904

2026-08-09 07:39:57,742 INFO image_tx_daemon: txdone_arrival: seq=15 idx=6 status=0 toa_us=99904

2026-08-09 07:39:57,859 INFO image_tx_daemon: txdone_arrival: seq=15 idx=7 status=0 toa_us=99904

2026-08-09 07:39:57,976 INFO image_tx_daemon: txdone_arrival: seq=15 idx=8 status=0 toa_us=99904

2026-08-09 07:39:58,093 INFO image_tx_daemon: txdone_arrival: seq=15 idx=9 status=0 toa_us=99904

2026-08-09 07:39:58,210 INFO image_tx_daemon: txdone_arrival: seq=15 idx=10 status=0 toa_us=99904

2026-08-09 07:39:58,334 INFO image_tx_daemon: txdone_arrival: seq=15 idx=11 status=0 toa_us=99904

2026-08-09 07:39:58,367 INFO image_tx_daemon: txdone_arrival: seq=15 idx=12 status=0 toa_us=23104

2026-08-09 07:39:58,378 INFO image_tx_daemon: frame seq=15 done (pipelined): 13 fragments ok

2026-08-09 07:39:58,574 INFO image_tx_daemon: txdone_arrival: seq=19 idx=0 status=0 toa_us=99904

2026-08-09 07:39:58,691 INFO image_tx_daemon: txdone_arrival: seq=19 idx=1 status=0 toa_us=99904

2026-08-09 07:39:58,808 INFO image_tx_daemon: txdone_arrival: seq=19 idx=2 status=0 toa_us=99904

2026-08-09 07:39:58,925 INFO image_tx_daemon: txdone_arrival: seq=19 idx=3 status=0 toa_us=99904

2026-08-09 07:39:59,042 INFO image_tx_daemon: txdone_arrival: seq=19 idx=4 status=0 toa_us=99904

2026-08-09 07:39:59,159 INFO image_tx_daemon: txdone_arrival: seq=19 idx=5 status=0 toa_us=99904

2026-08-09 07:39:59,276 INFO image_tx_daemon: txdone_arrival: seq=19 idx=6 status=0 toa_us=99904

2026-08-09 07:39:59,393 INFO image_tx_daemon: txdone_arrival: seq=19 idx=7 status=0 toa_us=99904

2026-08-09 07:39:59,510 INFO image_tx_daemon: txdone_arrival: seq=19 idx=8 status=0 toa_us=99904

2026-08-09 07:39:59,627 INFO image_tx_daemon: txdone_arrival: seq=19 idx=9 status=0 toa_us=99904

2026-08-09 07:39:59,744 INFO image_tx_daemon: txdone_arrival: seq=19 idx=10 status=0 toa_us=99904

2026-08-09 07:39:59,868 INFO image_tx_daemon: txdone_arrival: seq=19 idx=11 status=0 toa_us=99904

2026-08-09 07:39:59,969 INFO image_tx_daemon: txdone_arrival: seq=19 idx=12 status=0 toa_us=33344

2026-08-09 07:39:59,980 INFO image_tx_daemon: frame seq=19 done (pipelined): 13 fragments ok

2026-08-09 07:40:00,165 INFO image_tx_daemon: txdone_arrival: seq=22 idx=0 status=0 toa_us=99904

2026-08-09 07:40:00,282 INFO image_tx_daemon: txdone_arrival: seq=22 idx=1 status=0 toa_us=99904

2026-08-09 07:40:00,399 INFO image_tx_daemon: txdone_arrival: seq=22 idx=2 status=0 toa_us=99904

2026-08-09 07:40:00,516 INFO image_tx_daemon: txdone_arrival: seq=22 idx=3 status=0 toa_us=99904

2026-08-09 07:40:00,633 INFO image_tx_daemon: txdone_arrival: seq=22 idx=4 status=0 toa_us=99904

2026-08-09 07:40:00,751 INFO image_tx_daemon: txdone_arrival: seq=22 idx=5 status=0 toa_us=99904

2026-08-09 07:40:00,868 INFO image_tx_daemon: txdone_arrival: seq=22 idx=6 status=0 toa_us=99904

2026-08-09 07:40:00,985 INFO image_tx_daemon: txdone_arrival: seq=22 idx=7 status=0 toa_us=99904

2026-08-09 07:40:01,102 INFO image_tx_daemon: txdone_arrival: seq=22 idx=8 status=0 toa_us=99904

2026-08-09 07:40:01,219 INFO image_tx_daemon: txdone_arrival: seq=22 idx=9 status=0 toa_us=99904

2026-08-09 07:40:01,336 INFO image_tx_daemon: txdone_arrival: seq=22 idx=10 status=0 toa_us=99904

2026-08-09 07:40:01,459 INFO image_tx_daemon: txdone_arrival: seq=22 idx=11 status=0 toa_us=99904

2026-08-09 07:40:01,571 INFO image_tx_daemon: txdone_arrival: seq=22 idx=12 status=0 toa_us=38464

2026-08-09 07:40:01,582 INFO image_tx_daemon: frame seq=22 done (pipelined): 13 fragments ok

2026-08-09 07:40:01,756 INFO image_tx_daemon: txdone_arrival: seq=25 idx=0 status=0 toa_us=99904

2026-08-09 07:40:01,874 INFO image_tx_daemon: txdone_arrival: seq=25 idx=1 status=0 toa_us=99904

2026-08-09 07:40:01,991 INFO image_tx_daemon: txdone_arrival: seq=25 idx=2 status=0 toa_us=99904

2026-08-09 07:40:02,108 INFO image_tx_daemon: txdone_arrival: seq=25 idx=3 status=0 toa_us=99904

2026-08-09 07:40:02,225 INFO image_tx_daemon: txdone_arrival: seq=25 idx=4 status=0 toa_us=99904

2026-08-09 07:40:02,342 INFO image_tx_daemon: txdone_arrival: seq=25 idx=5 status=0 toa_us=99904

2026-08-09 07:40:02,459 INFO image_tx_daemon: txdone_arrival: seq=25 idx=6 status=0 toa_us=99904

2026-08-09 07:40:02,576 INFO image_tx_daemon: txdone_arrival: seq=25 idx=7 status=0 toa_us=99904

2026-08-09 07:40:02,693 INFO image_tx_daemon: txdone_arrival: seq=25 idx=8 status=0 toa_us=99904

2026-08-09 07:40:02,810 INFO image_tx_daemon: txdone_arrival: seq=25 idx=9 status=0 toa_us=99904

2026-08-09 07:40:02,927 INFO image_tx_daemon: txdone_arrival: seq=25 idx=10 status=0 toa_us=99904

2026-08-09 07:40:03,042 INFO image_tx_daemon: txdone_arrival: seq=25 idx=11 status=0 toa_us=99904

2026-08-09 07:40:03,151 INFO image_tx_daemon: txdone_arrival: seq=25 idx=12 status=0 toa_us=32064

2026-08-09 07:40:03,163 INFO image_tx_daemon: frame seq=25 done (pipelined): 13 fragments ok

2026-08-09 07:40:03,348 INFO image_tx_daemon: txdone_arrival: seq=28 idx=0 status=0 toa_us=99904

2026-08-09 07:40:03,392 INFO image_tx_daemon: stats: goodput=1928.8 B/s util=78% pipeline=v3 frames_in=549 ok=176 fail=0 drop_full=367 drop_stale=0 frags_ok=2240 frags_fail=0 qdepth=4 parity_tx=0

2026-08-09 07:40:03,465 INFO image_tx_daemon: txdone_arrival: seq=28 idx=1 status=0 toa_us=99904

2026-08-09 07:40:03,582 INFO image_tx_daemon: txdone_arrival: seq=28 idx=2 status=0 toa_us=99904

2026-08-09 07:40:03,699 INFO image_tx_daemon: txdone_arrival: seq=28 idx=3 status=0 toa_us=99904

2026-08-09 07:40:03,816 INFO image_tx_daemon: txdone_arrival: seq=28 idx=4 status=0 toa_us=99904

2026-08-09 07:40:03,933 INFO image_tx_daemon: txdone_arrival: seq=28 idx=5 status=0 toa_us=99904

2026-08-09 07:40:04,050 INFO image_tx_daemon: txdone_arrival: seq=28 idx=6 status=0 toa_us=99904

2026-08-09 07:40:04,167 INFO image_tx_daemon: txdone_arrival: seq=28 idx=7 status=0 toa_us=99904

2026-08-09 07:40:04,284 INFO image_tx_daemon: txdone_arrival: seq=28 idx=8 status=0 toa_us=99904

2026-08-09 07:40:04,401 INFO image_tx_daemon: txdone_arrival: seq=28 idx=9 status=0 toa_us=99904

2026-08-09 07:40:04,525 INFO image_tx_daemon: txdone_arrival: seq=28 idx=10 status=0 toa_us=99904

2026-08-09 07:40:04,699 INFO image_tx_daemon: txdone_arrival: seq=28 idx=11 status=0 toa_us=92224

2026-08-09 07:40:04,711 INFO image_tx_daemon: frame seq=28 done (pipelined): 12 fragments ok

2026-08-09 07:40:04,875 INFO image_tx_daemon: txdone_arrival: seq=31 idx=0 status=0 toa_us=99904

2026-08-09 07:40:04,992 INFO image_tx_daemon: txdone_arrival: seq=31 idx=1 status=0 toa_us=99904

2026-08-09 07:40:05,109 INFO image_tx_daemon: txdone_arrival: seq=31 idx=2 status=0 toa_us=99904

2026-08-09 07:40:05,226 INFO image_tx_daemon: txdone_arrival: seq=31 idx=3 status=0 toa_us=99904

2026-08-09 07:40:05,343 INFO image_tx_daemon: txdone_arrival: seq=31 idx=4 status=0 toa_us=99904

2026-08-09 07:40:05,460 INFO image_tx_daemon: txdone_arrival: seq=31 idx=5 status=0 toa_us=99904

2026-08-09 07:40:05,577 INFO image_tx_daemon: txdone_arrival: seq=31 idx=6 status=0 toa_us=99904

2026-08-09 07:40:05,695 INFO image_tx_daemon: txdone_arrival: seq=31 idx=7 status=0 toa_us=99904

2026-08-09 07:40:05,812 INFO image_tx_daemon: txdone_arrival: seq=31 idx=8 status=0 toa_us=99904

2026-08-09 07:40:05,929 INFO image_tx_daemon: txdone_arrival: seq=31 idx=9 status=0 toa_us=99904

2026-08-09 07:40:06,052 INFO image_tx_daemon: txdone_arrival: seq=31 idx=10 status=0 toa_us=99904

2026-08-09 07:40:06,227 INFO image_tx_daemon: txdone_arrival: seq=31 idx=11 status=0 toa_us=94784

2026-08-09 07:40:06,238 INFO image_tx_daemon: frame seq=31 done (pipelined): 12 fragments ok

2026-08-09 07:40:06,402 INFO image_tx_daemon: txdone_arrival: seq=37 idx=0 status=0 toa_us=99904

2026-08-09 07:40:06,520 INFO image_tx_daemon: txdone_arrival: seq=37 idx=1 status=0 toa_us=99904

2026-08-09 07:40:06,637 INFO image_tx_daemon: txdone_arrival: seq=37 idx=2 status=0 toa_us=99904

2026-08-09 07:40:06,754 INFO image_tx_daemon: txdone_arrival: seq=37 idx=3 status=0 toa_us=99904

2026-08-09 07:40:06,871 INFO image_tx_daemon: txdone_arrival: seq=37 idx=4 status=0 toa_us=99904

2026-08-09 07:40:06,988 INFO image_tx_daemon: txdone_arrival: seq=37 idx=5 status=0 toa_us=99904

2026-08-09 07:40:07,105 INFO image_tx_daemon: txdone_arrival: seq=37 idx=6 status=0 toa_us=99904

2026-08-09 07:40:07,222 INFO image_tx_daemon: txdone_arrival: seq=37 idx=7 status=0 toa_us=99904

2026-08-09 07:40:07,339 INFO image_tx_daemon: txdone_arrival: seq=37 idx=8 status=0 toa_us=99904

2026-08-09 07:40:07,456 INFO image_tx_daemon: txdone_arrival: seq=37 idx=9 status=0 toa_us=99904

2026-08-09 07:40:07,579 INFO image_tx_daemon: txdone_arrival: seq=37 idx=10 status=0 toa_us=99904

2026-08-09 07:40:07,765 INFO image_tx_daemon: txdone_arrival: seq=37 idx=11 status=0 toa_us=99904

2026-08-09 07:40:07,776 INFO image_tx_daemon: frame seq=37 done (pipelined): 12 fragments ok

2026-08-09 07:40:07,941 INFO image_tx_daemon: txdone_arrival: seq=38 idx=0 status=0 toa_us=99904

2026-08-09 07:40:08,058 INFO image_tx_daemon: txdone_arrival: seq=38 idx=1 status=0 toa_us=99904

2026-08-09 07:40:08,175 INFO image_tx_daemon: txdone_arrival: seq=38 idx=2 status=0 toa_us=99904

2026-08-09 07:40:08,292 INFO image_tx_daemon: txdone_arrival: seq=38 idx=3 status=0 toa_us=99904

2026-08-09 07:40:08,409 INFO image_tx_daemon: txdone_arrival: seq=38 idx=4 status=0 toa_us=99904

2026-08-09 07:40:08,526 INFO image_tx_daemon: txdone_arrival: seq=38 idx=5 status=0 toa_us=99904

2026-08-09 07:40:08,647 INFO image_tx_daemon: txdone_arrival: seq=38 idx=6 status=0 toa_us=99904

2026-08-09 07:40:08,760 INFO image_tx_daemon: txdone_arrival: seq=38 idx=7 status=0 toa_us=99904

2026-08-09 07:40:08,877 INFO image_tx_daemon: txdone_arrival: seq=38 idx=8 status=0 toa_us=99904

2026-08-09 07:40:08,994 INFO image_tx_daemon: txdone_arrival: seq=38 idx=9 status=0 toa_us=99904

2026-08-09 07:40:09,108 INFO image_tx_daemon: txdone_arrival: seq=38 idx=10 status=0 toa_us=99904

2026-08-09 07:40:09,292 INFO image_tx_daemon: txdone_arrival: seq=38 idx=11 status=0 toa_us=92224

2026-08-09 07:40:09,304 INFO image_tx_daemon: frame seq=38 done (pipelined): 12 fragments ok

2026-08-09 07:40:09,468 INFO image_tx_daemon: txdone_arrival: seq=40 idx=0 status=0 toa_us=99904

2026-08-09 07:40:09,585 INFO image_tx_daemon: txdone_arrival: seq=40 idx=1 status=0 toa_us=99904

2026-08-09 07:40:09,702 INFO image_tx_daemon: txdone_arrival: seq=40 idx=2 status=0 toa_us=99904

2026-08-09 07:40:09,819 INFO image_tx_daemon: txdone_arrival: seq=40 idx=3 status=0 toa_us=99904

2026-08-09 07:40:09,936 INFO image_tx_daemon: txdone_arrival: seq=40 idx=4 status=0 toa_us=99904

2026-08-09 07:40:10,053 INFO image_tx_daemon: txdone_arrival: seq=40 idx=5 status=0 toa_us=99904

2026-08-09 07:40:10,170 INFO image_tx_daemon: txdone_arrival: seq=40 idx=6 status=0 toa_us=99904

2026-08-09 07:40:10,287 INFO image_tx_daemon: txdone_arrival: seq=40 idx=7 status=0 toa_us=99904

2026-08-09 07:40:10,404 INFO image_tx_daemon: txdone_arrival: seq=40 idx=8 status=0 toa_us=99904

2026-08-09 07:40:10,521 INFO image_tx_daemon: txdone_arrival: seq=40 idx=9 status=0 toa_us=99904

2026-08-09 07:40:10,638 INFO image_tx_daemon: txdone_arrival: seq=40 idx=10 status=0 toa_us=99904

2026-08-09 07:40:10,762 INFO image_tx_daemon: txdone_arrival: seq=40 idx=11 status=0 toa_us=99904

2026-08-09 07:40:10,874 INFO image_tx_daemon: txdone_arrival: seq=40 idx=12 status=0 toa_us=35904

2026-08-09 07:40:10,885 INFO image_tx_daemon: frame seq=40 done (pipelined): 13 fragments ok

2026-08-09 07:40:11,059 INFO image_tx_daemon: txdone_arrival: seq=43 idx=0 status=0 toa_us=99904

2026-08-09 07:40:11,176 INFO image_tx_daemon: txdone_arrival: seq=43 idx=1 status=0 toa_us=99904

2026-08-09 07:40:11,293 INFO image_tx_daemon: txdone_arrival: seq=43 idx=2 status=0 toa_us=99904

2026-08-09 07:40:11,410 INFO image_tx_daemon: txdone_arrival: seq=43 idx=3 status=0 toa_us=99904

2026-08-09 07:40:11,527 INFO image_tx_daemon: txdone_arrival: seq=43 idx=4 status=0 toa_us=99904

2026-08-09 07:40:11,645 INFO image_tx_daemon: txdone_arrival: seq=43 idx=5 status=0 toa_us=99904

2026-08-09 07:40:11,762 INFO image_tx_daemon: txdone_arrival: seq=43 idx=6 status=0 toa_us=99904

2026-08-09 07:40:11,879 INFO image_tx_daemon: txdone_arrival: seq=43 idx=7 status=0 toa_us=99904

2026-08-09 07:40:11,996 INFO image_tx_daemon: txdone_arrival: seq=43 idx=8 status=0 toa_us=99904

2026-08-09 07:40:12,113 INFO image_tx_daemon: txdone_arrival: seq=43 idx=9 status=0 toa_us=99904

2026-08-09 07:40:12,236 INFO image_tx_daemon: txdone_arrival: seq=43 idx=10 status=0 toa_us=99904

2026-08-09 07:40:12,421 INFO image_tx_daemon: txdone_arrival: seq=43 idx=11 status=0 toa_us=99904

2026-08-09 07:40:12,433 INFO image_tx_daemon: frame seq=43 done (pipelined): 12 fragments ok

2026-08-09 07:40:12,597 INFO image_tx_daemon: txdone_arrival: seq=50 idx=0 status=0 toa_us=99904

2026-08-09 07:40:12,714 INFO image_tx_daemon: txdone_arrival: seq=50 idx=1 status=0 toa_us=99904

2026-08-09 07:40:12,831 INFO image_tx_daemon: txdone_arrival: seq=50 idx=2 status=0 toa_us=99904

2026-08-09 07:40:12,949 INFO image_tx_daemon: txdone_arrival: seq=50 idx=3 status=0 toa_us=99904

2026-08-09 07:40:13,066 INFO image_tx_daemon: txdone_arrival: seq=50 idx=4 status=0 toa_us=99904

2026-08-09 07:40:13,183 INFO image_tx_daemon: txdone_arrival: seq=50 idx=5 status=0 toa_us=99904

2026-08-09 07:40:13,300 INFO image_tx_daemon: txdone_arrival: seq=50 idx=6 status=0 toa_us=99904

2026-08-09 07:40:13,407 INFO image_tx_daemon: stats: goodput=1925.9 B/s util=78% pipeline=v3 frames_in=569 ok=182 fail=0 drop_full=380 drop_stale=0 frags_ok=2319 frags_fail=0 qdepth=4 parity_tx=0

2026-08-09 07:40:13,417 INFO image_tx_daemon: txdone_arrival: seq=50 idx=7 status=0 toa_us=99904

2026-08-09 07:40:13,534 INFO image_tx_daemon: txdone_arrival: seq=50 idx=8 status=0 toa_us=99904

2026-08-09 07:40:13,651 INFO image_tx_daemon: txdone_arrival: seq=50 idx=9 status=0 toa_us=99904

2026-08-09 07:40:13,768 INFO image_tx_daemon: txdone_arrival: seq=50 idx=10 status=0 toa_us=99904

2026-08-09 07:40:13,882 INFO image_tx_daemon: txdone_arrival: seq=50 idx=11 status=0 toa_us=99904

2026-08-09 07:40:13,915 INFO image_tx_daemon: txdone_arrival: seq=50 idx=12 status=0 toa_us=24384

2026-08-09 07:40:13,927 INFO image_tx_daemon: frame seq=50 done (pipelined): 13 fragments ok

2026-08-09 07:40:14,122 INFO image_tx_daemon: txdone_arrival: seq=51 idx=0 status=0 toa_us=99904

2026-08-09 07:40:14,239 INFO image_tx_daemon: txdone_arrival: seq=51 idx=1 status=0 toa_us=99904

2026-08-09 07:40:14,356 INFO image_tx_daemon: txdone_arrival: seq=51 idx=2 status=0 toa_us=99904

2026-08-09 07:40:14,473 INFO image_tx_daemon: txdone_arrival: seq=51 idx=3 status=0 toa_us=99904

2026-08-09 07:40:14,590 INFO image_tx_daemon: txdone_arrival: seq=51 idx=4 status=0 toa_us=99904

2026-08-09 07:40:14,707 INFO image_tx_daemon: txdone_arrival: seq=51 idx=5 status=0 toa_us=99904

2026-08-09 07:40:14,824 INFO image_tx_daemon: txdone_arrival: seq=51 idx=6 status=0 toa_us=99904

2026-08-09 07:40:14,942 INFO image_tx_daemon: txdone_arrival: seq=51 idx=7 status=0 toa_us=99904

2026-08-09 07:40:15,058 INFO image_tx_daemon: txdone_arrival: seq=51 idx=8 status=0 toa_us=99904

2026-08-09 07:40:15,176 INFO image_tx_daemon: txdone_arrival: seq=51 idx=9 status=0 toa_us=99904

2026-08-09 07:40:15,293 INFO image_tx_daemon: txdone_arrival: seq=51 idx=10 status=0 toa_us=99904

2026-08-09 07:40:15,416 INFO image_tx_daemon: txdone_arrival: seq=51 idx=11 status=0 toa_us=99904

2026-08-09 07:40:15,518 INFO image_tx_daemon: txdone_arrival: seq=51 idx=12 status=0 toa_us=33344

2026-08-09 07:40:15,529 INFO image_tx_daemon: frame seq=51 done (pipelined): 13 fragments ok

2026-08-09 07:40:15,714 INFO image_tx_daemon: txdone_arrival: seq=53 idx=0 status=0 toa_us=99904

2026-08-09 07:40:15,831 INFO image_tx_daemon: txdone_arrival: seq=53 idx=1 status=0 toa_us=99904

2026-08-09 07:40:15,948 INFO image_tx_daemon: txdone_arrival: seq=53 idx=2 status=0 toa_us=99904

2026-08-09 07:40:16,065 INFO image_tx_daemon: txdone_arrival: seq=53 idx=3 status=0 toa_us=99904

2026-08-09 07:40:16,182 INFO image_tx_daemon: txdone_arrival: seq=53 idx=4 status=0 toa_us=99904

2026-08-09 07:40:16,299 INFO image_tx_daemon: txdone_arrival: seq=53 idx=5 status=0 toa_us=99904

2026-08-09 07:40:16,416 INFO image_tx_daemon: txdone_arrival: seq=53 idx=6 status=0 toa_us=99904

2026-08-09 07:40:16,533 INFO image_tx_daemon: txdone_arrival: seq=53 idx=7 status=0 toa_us=99904

2026-08-09 07:40:16,650 INFO image_tx_daemon: txdone_arrival: seq=53 idx=8 status=0 toa_us=99904

2026-08-09 07:40:16,767 INFO image_tx_daemon: txdone_arrival: seq=53 idx=9 status=0 toa_us=99904

2026-08-09 07:40:16,884 INFO image_tx_daemon: txdone_arrival: seq=53 idx=10 status=0 toa_us=99904

2026-08-09 07:40:17,008 INFO image_tx_daemon: txdone_arrival: seq=53 idx=11 status=0 toa_us=99904

2026-08-09 07:40:17,119 INFO image_tx_daemon: txdone_arrival: seq=53 idx=12 status=0 toa_us=38464

2026-08-09 07:40:17,131 INFO image_tx_daemon: frame seq=53 done (pipelined): 13 fragments ok

2026-08-09 07:40:17,305 INFO image_tx_daemon: txdone_arrival: seq=59 idx=0 status=0 toa_us=99904

2026-08-09 07:40:17,422 INFO image_tx_daemon: txdone_arrival: seq=59 idx=1 status=0 toa_us=99904

2026-08-09 07:40:17,539 INFO image_tx_daemon: txdone_arrival: seq=59 idx=2 status=0 toa_us=99904

2026-08-09 07:40:17,656 INFO image_tx_daemon: txdone_arrival: seq=59 idx=3 status=0 toa_us=99904

2026-08-09 07:40:17,773 INFO image_tx_daemon: txdone_arrival: seq=59 idx=4 status=0 toa_us=99904

2026-08-09 07:40:17,890 INFO image_tx_daemon: txdone_arrival: seq=59 idx=5 status=0 toa_us=99904

2026-08-09 07:40:18,007 INFO image_tx_daemon: txdone_arrival: seq=59 idx=6 status=0 toa_us=99904

2026-08-09 07:40:18,124 INFO image_tx_daemon: txdone_arrival: seq=59 idx=7 status=0 toa_us=99904

2026-08-09 07:40:18,241 INFO image_tx_daemon: txdone_arrival: seq=59 idx=8 status=0 toa_us=99904

2026-08-09 07:40:18,358 INFO image_tx_daemon: txdone_arrival: seq=59 idx=9 status=0 toa_us=99904

2026-08-09 07:40:18,475 INFO image_tx_daemon: txdone_arrival: seq=59 idx=10 status=0 toa_us=99904

2026-08-09 07:40:18,599 INFO image_tx_daemon: txdone_arrival: seq=59 idx=11 status=0 toa_us=99904

2026-08-09 07:40:18,710 INFO image_tx_daemon: txdone_arrival: seq=59 idx=12 status=0 toa_us=38464

2026-08-09 07:40:18,722 INFO image_tx_daemon: frame seq=59 done (pipelined): 13 fragments ok

2026-08-09 07:40:18,896 INFO image_tx_daemon: txdone_arrival: seq=60 idx=0 status=0 toa_us=99904

2026-08-09 07:40:19,013 INFO image_tx_daemon: txdone_arrival: seq=60 idx=1 status=0 toa_us=99904

2026-08-09 07:40:19,131 INFO image_tx_daemon: txdone_arrival: seq=60 idx=2 status=0 toa_us=99904

2026-08-09 07:40:19,248 INFO image_tx_daemon: txdone_arrival: seq=60 idx=3 status=0 toa_us=99904

2026-08-09 07:40:19,365 INFO image_tx_daemon: txdone_arrival: seq=60 idx=4 status=0 toa_us=99904

2026-08-09 07:40:19,482 INFO image_tx_daemon: txdone_arrival: seq=60 idx=5 status=0 toa_us=99904

2026-08-09 07:40:19,599 INFO image_tx_daemon: txdone_arrival: seq=60 idx=6 status=0 toa_us=99904

2026-08-09 07:40:19,716 INFO image_tx_daemon: txdone_arrival: seq=60 idx=7 status=0 toa_us=99904

