2026-09-14 18:04:28,137 INFO image_rx_daemon: ctrl MQTT connected (192.168.1.79)

2026-09-14 18:04:28,149 INFO image_rx_daemon: opening L072 HostLink on /dev/ttymxc3 @ 921600

2026-09-14 18:04:28,181 INFO image_rx_daemon: image_rx_daemon started; mqtt=127.0.0.1:1883 uart=/dev/ttymxc3

2026-09-14 18:04:28,232 INFO image_rx_daemon: MQTT connected; ready to publish lifetrac/v25/video/tile_delta

2026-09-14 18:04:28,273 INFO image_rx_daemon: LIFETRAC_SKIP_RESET_REQ=1 — relying on external NRST; draining boot chatter only

2026-09-14 18:04:28,711 INFO image_rx_daemon: L072 VER warm-up ok (attempt 1)

Initializing regulatory profile 1 on co-processor...

  FHSS mask: WIDE (50 channels) [LIFETRAC_FHSS_WIDE_MASK=1]

CFG_SET_REQ(FHSS_CHANNEL_MASK) OK: 07000800

CFG_SET_REQ(ANTENNA_GAIN_DBI) OK: 15000100

CFG_SET_REQ(HW_CEILING_DBM) OK: 16000100

  FHSS seed: (0,0) legacy shared permutation [set LIFETRAC_FHSS_FARM_ID / LIFETRAC_FHSS_LINK_ID to separate pairs]

CFG_SET_REQ(FHSS_FARM_ID) OK: 17000800

CFG_SET_REQ(FHSS_NODE_ID) OK: 18000800

CFG_SET_REQ(REG_PROFILE=1) OK: 14000100

2026-09-14 18:04:29,126 INFO image_rx_daemon: LBT_ENABLE=0 (command uplink shares the image channel)

2026-09-14 18:04:29,163 INFO image_rx_daemon: stats: rx_frames=0 rx_decode_err=0 frames_published=0 publish_err=0 reassembler_decode_err=0 reassembler_timeouts=0 parity_recon=0 idle_drain_deferred=0 cmd_cooldown_drops=0 cmd_gate_held=0 cmd_copies_deferred=0

PHY contract OK: image_bw250 == {'sf': 7, 'bw_khz': 250, 'cr_den': 5, 'preamble': 8}

2026-09-14 18:04:29,203 INFO image_rx_daemon: SX1276 already in RXCONT (opmode=0x85)

2026-09-14 18:04:29,205 INFO image_rx_daemon: RX worker ready; draining RX_FRAME_URC...

2026-09-14 18:04:39,172 INFO image_rx_daemon: stats: rx_frames=0 rx_decode_err=0 frames_published=0 publish_err=0 reassembler_decode_err=0 reassembler_timeouts=0 parity_recon=0 idle_drain_deferred=0 cmd_cooldown_drops=0 cmd_gate_held=0 cmd_copies_deferred=0

2026-09-14 18:04:49,179 INFO image_rx_daemon: stats: rx_frames=0 rx_decode_err=0 frames_published=0 publish_err=0 reassembler_decode_err=0 reassembler_timeouts=0 parity_recon=0 idle_drain_deferred=0 cmd_cooldown_drops=0 cmd_gate_held=0 cmd_copies_deferred=0

2026-09-14 18:04:50,962 INFO image_rx_daemon: frag_arrival: seq=6 idx=7 total=15 fw_us=1335957520 len=207

2026-09-14 18:04:51,357 INFO image_rx_daemon: frag_arrival: seq=6 idx=8 total=15 fw_us=1336356890 len=207

2026-09-14 18:04:51,557 INFO image_rx_daemon: frag_arrival: seq=6 idx=9 total=15 fw_us=1336556520 len=207

2026-09-14 18:04:51,757 INFO image_rx_daemon: frag_arrival: seq=6 idx=10 total=15 fw_us=1336756188 len=207

2026-09-14 18:04:51,958 INFO image_rx_daemon: frag_arrival: seq=6 idx=11 total=15 fw_us=1336955859 len=207

2026-09-14 18:04:52,159 INFO image_rx_daemon: frag_arrival: seq=6 idx=12 total=15 fw_us=1337155556 len=207

2026-09-14 18:04:52,360 INFO image_rx_daemon: frag_arrival: seq=6 idx=13 total=15 fw_us=1337355259 len=207

2026-09-14 18:04:52,421 INFO image_rx_daemon: frag_arrival: seq=6 idx=14 total=15 fw_us=1337446315 len=59

2026-09-14 18:04:52,957 INFO image_rx_daemon: frag_arrival: seq=12 idx=0 total=15 fw_us=1337954432 len=207

2026-09-14 18:04:53,350 INFO image_rx_daemon: frag_arrival: seq=12 idx=1 total=15 fw_us=1338353836 len=207

2026-09-14 18:04:53,549 INFO image_rx_daemon: frag_arrival: seq=12 idx=2 total=15 fw_us=1338553550 len=207

2026-09-14 18:04:53,749 INFO image_rx_daemon: frag_arrival: seq=12 idx=3 total=15 fw_us=1338753299 len=207

2026-09-14 18:04:53,949 INFO image_rx_daemon: frag_arrival: seq=12 idx=4 total=15 fw_us=1338953033 len=207

2026-09-14 18:04:54,149 INFO image_rx_daemon: frag_arrival: seq=12 idx=5 total=15 fw_us=1339152761 len=207

2026-09-14 18:04:54,349 INFO image_rx_daemon: frag_arrival: seq=12 idx=6 total=15 fw_us=1339352464 len=207

2026-09-14 18:04:54,549 INFO image_rx_daemon: frag_arrival: seq=12 idx=7 total=15 fw_us=1339552192 len=207

2026-09-14 18:04:54,953 INFO image_rx_daemon: frag_arrival: seq=12 idx=8 total=15 fw_us=1339951690 len=207

2026-09-14 18:04:55,153 INFO image_rx_daemon: frag_arrival: seq=12 idx=9 total=15 fw_us=1340151395 len=207

2026-09-14 18:04:55,353 INFO image_rx_daemon: frag_arrival: seq=12 idx=10 total=15 fw_us=1340351094 len=207

2026-09-14 18:04:55,553 INFO image_rx_daemon: frag_arrival: seq=12 idx=11 total=15 fw_us=1340550785 len=207

2026-09-14 18:04:55,753 INFO image_rx_daemon: frag_arrival: seq=12 idx=12 total=15 fw_us=1340750514 len=207

2026-09-14 18:04:55,953 INFO image_rx_daemon: frag_arrival: seq=12 idx=13 total=15 fw_us=1340950242 len=207

2026-09-14 18:04:56,064 INFO image_rx_daemon: frag_arrival: seq=12 idx=14 total=15 fw_us=1341082730 len=115

2026-09-14 18:04:56,122 INFO image_rx_daemon: published frame_id=0 seq=12 2953 B → lifetrac/v25/video/tile_delta

2026-09-14 18:04:56,558 INFO image_rx_daemon: frag_arrival: seq=20 idx=0 total=15 fw_us=1341549521 len=207

2026-09-14 18:04:56,953 INFO image_rx_daemon: frag_arrival: seq=20 idx=1 total=15 fw_us=1341948857 len=207

2026-09-14 18:04:57,155 INFO image_rx_daemon: frag_arrival: seq=20 idx=2 total=15 fw_us=1342148540 len=207

2026-09-14 18:04:57,347 INFO image_rx_daemon: frag_arrival: seq=20 idx=3 total=15 fw_us=1342348250 len=207

2026-09-14 18:04:57,547 INFO image_rx_daemon: frag_arrival: seq=20 idx=4 total=15 fw_us=1342548033 len=207

2026-09-14 18:04:57,749 INFO image_rx_daemon: frag_arrival: seq=20 idx=5 total=15 fw_us=1342747836 len=207

2026-09-14 18:04:57,953 INFO image_rx_daemon: frag_arrival: seq=20 idx=6 total=15 fw_us=1342947603 len=207

2026-09-14 18:04:58,153 INFO image_rx_daemon: frag_arrival: seq=20 idx=7 total=15 fw_us=1343147365 len=207

2026-09-14 18:04:58,565 INFO image_rx_daemon: frag_arrival: seq=20 idx=8 total=15 fw_us=1343546813 len=207

2026-09-14 18:04:58,746 INFO image_rx_daemon: frag_arrival: seq=20 idx=9 total=15 fw_us=1343746567 len=207

2026-09-14 18:04:58,946 INFO image_rx_daemon: frag_arrival: seq=20 idx=10 total=15 fw_us=1343946272 len=207

2026-09-14 18:04:59,148 INFO image_rx_daemon: frag_arrival: seq=20 idx=11 total=15 fw_us=1344146004 len=207

2026-09-14 18:04:59,187 INFO image_rx_daemon: stats: rx_frames=35 rx_decode_err=0 frames_published=1 publish_err=0 reassembler_decode_err=0 reassembler_timeouts=1 parity_recon=0 idle_drain_deferred=7 cmd_cooldown_drops=0 cmd_gate_held=0 cmd_copies_deferred=0

2026-09-14 18:04:59,190 INFO image_rx_daemon: air_gap: n=34 dt_med=199728us dt_p95=466791us len_med=207B cmd_tx_ok=0 cmd_tx_fail=0

2026-09-14 18:04:59,195 INFO image_rx_daemon: air_gap_hist(ms): <120:1 <200:26 <400:5 <1000:2

2026-09-14 18:04:59,199 INFO image_rx_daemon: rx_rf: n_rssi=35 n_snr=35 rssi[min/med/max]=-65/-62/-59 snr[min/med/max]=8.0/10.0/12.0

2026-09-14 18:04:59,202 INFO image_rx_daemon: phase_telemetry: valid=35 invalid=0 pre_f8=0 last_epoch=2 last_hop=3 slot_off=[14..14]

2026-09-14 18:04:59,206 INFO image_rx_daemon: air_gap_by_class: seq: n=32 med=199.7ms | boundary: n=2 med=508.1ms

2026-09-14 18:04:59,352 INFO image_rx_daemon: frag_arrival: seq=20 idx=12 total=15 fw_us=1344345735 len=207

2026-09-14 18:04:59,553 INFO image_rx_daemon: frag_arrival: seq=20 idx=13 total=15 fw_us=1344545434 len=207

2026-09-14 18:04:59,666 INFO image_rx_daemon: frag_arrival: seq=20 idx=14 total=15 fw_us=1344683011 len=121

2026-09-14 18:04:59,677 INFO image_rx_daemon: published frame_id=0 seq=20 2959 B → lifetrac/v25/video/tile_delta

2026-09-14 18:05:00,145 INFO image_rx_daemon: frag_arrival: seq=27 idx=0 total=15 fw_us=1345144557 len=207

2026-09-14 18:05:00,555 INFO image_rx_daemon: frag_arrival: seq=27 idx=1 total=15 fw_us=1345543967 len=207

2026-09-14 18:05:00,744 INFO image_rx_daemon: frag_arrival: seq=27 idx=2 total=15 fw_us=1345743694 len=207

2026-09-14 18:05:00,944 INFO image_rx_daemon: frag_arrival: seq=27 idx=3 total=15 fw_us=1345943469 len=207

2026-09-14 18:05:01,143 INFO image_rx_daemon: frag_arrival: seq=27 idx=4 total=15 fw_us=1346143280 len=207

2026-09-14 18:05:01,344 INFO image_rx_daemon: frag_arrival: seq=27 idx=5 total=15 fw_us=1346343095 len=207

2026-09-14 18:05:01,545 INFO image_rx_daemon: frag_arrival: seq=27 idx=6 total=15 fw_us=1346542903 len=207

2026-09-14 18:05:01,745 INFO image_rx_daemon: frag_arrival: seq=27 idx=7 total=15 fw_us=1346742668 len=207

2026-09-14 18:05:02,142 INFO image_rx_daemon: frag_arrival: seq=27 idx=8 total=15 fw_us=1347142254 len=207

2026-09-14 18:05:02,341 INFO image_rx_daemon: frag_arrival: seq=27 idx=9 total=15 fw_us=1347342095 len=207

2026-09-14 18:05:02,542 INFO image_rx_daemon: frag_arrival: seq=27 idx=10 total=15 fw_us=1347541985 len=207

2026-09-14 18:05:02,743 INFO image_rx_daemon: frag_arrival: seq=27 idx=11 total=15 fw_us=1347741836 len=207

2026-09-14 18:05:02,942 INFO image_rx_daemon: frag_arrival: seq=27 idx=12 total=15 fw_us=1347941645 len=207

2026-09-14 18:05:03,142 INFO image_rx_daemon: frag_arrival: seq=27 idx=13 total=15 fw_us=1348141481 len=207

2026-09-14 18:05:03,303 INFO image_rx_daemon: frag_arrival: seq=27 idx=14 total=15 fw_us=1348304989 len=155

2026-09-14 18:05:03,313 INFO image_rx_daemon: published frame_id=0 seq=27 2993 B → lifetrac/v25/video/tile_delta

2026-09-14 18:05:03,741 INFO image_rx_daemon: frag_arrival: seq=34 idx=0 total=15 fw_us=1348740893 len=207

2026-09-14 18:05:04,145 INFO image_rx_daemon: frag_arrival: seq=34 idx=1 total=15 fw_us=1349140421 len=207

2026-09-14 18:05:04,344 INFO image_rx_daemon: frag_arrival: seq=34 idx=2 total=15 fw_us=1349340209 len=207

2026-09-14 18:05:04,543 INFO image_rx_daemon: frag_arrival: seq=34 idx=3 total=15 fw_us=1349540030 len=207

2026-09-14 18:05:04,746 INFO image_rx_daemon: frag_arrival: seq=34 idx=4 total=15 fw_us=1349739873 len=207

2026-09-14 18:05:04,946 INFO image_rx_daemon: frag_arrival: seq=34 idx=5 total=15 fw_us=1349939634 len=207

2026-09-14 18:05:05,147 INFO image_rx_daemon: frag_arrival: seq=34 idx=6 total=15 fw_us=1350139428 len=207

2026-09-14 18:05:05,348 INFO image_rx_daemon: frag_arrival: seq=34 idx=7 total=15 fw_us=1350339247 len=207

2026-09-14 18:05:05,740 INFO image_rx_daemon: frag_arrival: seq=34 idx=8 total=15 fw_us=1350738847 len=207

2026-09-14 18:05:05,939 INFO image_rx_daemon: frag_arrival: seq=34 idx=9 total=15 fw_us=1350938673 len=207

2026-09-14 18:05:06,139 INFO image_rx_daemon: frag_arrival: seq=34 idx=10 total=15 fw_us=1351138511 len=207

2026-09-14 18:05:06,338 INFO image_rx_daemon: frag_arrival: seq=34 idx=11 total=15 fw_us=1351338284 len=207

2026-09-14 18:05:06,537 INFO image_rx_daemon: frag_arrival: seq=34 idx=12 total=15 fw_us=1351538104 len=207

2026-09-14 18:05:06,738 INFO image_rx_daemon: frag_arrival: seq=34 idx=13 total=15 fw_us=1351737938 len=207

2026-09-14 18:05:06,885 INFO image_rx_daemon: frag_arrival: seq=34 idx=14 total=15 fw_us=1351891139 len=142

2026-09-14 18:05:06,897 INFO image_rx_daemon: published frame_id=0 seq=34 2980 B → lifetrac/v25/video/tile_delta

2026-09-14 18:05:07,346 INFO image_rx_daemon: frag_arrival: seq=41 idx=0 total=15 fw_us=1352337373 len=207

2026-09-14 18:05:07,740 INFO image_rx_daemon: frag_arrival: seq=41 idx=1 total=15 fw_us=1352736932 len=207

2026-09-14 18:05:07,939 INFO image_rx_daemon: frag_arrival: seq=41 idx=2 total=15 fw_us=1352936706 len=207

2026-09-14 18:05:08,139 INFO image_rx_daemon: frag_arrival: seq=41 idx=3 total=15 fw_us=1353136459 len=207

2026-09-14 18:05:08,340 INFO image_rx_daemon: frag_arrival: seq=41 idx=4 total=15 fw_us=1353336261 len=207

2026-09-14 18:05:08,539 INFO image_rx_daemon: frag_arrival: seq=41 idx=5 total=15 fw_us=1353537030 len=207

2026-09-14 18:05:08,739 INFO image_rx_daemon: frag_arrival: seq=41 idx=6 total=15 fw_us=1353735860 len=207

2026-09-14 18:05:08,939 INFO image_rx_daemon: frag_arrival: seq=41 idx=7 total=15 fw_us=1353935663 len=207

2026-09-14 18:05:09,213 INFO image_rx_daemon: stats: rx_frames=76 rx_decode_err=0 frames_published=4 publish_err=0 reassembler_decode_err=0 reassembler_timeouts=1 parity_recon=0 idle_drain_deferred=16 cmd_cooldown_drops=0 cmd_gate_held=0 cmd_copies_deferred=0

2026-09-14 18:05:09,216 INFO image_rx_daemon: air_gap: n=41 dt_med=199815us dt_p95=435904us len_med=207B cmd_tx_ok=0 cmd_tx_fail=0

2026-09-14 18:05:09,222 INFO image_rx_daemon: air_gap_hist(ms): <200:32 <400:6 <1000:3

2026-09-14 18:05:09,228 INFO image_rx_daemon: rx_rf: n_rssi=41 n_snr=41 rssi[min/med/max]=-65/-62/-59 snr[min/med/max]=9.0/10.0/11.0

2026-09-14 18:05:09,230 INFO image_rx_daemon: phase_telemetry: valid=41 invalid=0 pre_f8=0 last_epoch=3 last_hop=2 slot_off=[14..14]

2026-09-14 18:05:09,234 INFO image_rx_daemon: air_gap_by_class: seq: n=38 med=199.8ms | boundary: n=3 med=446.2ms

2026-09-14 18:05:09,338 INFO image_rx_daemon: frag_arrival: seq=41 idx=8 total=15 fw_us=1354335304 len=207

2026-09-14 18:05:09,539 INFO image_rx_daemon: frag_arrival: seq=41 idx=9 total=15 fw_us=1354536030 len=207

2026-09-14 18:05:09,740 INFO image_rx_daemon: frag_arrival: seq=41 idx=10 total=15 fw_us=1354734864 len=207

2026-09-14 18:05:09,943 INFO image_rx_daemon: frag_arrival: seq=41 idx=11 total=15 fw_us=1354934627 len=207

2026-09-14 18:05:10,146 INFO image_rx_daemon: frag_arrival: seq=41 idx=12 total=15 fw_us=1355134368 len=207

2026-09-14 18:05:10,346 INFO image_rx_daemon: frag_arrival: seq=41 idx=13 total=15 fw_us=1355334113 len=207

2026-09-14 18:05:10,444 INFO image_rx_daemon: frag_arrival: seq=41 idx=14 total=15 fw_us=1355453608 len=96

2026-09-14 18:05:10,456 INFO image_rx_daemon: published frame_id=0 seq=41 2934 B → lifetrac/v25/video/tile_delta

2026-09-14 18:05:10,948 INFO image_rx_daemon: frag_arrival: seq=48 idx=0 total=15 fw_us=1355933407 len=207

2026-09-14 18:05:11,342 INFO image_rx_daemon: frag_arrival: seq=48 idx=1 total=15 fw_us=1356333024 len=207

2026-09-14 18:05:11,543 INFO image_rx_daemon: frag_arrival: seq=48 idx=2 total=15 fw_us=1356532861 len=207

2026-09-14 18:05:11,743 INFO image_rx_daemon: frag_arrival: seq=48 idx=3 total=15 fw_us=1356732670 len=207

2026-09-14 18:05:11,942 INFO image_rx_daemon: frag_arrival: seq=48 idx=4 total=15 fw_us=1356932457 len=207

2026-09-14 18:05:12,143 INFO image_rx_daemon: frag_arrival: seq=48 idx=5 total=15 fw_us=1357132231 len=207

2026-09-14 18:05:12,343 INFO image_rx_daemon: frag_arrival: seq=48 idx=6 total=15 fw_us=1357332033 len=207

2026-09-14 18:05:12,543 INFO image_rx_daemon: frag_arrival: seq=48 idx=7 total=15 fw_us=1357531823 len=207

2026-09-14 18:05:12,943 INFO image_rx_daemon: frag_arrival: seq=48 idx=8 total=15 fw_us=1357931467 len=207

2026-09-14 18:05:13,133 INFO image_rx_daemon: frag_arrival: seq=48 idx=9 total=15 fw_us=1358131263 len=207

2026-09-14 18:05:13,336 INFO image_rx_daemon: frag_arrival: seq=48 idx=10 total=15 fw_us=1358331025 len=207

2026-09-14 18:05:13,560 INFO image_rx_daemon: frag_arrival: seq=48 idx=11 total=15 fw_us=1358530799 len=207

2026-09-14 18:05:13,739 INFO image_rx_daemon: frag_arrival: seq=48 idx=12 total=15 fw_us=1358730660 len=207

2026-09-14 18:05:13,938 INFO image_rx_daemon: frag_arrival: seq=48 idx=13 total=15 fw_us=1358930556 len=207

2026-09-14 18:05:14,088 INFO image_rx_daemon: frag_arrival: seq=48 idx=14 total=15 fw_us=1359086391 len=147

2026-09-14 18:05:14,100 INFO image_rx_daemon: published frame_id=0 seq=48 2985 B → lifetrac/v25/video/tile_delta

2026-09-14 18:05:14,539 INFO image_rx_daemon: frag_arrival: seq=55 idx=0 total=15 fw_us=1359531030 len=207

2026-09-14 18:05:14,940 INFO image_rx_daemon: frag_arrival: seq=55 idx=1 total=15 fw_us=1359929695 len=207

2026-09-14 18:05:15,144 INFO image_rx_daemon: frag_arrival: seq=55 idx=2 total=15 fw_us=1360129520 len=207

2026-09-14 18:05:15,375 INFO image_rx_daemon: frag_arrival: seq=55 idx=3 total=15 fw_us=1360329297 len=207

2026-09-14 18:05:15,537 INFO image_rx_daemon: frag_arrival: seq=55 idx=4 total=15 fw_us=1360530030 len=207

2026-09-14 18:05:15,743 INFO image_rx_daemon: frag_arrival: seq=55 idx=5 total=15 fw_us=1360728801 len=207

2026-09-14 18:05:15,935 INFO image_rx_daemon: frag_arrival: seq=55 idx=6 total=15 fw_us=1360928593 len=207

2026-09-14 18:05:16,135 INFO image_rx_daemon: frag_arrival: seq=55 idx=7 total=15 fw_us=1361128376 len=207

2026-09-14 18:05:16,537 INFO image_rx_daemon: frag_arrival: seq=55 idx=8 total=15 fw_us=1361527969 len=207

2026-09-14 18:05:16,740 INFO image_rx_daemon: frag_arrival: seq=55 idx=9 total=15 fw_us=1361727779 len=207

2026-09-14 18:05:16,930 INFO image_rx_daemon: frag_arrival: seq=55 idx=10 total=15 fw_us=1361927574 len=207

2026-09-14 18:05:17,145 INFO image_rx_daemon: frag_arrival: seq=55 idx=11 total=15 fw_us=1362127380 len=207

2026-09-14 18:05:17,341 INFO image_rx_daemon: frag_arrival: seq=55 idx=12 total=15 fw_us=1362327177 len=207

2026-09-14 18:05:17,529 INFO image_rx_daemon: frag_arrival: seq=55 idx=13 total=15 fw_us=1362526961 len=207

2026-09-14 18:05:17,652 INFO image_rx_daemon: frag_arrival: seq=55 idx=14 total=15 fw_us=1362659463 len=113

2026-09-14 18:05:17,664 INFO image_rx_daemon: published frame_id=0 seq=55 2951 B → lifetrac/v25/video/tile_delta

2026-09-14 18:05:18,129 INFO image_rx_daemon: frag_arrival: seq=63 idx=0 total=15 fw_us=1363126438 len=207

2026-09-14 18:05:18,533 INFO image_rx_daemon: frag_arrival: seq=63 idx=1 total=15 fw_us=1363525993 len=207

2026-09-14 18:05:18,728 INFO image_rx_daemon: frag_arrival: seq=63 idx=2 total=15 fw_us=1363725770 len=207

2026-09-14 18:05:18,935 INFO image_rx_daemon: frag_arrival: seq=63 idx=3 total=15 fw_us=1363925548 len=207

2026-09-14 18:05:19,135 INFO image_rx_daemon: frag_arrival: seq=63 idx=4 total=15 fw_us=1364125276 len=207

2026-09-14 18:05:19,241 INFO image_rx_daemon: stats: rx_frames=118 rx_decode_err=0 frames_published=7 publish_err=0 reassembler_decode_err=0 reassembler_timeouts=1 parity_recon=0 idle_drain_deferred=24 cmd_cooldown_drops=0 cmd_gate_held=0 cmd_copies_deferred=0

2026-09-14 18:05:19,244 INFO image_rx_daemon: air_gap: n=42 dt_med=199796us dt_p95=444639us len_med=207B cmd_tx_ok=0 cmd_tx_fail=0

2026-09-14 18:05:19,250 INFO image_rx_daemon: air_gap_hist(ms): <120:1 <200:30 <400:8 <1000:3

2026-09-14 18:05:19,254 INFO image_rx_daemon: rx_rf: n_rssi=42 n_snr=42 rssi[min/med/max]=-65/-62/-59 snr[min/med/max]=8.0/10.0/12.0

2026-09-14 18:05:19,258 INFO image_rx_daemon: phase_telemetry: valid=42 invalid=0 pre_f8=0 last_epoch=4 last_hop=3 slot_off=[14..14]

2026-09-14 18:05:19,262 INFO image_rx_daemon: air_gap_by_class: seq: n=39 med=199.8ms | boundary: n=3 med=467.0ms

2026-09-14 18:05:19,338 INFO image_rx_daemon: frag_arrival: seq=63 idx=5 total=15 fw_us=1364325027 len=207

2026-09-14 18:05:19,528 INFO image_rx_daemon: frag_arrival: seq=63 idx=6 total=15 fw_us=1364524770 len=207

2026-09-14 18:05:19,729 INFO image_rx_daemon: frag_arrival: seq=63 idx=7 total=15 fw_us=1364724528 len=207

2026-09-14 18:05:20,135 INFO image_rx_daemon: frag_arrival: seq=63 idx=8 total=15 fw_us=1365124033 len=207

2026-09-14 18:05:20,337 INFO image_rx_daemon: frag_arrival: seq=63 idx=9 total=15 fw_us=1365323813 len=207

2026-09-14 18:05:20,527 INFO image_rx_daemon: frag_arrival: seq=63 idx=10 total=15 fw_us=1365523542 len=207

2026-09-14 18:05:20,729 INFO image_rx_daemon: frag_arrival: seq=63 idx=11 total=15 fw_us=1365723269 len=207

2026-09-14 18:05:20,932 INFO image_rx_daemon: frag_arrival: seq=63 idx=12 total=15 fw_us=1365922968 len=207

2026-09-14 18:05:21,134 INFO image_rx_daemon: frag_arrival: seq=63 idx=13 total=15 fw_us=1366122620 len=207

2026-09-14 18:05:21,207 INFO image_rx_daemon: frag_arrival: seq=63 idx=14 total=15 fw_us=1366218794 len=65

2026-09-14 18:05:21,219 INFO image_rx_daemon: published frame_id=0 seq=63 2903 B → lifetrac/v25/video/tile_delta

2026-09-14 18:05:21,734 INFO image_rx_daemon: frag_arrival: seq=77 idx=0 total=15 fw_us=1366721892 len=207

2026-09-14 18:05:22,130 INFO image_rx_daemon: frag_arrival: seq=77 idx=1 total=15 fw_us=1367121020 len=207

2026-09-14 18:05:22,337 INFO image_rx_daemon: frag_arrival: seq=77 idx=2 total=15 fw_us=1367320765 len=207

2026-09-14 18:05:22,526 INFO image_rx_daemon: frag_arrival: seq=77 idx=3 total=15 fw_us=1367520464 len=207

2026-09-14 18:05:22,728 INFO image_rx_daemon: frag_arrival: seq=77 idx=4 total=15 fw_us=1367720223 len=207

2026-09-14 18:05:22,934 INFO image_rx_daemon: frag_arrival: seq=77 idx=5 total=15 fw_us=1367919922 len=207

2026-09-14 18:05:23,126 INFO image_rx_daemon: frag_arrival: seq=77 idx=6 total=15 fw_us=1368119639 len=207

2026-09-14 18:05:23,339 INFO image_rx_daemon: frag_arrival: seq=77 idx=7 total=15 fw_us=1368319356 len=207

2026-09-14 18:05:23,727 INFO image_rx_daemon: frag_arrival: seq=77 idx=8 total=15 fw_us=1368718793 len=207

2026-09-14 18:05:23,927 INFO image_rx_daemon: frag_arrival: seq=77 idx=9 total=15 fw_us=1368918485 len=207

2026-09-14 18:05:24,025 INFO image_rx_daemon: cmd 0x63 superseded while pending (after 0 attempts) — body replaced, retry budget reset

2026-09-14 18:05:24,129 INFO image_rx_daemon: frag_arrival: seq=77 idx=10 total=15 fw_us=1369118185 len=207

2026-09-14 18:05:24,329 INFO image_rx_daemon: frag_arrival: seq=77 idx=11 total=15 fw_us=1369317858 len=207

2026-09-14 18:05:24,529 INFO image_rx_daemon: frag_arrival: seq=77 idx=12 total=15 fw_us=1369517578 len=207

2026-09-14 18:05:24,732 INFO image_rx_daemon: frag_arrival: seq=77 idx=13 total=15 fw_us=1369717307 len=207

2026-09-14 18:05:24,739 INFO image_rx_daemon: cmd 0x63 superseded while pending (after 0 attempts) — body replaced, retry budget reset

2026-09-14 18:05:24,806 INFO image_rx_daemon: frag_arrival: seq=77 idx=14 total=15 fw_us=1369823894 len=81

2026-09-14 18:05:24,817 INFO image_rx_daemon: published frame_id=0 seq=77 2919 B → lifetrac/v25/video/tile_delta

RFCO_PERTX during TX wait: profile_id=1 tx_status=0x00(OK) hop_idx=32 channel_idx=2 epoch=4 freq_hz=903750000 pkt_toa_us=20608 legal_dwell_used_us_10s=20608

2026-09-14 18:05:24,869 INFO image_rx_daemon: command TX opcode=0x60 copy=1/1 OK (on air)

2026-09-14 18:05:25,324 INFO image_rx_daemon: frag_arrival: seq=78 idx=0 total=15 fw_us=1370316402 len=207

2026-09-14 18:05:25,434 INFO image_rx_daemon: cmd 0x63 superseded while pending (after 0 attempts) — body replaced, retry budget reset

2026-09-14 18:05:25,721 INFO image_rx_daemon: frag_arrival: seq=78 idx=1 total=15 fw_us=1370715779 len=207

2026-09-14 18:05:25,930 INFO image_rx_daemon: frag_arrival: seq=78 idx=2 total=15 fw_us=1370915440 len=207

2026-09-14 18:05:26,130 INFO image_rx_daemon: frag_arrival: seq=78 idx=3 total=15 fw_us=1371115176 len=207

2026-09-14 18:05:26,140 INFO image_rx_daemon: cmd 0x63 superseded while pending (after 0 attempts) — body replaced, retry budget reset

2026-09-14 18:05:26,319 INFO image_rx_daemon: frag_arrival: seq=78 idx=4 total=15 fw_us=1371314883 len=207

2026-09-14 18:05:26,519 INFO image_rx_daemon: frag_arrival: seq=78 idx=5 total=15 fw_us=1371514539 len=207

2026-09-14 18:05:26,721 INFO image_rx_daemon: frag_arrival: seq=78 idx=6 total=15 fw_us=1371714206 len=207

2026-09-14 18:05:26,843 INFO image_rx_daemon: cmd 0x63 superseded while pending (after 0 attempts) — body replaced, retry budget reset

2026-09-14 18:05:26,925 INFO image_rx_daemon: frag_arrival: seq=78 idx=7 total=15 fw_us=1371913880 len=207

2026-09-14 18:05:27,328 INFO image_rx_daemon: frag_arrival: seq=78 idx=8 total=15 fw_us=1372313266 len=207

2026-09-14 18:05:27,528 INFO image_rx_daemon: frag_arrival: seq=78 idx=9 total=15 fw_us=1372512929 len=207

2026-09-14 18:05:27,549 INFO image_rx_daemon: cmd 0x63 superseded while pending (after 0 attempts) — body replaced, retry budget reset

2026-09-14 18:05:27,718 INFO image_rx_daemon: frag_arrival: seq=78 idx=10 total=15 fw_us=1372712633 len=207

2026-09-14 18:05:27,928 INFO image_rx_daemon: frag_arrival: seq=78 idx=11 total=15 fw_us=1372912360 len=207

2026-09-14 18:05:28,127 INFO image_rx_daemon: frag_arrival: seq=78 idx=12 total=15 fw_us=1373113030 len=207

2026-09-14 18:05:28,252 INFO image_rx_daemon: cmd 0x63 superseded while pending (after 0 attempts) — body replaced, retry budget reset

2026-09-14 18:05:28,327 INFO image_rx_daemon: frag_arrival: seq=78 idx=13 total=15 fw_us=1373311800 len=207

2026-09-14 18:05:28,388 INFO image_rx_daemon: frag_arrival: seq=78 idx=14 total=15 fw_us=1373405468 len=63

2026-09-14 18:05:28,399 INFO image_rx_daemon: published frame_id=0 seq=78 2901 B → lifetrac/v25/video/tile_delta

RFCO_PERTX during TX wait: profile_id=1 tx_status=0x00(OK) hop_idx=0 channel_idx=15 epoch=5 freq_hz=910250000 pkt_toa_us=20608 legal_dwell_used_us_10s=20608

2026-09-14 18:05:28,449 INFO image_rx_daemon: command TX opcode=0x60 copy=1/1 OK (on air)

2026-09-14 18:05:28,921 INFO image_rx_daemon: frag_arrival: seq=84 idx=0 total=15 fw_us=1373911118 len=207

2026-09-14 18:05:28,956 INFO image_rx_daemon: cmd 0x63 superseded while pending (after 0 attempts) — body replaced, retry budget reset

2026-09-14 18:05:29,268 INFO image_rx_daemon: stats: rx_frames=159 rx_decode_err=0 frames_published=10 publish_err=0 reassembler_decode_err=0 reassembler_timeouts=1 parity_recon=0 idle_drain_deferred=33 cmd_cooldown_drops=0 cmd_gate_held=0 cmd_copies_deferred=0

2026-09-14 18:05:29,272 INFO image_rx_daemon: air_gap: n=41 dt_med=199720us dt_p95=492508us len_med=207B cmd_tx_ok=2 cmd_tx_fail=0

2026-09-14 18:05:29,278 INFO image_rx_daemon: air_gap_hist(ms): <120:3 <200:29 <400:6 <1000:3

2026-09-14 18:05:29,282 INFO image_rx_daemon: rx_rf: n_rssi=41 n_snr=41 rssi[min/med/max]=-65/-62/-59 snr[min/med/max]=9.0/10.0/11.0

2026-09-14 18:05:29,285 INFO image_rx_daemon: phase_telemetry: valid=41 invalid=0 pre_f8=0 last_epoch=5 last_hop=2 slot_off=[14..15]

2026-09-14 18:05:29,289 INFO image_rx_daemon: air_gap_by_class: seq: n=38 med=199.7ms | boundary: n=3 med=503.1ms

2026-09-14 18:05:29,328 INFO image_rx_daemon: frag_arrival: seq=84 idx=1 total=15 fw_us=1374310635 len=207

2026-09-14 18:05:29,519 INFO image_rx_daemon: frag_arrival: seq=84 idx=2 total=15 fw_us=1374510432 len=207

2026-09-14 18:05:29,662 INFO image_rx_daemon: cmd 0x63 superseded while pending (after 0 attempts) — body replaced, retry budget reset

2026-09-14 18:05:29,725 INFO image_rx_daemon: frag_arrival: seq=84 idx=3 total=15 fw_us=1374710188 len=207

2026-09-14 18:05:29,926 INFO image_rx_daemon: frag_arrival: seq=84 idx=4 total=15 fw_us=1374909968 len=207

2026-09-14 18:05:30,118 INFO image_rx_daemon: frag_arrival: seq=84 idx=5 total=15 fw_us=1375109772 len=207

2026-09-14 18:05:30,366 INFO image_rx_daemon: cmd 0x63 superseded while pending (after 0 attempts) — body replaced, retry budget reset

2026-09-14 18:05:30,514 INFO image_rx_daemon: frag_arrival: seq=84 idx=7 total=15 fw_us=1375503128 len=207

2026-09-14 18:05:30,913 INFO image_rx_daemon: frag_arrival: seq=84 idx=8 total=15 fw_us=1375900866 len=207

2026-09-14 18:05:31,070 INFO image_rx_daemon: cmd 0x63 superseded while pending (after 0 attempts) — body replaced, retry budget reset

2026-09-14 18:05:31,114 INFO image_rx_daemon: frag_arrival: seq=84 idx=9 total=15 fw_us=1376100557 len=207

2026-09-14 18:05:31,315 INFO image_rx_daemon: frag_arrival: seq=84 idx=10 total=15 fw_us=1376300352 len=207

2026-09-14 18:05:31,515 INFO image_rx_daemon: frag_arrival: seq=84 idx=11 total=15 fw_us=1376501030 len=207

2026-09-14 18:05:31,716 INFO image_rx_daemon: frag_arrival: seq=84 idx=12 total=15 fw_us=1376699836 len=207

2026-09-14 18:05:31,773 INFO image_rx_daemon: cmd 0x63 superseded while pending (after 0 attempts) — body replaced, retry budget reset

2026-09-14 18:05:31,910 INFO image_rx_daemon: frag_arrival: seq=84 idx=13 total=15 fw_us=1376899621 len=207

2026-09-14 18:05:32,033 INFO image_rx_daemon: frag_arrival: seq=84 idx=14 total=15 fw_us=1377037249 len=121

RFCO_PERTX during TX wait: profile_id=1 tx_status=0x00(OK) hop_idx=18 channel_idx=8 epoch=5 freq_hz=906750000 pkt_toa_us=20608 legal_dwell_used_us_10s=20608

2026-09-14 18:05:32,081 INFO image_rx_daemon: command TX opcode=0x60 copy=1/1 OK (on air)

2026-09-14 18:05:32,489 INFO image_rx_daemon: cmd 0x63 superseded while pending (after 0 attempts) — body replaced, retry budget reset

2026-09-14 18:05:32,519 INFO image_rx_daemon: frag_arrival: seq=91 idx=0 total=15 fw_us=1377498908 len=207

2026-09-14 18:05:32,914 INFO image_rx_daemon: frag_arrival: seq=91 idx=1 total=15 fw_us=1377898401 len=207

2026-09-14 18:05:33,113 INFO image_rx_daemon: frag_arrival: seq=91 idx=2 total=15 fw_us=1378098136 len=207

2026-09-14 18:05:33,186 INFO image_rx_daemon: cmd 0x63 superseded while pending (after 0 attempts) — body replaced, retry budget reset

2026-09-14 18:05:33,315 INFO image_rx_daemon: frag_arrival: seq=91 idx=3 total=15 fw_us=1378297879 len=207

2026-09-14 18:05:33,515 INFO image_rx_daemon: frag_arrival: seq=91 idx=4 total=15 fw_us=1378497613 len=207

2026-09-14 18:05:33,704 INFO image_rx_daemon: frag_arrival: seq=91 idx=5 total=15 fw_us=1378697314 len=207

2026-09-14 18:05:33,889 INFO image_rx_daemon: cmd 0x63 superseded while pending (after 0 attempts) — body replaced, retry budget reset

2026-09-14 18:05:34,105 INFO image_rx_daemon: frag_arrival: seq=91 idx=7 total=15 fw_us=1379091260 len=207

2026-09-14 18:05:34,498 INFO image_rx_daemon: frag_arrival: seq=91 idx=8 total=15 fw_us=1379488347 len=207

2026-09-14 18:05:34,595 INFO image_rx_daemon: cmd 0x63 superseded while pending (after 0 attempts) — body replaced, retry budget reset

2026-09-14 18:05:34,702 INFO image_rx_daemon: frag_arrival: seq=91 idx=9 total=15 fw_us=1379688143 len=207

2026-09-14 18:05:34,902 INFO image_rx_daemon: frag_arrival: seq=91 idx=10 total=15 fw_us=1379887899 len=207

2026-09-14 18:05:35,103 INFO image_rx_daemon: frag_arrival: seq=91 idx=11 total=15 fw_us=1380087670 len=207

2026-09-14 18:05:35,305 INFO image_rx_daemon: frag_arrival: seq=91 idx=12 total=15 fw_us=1380287380 len=207

2026-09-14 18:05:35,312 INFO image_rx_daemon: cmd 0x63 superseded while pending (after 0 attempts) — body replaced, retry budget reset

2026-09-14 18:05:35,495 INFO image_rx_daemon: frag_arrival: seq=91 idx=13 total=15 fw_us=1380487162 len=207

2026-09-14 18:05:35,656 INFO image_rx_daemon: frag_arrival: seq=91 idx=14 total=15 fw_us=1380650578 len=155

RFCO_PERTX during TX wait: profile_id=1 tx_status=0x00(OK) hop_idx=37 channel_idx=16 epoch=5 freq_hz=910750000 pkt_toa_us=20608 legal_dwell_used_us_10s=20608

2026-09-14 18:05:35,715 INFO image_rx_daemon: command TX opcode=0x60 copy=1/1 OK (on air)

2026-09-14 18:05:36,005 INFO image_rx_daemon: cmd 0x63 superseded while pending (after 0 attempts) — body replaced, retry budget reset

2026-09-14 18:05:36,098 INFO image_rx_daemon: frag_arrival: seq=99 idx=0 total=15 fw_us=1381086414 len=207

2026-09-14 18:05:36,501 INFO image_rx_daemon: frag_arrival: seq=99 idx=1 total=15 fw_us=1381485866 len=207

2026-09-14 18:05:36,702 INFO image_rx_daemon: frag_arrival: seq=99 idx=2 total=15 fw_us=1381685623 len=207

2026-09-14 18:05:36,709 INFO image_rx_daemon: cmd 0x63 superseded while pending (after 0 attempts) — body replaced, retry budget reset

2026-09-14 18:05:36,904 INFO image_rx_daemon: frag_arrival: seq=99 idx=3 total=15 fw_us=1381885380 len=207

2026-09-14 18:05:37,093 INFO image_rx_daemon: frag_arrival: seq=99 idx=4 total=15 fw_us=1382085111 len=207

2026-09-14 18:05:37,292 INFO image_rx_daemon: frag_arrival: seq=99 idx=5 total=15 fw_us=1382284777 len=207

2026-09-14 18:05:37,411 INFO image_rx_daemon: cmd 0x63 superseded while pending (after 0 attempts) — body replaced, retry budget reset

2026-09-14 18:05:37,494 INFO image_rx_daemon: frag_arrival: seq=99 idx=6 total=15 fw_us=1382484418 len=207

2026-09-14 18:05:37,694 INFO image_rx_daemon: frag_arrival: seq=99 idx=7 total=15 fw_us=1382684033 len=207

2026-09-14 18:05:38,097 INFO image_rx_daemon: frag_arrival: seq=99 idx=8 total=15 fw_us=1383083415 len=207

2026-09-14 18:05:38,115 INFO image_rx_daemon: cmd 0x63 superseded while pending (after 0 attempts) — body replaced, retry budget reset

2026-09-14 18:05:38,297 INFO image_rx_daemon: frag_arrival: seq=99 idx=9 total=15 fw_us=1383284030 len=207

2026-09-14 18:05:38,495 INFO image_rx_daemon: frag_arrival: seq=99 idx=10 total=15 fw_us=1383482762 len=207

2026-09-14 18:05:38,695 INFO image_rx_daemon: frag_arrival: seq=99 idx=11 total=15 fw_us=1383682516 len=207

2026-09-14 18:05:38,819 INFO image_rx_daemon: cmd 0x63 superseded while pending (after 0 attempts) — body replaced, retry budget reset

2026-09-14 18:05:38,890 INFO image_rx_daemon: frag_arrival: seq=99 idx=12 total=15 fw_us=1383882244 len=207

2026-09-14 18:05:39,090 INFO image_rx_daemon: frag_arrival: seq=99 idx=13 total=15 fw_us=1384081936 len=207

2026-09-14 18:05:39,238 INFO image_rx_daemon: frag_arrival: seq=99 idx=14 total=15 fw_us=1384237580 len=145

2026-09-14 18:05:39,248 INFO image_rx_daemon: published frame_id=0 seq=99 2983 B → lifetrac/v25/video/tile_delta

2026-09-14 18:05:39,317 INFO image_rx_daemon: stats: rx_frames=201 rx_decode_err=0 frames_published=11 publish_err=0 reassembler_decode_err=0 reassembler_timeouts=3 parity_recon=0 idle_drain_deferred=42 cmd_cooldown_drops=0 cmd_gate_held=0 cmd_copies_deferred=0

2026-09-14 18:05:39,320 INFO image_rx_daemon: air_gap: n=42 dt_med=199757us dt_p95=399517us len_med=207B cmd_tx_ok=4 cmd_tx_fail=0

RFCO_PERTX during TX wait: profile_id=1 tx_status=0x00(OK) hop_idx=5 channel_idx=16 epoch=6 freq_hz=910750000 pkt_toa_us=20608 legal_dwell_used_us_10s=41216

2026-09-14 18:05:39,327 INFO image_rx_daemon: air_gap_hist(ms): <200:30 <400:10 <1000:2

2026-09-14 18:05:39,332 INFO image_rx_daemon: rx_rf: n_rssi=42 n_snr=42 rssi[min/med/max]=-65/-62/-59 snr[min/med/max]=9.0/10.0/10.0

2026-09-14 18:05:39,335 INFO image_rx_daemon: command TX opcode=0x60 copy=1/1 OK (on air)

2026-09-14 18:05:39,338 INFO image_rx_daemon: phase_telemetry: valid=42 invalid=0 pre_f8=0 last_epoch=6 last_hop=4 slot_off=[14..17]

2026-09-14 18:05:39,348 INFO image_rx_daemon: air_gap_by_class: seq: n=38 med=199.8ms | boundary: n=2 med=461.7ms | post_loss: n=2 med=393.9ms

2026-09-14 18:05:39,351 INFO image_rx_daemon: lost_frag_idx: n=2 idx0=0 (0.00% of idx0 arrivals) other=2 (1.05%) verdict=not-clustered | top 6:2

2026-09-14 18:05:39,523 INFO image_rx_daemon: cmd 0x63 superseded while pending (after 0 attempts) — body replaced, retry budget reset

2026-09-14 18:05:39,691 INFO image_rx_daemon: frag_arrival: seq=106 idx=0 total=15 fw_us=1384681185 len=207

2026-09-14 18:05:40,095 INFO image_rx_daemon: frag_arrival: seq=106 idx=1 total=15 fw_us=1385080837 len=207

2026-09-14 18:05:40,228 INFO image_rx_daemon: cmd 0x63 superseded while pending (after 0 attempts) — body replaced, retry budget reset

2026-09-14 18:05:40,292 INFO image_rx_daemon: frag_arrival: seq=106 idx=2 total=15 fw_us=1385280594 len=207

2026-09-14 18:05:40,491 INFO image_rx_daemon: frag_arrival: seq=106 idx=3 total=15 fw_us=1385480414 len=207

2026-09-14 18:05:40,691 INFO image_rx_daemon: frag_arrival: seq=106 idx=4 total=15 fw_us=1385680150 len=207

2026-09-14 18:05:40,895 INFO image_rx_daemon: frag_arrival: seq=106 idx=5 total=15 fw_us=1385879860 len=207

2026-09-14 18:05:40,935 INFO image_rx_daemon: cmd 0x63 superseded while pending (after 0 attempts) — body replaced, retry budget reset

2026-09-14 18:05:41,096 INFO image_rx_daemon: frag_arrival: seq=106 idx=6 total=15 fw_us=1386079567 len=207

2026-09-14 18:05:41,297 INFO image_rx_daemon: frag_arrival: seq=106 idx=7 total=15 fw_us=1386279277 len=207

2026-09-14 18:05:41,639 INFO image_rx_daemon: cmd 0x63 superseded while pending (after 0 attempts) — body replaced, retry budget reset

2026-09-14 18:05:41,690 INFO image_rx_daemon: frag_arrival: seq=106 idx=8 total=15 fw_us=1386678667 len=207

2026-09-14 18:05:41,889 INFO image_rx_daemon: frag_arrival: seq=106 idx=9 total=15 fw_us=1386878347 len=207

2026-09-14 18:05:42,089 INFO image_rx_daemon: frag_arrival: seq=106 idx=10 total=15 fw_us=1387078033 len=207

2026-09-14 18:05:42,291 INFO image_rx_daemon: frag_arrival: seq=106 idx=11 total=15 fw_us=1387277673 len=207

2026-09-14 18:05:42,343 INFO image_rx_daemon: cmd 0x63 superseded while pending (after 0 attempts) — body replaced, retry budget reset

2026-09-14 18:05:42,491 INFO image_rx_daemon: frag_arrival: seq=106 idx=12 total=15 fw_us=1387477343 len=207

2026-09-14 18:05:42,690 INFO image_rx_daemon: frag_arrival: seq=106 idx=13 total=15 fw_us=1387677008 len=207

2026-09-14 18:05:42,839 INFO image_rx_daemon: frag_arrival: seq=106 idx=14 total=15 fw_us=1387832658 len=147

2026-09-14 18:05:42,852 INFO image_rx_daemon: published frame_id=0 seq=106 2985 B → lifetrac/v25/video/tile_delta

RFCO_PERTX during TX wait: profile_id=1 tx_status=0x00(OK) hop_idx=23 channel_idx=36 epoch=6 freq_hz=920750000 pkt_toa_us=20608 legal_dwell_used_us_10s=20608

2026-09-14 18:05:42,913 INFO image_rx_daemon: command TX opcode=0x63 copy=1/1 OK (on air)

2026-09-14 18:05:43,051 INFO image_rx_daemon: cmd 0x63 superseded while pending (after 1 attempts) — body replaced, retry budget reset

2026-09-14 18:05:43,296 INFO image_rx_daemon: frag_arrival: seq=113 idx=0 total=15 fw_us=1388276129 len=207

2026-09-14 18:05:43,690 INFO image_rx_daemon: frag_arrival: seq=113 idx=1 total=15 fw_us=1388675548 len=207

2026-09-14 18:05:43,751 INFO image_rx_daemon: cmd 0x63 superseded while pending (after 0 attempts) — body replaced, retry budget reset

2026-09-14 18:05:43,890 INFO image_rx_daemon: frag_arrival: seq=113 idx=2 total=15 fw_us=1388875281 len=207

2026-09-14 18:05:44,089 INFO image_rx_daemon: frag_arrival: seq=113 idx=3 total=15 fw_us=1389075033 len=207

2026-09-14 18:05:44,288 INFO image_rx_daemon: frag_arrival: seq=113 idx=4 total=15 fw_us=1389274808 len=207

2026-09-14 18:05:44,467 INFO image_rx_daemon: cmd 0x63 superseded while pending (after 0 attempts) — body replaced, retry budget reset

2026-09-14 18:05:44,495 INFO image_rx_daemon: frag_arrival: seq=113 idx=5 total=15 fw_us=1389474613 len=207

2026-09-14 18:05:44,684 INFO image_rx_daemon: frag_arrival: seq=113 idx=6 total=15 fw_us=1389674392 len=207

2026-09-14 18:05:44,886 INFO image_rx_daemon: frag_arrival: seq=113 idx=7 total=15 fw_us=1389874164 len=207

2026-09-14 18:05:45,160 INFO image_rx_daemon: cmd 0x63 superseded while pending (after 0 attempts) — body replaced, retry budget reset

2026-09-14 18:05:45,288 INFO image_rx_daemon: frag_arrival: seq=113 idx=8 total=15 fw_us=1390273649 len=207

2026-09-14 18:05:45,487 INFO image_rx_daemon: frag_arrival: seq=113 idx=9 total=15 fw_us=1390473393 len=207

2026-09-14 18:05:45,686 INFO image_rx_daemon: frag_arrival: seq=113 idx=10 total=15 fw_us=1390673138 len=207

2026-09-14 18:05:45,881 INFO image_rx_daemon: cmd 0x63 superseded while pending (after 0 attempts) — body replaced, retry budget reset

2026-09-14 18:05:45,900 INFO image_rx_daemon: frag_arrival: seq=113 idx=11 total=15 fw_us=1390872891 len=207

2026-09-14 18:05:46,088 INFO image_rx_daemon: frag_arrival: seq=113 idx=12 total=15 fw_us=1391072677 len=207

2026-09-14 18:05:46,287 INFO image_rx_daemon: frag_arrival: seq=113 idx=13 total=15 fw_us=1391272426 len=207

2026-09-14 18:05:46,347 INFO image_rx_daemon: frag_arrival: seq=113 idx=14 total=15 fw_us=1391360903 len=54

2026-09-14 18:05:46,358 INFO image_rx_daemon: published frame_id=0 seq=113 2892 B → lifetrac/v25/video/tile_delta

RFCO_PERTX during TX wait: profile_id=1 tx_status=0x00(OK) hop_idx=40 channel_idx=30 epoch=6 freq_hz=917750000 pkt_toa_us=20608 legal_dwell_used_us_10s=20608

2026-09-14 18:05:46,407 INFO image_rx_daemon: command TX opcode=0x60 copy=1/1 OK (on air)

2026-09-14 18:05:46,570 INFO image_rx_daemon: cmd 0x63 superseded while pending (after 0 attempts) — body replaced, retry budget reset

2026-09-14 18:05:46,892 INFO image_rx_daemon: frag_arrival: seq=120 idx=0 total=15 fw_us=1391871782 len=207

2026-09-14 18:05:47,286 INFO image_rx_daemon: cmd 0x63 superseded while pending (after 0 attempts) — body replaced, retry budget reset

2026-09-14 18:05:47,291 INFO image_rx_daemon: frag_arrival: seq=120 idx=1 total=15 fw_us=1392271365 len=207

2026-09-14 18:05:47,490 INFO image_rx_daemon: frag_arrival: seq=120 idx=2 total=15 fw_us=1392471178 len=207

2026-09-14 18:05:47,690 INFO image_rx_daemon: frag_arrival: seq=120 idx=3 total=15 fw_us=1392671005 len=207

2026-09-14 18:05:47,891 INFO image_rx_daemon: frag_arrival: seq=120 idx=4 total=15 fw_us=1392870799 len=207

2026-09-14 18:05:47,978 INFO image_rx_daemon: cmd 0x63 superseded while pending (after 0 attempts) — body replaced, retry budget reset

2026-09-14 18:05:48,083 INFO image_rx_daemon: frag_arrival: seq=120 idx=5 total=15 fw_us=1393070574 len=207

2026-09-14 18:05:48,283 INFO image_rx_daemon: frag_arrival: seq=120 idx=6 total=15 fw_us=1393270373 len=207

2026-09-14 18:05:48,484 INFO image_rx_daemon: frag_arrival: seq=120 idx=7 total=15 fw_us=1393470166 len=207

2026-09-14 18:05:48,683 INFO image_rx_daemon: cmd 0x63 superseded while pending (after 0 attempts) — body replaced, retry budget reset

2026-09-14 18:05:48,889 INFO image_rx_daemon: frag_arrival: seq=120 idx=8 total=15 fw_us=1393869727 len=207

2026-09-14 18:05:49,089 INFO image_rx_daemon: frag_arrival: seq=120 idx=9 total=15 fw_us=1394069454 len=207

2026-09-14 18:05:49,288 INFO image_rx_daemon: frag_arrival: seq=120 idx=10 total=15 fw_us=1394269174 len=207

2026-09-14 18:05:49,363 INFO image_rx_daemon: stats: rx_frames=242 rx_decode_err=0 frames_published=13 publish_err=0 reassembler_decode_err=0 reassembler_timeouts=3 parity_recon=0 idle_drain_deferred=51 cmd_cooldown_drops=0 cmd_gate_held=0 cmd_copies_deferred=0

2026-09-14 18:05:49,367 INFO image_rx_daemon: air_gap: n=41 dt_med=199772us dt_p95=443471us len_med=207B cmd_tx_ok=7 cmd_tx_fail=0

2026-09-14 18:05:49,373 INFO image_rx_daemon: air_gap_hist(ms): <120:1 <200:31 <400:6 <1000:3

2026-09-14 18:05:49,377 INFO image_rx_daemon: rx_rf: n_rssi=41 n_snr=41 rssi[min/med/max]=-65/-62/-59 snr[min/med/max]=9.0/10.0/11.0

2026-09-14 18:05:49,380 INFO image_rx_daemon: phase_telemetry: valid=41 invalid=0 pre_f8=0 last_epoch=7 last_hop=4 slot_off=[14..14]

2026-09-14 18:05:49,383 INFO image_rx_daemon: air_gap_by_class: seq: n=38 med=199.8ms | boundary: n=3 med=443.6ms

2026-09-14 18:05:49,391 INFO image_rx_daemon: cmd 0x63 superseded while pending (after 0 attempts) — body replaced, retry budget reset

2026-09-14 18:05:49,487 INFO image_rx_daemon: frag_arrival: seq=120 idx=11 total=15 fw_us=1394468847 len=207

2026-09-14 18:05:49,687 INFO image_rx_daemon: frag_arrival: seq=120 idx=12 total=15 fw_us=1394668592 len=207

2026-09-14 18:05:49,888 INFO image_rx_daemon: frag_arrival: seq=120 idx=13 total=15 fw_us=1394868312 len=207

2026-09-14 18:05:50,050 INFO image_rx_daemon: frag_arrival: seq=120 idx=14 total=15 fw_us=1395036965 len=162

2026-09-14 18:05:50,062 INFO image_rx_daemon: published frame_id=0 seq=120 3000 B → lifetrac/v25/video/tile_delta

2026-09-14 18:05:50,090 INFO image_rx_daemon: cmd 0x63 superseded while pending (after 1 attempts) — body replaced, retry budget reset

RFCO_PERTX during TX wait: profile_id=1 tx_status=0x00(OK) hop_idx=9 channel_idx=17 epoch=7 freq_hz=911250000 pkt_toa_us=20608 legal_dwell_used_us_10s=20608

2026-09-14 18:05:50,114 INFO image_rx_daemon: command TX opcode=0x63 copy=1/1 OK (on air)

2026-09-14 18:05:50,486 INFO image_rx_daemon: frag_arrival: seq=127 idx=0 total=15 fw_us=1395467788 len=207

2026-09-14 18:05:50,795 INFO image_rx_daemon: cmd 0x63 superseded while pending (after 0 attempts) — body replaced, retry budget reset

2026-09-14 18:05:50,881 INFO image_rx_daemon: frag_arrival: seq=127 idx=1 total=15 fw_us=1395867409 len=207

2026-09-14 18:05:51,080 INFO image_rx_daemon: frag_arrival: seq=127 idx=2 total=15 fw_us=1396067191 len=207

2026-09-14 18:05:51,281 INFO image_rx_daemon: frag_arrival: seq=127 idx=3 total=15 fw_us=1396267024 len=207

2026-09-14 18:05:51,481 INFO image_rx_daemon: frag_arrival: seq=127 idx=4 total=15 fw_us=1396466906 len=207

2026-09-14 18:05:51,499 INFO image_rx_daemon: cmd 0x63 superseded while pending (after 0 attempts) — body replaced, retry budget reset

2026-09-14 18:05:51,684 INFO image_rx_daemon: frag_arrival: seq=127 idx=5 total=15 fw_us=1396666738 len=207

2026-09-14 18:05:51,884 INFO image_rx_daemon: frag_arrival: seq=127 idx=6 total=15 fw_us=1396866632 len=207

2026-09-14 18:05:52,085 INFO image_rx_daemon: frag_arrival: seq=127 idx=7 total=15 fw_us=1397066516 len=207

2026-09-14 18:05:52,205 INFO image_rx_daemon: cmd 0x63 superseded while pending (after 0 attempts) — body replaced, retry budget reset

2026-09-14 18:05:52,480 INFO image_rx_daemon: frag_arrival: seq=127 idx=8 total=15 fw_us=1397466334 len=207

2026-09-14 18:05:52,681 INFO image_rx_daemon: frag_arrival: seq=127 idx=9 total=15 fw_us=1397666219 len=207

2026-09-14 18:05:52,883 INFO image_rx_daemon: frag_arrival: seq=127 idx=10 total=15 fw_us=1397866134 len=207

2026-09-14 18:05:52,912 INFO image_rx_daemon: cmd 0x63 superseded while pending (after 0 attempts) — body replaced, retry budget reset

2026-09-14 18:05:53,084 INFO image_rx_daemon: frag_arrival: seq=127 idx=11 total=15 fw_us=1398065934 len=207

2026-09-14 18:05:53,284 INFO image_rx_daemon: frag_arrival: seq=127 idx=12 total=15 fw_us=1398265846 len=207

2026-09-14 18:05:53,484 INFO image_rx_daemon: frag_arrival: seq=127 idx=13 total=15 fw_us=1398465679 len=207

2026-09-14 18:05:53,556 INFO image_rx_daemon: frag_arrival: seq=127 idx=14 total=15 fw_us=1398561947 len=65

2026-09-14 18:05:53,565 INFO image_rx_daemon: cmd 0x60 CONVERGED after 6 attempts (30.2 s): keyframe received (UNVERIFIED delivery — keyframe may be encoder-initiated)

2026-09-14 18:05:53,570 INFO image_rx_daemon: published frame_id=0 seq=127 2903 B → lifetrac/v25/video/tile_delta

RFCO_PERTX during TX wait: profile_id=1 tx_status=0x00(OK) hop_idx=26 channel_idx=34 epoch=7 freq_hz=919750000 pkt_toa_us=20608 legal_dwell_used_us_10s=20608

2026-09-14 18:05:53,621 INFO image_rx_daemon: command TX opcode=0x63 copy=1/1 OK (on air)

2026-09-14 18:05:53,628 INFO image_rx_daemon: cmd 0x63 superseded while pending (after 1 attempts) — body replaced, retry budget reset

2026-09-14 18:05:54,079 INFO image_rx_daemon: frag_arrival: seq=142 idx=0 total=15 fw_us=1399065091 len=207

2026-09-14 18:05:54,321 INFO image_rx_daemon: cmd 0x63 superseded while pending (after 0 attempts) — body replaced, retry budget reset

2026-09-14 18:05:54,482 INFO image_rx_daemon: frag_arrival: seq=142 idx=1 total=15 fw_us=1399464681 len=207

2026-09-14 18:05:54,682 INFO image_rx_daemon: frag_arrival: seq=142 idx=2 total=15 fw_us=1399664511 len=207

2026-09-14 18:05:54,884 INFO image_rx_daemon: frag_arrival: seq=142 idx=3 total=15 fw_us=1399864307 len=207

2026-09-14 18:05:55,023 INFO image_rx_daemon: cmd 0x63 superseded while pending (after 0 attempts) — body replaced, retry budget reset

2026-09-14 18:05:55,085 INFO image_rx_daemon: frag_arrival: seq=142 idx=4 total=15 fw_us=1400064141 len=207

2026-09-14 18:05:55,285 INFO image_rx_daemon: frag_arrival: seq=142 idx=5 total=15 fw_us=1400263913 len=207

2026-09-14 18:05:55,485 INFO image_rx_daemon: frag_arrival: seq=142 idx=6 total=15 fw_us=1400463696 len=207

2026-09-14 18:05:55,685 INFO image_rx_daemon: frag_arrival: seq=142 idx=7 total=15 fw_us=1400663496 len=207

2026-09-14 18:05:55,727 INFO image_rx_daemon: cmd 0x63 superseded while pending (after 0 attempts) — body replaced, retry budget reset

2026-09-14 18:05:56,084 INFO image_rx_daemon: frag_arrival: seq=142 idx=8 total=15 fw_us=1401064030 len=207

2026-09-14 18:05:56,286 INFO image_rx_daemon: frag_arrival: seq=142 idx=9 total=15 fw_us=1401262824 len=207

2026-09-14 18:05:56,431 INFO image_rx_daemon: cmd 0x63 superseded while pending (after 0 attempts) — body replaced, retry budget reset

2026-09-14 18:05:56,481 INFO image_rx_daemon: frag_arrival: seq=142 idx=10 total=15 fw_us=1401462672 len=207

2026-09-14 18:05:56,681 INFO image_rx_daemon: frag_arrival: seq=142 idx=11 total=15 fw_us=1401662472 len=207

2026-09-14 18:05:56,886 INFO image_rx_daemon: frag_arrival: seq=142 idx=12 total=15 fw_us=1401862277 len=207

2026-09-14 18:05:57,085 INFO image_rx_daemon: frag_arrival: seq=142 idx=13 total=15 fw_us=1402062101 len=207

2026-09-14 18:05:57,147 INFO image_rx_daemon: frag_arrival: seq=142 idx=14 total=15 fw_us=1402155837 len=63

2026-09-14 18:05:57,157 INFO image_rx_daemon: cmd 0x63 superseded while pending (after 0 attempts) — body replaced, retry budget reset

2026-09-14 18:05:57,167 INFO image_rx_daemon: published frame_id=0 seq=142 2901 B → lifetrac/v25/video/tile_delta

RFCO_PERTX during TX wait: profile_id=1 tx_status=0x00(OK) hop_idx=44 channel_idx=31 epoch=7 freq_hz=918250000 pkt_toa_us=20608 legal_dwell_used_us_10s=20608

2026-09-14 18:05:57,215 INFO image_rx_daemon: command TX opcode=0x63 copy=1/1 OK (on air)

2026-09-14 18:05:57,679 INFO image_rx_daemon: frag_arrival: seq=143 idx=0 total=15 fw_us=1402661589 len=207

2026-09-14 18:05:57,843 INFO image_rx_daemon: cmd 0x63 superseded while pending (after 1 attempts) — body replaced, retry budget reset

2026-09-14 18:05:58,074 INFO image_rx_daemon: frag_arrival: seq=143 idx=1 total=15 fw_us=1403061192 len=207

2026-09-14 18:05:58,274 INFO image_rx_daemon: frag_arrival: seq=143 idx=2 total=15 fw_us=1403261005 len=207

2026-09-14 18:05:58,474 INFO image_rx_daemon: frag_arrival: seq=143 idx=3 total=15 fw_us=1403460773 len=207

2026-09-14 18:05:58,547 INFO image_rx_daemon: cmd 0x63 superseded while pending (after 0 attempts) — body replaced, retry budget reset

2026-09-14 18:05:58,673 INFO image_rx_daemon: frag_arrival: seq=143 idx=4 total=15 fw_us=1403660589 len=207

2026-09-14 18:05:58,878 INFO image_rx_daemon: frag_arrival: seq=143 idx=5 total=15 fw_us=1403860368 len=207

2026-09-14 18:05:59,251 INFO image_rx_daemon: cmd 0x63 superseded while pending (after 0 attempts) — body replaced, retry budget reset

2026-09-14 18:05:59,391 INFO image_rx_daemon: stats: rx_frames=282 rx_decode_err=0 frames_published=16 publish_err=0 reassembler_decode_err=0 reassembler_timeouts=3 parity_recon=0 idle_drain_deferred=60 cmd_cooldown_drops=0 cmd_gate_held=0 cmd_copies_deferred=0

2026-09-14 18:05:59,395 INFO image_rx_daemon: air_gap: n=40 dt_med=199830us dt_p95=503144us len_med=207B cmd_tx_ok=10 cmd_tx_fail=0

2026-09-14 18:05:59,402 INFO image_rx_daemon: air_gap_hist(ms): <120:2 <200:30 <400:4 <1000:4

2026-09-14 18:05:59,406 INFO image_rx_daemon: rx_rf: n_rssi=40 n_snr=40 rssi[min/med/max]=-65/-62/-59 snr[min/med/max]=9.0/10.0/10.0

2026-09-14 18:05:59,409 INFO image_rx_daemon: phase_telemetry: valid=40 invalid=0 pre_f8=0 last_epoch=8 last_hop=2 slot_off=[14..14]

2026-09-14 18:05:59,414 INFO image_rx_daemon: air_gap_by_class: seq: n=37 med=199.8ms | boundary: n=3 med=503.1ms

2026-09-14 18:05:59,471 INFO image_rx_daemon: frag_arrival: seq=143 idx=7 total=15 fw_us=1404451818 len=207

2026-09-14 18:05:59,671 INFO image_rx_daemon: frag_arrival: seq=143 idx=8 total=15 fw_us=1404651616 len=207

2026-09-14 18:05:59,874 INFO image_rx_daemon: frag_arrival: seq=143 idx=9 total=15 fw_us=1404851472 len=207

2026-09-14 18:05:59,955 INFO image_rx_daemon: cmd 0x63 superseded while pending (after 0 attempts) — body replaced, retry budget reset

2026-09-14 18:06:00,071 INFO image_rx_daemon: frag_arrival: seq=143 idx=10 total=15 fw_us=1405051317 len=207

2026-09-14 18:06:00,271 INFO image_rx_daemon: frag_arrival: seq=143 idx=11 total=15 fw_us=1405251157 len=207

2026-09-14 18:06:00,472 INFO image_rx_daemon: frag_arrival: seq=143 idx=12 total=15 fw_us=1405450970 len=207

2026-09-14 18:06:00,676 INFO image_rx_daemon: cmd 0x63 superseded while pending (after 0 attempts) — body replaced, retry budget reset

2026-09-14 18:06:00,673 INFO image_rx_daemon: frag_arrival: seq=143 idx=13 total=15 fw_us=1405651750 len=207

2026-09-14 18:06:00,779 INFO image_rx_daemon: frag_arrival: seq=143 idx=14 total=15 fw_us=1405780641 len=111

RFCO_PERTX during TX wait: profile_id=1 tx_status=0x00(OK) hop_idx=12 channel_idx=48 epoch=8 freq_hz=926750000 pkt_toa_us=20608 legal_dwell_used_us_10s=20608

2026-09-14 18:06:00,829 INFO image_rx_daemon: command TX opcode=0x60 copy=1/1 OK (on air)

2026-09-14 18:06:01,270 INFO image_rx_daemon: frag_arrival: seq=149 idx=0 total=15 fw_us=1406250103 len=207

2026-09-14 18:06:01,364 INFO image_rx_daemon: cmd 0x63 superseded while pending (after 0 attempts) — body replaced, retry budget reset

2026-09-14 18:06:01,671 INFO image_rx_daemon: frag_arrival: seq=149 idx=1 total=15 fw_us=1406649665 len=207

2026-09-14 18:06:01,870 INFO image_rx_daemon: frag_arrival: seq=149 idx=2 total=15 fw_us=1406849415 len=207

2026-09-14 18:06:02,069 INFO image_rx_daemon: frag_arrival: seq=149 idx=3 total=15 fw_us=1407049168 len=207

2026-09-14 18:06:02,077 INFO image_rx_daemon: cmd 0x63 superseded while pending (after 0 attempts) — body replaced, retry budget reset

2026-09-14 18:06:02,266 INFO image_rx_daemon: frag_arrival: seq=149 idx=4 total=15 fw_us=1407248916 len=207

2026-09-14 18:06:02,466 INFO image_rx_daemon: frag_arrival: seq=149 idx=5 total=15 fw_us=1407448668 len=207

2026-09-14 18:06:02,668 INFO image_rx_daemon: frag_arrival: seq=149 idx=6 total=15 fw_us=1407648415 len=207

2026-09-14 18:06:02,774 INFO image_rx_daemon: cmd 0x63 superseded while pending (after 0 attempts) — body replaced, retry budget reset

2026-09-14 18:06:02,883 INFO image_rx_daemon: frag_arrival: seq=149 idx=7 total=15 fw_us=1407846033 len=207

2026-09-14 18:06:03,083 INFO image_rx_daemon: frag_arrival: seq=149 idx=8 total=15 fw_us=1408060003 len=207

2026-09-14 18:06:03,477 INFO image_rx_daemon: frag_arrival: seq=149 idx=9 total=15 fw_us=1408457493 len=207

2026-09-14 18:06:03,484 INFO image_rx_daemon: cmd 0x63 superseded while pending (after 0 attempts) — body replaced, retry budget reset

2026-09-14 18:06:03,677 INFO image_rx_daemon: frag_arrival: seq=149 idx=10 total=15 fw_us=1408657235 len=207

2026-09-14 18:06:03,878 INFO image_rx_daemon: frag_arrival: seq=149 idx=11 total=15 fw_us=1408856987 len=207

2026-09-14 18:06:04,076 INFO image_rx_daemon: frag_arrival: seq=149 idx=12 total=15 fw_us=1409056781 len=207

2026-09-14 18:06:04,184 INFO image_rx_daemon: cmd 0x63 superseded while pending (after 0 attempts) — body replaced, retry budget reset

2026-09-14 18:06:04,277 INFO image_rx_daemon: frag_arrival: seq=149 idx=13 total=15 fw_us=1409256547 len=207

2026-09-14 18:06:04,427 INFO image_rx_daemon: frag_arrival: seq=149 idx=14 total=15 fw_us=1409417446 len=153

2026-09-14 18:06:04,436 INFO image_rx_daemon: cmd 0x60 CONVERGED after 1 attempts (7.3 s): keyframe received (UNVERIFIED delivery — keyframe may be encoder-initiated)

2026-09-14 18:06:04,441 INFO image_rx_daemon: published frame_id=0 seq=149 2991 B → lifetrac/v25/video/tile_delta

RFCO_PERTX during TX wait: profile_id=1 tx_status=0x00(OK) hop_idx=31 channel_idx=20 epoch=8 freq_hz=912750000 pkt_toa_us=20608 legal_dwell_used_us_10s=20608

2026-09-14 18:06:04,501 INFO image_rx_daemon: command TX opcode=0x63 copy=1/1 OK (on air)

2026-09-14 18:06:04,890 INFO image_rx_daemon: cmd 0x63 superseded while pending (after 1 attempts) — body replaced, retry budget reset

2026-09-14 18:06:04,895 INFO image_rx_daemon: frag_arrival: seq=163 idx=0 total=15 fw_us=1409855864 len=207

2026-09-14 18:06:05,278 INFO image_rx_daemon: frag_arrival: seq=163 idx=1 total=15 fw_us=1410255447 len=207

2026-09-14 18:06:05,477 INFO image_rx_daemon: frag_arrival: seq=163 idx=2 total=15 fw_us=1410455156 len=207

2026-09-14 18:06:05,592 INFO image_rx_daemon: cmd 0x63 superseded while pending (after 0 attempts) — body replaced, retry budget reset

2026-09-14 18:06:05,677 INFO image_rx_daemon: frag_arrival: seq=163 idx=3 total=15 fw_us=1410654871 len=207

2026-09-14 18:06:05,876 INFO image_rx_daemon: frag_arrival: seq=163 idx=4 total=15 fw_us=1410854565 len=207

2026-09-14 18:06:06,080 INFO image_rx_daemon: frag_arrival: seq=163 idx=5 total=15 fw_us=1411054248 len=207

2026-09-14 18:06:06,279 INFO image_rx_daemon: frag_arrival: seq=163 idx=6 total=15 fw_us=1411253981 len=207

2026-09-14 18:06:06,296 INFO image_rx_daemon: cmd 0x63 superseded while pending (after 0 attempts) — body replaced, retry budget reset

2026-09-14 18:06:06,478 INFO image_rx_daemon: frag_arrival: seq=163 idx=7 total=15 fw_us=1411453680 len=207

2026-09-14 18:06:06,876 INFO image_rx_daemon: frag_arrival: seq=163 idx=8 total=15 fw_us=1411853175 len=207

2026-09-14 18:06:06,999 INFO image_rx_daemon: cmd 0x63 superseded while pending (after 0 attempts) — body replaced, retry budget reset

2026-09-14 18:06:07,071 INFO image_rx_daemon: frag_arrival: seq=163 idx=9 total=15 fw_us=1412052820 len=207

2026-09-14 18:06:07,271 INFO image_rx_daemon: frag_arrival: seq=163 idx=10 total=15 fw_us=1412252487 len=207

2026-09-14 18:06:07,471 INFO image_rx_daemon: frag_arrival: seq=163 idx=11 total=15 fw_us=1412452230 len=207

2026-09-14 18:06:07,670 INFO image_rx_daemon: frag_arrival: seq=163 idx=12 total=15 fw_us=1412651986 len=207

2026-09-14 18:06:07,703 INFO image_rx_daemon: cmd 0x63 superseded while pending (after 0 attempts) — body replaced, retry budget reset

2026-09-14 18:06:07,871 INFO image_rx_daemon: frag_arrival: seq=163 idx=13 total=15 fw_us=1412851764 len=207

2026-09-14 18:06:08,019 INFO image_rx_daemon: frag_arrival: seq=163 idx=14 total=15 fw_us=1413007458 len=145

2026-09-14 18:06:08,030 INFO image_rx_daemon: published frame_id=0 seq=163 2983 B → lifetrac/v25/video/tile_delta

RFCO_PERTX during TX wait: profile_id=1 tx_status=0x00(OK) hop_idx=49 channel_idx=6 epoch=8 freq_hz=905750000 pkt_toa_us=20608 legal_dwell_used_us_10s=20608

2026-09-14 18:06:08,090 INFO image_rx_daemon: command TX opcode=0x63 copy=1/1 OK (on air)

2026-09-14 18:06:08,409 INFO image_rx_daemon: cmd 0x63 superseded while pending (after 1 attempts) — body replaced, retry budget reset

2026-09-14 18:06:08,471 INFO image_rx_daemon: frag_arrival: seq=164 idx=0 total=15 fw_us=1413451150 len=207

2026-09-14 18:06:08,874 INFO image_rx_daemon: frag_arrival: seq=164 idx=1 total=15 fw_us=1413850656 len=207

2026-09-14 18:06:09,075 INFO image_rx_daemon: frag_arrival: seq=164 idx=2 total=15 fw_us=1414050407 len=207

2026-09-14 18:06:09,114 INFO image_rx_daemon: cmd 0x63 superseded while pending (after 0 attempts) — body replaced, retry budget reset

2026-09-14 18:06:09,276 INFO image_rx_daemon: frag_arrival: seq=164 idx=3 total=15 fw_us=1414250180 len=207

2026-09-14 18:06:09,430 INFO image_rx_daemon: stats: rx_frames=324 rx_decode_err=0 frames_published=18 publish_err=0 reassembler_decode_err=0 reassembler_timeouts=4 parity_recon=0 idle_drain_deferred=69 cmd_cooldown_drops=0 cmd_gate_held=0 cmd_copies_deferred=0

2026-09-14 18:06:09,433 INFO image_rx_daemon: air_gap: n=42 dt_med=199756us dt_p95=443692us len_med=207B cmd_tx_ok=13 cmd_tx_fail=0

2026-09-14 18:06:09,440 INFO image_rx_daemon: air_gap_hist(ms): <200:31 <400:7 <1000:4

2026-09-14 18:06:09,444 INFO image_rx_daemon: rx_rf: n_rssi=42 n_snr=42 rssi[min/med/max]=-65/-62/-58 snr[min/med/max]=9.0/10.0/12.0

2026-09-14 18:06:09,446 INFO image_rx_daemon: phase_telemetry: valid=42 invalid=0 pre_f8=0 last_epoch=9 last_hop=4 slot_off=[2..17]

2026-09-14 18:06:09,450 INFO image_rx_daemon: air_gap_by_class: seq: n=38 med=199.8ms | boundary: n=3 med=443.7ms | post_loss: n=1 med=591.5ms

2026-09-14 18:06:09,454 INFO image_rx_daemon: lost_frag_idx: n=1 idx0=0 (0.00% of idx0 arrivals) other=1 (0.87%) verdict=not-clustered | top 6:1

2026-09-14 18:06:09,493 INFO image_rx_daemon: frag_arrival: seq=164 idx=4 total=15 fw_us=1414449913 len=207

2026-09-14 18:06:09,672 INFO image_rx_daemon: frag_arrival: seq=164 idx=5 total=15 fw_us=1414649721 len=207

2026-09-14 18:06:09,818 INFO image_rx_daemon: cmd 0x63 superseded while pending (after 0 attempts) — body replaced, retry budget reset

2026-09-14 18:06:09,874 INFO image_rx_daemon: frag_arrival: seq=164 idx=6 total=15 fw_us=1414849478 len=207

2026-09-14 18:06:10,074 INFO image_rx_daemon: frag_arrival: seq=164 idx=7 total=15 fw_us=1415049224 len=207

2026-09-14 18:06:10,470 INFO image_rx_daemon: frag_arrival: seq=164 idx=8 total=15 fw_us=1415448728 len=207

2026-09-14 18:06:10,522 INFO image_rx_daemon: cmd 0x63 superseded while pending (after 0 attempts) — body replaced, retry budget reset

2026-09-14 18:06:10,672 INFO image_rx_daemon: frag_arrival: seq=164 idx=9 total=15 fw_us=1415648537 len=207

2026-09-14 18:06:10,872 INFO image_rx_daemon: frag_arrival: seq=164 idx=10 total=15 fw_us=1415848258 len=207

2026-09-14 18:06:11,072 INFO image_rx_daemon: frag_arrival: seq=164 idx=11 total=15 fw_us=1416048015 len=207

2026-09-14 18:06:11,226 INFO image_rx_daemon: cmd 0x63 superseded while pending (after 0 attempts) — body replaced, retry budget reset

2026-09-14 18:06:11,266 INFO image_rx_daemon: frag_arrival: seq=164 idx=12 total=15 fw_us=1416247761 len=207

2026-09-14 18:06:11,466 INFO image_rx_daemon: frag_arrival: seq=164 idx=13 total=15 fw_us=1416447566 len=207

2026-09-14 18:06:11,539 INFO image_rx_daemon: frag_arrival: seq=164 idx=14 total=15 fw_us=1416543790 len=67

2026-09-14 18:06:11,551 INFO image_rx_daemon: published frame_id=0 seq=164 2905 B → lifetrac/v25/video/tile_delta

RFCO_PERTX during TX wait: profile_id=1 tx_status=0x00(OK) hop_idx=16 channel_idx=40 epoch=9 freq_hz=922750000 pkt_toa_us=20608 legal_dwell_used_us_10s=20608

2026-09-14 18:06:11,598 INFO image_rx_daemon: command TX opcode=0x60 copy=1/1 OK (on air)

2026-09-14 18:06:11,931 INFO image_rx_daemon: cmd 0x63 superseded while pending (after 0 attempts) — body replaced, retry budget reset

2026-09-14 18:06:12,068 INFO image_rx_daemon: frag_arrival: seq=171 idx=0 total=15 fw_us=1417046674 len=207

2026-09-14 18:06:12,464 INFO image_rx_daemon: frag_arrival: seq=171 idx=1 total=15 fw_us=1417446319 len=207

2026-09-14 18:06:12,654 INFO image_rx_daemon: cmd 0x63 superseded while pending (after 0 attempts) — body replaced, retry budget reset

2026-09-14 18:06:12,682 INFO image_rx_daemon: frag_arrival: seq=171 idx=2 total=15 fw_us=1417646192 len=207

2026-09-14 18:06:12,871 INFO image_rx_daemon: frag_arrival: seq=171 idx=3 total=15 fw_us=1417846004 len=207

2026-09-14 18:06:13,068 INFO image_rx_daemon: frag_arrival: seq=171 idx=4 total=15 fw_us=1418045729 len=207

2026-09-14 18:06:13,269 INFO image_rx_daemon: frag_arrival: seq=171 idx=5 total=15 fw_us=1418245579 len=207

2026-09-14 18:06:13,340 INFO image_rx_daemon: cmd 0x63 superseded while pending (after 0 attempts) — body replaced, retry budget reset

2026-09-14 18:06:13,471 INFO image_rx_daemon: frag_arrival: seq=171 idx=6 total=15 fw_us=1418445382 len=207

2026-09-14 18:06:13,672 INFO image_rx_daemon: frag_arrival: seq=171 idx=7 total=15 fw_us=1418645184 len=207

2026-09-14 18:06:14,057 INFO image_rx_daemon: cmd 0x63 superseded while pending (after 0 attempts) — body replaced, retry budget reset

2026-09-14 18:06:14,078 INFO image_rx_daemon: frag_arrival: seq=171 idx=8 total=15 fw_us=1419044833 len=207

2026-09-14 18:06:14,267 INFO image_rx_daemon: frag_arrival: seq=171 idx=9 total=15 fw_us=1419244694 len=207

2026-09-14 18:06:14,466 INFO image_rx_daemon: frag_arrival: seq=171 idx=10 total=15 fw_us=1419444477 len=207

2026-09-14 18:06:14,667 INFO image_rx_daemon: frag_arrival: seq=171 idx=11 total=15 fw_us=1419644290 len=207

2026-09-14 18:06:14,750 INFO image_rx_daemon: cmd 0x63 superseded while pending (after 0 attempts) — body replaced, retry budget reset

2026-09-14 18:06:14,867 INFO image_rx_daemon: frag_arrival: seq=171 idx=12 total=15 fw_us=1419844138 len=207

2026-09-14 18:06:15,070 INFO image_rx_daemon: frag_arrival: seq=171 idx=13 total=15 fw_us=1420043938 len=207

2026-09-14 18:06:15,144 INFO image_rx_daemon: frag_arrival: seq=171 idx=14 total=15 fw_us=1420147999 len=77

2026-09-14 18:06:15,153 INFO image_rx_daemon: cmd 0x60 CONVERGED after 1 attempts (6.7 s): keyframe received (UNVERIFIED delivery — keyframe may be encoder-initiated)

2026-09-14 18:06:15,158 INFO image_rx_daemon: published frame_id=0 seq=171 2915 B → lifetrac/v25/video/tile_delta

RFCO_PERTX during TX wait: profile_id=1 tx_status=0x00(OK) hop_idx=34 channel_idx=49 epoch=9 freq_hz=927250000 pkt_toa_us=20608 legal_dwell_used_us_10s=20608

2026-09-14 18:06:15,207 INFO image_rx_daemon: command TX opcode=0x63 copy=1/1 OK (on air)

2026-09-14 18:06:15,455 INFO image_rx_daemon: cmd 0x63 superseded while pending (after 1 attempts) — body replaced, retry budget reset

2026-09-14 18:06:15,671 INFO image_rx_daemon: frag_arrival: seq=185 idx=0 total=15 fw_us=1420643165 len=207

2026-09-14 18:06:16,065 INFO image_rx_daemon: frag_arrival: seq=185 idx=1 total=15 fw_us=1421042784 len=207

2026-09-14 18:06:16,158 INFO image_rx_daemon: cmd 0x63 superseded while pending (after 0 attempts) — body replaced, retry budget reset

2026-09-14 18:06:16,267 INFO image_rx_daemon: frag_arrival: seq=185 idx=2 total=15 fw_us=1421242595 len=207

2026-09-14 18:06:16,467 INFO image_rx_daemon: frag_arrival: seq=185 idx=3 total=15 fw_us=1421442355 len=207

2026-09-14 18:06:16,667 INFO image_rx_daemon: frag_arrival: seq=185 idx=4 total=15 fw_us=1421642093 len=207

2026-09-14 18:06:16,868 INFO image_rx_daemon: frag_arrival: seq=185 idx=5 total=15 fw_us=1421841862 len=207

2026-09-14 18:06:16,875 INFO image_rx_daemon: cmd 0x63 superseded while pending (after 0 attempts) — body replaced, retry budget reset

2026-09-14 18:06:17,455 INFO image_rx_daemon: frag_arrival: seq=185 idx=7 total=15 fw_us=1422433277 len=207

2026-09-14 18:06:17,566 INFO image_rx_daemon: cmd 0x63 superseded while pending (after 0 attempts) — body replaced, retry budget reset

2026-09-14 18:06:17,659 INFO image_rx_daemon: frag_arrival: seq=185 idx=8 total=15 fw_us=1422633033 len=207

2026-09-14 18:06:17,859 INFO image_rx_daemon: frag_arrival: seq=185 idx=9 total=15 fw_us=1422832833 len=207

2026-09-14 18:06:18,060 INFO image_rx_daemon: frag_arrival: seq=185 idx=10 total=15 fw_us=1423032669 len=207

2026-09-14 18:06:18,259 INFO image_rx_daemon: frag_arrival: seq=185 idx=11 total=15 fw_us=1423232297 len=207

2026-09-14 18:06:18,271 INFO image_rx_daemon: cmd 0x63 superseded while pending (after 0 attempts) — body replaced, retry budget reset

2026-09-14 18:06:18,460 INFO image_rx_daemon: frag_arrival: seq=185 idx=12 total=15 fw_us=1423431965 len=207

2026-09-14 18:06:18,654 INFO image_rx_daemon: frag_arrival: seq=185 idx=13 total=15 fw_us=1423631646 len=207

2026-09-14 18:06:18,791 INFO image_rx_daemon: frag_arrival: seq=185 idx=14 total=15 fw_us=1423779599 len=136

RFCO_PERTX during TX wait: profile_id=1 tx_status=0x00(OK) hop_idx=3 channel_idx=46 epoch=10 freq_hz=925750000 pkt_toa_us=20608 legal_dwell_used_us_10s=20608

2026-09-14 18:06:18,872 INFO image_rx_daemon: command TX opcode=0x63 copy=1/1 OK (on air)

2026-09-14 18:06:18,975 INFO image_rx_daemon: cmd 0x63 superseded while pending (after 1 attempts) — body replaced, retry budget reset

2026-09-14 18:06:19,251 INFO image_rx_daemon: frag_arrival: seq=186 idx=0 total=15 fw_us=1424231094 len=207

2026-09-14 18:06:19,478 INFO image_rx_daemon: stats: rx_frames=365 rx_decode_err=0 frames_published=20 publish_err=0 reassembler_decode_err=0 reassembler_timeouts=4 parity_recon=0 idle_drain_deferred=78 cmd_cooldown_drops=0 cmd_gate_held=0 cmd_copies_deferred=0

2026-09-14 18:06:19,483 INFO image_rx_daemon: air_gap: n=41 dt_med=199802us dt_p95=495166us len_med=207B cmd_tx_ok=16 cmd_tx_fail=0

2026-09-14 18:06:19,488 INFO image_rx_daemon: air_gap_hist(ms): <120:2 <200:31 <400:4 <1000:4

2026-09-14 18:06:19,492 INFO image_rx_daemon: rx_rf: n_rssi=41 n_snr=41 rssi[min/med/max]=-65/-62/-59 snr[min/med/max]=9.0/10.0/11.0

2026-09-14 18:06:19,496 INFO image_rx_daemon: phase_telemetry: valid=41 invalid=0 pre_f8=0 last_epoch=10 last_hop=4 slot_off=[14..15]

2026-09-14 18:06:19,500 INFO image_rx_daemon: air_gap_by_class: seq: n=37 med=199.8ms | boundary: n=3 med=495.2ms | post_loss: n=1 med=591.4ms

2026-09-14 18:06:19,503 INFO image_rx_daemon: lost_frag_idx: n=1 idx0=0 (0.00% of idx0 arrivals) other=1 (2.56%) verdict=not-clustered | top 6:1

2026-09-14 18:06:19,662 INFO image_rx_daemon: frag_arrival: seq=186 idx=1 total=15 fw_us=1424630097 len=207

2026-09-14 18:06:19,679 INFO image_rx_daemon: cmd 0x63 superseded while pending (after 0 attempts) — body replaced, retry budget reset

2026-09-14 18:06:19,859 INFO image_rx_daemon: frag_arrival: seq=186 idx=2 total=15 fw_us=1424829792 len=207

2026-09-14 18:06:20,060 INFO image_rx_daemon: frag_arrival: seq=186 idx=3 total=15 fw_us=1425029525 len=207

2026-09-14 18:06:20,249 INFO image_rx_daemon: frag_arrival: seq=186 idx=4 total=15 fw_us=1425229258 len=207

2026-09-14 18:06:20,385 INFO image_rx_daemon: cmd 0x63 superseded while pending (after 0 attempts) — body replaced, retry budget reset

2026-09-14 18:06:20,449 INFO image_rx_daemon: frag_arrival: seq=186 idx=5 total=15 fw_us=1425428970 len=207

2026-09-14 18:06:20,649 INFO image_rx_daemon: frag_arrival: seq=186 idx=6 total=15 fw_us=1425628704 len=207

2026-09-14 18:06:20,858 INFO image_rx_daemon: frag_arrival: seq=186 idx=7 total=15 fw_us=1425828464 len=207

2026-09-14 18:06:21,091 INFO image_rx_daemon: cmd 0x63 superseded while pending (after 0 attempts) — body replaced, retry budget reset

2026-09-14 18:06:21,255 INFO image_rx_daemon: frag_arrival: seq=186 idx=8 total=15 fw_us=1426228018 len=207

2026-09-14 18:06:21,455 INFO image_rx_daemon: frag_arrival: seq=186 idx=9 total=15 fw_us=1426427804 len=207

2026-09-14 18:06:21,657 INFO image_rx_daemon: frag_arrival: seq=186 idx=10 total=15 fw_us=1426627563 len=207

2026-09-14 18:06:21,794 INFO image_rx_daemon: cmd 0x63 superseded while pending (after 0 attempts) — body replaced, retry budget reset

2026-09-14 18:06:21,858 INFO image_rx_daemon: frag_arrival: seq=186 idx=11 total=15 fw_us=1426827342 len=207

2026-09-14 18:06:22,058 INFO image_rx_daemon: frag_arrival: seq=186 idx=12 total=15 fw_us=1427028030 len=207

2026-09-14 18:06:22,247 INFO image_rx_daemon: frag_arrival: seq=186 idx=13 total=15 fw_us=1427226767 len=207

2026-09-14 18:06:22,343 INFO image_rx_daemon: frag_arrival: seq=186 idx=14 total=15 fw_us=1427338505 len=85

2026-09-14 18:06:22,354 INFO image_rx_daemon: published frame_id=0 seq=186 2923 B → lifetrac/v25/video/tile_delta

RFCO_PERTX during TX wait: profile_id=1 tx_status=0x00(OK) hop_idx=20 channel_idx=30 epoch=10 freq_hz=917750000 pkt_toa_us=20608 legal_dwell_used_us_10s=20608

2026-09-14 18:06:22,403 INFO image_rx_daemon: command TX opcode=0x60 copy=1/1 OK (on air)

2026-09-14 18:06:22,499 INFO image_rx_daemon: cmd 0x63 superseded while pending (after 0 attempts) — body replaced, retry budget reset

2026-09-14 18:06:22,856 INFO image_rx_daemon: frag_arrival: seq=192 idx=0 total=15 fw_us=1427825828 len=207

2026-09-14 18:06:23,204 INFO image_rx_daemon: cmd 0x63 superseded while pending (after 0 attempts) — body replaced, retry budget reset

2026-09-14 18:06:23,257 INFO image_rx_daemon: frag_arrival: seq=192 idx=1 total=15 fw_us=1428226030 len=207

2026-09-14 18:06:23,455 INFO image_rx_daemon: frag_arrival: seq=192 idx=2 total=15 fw_us=1428424719 len=207

2026-09-14 18:06:23,655 INFO image_rx_daemon: frag_arrival: seq=192 idx=3 total=15 fw_us=1428624448 len=207

2026-09-14 18:06:23,855 INFO image_rx_daemon: frag_arrival: seq=192 idx=4 total=15 fw_us=1428824166 len=207

2026-09-14 18:06:23,909 INFO image_rx_daemon: cmd 0x63 superseded while pending (after 0 attempts) — body replaced, retry budget reset

2026-09-14 18:06:24,046 INFO image_rx_daemon: frag_arrival: seq=192 idx=5 total=15 fw_us=1429023853 len=207

2026-09-14 18:06:24,439 INFO image_rx_daemon: frag_arrival: seq=192 idx=7 total=15 fw_us=1429416183 len=207

2026-09-14 18:06:24,612 INFO image_rx_daemon: cmd 0x63 superseded while pending (after 0 attempts) — body replaced, retry budget reset

2026-09-14 18:06:24,850 INFO image_rx_daemon: frag_arrival: seq=192 idx=8 total=15 fw_us=1429815577 len=207

2026-09-14 18:06:25,044 INFO image_rx_daemon: frag_arrival: seq=192 idx=9 total=15 fw_us=1430015324 len=207

2026-09-14 18:06:25,244 INFO image_rx_daemon: frag_arrival: seq=192 idx=10 total=15 fw_us=1430216030 len=207

2026-09-14 18:06:25,320 INFO image_rx_daemon: cmd 0x63 superseded while pending (after 0 attempts) — body replaced, retry budget reset

2026-09-14 18:06:25,439 INFO image_rx_daemon: frag_arrival: seq=192 idx=11 total=15 fw_us=1430414793 len=207

2026-09-14 18:06:25,637 INFO image_rx_daemon: frag_arrival: seq=192 idx=12 total=15 fw_us=1430614470 len=207

2026-09-14 18:06:25,838 INFO image_rx_daemon: frag_arrival: seq=192 idx=13 total=15 fw_us=1430814184 len=207

2026-09-14 18:06:25,921 INFO image_rx_daemon: frag_arrival: seq=192 idx=14 total=15 fw_us=1430915512 len=72

RFCO_PERTX during TX wait: profile_id=1 tx_status=0x00(OK) hop_idx=38 channel_idx=44 epoch=10 freq_hz=924750000 pkt_toa_us=20608 legal_dwell_used_us_10s=20608

2026-09-14 18:06:25,968 INFO image_rx_daemon: command TX opcode=0x60 copy=1/1 OK (on air)

2026-09-14 18:06:26,021 INFO image_rx_daemon: cmd 0x63 superseded while pending (after 0 attempts) — body replaced, retry budget reset

2026-09-14 18:06:26,435 INFO image_rx_daemon: frag_arrival: seq=199 idx=0 total=15 fw_us=1431413208 len=207

2026-09-14 18:06:26,726 INFO image_rx_daemon: cmd 0x63 superseded while pending (after 0 attempts) — body replaced, retry budget reset

2026-09-14 18:06:26,841 INFO image_rx_daemon: frag_arrival: seq=199 idx=1 total=15 fw_us=1431812625 len=207

2026-09-14 18:06:27,043 INFO image_rx_daemon: frag_arrival: seq=199 idx=2 total=15 fw_us=1432012366 len=207

2026-09-14 18:06:27,242 INFO image_rx_daemon: frag_arrival: seq=199 idx=3 total=15 fw_us=1432212093 len=207

2026-09-14 18:06:27,441 INFO image_rx_daemon: cmd 0x63 superseded while pending (after 0 attempts) — body replaced, retry budget reset

2026-09-14 18:06:27,450 INFO image_rx_daemon: frag_arrival: seq=199 idx=4 total=15 fw_us=1432411781 len=207

2026-09-14 18:06:27,638 INFO image_rx_daemon: frag_arrival: seq=199 idx=5 total=15 fw_us=1432611439 len=207

2026-09-14 18:06:28,134 INFO image_rx_daemon: cmd 0x63 superseded while pending (after 0 attempts) — body replaced, retry budget reset

2026-09-14 18:06:28,226 INFO image_rx_daemon: frag_arrival: seq=199 idx=7 total=15 fw_us=1433203404 len=207

2026-09-14 18:06:28,426 INFO image_rx_daemon: frag_arrival: seq=199 idx=8 total=15 fw_us=1433403136 len=207

2026-09-14 18:06:28,627 INFO image_rx_daemon: frag_arrival: seq=199 idx=9 total=15 fw_us=1433602850 len=207

2026-09-14 18:06:28,828 INFO image_rx_daemon: frag_arrival: seq=199 idx=10 total=15 fw_us=1433802486 len=207

2026-09-14 18:06:28,842 INFO image_rx_daemon: cmd 0x63 superseded while pending (after 0 attempts) — body replaced, retry budget reset

2026-09-14 18:06:29,033 INFO image_rx_daemon: frag_arrival: seq=199 idx=11 total=15 fw_us=1434002147 len=207

2026-09-14 18:06:29,232 INFO image_rx_daemon: frag_arrival: seq=199 idx=12 total=15 fw_us=1434201844 len=207

2026-09-14 18:06:29,432 INFO image_rx_daemon: frag_arrival: seq=199 idx=13 total=15 fw_us=1434401572 len=207

2026-09-14 18:06:29,511 INFO image_rx_daemon: stats: rx_frames=406 rx_decode_err=0 frames_published=21 publish_err=0 reassembler_decode_err=0 reassembler_timeouts=6 parity_recon=0 idle_drain_deferred=88 cmd_cooldown_drops=0 cmd_gate_held=0 cmd_copies_deferred=0

2026-09-14 18:06:29,515 INFO image_rx_daemon: air_gap: n=41 dt_med=199732us dt_p95=487323us len_med=207B cmd_tx_ok=18 cmd_tx_fail=0

2026-09-14 18:06:29,520 INFO image_rx_daemon: air_gap_hist(ms): <120:2 <200:28 <400:7 <1000:4

2026-09-14 18:06:29,524 INFO image_rx_daemon: rx_rf: n_rssi=41 n_snr=41 rssi[min/med/max]=-65/-61/-59 snr[min/med/max]=8.0/10.0/10.0

2026-09-14 18:06:29,526 INFO image_rx_daemon: phase_telemetry: valid=41 invalid=0 pre_f8=0 last_epoch=11 last_hop=5 slot_off=[14..14]

2026-09-14 18:06:29,530 INFO image_rx_daemon: air_gap_by_class: seq: n=37 med=199.7ms | boundary: n=2 med=497.7ms | post_loss: n=2 med=592.0ms

2026-09-14 18:06:29,535 INFO image_rx_daemon: lost_frag_idx: n=2 idx0=0 (0.00% of idx0 arrivals) other=2 (4.88%) verdict=not-clustered | top 6:2

2026-09-14 18:06:29,546 INFO image_rx_daemon: cmd 0x63 superseded while pending (after 0 attempts) — body replaced, retry budget reset

2026-09-14 18:06:29,576 INFO image_rx_daemon: frag_arrival: seq=199 idx=14 total=15 fw_us=1434549537 len=137

RFCO_PERTX during TX wait: profile_id=1 tx_status=0x00(OK) hop_idx=7 channel_idx=14 epoch=11 freq_hz=909750000 pkt_toa_us=20608 legal_dwell_used_us_10s=20608

2026-09-14 18:06:29,646 INFO image_rx_daemon: command TX opcode=0x60 copy=1/1 OK (on air)

2026-09-14 18:06:30,032 INFO image_rx_daemon: frag_arrival: seq=206 idx=0 total=15 fw_us=1435000756 len=207

2026-09-14 18:06:30,245 INFO image_rx_daemon: cmd 0x63 superseded while pending (after 0 attempts) — body replaced, retry budget reset

2026-09-14 18:06:30,427 INFO image_rx_daemon: frag_arrival: seq=206 idx=1 total=15 fw_us=1435400332 len=207

2026-09-14 18:06:30,626 INFO image_rx_daemon: frag_arrival: seq=206 idx=2 total=15 fw_us=1435600093 len=207

2026-09-14 18:06:30,826 INFO image_rx_daemon: frag_arrival: seq=206 idx=3 total=15 fw_us=1435799864 len=207

2026-09-14 18:06:30,950 INFO image_rx_daemon: cmd 0x63 superseded while pending (after 0 attempts) — body replaced, retry budget reset

2026-09-14 18:06:31,038 INFO image_rx_daemon: frag_arrival: seq=206 idx=4 total=15 fw_us=1435999613 len=207

2026-09-14 18:06:31,227 INFO image_rx_daemon: frag_arrival: seq=206 idx=5 total=15 fw_us=1436199360 len=207

2026-09-14 18:06:31,429 INFO image_rx_daemon: frag_arrival: seq=206 idx=6 total=15 fw_us=1436399112 len=207

2026-09-14 18:06:31,630 INFO image_rx_daemon: frag_arrival: seq=206 idx=7 total=15 fw_us=1436598906 len=207

2026-09-14 18:06:31,655 INFO image_rx_daemon: cmd 0x63 superseded while pending (after 0 attempts) — body replaced, retry budget reset

2026-09-14 18:06:32,025 INFO image_rx_daemon: frag_arrival: seq=206 idx=8 total=15 fw_us=1436998331 len=207

2026-09-14 18:06:32,227 INFO image_rx_daemon: frag_arrival: seq=206 idx=9 total=15 fw_us=1437198032 len=207

2026-09-14 18:06:32,360 INFO image_rx_daemon: cmd 0x63 superseded while pending (after 0 attempts) — body replaced, retry budget reset

2026-09-14 18:06:32,431 INFO image_rx_daemon: frag_arrival: seq=206 idx=10 total=15 fw_us=1437397845 len=207

2026-09-14 18:06:32,631 INFO image_rx_daemon: frag_arrival: seq=206 idx=11 total=15 fw_us=1437597555 len=207

2026-09-14 18:06:32,832 INFO image_rx_daemon: frag_arrival: seq=206 idx=12 total=15 fw_us=1437797211 len=207

2026-09-14 18:06:33,040 INFO image_rx_daemon: frag_arrival: seq=206 idx=13 total=15 fw_us=1437996891 len=207

2026-09-14 18:06:33,065 INFO image_rx_daemon: cmd 0x63 superseded while pending (after 0 attempts) — body replaced, retry budget reset

2026-09-14 18:06:33,096 INFO image_rx_daemon: frag_arrival: seq=206 idx=14 total=15 fw_us=1438090531 len=63

2026-09-14 18:06:33,107 INFO image_rx_daemon: published frame_id=0 seq=206 2901 B → lifetrac/v25/video/tile_delta

RFCO_PERTX during TX wait: profile_id=1 tx_status=0x00(OK) hop_idx=24 channel_idx=17 epoch=11 freq_hz=911250000 pkt_toa_us=20608 legal_dwell_used_us_10s=20608

2026-09-14 18:06:33,157 INFO image_rx_daemon: command TX opcode=0x60 copy=1/1 OK (on air)

2026-09-14 18:06:33,626 INFO image_rx_daemon: frag_arrival: seq=214 idx=0 total=15 fw_us=1438595986 len=207

2026-09-14 18:06:33,770 INFO image_rx_daemon: cmd 0x63 superseded while pending (after 0 attempts) — body replaced, retry budget reset

2026-09-14 18:06:34,026 INFO image_rx_daemon: frag_arrival: seq=214 idx=1 total=15 fw_us=1438995504 len=207

2026-09-14 18:06:34,227 INFO image_rx_daemon: frag_arrival: seq=214 idx=2 total=15 fw_us=1439195278 len=207

2026-09-14 18:06:34,427 INFO image_rx_daemon: frag_arrival: seq=214 idx=3 total=15 fw_us=1439394994 len=207

2026-09-14 18:06:34,474 INFO image_rx_daemon: cmd 0x63 superseded while pending (after 0 attempts) — body replaced, retry budget reset

2026-09-14 18:06:34,621 INFO image_rx_daemon: frag_arrival: seq=214 idx=4 total=15 fw_us=1439594717 len=207

2026-09-14 18:06:34,821 INFO image_rx_daemon: frag_arrival: seq=214 idx=5 total=15 fw_us=1439794414 len=207

2026-09-14 18:06:35,179 INFO image_rx_daemon: cmd 0x63 superseded while pending (after 0 attempts) — body replaced, retry budget reset

2026-09-14 18:06:35,222 INFO image_rx_daemon: frag_arrival: seq=214 idx=7 total=15 fw_us=1440186215 len=207

2026-09-14 18:06:35,615 INFO image_rx_daemon: frag_arrival: seq=214 idx=8 total=15 fw_us=1440585278 len=207

2026-09-14 18:06:35,816 INFO image_rx_daemon: frag_arrival: seq=214 idx=9 total=15 fw_us=1440784954 len=207

2026-09-14 18:06:35,882 INFO image_rx_daemon: cmd 0x63 superseded while pending (after 0 attempts) — body replaced, retry budget reset

2026-09-14 18:06:36,018 INFO image_rx_daemon: frag_arrival: seq=214 idx=10 total=15 fw_us=1440984624 len=207

2026-09-14 18:06:36,219 INFO image_rx_daemon: frag_arrival: seq=214 idx=11 total=15 fw_us=1441184197 len=207

2026-09-14 18:06:36,421 INFO image_rx_daemon: frag_arrival: seq=214 idx=12 total=15 fw_us=1441383829 len=207

2026-09-14 18:06:36,599 INFO image_rx_daemon: cmd 0x63 superseded while pending (after 0 attempts) — body replaced, retry budget reset

2026-09-14 18:06:36,621 INFO image_rx_daemon: frag_arrival: seq=214 idx=13 total=15 fw_us=1441583436 len=207

2026-09-14 18:06:36,769 INFO image_rx_daemon: frag_arrival: seq=214 idx=14 total=15 fw_us=1441744264 len=153

RFCO_PERTX during TX wait: profile_id=1 tx_status=0x00(OK) hop_idx=43 channel_idx=25 epoch=11 freq_hz=915250000 pkt_toa_us=20608 legal_dwell_used_us_10s=20608

2026-09-14 18:06:36,838 INFO image_rx_daemon: command TX opcode=0x60 copy=1/1 OK (on air)

2026-09-14 18:06:37,215 INFO image_rx_daemon: frag_arrival: seq=221 idx=0 total=15 fw_us=1442182567 len=207

2026-09-14 18:06:37,292 INFO image_rx_daemon: cmd 0x63 superseded while pending (after 0 attempts) — body replaced, retry budget reset

2026-09-14 18:06:37,610 INFO image_rx_daemon: frag_arrival: seq=221 idx=1 total=15 fw_us=1442581899 len=207

2026-09-14 18:06:37,811 INFO image_rx_daemon: frag_arrival: seq=221 idx=2 total=15 fw_us=1442781569 len=207

2026-09-14 18:06:38,014 INFO image_rx_daemon: frag_arrival: seq=221 idx=3 total=15 fw_us=1442981236 len=207

2026-09-14 18:06:38,020 INFO image_rx_daemon: cmd 0x63 superseded while pending (after 0 attempts) — body replaced, retry budget reset

2026-09-14 18:06:38,208 INFO image_rx_daemon: frag_arrival: seq=221 idx=4 total=15 fw_us=1443180916 len=207

2026-09-14 18:06:38,418 INFO image_rx_daemon: frag_arrival: seq=221 idx=5 total=15 fw_us=1443380634 len=207

2026-09-14 18:06:38,610 INFO image_rx_daemon: frag_arrival: seq=221 idx=6 total=15 fw_us=1443580346 len=207

2026-09-14 18:06:38,705 INFO image_rx_daemon: cmd 0x63 superseded while pending (after 0 attempts) — body replaced, retry budget reset

2026-09-14 18:06:38,809 INFO image_rx_daemon: frag_arrival: seq=221 idx=7 total=15 fw_us=1443780023 len=207

2026-09-14 18:06:39,216 INFO image_rx_daemon: frag_arrival: seq=221 idx=8 total=15 fw_us=1444179332 len=207

2026-09-14 18:06:39,416 INFO image_rx_daemon: frag_arrival: seq=221 idx=9 total=15 fw_us=1444378961 len=207

2026-09-14 18:06:39,423 INFO image_rx_daemon: cmd 0x63 superseded while pending (after 0 attempts) — body replaced, retry budget reset

2026-09-14 18:06:39,543 INFO image_rx_daemon: stats: rx_frames=446 rx_decode_err=0 frames_published=22 publish_err=0 reassembler_decode_err=0 reassembler_timeouts=8 parity_recon=0 idle_drain_deferred=97 cmd_cooldown_drops=0 cmd_gate_held=0 cmd_copies_deferred=0

2026-09-14 18:06:39,547 INFO image_rx_daemon: air_gap: n=40 dt_med=199718us dt_p95=451219us len_med=207B cmd_tx_ok=21 cmd_tx_fail=0

2026-09-14 18:06:39,553 INFO image_rx_daemon: air_gap_hist(ms): <120:1 <200:29 <400:7 <1000:3

2026-09-14 18:06:39,558 INFO image_rx_daemon: rx_rf: n_rssi=40 n_snr=40 rssi[min/med/max]=-65/-62/-59 snr[min/med/max]=9.0/10.0/11.0

2026-09-14 18:06:39,560 INFO image_rx_daemon: phase_telemetry: valid=40 invalid=0 pre_f8=0 last_epoch=12 last_hop=5 slot_off=[14..15]

2026-09-14 18:06:39,565 INFO image_rx_daemon: air_gap_by_class: seq: n=36 med=199.7ms | boundary: n=3 med=451.2ms | post_loss: n=1 med=391.8ms

2026-09-14 18:06:39,568 INFO image_rx_daemon: lost_frag_idx: n=1 idx0=0 (0.00% of idx0 arrivals) other=1 (2.63%) verdict=not-clustered | top 6:1

2026-09-14 18:06:39,608 INFO image_rx_daemon: frag_arrival: seq=221 idx=10 total=15 fw_us=1444578655 len=207

2026-09-14 18:06:39,807 INFO image_rx_daemon: frag_arrival: seq=221 idx=11 total=15 fw_us=1444778258 len=207

2026-09-14 18:06:40,008 INFO image_rx_daemon: frag_arrival: seq=221 idx=12 total=15 fw_us=1444977905 len=207

2026-09-14 18:06:40,112 INFO image_rx_daemon: cmd 0x63 superseded while pending (after 0 attempts) — body replaced, retry budget reset

2026-09-14 18:06:40,208 INFO image_rx_daemon: frag_arrival: seq=221 idx=13 total=15 fw_us=1445177611 len=207

2026-09-14 18:06:40,358 INFO image_rx_daemon: frag_arrival: seq=221 idx=14 total=15 fw_us=1445338473 len=154

2026-09-14 18:06:40,370 INFO image_rx_daemon: published frame_id=0 seq=221 2992 B → lifetrac/v25/video/tile_delta

RFCO_PERTX during TX wait: profile_id=1 tx_status=0x00(OK) hop_idx=11 channel_idx=34 epoch=12 freq_hz=919750000 pkt_toa_us=20608 legal_dwell_used_us_10s=20608

2026-09-14 18:06:40,429 INFO image_rx_daemon: command TX opcode=0x63 copy=1/1 OK (on air)

2026-09-14 18:06:40,816 INFO image_rx_daemon: frag_arrival: seq=228 idx=0 total=15 fw_us=1445778030 len=207

2026-09-14 18:06:40,823 INFO image_rx_daemon: cmd 0x63 superseded while pending (after 1 attempts) — body replaced, retry budget reset

2026-09-14 18:06:41,213 INFO image_rx_daemon: frag_arrival: seq=228 idx=1 total=15 fw_us=1446177030 len=207

2026-09-14 18:06:41,413 INFO image_rx_daemon: frag_arrival: seq=228 idx=2 total=15 fw_us=1446375735 len=207

2026-09-14 18:06:41,542 INFO image_rx_daemon: cmd 0x63 superseded while pending (after 0 attempts) — body replaced, retry budget reset

2026-09-14 18:06:41,607 INFO image_rx_daemon: frag_arrival: seq=228 idx=3 total=15 fw_us=1446575445 len=207

2026-09-14 18:06:41,808 INFO image_rx_daemon: frag_arrival: seq=228 idx=4 total=15 fw_us=1446775092 len=207

2026-09-14 18:06:42,007 INFO image_rx_daemon: frag_arrival: seq=228 idx=5 total=15 fw_us=1446974755 len=207

2026-09-14 18:06:42,207 INFO image_rx_daemon: frag_arrival: seq=228 idx=6 total=15 fw_us=1447174440 len=207

2026-09-14 18:06:42,226 INFO image_rx_daemon: cmd 0x63 superseded while pending (after 0 attempts) — body replaced, retry budget reset

2026-09-14 18:06:42,409 INFO image_rx_daemon: frag_arrival: seq=228 idx=7 total=15 fw_us=1447374166 len=207

2026-09-14 18:06:42,805 INFO image_rx_daemon: frag_arrival: seq=228 idx=8 total=15 fw_us=1447773686 len=207

2026-09-14 18:06:42,942 INFO image_rx_daemon: cmd 0x63 superseded while pending (after 0 attempts) — body replaced, retry budget reset

2026-09-14 18:06:43,008 INFO image_rx_daemon: frag_arrival: seq=228 idx=9 total=15 fw_us=1447973421 len=207

2026-09-14 18:06:43,212 INFO image_rx_daemon: frag_arrival: seq=228 idx=10 total=15 fw_us=1448173132 len=207

2026-09-14 18:06:43,412 INFO image_rx_daemon: frag_arrival: seq=228 idx=11 total=15 fw_us=1448372849 len=207

2026-09-14 18:06:43,612 INFO image_rx_daemon: frag_arrival: seq=228 idx=12 total=15 fw_us=1448572600 len=207

2026-09-14 18:06:43,646 INFO image_rx_daemon: cmd 0x63 superseded while pending (after 0 attempts) — body replaced, retry budget reset

2026-09-14 18:06:43,803 INFO image_rx_daemon: frag_arrival: seq=228 idx=13 total=15 fw_us=1448772330 len=207

2026-09-14 18:06:43,875 INFO image_rx_daemon: frag_arrival: seq=228 idx=14 total=15 fw_us=1448868615 len=67

2026-09-14 18:06:43,886 INFO image_rx_daemon: published frame_id=0 seq=228 2905 B → lifetrac/v25/video/tile_delta

RFCO_PERTX during TX wait: profile_id=1 tx_status=0x00(OK) hop_idx=28 channel_idx=23 epoch=12 freq_hz=914250000 pkt_toa_us=20608 legal_dwell_used_us_10s=20608

2026-09-14 18:06:43,933 INFO image_rx_daemon: command TX opcode=0x60 copy=1/1 OK (on air)

2026-09-14 18:06:44,351 INFO image_rx_daemon: cmd 0x63 superseded while pending (after 0 attempts) — body replaced, retry budget reset

2026-09-14 18:06:44,408 INFO image_rx_daemon: frag_arrival: seq=235 idx=0 total=15 fw_us=1449371744 len=207

2026-09-14 18:06:44,811 INFO image_rx_daemon: frag_arrival: seq=235 idx=1 total=15 fw_us=1449771341 len=207

2026-09-14 18:06:45,003 INFO image_rx_daemon: frag_arrival: seq=235 idx=2 total=15 fw_us=1449971150 len=207

2026-09-14 18:06:45,055 INFO image_rx_daemon: cmd 0x63 superseded while pending (after 0 attempts) — body replaced, retry budget reset

2026-09-14 18:06:45,203 INFO image_rx_daemon: frag_arrival: seq=235 idx=3 total=15 fw_us=1450170888 len=207

2026-09-14 18:06:45,403 INFO image_rx_daemon: frag_arrival: seq=235 idx=4 total=15 fw_us=1450370625 len=207

2026-09-14 18:06:45,603 INFO image_rx_daemon: frag_arrival: seq=235 idx=5 total=15 fw_us=1450570344 len=207

2026-09-14 18:06:45,759 INFO image_rx_daemon: cmd 0x63 superseded while pending (after 0 attempts) — body replaced, retry budget reset

2026-09-14 18:06:46,197 INFO image_rx_daemon: frag_arrival: seq=235 idx=7 total=15 fw_us=1451161789 len=207

2026-09-14 18:06:46,396 INFO image_rx_daemon: frag_arrival: seq=235 idx=8 total=15 fw_us=1451361557 len=207

2026-09-14 18:06:46,462 INFO image_rx_daemon: cmd 0x63 superseded while pending (after 0 attempts) — body replaced, retry budget reset

2026-09-14 18:06:46,595 INFO image_rx_daemon: frag_arrival: seq=235 idx=9 total=15 fw_us=1451561351 len=207

2026-09-14 18:06:46,794 INFO image_rx_daemon: frag_arrival: seq=235 idx=10 total=15 fw_us=1451761205 len=207

2026-09-14 18:06:46,995 INFO image_rx_daemon: frag_arrival: seq=235 idx=11 total=15 fw_us=1451960987 len=207

2026-09-14 18:06:47,173 INFO image_rx_daemon: cmd 0x63 superseded while pending (after 0 attempts) — body replaced, retry budget reset

2026-09-14 18:06:47,206 INFO image_rx_daemon: frag_arrival: seq=235 idx=12 total=15 fw_us=1452160806 len=207

2026-09-14 18:06:47,395 INFO image_rx_daemon: frag_arrival: seq=235 idx=13 total=15 fw_us=1452360609 len=207

2026-09-14 18:06:47,481 INFO image_rx_daemon: frag_arrival: seq=235 idx=14 total=15 fw_us=1452464697 len=77

RFCO_PERTX during TX wait: profile_id=1 tx_status=0x00(OK) hop_idx=46 channel_idx=40 epoch=12 freq_hz=922750000 pkt_toa_us=20608 legal_dwell_used_us_10s=20608

2026-09-14 18:06:47,528 INFO image_rx_daemon: command TX opcode=0x63 copy=1/1 OK (on air)

2026-09-14 18:06:47,870 INFO image_rx_daemon: cmd 0x63 superseded while pending (after 1 attempts) — body replaced, retry budget reset

2026-09-14 18:06:47,996 INFO image_rx_daemon: frag_arrival: seq=250 idx=0 total=15 fw_us=1452960118 len=207

2026-09-14 18:06:48,398 INFO image_rx_daemon: frag_arrival: seq=250 idx=1 total=15 fw_us=1453359772 len=207

2026-09-14 18:06:48,589 INFO image_rx_daemon: cmd 0x63 superseded while pending (after 0 attempts) — body replaced, retry budget reset

2026-09-14 18:06:48,607 INFO image_rx_daemon: frag_arrival: seq=250 idx=2 total=15 fw_us=1453559566 len=207

2026-09-14 18:06:48,799 INFO image_rx_daemon: frag_arrival: seq=250 idx=3 total=15 fw_us=1453759391 len=207

2026-09-14 18:06:48,999 INFO image_rx_daemon: frag_arrival: seq=250 idx=4 total=15 fw_us=1453959214 len=207

2026-09-14 18:06:49,190 INFO image_rx_daemon: frag_arrival: seq=250 idx=5 total=15 fw_us=1454159033 len=207

2026-09-14 18:06:49,281 INFO image_rx_daemon: cmd 0x63 superseded while pending (after 0 attempts) — body replaced, retry budget reset

2026-09-14 18:06:49,395 INFO image_rx_daemon: frag_arrival: seq=250 idx=6 total=15 fw_us=1454358845 len=207

2026-09-14 18:06:49,595 INFO image_rx_daemon: frag_arrival: seq=250 idx=7 total=15 fw_us=1454557826 len=207

2026-09-14 18:06:49,602 INFO image_rx_daemon: stats: rx_frames=488 rx_decode_err=0 frames_published=24 publish_err=0 reassembler_decode_err=0 reassembler_timeouts=9 parity_recon=0 idle_drain_deferred=106 cmd_cooldown_drops=0 cmd_gate_held=0 cmd_copies_deferred=0

2026-09-14 18:06:49,606 INFO image_rx_daemon: air_gap: n=42 dt_med=199751us dt_p95=495421us len_med=207B cmd_tx_ok=24 cmd_tx_fail=0

2026-09-14 18:06:49,612 INFO image_rx_daemon: air_gap_hist(ms): <120:2 <200:32 <400:4 <1000:4

2026-09-14 18:06:49,615 INFO image_rx_daemon: rx_rf: n_rssi=42 n_snr=42 rssi[min/med/max]=-65/-62/-59 snr[min/med/max]=9.0/10.0/13.0

2026-09-14 18:06:49,618 INFO image_rx_daemon: phase_telemetry: valid=42 invalid=0 pre_f8=0 last_epoch=13 last_hop=6 slot_off=[3..15]

2026-09-14 18:06:49,622 INFO image_rx_daemon: air_gap_by_class: seq: n=38 med=199.7ms | boundary: n=3 med=495.4ms | post_loss: n=1 med=591.4ms

2026-09-14 18:06:49,627 INFO image_rx_daemon: lost_frag_idx: n=1 idx0=0 (0.00% of idx0 arrivals) other=1 (2.50%) verdict=not-clustered | top 6:1

2026-09-14 18:06:49,811 INFO image_rx_daemon: frag_arrival: seq=250 idx=8 total=15 fw_us=1454771794 len=207

2026-09-14 18:06:49,986 INFO image_rx_daemon: cmd 0x63 superseded while pending (after 0 attempts) — body replaced, retry budget reset

2026-09-14 18:06:50,203 INFO image_rx_daemon: frag_arrival: seq=250 idx=9 total=15 fw_us=1455169026 len=207

2026-09-14 18:06:50,406 INFO image_rx_daemon: frag_arrival: seq=250 idx=10 total=15 fw_us=1455368917 len=207

2026-09-14 18:06:50,608 INFO image_rx_daemon: frag_arrival: seq=250 idx=11 total=15 fw_us=1455568656 len=207

2026-09-14 18:06:50,690 INFO image_rx_daemon: cmd 0x63 superseded while pending (after 0 attempts) — body replaced, retry budget reset

2026-09-14 18:06:50,807 INFO image_rx_daemon: frag_arrival: seq=250 idx=12 total=15 fw_us=1455768462 len=207

2026-09-14 18:06:51,022 INFO image_rx_daemon: frag_arrival: seq=250 idx=13 total=15 fw_us=1455968266 len=207

2026-09-14 18:06:51,098 INFO image_rx_daemon: frag_arrival: seq=250 idx=14 total=15 fw_us=1456080033 len=85

2026-09-14 18:06:51,109 INFO image_rx_daemon: published frame_id=0 seq=250 2923 B → lifetrac/v25/video/tile_delta

RFCO_PERTX during TX wait: profile_id=1 tx_status=0x00(OK) hop_idx=14 channel_idx=28 epoch=13 freq_hz=916750000 pkt_toa_us=20608 legal_dwell_used_us_10s=20608

2026-09-14 18:06:51,162 INFO image_rx_daemon: command TX opcode=0x63 copy=1/1 OK (on air)

2026-09-14 18:06:51,394 INFO image_rx_daemon: cmd 0x63 superseded while pending (after 1 attempts) — body replaced, retry budget reset

2026-09-14 18:06:51,605 INFO image_rx_daemon: frag_arrival: seq=251 idx=0 total=15 fw_us=1456567769 len=207

2026-09-14 18:06:51,998 INFO image_rx_daemon: frag_arrival: seq=251 idx=1 total=15 fw_us=1456967455 len=207

2026-09-14 18:06:52,099 INFO image_rx_daemon: cmd 0x63 superseded while pending (after 0 attempts) — body replaced, retry budget reset

2026-09-14 18:06:52,203 INFO image_rx_daemon: frag_arrival: seq=251 idx=2 total=15 fw_us=1457167244 len=207

2026-09-14 18:06:52,406 INFO image_rx_daemon: frag_arrival: seq=251 idx=3 total=15 fw_us=1457367009 len=207

2026-09-14 18:06:52,607 INFO image_rx_daemon: frag_arrival: seq=251 idx=4 total=15 fw_us=1457566860 len=207

2026-09-14 18:06:52,808 INFO image_rx_daemon: frag_arrival: seq=251 idx=5 total=15 fw_us=1457766649 len=207

2026-09-14 18:06:52,815 INFO image_rx_daemon: cmd 0x63 superseded while pending (after 0 attempts) — body replaced, retry budget reset

2026-09-14 18:06:53,008 INFO image_rx_daemon: frag_arrival: seq=251 idx=6 total=15 fw_us=1457966517 len=207

2026-09-14 18:06:53,208 INFO image_rx_daemon: frag_arrival: seq=251 idx=7 total=15 fw_us=1458165943 len=207

2026-09-14 18:06:53,418 INFO image_rx_daemon: frag_arrival: seq=251 idx=8 total=15 fw_us=1458381030 len=207

2026-09-14 18:06:53,511 INFO image_rx_daemon: cmd 0x63 superseded while pending (after 0 attempts) — body replaced, retry budget reset

2026-09-14 18:06:53,809 INFO image_rx_daemon: frag_arrival: seq=251 idx=9 total=15 fw_us=1458777033 len=207

2026-09-14 18:06:54,012 INFO image_rx_daemon: frag_arrival: seq=251 idx=10 total=15 fw_us=1458976956 len=207

2026-09-14 18:06:54,211 INFO image_rx_daemon: frag_arrival: seq=251 idx=11 total=15 fw_us=1459176888 len=207

2026-09-14 18:06:54,219 INFO image_rx_daemon: cmd 0x63 superseded while pending (after 0 attempts) — body replaced, retry budget reset

2026-09-14 18:06:54,412 INFO image_rx_daemon: frag_arrival: seq=251 idx=12 total=15 fw_us=1459376813 len=207

2026-09-14 18:06:54,611 INFO image_rx_daemon: frag_arrival: seq=251 idx=13 total=15 fw_us=1459576797 len=207

2026-09-14 18:06:54,772 INFO image_rx_daemon: frag_arrival: seq=251 idx=14 total=15 fw_us=1459740394 len=155

2026-09-14 18:06:54,783 INFO image_rx_daemon: published frame_id=0 seq=251 2993 B → lifetrac/v25/video/tile_delta

RFCO_PERTX during TX wait: profile_id=1 tx_status=0x00(OK) hop_idx=33 channel_idx=42 epoch=13 freq_hz=923750000 pkt_toa_us=20608 legal_dwell_used_us_10s=20608

2026-09-14 18:06:54,830 INFO image_rx_daemon: command TX opcode=0x60 copy=1/1 OK (on air)

2026-09-14 18:06:54,922 INFO image_rx_daemon: cmd 0x63 superseded while pending (after 0 attempts) — body replaced, retry budget reset

2026-09-14 18:06:55,216 INFO image_rx_daemon: frag_arrival: seq=1 idx=0 total=15 fw_us=1460176579 len=207

2026-09-14 18:06:55,610 INFO image_rx_daemon: frag_arrival: seq=1 idx=1 total=15 fw_us=1460576350 len=207

2026-09-14 18:06:55,626 INFO image_rx_daemon: cmd 0x63 superseded while pending (after 0 attempts) — body replaced, retry budget reset

2026-09-14 18:06:55,814 INFO image_rx_daemon: frag_arrival: seq=1 idx=2 total=15 fw_us=1460776206 len=207

2026-09-14 18:06:56,013 INFO image_rx_daemon: frag_arrival: seq=1 idx=3 total=15 fw_us=1460976033 len=207

2026-09-14 18:06:56,215 INFO image_rx_daemon: frag_arrival: seq=1 idx=4 total=15 fw_us=1461175889 len=207

2026-09-14 18:06:56,330 INFO image_rx_daemon: cmd 0x63 superseded while pending (after 0 attempts) — body replaced, retry budget reset

2026-09-14 18:06:56,414 INFO image_rx_daemon: frag_arrival: seq=1 idx=5 total=15 fw_us=1461375748 len=207

2026-09-14 18:06:56,614 INFO image_rx_daemon: frag_arrival: seq=1 idx=6 total=15 fw_us=1461575586 len=207

2026-09-14 18:06:56,817 INFO image_rx_daemon: frag_arrival: seq=1 idx=7 total=15 fw_us=1461775450 len=207

2026-09-14 18:06:57,041 INFO image_rx_daemon: cmd 0x63 superseded while pending (after 0 attempts) — body replaced, retry budget reset

2026-09-14 18:06:57,214 INFO image_rx_daemon: frag_arrival: seq=1 idx=8 total=15 fw_us=1462175033 len=207

2026-09-14 18:06:57,413 INFO image_rx_daemon: frag_arrival: seq=1 idx=9 total=15 fw_us=1462374951 len=207

2026-09-14 18:06:57,612 INFO image_rx_daemon: frag_arrival: seq=1 idx=10 total=15 fw_us=1462574749 len=207

2026-09-14 18:06:57,742 INFO image_rx_daemon: cmd 0x63 superseded while pending (after 0 attempts) — body replaced, retry budget reset

2026-09-14 18:06:57,814 INFO image_rx_daemon: frag_arrival: seq=1 idx=11 total=15 fw_us=1462774602 len=207

2026-09-14 18:06:58,014 INFO image_rx_daemon: frag_arrival: seq=1 idx=12 total=15 fw_us=1462974455 len=207

2026-09-14 18:06:58,212 INFO image_rx_daemon: frag_arrival: seq=1 idx=13 total=15 fw_us=1463174325 len=207

2026-09-14 18:06:58,360 INFO image_rx_daemon: frag_arrival: seq=1 idx=14 total=15 fw_us=1463330184 len=147

2026-09-14 18:06:58,369 INFO image_rx_daemon: cmd 0x60 CONVERGED after 7 attempts (38.7 s): keyframe received (UNVERIFIED delivery — keyframe may be encoder-initiated)

2026-09-14 18:06:58,374 INFO image_rx_daemon: published frame_id=0 seq=1 2985 B → lifetrac/v25/video/tile_delta

RFCO_PERTX during TX wait: profile_id=1 tx_status=0x00(OK) hop_idx=1 channel_idx=16 epoch=14 freq_hz=910750000 pkt_toa_us=20608 legal_dwell_used_us_10s=20608

2026-09-14 18:06:58,434 INFO image_rx_daemon: command TX opcode=0x63 copy=1/1 OK (on air)

2026-09-14 18:06:58,448 INFO image_rx_daemon: cmd 0x63 superseded while pending (after 1 attempts) — body replaced, retry budget reset

2026-09-14 18:06:58,814 INFO image_rx_daemon: frag_arrival: seq=15 idx=0 total=15 fw_us=1463773886 len=207

2026-09-14 18:06:59,151 INFO image_rx_daemon: cmd 0x63 superseded while pending (after 0 attempts) — body replaced, retry budget reset

2026-09-14 18:06:59,219 INFO image_rx_daemon: frag_arrival: seq=15 idx=1 total=15 fw_us=1464173549 len=207

2026-09-14 18:06:59,409 INFO image_rx_daemon: frag_arrival: seq=15 idx=2 total=15 fw_us=1464373354 len=207

2026-09-14 18:06:59,609 INFO image_rx_daemon: frag_arrival: seq=15 idx=3 total=15 fw_us=1464573202 len=207

2026-09-14 18:06:59,635 INFO image_rx_daemon: stats: rx_frames=529 rx_decode_err=0 frames_published=27 publish_err=0 reassembler_decode_err=0 reassembler_timeouts=9 parity_recon=0 idle_drain_deferred=115 cmd_cooldown_drops=0 cmd_gate_held=0 cmd_copies_deferred=0

2026-09-14 18:06:59,638 INFO image_rx_daemon: air_gap: n=41 dt_med=199859us dt_p95=436185us len_med=207B cmd_tx_ok=27 cmd_tx_fail=0

2026-09-14 18:06:59,644 INFO image_rx_daemon: air_gap_hist(ms): <120:1 <200:29 <400:8 <1000:3

2026-09-14 18:06:59,647 INFO image_rx_daemon: rx_rf: n_rssi=41 n_snr=41 rssi[min/med/max]=-65/-62/-59 snr[min/med/max]=8.0/10.0/12.0

2026-09-14 18:06:59,650 INFO image_rx_daemon: phase_telemetry: valid=41 invalid=0 pre_f8=0 last_epoch=14 last_hop=6 slot_off=[3..17]

2026-09-14 18:06:59,654 INFO image_rx_daemon: air_gap_by_class: seq: n=38 med=199.9ms | boundary: n=3 med=443.7ms

2026-09-14 18:06:59,812 INFO image_rx_daemon: frag_arrival: seq=15 idx=4 total=15 fw_us=1464773030 len=207

2026-09-14 18:06:59,856 INFO image_rx_daemon: cmd 0x63 superseded while pending (after 0 attempts) — body replaced, retry budget reset

2026-09-14 18:07:00,014 INFO image_rx_daemon: frag_arrival: seq=15 idx=5 total=15 fw_us=1464972863 len=207

2026-09-14 18:07:00,207 INFO image_rx_daemon: frag_arrival: seq=15 idx=6 total=15 fw_us=1465172734 len=207

2026-09-14 18:07:00,408 INFO image_rx_daemon: frag_arrival: seq=15 idx=7 total=15 fw_us=1465372550 len=207

2026-09-14 18:07:00,561 INFO image_rx_daemon: cmd 0x63 superseded while pending (after 0 attempts) — body replaced, retry budget reset

2026-09-14 18:07:00,809 INFO image_rx_daemon: frag_arrival: seq=15 idx=8 total=15 fw_us=1465772167 len=207

2026-09-14 18:07:01,011 INFO image_rx_daemon: frag_arrival: seq=15 idx=9 total=15 fw_us=1465971967 len=207

2026-09-14 18:07:01,220 INFO image_rx_daemon: frag_arrival: seq=15 idx=10 total=15 fw_us=1466171788 len=207

2026-09-14 18:07:01,264 INFO image_rx_daemon: cmd 0x63 superseded while pending (after 0 attempts) — body replaced, retry budget reset

2026-09-14 18:07:01,410 INFO image_rx_daemon: frag_arrival: seq=15 idx=11 total=15 fw_us=1466371627 len=207

2026-09-14 18:07:01,611 INFO image_rx_daemon: frag_arrival: seq=15 idx=12 total=15 fw_us=1466571455 len=207

2026-09-14 18:07:01,812 INFO image_rx_daemon: frag_arrival: seq=15 idx=13 total=15 fw_us=1466771253 len=207

2026-09-14 18:07:01,923 INFO image_rx_daemon: frag_arrival: seq=15 idx=14 total=15 fw_us=1466901180 len=111

2026-09-14 18:07:01,935 INFO image_rx_daemon: published frame_id=0 seq=15 2949 B → lifetrac/v25/video/tile_delta

2026-09-14 18:07:01,969 INFO image_rx_daemon: cmd 0x63 superseded while pending (after 1 attempts) — body replaced, retry budget reset

RFCO_PERTX during TX wait: profile_id=1 tx_status=0x00(OK) hop_idx=18 channel_idx=22 epoch=14 freq_hz=913750000 pkt_toa_us=20608 legal_dwell_used_us_10s=20608

2026-09-14 18:07:01,983 INFO image_rx_daemon: command TX opcode=0x63 copy=1/1 OK (on air)

2026-09-14 18:07:02,415 INFO image_rx_daemon: frag_arrival: seq=16 idx=0 total=15 fw_us=1467370705 len=207

2026-09-14 18:07:02,674 INFO image_rx_daemon: cmd 0x63 superseded while pending (after 0 attempts) — body replaced, retry budget reset

2026-09-14 18:07:02,811 INFO image_rx_daemon: frag_arrival: seq=16 idx=1 total=15 fw_us=1467770278 len=207

2026-09-14 18:07:03,014 INFO image_rx_daemon: frag_arrival: seq=16 idx=2 total=15 fw_us=1467970033 len=207

2026-09-14 18:07:03,205 INFO image_rx_daemon: frag_arrival: seq=16 idx=3 total=15 fw_us=1468169750 len=207

2026-09-14 18:07:03,392 INFO image_rx_daemon: cmd 0x63 superseded while pending (after 0 attempts) — body replaced, retry budget reset

2026-09-14 18:07:03,419 INFO image_rx_daemon: frag_arrival: seq=16 idx=4 total=15 fw_us=1468369484 len=207

2026-09-14 18:07:03,606 INFO image_rx_daemon: frag_arrival: seq=16 idx=5 total=15 fw_us=1468569220 len=207

2026-09-14 18:07:03,806 INFO image_rx_daemon: frag_arrival: seq=16 idx=6 total=15 fw_us=1468768938 len=207

2026-09-14 18:07:04,008 INFO image_rx_daemon: frag_arrival: seq=16 idx=7 total=15 fw_us=1468968691 len=207

2026-09-14 18:07:04,083 INFO image_rx_daemon: cmd 0x63 superseded while pending (after 0 attempts) — body replaced, retry budget reset

2026-09-14 18:07:04,413 INFO image_rx_daemon: frag_arrival: seq=16 idx=8 total=15 fw_us=1469368223 len=207

2026-09-14 18:07:04,613 INFO image_rx_daemon: frag_arrival: seq=16 idx=9 total=15 fw_us=1469568004 len=207

2026-09-14 18:07:04,807 INFO image_rx_daemon: cmd 0x63 superseded while pending (after 0 attempts) — body replaced, retry budget reset

2026-09-14 18:07:04,822 INFO image_rx_daemon: frag_arrival: seq=16 idx=10 total=15 fw_us=1469767723 len=207

2026-09-14 18:07:05,005 INFO image_rx_daemon: frag_arrival: seq=16 idx=11 total=15 fw_us=1469967434 len=207

2026-09-14 18:07:05,205 INFO image_rx_daemon: frag_arrival: seq=16 idx=12 total=15 fw_us=1470167178 len=207

2026-09-14 18:07:05,407 INFO image_rx_daemon: frag_arrival: seq=16 idx=13 total=15 fw_us=1470366917 len=207

2026-09-14 18:07:05,493 INFO image_rx_daemon: cmd 0x63 superseded while pending (after 0 attempts) — body replaced, retry budget reset

2026-09-14 18:07:05,557 INFO image_rx_daemon: frag_arrival: seq=16 idx=14 total=15 fw_us=1470522687 len=147

2026-09-14 18:07:05,567 INFO image_rx_daemon: published frame_id=0 seq=16 2985 B → lifetrac/v25/video/tile_delta

RFCO_PERTX during TX wait: profile_id=1 tx_status=0x00(OK) hop_idx=37 channel_idx=24 epoch=14 freq_hz=914750000 pkt_toa_us=20608 legal_dwell_used_us_10s=20608

2026-09-14 18:07:05,626 INFO image_rx_daemon: command TX opcode=0x60 copy=1/1 OK (on air)

2026-09-14 18:07:06,007 INFO image_rx_daemon: frag_arrival: seq=22 idx=0 total=15 fw_us=1470966100 len=207

2026-09-14 18:07:06,198 INFO image_rx_daemon: cmd 0x63 superseded while pending (after 0 attempts) — body replaced, retry budget reset

2026-09-14 18:07:06,402 INFO image_rx_daemon: frag_arrival: seq=22 idx=1 total=15 fw_us=1471365698 len=207

2026-09-14 18:07:06,602 INFO image_rx_daemon: frag_arrival: seq=22 idx=2 total=15 fw_us=1471565524 len=207

2026-09-14 18:07:06,802 INFO image_rx_daemon: frag_arrival: seq=22 idx=3 total=15 fw_us=1471765334 len=207

2026-09-14 18:07:06,902 INFO image_rx_daemon: cmd 0x63 superseded while pending (after 0 attempts) — body replaced, retry budget reset

2026-09-14 18:07:07,008 INFO image_rx_daemon: frag_arrival: seq=22 idx=4 total=15 fw_us=1471965195 len=207

2026-09-14 18:07:07,208 INFO image_rx_daemon: frag_arrival: seq=22 idx=5 total=15 fw_us=1472165033 len=207

2026-09-14 18:07:07,408 INFO image_rx_daemon: frag_arrival: seq=22 idx=6 total=15 fw_us=1472364888 len=207

2026-09-14 18:07:07,607 INFO image_rx_daemon: frag_arrival: seq=22 idx=7 total=15 fw_us=1472564706 len=207

2026-09-14 18:07:07,614 INFO image_rx_daemon: cmd 0x63 superseded while pending (after 0 attempts) — body replaced, retry budget reset

2026-09-14 18:07:08,001 INFO image_rx_daemon: frag_arrival: seq=22 idx=8 total=15 fw_us=1472964293 len=207

2026-09-14 18:07:08,210 INFO image_rx_daemon: frag_arrival: seq=22 idx=9 total=15 fw_us=1473164006 len=207

2026-09-14 18:07:08,311 INFO image_rx_daemon: cmd 0x63 superseded while pending (after 0 attempts) — body replaced, retry budget reset

2026-09-14 18:07:08,403 INFO image_rx_daemon: frag_arrival: seq=22 idx=10 total=15 fw_us=1473363757 len=207

2026-09-14 18:07:08,603 INFO image_rx_daemon: frag_arrival: seq=22 idx=11 total=15 fw_us=1473563532 len=207

2026-09-14 18:07:08,805 INFO image_rx_daemon: frag_arrival: seq=22 idx=12 total=15 fw_us=1473763248 len=207

2026-09-14 18:07:09,004 INFO image_rx_daemon: frag_arrival: seq=22 idx=13 total=15 fw_us=1473963023 len=207

2026-09-14 18:07:09,017 INFO image_rx_daemon: cmd 0x63 superseded while pending (after 0 attempts) — body replaced, retry budget reset

2026-09-14 18:07:09,156 INFO image_rx_daemon: frag_arrival: seq=22 idx=14 total=15 fw_us=1474123925 len=153

2026-09-14 18:07:09,167 INFO image_rx_daemon: published frame_id=0 seq=22 2991 B → lifetrac/v25/video/tile_delta

RFCO_PERTX during TX wait: profile_id=1 tx_status=0x00(OK) hop_idx=5 channel_idx=27 epoch=15 freq_hz=916250000 pkt_toa_us=20608 legal_dwell_used_us_10s=20608

2026-09-14 18:07:09,226 INFO image_rx_daemon: command TX opcode=0x60 copy=1/1 OK (on air)

2026-09-14 18:07:09,600 INFO image_rx_daemon: frag_arrival: seq=30 idx=0 total=15 fw_us=1474562341 len=207

2026-09-14 18:07:09,662 INFO image_rx_daemon: stats: rx_frames=571 rx_decode_err=0 frames_published=30 publish_err=0 reassembler_decode_err=0 reassembler_timeouts=9 parity_recon=0 idle_drain_deferred=123 cmd_cooldown_drops=0 cmd_gate_held=0 cmd_copies_deferred=0

2026-09-14 18:07:09,666 INFO image_rx_daemon: air_gap: n=42 dt_med=199810us dt_p95=438416us len_med=207B cmd_tx_ok=30 cmd_tx_fail=0

2026-09-14 18:07:09,672 INFO image_rx_daemon: air_gap_hist(ms): <200:34 <400:5 <1000:3

2026-09-14 18:07:09,677 INFO image_rx_daemon: rx_rf: n_rssi=42 n_snr=42 rssi[min/med/max]=-65/-61/-59 snr[min/med/max]=9.0/10.0/11.0

2026-09-14 18:07:09,679 INFO image_rx_daemon: phase_telemetry: valid=42 invalid=0 pre_f8=0 last_epoch=15 last_hop=6 slot_off=[14..14]

2026-09-14 18:07:09,683 INFO image_rx_daemon: air_gap_by_class: seq: n=39 med=199.8ms | boundary: n=3 med=443.4ms

2026-09-14 18:07:09,719 INFO image_rx_daemon: cmd 0x63 superseded while pending (after 0 attempts) — body replaced, retry budget reset

2026-09-14 18:07:10,006 INFO image_rx_daemon: frag_arrival: seq=30 idx=1 total=15 fw_us=1474961823 len=207

2026-09-14 18:07:10,206 INFO image_rx_daemon: frag_arrival: seq=30 idx=2 total=15 fw_us=1475161549 len=207

2026-09-14 18:07:10,409 INFO image_rx_daemon: frag_arrival: seq=30 idx=3 total=15 fw_us=1475361342 len=207

2026-09-14 18:07:10,427 INFO image_rx_daemon: cmd 0x63 superseded while pending (after 0 attempts) — body replaced, retry budget reset

2026-09-14 18:07:10,599 INFO image_rx_daemon: frag_arrival: seq=30 idx=4 total=15 fw_us=1475560979 len=207

2026-09-14 18:07:10,800 INFO image_rx_daemon: frag_arrival: seq=30 idx=5 total=15 fw_us=1475760764 len=207

2026-09-14 18:07:11,001 INFO image_rx_daemon: frag_arrival: seq=30 idx=6 total=15 fw_us=1475960504 len=207

2026-09-14 18:07:11,128 INFO image_rx_daemon: cmd 0x63 superseded while pending (after 0 attempts) — body replaced, retry budget reset

2026-09-14 18:07:11,202 INFO image_rx_daemon: frag_arrival: seq=30 idx=7 total=15 fw_us=1476160276 len=207

2026-09-14 18:07:11,603 INFO image_rx_daemon: frag_arrival: seq=30 idx=8 total=15 fw_us=1476559790 len=207

2026-09-14 18:07:11,803 INFO image_rx_daemon: frag_arrival: seq=30 idx=9 total=15 fw_us=1476759547 len=207

2026-09-14 18:07:11,836 INFO image_rx_daemon: cmd 0x63 superseded while pending (after 0 attempts) — body replaced, retry budget reset

2026-09-14 18:07:12,007 INFO image_rx_daemon: frag_arrival: seq=30 idx=10 total=15 fw_us=1476959190 len=207

2026-09-14 18:07:12,206 INFO image_rx_daemon: frag_arrival: seq=30 idx=11 total=15 fw_us=1477158918 len=207

2026-09-14 18:07:12,407 INFO image_rx_daemon: frag_arrival: seq=30 idx=12 total=15 fw_us=1477358636 len=207

2026-09-14 18:07:12,539 INFO image_rx_daemon: cmd 0x63 superseded while pending (after 0 attempts) — body replaced, retry budget reset

2026-09-14 18:07:12,601 INFO image_rx_daemon: frag_arrival: seq=30 idx=13 total=15 fw_us=1477558407 len=207

2026-09-14 18:07:12,685 INFO image_rx_daemon: frag_arrival: seq=30 idx=14 total=15 fw_us=1477662368 len=77

2026-09-14 18:07:12,697 INFO image_rx_daemon: published frame_id=0 seq=30 2915 B → lifetrac/v25/video/tile_delta

RFCO_PERTX during TX wait: profile_id=1 tx_status=0x00(OK) hop_idx=22 channel_idx=33 epoch=15 freq_hz=919250000 pkt_toa_us=20608 legal_dwell_used_us_10s=20608

2026-09-14 18:07:12,745 INFO image_rx_daemon: command TX opcode=0x60 copy=1/1 OK (on air)

2026-09-14 18:07:13,207 INFO image_rx_daemon: frag_arrival: seq=37 idx=0 total=15 fw_us=1478157581 len=207

2026-09-14 18:07:13,244 INFO image_rx_daemon: cmd 0x63 superseded while pending (after 0 attempts) — body replaced, retry budget reset

2026-09-14 18:07:13,602 INFO image_rx_daemon: frag_arrival: seq=37 idx=1 total=15 fw_us=1478557109 len=207

2026-09-14 18:07:13,802 INFO image_rx_daemon: frag_arrival: seq=37 idx=2 total=15 fw_us=1478756830 len=207

2026-09-14 18:07:13,949 INFO image_rx_daemon: cmd 0x63 superseded while pending (after 0 attempts) — body replaced, retry budget reset

2026-09-14 18:07:14,005 INFO image_rx_daemon: frag_arrival: seq=37 idx=3 total=15 fw_us=1478956596 len=207

2026-09-14 18:07:14,203 INFO image_rx_daemon: frag_arrival: seq=37 idx=4 total=15 fw_us=1479156353 len=207

2026-09-14 18:07:14,404 INFO image_rx_daemon: frag_arrival: seq=37 idx=5 total=15 fw_us=1479356147 len=207

2026-09-14 18:07:14,652 INFO image_rx_daemon: cmd 0x63 superseded while pending (after 0 attempts) — body replaced, retry budget reset

2026-09-14 18:07:14,993 INFO image_rx_daemon: frag_arrival: seq=37 idx=7 total=15 fw_us=1479947452 len=207

2026-09-14 18:07:15,198 INFO image_rx_daemon: frag_arrival: seq=37 idx=8 total=15 fw_us=1480147091 len=207

2026-09-14 18:07:15,362 INFO image_rx_daemon: cmd 0x63 superseded while pending (after 0 attempts) — body replaced, retry budget reset

2026-09-14 18:07:15,396 INFO image_rx_daemon: frag_arrival: seq=37 idx=9 total=15 fw_us=1480346738 len=207

2026-09-14 18:07:15,596 INFO image_rx_daemon: frag_arrival: seq=37 idx=10 total=15 fw_us=1480546485 len=207

2026-09-14 18:07:15,796 INFO image_rx_daemon: frag_arrival: seq=37 idx=11 total=15 fw_us=1480747030 len=207

2026-09-14 18:07:16,003 INFO image_rx_daemon: frag_arrival: seq=37 idx=12 total=15 fw_us=1480945765 len=207

2026-09-14 18:07:16,064 INFO image_rx_daemon: cmd 0x63 superseded while pending (after 0 attempts) — body replaced, retry budget reset

2026-09-14 18:07:16,195 INFO image_rx_daemon: frag_arrival: seq=37 idx=13 total=15 fw_us=1481145452 len=207

2026-09-14 18:07:16,269 INFO image_rx_daemon: frag_arrival: seq=37 idx=14 total=15 fw_us=1481249452 len=77

RFCO_PERTX during TX wait: profile_id=1 tx_status=0x00(OK) hop_idx=40 channel_idx=21 epoch=15 freq_hz=913250000 pkt_toa_us=20608 legal_dwell_used_us_10s=20608

2026-09-14 18:07:16,316 INFO image_rx_daemon: command TX opcode=0x60 copy=1/1 OK (on air)

2026-09-14 18:07:16,782 INFO image_rx_daemon: cmd 0x63 superseded while pending (after 0 attempts) — body replaced, retry budget reset

2026-09-14 18:07:16,806 INFO image_rx_daemon: frag_arrival: seq=44 idx=0 total=15 fw_us=1481744453 len=207

2026-09-14 18:07:17,191 INFO image_rx_daemon: frag_arrival: seq=44 idx=1 total=15 fw_us=1482143942 len=207

2026-09-14 18:07:17,394 INFO image_rx_daemon: frag_arrival: seq=44 idx=2 total=15 fw_us=1482343672 len=207

2026-09-14 18:07:17,470 INFO image_rx_daemon: cmd 0x63 superseded while pending (after 0 attempts) — body replaced, retry budget reset

2026-09-14 18:07:17,594 INFO image_rx_daemon: frag_arrival: seq=44 idx=3 total=15 fw_us=1482543442 len=207

2026-09-14 18:07:17,793 INFO image_rx_daemon: frag_arrival: seq=44 idx=4 total=15 fw_us=1482743242 len=207

2026-09-14 18:07:17,994 INFO image_rx_daemon: frag_arrival: seq=44 idx=5 total=15 fw_us=1482943013 len=207

2026-09-14 18:07:18,191 INFO image_rx_daemon: cmd 0x63 superseded while pending (after 0 attempts) — body replaced, retry budget reset

2026-09-14 18:07:18,204 INFO image_rx_daemon: frag_arrival: seq=44 idx=6 total=15 fw_us=1483142814 len=207

2026-09-14 18:07:18,382 INFO image_rx_daemon: frag_arrival: seq=44 idx=7 total=15 fw_us=1483339239 len=207

2026-09-14 18:07:18,604 INFO image_rx_daemon: frag_arrival: seq=44 idx=8 total=15 fw_us=1483553142 len=207

2026-09-14 18:07:18,878 INFO image_rx_daemon: cmd 0x63 superseded while pending (after 0 attempts) — body replaced, retry budget reset

2026-09-14 18:07:19,002 INFO image_rx_daemon: frag_arrival: seq=44 idx=9 total=15 fw_us=1483949689 len=207

2026-09-14 18:07:19,192 INFO image_rx_daemon: frag_arrival: seq=44 idx=10 total=15 fw_us=1484149410 len=207

2026-09-14 18:07:19,392 INFO image_rx_daemon: frag_arrival: seq=44 idx=11 total=15 fw_us=1484349137 len=207

2026-09-14 18:07:19,595 INFO image_rx_daemon: cmd 0x63 superseded while pending (after 0 attempts) — body replaced, retry budget reset

2026-09-14 18:07:19,601 INFO image_rx_daemon: frag_arrival: seq=44 idx=12 total=15 fw_us=1484548927 len=207

2026-09-14 18:07:19,696 INFO image_rx_daemon: stats: rx_frames=612 rx_decode_err=0 frames_published=31 publish_err=0 reassembler_decode_err=0 reassembler_timeouts=10 parity_recon=0 idle_drain_deferred=132 cmd_cooldown_drops=0 cmd_gate_held=0 cmd_copies_deferred=0

2026-09-14 18:07:19,700 INFO image_rx_daemon: air_gap: n=41 dt_med=199766us dt_p95=495001us len_med=207B cmd_tx_ok=32 cmd_tx_fail=0

2026-09-14 18:07:19,705 INFO image_rx_daemon: air_gap_hist(ms): <120:2 <200:29 <400:7 <1000:3

2026-09-14 18:07:19,709 INFO image_rx_daemon: rx_rf: n_rssi=41 n_snr=41 rssi[min/med/max]=-65/-62/-59 snr[min/med/max]=8.0/10.0/11.0

2026-09-14 18:07:19,712 INFO image_rx_daemon: phase_telemetry: valid=41 invalid=0 pre_f8=0 last_epoch=16 last_hop=6 slot_off=[3..17]

2026-09-14 18:07:19,716 INFO image_rx_daemon: air_gap_by_class: seq: n=38 med=199.8ms | boundary: n=2 med=495.2ms | post_loss: n=1 med=591.3ms

2026-09-14 18:07:19,720 INFO image_rx_daemon: lost_frag_idx: n=1 idx0=0 (0.00% of idx0 arrivals) other=1 (0.85%) verdict=not-clustered | top 6:1

2026-09-14 18:07:19,793 INFO image_rx_daemon: frag_arrival: seq=44 idx=13 total=15 fw_us=1484748752 len=207

2026-09-14 18:07:19,915 INFO image_rx_daemon: frag_arrival: seq=44 idx=14 total=15 fw_us=1484881244 len=115

2026-09-14 18:07:19,926 INFO image_rx_daemon: published frame_id=0 seq=44 2953 B → lifetrac/v25/video/tile_delta

RFCO_PERTX during TX wait: profile_id=1 tx_status=0x00(OK) hop_idx=9 channel_idx=46 epoch=16 freq_hz=925750000 pkt_toa_us=20608 legal_dwell_used_us_10s=20608

2026-09-14 18:07:20,018 INFO image_rx_daemon: command TX opcode=0x60 copy=1/1 OK (on air)

2026-09-14 18:07:20,287 INFO image_rx_daemon: cmd 0x63 superseded while pending (after 0 attempts) — body replaced, retry budget reset

2026-09-14 18:07:20,395 INFO image_rx_daemon: frag_arrival: seq=51 idx=0 total=15 fw_us=1485348009 len=207

2026-09-14 18:07:20,798 INFO image_rx_daemon: frag_arrival: seq=51 idx=1 total=15 fw_us=1485747447 len=207

2026-09-14 18:07:20,998 INFO image_rx_daemon: cmd 0x63 superseded while pending (after 0 attempts) — body replaced, retry budget reset

2026-09-14 18:07:21,007 INFO image_rx_daemon: frag_arrival: seq=51 idx=2 total=15 fw_us=1485947179 len=207

2026-09-14 18:07:21,197 INFO image_rx_daemon: frag_arrival: seq=51 idx=3 total=15 fw_us=1486146948 len=207

2026-09-14 18:07:21,399 INFO image_rx_daemon: frag_arrival: seq=51 idx=4 total=15 fw_us=1486346710 len=207

2026-09-14 18:07:21,598 INFO image_rx_daemon: frag_arrival: seq=51 idx=5 total=15 fw_us=1486546517 len=207

2026-09-14 18:07:21,696 INFO image_rx_daemon: cmd 0x63 superseded while pending (after 0 attempts) — body replaced, retry budget reset

2026-09-14 18:07:21,800 INFO image_rx_daemon: frag_arrival: seq=51 idx=6 total=15 fw_us=1486746342 len=207

2026-09-14 18:07:22,001 INFO image_rx_daemon: frag_arrival: seq=51 idx=7 total=15 fw_us=1486946136 len=207

2026-09-14 18:07:22,391 INFO image_rx_daemon: frag_arrival: seq=51 idx=8 total=15 fw_us=1487345674 len=207

2026-09-14 18:07:22,406 INFO image_rx_daemon: cmd 0x63 superseded while pending (after 0 attempts) — body replaced, retry budget reset

2026-09-14 18:07:22,595 INFO image_rx_daemon: frag_arrival: seq=51 idx=9 total=15 fw_us=1487545491 len=207

2026-09-14 18:07:22,795 INFO image_rx_daemon: frag_arrival: seq=51 idx=10 total=15 fw_us=1487745232 len=207

2026-09-14 18:07:22,995 INFO image_rx_daemon: frag_arrival: seq=51 idx=11 total=15 fw_us=1487944968 len=207

2026-09-14 18:07:23,106 INFO image_rx_daemon: cmd 0x63 superseded while pending (after 0 attempts) — body replaced, retry budget reset

2026-09-14 18:07:23,199 INFO image_rx_daemon: frag_arrival: seq=51 idx=12 total=15 fw_us=1488144703 len=207

2026-09-14 18:07:23,392 INFO image_rx_daemon: frag_arrival: seq=51 idx=13 total=15 fw_us=1488344472 len=207

2026-09-14 18:07:23,539 INFO image_rx_daemon: frag_arrival: seq=51 idx=14 total=15 fw_us=1488497680 len=141

2026-09-14 18:07:23,549 INFO image_rx_daemon: published frame_id=0 seq=51 2979 B → lifetrac/v25/video/tile_delta

RFCO_PERTX during TX wait: profile_id=1 tx_status=0x00(OK) hop_idx=27 channel_idx=12 epoch=16 freq_hz=908750000 pkt_toa_us=20608 legal_dwell_used_us_10s=20608

2026-09-14 18:07:23,610 INFO image_rx_daemon: command TX opcode=0x63 copy=1/1 OK (on air)

2026-09-14 18:07:23,810 INFO image_rx_daemon: cmd 0x63 superseded while pending (after 1 attempts) — body replaced, retry budget reset

2026-09-14 18:07:23,989 INFO image_rx_daemon: frag_arrival: seq=58 idx=0 total=15 fw_us=1488943873 len=207

2026-09-14 18:07:24,392 INFO image_rx_daemon: frag_arrival: seq=58 idx=1 total=15 fw_us=1489343593 len=207

2026-09-14 18:07:24,514 INFO image_rx_daemon: cmd 0x63 superseded while pending (after 0 attempts) — body replaced, retry budget reset

2026-09-14 18:07:24,597 INFO image_rx_daemon: frag_arrival: seq=58 idx=2 total=15 fw_us=1489543455 len=207

2026-09-14 18:07:24,796 INFO image_rx_daemon: frag_arrival: seq=58 idx=3 total=15 fw_us=1489743366 len=207

2026-09-14 18:07:24,995 INFO image_rx_daemon: frag_arrival: seq=58 idx=4 total=15 fw_us=1489943284 len=207

2026-09-14 18:07:25,193 INFO image_rx_daemon: frag_arrival: seq=58 idx=5 total=15 fw_us=1490143142 len=207

2026-09-14 18:07:25,218 INFO image_rx_daemon: cmd 0x63 superseded while pending (after 0 attempts) — body replaced, retry budget reset

2026-09-14 18:07:25,397 INFO image_rx_daemon: frag_arrival: seq=58 idx=6 total=15 fw_us=1490342985 len=207

2026-09-14 18:07:25,596 INFO image_rx_daemon: frag_arrival: seq=58 idx=7 total=15 fw_us=1490542790 len=207

2026-09-14 18:07:25,922 INFO image_rx_daemon: cmd 0x63 superseded while pending (after 0 attempts) — body replaced, retry budget reset

2026-09-14 18:07:25,996 INFO image_rx_daemon: frag_arrival: seq=58 idx=8 total=15 fw_us=1490942405 len=207

2026-09-14 18:07:26,195 INFO image_rx_daemon: frag_arrival: seq=58 idx=9 total=15 fw_us=1491142209 len=207

2026-09-14 18:07:26,394 INFO image_rx_daemon: frag_arrival: seq=58 idx=10 total=15 fw_us=1491341985 len=207

2026-09-14 18:07:26,595 INFO image_rx_daemon: frag_arrival: seq=58 idx=11 total=15 fw_us=1491541781 len=207

2026-09-14 18:07:26,627 INFO image_rx_daemon: cmd 0x63 superseded while pending (after 0 attempts) — body replaced, retry budget reset

2026-09-14 18:07:26,795 INFO image_rx_daemon: frag_arrival: seq=58 idx=12 total=15 fw_us=1491741631 len=207

2026-09-14 18:07:26,995 INFO image_rx_daemon: frag_arrival: seq=58 idx=13 total=15 fw_us=1491941448 len=207

2026-09-14 18:07:27,080 INFO image_rx_daemon: frag_arrival: seq=58 idx=14 total=15 fw_us=1492053255 len=85

2026-09-14 18:07:27,091 INFO image_rx_daemon: published frame_id=0 seq=58 2923 B → lifetrac/v25/video/tile_delta

2026-09-14 18:07:27,095 WARNING image_rx_daemon: cmd 0x60 GAVE UP after 5 attempts (22.3 s); cool-down 30 s

RFCO_PERTX during TX wait: profile_id=1 tx_status=0x00(OK) hop_idx=44 channel_idx=45 epoch=16 freq_hz=925250000 pkt_toa_us=20608 legal_dwell_used_us_10s=20608

2026-09-14 18:07:27,143 INFO image_rx_daemon: command TX opcode=0x63 copy=1/1 OK (on air)

2026-09-14 18:07:27,334 INFO image_rx_daemon: cmd 0x63 superseded while pending (after 1 attempts) — body replaced, retry budget reset

2026-09-14 18:07:27,590 INFO image_rx_daemon: frag_arrival: seq=66 idx=0 total=15 fw_us=1492540882 len=207

2026-09-14 18:07:27,997 INFO image_rx_daemon: frag_arrival: seq=66 idx=1 total=15 fw_us=1492940550 len=207

2026-09-14 18:07:28,037 INFO image_rx_daemon: cmd 0x63 superseded while pending (after 0 attempts) — body replaced, retry budget reset

2026-09-14 18:07:28,186 INFO image_rx_daemon: frag_arrival: seq=66 idx=2 total=15 fw_us=1493140346 len=207

2026-09-14 18:07:28,397 INFO image_rx_daemon: frag_arrival: seq=66 idx=3 total=15 fw_us=1493340148 len=207

2026-09-14 18:07:28,596 INFO image_rx_daemon: frag_arrival: seq=66 idx=4 total=15 fw_us=1493539918 len=207

2026-09-14 18:07:28,740 INFO image_rx_daemon: cmd 0x63 superseded while pending (after 0 attempts) — body replaced, retry budget reset

2026-09-14 18:07:28,791 INFO image_rx_daemon: frag_arrival: seq=66 idx=5 total=15 fw_us=1493739678 len=207

2026-09-14 18:07:28,991 INFO image_rx_daemon: frag_arrival: seq=66 idx=6 total=15 fw_us=1493939424 len=207

2026-09-14 18:07:29,190 INFO image_rx_daemon: frag_arrival: seq=66 idx=7 total=15 fw_us=1494139217 len=207

2026-09-14 18:07:29,446 INFO image_rx_daemon: cmd 0x63 superseded while pending (after 0 attempts) — body replaced, retry budget reset

2026-09-14 18:07:29,594 INFO image_rx_daemon: frag_arrival: seq=66 idx=8 total=15 fw_us=1494538897 len=207

2026-09-14 18:07:29,727 INFO image_rx_daemon: stats: rx_frames=653 rx_decode_err=0 frames_published=34 publish_err=0 reassembler_decode_err=0 reassembler_timeouts=10 parity_recon=0 idle_drain_deferred=141 cmd_cooldown_drops=1 cmd_gate_held=0 cmd_copies_deferred=0

2026-09-14 18:07:29,731 INFO image_rx_daemon: air_gap: n=41 dt_med=199805us dt_p95=446193us len_med=207B cmd_tx_ok=35 cmd_tx_fail=0

2026-09-14 18:07:29,737 INFO image_rx_daemon: air_gap_hist(ms): <120:1 <200:31 <400:6 <1000:3

2026-09-14 18:07:29,741 INFO image_rx_daemon: rx_rf: n_rssi=41 n_snr=41 rssi[min/med/max]=-65/-62/-59 snr[min/med/max]=9.0/10.0/11.0

2026-09-14 18:07:29,743 INFO image_rx_daemon: phase_telemetry: valid=41 invalid=0 pre_f8=0 last_epoch=17 last_hop=6 slot_off=[14..14]

2026-09-14 18:07:29,747 INFO image_rx_daemon: air_gap_by_class: seq: n=38 med=199.8ms | boundary: n=3 med=466.8ms

2026-09-14 18:07:29,787 INFO image_rx_daemon: frag_arrival: seq=66 idx=9 total=15 fw_us=1494738737 len=207

2026-09-14 18:07:29,990 INFO image_rx_daemon: frag_arrival: seq=66 idx=10 total=15 fw_us=1494938489 len=207

2026-09-14 18:07:30,149 INFO image_rx_daemon: cmd 0x63 superseded while pending (after 0 attempts) — body replaced, retry budget reset

2026-09-14 18:07:30,192 INFO image_rx_daemon: frag_arrival: seq=66 idx=11 total=15 fw_us=1495138249 len=207

2026-09-14 18:07:30,394 INFO image_rx_daemon: frag_arrival: seq=66 idx=12 total=15 fw_us=1495338152 len=207

2026-09-14 18:07:30,593 INFO image_rx_daemon: frag_arrival: seq=66 idx=13 total=15 fw_us=1495537848 len=207

2026-09-14 18:07:30,731 INFO image_rx_daemon: frag_arrival: seq=66 idx=14 total=15 fw_us=1495691005 len=142

2026-09-14 18:07:30,743 INFO image_rx_daemon: published frame_id=0 seq=66 2980 B → lifetrac/v25/video/tile_delta

RFCO_PERTX during TX wait: profile_id=1 tx_status=0x00(OK) hop_idx=13 channel_idx=2 epoch=17 freq_hz=903750000 pkt_toa_us=20608 legal_dwell_used_us_10s=20608

2026-09-14 18:07:30,814 INFO image_rx_daemon: command TX opcode=0x63 copy=1/1 OK (on air)

2026-09-14 18:07:30,853 INFO image_rx_daemon: cmd 0x63 superseded while pending (after 1 attempts) — body replaced, retry budget reset

2026-09-14 18:07:31,195 INFO image_rx_daemon: frag_arrival: seq=73 idx=0 total=15 fw_us=1496137216 len=207

2026-09-14 18:07:31,573 INFO image_rx_daemon: cmd 0x63 superseded while pending (after 0 attempts) — body replaced, retry budget reset

2026-09-14 18:07:31,602 INFO image_rx_daemon: frag_arrival: seq=73 idx=1 total=15 fw_us=1496536813 len=207

2026-09-14 18:07:31,792 INFO image_rx_daemon: frag_arrival: seq=73 idx=2 total=15 fw_us=1496736589 len=207

2026-09-14 18:07:31,993 INFO image_rx_daemon: frag_arrival: seq=73 idx=3 total=15 fw_us=1496936372 len=207

2026-09-14 18:07:32,193 INFO image_rx_daemon: frag_arrival: seq=73 idx=4 total=15 fw_us=1497136124 len=207

2026-09-14 18:07:32,261 INFO image_rx_daemon: cmd 0x63 superseded while pending (after 0 attempts) — body replaced, retry budget reset

2026-09-14 18:07:32,388 INFO image_rx_daemon: frag_arrival: seq=73 idx=5 total=15 fw_us=1497335942 len=207

2026-09-14 18:07:32,588 INFO image_rx_daemon: frag_arrival: seq=73 idx=6 total=15 fw_us=1497535813 len=207

2026-09-14 18:07:32,789 INFO image_rx_daemon: frag_arrival: seq=73 idx=7 total=15 fw_us=1497735513 len=207

2026-09-14 18:07:32,964 INFO image_rx_daemon: cmd 0x63 superseded while pending (after 0 attempts) — body replaced, retry budget reset

2026-09-14 18:07:33,191 INFO image_rx_daemon: frag_arrival: seq=73 idx=8 total=15 fw_us=1498135028 len=207

2026-09-14 18:07:33,402 INFO image_rx_daemon: frag_arrival: seq=73 idx=9 total=15 fw_us=1498334869 len=207

2026-09-14 18:07:33,593 INFO image_rx_daemon: frag_arrival: seq=73 idx=10 total=15 fw_us=1498534558 len=207

2026-09-14 18:07:33,670 INFO image_rx_daemon: cmd 0x63 superseded while pending (after 0 attempts) — body replaced, retry budget reset

2026-09-14 18:07:33,786 INFO image_rx_daemon: frag_arrival: seq=73 idx=11 total=15 fw_us=1498734345 len=207

2026-09-14 18:07:33,986 INFO image_rx_daemon: frag_arrival: seq=73 idx=12 total=15 fw_us=1498934193 len=207

2026-09-14 18:07:34,184 INFO image_rx_daemon: frag_arrival: seq=73 idx=13 total=15 fw_us=1499134022 len=207

2026-09-14 18:07:34,293 INFO image_rx_daemon: frag_arrival: seq=73 idx=14 total=15 fw_us=1499253567 len=96

2026-09-14 18:07:34,304 INFO image_rx_daemon: published frame_id=0 seq=73 2934 B → lifetrac/v25/video/tile_delta

RFCO_PERTX during TX wait: profile_id=1 tx_status=0x00(OK) hop_idx=30 channel_idx=11 epoch=17 freq_hz=908250000 pkt_toa_us=20608 legal_dwell_used_us_10s=20608

2026-09-14 18:07:34,351 INFO image_rx_daemon: command TX opcode=0x63 copy=1/1 OK (on air)

2026-09-14 18:07:34,375 INFO image_rx_daemon: cmd 0x63 superseded while pending (after 1 attempts) — body replaced, retry budget reset

2026-09-14 18:07:34,793 INFO image_rx_daemon: frag_arrival: seq=80 idx=0 total=15 fw_us=1499733438 len=207

2026-09-14 18:07:35,080 INFO image_rx_daemon: cmd 0x63 superseded while pending (after 0 attempts) — body replaced, retry budget reset

2026-09-14 18:07:35,186 INFO image_rx_daemon: frag_arrival: seq=80 idx=1 total=15 fw_us=1500132853 len=207

2026-09-14 18:07:35,386 INFO image_rx_daemon: frag_arrival: seq=80 idx=2 total=15 fw_us=1500332650 len=207

2026-09-14 18:07:35,589 INFO image_rx_daemon: frag_arrival: seq=80 idx=3 total=15 fw_us=1500532422 len=207

2026-09-14 18:07:35,787 INFO image_rx_daemon: frag_arrival: seq=80 idx=4 total=15 fw_us=1500732199 len=207

2026-09-14 18:07:35,795 INFO image_rx_daemon: cmd 0x63 superseded while pending (after 0 attempts) — body replaced, retry budget reset

2026-09-14 18:07:35,990 INFO image_rx_daemon: frag_arrival: seq=80 idx=5 total=15 fw_us=1500931990 len=207

2026-09-14 18:07:36,190 INFO image_rx_daemon: frag_arrival: seq=80 idx=6 total=15 fw_us=1501131753 len=207

2026-09-14 18:07:36,390 INFO image_rx_daemon: frag_arrival: seq=80 idx=7 total=15 fw_us=1501331526 len=207

2026-09-14 18:07:36,486 INFO image_rx_daemon: cmd 0x63 superseded while pending (after 0 attempts) — body replaced, retry budget reset

2026-09-14 18:07:36,785 INFO image_rx_daemon: frag_arrival: seq=80 idx=8 total=15 fw_us=1501732030 len=207

2026-09-14 18:07:36,985 INFO image_rx_daemon: frag_arrival: seq=80 idx=9 total=15 fw_us=1501930917 len=207

2026-09-14 18:07:37,183 INFO image_rx_daemon: frag_arrival: seq=80 idx=10 total=15 fw_us=1502130663 len=207

2026-09-14 18:07:37,191 INFO image_rx_daemon: cmd 0x63 superseded while pending (after 0 attempts) — body replaced, retry budget reset

2026-09-14 18:07:37,383 INFO image_rx_daemon: frag_arrival: seq=80 idx=11 total=15 fw_us=1502330427 len=207

2026-09-14 18:07:37,586 INFO image_rx_daemon: frag_arrival: seq=80 idx=12 total=15 fw_us=1502530242 len=207

2026-09-14 18:07:37,787 INFO image_rx_daemon: frag_arrival: seq=80 idx=13 total=15 fw_us=1502730104 len=207

2026-09-14 18:07:37,895 INFO image_rx_daemon: cmd 0x63 superseded while pending (after 0 attempts) — body replaced, retry budget reset

2026-09-14 18:07:37,928 INFO image_rx_daemon: frag_arrival: seq=80 idx=14 total=15 fw_us=1502885906 len=147

2026-09-14 18:07:37,939 INFO image_rx_daemon: published frame_id=0 seq=80 2985 B → lifetrac/v25/video/tile_delta

RFCO_PERTX during TX wait: profile_id=1 tx_status=0x00(OK) hop_idx=49 channel_idx=10 epoch=17 freq_hz=907750000 pkt_toa_us=20608 legal_dwell_used_us_10s=20608

2026-09-14 18:07:38,009 INFO image_rx_daemon: command TX opcode=0x63 copy=1/1 OK (on air)

2026-09-14 18:07:38,381 INFO image_rx_daemon: frag_arrival: seq=87 idx=0 total=15 fw_us=1503329482 len=207

2026-09-14 18:07:38,598 INFO image_rx_daemon: cmd 0x63 superseded while pending (after 1 attempts) — body replaced, retry budget reset

2026-09-14 18:07:38,787 INFO image_rx_daemon: frag_arrival: seq=87 idx=1 total=15 fw_us=1503729016 len=207

2026-09-14 18:07:38,987 INFO image_rx_daemon: frag_arrival: seq=87 idx=2 total=15 fw_us=1503928771 len=207

2026-09-14 18:07:39,186 INFO image_rx_daemon: frag_arrival: seq=87 idx=3 total=15 fw_us=1504128493 len=207

2026-09-14 18:07:39,306 INFO image_rx_daemon: cmd 0x63 superseded while pending (after 0 attempts) — body replaced, retry budget reset

2026-09-14 18:07:39,389 INFO image_rx_daemon: frag_arrival: seq=87 idx=4 total=15 fw_us=1504328211 len=207

2026-09-14 18:07:39,582 INFO image_rx_daemon: frag_arrival: seq=87 idx=5 total=15 fw_us=1504527987 len=207

2026-09-14 18:07:39,782 INFO image_rx_daemon: frag_arrival: seq=87 idx=6 total=15 fw_us=1504727702 len=207

2026-09-14 18:07:39,792 INFO image_rx_daemon: stats: rx_frames=696 rx_decode_err=0 frames_published=37 publish_err=0 reassembler_decode_err=0 reassembler_timeouts=10 parity_recon=0 idle_drain_deferred=148 cmd_cooldown_drops=2 cmd_gate_held=0 cmd_copies_deferred=0

2026-09-14 18:07:39,796 INFO image_rx_daemon: air_gap: n=43 dt_med=199777us dt_p95=443576us len_med=207B cmd_tx_ok=38 cmd_tx_fail=0

2026-09-14 18:07:39,802 INFO image_rx_daemon: air_gap_hist(ms): <120:1 <200:34 <400:4 <1000:4

2026-09-14 18:07:39,806 INFO image_rx_daemon: rx_rf: n_rssi=43 n_snr=43 rssi[min/med/max]=-65/-62/-59 snr[min/med/max]=8.0/10.0/11.0

2026-09-14 18:07:39,809 INFO image_rx_daemon: phase_telemetry: valid=43 invalid=0 pre_f8=0 last_epoch=18 last_hop=7 slot_off=[14..15]

2026-09-14 18:07:39,813 INFO image_rx_daemon: air_gap_by_class: seq: n=40 med=199.8ms | boundary: n=3 med=446.2ms

2026-09-14 18:07:39,982 INFO image_rx_daemon: frag_arrival: seq=87 idx=7 total=15 fw_us=1504927462 len=207

2026-09-14 18:07:40,010 INFO image_rx_daemon: cmd 0x63 superseded while pending (after 0 attempts) — body replaced, retry budget reset

2026-09-14 18:07:40,386 INFO image_rx_daemon: frag_arrival: seq=87 idx=8 total=15 fw_us=1505328030 len=207

2026-09-14 18:07:40,586 INFO image_rx_daemon: frag_arrival: seq=87 idx=9 total=15 fw_us=1505526844 len=207

2026-09-14 18:07:40,713 INFO image_rx_daemon: cmd 0x63 superseded while pending (after 0 attempts) — body replaced, retry budget reset

2026-09-14 18:07:40,786 INFO image_rx_daemon: frag_arrival: seq=87 idx=10 total=15 fw_us=1505726621 len=207

2026-09-14 18:07:40,987 INFO image_rx_daemon: frag_arrival: seq=87 idx=11 total=15 fw_us=1505926418 len=207

2026-09-14 18:07:41,187 INFO image_rx_daemon: frag_arrival: seq=87 idx=12 total=15 fw_us=1506126171 len=207

2026-09-14 18:07:41,380 INFO image_rx_daemon: frag_arrival: seq=87 idx=13 total=15 fw_us=1506325916 len=207

2026-09-14 18:07:41,420 INFO image_rx_daemon: cmd 0x63 superseded while pending (after 0 attempts) — body replaced, retry budget reset

2026-09-14 18:07:41,505 INFO image_rx_daemon: frag_arrival: seq=87 idx=14 total=15 fw_us=1506458335 len=113

2026-09-14 18:07:41,519 INFO image_rx_daemon: published frame_id=0 seq=87 2951 B → lifetrac/v25/video/tile_delta

RFCO_PERTX during TX wait: profile_id=1 tx_status=0x00(OK) hop_idx=17 channel_idx=47 epoch=18 freq_hz=926250000 pkt_toa_us=20608 legal_dwell_used_us_10s=20608

2026-09-14 18:07:41,599 INFO image_rx_daemon: command TX opcode=0x63 copy=1/1 OK (on air)

2026-09-14 18:07:41,985 INFO image_rx_daemon: frag_arrival: seq=94 idx=0 total=15 fw_us=1506925244 len=207

2026-09-14 18:07:42,126 INFO image_rx_daemon: cmd 0x63 superseded while pending (after 1 attempts) — body replaced, retry budget reset

2026-09-14 18:07:42,382 INFO image_rx_daemon: frag_arrival: seq=94 idx=1 total=15 fw_us=1507324817 len=207

2026-09-14 18:07:42,582 INFO image_rx_daemon: frag_arrival: seq=94 idx=2 total=15 fw_us=1507524555 len=207

2026-09-14 18:07:42,782 INFO image_rx_daemon: frag_arrival: seq=94 idx=3 total=15 fw_us=1507724287 len=207

2026-09-14 18:07:42,829 INFO image_rx_daemon: cmd 0x63 superseded while pending (after 0 attempts) — body replaced, retry budget reset

2026-09-14 18:07:43,182 INFO image_rx_daemon: frag_arrival: seq=94 idx=5 total=15 fw_us=1508123776 len=207

2026-09-14 18:07:43,382 INFO image_rx_daemon: frag_arrival: seq=94 idx=6 total=15 fw_us=1508323553 len=207

2026-09-14 18:07:43,534 INFO image_rx_daemon: cmd 0x63 superseded while pending (after 0 attempts) — body replaced, retry budget reset

2026-09-14 18:07:43,587 INFO image_rx_daemon: frag_arrival: seq=94 idx=7 total=15 fw_us=1508523303 len=207

2026-09-14 18:07:43,987 INFO image_rx_daemon: frag_arrival: seq=94 idx=8 total=15 fw_us=1508922871 len=207

2026-09-14 18:07:44,177 INFO image_rx_daemon: frag_arrival: seq=94 idx=9 total=15 fw_us=1509122610 len=207

2026-09-14 18:07:44,238 INFO image_rx_daemon: cmd 0x63 superseded while pending (after 0 attempts) — body replaced, retry budget reset

2026-09-14 18:07:44,386 INFO image_rx_daemon: frag_arrival: seq=94 idx=10 total=15 fw_us=1509322340 len=207

2026-09-14 18:07:44,586 INFO image_rx_daemon: frag_arrival: seq=94 idx=11 total=15 fw_us=1509522102 len=207

2026-09-14 18:07:44,786 INFO image_rx_daemon: frag_arrival: seq=94 idx=12 total=15 fw_us=1509721861 len=207

2026-09-14 18:07:44,959 INFO image_rx_daemon: cmd 0x63 superseded while pending (after 0 attempts) — body replaced, retry budget reset

2026-09-14 18:07:44,985 INFO image_rx_daemon: frag_arrival: seq=94 idx=13 total=15 fw_us=1509921605 len=207

2026-09-14 18:07:45,057 INFO image_rx_daemon: frag_arrival: seq=94 idx=14 total=15 fw_us=1510025683 len=77

RFCO_PERTX during TX wait: profile_id=1 tx_status=0x00(OK) hop_idx=34 channel_idx=2 epoch=18 freq_hz=903750000 pkt_toa_us=20608 legal_dwell_used_us_10s=20608

2026-09-14 18:07:45,104 INFO image_rx_daemon: command TX opcode=0x63 copy=1/1 OK (on air)

2026-09-14 18:07:45,577 INFO image_rx_daemon: frag_arrival: seq=102 idx=0 total=15 fw_us=1510520980 len=207

2026-09-14 18:07:45,652 INFO image_rx_daemon: cmd 0x63 superseded while pending (after 1 attempts) — body replaced, retry budget reset

2026-09-14 18:07:45,981 INFO image_rx_daemon: frag_arrival: seq=102 idx=1 total=15 fw_us=1510920622 len=207

2026-09-14 18:07:46,179 INFO image_rx_daemon: frag_arrival: seq=102 idx=2 total=15 fw_us=1511120396 len=207

2026-09-14 18:07:46,368 INFO image_rx_daemon: cmd 0x63 superseded while pending (after 0 attempts) — body replaced, retry budget reset

2026-09-14 18:07:46,388 INFO image_rx_daemon: frag_arrival: seq=102 idx=3 total=15 fw_us=1511320199 len=207

2026-09-14 18:07:46,578 INFO image_rx_daemon: frag_arrival: seq=102 idx=4 total=15 fw_us=1511519996 len=207

2026-09-14 18:07:46,777 INFO image_rx_daemon: frag_arrival: seq=102 idx=5 total=15 fw_us=1511719784 len=207

2026-09-14 18:07:47,060 INFO image_rx_daemon: cmd 0x63 superseded while pending (after 0 attempts) — body replaced, retry budget reset

2026-09-14 18:07:47,174 INFO image_rx_daemon: frag_arrival: seq=102 idx=7 total=15 fw_us=1512111413 len=207

2026-09-14 18:07:47,568 INFO image_rx_daemon: frag_arrival: seq=102 idx=8 total=15 fw_us=1512512030 len=207

2026-09-14 18:07:47,771 INFO image_rx_daemon: cmd 0x63 superseded while pending (after 0 attempts) — body replaced, retry budget reset

2026-09-14 18:07:47,776 INFO image_rx_daemon: frag_arrival: seq=102 idx=9 total=15 fw_us=1512710906 len=207

2026-09-14 18:07:47,966 INFO image_rx_daemon: frag_arrival: seq=102 idx=10 total=15 fw_us=1512910754 len=207

2026-09-14 18:07:48,166 INFO image_rx_daemon: frag_arrival: seq=102 idx=11 total=15 fw_us=1513110563 len=207

2026-09-14 18:07:48,374 INFO image_rx_daemon: frag_arrival: seq=102 idx=12 total=15 fw_us=1513310357 len=207

2026-09-14 18:07:48,468 INFO image_rx_daemon: cmd 0x63 superseded while pending (after 0 attempts) — body replaced, retry budget reset

2026-09-14 18:07:48,574 INFO image_rx_daemon: frag_arrival: seq=102 idx=13 total=15 fw_us=1513510211 len=207

2026-09-14 18:07:48,635 INFO image_rx_daemon: frag_arrival: seq=102 idx=14 total=15 fw_us=1513601397 len=59

RFCO_PERTX during TX wait: profile_id=1 tx_status=0x00(OK) hop_idx=2 channel_idx=40 epoch=19 freq_hz=922750000 pkt_toa_us=20608 legal_dwell_used_us_10s=20608

2026-09-14 18:07:48,683 INFO image_rx_daemon: command TX opcode=0x63 copy=1/1 OK (on air)

2026-09-14 18:07:49,172 INFO image_rx_daemon: frag_arrival: seq=109 idx=0 total=15 fw_us=1514109675 len=207

2026-09-14 18:07:49,179 INFO image_rx_daemon: cmd 0x63 superseded while pending (after 1 attempts) — body replaced, retry budget reset

2026-09-14 18:07:49,565 INFO image_rx_daemon: frag_arrival: seq=109 idx=1 total=15 fw_us=1514509387 len=207

2026-09-14 18:07:49,775 INFO image_rx_daemon: frag_arrival: seq=109 idx=2 total=15 fw_us=1514709280 len=207

2026-09-14 18:07:49,820 INFO image_rx_daemon: stats: rx_frames=735 rx_decode_err=0 frames_published=38 publish_err=0 reassembler_decode_err=0 reassembler_timeouts=11 parity_recon=0 idle_drain_deferred=159 cmd_cooldown_drops=2 cmd_gate_held=0 cmd_copies_deferred=0

2026-09-14 18:07:49,824 INFO image_rx_daemon: air_gap: n=39 dt_med=199788us dt_p95=495297us len_med=207B cmd_tx_ok=41 cmd_tx_fail=0

2026-09-14 18:07:49,831 INFO image_rx_daemon: air_gap_hist(ms): <120:2 <200:26 <400:6 <1000:5

2026-09-14 18:07:49,835 INFO image_rx_daemon: rx_rf: n_rssi=39 n_snr=39 rssi[min/med/max]=-65/-62/-59 snr[min/med/max]=9.0/10.0/11.0

2026-09-14 18:07:49,837 INFO image_rx_daemon: phase_telemetry: valid=39 invalid=0 pre_f8=0 last_epoch=19 last_hop=7 slot_off=[14..14]

2026-09-14 18:07:49,842 INFO image_rx_daemon: air_gap_by_class: seq: n=34 med=199.8ms | boundary: n=3 med=495.3ms | post_loss: n=2 med=399.5ms

2026-09-14 18:07:49,845 INFO image_rx_daemon: lost_frag_idx: n=2 idx0=0 (0.00% of idx0 arrivals) other=2 (1.72%) verdict=not-clustered | top 4:1 6:1

2026-09-14 18:07:49,877 INFO image_rx_daemon: cmd 0x63 superseded while pending (after 0 attempts) — body replaced, retry budget reset

2026-09-14 18:07:49,976 INFO image_rx_daemon: frag_arrival: seq=109 idx=3 total=15 fw_us=1514909183 len=207

2026-09-14 18:07:50,177 INFO image_rx_daemon: frag_arrival: seq=109 idx=4 total=15 fw_us=1515109033 len=207

2026-09-14 18:07:50,369 INFO image_rx_daemon: frag_arrival: seq=109 idx=5 total=15 fw_us=1515308952 len=207

2026-09-14 18:07:50,582 INFO image_rx_daemon: cmd 0x63 superseded while pending (after 0 attempts) — body replaced, retry budget reset

2026-09-14 18:07:50,960 INFO image_rx_daemon: frag_arrival: seq=109 idx=7 total=15 fw_us=1515901793 len=207

2026-09-14 18:07:51,160 INFO image_rx_daemon: frag_arrival: seq=109 idx=8 total=15 fw_us=1516101714 len=207

2026-09-14 18:07:51,286 INFO image_rx_daemon: cmd 0x63 superseded while pending (after 0 attempts) — body replaced, retry budget reset

2026-09-14 18:07:51,362 INFO image_rx_daemon: frag_arrival: seq=109 idx=9 total=15 fw_us=1516301607 len=207

2026-09-14 18:07:51,565 INFO image_rx_daemon: frag_arrival: seq=109 idx=10 total=15 fw_us=1516501552 len=207

2026-09-14 18:07:51,765 INFO image_rx_daemon: frag_arrival: seq=109 idx=11 total=15 fw_us=1516701366 len=207

2026-09-14 18:07:51,966 INFO image_rx_daemon: frag_arrival: seq=109 idx=12 total=15 fw_us=1516901251 len=207

2026-09-14 18:07:51,993 INFO image_rx_daemon: cmd 0x63 superseded while pending (after 0 attempts) — body replaced, retry budget reset

2026-09-14 18:07:52,161 INFO image_rx_daemon: frag_arrival: seq=109 idx=13 total=15 fw_us=1517101196 len=207

2026-09-14 18:07:52,246 INFO image_rx_daemon: frag_arrival: seq=109 idx=14 total=15 fw_us=1517207952 len=81

RFCO_PERTX during TX wait: profile_id=1 tx_status=0x00(OK) hop_idx=20 channel_idx=26 epoch=19 freq_hz=915750000 pkt_toa_us=20608 legal_dwell_used_us_10s=20608

2026-09-14 18:07:52,294 INFO image_rx_daemon: command TX opcode=0x63 copy=1/1 OK (on air)

2026-09-14 18:07:52,696 INFO image_rx_daemon: cmd 0x63 superseded while pending (after 1 attempts) — body replaced, retry budget reset

2026-09-14 18:07:52,769 INFO image_rx_daemon: frag_arrival: seq=116 idx=0 total=15 fw_us=1517700894 len=207

2026-09-14 18:07:53,161 INFO image_rx_daemon: frag_arrival: seq=116 idx=1 total=15 fw_us=1518100664 len=207

2026-09-14 18:07:53,361 INFO image_rx_daemon: frag_arrival: seq=116 idx=2 total=15 fw_us=1518300593 len=207

2026-09-14 18:07:53,401 INFO image_rx_daemon: cmd 0x63 superseded while pending (after 0 attempts) — body replaced, retry budget reset

2026-09-14 18:07:53,567 INFO image_rx_daemon: frag_arrival: seq=116 idx=3 total=15 fw_us=1518500545 len=207

2026-09-14 18:07:53,766 INFO image_rx_daemon: frag_arrival: seq=116 idx=4 total=15 fw_us=1518700383 len=207

2026-09-14 18:07:53,966 INFO image_rx_daemon: frag_arrival: seq=116 idx=5 total=15 fw_us=1518900335 len=207

2026-09-14 18:07:54,105 INFO image_rx_daemon: cmd 0x63 superseded while pending (after 0 attempts) — body replaced, retry budget reset

2026-09-14 18:07:54,169 INFO image_rx_daemon: frag_arrival: seq=116 idx=6 total=15 fw_us=1519100257 len=207

2026-09-14 18:07:54,360 INFO image_rx_daemon: frag_arrival: seq=116 idx=7 total=15 fw_us=1519294901 len=207

2026-09-14 18:07:54,570 INFO image_rx_daemon: frag_arrival: seq=116 idx=8 total=15 fw_us=1519508914 len=207

2026-09-14 18:07:54,809 INFO image_rx_daemon: cmd 0x63 superseded while pending (after 0 attempts) — body replaced, retry budget reset

2026-09-14 18:07:54,973 INFO image_rx_daemon: frag_arrival: seq=116 idx=9 total=15 fw_us=1519906862 len=207

2026-09-14 18:07:55,173 INFO image_rx_daemon: frag_arrival: seq=116 idx=10 total=15 fw_us=1520106808 len=207

2026-09-14 18:07:55,373 INFO image_rx_daemon: frag_arrival: seq=116 idx=11 total=15 fw_us=1520306684 len=207

2026-09-14 18:07:55,514 INFO image_rx_daemon: cmd 0x63 superseded while pending (after 0 attempts) — body replaced, retry budget reset

2026-09-14 18:07:55,582 INFO image_rx_daemon: frag_arrival: seq=116 idx=12 total=15 fw_us=1520506675 len=207

2026-09-14 18:07:55,771 INFO image_rx_daemon: frag_arrival: seq=116 idx=13 total=15 fw_us=1520706644 len=207

2026-09-14 18:07:55,896 INFO image_rx_daemon: frag_arrival: seq=116 idx=14 total=15 fw_us=1520844426 len=121

2026-09-14 18:07:55,908 INFO image_rx_daemon: published frame_id=0 seq=116 2959 B → lifetrac/v25/video/tile_delta

RFCO_PERTX during TX wait: profile_id=1 tx_status=0x00(OK) hop_idx=39 channel_idx=38 epoch=19 freq_hz=921750000 pkt_toa_us=20608 legal_dwell_used_us_10s=20608

2026-09-14 18:07:55,989 INFO image_rx_daemon: command TX opcode=0x63 copy=1/1 OK (on air)

2026-09-14 18:07:56,218 INFO image_rx_daemon: cmd 0x63 superseded while pending (after 1 attempts) — body replaced, retry budget reset

2026-09-14 18:07:56,366 INFO image_rx_daemon: frag_arrival: seq=123 idx=0 total=15 fw_us=1521306363 len=207

2026-09-14 18:07:56,771 INFO image_rx_daemon: frag_arrival: seq=123 idx=1 total=15 fw_us=1521706189 len=207

2026-09-14 18:07:56,922 INFO image_rx_daemon: cmd 0x63 superseded while pending (after 0 attempts) — body replaced, retry budget reset

2026-09-14 18:07:56,971 INFO image_rx_daemon: frag_arrival: seq=123 idx=2 total=15 fw_us=1521907030 len=207

2026-09-14 18:07:57,171 INFO image_rx_daemon: frag_arrival: seq=123 idx=3 total=15 fw_us=1522105960 len=207

2026-09-14 18:07:57,370 INFO image_rx_daemon: frag_arrival: seq=123 idx=4 total=15 fw_us=1522305903 len=207

2026-09-14 18:07:57,575 INFO image_rx_daemon: frag_arrival: seq=123 idx=5 total=15 fw_us=1522505822 len=207

2026-09-14 18:07:57,626 INFO image_rx_daemon: cmd 0x63 superseded while pending (after 0 attempts) — body replaced, retry budget reset

2026-09-14 18:07:57,765 INFO image_rx_daemon: frag_arrival: seq=123 idx=6 total=15 fw_us=1522705679 len=207

2026-09-14 18:07:57,964 INFO image_rx_daemon: frag_arrival: seq=123 idx=7 total=15 fw_us=1522905611 len=207

2026-09-14 18:07:58,330 INFO image_rx_daemon: cmd 0x63 superseded while pending (after 0 attempts) — body replaced, retry budget reset

2026-09-14 18:07:58,369 INFO image_rx_daemon: frag_arrival: seq=123 idx=8 total=15 fw_us=1523305573 len=207

2026-09-14 18:07:58,569 INFO image_rx_daemon: frag_arrival: seq=123 idx=9 total=15 fw_us=1523505475 len=207

2026-09-14 18:07:58,768 INFO image_rx_daemon: frag_arrival: seq=123 idx=10 total=15 fw_us=1523705373 len=207

2026-09-14 18:07:58,967 INFO image_rx_daemon: frag_arrival: seq=123 idx=11 total=15 fw_us=1523905212 len=207

2026-09-14 18:07:59,034 INFO image_rx_daemon: cmd 0x63 superseded while pending (after 0 attempts) — body replaced, retry budget reset

2026-09-14 18:07:59,170 INFO image_rx_daemon: frag_arrival: seq=123 idx=12 total=15 fw_us=1524105128 len=207

2026-09-14 18:07:59,369 INFO image_rx_daemon: frag_arrival: seq=123 idx=13 total=15 fw_us=1524305033 len=207

2026-09-14 18:07:59,522 INFO image_rx_daemon: frag_arrival: seq=123 idx=14 total=15 fw_us=1524468703 len=155

2026-09-14 18:07:59,556 INFO image_rx_daemon: published frame_id=0 seq=123 2993 B → lifetrac/v25/video/tile_delta

RFCO_PERTX during TX wait: profile_id=1 tx_status=0x00(OK) hop_idx=7 channel_idx=45 epoch=20 freq_hz=925250000 pkt_toa_us=20608 legal_dwell_used_us_10s=20608

2026-09-14 18:07:59,607 INFO image_rx_daemon: command TX opcode=0x63 copy=1/1 OK (on air)

2026-09-14 18:07:59,739 INFO image_rx_daemon: cmd 0x63 superseded while pending (after 1 attempts) — body replaced, retry budget reset

2026-09-14 18:07:59,852 INFO image_rx_daemon: stats: rx_frames=776 rx_decode_err=0 frames_published=40 publish_err=0 reassembler_decode_err=0 reassembler_timeouts=13 parity_recon=0 idle_drain_deferred=167 cmd_cooldown_drops=3 cmd_gate_held=0 cmd_copies_deferred=0

2026-09-14 18:07:59,855 INFO image_rx_daemon: air_gap: n=41 dt_med=199921us dt_p95=461937us len_med=207B cmd_tx_ok=44 cmd_tx_fail=0

2026-09-14 18:07:59,861 INFO image_rx_daemon: air_gap_hist(ms): <120:1 <200:31 <400:6 <1000:3

2026-09-14 18:07:59,865 INFO image_rx_daemon: rx_rf: n_rssi=41 n_snr=41 rssi[min/med/max]=-65/-62/-59 snr[min/med/max]=9.0/10.0/10.0

2026-09-14 18:07:59,869 INFO image_rx_daemon: phase_telemetry: valid=41 invalid=0 pre_f8=0 last_epoch=20 last_hop=6 slot_off=[2..16]

2026-09-14 18:07:59,873 INFO image_rx_daemon: air_gap_by_class: seq: n=38 med=199.9ms | boundary: n=2 med=492.9ms | post_loss: n=1 med=592.8ms

2026-09-14 18:07:59,876 INFO image_rx_daemon: lost_frag_idx: n=1 idx0=0 (0.00% of idx0 arrivals) other=1 (2.50%) verdict=not-clustered | top 6:1

2026-09-14 18:07:59,976 INFO image_rx_daemon: frag_arrival: seq=130 idx=0 total=15 fw_us=1524904775 len=207

2026-09-14 18:08:00,370 INFO image_rx_daemon: frag_arrival: seq=130 idx=1 total=15 fw_us=1525304463 len=207

2026-09-14 18:08:00,443 INFO image_rx_daemon: cmd 0x63 superseded while pending (after 0 attempts) — body replaced, retry budget reset

2026-09-14 18:08:00,571 INFO image_rx_daemon: frag_arrival: seq=130 idx=2 total=15 fw_us=1525504278 len=207

2026-09-14 18:08:00,772 INFO image_rx_daemon: frag_arrival: seq=130 idx=3 total=15 fw_us=1525704101 len=207

2026-09-14 18:08:00,971 INFO image_rx_daemon: frag_arrival: seq=130 idx=4 total=15 fw_us=1525903939 len=207

2026-09-14 18:08:01,161 INFO image_rx_daemon: cmd 0x63 superseded while pending (after 0 attempts) — body replaced, retry budget reset

2026-09-14 18:08:01,182 INFO image_rx_daemon: frag_arrival: seq=130 idx=5 total=15 fw_us=1526103789 len=207

2026-09-14 18:08:01,374 INFO image_rx_daemon: frag_arrival: seq=130 idx=6 total=15 fw_us=1526303625 len=207

2026-09-14 18:08:01,575 INFO image_rx_daemon: frag_arrival: seq=130 idx=7 total=15 fw_us=1526503519 len=207

2026-09-14 18:08:01,857 INFO image_rx_daemon: cmd 0x63 superseded while pending (after 0 attempts) — body replaced, retry budget reset

2026-09-14 18:08:01,971 INFO image_rx_daemon: frag_arrival: seq=130 idx=8 total=15 fw_us=1526903320 len=207

2026-09-14 18:08:02,171 INFO image_rx_daemon: frag_arrival: seq=130 idx=9 total=15 fw_us=1527103124 len=207

2026-09-14 18:08:02,374 INFO image_rx_daemon: frag_arrival: seq=130 idx=10 total=15 fw_us=1527302980 len=207

2026-09-14 18:08:02,572 INFO image_rx_daemon: cmd 0x63 superseded while pending (after 0 attempts) — body replaced, retry budget reset

2026-09-14 18:08:02,580 INFO image_rx_daemon: frag_arrival: seq=130 idx=11 total=15 fw_us=1527502877 len=207

2026-09-14 18:08:02,768 INFO image_rx_daemon: frag_arrival: seq=130 idx=12 total=15 fw_us=1527702787 len=207

2026-09-14 18:08:02,965 INFO image_rx_daemon: frag_arrival: seq=130 idx=13 total=15 fw_us=1527902726 len=207

2026-09-14 18:08:03,111 INFO image_rx_daemon: frag_arrival: seq=130 idx=14 total=15 fw_us=1528055987 len=142

2026-09-14 18:08:03,122 INFO image_rx_daemon: published frame_id=0 seq=130 2980 B → lifetrac/v25/video/tile_delta

RFCO_PERTX during TX wait: profile_id=1 tx_status=0x00(OK) hop_idx=25 channel_idx=14 epoch=20 freq_hz=909750000 pkt_toa_us=20608 legal_dwell_used_us_10s=20608

2026-09-14 18:08:03,193 INFO image_rx_daemon: command TX opcode=0x60 copy=1/1 OK (on air)

2026-09-14 18:08:03,264 INFO image_rx_daemon: cmd 0x63 superseded while pending (after 0 attempts) — body replaced, retry budget reset

2026-09-14 18:08:03,579 INFO image_rx_daemon: frag_arrival: seq=138 idx=0 total=15 fw_us=1528502407 len=207

2026-09-14 18:08:03,974 INFO image_rx_daemon: frag_arrival: seq=138 idx=1 total=15 fw_us=1528902267 len=207

2026-09-14 18:08:03,980 INFO image_rx_daemon: cmd 0x63 superseded while pending (after 0 attempts) — body replaced, retry budget reset

2026-09-14 18:08:04,172 INFO image_rx_daemon: frag_arrival: seq=138 idx=2 total=15 fw_us=1529102186 len=207

2026-09-14 18:08:04,372 INFO image_rx_daemon: frag_arrival: seq=138 idx=3 total=15 fw_us=1529303030 len=207

2026-09-14 18:08:04,572 INFO image_rx_daemon: frag_arrival: seq=138 idx=4 total=15 fw_us=1529502004 len=207

2026-09-14 18:08:04,672 INFO image_rx_daemon: cmd 0x63 superseded while pending (after 0 attempts) — body replaced, retry budget reset

2026-09-14 18:08:04,766 INFO image_rx_daemon: frag_arrival: seq=138 idx=5 total=15 fw_us=1529701931 len=207

2026-09-14 18:08:04,965 INFO image_rx_daemon: frag_arrival: seq=138 idx=6 total=15 fw_us=1529901891 len=207

2026-09-14 18:08:05,166 INFO image_rx_daemon: frag_arrival: seq=138 idx=7 total=15 fw_us=1530101825 len=207

2026-09-14 18:08:05,377 INFO image_rx_daemon: cmd 0x63 superseded while pending (after 0 attempts) — body replaced, retry budget reset

2026-09-14 18:08:05,563 INFO image_rx_daemon: frag_arrival: seq=138 idx=8 total=15 fw_us=1530501728 len=207

2026-09-14 18:08:05,767 INFO image_rx_daemon: frag_arrival: seq=138 idx=9 total=15 fw_us=1530701680 len=207

2026-09-14 18:08:05,965 INFO image_rx_daemon: frag_arrival: seq=138 idx=10 total=15 fw_us=1530901627 len=207

2026-09-14 18:08:06,081 INFO image_rx_daemon: cmd 0x63 superseded while pending (after 0 attempts) — body replaced, retry budget reset

2026-09-14 18:08:06,165 INFO image_rx_daemon: frag_arrival: seq=138 idx=11 total=15 fw_us=1531101520 len=207

2026-09-14 18:08:06,364 INFO image_rx_daemon: frag_arrival: seq=138 idx=12 total=15 fw_us=1531301477 len=207

2026-09-14 18:08:06,564 INFO image_rx_daemon: frag_arrival: seq=138 idx=13 total=15 fw_us=1531501404 len=207

2026-09-14 18:08:06,712 INFO image_rx_daemon: frag_arrival: seq=138 idx=14 total=15 fw_us=1531657386 len=147

2026-09-14 18:08:06,723 INFO image_rx_daemon: published frame_id=0 seq=138 2985 B → lifetrac/v25/video/tile_delta

RFCO_PERTX during TX wait: profile_id=1 tx_status=0x00(OK) hop_idx=43 channel_idx=43 epoch=20 freq_hz=924250000 pkt_toa_us=20608 legal_dwell_used_us_10s=20608

2026-09-14 18:08:06,783 INFO image_rx_daemon: command TX opcode=0x60 copy=1/1 OK (on air)

2026-09-14 18:08:06,791 INFO image_rx_daemon: cmd 0x63 superseded while pending (after 0 attempts) — body replaced, retry budget reset

2026-09-14 18:08:07,172 INFO image_rx_daemon: frag_arrival: seq=145 idx=0 total=15 fw_us=1532101202 len=207

2026-09-14 18:08:07,492 INFO image_rx_daemon: cmd 0x63 superseded while pending (after 0 attempts) — body replaced, retry budget reset

2026-09-14 18:08:07,563 INFO image_rx_daemon: frag_arrival: seq=145 idx=1 total=15 fw_us=1532501026 len=207

2026-09-14 18:08:07,767 INFO image_rx_daemon: frag_arrival: seq=145 idx=2 total=15 fw_us=1532700980 len=207

2026-09-14 18:08:07,966 INFO image_rx_daemon: frag_arrival: seq=145 idx=3 total=15 fw_us=1532900956 len=207

2026-09-14 18:08:08,166 INFO image_rx_daemon: frag_arrival: seq=145 idx=4 total=15 fw_us=1533100859 len=207

2026-09-14 18:08:08,195 INFO image_rx_daemon: cmd 0x63 superseded while pending (after 0 attempts) — body replaced, retry budget reset

2026-09-14 18:08:08,366 INFO image_rx_daemon: frag_arrival: seq=145 idx=5 total=15 fw_us=1533300853 len=207

2026-09-14 18:08:08,566 INFO image_rx_daemon: frag_arrival: seq=145 idx=6 total=15 fw_us=1533500828 len=207

2026-09-14 18:08:08,766 INFO image_rx_daemon: frag_arrival: seq=145 idx=7 total=15 fw_us=1533700786 len=207

2026-09-14 18:08:08,899 INFO image_rx_daemon: cmd 0x63 superseded while pending (after 0 attempts) — body replaced, retry budget reset

2026-09-14 18:08:09,163 INFO image_rx_daemon: frag_arrival: seq=145 idx=8 total=15 fw_us=1534100607 len=207

2026-09-14 18:08:09,362 INFO image_rx_daemon: frag_arrival: seq=145 idx=9 total=15 fw_us=1534300513 len=207

2026-09-14 18:08:09,563 INFO image_rx_daemon: frag_arrival: seq=145 idx=10 total=15 fw_us=1534500424 len=207

2026-09-14 18:08:09,605 INFO image_rx_daemon: cmd 0x63 superseded while pending (after 0 attempts) — body replaced, retry budget reset

2026-09-14 18:08:09,765 INFO image_rx_daemon: frag_arrival: seq=145 idx=11 total=15 fw_us=1534700274 len=207

2026-09-14 18:08:09,883 INFO image_rx_daemon: stats: rx_frames=818 rx_decode_err=0 frames_published=42 publish_err=0 reassembler_decode_err=0 reassembler_timeouts=13 parity_recon=0 idle_drain_deferred=176 cmd_cooldown_drops=3 cmd_gate_held=0 cmd_copies_deferred=0

2026-09-14 18:08:09,887 INFO image_rx_daemon: air_gap: n=42 dt_med=199934us dt_p95=436072us len_med=207B cmd_tx_ok=46 cmd_tx_fail=0

2026-09-14 18:08:09,893 INFO image_rx_daemon: air_gap_hist(ms): <200:32 <400:7 <1000:3

2026-09-14 18:08:09,897 INFO image_rx_daemon: rx_rf: n_rssi=42 n_snr=42 rssi[min/med/max]=-65/-62/-59 snr[min/med/max]=9.0/10.0/10.0

2026-09-14 18:08:09,900 INFO image_rx_daemon: phase_telemetry: valid=42 invalid=0 pre_f8=0 last_epoch=21 last_hop=7 slot_off=[14..14]

2026-09-14 18:08:09,903 INFO image_rx_daemon: air_gap_by_class: seq: n=39 med=199.9ms | boundary: n=3 med=443.8ms

2026-09-14 18:08:09,964 INFO image_rx_daemon: frag_arrival: seq=145 idx=12 total=15 fw_us=1534900158 len=207

2026-09-14 18:08:10,164 INFO image_rx_daemon: frag_arrival: seq=145 idx=13 total=15 fw_us=1535101030 len=207

2026-09-14 18:08:10,236 INFO image_rx_daemon: frag_arrival: seq=145 idx=14 total=15 fw_us=1535188651 len=54

2026-09-14 18:08:10,247 INFO image_rx_daemon: published frame_id=0 seq=145 2892 B → lifetrac/v25/video/tile_delta

RFCO_PERTX during TX wait: profile_id=1 tx_status=0x00(OK) hop_idx=10 channel_idx=42 epoch=21 freq_hz=923750000 pkt_toa_us=20608 legal_dwell_used_us_10s=20608

2026-09-14 18:08:10,296 INFO image_rx_daemon: command TX opcode=0x60 copy=1/1 OK (on air)

2026-09-14 18:08:10,309 INFO image_rx_daemon: cmd 0x63 superseded while pending (after 0 attempts) — body replaced, retry budget reset

2026-09-14 18:08:10,767 INFO image_rx_daemon: frag_arrival: seq=152 idx=0 total=15 fw_us=1535699756 len=207

2026-09-14 18:08:11,016 INFO image_rx_daemon: cmd 0x63 superseded while pending (after 0 attempts) — body replaced, retry budget reset

2026-09-14 18:08:11,163 INFO image_rx_daemon: frag_arrival: seq=152 idx=1 total=15 fw_us=1536099363 len=207

2026-09-14 18:08:11,366 INFO image_rx_daemon: frag_arrival: seq=152 idx=2 total=15 fw_us=1536299248 len=207

2026-09-14 18:08:11,566 INFO image_rx_daemon: frag_arrival: seq=152 idx=3 total=15 fw_us=1536499111 len=207

2026-09-14 18:08:11,717 INFO image_rx_daemon: cmd 0x63 superseded while pending (after 0 attempts) — body replaced, retry budget reset

2026-09-14 18:08:11,767 INFO image_rx_daemon: frag_arrival: seq=152 idx=4 total=15 fw_us=1536699004 len=207

2026-09-14 18:08:11,970 INFO image_rx_daemon: frag_arrival: seq=152 idx=5 total=15 fw_us=1536898857 len=207

2026-09-14 18:08:12,172 INFO image_rx_daemon: frag_arrival: seq=152 idx=6 total=15 fw_us=1537098731 len=207

2026-09-14 18:08:12,371 INFO image_rx_daemon: frag_arrival: seq=152 idx=7 total=15 fw_us=1537298613 len=207

2026-09-14 18:08:12,423 INFO image_rx_daemon: cmd 0x63 superseded while pending (after 0 attempts) — body replaced, retry budget reset

2026-09-14 18:08:12,767 INFO image_rx_daemon: frag_arrival: seq=152 idx=8 total=15 fw_us=1537698345 len=207

2026-09-14 18:08:12,967 INFO image_rx_daemon: frag_arrival: seq=152 idx=9 total=15 fw_us=1537898352 len=207

2026-09-14 18:08:13,126 INFO image_rx_daemon: cmd 0x63 superseded while pending (after 0 attempts) — body replaced, retry budget reset

2026-09-14 18:08:13,166 INFO image_rx_daemon: frag_arrival: seq=152 idx=10 total=15 fw_us=1538098151 len=207

2026-09-14 18:08:13,367 INFO image_rx_daemon: frag_arrival: seq=152 idx=11 total=15 fw_us=1538298016 len=207

2026-09-14 18:08:13,568 INFO image_rx_daemon: frag_arrival: seq=152 idx=12 total=15 fw_us=1538497945 len=207

2026-09-14 18:08:13,830 INFO image_rx_daemon: cmd 0x63 superseded while pending (after 0 attempts) — body replaced, retry budget reset

2026-09-14 18:08:13,930 INFO image_rx_daemon: frag_arrival: seq=152 idx=14 total=15 fw_us=1538866553 len=162

RFCO_PERTX during TX wait: profile_id=1 tx_status=0x00(OK) hop_idx=29 channel_idx=32 epoch=21 freq_hz=918750000 pkt_toa_us=20608 legal_dwell_used_us_10s=20608

2026-09-14 18:08:13,986 INFO image_rx_daemon: command TX opcode=0x60 copy=1/1 OK (on air)

2026-09-14 18:08:14,362 INFO image_rx_daemon: frag_arrival: seq=159 idx=0 total=15 fw_us=1539297422 len=207

2026-09-14 18:08:14,534 INFO image_rx_daemon: cmd 0x63 superseded while pending (after 0 attempts) — body replaced, retry budget reset

2026-09-14 18:08:14,769 INFO image_rx_daemon: frag_arrival: seq=159 idx=1 total=15 fw_us=1539697137 len=207

2026-09-14 18:08:14,969 INFO image_rx_daemon: frag_arrival: seq=159 idx=2 total=15 fw_us=1539896982 len=207

2026-09-14 18:08:15,170 INFO image_rx_daemon: frag_arrival: seq=159 idx=3 total=15 fw_us=1540096840 len=207

2026-09-14 18:08:15,239 INFO image_rx_daemon: cmd 0x63 superseded while pending (after 0 attempts) — body replaced, retry budget reset

2026-09-14 18:08:15,362 INFO image_rx_daemon: frag_arrival: seq=159 idx=4 total=15 fw_us=1540296669 len=207

2026-09-14 18:08:15,572 INFO image_rx_daemon: frag_arrival: seq=159 idx=5 total=15 fw_us=1540496494 len=207

2026-09-14 18:08:15,763 INFO image_rx_daemon: frag_arrival: seq=159 idx=6 total=15 fw_us=1540696370 len=207

2026-09-14 18:08:15,954 INFO image_rx_daemon: cmd 0x63 superseded while pending (after 0 attempts) — body replaced, retry budget reset

2026-09-14 18:08:15,971 INFO image_rx_daemon: frag_arrival: seq=159 idx=7 total=15 fw_us=1540896234 len=207

2026-09-14 18:08:16,368 INFO image_rx_daemon: frag_arrival: seq=159 idx=8 total=15 fw_us=1541295944 len=207

2026-09-14 18:08:16,564 INFO image_rx_daemon: frag_arrival: seq=159 idx=9 total=15 fw_us=1541495865 len=207

2026-09-14 18:08:16,647 INFO image_rx_daemon: cmd 0x63 superseded while pending (after 0 attempts) — body replaced, retry budget reset

2026-09-14 18:08:16,763 INFO image_rx_daemon: frag_arrival: seq=159 idx=10 total=15 fw_us=1541695689 len=207

2026-09-14 18:08:16,964 INFO image_rx_daemon: frag_arrival: seq=159 idx=11 total=15 fw_us=1541895595 len=207

2026-09-14 18:08:17,163 INFO image_rx_daemon: frag_arrival: seq=159 idx=12 total=15 fw_us=1542095510 len=207

2026-09-14 18:08:17,363 INFO image_rx_daemon: cmd 0x63 superseded while pending (after 0 attempts) — body replaced, retry budget reset

2026-09-14 18:08:17,370 INFO image_rx_daemon: frag_arrival: seq=159 idx=13 total=15 fw_us=1542295409 len=207

2026-09-14 18:08:17,442 INFO image_rx_daemon: frag_arrival: seq=159 idx=14 total=15 fw_us=1542391798 len=65

2026-09-14 18:08:17,450 INFO image_rx_daemon: cmd 0x60 CONVERGED after 4 attempts (16.3 s): keyframe received (UNVERIFIED delivery — keyframe may be encoder-initiated)

2026-09-14 18:08:17,455 INFO image_rx_daemon: published frame_id=0 seq=159 2903 B → lifetrac/v25/video/tile_delta

RFCO_PERTX during TX wait: profile_id=1 tx_status=0x00(OK) hop_idx=46 channel_idx=12 epoch=21 freq_hz=908750000 pkt_toa_us=20608 legal_dwell_used_us_10s=20608

2026-09-14 18:08:17,503 INFO image_rx_daemon: command TX opcode=0x63 copy=1/1 OK (on air)

2026-09-14 18:08:17,968 INFO image_rx_daemon: frag_arrival: seq=174 idx=0 total=15 fw_us=1542895029 len=207

2026-09-14 18:08:18,055 INFO image_rx_daemon: cmd 0x63 superseded while pending (after 1 attempts) — body replaced, retry budget reset

2026-09-14 18:08:18,367 INFO image_rx_daemon: frag_arrival: seq=174 idx=1 total=15 fw_us=1543294650 len=207

2026-09-14 18:08:18,566 INFO image_rx_daemon: frag_arrival: seq=174 idx=2 total=15 fw_us=1543494510 len=207

2026-09-14 18:08:18,774 INFO image_rx_daemon: cmd 0x63 superseded while pending (after 0 attempts) — body replaced, retry budget reset

2026-09-14 18:08:18,777 INFO image_rx_daemon: frag_arrival: seq=174 idx=3 total=15 fw_us=1543694351 len=207

2026-09-14 18:08:18,967 INFO image_rx_daemon: frag_arrival: seq=174 idx=4 total=15 fw_us=1543894192 len=207

2026-09-14 18:08:19,167 INFO image_rx_daemon: frag_arrival: seq=174 idx=5 total=15 fw_us=1544095030 len=207

2026-09-14 18:08:19,367 INFO image_rx_daemon: frag_arrival: seq=174 idx=6 total=15 fw_us=1544293966 len=207

2026-09-14 18:08:19,466 INFO image_rx_daemon: cmd 0x63 superseded while pending (after 0 attempts) — body replaced, retry budget reset

2026-09-14 18:08:19,570 INFO image_rx_daemon: frag_arrival: seq=174 idx=7 total=15 fw_us=1544493885 len=207

2026-09-14 18:08:19,915 INFO image_rx_daemon: stats: rx_frames=858 rx_decode_err=0 frames_published=44 publish_err=0 reassembler_decode_err=0 reassembler_timeouts=14 parity_recon=0 idle_drain_deferred=186 cmd_cooldown_drops=3 cmd_gate_held=0 cmd_copies_deferred=0

2026-09-14 18:08:19,919 INFO image_rx_daemon: air_gap: n=40 dt_med=199885us dt_p95=503231us len_med=207B cmd_tx_ok=49 cmd_tx_fail=0

2026-09-14 18:08:19,926 INFO image_rx_daemon: air_gap_hist(ms): <120:2 <200:26 <400:9 <1000:3

2026-09-14 18:08:19,930 INFO image_rx_daemon: rx_rf: n_rssi=40 n_snr=40 rssi[min/med/max]=-65/-61/-59 snr[min/med/max]=9.0/10.0/12.0

2026-09-14 18:08:19,932 INFO image_rx_daemon: phase_telemetry: valid=40 invalid=0 pre_f8=0 last_epoch=22 last_hop=6 slot_off=[14..14]

2026-09-14 18:08:19,936 INFO image_rx_daemon: air_gap_by_class: seq: n=36 med=199.9ms | boundary: n=3 med=503.2ms | post_loss: n=1 med=368.6ms

2026-09-14 18:08:19,949 INFO image_rx_daemon: lost_frag_idx: n=1 idx0=0 (0.00% of idx0 arrivals) other=1 (1.30%) verdict=not-clustered | top 13:1

2026-09-14 18:08:19,982 INFO image_rx_daemon: frag_arrival: seq=174 idx=8 total=15 fw_us=1544893577 len=207

2026-09-14 18:08:20,162 INFO image_rx_daemon: frag_arrival: seq=174 idx=9 total=15 fw_us=1545093419 len=207

2026-09-14 18:08:20,171 INFO image_rx_daemon: cmd 0x63 superseded while pending (after 0 attempts) — body replaced, retry budget reset

2026-09-14 18:08:20,361 INFO image_rx_daemon: frag_arrival: seq=174 idx=10 total=15 fw_us=1545293180 len=207

2026-09-14 18:08:20,571 INFO image_rx_daemon: frag_arrival: seq=174 idx=11 total=15 fw_us=1545492986 len=207

2026-09-14 18:08:20,762 INFO image_rx_daemon: frag_arrival: seq=174 idx=12 total=15 fw_us=1545692821 len=207

2026-09-14 18:08:20,875 INFO image_rx_daemon: cmd 0x63 superseded while pending (after 0 attempts) — body replaced, retry budget reset

2026-09-14 18:08:20,962 INFO image_rx_daemon: frag_arrival: seq=174 idx=13 total=15 fw_us=1545892609 len=207

2026-09-14 18:08:21,033 INFO image_rx_daemon: frag_arrival: seq=174 idx=14 total=15 fw_us=1545986356 len=63

2026-09-14 18:08:21,045 INFO image_rx_daemon: published frame_id=0 seq=174 2901 B → lifetrac/v25/video/tile_delta

RFCO_PERTX during TX wait: profile_id=1 tx_status=0x00(OK) hop_idx=14 channel_idx=47 epoch=22 freq_hz=926250000 pkt_toa_us=20608 legal_dwell_used_us_10s=20608

2026-09-14 18:08:21,094 INFO image_rx_daemon: command TX opcode=0x63 copy=1/1 OK (on air)

2026-09-14 18:08:21,562 INFO image_rx_daemon: frag_arrival: seq=175 idx=0 total=15 fw_us=1546492014 len=207

2026-09-14 18:08:21,581 INFO image_rx_daemon: cmd 0x63 superseded while pending (after 1 attempts) — body replaced, retry budget reset

2026-09-14 18:08:21,971 INFO image_rx_daemon: frag_arrival: seq=175 idx=1 total=15 fw_us=1546891697 len=207

2026-09-14 18:08:22,171 INFO image_rx_daemon: frag_arrival: seq=175 idx=2 total=15 fw_us=1547091510 len=207

2026-09-14 18:08:22,283 INFO image_rx_daemon: cmd 0x63 superseded while pending (after 0 attempts) — body replaced, retry budget reset

2026-09-14 18:08:22,366 INFO image_rx_daemon: frag_arrival: seq=175 idx=3 total=15 fw_us=1547291364 len=207

2026-09-14 18:08:22,567 INFO image_rx_daemon: frag_arrival: seq=175 idx=4 total=15 fw_us=1547491218 len=207

2026-09-14 18:08:22,769 INFO image_rx_daemon: frag_arrival: seq=175 idx=5 total=15 fw_us=1547692030 len=207

2026-09-14 18:08:22,988 INFO image_rx_daemon: cmd 0x63 superseded while pending (after 0 attempts) — body replaced, retry budget reset

2026-09-14 18:08:23,363 INFO image_rx_daemon: frag_arrival: seq=175 idx=7 total=15 fw_us=1548282659 len=207

2026-09-14 18:08:23,551 INFO image_rx_daemon: frag_arrival: seq=175 idx=8 total=15 fw_us=1548482509 len=207

2026-09-14 18:08:23,695 INFO image_rx_daemon: cmd 0x63 superseded while pending (after 0 attempts) — body replaced, retry budget reset

2026-09-14 18:08:23,761 INFO image_rx_daemon: frag_arrival: seq=175 idx=9 total=15 fw_us=1548682346 len=207

2026-09-14 18:08:23,961 INFO image_rx_daemon: frag_arrival: seq=175 idx=10 total=15 fw_us=1548882264 len=207

2026-09-14 18:08:24,161 INFO image_rx_daemon: frag_arrival: seq=175 idx=11 total=15 fw_us=1549082157 len=207

2026-09-14 18:08:24,361 INFO image_rx_daemon: frag_arrival: seq=175 idx=12 total=15 fw_us=1549282033 len=207

2026-09-14 18:08:24,397 INFO image_rx_daemon: cmd 0x63 superseded while pending (after 0 attempts) — body replaced, retry budget reset

2026-09-14 18:08:24,555 INFO image_rx_daemon: frag_arrival: seq=175 idx=13 total=15 fw_us=1549481862 len=207

2026-09-14 18:08:24,666 INFO image_rx_daemon: frag_arrival: seq=175 idx=14 total=15 fw_us=1549611798 len=111

RFCO_PERTX during TX wait: profile_id=1 tx_status=0x00(OK) hop_idx=32 channel_idx=8 epoch=22 freq_hz=906750000 pkt_toa_us=20608 legal_dwell_used_us_10s=20608

2026-09-14 18:08:24,713 INFO image_rx_daemon: command TX opcode=0x60 copy=1/1 OK (on air)

2026-09-14 18:08:25,102 INFO image_rx_daemon: cmd 0x63 superseded while pending (after 0 attempts) — body replaced, retry budget reset

2026-09-14 18:08:25,153 INFO image_rx_daemon: frag_arrival: seq=181 idx=0 total=15 fw_us=1550081357 len=207

2026-09-14 18:08:25,556 INFO image_rx_daemon: frag_arrival: seq=181 idx=1 total=15 fw_us=1550481013 len=207

2026-09-14 18:08:25,754 INFO image_rx_daemon: frag_arrival: seq=181 idx=2 total=15 fw_us=1550680910 len=207

2026-09-14 18:08:25,809 INFO image_rx_daemon: cmd 0x63 superseded while pending (after 0 attempts) — body replaced, retry budget reset

2026-09-14 18:08:25,956 INFO image_rx_daemon: frag_arrival: seq=181 idx=3 total=15 fw_us=1550880801 len=207

2026-09-14 18:08:26,156 INFO image_rx_daemon: frag_arrival: seq=181 idx=4 total=15 fw_us=1551080707 len=207

2026-09-14 18:08:26,358 INFO image_rx_daemon: frag_arrival: seq=181 idx=5 total=15 fw_us=1551280582 len=207

2026-09-14 18:08:26,510 INFO image_rx_daemon: cmd 0x63 superseded while pending (after 0 attempts) — body replaced, retry budget reset

2026-09-14 18:08:26,558 INFO image_rx_daemon: frag_arrival: seq=181 idx=6 total=15 fw_us=1551480379 len=207

2026-09-14 18:08:26,756 INFO image_rx_daemon: frag_arrival: seq=181 idx=7 total=15 fw_us=1551677093 len=207

2026-09-14 18:08:26,967 INFO image_rx_daemon: frag_arrival: seq=181 idx=8 total=15 fw_us=1551891187 len=207

2026-09-14 18:08:27,213 INFO image_rx_daemon: cmd 0x63 superseded while pending (after 0 attempts) — body replaced, retry budget reset

2026-09-14 18:08:27,366 INFO image_rx_daemon: frag_arrival: seq=181 idx=9 total=15 fw_us=1552288550 len=207

2026-09-14 18:08:27,567 INFO image_rx_daemon: frag_arrival: seq=181 idx=10 total=15 fw_us=1552488344 len=207

2026-09-14 18:08:27,768 INFO image_rx_daemon: frag_arrival: seq=181 idx=11 total=15 fw_us=1552688126 len=207

2026-09-14 18:08:27,917 INFO image_rx_daemon: cmd 0x63 superseded while pending (after 0 attempts) — body replaced, retry budget reset

2026-09-14 18:08:27,968 INFO image_rx_daemon: frag_arrival: seq=181 idx=12 total=15 fw_us=1552887939 len=207

2026-09-14 18:08:28,168 INFO image_rx_daemon: frag_arrival: seq=181 idx=13 total=15 fw_us=1553087741 len=207

2026-09-14 18:08:28,317 INFO image_rx_daemon: frag_arrival: seq=181 idx=14 total=15 fw_us=1553248693 len=153

2026-09-14 18:08:28,325 INFO image_rx_daemon: cmd 0x60 CONVERGED after 1 attempts (4.6 s): keyframe received (UNVERIFIED delivery — keyframe may be encoder-initiated)

2026-09-14 18:08:28,330 INFO image_rx_daemon: published frame_id=0 seq=181 2991 B → lifetrac/v25/video/tile_delta

RFCO_PERTX during TX wait: profile_id=1 tx_status=0x00(OK) hop_idx=1 channel_idx=11 epoch=23 freq_hz=908250000 pkt_toa_us=20608 legal_dwell_used_us_10s=20608

2026-09-14 18:08:28,381 INFO image_rx_daemon: command TX opcode=0x63 copy=1/1 OK (on air)

2026-09-14 18:08:28,622 INFO image_rx_daemon: cmd 0x63 superseded while pending (after 1 attempts) — body replaced, retry budget reset

2026-09-14 18:08:28,758 INFO image_rx_daemon: frag_arrival: seq=195 idx=0 total=15 fw_us=1553687235 len=207

2026-09-14 18:08:29,162 INFO image_rx_daemon: frag_arrival: seq=195 idx=1 total=15 fw_us=1554087019 len=207

2026-09-14 18:08:29,327 INFO image_rx_daemon: cmd 0x63 superseded while pending (after 0 attempts) — body replaced, retry budget reset

2026-09-14 18:08:29,370 INFO image_rx_daemon: frag_arrival: seq=195 idx=2 total=15 fw_us=1554286883 len=207

2026-09-14 18:08:29,560 INFO image_rx_daemon: frag_arrival: seq=195 idx=3 total=15 fw_us=1554486783 len=207

2026-09-14 18:08:29,766 INFO image_rx_daemon: frag_arrival: seq=195 idx=4 total=15 fw_us=1554686640 len=207

2026-09-14 18:08:29,965 INFO image_rx_daemon: frag_arrival: seq=195 idx=5 total=15 fw_us=1554886436 len=207

2026-09-14 18:08:29,973 INFO image_rx_daemon: stats: rx_frames=900 rx_decode_err=0 frames_published=46 publish_err=0 reassembler_decode_err=0 reassembler_timeouts=15 parity_recon=0 idle_drain_deferred=195 cmd_cooldown_drops=3 cmd_gate_held=0 cmd_copies_deferred=0

2026-09-14 18:08:29,977 INFO image_rx_daemon: air_gap: n=42 dt_med=199857us dt_p95=469559us len_med=207B cmd_tx_ok=52 cmd_tx_fail=0

2026-09-14 18:08:29,982 INFO image_rx_daemon: air_gap_hist(ms): <120:1 <200:30 <400:7 <1000:4

2026-09-14 18:08:29,987 INFO image_rx_daemon: rx_rf: n_rssi=42 n_snr=42 rssi[min/med/max]=-65/-62/-59 snr[min/med/max]=9.0/10.0/13.0

2026-09-14 18:08:29,989 INFO image_rx_daemon: phase_telemetry: valid=42 invalid=0 pre_f8=0 last_epoch=23 last_hop=8 slot_off=[2..17]

2026-09-14 18:08:29,993 INFO image_rx_daemon: air_gap_by_class: seq: n=38 med=199.9ms | boundary: n=3 med=469.6ms | post_loss: n=1 med=590.6ms

2026-09-14 18:08:29,999 INFO image_rx_daemon: lost_frag_idx: n=1 idx0=0 (0.00% of idx0 arrivals) other=1 (2.50%) verdict=not-clustered | top 6:1

2026-09-14 18:08:30,033 INFO image_rx_daemon: cmd 0x63 superseded while pending (after 0 attempts) — body replaced, retry budget reset

2026-09-14 18:08:30,162 INFO image_rx_daemon: frag_arrival: seq=195 idx=6 total=15 fw_us=1555086156 len=207

2026-09-14 18:08:30,363 INFO image_rx_daemon: frag_arrival: seq=195 idx=7 total=15 fw_us=1555285998 len=207

2026-09-14 18:08:30,749 INFO image_rx_daemon: cmd 0x63 superseded while pending (after 0 attempts) — body replaced, retry budget reset

2026-09-14 18:08:30,776 INFO image_rx_daemon: frag_arrival: seq=195 idx=8 total=15 fw_us=1555685635 len=207

2026-09-14 18:08:30,967 INFO image_rx_daemon: frag_arrival: seq=195 idx=9 total=15 fw_us=1555885415 len=207

2026-09-14 18:08:31,157 INFO image_rx_daemon: frag_arrival: seq=195 idx=10 total=15 fw_us=1556085140 len=207

2026-09-14 18:08:31,358 INFO image_rx_daemon: frag_arrival: seq=195 idx=11 total=15 fw_us=1556284935 len=207

2026-09-14 18:08:31,443 INFO image_rx_daemon: cmd 0x63 superseded while pending (after 0 attempts) — body replaced, retry budget reset

2026-09-14 18:08:31,559 INFO image_rx_daemon: frag_arrival: seq=195 idx=12 total=15 fw_us=1556484708 len=207

2026-09-14 18:08:31,759 INFO image_rx_daemon: frag_arrival: seq=195 idx=13 total=15 fw_us=1556684519 len=207

2026-09-14 18:08:31,907 INFO image_rx_daemon: frag_arrival: seq=195 idx=14 total=15 fw_us=1556840275 len=145

2026-09-14 18:08:31,918 INFO image_rx_daemon: published frame_id=0 seq=195 2983 B → lifetrac/v25/video/tile_delta

RFCO_PERTX during TX wait: profile_id=1 tx_status=0x00(OK) hop_idx=19 channel_idx=38 epoch=23 freq_hz=921750000 pkt_toa_us=20608 legal_dwell_used_us_10s=20608

2026-09-14 18:08:31,977 INFO image_rx_daemon: command TX opcode=0x63 copy=1/1 OK (on air)

2026-09-14 18:08:32,147 INFO image_rx_daemon: cmd 0x63 superseded while pending (after 1 attempts) — body replaced, retry budget reset

2026-09-14 18:08:32,357 INFO image_rx_daemon: frag_arrival: seq=196 idx=0 total=15 fw_us=1557283913 len=207

2026-09-14 18:08:32,763 INFO image_rx_daemon: frag_arrival: seq=196 idx=1 total=15 fw_us=1557683506 len=207

2026-09-14 18:08:32,852 INFO image_rx_daemon: cmd 0x63 superseded while pending (after 0 attempts) — body replaced, retry budget reset

2026-09-14 18:08:32,964 INFO image_rx_daemon: frag_arrival: seq=196 idx=2 total=15 fw_us=1557883317 len=207

2026-09-14 18:08:33,163 INFO image_rx_daemon: frag_arrival: seq=196 idx=3 total=15 fw_us=1558084030 len=207

2026-09-14 18:08:33,362 INFO image_rx_daemon: frag_arrival: seq=196 idx=4 total=15 fw_us=1558282896 len=207

2026-09-14 18:08:33,564 INFO image_rx_daemon: frag_arrival: seq=196 idx=5 total=15 fw_us=1558482797 len=207

2026-09-14 18:08:33,569 INFO image_rx_daemon: cmd 0x63 superseded while pending (after 0 attempts) — body replaced, retry budget reset

2026-09-14 18:08:33,765 INFO image_rx_daemon: frag_arrival: seq=196 idx=6 total=15 fw_us=1558682565 len=207

2026-09-14 18:08:33,964 INFO image_rx_daemon: frag_arrival: seq=196 idx=7 total=15 fw_us=1558882390 len=207

2026-09-14 18:08:34,259 INFO image_rx_daemon: cmd 0x63 superseded while pending (after 0 attempts) — body replaced, retry budget reset

2026-09-14 18:08:34,356 INFO image_rx_daemon: frag_arrival: seq=196 idx=8 total=15 fw_us=1559283030 len=207

2026-09-14 18:08:34,555 INFO image_rx_daemon: frag_arrival: seq=196 idx=9 total=15 fw_us=1559481962 len=207

2026-09-14 18:08:34,756 INFO image_rx_daemon: frag_arrival: seq=196 idx=10 total=15 fw_us=1559681773 len=207

2026-09-14 18:08:34,956 INFO image_rx_daemon: frag_arrival: seq=196 idx=11 total=15 fw_us=1559881636 len=207

2026-09-14 18:08:34,965 INFO image_rx_daemon: cmd 0x63 superseded while pending (after 0 attempts) — body replaced, retry budget reset

2026-09-14 18:08:35,158 INFO image_rx_daemon: frag_arrival: seq=196 idx=12 total=15 fw_us=1560081502 len=207

2026-09-14 18:08:35,358 INFO image_rx_daemon: frag_arrival: seq=196 idx=13 total=15 fw_us=1560281331 len=207

2026-09-14 18:08:35,431 INFO image_rx_daemon: frag_arrival: seq=196 idx=14 total=15 fw_us=1560377662 len=67

2026-09-14 18:08:35,442 INFO image_rx_daemon: published frame_id=0 seq=196 2905 B → lifetrac/v25/video/tile_delta

RFCO_PERTX during TX wait: profile_id=1 tx_status=0x00(OK) hop_idx=36 channel_idx=39 epoch=23 freq_hz=922250000 pkt_toa_us=20608 legal_dwell_used_us_10s=20608

2026-09-14 18:08:35,491 INFO image_rx_daemon: command TX opcode=0x63 copy=1/1 OK (on air)

2026-09-14 18:08:35,668 INFO image_rx_daemon: cmd 0x63 superseded while pending (after 1 attempts) — body replaced, retry budget reset

2026-09-14 18:08:35,958 INFO image_rx_daemon: frag_arrival: seq=202 idx=0 total=15 fw_us=1560880750 len=207

2026-09-14 18:08:36,362 INFO image_rx_daemon: frag_arrival: seq=202 idx=1 total=15 fw_us=1561280383 len=207

2026-09-14 18:08:36,374 INFO image_rx_daemon: cmd 0x63 superseded while pending (after 0 attempts) — body replaced, retry budget reset

2026-09-14 18:08:36,563 INFO image_rx_daemon: frag_arrival: seq=202 idx=2 total=15 fw_us=1561480247 len=207

2026-09-14 18:08:36,763 INFO image_rx_daemon: frag_arrival: seq=202 idx=3 total=15 fw_us=1561681030 len=207

2026-09-14 18:08:36,963 INFO image_rx_daemon: frag_arrival: seq=202 idx=4 total=15 fw_us=1561879917 len=207

2026-09-14 18:08:37,079 INFO image_rx_daemon: cmd 0x63 superseded while pending (after 0 attempts) — body replaced, retry budget reset

2026-09-14 18:08:37,163 INFO image_rx_daemon: frag_arrival: seq=202 idx=5 total=15 fw_us=1562079758 len=207

2026-09-14 18:08:37,363 INFO image_rx_daemon: frag_arrival: seq=202 idx=6 total=15 fw_us=1562279592 len=207

2026-09-14 18:08:37,563 INFO image_rx_daemon: frag_arrival: seq=202 idx=7 total=15 fw_us=1562479420 len=207

2026-09-14 18:08:37,783 INFO image_rx_daemon: cmd 0x63 superseded while pending (after 0 attempts) — body replaced, retry budget reset

2026-09-14 18:08:37,957 INFO image_rx_daemon: frag_arrival: seq=202 idx=8 total=15 fw_us=1562879118 len=207

2026-09-14 18:08:38,158 INFO image_rx_daemon: frag_arrival: seq=202 idx=9 total=15 fw_us=1563078944 len=207

2026-09-14 18:08:38,358 INFO image_rx_daemon: frag_arrival: seq=202 idx=10 total=15 fw_us=1563278692 len=207

2026-09-14 18:08:38,487 INFO image_rx_daemon: cmd 0x63 superseded while pending (after 0 attempts) — body replaced, retry budget reset

2026-09-14 18:08:38,559 INFO image_rx_daemon: frag_arrival: seq=202 idx=11 total=15 fw_us=1563478451 len=207

2026-09-14 18:08:38,760 INFO image_rx_daemon: frag_arrival: seq=202 idx=12 total=15 fw_us=1563678188 len=207

2026-09-14 18:08:38,961 INFO image_rx_daemon: frag_arrival: seq=202 idx=13 total=15 fw_us=1563877961 len=207

2026-09-14 18:08:39,099 INFO image_rx_daemon: frag_arrival: seq=202 idx=14 total=15 fw_us=1564033792 len=147

2026-09-14 18:08:39,111 INFO image_rx_daemon: published frame_id=0 seq=202 2985 B → lifetrac/v25/video/tile_delta

RFCO_PERTX during TX wait: profile_id=1 tx_status=0x00(OK) hop_idx=5 channel_idx=26 epoch=24 freq_hz=915750000 pkt_toa_us=20608 legal_dwell_used_us_10s=20608

2026-09-14 18:08:39,181 INFO image_rx_daemon: command TX opcode=0x60 copy=1/1 OK (on air)

2026-09-14 18:08:39,197 INFO image_rx_daemon: cmd 0x63 superseded while pending (after 0 attempts) — body replaced, retry budget reset

2026-09-14 18:08:39,554 INFO image_rx_daemon: frag_arrival: seq=210 idx=0 total=15 fw_us=1564477353 len=207

2026-09-14 18:08:39,895 INFO image_rx_daemon: cmd 0x63 superseded while pending (after 0 attempts) — body replaced, retry budget reset

2026-09-14 18:08:39,955 INFO image_rx_daemon: frag_arrival: seq=210 idx=1 total=15 fw_us=1564876857 len=207

2026-09-14 18:08:40,006 INFO image_rx_daemon: stats: rx_frames=941 rx_decode_err=0 frames_published=49 publish_err=0 reassembler_decode_err=0 reassembler_timeouts=15 parity_recon=0 idle_drain_deferred=204 cmd_cooldown_drops=3 cmd_gate_held=0 cmd_copies_deferred=0

2026-09-14 18:08:40,009 INFO image_rx_daemon: air_gap: n=41 dt_med=199826us dt_p95=443561us len_med=207B cmd_tx_ok=55 cmd_tx_fail=0

2026-09-14 18:08:40,015 INFO image_rx_daemon: air_gap_hist(ms): <120:1 <200:29 <400:7 <1000:4

2026-09-14 18:08:40,019 INFO image_rx_daemon: rx_rf: n_rssi=41 n_snr=41 rssi[min/med/max]=-65/-62/-59 snr[min/med/max]=9.0/10.0/11.0

2026-09-14 18:08:40,021 INFO image_rx_daemon: phase_telemetry: valid=41 invalid=0 pre_f8=0 last_epoch=24 last_hop=8 slot_off=[14..14]

2026-09-14 18:08:40,025 INFO image_rx_daemon: air_gap_by_class: seq: n=38 med=199.8ms | boundary: n=3 med=443.6ms

2026-09-14 18:08:40,161 INFO image_rx_daemon: frag_arrival: seq=210 idx=2 total=15 fw_us=1565076611 len=207

2026-09-14 18:08:40,352 INFO image_rx_daemon: frag_arrival: seq=210 idx=3 total=15 fw_us=1565276385 len=207

2026-09-14 18:08:40,552 INFO image_rx_daemon: frag_arrival: seq=210 idx=4 total=15 fw_us=1565476149 len=207

2026-09-14 18:08:40,599 INFO image_rx_daemon: cmd 0x63 superseded while pending (after 0 attempts) — body replaced, retry budget reset

2026-09-14 18:08:40,757 INFO image_rx_daemon: frag_arrival: seq=210 idx=5 total=15 fw_us=1565675890 len=207

2026-09-14 18:08:40,957 INFO image_rx_daemon: frag_arrival: seq=210 idx=6 total=15 fw_us=1565875616 len=207

2026-09-14 18:08:41,158 INFO image_rx_daemon: frag_arrival: seq=210 idx=7 total=15 fw_us=1566075323 len=207

2026-09-14 18:08:41,307 INFO image_rx_daemon: cmd 0x63 superseded while pending (after 0 attempts) — body replaced, retry budget reset

2026-09-14 18:08:41,556 INFO image_rx_daemon: frag_arrival: seq=210 idx=8 total=15 fw_us=1566474875 len=207

2026-09-14 18:08:41,761 INFO image_rx_daemon: frag_arrival: seq=210 idx=9 total=15 fw_us=1566674659 len=207

2026-09-14 18:08:41,956 INFO image_rx_daemon: frag_arrival: seq=210 idx=10 total=15 fw_us=1566874421 len=207

2026-09-14 18:08:42,011 INFO image_rx_daemon: cmd 0x63 superseded while pending (after 0 attempts) — body replaced, retry budget reset

2026-09-14 18:08:42,158 INFO image_rx_daemon: frag_arrival: seq=210 idx=11 total=15 fw_us=1567074243 len=207

2026-09-14 18:08:42,359 INFO image_rx_daemon: frag_arrival: seq=210 idx=12 total=15 fw_us=1567274115 len=207

2026-09-14 18:08:42,561 INFO image_rx_daemon: frag_arrival: seq=210 idx=13 total=15 fw_us=1567473983 len=207

2026-09-14 18:08:42,672 INFO image_rx_daemon: frag_arrival: seq=210 idx=14 total=15 fw_us=1567606553 len=115

2026-09-14 18:08:42,683 INFO image_rx_daemon: published frame_id=0 seq=210 2953 B → lifetrac/v25/video/tile_delta

2026-09-14 18:08:42,715 INFO image_rx_daemon: cmd 0x63 superseded while pending (after 0 attempts) — body replaced, retry budget reset

RFCO_PERTX during TX wait: profile_id=1 tx_status=0x00(OK) hop_idx=23 channel_idx=43 epoch=24 freq_hz=924250000 pkt_toa_us=20608 legal_dwell_used_us_10s=20608

2026-09-14 18:08:42,771 INFO image_rx_daemon: command TX opcode=0x60 copy=1/1 OK (on air)

2026-09-14 18:08:43,153 INFO image_rx_daemon: frag_arrival: seq=217 idx=0 total=15 fw_us=1568073481 len=207

2026-09-14 18:08:43,419 INFO image_rx_daemon: cmd 0x63 superseded while pending (after 0 attempts) — body replaced, retry budget reset

2026-09-14 18:08:43,558 INFO image_rx_daemon: frag_arrival: seq=217 idx=1 total=15 fw_us=1568473219 len=207

2026-09-14 18:08:43,757 INFO image_rx_daemon: frag_arrival: seq=217 idx=2 total=15 fw_us=1568673094 len=207

2026-09-14 18:08:43,959 INFO image_rx_daemon: frag_arrival: seq=217 idx=3 total=15 fw_us=1568872967 len=207

2026-09-14 18:08:44,123 INFO image_rx_daemon: cmd 0x63 superseded while pending (after 0 attempts) — body replaced, retry budget reset

2026-09-14 18:08:44,162 INFO image_rx_daemon: frag_arrival: seq=217 idx=4 total=15 fw_us=1569072828 len=207

2026-09-14 18:08:44,350 INFO image_rx_daemon: frag_arrival: seq=217 idx=5 total=15 fw_us=1569272703 len=207

2026-09-14 18:08:44,550 INFO image_rx_daemon: frag_arrival: seq=217 idx=6 total=15 fw_us=1569472571 len=207

2026-09-14 18:08:44,749 INFO image_rx_daemon: frag_arrival: seq=217 idx=7 total=15 fw_us=1569672443 len=207

2026-09-14 18:08:44,826 INFO image_rx_daemon: cmd 0x63 superseded while pending (after 0 attempts) — body replaced, retry budget reset

2026-09-14 18:08:45,155 INFO image_rx_daemon: frag_arrival: seq=217 idx=8 total=15 fw_us=1570073030 len=207

2026-09-14 18:08:45,356 INFO image_rx_daemon: frag_arrival: seq=217 idx=9 total=15 fw_us=1570271905 len=207

2026-09-14 18:08:45,542 INFO image_rx_daemon: cmd 0x63 superseded while pending (after 0 attempts) — body replaced, retry budget reset

2026-09-14 18:08:45,566 INFO image_rx_daemon: frag_arrival: seq=217 idx=10 total=15 fw_us=1570471698 len=207

2026-09-14 18:08:45,757 INFO image_rx_daemon: frag_arrival: seq=217 idx=11 total=15 fw_us=1570671547 len=207

2026-09-14 18:08:45,958 INFO image_rx_daemon: frag_arrival: seq=217 idx=12 total=15 fw_us=1570871400 len=207

2026-09-14 18:08:46,160 INFO image_rx_daemon: frag_arrival: seq=217 idx=13 total=15 fw_us=1571071233 len=207

2026-09-14 18:08:46,239 INFO image_rx_daemon: cmd 0x63 superseded while pending (after 0 attempts) — body replaced, retry budget reset

2026-09-14 18:08:46,286 INFO image_rx_daemon: frag_arrival: seq=217 idx=14 total=15 fw_us=1571219296 len=136

2026-09-14 18:08:46,298 INFO image_rx_daemon: published frame_id=0 seq=217 2974 B → lifetrac/v25/video/tile_delta

RFCO_PERTX during TX wait: profile_id=1 tx_status=0x00(OK) hop_idx=41 channel_idx=40 epoch=24 freq_hz=922750000 pkt_toa_us=20608 legal_dwell_used_us_10s=20608

2026-09-14 18:08:46,378 INFO image_rx_daemon: command TX opcode=0x60 copy=1/1 OK (on air)

2026-09-14 18:08:46,758 INFO image_rx_daemon: frag_arrival: seq=224 idx=0 total=15 fw_us=1571670849 len=207

2026-09-14 18:08:46,941 INFO image_rx_daemon: cmd 0x63 superseded while pending (after 0 attempts) — body replaced, retry budget reset

2026-09-14 18:08:47,154 INFO image_rx_daemon: frag_arrival: seq=224 idx=1 total=15 fw_us=1572070741 len=207

2026-09-14 18:08:47,354 INFO image_rx_daemon: frag_arrival: seq=224 idx=2 total=15 fw_us=1572270636 len=207

2026-09-14 18:08:47,554 INFO image_rx_daemon: frag_arrival: seq=224 idx=3 total=15 fw_us=1572470539 len=207

2026-09-14 18:08:47,646 INFO image_rx_daemon: cmd 0x63 superseded while pending (after 0 attempts) — body replaced, retry budget reset

2026-09-14 18:08:47,750 INFO image_rx_daemon: frag_arrival: seq=224 idx=4 total=15 fw_us=1572670473 len=207

2026-09-14 18:08:47,951 INFO image_rx_daemon: frag_arrival: seq=224 idx=5 total=15 fw_us=1572870354 len=207

2026-09-14 18:08:48,151 INFO image_rx_daemon: frag_arrival: seq=224 idx=6 total=15 fw_us=1573070197 len=207

2026-09-14 18:08:48,352 INFO image_rx_daemon: frag_arrival: seq=224 idx=7 total=15 fw_us=1573269985 len=207

2026-09-14 18:08:48,359 INFO image_rx_daemon: cmd 0x63 superseded while pending (after 0 attempts) — body replaced, retry budget reset

2026-09-14 18:08:48,751 INFO image_rx_daemon: frag_arrival: seq=224 idx=8 total=15 fw_us=1573669541 len=207

2026-09-14 18:08:48,951 INFO image_rx_daemon: frag_arrival: seq=224 idx=9 total=15 fw_us=1573869317 len=207

2026-09-14 18:08:49,054 INFO image_rx_daemon: cmd 0x63 superseded while pending (after 0 attempts) — body replaced, retry budget reset

2026-09-14 18:08:49,150 INFO image_rx_daemon: frag_arrival: seq=224 idx=10 total=15 fw_us=1574070030 len=207

2026-09-14 18:08:49,350 INFO image_rx_daemon: frag_arrival: seq=224 idx=11 total=15 fw_us=1574268853 len=207

2026-09-14 18:08:49,548 WARNING image_rx_daemon: crc_dump: irq=0x70 rx_len=215 snr=10.5 rssi=-62 dump=0101060e19000000fee00c0e425056503820ea0000007009009d012a200020003eb5469d4aa732a2b337faa8026016896c009d32847d1fb37e2af286880fb00de00d0ffe8ffd280f633fb00f680a301a142bf67303f807e80332bbe35eb0106d07a628dc8a8251f496e000fef669087256b7d8fff7e23f98b433310312f85faebce74d776c26193bfdce71b6dbeeb7e7d5b44b22c53f1e3dccaba4576764cb1b3f1e0b9e4a61c7a1db66ba326a8614f899ee6ba326aa7e2c7a7ea1d207ea1d5bb8f1b7c02402e5e6e4adc7a24597256cb3a3009088c1a3

2026-09-14 18:08:49,748 INFO image_rx_daemon: frag_arrival: seq=224 idx=13 total=15 fw_us=1574668216 len=207

2026-09-14 18:08:49,760 INFO image_rx_daemon: cmd 0x63 superseded while pending (after 0 attempts) — body replaced, retry budget reset

2026-09-14 18:08:49,834 INFO image_rx_daemon: frag_arrival: seq=224 idx=14 total=15 fw_us=1574769604 len=72

RFCO_PERTX during TX wait: profile_id=1 tx_status=0x00(OK) hop_idx=8 channel_idx=46 epoch=25 freq_hz=925750000 pkt_toa_us=20608 legal_dwell_used_us_10s=20608

2026-09-14 18:08:49,882 INFO image_rx_daemon: command TX opcode=0x60 copy=1/1 OK (on air)

2026-09-14 18:08:50,033 INFO image_rx_daemon: stats: rx_frames=983 rx_decode_err=0 frames_published=51 publish_err=0 reassembler_decode_err=0 reassembler_timeouts=15 parity_recon=0 idle_drain_deferred=211 cmd_cooldown_drops=3 cmd_gate_held=0 cmd_copies_deferred=0

2026-09-14 18:08:50,037 INFO image_rx_daemon: air_gap: n=42 dt_med=199861us dt_p95=400587us len_med=207B cmd_tx_ok=58 cmd_tx_fail=0

2026-09-14 18:08:50,043 INFO image_rx_daemon: air_gap_hist(ms): <120:1 <200:32 <400:6 <1000:3

2026-09-14 18:08:50,049 INFO image_rx_daemon: rx_rf: n_rssi=42 n_snr=42 rssi[min/med/max]=-65/-62/-59 snr[min/med/max]=9.0/10.0/13.0

2026-09-14 18:08:50,051 INFO image_rx_daemon: phase_telemetry: valid=42 invalid=0 pre_f8=0 last_epoch=25 last_hop=8 slot_off=[14..14]

2026-09-14 18:08:50,055 INFO image_rx_daemon: air_gap_by_class: seq: n=39 med=199.8ms | boundary: n=2 med=466.9ms | post_loss: n=1 med=399.4ms

2026-09-14 18:08:50,059 INFO image_rx_daemon: lost_frag_idx: n=1 idx0=0 (0.00% of idx0 arrivals) other=1 (1.27%) verdict=not-clustered | top 12:1

2026-09-14 18:08:50,356 INFO image_rx_daemon: frag_arrival: seq=231 idx=0 total=15 fw_us=1575267431 len=207

2026-09-14 18:08:50,466 INFO image_rx_daemon: cmd 0x63 superseded while pending (after 0 attempts) — body replaced, retry budget reset

2026-09-14 18:08:50,754 INFO image_rx_daemon: frag_arrival: seq=231 idx=1 total=15 fw_us=1575666957 len=207

2026-09-14 18:08:50,950 INFO image_rx_daemon: frag_arrival: seq=231 idx=2 total=15 fw_us=1575866701 len=207

2026-09-14 18:08:51,150 INFO image_rx_daemon: frag_arrival: seq=231 idx=3 total=15 fw_us=1576066345 len=207

2026-09-14 18:08:51,169 INFO image_rx_daemon: cmd 0x63 superseded while pending (after 0 attempts) — body replaced, retry budget reset

2026-09-14 18:08:51,351 INFO image_rx_daemon: frag_arrival: seq=231 idx=4 total=15 fw_us=1576266032 len=207

2026-09-14 18:08:51,552 INFO image_rx_daemon: frag_arrival: seq=231 idx=5 total=15 fw_us=1576465708 len=207

2026-09-14 18:08:51,754 INFO image_rx_daemon: frag_arrival: seq=231 idx=6 total=15 fw_us=1576665423 len=207

2026-09-14 18:08:51,877 INFO image_rx_daemon: cmd 0x63 superseded while pending (after 0 attempts) — body replaced, retry budget reset

2026-09-14 18:08:51,951 INFO image_rx_daemon: frag_arrival: seq=231 idx=7 total=15 fw_us=1576865160 len=207

2026-09-14 18:08:52,350 INFO image_rx_daemon: frag_arrival: seq=231 idx=8 total=15 fw_us=1577264682 len=207

2026-09-14 18:08:52,549 INFO image_rx_daemon: frag_arrival: seq=231 idx=9 total=15 fw_us=1577464539 len=207

2026-09-14 18:08:52,580 INFO image_rx_daemon: cmd 0x63 superseded while pending (after 0 attempts) — body replaced, retry budget reset

2026-09-14 18:08:52,751 INFO image_rx_daemon: frag_arrival: seq=231 idx=10 total=15 fw_us=1577664284 len=207

2026-09-14 18:08:52,952 INFO image_rx_daemon: frag_arrival: seq=231 idx=11 total=15 fw_us=1577864033 len=207

2026-09-14 18:08:53,153 INFO image_rx_daemon: frag_arrival: seq=231 idx=12 total=15 fw_us=1578063900 len=207

2026-09-14 18:08:53,285 INFO image_rx_daemon: cmd 0x63 superseded while pending (after 0 attempts) — body replaced, retry budget reset

2026-09-14 18:08:53,346 INFO image_rx_daemon: frag_arrival: seq=231 idx=13 total=15 fw_us=1578263724 len=207

2026-09-14 18:08:53,482 INFO image_rx_daemon: frag_arrival: seq=231 idx=14 total=15 fw_us=1578411850 len=137

2026-09-14 18:08:53,493 INFO image_rx_daemon: published frame_id=0 seq=231 2975 B → lifetrac/v25/video/tile_delta

RFCO_PERTX during TX wait: profile_id=1 tx_status=0x00(OK) hop_idx=27 channel_idx=42 epoch=25 freq_hz=923750000 pkt_toa_us=20608 legal_dwell_used_us_10s=20608

2026-09-14 18:08:53,574 INFO image_rx_daemon: command TX opcode=0x60 copy=1/1 OK (on air)

2026-09-14 18:08:53,947 INFO image_rx_daemon: frag_arrival: seq=238 idx=0 total=15 fw_us=1578863091 len=207

2026-09-14 18:08:53,989 INFO image_rx_daemon: cmd 0x63 superseded while pending (after 0 attempts) — body replaced, retry budget reset

2026-09-14 18:08:54,353 INFO image_rx_daemon: frag_arrival: seq=238 idx=1 total=15 fw_us=1579262697 len=207

2026-09-14 18:08:54,553 INFO image_rx_daemon: frag_arrival: seq=238 idx=2 total=15 fw_us=1579462485 len=207

2026-09-14 18:08:54,693 INFO image_rx_daemon: cmd 0x63 superseded while pending (after 0 attempts) — body replaced, retry budget reset

2026-09-14 18:08:54,744 INFO image_rx_daemon: frag_arrival: seq=238 idx=3 total=15 fw_us=1579662314 len=207

2026-09-14 18:08:54,945 INFO image_rx_daemon: frag_arrival: seq=238 idx=4 total=15 fw_us=1579862168 len=207

2026-09-14 18:08:55,144 INFO image_rx_daemon: frag_arrival: seq=238 idx=5 total=15 fw_us=1580061980 len=207

2026-09-14 18:08:55,344 INFO image_rx_daemon: frag_arrival: seq=238 idx=6 total=15 fw_us=1580261800 len=207

2026-09-14 18:08:55,396 INFO image_rx_daemon: cmd 0x63 superseded while pending (after 0 attempts) — body replaced, retry budget reset

2026-09-14 18:08:55,544 INFO image_rx_daemon: frag_arrival: seq=238 idx=7 total=15 fw_us=1580461584 len=207

2026-09-14 18:08:55,953 INFO image_rx_daemon: frag_arrival: seq=238 idx=8 total=15 fw_us=1580861279 len=207

2026-09-14 18:08:56,101 INFO image_rx_daemon: cmd 0x63 superseded while pending (after 0 attempts) — body replaced, retry budget reset

2026-09-14 18:08:56,154 INFO image_rx_daemon: frag_arrival: seq=238 idx=9 total=15 fw_us=1581061098 len=207

2026-09-14 18:08:56,345 INFO image_rx_daemon: frag_arrival: seq=238 idx=10 total=15 fw_us=1581260798 len=207

2026-09-14 18:08:56,545 INFO image_rx_daemon: frag_arrival: seq=238 idx=11 total=15 fw_us=1581460521 len=207

2026-09-14 18:08:56,745 INFO image_rx_daemon: frag_arrival: seq=238 idx=12 total=15 fw_us=1581660240 len=207

2026-09-14 18:08:56,805 INFO image_rx_daemon: cmd 0x63 superseded while pending (after 0 attempts) — body replaced, retry budget reset

2026-09-14 18:08:56,945 INFO image_rx_daemon: frag_arrival: seq=238 idx=13 total=15 fw_us=1581859966 len=207

2026-09-14 18:08:57,017 INFO image_rx_daemon: frag_arrival: seq=238 idx=14 total=15 fw_us=1581953639 len=63

2026-09-14 18:08:57,028 INFO image_rx_daemon: published frame_id=0 seq=238 2901 B → lifetrac/v25/video/tile_delta

2026-09-14 18:08:57,033 WARNING image_rx_daemon: cmd 0x60 GAVE UP after 5 attempts (22.1 s); cool-down 30 s

RFCO_PERTX during TX wait: profile_id=1 tx_status=0x00(OK) hop_idx=44 channel_idx=29 epoch=25 freq_hz=917250000 pkt_toa_us=20608 legal_dwell_used_us_10s=20608

2026-09-14 18:08:57,079 INFO image_rx_daemon: command TX opcode=0x63 copy=1/1 OK (on air)

2026-09-14 18:08:57,508 INFO image_rx_daemon: cmd 0x63 superseded while pending (after 1 attempts) — body replaced, retry budget reset

2026-09-14 18:08:57,553 INFO image_rx_daemon: frag_arrival: seq=246 idx=0 total=15 fw_us=1582459142 len=207

2026-09-14 18:08:57,951 INFO image_rx_daemon: frag_arrival: seq=246 idx=1 total=15 fw_us=1582858728 len=207

2026-09-14 18:08:58,141 INFO image_rx_daemon: frag_arrival: seq=246 idx=2 total=15 fw_us=1583058538 len=207

2026-09-14 18:08:58,214 INFO image_rx_daemon: cmd 0x63 superseded while pending (after 0 attempts) — body replaced, retry budget reset

2026-09-14 18:08:58,344 INFO image_rx_daemon: frag_arrival: seq=246 idx=3 total=15 fw_us=1583258320 len=207

2026-09-14 18:08:58,543 INFO image_rx_daemon: frag_arrival: seq=246 idx=4 total=15 fw_us=1583458028 len=207

2026-09-14 18:08:58,743 INFO image_rx_daemon: frag_arrival: seq=246 idx=5 total=15 fw_us=1583657721 len=207

2026-09-14 18:08:58,932 INFO image_rx_daemon: cmd 0x63 superseded while pending (after 0 attempts) — body replaced, retry budget reset

2026-09-14 18:08:58,958 INFO image_rx_daemon: frag_arrival: seq=246 idx=6 total=15 fw_us=1583857385 len=207

2026-09-14 18:08:59,147 INFO image_rx_daemon: frag_arrival: seq=246 idx=7 total=15 fw_us=1584056959 len=207

2026-09-14 18:08:59,545 INFO image_rx_daemon: frag_arrival: seq=246 idx=8 total=15 fw_us=1584456507 len=207

2026-09-14 18:08:59,621 INFO image_rx_daemon: cmd 0x63 superseded while pending (after 0 attempts) — body replaced, retry budget reset

2026-09-14 18:08:59,747 INFO image_rx_daemon: frag_arrival: seq=246 idx=9 total=15 fw_us=1584656268 len=207

2026-09-14 18:08:59,950 INFO image_rx_daemon: frag_arrival: seq=246 idx=10 total=15 fw_us=1584855957 len=207

2026-09-14 18:09:00,065 INFO image_rx_daemon: stats: rx_frames=1024 rx_decode_err=0 frames_published=53 publish_err=0 reassembler_decode_err=0 reassembler_timeouts=16 parity_recon=0 idle_drain_deferred=220 cmd_cooldown_drops=4 cmd_gate_held=0 cmd_copies_deferred=0

2026-09-14 18:09:00,069 INFO image_rx_daemon: air_gap: n=41 dt_med=199782us dt_p95=451241us len_med=207B cmd_tx_ok=60 cmd_tx_fail=0

2026-09-14 18:09:00,075 INFO image_rx_daemon: air_gap_hist(ms): <120:1 <200:31 <400:6 <1000:3

2026-09-14 18:09:00,080 INFO image_rx_daemon: rx_rf: n_rssi=41 n_snr=41 rssi[min/med/max]=-65/-61/-59 snr[min/med/max]=9.0/10.0/10.0

2026-09-14 18:09:00,082 INFO image_rx_daemon: phase_telemetry: valid=41 invalid=0 pre_f8=0 last_epoch=26 last_hop=8 slot_off=[14..14]

2026-09-14 18:09:00,086 INFO image_rx_daemon: air_gap_by_class: seq: n=38 med=199.8ms | boundary: n=3 med=497.8ms

2026-09-14 18:09:00,148 INFO image_rx_daemon: frag_arrival: seq=246 idx=11 total=15 fw_us=1585055722 len=207

2026-09-14 18:09:00,339 INFO image_rx_daemon: cmd 0x63 superseded while pending (after 0 attempts) — body replaced, retry budget reset

2026-09-14 18:09:00,356 INFO image_rx_daemon: frag_arrival: seq=246 idx=12 total=15 fw_us=1585255480 len=207

2026-09-14 18:09:00,545 INFO image_rx_daemon: frag_arrival: seq=246 idx=13 total=15 fw_us=1585455259 len=207

2026-09-14 18:09:00,694 INFO image_rx_daemon: frag_arrival: seq=246 idx=14 total=15 fw_us=1585616217 len=153

2026-09-14 18:09:00,706 INFO image_rx_daemon: published frame_id=0 seq=246 2991 B → lifetrac/v25/video/tile_delta

RFCO_PERTX during TX wait: profile_id=1 tx_status=0x00(OK) hop_idx=13 channel_idx=5 epoch=26 freq_hz=905250000 pkt_toa_us=20608 legal_dwell_used_us_10s=20608

2026-09-14 18:09:00,766 INFO image_rx_daemon: command TX opcode=0x63 copy=1/1 OK (on air)

2026-09-14 18:09:01,038 INFO image_rx_daemon: cmd 0x63 superseded while pending (after 1 attempts) — body replaced, retry budget reset

2026-09-14 18:09:01,142 INFO image_rx_daemon: frag_arrival: seq=253 idx=0 total=15 fw_us=1586054703 len=207

2026-09-14 18:09:01,546 INFO image_rx_daemon: frag_arrival: seq=253 idx=1 total=15 fw_us=1586454269 len=207

2026-09-14 18:09:01,748 INFO image_rx_daemon: frag_arrival: seq=253 idx=2 total=15 fw_us=1586654033 len=207

2026-09-14 18:09:01,755 INFO image_rx_daemon: cmd 0x63 superseded while pending (after 0 attempts) — body replaced, retry budget reset

2026-09-14 18:09:01,939 INFO image_rx_daemon: frag_arrival: seq=253 idx=3 total=15 fw_us=1586853827 len=207

2026-09-14 18:09:02,151 INFO image_rx_daemon: frag_arrival: seq=253 idx=4 total=15 fw_us=1587053623 len=207

2026-09-14 18:09:02,342 INFO image_rx_daemon: frag_arrival: seq=253 idx=5 total=15 fw_us=1587253438 len=207

2026-09-14 18:09:02,447 INFO image_rx_daemon: cmd 0x63 superseded while pending (after 0 attempts) — body replaced, retry budget reset

2026-09-14 18:09:02,542 INFO image_rx_daemon: frag_arrival: seq=253 idx=6 total=15 fw_us=1587453278 len=207

2026-09-14 18:09:02,742 INFO image_rx_daemon: frag_arrival: seq=253 idx=7 total=15 fw_us=1587654030 len=207

2026-09-14 18:09:03,150 INFO image_rx_daemon: frag_arrival: seq=253 idx=8 total=15 fw_us=1588052702 len=207

2026-09-14 18:09:03,157 INFO image_rx_daemon: cmd 0x63 superseded while pending (after 0 attempts) — body replaced, retry budget reset

2026-09-14 18:09:03,339 INFO image_rx_daemon: frag_arrival: seq=253 idx=9 total=15 fw_us=1588252541 len=207

2026-09-14 18:09:03,540 INFO image_rx_daemon: frag_arrival: seq=253 idx=10 total=15 fw_us=1588452350 len=207

2026-09-14 18:09:03,740 INFO image_rx_daemon: frag_arrival: seq=253 idx=11 total=15 fw_us=1588652220 len=207

2026-09-14 18:09:03,859 INFO image_rx_daemon: cmd 0x63 superseded while pending (after 0 attempts) — body replaced, retry budget reset

2026-09-14 18:09:03,943 INFO image_rx_daemon: frag_arrival: seq=253 idx=12 total=15 fw_us=1588853030 len=207

2026-09-14 18:09:04,142 INFO image_rx_daemon: frag_arrival: seq=253 idx=13 total=15 fw_us=1589051889 len=207

2026-09-14 18:09:04,292 INFO image_rx_daemon: frag_arrival: seq=253 idx=14 total=15 fw_us=1589212955 len=154

2026-09-14 18:09:04,304 INFO image_rx_daemon: published frame_id=0 seq=253 2992 B → lifetrac/v25/video/tile_delta

RFCO_PERTX during TX wait: profile_id=1 tx_status=0x00(OK) hop_idx=31 channel_idx=23 epoch=26 freq_hz=914250000 pkt_toa_us=20608 legal_dwell_used_us_10s=20608

2026-09-14 18:09:04,363 INFO image_rx_daemon: command TX opcode=0x63 copy=1/1 OK (on air)

2026-09-14 18:09:04,563 INFO image_rx_daemon: cmd 0x63 superseded while pending (after 1 attempts) — body replaced, retry budget reset

2026-09-14 18:09:04,740 INFO image_rx_daemon: frag_arrival: seq=4 idx=0 total=15 fw_us=1589651516 len=207

2026-09-14 18:09:05,143 INFO image_rx_daemon: frag_arrival: seq=4 idx=1 total=15 fw_us=1590051208 len=207

2026-09-14 18:09:05,267 INFO image_rx_daemon: cmd 0x63 superseded while pending (after 0 attempts) — body replaced, retry budget reset

2026-09-14 18:09:05,339 INFO image_rx_daemon: frag_arrival: seq=4 idx=2 total=15 fw_us=1590252030 len=207

2026-09-14 18:09:05,539 INFO image_rx_daemon: frag_arrival: seq=4 idx=3 total=15 fw_us=1590450849 len=207

2026-09-14 18:09:05,740 INFO image_rx_daemon: frag_arrival: seq=4 idx=4 total=15 fw_us=1590650627 len=207

2026-09-14 18:09:05,940 INFO image_rx_daemon: frag_arrival: seq=4 idx=5 total=15 fw_us=1590850389 len=207

2026-09-14 18:09:05,970 INFO image_rx_daemon: cmd 0x63 superseded while pending (after 0 attempts) — body replaced, retry budget reset

2026-09-14 18:09:06,140 INFO image_rx_daemon: frag_arrival: seq=4 idx=6 total=15 fw_us=1591050122 len=207

2026-09-14 18:09:06,340 INFO image_rx_daemon: frag_arrival: seq=4 idx=7 total=15 fw_us=1591249912 len=207

2026-09-14 18:09:06,674 INFO image_rx_daemon: cmd 0x63 superseded while pending (after 0 attempts) — body replaced, retry budget reset

2026-09-14 18:09:06,745 INFO image_rx_daemon: frag_arrival: seq=4 idx=8 total=15 fw_us=1591649541 len=207

2026-09-14 18:09:06,944 INFO image_rx_daemon: frag_arrival: seq=4 idx=9 total=15 fw_us=1591849354 len=207

2026-09-14 18:09:07,144 INFO image_rx_daemon: frag_arrival: seq=4 idx=10 total=15 fw_us=1592049150 len=207

2026-09-14 18:09:07,344 INFO image_rx_daemon: frag_arrival: seq=4 idx=11 total=15 fw_us=1592248991 len=207

2026-09-14 18:09:07,378 INFO image_rx_daemon: cmd 0x63 superseded while pending (after 0 attempts) — body replaced, retry budget reset

2026-09-14 18:09:07,545 INFO image_rx_daemon: frag_arrival: seq=4 idx=12 total=15 fw_us=1592448804 len=207

2026-09-14 18:09:07,744 INFO image_rx_daemon: frag_arrival: seq=4 idx=13 total=15 fw_us=1592648597 len=207

2026-09-14 18:09:07,816 INFO image_rx_daemon: frag_arrival: seq=4 idx=14 total=15 fw_us=1592744896 len=67

2026-09-14 18:09:07,827 INFO image_rx_daemon: published frame_id=0 seq=4 2905 B → lifetrac/v25/video/tile_delta

RFCO_PERTX during TX wait: profile_id=1 tx_status=0x00(OK) hop_idx=48 channel_idx=16 epoch=26 freq_hz=910750000 pkt_toa_us=20608 legal_dwell_used_us_10s=20608

2026-09-14 18:09:07,876 INFO image_rx_daemon: command TX opcode=0x63 copy=1/1 OK (on air)

2026-09-14 18:09:08,083 INFO image_rx_daemon: cmd 0x63 superseded while pending (after 1 attempts) — body replaced, retry budget reset

2026-09-14 18:09:08,338 INFO image_rx_daemon: frag_arrival: seq=11 idx=0 total=15 fw_us=1593247946 len=207

2026-09-14 18:09:08,740 INFO image_rx_daemon: frag_arrival: seq=11 idx=1 total=15 fw_us=1593647575 len=207

2026-09-14 18:09:08,787 INFO image_rx_daemon: cmd 0x63 superseded while pending (after 0 attempts) — body replaced, retry budget reset

2026-09-14 18:09:08,936 INFO image_rx_daemon: frag_arrival: seq=11 idx=2 total=15 fw_us=1593847452 len=207

2026-09-14 18:09:09,147 INFO image_rx_daemon: frag_arrival: seq=11 idx=3 total=15 fw_us=1594047371 len=207

2026-09-14 18:09:09,346 INFO image_rx_daemon: frag_arrival: seq=11 idx=4 total=15 fw_us=1594247274 len=207

2026-09-14 18:09:09,494 INFO image_rx_daemon: cmd 0x63 superseded while pending (after 0 attempts) — body replaced, retry budget reset

2026-09-14 18:09:09,545 INFO image_rx_daemon: frag_arrival: seq=11 idx=5 total=15 fw_us=1594447158 len=207

2026-09-14 18:09:09,939 INFO image_rx_daemon: frag_arrival: seq=11 idx=7 total=15 fw_us=1594838921 len=207

2026-09-14 18:09:10,093 INFO image_rx_daemon: stats: rx_frames=1065 rx_decode_err=0 frames_published=56 publish_err=0 reassembler_decode_err=0 reassembler_timeouts=16 parity_recon=0 idle_drain_deferred=229 cmd_cooldown_drops=5 cmd_gate_held=0 cmd_copies_deferred=0

2026-09-14 18:09:10,097 INFO image_rx_daemon: air_gap: n=41 dt_med=199815us dt_p95=438486us len_med=207B cmd_tx_ok=63 cmd_tx_fail=0

2026-09-14 18:09:10,103 INFO image_rx_daemon: air_gap_hist(ms): <120:1 <200:28 <400:9 <1000:3

2026-09-14 18:09:10,106 INFO image_rx_daemon: rx_rf: n_rssi=41 n_snr=41 rssi[min/med/max]=-65/-62/-59 snr[min/med/max]=9.0/10.0/11.0

2026-09-14 18:09:10,109 INFO image_rx_daemon: phase_telemetry: valid=41 invalid=0 pre_f8=0 last_epoch=27 last_hop=8 slot_off=[14..14]

2026-09-14 18:09:10,115 INFO image_rx_daemon: air_gap_by_class: seq: n=37 med=199.8ms | boundary: n=3 med=438.6ms | post_loss: n=1 med=391.8ms

2026-09-14 18:09:10,118 INFO image_rx_daemon: lost_frag_idx: n=1 idx0=0 (0.00% of idx0 arrivals) other=1 (1.30%) verdict=not-clustered | top 6:1

2026-09-14 18:09:10,202 INFO image_rx_daemon: cmd 0x63 superseded while pending (after 0 attempts) — body replaced, retry budget reset

2026-09-14 18:09:10,334 INFO image_rx_daemon: frag_arrival: seq=11 idx=8 total=15 fw_us=1595238759 len=207

2026-09-14 18:09:10,536 INFO image_rx_daemon: frag_arrival: seq=11 idx=9 total=15 fw_us=1595438608 len=207

2026-09-14 18:09:10,738 INFO image_rx_daemon: frag_arrival: seq=11 idx=10 total=15 fw_us=1595638518 len=207

2026-09-14 18:09:10,918 INFO image_rx_daemon: cmd 0x63 superseded while pending (after 0 attempts) — body replaced, retry budget reset

2026-09-14 18:09:10,954 INFO image_rx_daemon: frag_arrival: seq=11 idx=11 total=15 fw_us=1595838296 len=207

2026-09-14 18:09:11,136 INFO image_rx_daemon: frag_arrival: seq=11 idx=12 total=15 fw_us=1596038201 len=207

2026-09-14 18:09:11,337 INFO image_rx_daemon: frag_arrival: seq=11 idx=13 total=15 fw_us=1596238004 len=207

2026-09-14 18:09:11,410 INFO image_rx_daemon: frag_arrival: seq=11 idx=14 total=15 fw_us=1596342126 len=77

RFCO_PERTX during TX wait: profile_id=1 tx_status=0x00(OK) hop_idx=16 channel_idx=6 epoch=27 freq_hz=905750000 pkt_toa_us=20608 legal_dwell_used_us_10s=20608

2026-09-14 18:09:11,458 INFO image_rx_daemon: command TX opcode=0x63 copy=1/1 OK (on air)

2026-09-14 18:09:11,610 INFO image_rx_daemon: cmd 0x63 superseded while pending (after 1 attempts) — body replaced, retry budget reset

2026-09-14 18:09:11,941 INFO image_rx_daemon: frag_arrival: seq=25 idx=0 total=15 fw_us=1596837457 len=207

2026-09-14 18:09:12,325 INFO image_rx_daemon: cmd 0x63 superseded while pending (after 0 attempts) — body replaced, retry budget reset

2026-09-14 18:09:12,343 INFO image_rx_daemon: frag_arrival: seq=25 idx=1 total=15 fw_us=1597237032 len=207

2026-09-14 18:09:12,532 INFO image_rx_daemon: frag_arrival: seq=25 idx=2 total=15 fw_us=1597436900 len=207

2026-09-14 18:09:12,731 INFO image_rx_daemon: frag_arrival: seq=25 idx=3 total=15 fw_us=1597636766 len=207

2026-09-14 18:09:12,932 INFO image_rx_daemon: frag_arrival: seq=25 idx=4 total=15 fw_us=1597836594 len=207

2026-09-14 18:09:13,018 INFO image_rx_daemon: cmd 0x63 superseded while pending (after 0 attempts) — body replaced, retry budget reset

2026-09-14 18:09:13,132 INFO image_rx_daemon: frag_arrival: seq=25 idx=5 total=15 fw_us=1598036422 len=207

2026-09-14 18:09:13,525 INFO image_rx_daemon: frag_arrival: seq=25 idx=7 total=15 fw_us=1598429128 len=207

2026-09-14 18:09:13,722 INFO image_rx_daemon: cmd 0x63 superseded while pending (after 0 attempts) — body replaced, retry budget reset

2026-09-14 18:09:13,922 INFO image_rx_daemon: frag_arrival: seq=25 idx=8 total=15 fw_us=1598828943 len=207

2026-09-14 18:09:14,122 INFO image_rx_daemon: frag_arrival: seq=25 idx=9 total=15 fw_us=1599028768 len=207

2026-09-14 18:09:14,322 INFO image_rx_daemon: frag_arrival: seq=25 idx=10 total=15 fw_us=1599228691 len=207

2026-09-14 18:09:14,428 INFO image_rx_daemon: cmd 0x63 superseded while pending (after 0 attempts) — body replaced, retry budget reset

2026-09-14 18:09:14,525 INFO image_rx_daemon: frag_arrival: seq=25 idx=11 total=15 fw_us=1599428450 len=207

2026-09-14 18:09:14,724 INFO image_rx_daemon: frag_arrival: seq=25 idx=12 total=15 fw_us=1599628317 len=207

2026-09-14 18:09:14,924 INFO image_rx_daemon: frag_arrival: seq=25 idx=13 total=15 fw_us=1599828195 len=207

2026-09-14 18:09:15,060 INFO image_rx_daemon: frag_arrival: seq=25 idx=14 total=15 fw_us=1599976318 len=136

2026-09-14 18:09:15,132 INFO image_rx_daemon: cmd 0x63 superseded while pending (after 1 attempts) — body replaced, retry budget reset

RFCO_PERTX during TX wait: profile_id=1 tx_status=0x00(OK) hop_idx=35 channel_idx=18 epoch=27 freq_hz=911750000 pkt_toa_us=20608 legal_dwell_used_us_10s=20608

2026-09-14 18:09:15,146 INFO image_rx_daemon: command TX opcode=0x63 copy=1/1 OK (on air)

2026-09-14 18:09:15,527 INFO image_rx_daemon: frag_arrival: seq=26 idx=0 total=15 fw_us=1600427852 len=207

2026-09-14 18:09:15,836 INFO image_rx_daemon: cmd 0x63 superseded while pending (after 0 attempts) — body replaced, retry budget reset

2026-09-14 18:09:15,921 INFO image_rx_daemon: frag_arrival: seq=26 idx=1 total=15 fw_us=1600827595 len=207

2026-09-14 18:09:16,124 INFO image_rx_daemon: frag_arrival: seq=26 idx=2 total=15 fw_us=1601027516 len=207

2026-09-14 18:09:16,323 INFO image_rx_daemon: frag_arrival: seq=26 idx=3 total=15 fw_us=1601227449 len=207

2026-09-14 18:09:16,524 INFO image_rx_daemon: frag_arrival: seq=26 idx=4 total=15 fw_us=1601427389 len=207

2026-09-14 18:09:16,541 INFO image_rx_daemon: cmd 0x63 superseded while pending (after 0 attempts) — body replaced, retry budget reset

2026-09-14 18:09:16,723 INFO image_rx_daemon: frag_arrival: seq=26 idx=5 total=15 fw_us=1601627283 len=207

2026-09-14 18:09:16,924 INFO image_rx_daemon: frag_arrival: seq=26 idx=6 total=15 fw_us=1601827138 len=207

2026-09-14 18:09:17,123 INFO image_rx_daemon: frag_arrival: seq=26 idx=7 total=15 fw_us=1602027032 len=207

2026-09-14 18:09:17,245 INFO image_rx_daemon: cmd 0x63 superseded while pending (after 0 attempts) — body replaced, retry budget reset

2026-09-14 18:09:17,525 INFO image_rx_daemon: frag_arrival: seq=26 idx=8 total=15 fw_us=1602426799 len=207

2026-09-14 18:09:17,722 INFO image_rx_daemon: frag_arrival: seq=26 idx=9 total=15 fw_us=1602626720 len=207

2026-09-14 18:09:17,922 INFO image_rx_daemon: frag_arrival: seq=26 idx=10 total=15 fw_us=1602826643 len=207

2026-09-14 18:09:17,949 INFO image_rx_daemon: cmd 0x63 superseded while pending (after 0 attempts) — body replaced, retry budget reset

2026-09-14 18:09:18,123 INFO image_rx_daemon: frag_arrival: seq=26 idx=11 total=15 fw_us=1603026514 len=207

2026-09-14 18:09:18,322 INFO image_rx_daemon: frag_arrival: seq=26 idx=12 total=15 fw_us=1603226406 len=207

2026-09-14 18:09:18,523 INFO image_rx_daemon: frag_arrival: seq=26 idx=13 total=15 fw_us=1603426305 len=207

2026-09-14 18:09:18,620 INFO image_rx_daemon: frag_arrival: seq=26 idx=14 total=15 fw_us=1603538148 len=85

2026-09-14 18:09:18,630 INFO image_rx_daemon: published frame_id=0 seq=26 2923 B → lifetrac/v25/video/tile_delta

2026-09-14 18:09:18,655 INFO image_rx_daemon: cmd 0x63 superseded while pending (after 1 attempts) — body replaced, retry budget reset

RFCO_PERTX during TX wait: profile_id=1 tx_status=0x00(OK) hop_idx=2 channel_idx=25 epoch=28 freq_hz=915250000 pkt_toa_us=20608 legal_dwell_used_us_10s=20608

2026-09-14 18:09:18,682 INFO image_rx_daemon: command TX opcode=0x63 copy=1/1 OK (on air)

2026-09-14 18:09:19,121 INFO image_rx_daemon: frag_arrival: seq=33 idx=0 total=15 fw_us=1604025893 len=207

2026-09-14 18:09:19,356 INFO image_rx_daemon: cmd 0x63 superseded while pending (after 0 attempts) — body replaced, retry budget reset

2026-09-14 18:09:19,527 INFO image_rx_daemon: frag_arrival: seq=33 idx=1 total=15 fw_us=1604425658 len=207

2026-09-14 18:09:19,726 INFO image_rx_daemon: frag_arrival: seq=33 idx=2 total=15 fw_us=1604625511 len=207

2026-09-14 18:09:19,926 INFO image_rx_daemon: frag_arrival: seq=33 idx=3 total=15 fw_us=1604825370 len=207

2026-09-14 18:09:20,064 INFO image_rx_daemon: cmd 0x63 superseded while pending (after 0 attempts) — body replaced, retry budget reset

2026-09-14 18:09:20,118 INFO image_rx_daemon: frag_arrival: seq=33 idx=4 total=15 fw_us=1605025249 len=207

2026-09-14 18:09:20,137 INFO image_rx_daemon: stats: rx_frames=1106 rx_decode_err=0 frames_published=57 publish_err=0 reassembler_decode_err=0 reassembler_timeouts=18 parity_recon=0 idle_drain_deferred=239 cmd_cooldown_drops=6 cmd_gate_held=0 cmd_copies_deferred=0

2026-09-14 18:09:20,140 INFO image_rx_daemon: air_gap: n=41 dt_med=199894us dt_p95=451534us len_med=207B cmd_tx_ok=66 cmd_tx_fail=0

2026-09-14 18:09:20,146 INFO image_rx_daemon: air_gap_hist(ms): <120:2 <200:29 <400:7 <1000:3

2026-09-14 18:09:20,150 INFO image_rx_daemon: rx_rf: n_rssi=41 n_snr=41 rssi[min/med/max]=-65/-62/-59 snr[min/med/max]=9.0/10.0/11.0

2026-09-14 18:09:20,153 INFO image_rx_daemon: phase_telemetry: valid=41 invalid=0 pre_f8=0 last_epoch=28 last_hop=9 slot_off=[14..14]

2026-09-14 18:09:20,159 INFO image_rx_daemon: air_gap_by_class: seq: n=37 med=199.9ms | boundary: n=3 med=487.7ms | post_loss: n=1 med=392.7ms

2026-09-14 18:09:20,162 INFO image_rx_daemon: lost_frag_idx: n=1 idx0=0 (0.00% of idx0 arrivals) other=1 (2.56%) verdict=not-clustered | top 6:1

2026-09-14 18:09:20,322 INFO image_rx_daemon: frag_arrival: seq=33 idx=5 total=15 fw_us=1605225137 len=207

2026-09-14 18:09:20,522 INFO image_rx_daemon: frag_arrival: seq=33 idx=6 total=15 fw_us=1605425009 len=207

2026-09-14 18:09:20,722 INFO image_rx_daemon: frag_arrival: seq=33 idx=7 total=15 fw_us=1605624732 len=207

2026-09-14 18:09:20,771 INFO image_rx_daemon: cmd 0x63 superseded while pending (after 0 attempts) — body replaced, retry budget reset

2026-09-14 18:09:21,121 INFO image_rx_daemon: frag_arrival: seq=33 idx=8 total=15 fw_us=1606024329 len=207

2026-09-14 18:09:21,322 INFO image_rx_daemon: frag_arrival: seq=33 idx=9 total=15 fw_us=1606224140 len=207

2026-09-14 18:09:21,475 INFO image_rx_daemon: cmd 0x63 superseded while pending (after 0 attempts) — body replaced, retry budget reset

2026-09-14 18:09:21,525 INFO image_rx_daemon: frag_arrival: seq=33 idx=10 total=15 fw_us=1606423989 len=207

2026-09-14 18:09:21,725 INFO image_rx_daemon: frag_arrival: seq=33 idx=11 total=15 fw_us=1606623836 len=207

2026-09-14 18:09:21,925 INFO image_rx_daemon: frag_arrival: seq=33 idx=12 total=15 fw_us=1606823715 len=207

2026-09-14 18:09:22,126 INFO image_rx_daemon: frag_arrival: seq=33 idx=13 total=15 fw_us=1607023537 len=207

2026-09-14 18:09:22,179 INFO image_rx_daemon: cmd 0x63 superseded while pending (after 0 attempts) — body replaced, retry budget reset

2026-09-14 18:09:22,265 INFO image_rx_daemon: frag_arrival: seq=33 idx=14 total=15 fw_us=1607179362 len=147

2026-09-14 18:09:22,276 INFO image_rx_daemon: published frame_id=0 seq=33 2985 B → lifetrac/v25/video/tile_delta

RFCO_PERTX during TX wait: profile_id=1 tx_status=0x00(OK) hop_idx=21 channel_idx=15 epoch=28 freq_hz=910250000 pkt_toa_us=20608 legal_dwell_used_us_10s=20608

2026-09-14 18:09:22,346 INFO image_rx_daemon: command TX opcode=0x63 copy=1/1 OK (on air)

2026-09-14 18:09:22,723 INFO image_rx_daemon: frag_arrival: seq=47 idx=0 total=15 fw_us=1607624030 len=207

2026-09-14 18:09:22,884 INFO image_rx_daemon: cmd 0x63 superseded while pending (after 1 attempts) — body replaced, retry budget reset

2026-09-14 18:09:23,119 INFO image_rx_daemon: frag_arrival: seq=47 idx=1 total=15 fw_us=1608022830 len=207

2026-09-14 18:09:23,321 INFO image_rx_daemon: frag_arrival: seq=47 idx=2 total=15 fw_us=1608222636 len=207

2026-09-14 18:09:23,520 INFO image_rx_daemon: frag_arrival: seq=47 idx=3 total=15 fw_us=1608422447 len=207

2026-09-14 18:09:23,588 INFO image_rx_daemon: cmd 0x63 superseded while pending (after 0 attempts) — body replaced, retry budget reset

2026-09-14 18:09:23,724 INFO image_rx_daemon: frag_arrival: seq=47 idx=4 total=15 fw_us=1608622304 len=207

2026-09-14 18:09:23,924 INFO image_rx_daemon: frag_arrival: seq=47 idx=5 total=15 fw_us=1608822153 len=207

2026-09-14 18:09:24,126 INFO image_rx_daemon: frag_arrival: seq=47 idx=6 total=15 fw_us=1609022005 len=207

2026-09-14 18:09:24,291 INFO image_rx_daemon: cmd 0x63 superseded while pending (after 0 attempts) — body replaced, retry budget reset

2026-09-14 18:09:24,335 INFO image_rx_daemon: frag_arrival: seq=47 idx=7 total=15 fw_us=1609221853 len=207

2026-09-14 18:09:24,722 INFO image_rx_daemon: frag_arrival: seq=47 idx=8 total=15 fw_us=1609621614 len=207

2026-09-14 18:09:24,922 INFO image_rx_daemon: frag_arrival: seq=47 idx=9 total=15 fw_us=1609821437 len=207

2026-09-14 18:09:24,994 INFO image_rx_daemon: cmd 0x63 superseded while pending (after 0 attempts) — body replaced, retry budget reset

2026-09-14 18:09:25,122 INFO image_rx_daemon: frag_arrival: seq=47 idx=10 total=15 fw_us=1610021307 len=207

2026-09-14 18:09:25,324 INFO image_rx_daemon: frag_arrival: seq=47 idx=11 total=15 fw_us=1610221102 len=207

2026-09-14 18:09:25,524 INFO image_rx_daemon: frag_arrival: seq=47 idx=12 total=15 fw_us=1610420881 len=207

2026-09-14 18:09:25,717 INFO image_rx_daemon: cmd 0x63 superseded while pending (after 0 attempts) — body replaced, retry budget reset

2026-09-14 18:09:25,733 INFO image_rx_daemon: frag_arrival: seq=47 idx=13 total=15 fw_us=1610620633 len=207

2026-09-14 18:09:25,834 INFO image_rx_daemon: frag_arrival: seq=47 idx=14 total=15 fw_us=1610750525 len=111

2026-09-14 18:09:25,845 INFO image_rx_daemon: published frame_id=0 seq=47 2949 B → lifetrac/v25/video/tile_delta

RFCO_PERTX during TX wait: profile_id=1 tx_status=0x00(OK) hop_idx=38 channel_idx=43 epoch=28 freq_hz=924250000 pkt_toa_us=20608 legal_dwell_used_us_10s=20608

2026-09-14 18:09:25,894 INFO image_rx_daemon: command TX opcode=0x63 copy=1/1 OK (on air)

2026-09-14 18:09:26,322 INFO image_rx_daemon: frag_arrival: seq=48 idx=0 total=15 fw_us=1611221030 len=207

2026-09-14 18:09:26,406 INFO image_rx_daemon: cmd 0x63 superseded while pending (after 1 attempts) — body replaced, retry budget reset

2026-09-14 18:09:26,726 INFO image_rx_daemon: frag_arrival: seq=48 idx=1 total=15 fw_us=1611619800 len=207

2026-09-14 18:09:26,914 INFO image_rx_daemon: frag_arrival: seq=48 idx=2 total=15 fw_us=1611819665 len=207

2026-09-14 18:09:27,115 INFO image_rx_daemon: frag_arrival: seq=48 idx=3 total=15 fw_us=1612019523 len=207

2026-09-14 18:09:27,120 INFO image_rx_daemon: cmd 0x63 superseded while pending (after 0 attempts) — body replaced, retry budget reset

2026-09-14 18:09:27,323 INFO image_rx_daemon: frag_arrival: seq=48 idx=4 total=15 fw_us=1612219383 len=207

2026-09-14 18:09:27,522 INFO image_rx_daemon: frag_arrival: seq=48 idx=5 total=15 fw_us=1612419242 len=207

2026-09-14 18:09:27,723 INFO image_rx_daemon: frag_arrival: seq=48 idx=6 total=15 fw_us=1612619107 len=207

2026-09-14 18:09:27,813 INFO image_rx_daemon: cmd 0x63 superseded while pending (after 0 attempts) — body replaced, retry budget reset

2026-09-14 18:09:27,916 INFO image_rx_daemon: frag_arrival: seq=48 idx=7 total=15 fw_us=1612819020 len=207

2026-09-14 18:09:28,323 INFO image_rx_daemon: frag_arrival: seq=48 idx=8 total=15 fw_us=1613218690 len=207

2026-09-14 18:09:28,524 INFO image_rx_daemon: cmd 0x63 superseded while pending (after 0 attempts) — body replaced, retry budget reset

2026-09-14 18:09:28,531 INFO image_rx_daemon: frag_arrival: seq=48 idx=9 total=15 fw_us=1613418515 len=207

2026-09-14 18:09:28,719 INFO image_rx_daemon: frag_arrival: seq=48 idx=10 total=15 fw_us=1613618328 len=207

2026-09-14 18:09:28,918 INFO image_rx_daemon: frag_arrival: seq=48 idx=11 total=15 fw_us=1613818139 len=207

2026-09-14 18:09:29,117 INFO image_rx_daemon: frag_arrival: seq=48 idx=12 total=15 fw_us=1614017976 len=207

2026-09-14 18:09:29,222 INFO image_rx_daemon: cmd 0x63 superseded while pending (after 0 attempts) — body replaced, retry budget reset

2026-09-14 18:09:29,317 INFO image_rx_daemon: frag_arrival: seq=48 idx=13 total=15 fw_us=1614217763 len=207

2026-09-14 18:09:29,465 INFO image_rx_daemon: frag_arrival: seq=48 idx=14 total=15 fw_us=1614373605 len=147

2026-09-14 18:09:29,476 INFO image_rx_daemon: published frame_id=0 seq=48 2985 B → lifetrac/v25/video/tile_delta

RFCO_PERTX during TX wait: profile_id=1 tx_status=0x00(OK) hop_idx=7 channel_idx=37 epoch=29 freq_hz=921250000 pkt_toa_us=20608 legal_dwell_used_us_10s=20608

2026-09-14 18:09:29,535 INFO image_rx_daemon: command TX opcode=0x63 copy=1/1 OK (on air)

2026-09-14 18:09:29,913 INFO image_rx_daemon: frag_arrival: seq=54 idx=0 total=15 fw_us=1614817213 len=207

2026-09-14 18:09:29,929 INFO image_rx_daemon: cmd 0x63 superseded while pending (after 1 attempts) — body replaced, retry budget reset

2026-09-14 18:09:30,170 INFO image_rx_daemon: stats: rx_frames=1147 rx_decode_err=0 frames_published=60 publish_err=0 reassembler_decode_err=0 reassembler_timeouts=18 parity_recon=0 idle_drain_deferred=248 cmd_cooldown_drops=6 cmd_gate_held=0 cmd_copies_deferred=0

2026-09-14 18:09:30,174 INFO image_rx_daemon: air_gap: n=41 dt_med=199849us dt_p95=443608us len_med=207B cmd_tx_ok=69 cmd_tx_fail=0

2026-09-14 18:09:30,179 INFO image_rx_daemon: air_gap_hist(ms): <200:33 <400:5 <1000:3

2026-09-14 18:09:30,183 INFO image_rx_daemon: rx_rf: n_rssi=41 n_snr=41 rssi[min/med/max]=-65/-62/-59 snr[min/med/max]=9.0/10.0/11.0

2026-09-14 18:09:30,186 INFO image_rx_daemon: phase_telemetry: valid=41 invalid=0 pre_f8=0 last_epoch=29 last_hop=8 slot_off=[14..14]

2026-09-14 18:09:30,190 INFO image_rx_daemon: air_gap_by_class: seq: n=38 med=199.8ms | boundary: n=3 med=444.7ms

2026-09-14 18:09:30,320 INFO image_rx_daemon: frag_arrival: seq=54 idx=1 total=15 fw_us=1615216930 len=207

2026-09-14 18:09:30,518 INFO image_rx_daemon: frag_arrival: seq=54 idx=2 total=15 fw_us=1615416783 len=207

2026-09-14 18:09:30,632 INFO image_rx_daemon: cmd 0x63 superseded while pending (after 0 attempts) — body replaced, retry budget reset

2026-09-14 18:09:30,716 INFO image_rx_daemon: frag_arrival: seq=54 idx=3 total=15 fw_us=1615616505 len=207

2026-09-14 18:09:30,917 INFO image_rx_daemon: frag_arrival: seq=54 idx=4 total=15 fw_us=1615816343 len=207

2026-09-14 18:09:31,117 INFO image_rx_daemon: frag_arrival: seq=54 idx=5 total=15 fw_us=1616016034 len=207

2026-09-14 18:09:31,318 INFO image_rx_daemon: frag_arrival: seq=54 idx=6 total=15 fw_us=1616215870 len=207

2026-09-14 18:09:31,338 INFO image_rx_daemon: cmd 0x63 superseded while pending (after 0 attempts) — body replaced, retry budget reset

2026-09-14 18:09:31,519 INFO image_rx_daemon: frag_arrival: seq=54 idx=7 total=15 fw_us=1616415576 len=207

2026-09-14 18:09:31,918 INFO image_rx_daemon: frag_arrival: seq=54 idx=8 total=15 fw_us=1616815033 len=207

2026-09-14 18:09:32,049 INFO image_rx_daemon: cmd 0x63 superseded while pending (after 0 attempts) — body replaced, retry budget reset

2026-09-14 18:09:32,122 INFO image_rx_daemon: frag_arrival: seq=54 idx=9 total=15 fw_us=1617014855 len=207

2026-09-14 18:09:32,313 INFO image_rx_daemon: frag_arrival: seq=54 idx=10 total=15 fw_us=1617214759 len=207

2026-09-14 18:09:32,514 INFO image_rx_daemon: frag_arrival: seq=54 idx=11 total=15 fw_us=1617414534 len=207

2026-09-14 18:09:32,717 INFO image_rx_daemon: frag_arrival: seq=54 idx=12 total=15 fw_us=1617614434 len=207

2026-09-14 18:09:32,750 INFO image_rx_daemon: cmd 0x63 superseded while pending (after 0 attempts) — body replaced, retry budget reset

2026-09-14 18:09:32,926 INFO image_rx_daemon: frag_arrival: seq=54 idx=13 total=15 fw_us=1617814293 len=207

2026-09-14 18:09:33,078 INFO image_rx_daemon: frag_arrival: seq=54 idx=14 total=15 fw_us=1617975270 len=153

2026-09-14 18:09:33,114 INFO image_rx_daemon: published frame_id=0 seq=54 2991 B → lifetrac/v25/video/tile_delta

2026-09-14 18:09:33,171 INFO image_rx_daemon: command TX opcode=0x60 copy=1/1 OK (on air)

RFCO_PERTX during TX wait: profile_id=1 tx_status=0x00(OK) hop_idx=25 channel_idx=3 epoch=29 freq_hz=904250000 pkt_toa_us=20608 legal_dwell_used_us_10s=20608

2026-09-14 18:09:33,528 INFO image_rx_daemon: frag_arrival: seq=61 idx=0 total=15 fw_us=1618413721 len=207

2026-09-14 18:09:33,935 INFO image_rx_daemon: frag_arrival: seq=61 idx=1 total=15 fw_us=1618813411 len=207

2026-09-14 18:09:34,130 INFO image_rx_daemon: frag_arrival: seq=61 idx=2 total=15 fw_us=1619013286 len=207

2026-09-14 18:09:34,327 INFO image_rx_daemon: frag_arrival: seq=61 idx=3 total=15 fw_us=1619213121 len=207

2026-09-14 18:09:34,539 INFO image_rx_daemon: frag_arrival: seq=61 idx=4 total=15 fw_us=1619412977 len=207

2026-09-14 18:09:34,721 INFO image_rx_daemon: frag_arrival: seq=61 idx=5 total=15 fw_us=1619612875 len=207

2026-09-14 18:09:34,918 INFO image_rx_daemon: frag_arrival: seq=61 idx=6 total=15 fw_us=1619812731 len=207

2026-09-14 18:09:35,144 INFO image_rx_daemon: frag_arrival: seq=61 idx=7 total=15 fw_us=1620012543 len=207

2026-09-14 18:09:35,532 INFO image_rx_daemon: frag_arrival: seq=61 idx=8 total=15 fw_us=1620412184 len=207

2026-09-14 18:09:35,727 INFO image_rx_daemon: frag_arrival: seq=61 idx=9 total=15 fw_us=1620613030 len=207

2026-09-14 18:09:35,936 INFO image_rx_daemon: frag_arrival: seq=61 idx=10 total=15 fw_us=1620811817 len=207

2026-09-14 18:09:36,126 INFO image_rx_daemon: frag_arrival: seq=61 idx=11 total=15 fw_us=1621011611 len=207

2026-09-14 18:09:36,329 INFO image_rx_daemon: frag_arrival: seq=61 idx=12 total=15 fw_us=1621211443 len=207

2026-09-14 18:09:36,520 INFO image_rx_daemon: frag_arrival: seq=61 idx=13 total=15 fw_us=1621411262 len=207

2026-09-14 18:09:36,676 INFO image_rx_daemon: frag_arrival: seq=61 idx=14 total=15 fw_us=1621572287 len=154

2026-09-14 18:09:36,705 INFO image_rx_daemon: published frame_id=0 seq=61 2992 B → lifetrac/v25/video/tile_delta

RFCO_PERTX during TX wait: profile_id=1 tx_status=0x00(OK) hop_idx=43 channel_idx=17 epoch=29 freq_hz=911250000 pkt_toa_us=20608 legal_dwell_used_us_10s=20608

2026-09-14 18:09:36,760 INFO image_rx_daemon: command TX opcode=0x60 copy=1/1 OK (on air)

2026-09-14 18:09:37,127 INFO image_rx_daemon: frag_arrival: seq=69 idx=0 total=15 fw_us=1622010833 len=207

2026-09-14 18:09:37,528 INFO image_rx_daemon: frag_arrival: seq=69 idx=1 total=15 fw_us=1622410525 len=207

2026-09-14 18:09:37,724 INFO image_rx_daemon: frag_arrival: seq=69 idx=2 total=15 fw_us=1622610319 len=207

2026-09-14 18:09:37,917 INFO image_rx_daemon: frag_arrival: seq=69 idx=3 total=15 fw_us=1622811030 len=207

2026-09-14 18:09:38,122 INFO image_rx_daemon: frag_arrival: seq=69 idx=4 total=15 fw_us=1623009898 len=207

