2026-07-25 01:06:36,870 INFO image_tx_daemon: opening L072 HostLink on /dev/ttymxc3 @ 921600

2026-07-25 01:06:36,874 INFO image_tx_daemon: image_tx_daemon started; mqtt=192.168.1.79:1883 uart=/dev/ttymxc3

2026-07-25 01:06:36,885 INFO image_tx_daemon: MQTT connected; subscribing to lifetrac/v25/cmd/image_frame

2026-07-25 01:06:36,888 INFO image_tx_daemon: LIFETRAC_SKIP_RESET_REQ=1 ΓÇö relying on external NRST; draining boot chatter only

INFO: post-VER drain queued type=0xF1 seq=0

INFO: post-VER drain queued type=0xC1 seq=0

INFO: post-VER drain queued type=0xF1 seq=0

INFO: post-VER drain queued type=0xC1 seq=0

Initializing regulatory profile 1 on co-processor...

  FHSS mask: WIDE (50 channels) [LIFETRAC_FHSS_WIDE_MASK=1]

CFG_SET_REQ(FHSS_CHANNEL_MASK) OK: 07000800

CFG_SET_REQ(ANTENNA_GAIN_DBI) OK: 15000100

CFG_SET_REQ(HW_CEILING_DBM) OK: 16000100

CFG_SET_REQ(REG_PROFILE=1) OK: 14000100

PHY contract OK: image_bw250 == {'sf': 7, 'bw_khz': 250, 'cr_den': 5, 'preamble': 8}

2026-07-25 01:06:37,675 INFO image_tx_daemon: LBT_ENABLE=0 (matches W1-10b TX_BURST rationale)

2026-07-25 01:06:37,675 INFO image_tx_daemon: TX worker ready (inter_cycle_s=0.050, max 8 frags/dwell)

2026-07-25 01:06:37,873 INFO image_tx_daemon: stats: goodput=0.0 B/s util=0% pipeline=v2 frames_in=0 ok=0 fail=0 drop_full=0 drop_stale=0 frags_ok=0 frags_fail=0 qdepth=0

INFO: unrelated frame during TX wait type=0xC0

RFCO_PERTX during TX wait: profile_id=1 tx_status=0x00(OK) hop_idx=0 channel_idx=3 epoch=0 freq_hz=904250000 pkt_toa_us=169088 legal_dwell_used_us_10s=169088

INFO: unrelated frame during TX wait type=0xC0

RFCO_PERTX during TX wait: profile_id=1 tx_status=0x00(OK) hop_idx=1 channel_idx=19 epoch=0 freq_hz=912250000 pkt_toa_us=56448 legal_dwell_used_us_10s=56448

2026-07-25 01:06:41,484 INFO image_tx_daemon: frame seq=1 done: 2 fragments ok

INFO: unrelated frame during TX wait type=0xC0

RFCO_PERTX during TX wait: profile_id=1 tx_status=0x00(OK) hop_idx=2 channel_idx=31 epoch=0 freq_hz=918250000 pkt_toa_us=169088 legal_dwell_used_us_10s=169088

INFO: unrelated frame during TX wait type=0xC0

RFCO_PERTX during TX wait: profile_id=1 tx_status=0x00(OK) hop_idx=3 channel_idx=14 epoch=0 freq_hz=909750000 pkt_toa_us=53888 legal_dwell_used_us_10s=53888

2026-07-25 01:06:41,878 INFO image_tx_daemon: frame seq=2 done: 2 fragments ok

INFO: unrelated frame during TX wait type=0xC0

RFCO_PERTX during TX wait: profile_id=1 tx_status=0x00(OK) hop_idx=4 channel_idx=22 epoch=0 freq_hz=913750000 pkt_toa_us=169088 legal_dwell_used_us_10s=169088

INFO: unrelated frame during TX wait type=0xC0

RFCO_PERTX during TX wait: profile_id=1 tx_status=0x00(OK) hop_idx=5 channel_idx=46 epoch=0 freq_hz=925750000 pkt_toa_us=53888 legal_dwell_used_us_10s=53888

2026-07-25 01:06:42,283 INFO image_tx_daemon: frame seq=3 done: 2 fragments ok

INFO: unrelated frame during TX wait type=0xC0

RFCO_PERTX during TX wait: profile_id=1 tx_status=0x00(OK) hop_idx=6 channel_idx=10 epoch=0 freq_hz=907750000 pkt_toa_us=169088 legal_dwell_used_us_10s=169088

INFO: unrelated frame during TX wait type=0xC0

RFCO_PERTX during TX wait: profile_id=1 tx_status=0x00(OK) hop_idx=7 channel_idx=0 epoch=0 freq_hz=902750000 pkt_toa_us=53888 legal_dwell_used_us_10s=53888

2026-07-25 01:06:42,677 INFO image_tx_daemon: frame seq=5 done: 2 fragments ok

INFO: unrelated frame during TX wait type=0xC0

RFCO_PERTX during TX wait: profile_id=1 tx_status=0x00(OK) hop_idx=8 channel_idx=36 epoch=0 freq_hz=920750000 pkt_toa_us=169088 legal_dwell_used_us_10s=169088

INFO: unrelated frame during TX wait type=0xC0

RFCO_PERTX during TX wait: profile_id=1 tx_status=0x00(OK) hop_idx=9 channel_idx=40 epoch=0 freq_hz=922750000 pkt_toa_us=53888 legal_dwell_used_us_10s=53888

2026-07-25 01:06:43,083 INFO image_tx_daemon: frame seq=8 done: 2 fragments ok

INFO: unrelated frame during TX wait type=0xC0

RFCO_PERTX during TX wait: profile_id=1 tx_status=0x00(OK) hop_idx=10 channel_idx=37 epoch=0 freq_hz=921250000 pkt_toa_us=169088 legal_dwell_used_us_10s=169088

INFO: unrelated frame during TX wait type=0xC0

RFCO_PERTX during TX wait: profile_id=1 tx_status=0x00(OK) hop_idx=11 channel_idx=20 epoch=0 freq_hz=912750000 pkt_toa_us=48768 legal_dwell_used_us_10s=48768

2026-07-25 01:06:43,477 INFO image_tx_daemon: frame seq=10 done: 2 fragments ok

INFO: unrelated frame during TX wait type=0xC0

RFCO_PERTX during TX wait: profile_id=1 tx_status=0x00(OK) hop_idx=12 channel_idx=32 epoch=0 freq_hz=918750000 pkt_toa_us=169088 legal_dwell_used_us_10s=169088

INFO: unrelated frame during TX wait type=0xC0

RFCO_PERTX during TX wait: profile_id=1 tx_status=0x00(OK) hop_idx=13 channel_idx=44 epoch=0 freq_hz=924750000 pkt_toa_us=51328 legal_dwell_used_us_10s=51328

2026-07-25 01:06:43,882 INFO image_tx_daemon: frame seq=12 done: 2 fragments ok

INFO: unrelated frame during TX wait type=0xC0

RFCO_PERTX during TX wait: profile_id=1 tx_status=0x00(OK) hop_idx=14 channel_idx=16 epoch=0 freq_hz=910750000 pkt_toa_us=169088 legal_dwell_used_us_10s=169088

INFO: unrelated frame during TX wait type=0xC0

RFCO_PERTX during TX wait: profile_id=1 tx_status=0x00(OK) hop_idx=15 channel_idx=7 epoch=0 freq_hz=906250000 pkt_toa_us=48768 legal_dwell_used_us_10s=48768

2026-07-25 01:06:44,276 INFO image_tx_daemon: frame seq=15 done: 2 fragments ok

INFO: unrelated frame during TX wait type=0xC0

RFCO_PERTX during TX wait: profile_id=1 tx_status=0x00(OK) hop_idx=16 channel_idx=4 epoch=0 freq_hz=904750000 pkt_toa_us=169088 legal_dwell_used_us_10s=169088

INFO: unrelated frame during TX wait type=0xC0

RFCO_PERTX during TX wait: profile_id=1 tx_status=0x00(OK) hop_idx=17 channel_idx=8 epoch=0 freq_hz=906750000 pkt_toa_us=51328 legal_dwell_used_us_10s=51328

2026-07-25 01:06:44,681 INFO image_tx_daemon: frame seq=17 done: 2 fragments ok

INFO: unrelated frame during TX wait type=0xC0

RFCO_PERTX during TX wait: profile_id=1 tx_status=0x00(OK) hop_idx=18 channel_idx=47 epoch=0 freq_hz=926250000 pkt_toa_us=169088 legal_dwell_used_us_10s=169088

INFO: unrelated frame during TX wait type=0xC0

RFCO_PERTX during TX wait: profile_id=1 tx_status=0x00(OK) hop_idx=19 channel_idx=34 epoch=0 freq_hz=919750000 pkt_toa_us=48768 legal_dwell_used_us_10s=48768

2026-07-25 01:06:45,076 INFO image_tx_daemon: frame seq=20 done: 2 fragments ok

INFO: unrelated frame during TX wait type=0xC0

RFCO_PERTX during TX wait: profile_id=1 tx_status=0x00(OK) hop_idx=20 channel_idx=24 epoch=0 freq_hz=914750000 pkt_toa_us=169088 legal_dwell_used_us_10s=169088

INFO: unrelated frame during TX wait type=0xC0

RFCO_PERTX during TX wait: profile_id=1 tx_status=0x00(OK) hop_idx=21 channel_idx=17 epoch=0 freq_hz=911250000 pkt_toa_us=48768 legal_dwell_used_us_10s=48768

2026-07-25 01:06:45,469 INFO image_tx_daemon: frame seq=22 done: 2 fragments ok

INFO: unrelated frame during TX wait type=0xC0

RFCO_PERTX during TX wait: profile_id=1 tx_status=0x00(OK) hop_idx=22 channel_idx=41 epoch=0 freq_hz=923250000 pkt_toa_us=169088 legal_dwell_used_us_10s=169088

INFO: unrelated frame during TX wait type=0xC0

RFCO_PERTX during TX wait: profile_id=1 tx_status=0x00(OK) hop_idx=23 channel_idx=43 epoch=0 freq_hz=924250000 pkt_toa_us=51328 legal_dwell_used_us_10s=51328

2026-07-25 01:06:45,877 INFO image_tx_daemon: frame seq=24 done: 2 fragments ok

INFO: unrelated frame during TX wait type=0xC0

RFCO_PERTX during TX wait: profile_id=1 tx_status=0x00(OK) hop_idx=24 channel_idx=49 epoch=0 freq_hz=927250000 pkt_toa_us=169088 legal_dwell_used_us_10s=169088

INFO: unrelated frame during TX wait type=0xC0

RFCO_PERTX during TX wait: profile_id=1 tx_status=0x00(OK) hop_idx=25 channel_idx=23 epoch=0 freq_hz=914250000 pkt_toa_us=51328 legal_dwell_used_us_10s=51328

2026-07-25 01:06:46,272 INFO image_tx_daemon: frame seq=27 done: 2 fragments ok

INFO: unrelated frame during TX wait type=0xC0

RFCO_PERTX during TX wait: profile_id=1 tx_status=0x00(OK) hop_idx=26 channel_idx=18 epoch=0 freq_hz=911750000 pkt_toa_us=169088 legal_dwell_used_us_10s=169088

INFO: unrelated frame during TX wait type=0xC0

RFCO_PERTX during TX wait: profile_id=1 tx_status=0x00(OK) hop_idx=27 channel_idx=9 epoch=0 freq_hz=907250000 pkt_toa_us=38528 legal_dwell_used_us_10s=38528

2026-07-25 01:06:46,665 INFO image_tx_daemon: frame seq=29 done: 2 fragments ok

INFO: unrelated frame during TX wait type=0xC0

RFCO_PERTX during TX wait: profile_id=1 tx_status=0x00(OK) hop_idx=28 channel_idx=27 epoch=0 freq_hz=916250000 pkt_toa_us=169088 legal_dwell_used_us_10s=169088

INFO: unrelated frame during TX wait type=0xC0

RFCO_PERTX during TX wait: profile_id=1 tx_status=0x00(OK) hop_idx=29 channel_idx=12 epoch=0 freq_hz=908750000 pkt_toa_us=51328 legal_dwell_used_us_10s=51328

2026-07-25 01:06:47,070 INFO image_tx_daemon: frame seq=31 done: 2 fragments ok

INFO: unrelated frame during TX wait type=0xC0

RFCO_PERTX during TX wait: profile_id=1 tx_status=0x00(OK) hop_idx=30 channel_idx=35 epoch=0 freq_hz=920250000 pkt_toa_us=169088 legal_dwell_used_us_10s=169088

INFO: unrelated frame during TX wait type=0xC0

RFCO_PERTX during TX wait: profile_id=1 tx_status=0x00(OK) hop_idx=31 channel_idx=5 epoch=0 freq_hz=905250000 pkt_toa_us=61568 legal_dwell_used_us_10s=61568

2026-07-25 01:06:47,485 INFO image_tx_daemon: frame seq=34 done: 2 fragments ok

INFO: unrelated frame during TX wait type=0xC0

RFCO_PERTX during TX wait: profile_id=1 tx_status=0x00(OK) hop_idx=32 channel_idx=45 epoch=0 freq_hz=925250000 pkt_toa_us=169088 legal_dwell_used_us_10s=169088

2026-07-25 01:06:47,885 INFO image_tx_daemon: stats: goodput=422.8 B/s util=37% pipeline=v2 frames_in=42 ok=16 fail=0 drop_full=21 drop_stale=0 frags_ok=33 frags_fail=0 qdepth=4

INFO: unrelated frame during TX wait type=0xC0

RFCO_PERTX during TX wait: profile_id=1 tx_status=0x00(OK) hop_idx=33 channel_idx=25 epoch=0 freq_hz=915250000 pkt_toa_us=64128 legal_dwell_used_us_10s=64128

2026-07-25 01:06:47,889 INFO image_tx_daemon: frame seq=36 done: 2 fragments ok

INFO: unrelated frame during TX wait type=0xC0

RFCO_PERTX during TX wait: profile_id=1 tx_status=0x00(OK) hop_idx=34 channel_idx=1 epoch=0 freq_hz=903250000 pkt_toa_us=117888 legal_dwell_used_us_10s=117888

2026-07-25 01:06:48,149 INFO image_tx_daemon: frame seq=39 done: 1 fragments ok

INFO: unrelated frame during TX wait type=0xC0

RFCO_PERTX during TX wait: profile_id=1 tx_status=0x00(OK) hop_idx=35 channel_idx=30 epoch=0 freq_hz=917750000 pkt_toa_us=117888 legal_dwell_used_us_10s=117888

2026-07-25 01:06:48,346 INFO image_tx_daemon: frame seq=40 done: 1 fragments ok

INFO: unrelated frame during TX wait type=0xC0

RFCO_PERTX during TX wait: profile_id=1 tx_status=0x00(OK) hop_idx=36 channel_idx=21 epoch=0 freq_hz=913250000 pkt_toa_us=115328 legal_dwell_used_us_10s=115328

2026-07-25 01:06:48,544 INFO image_tx_daemon: frame seq=42 done: 1 fragments ok

INFO: unrelated frame during TX wait type=0xC0

RFCO_PERTX during TX wait: profile_id=1 tx_status=0x00(OK) hop_idx=37 channel_idx=26 epoch=0 freq_hz=915750000 pkt_toa_us=117888 legal_dwell_used_us_10s=117888

2026-07-25 01:06:48,742 INFO image_tx_daemon: frame seq=43 done: 1 fragments ok

INFO: unrelated frame during TX wait type=0xC0

RFCO_PERTX during TX wait: profile_id=1 tx_status=0x00(OK) hop_idx=38 channel_idx=29 epoch=0 freq_hz=917250000 pkt_toa_us=117888 legal_dwell_used_us_10s=117888

2026-07-25 01:06:48,940 INFO image_tx_daemon: frame seq=44 done: 1 fragments ok

INFO: unrelated frame during TX wait type=0xC0

RFCO_PERTX during TX wait: profile_id=1 tx_status=0x00(OK) hop_idx=39 channel_idx=28 epoch=0 freq_hz=916750000 pkt_toa_us=117888 legal_dwell_used_us_10s=117888

2026-07-25 01:06:49,138 INFO image_tx_daemon: frame seq=45 done: 1 fragments ok

INFO: unrelated frame during TX wait type=0xC0

RFCO_PERTX during TX wait: profile_id=1 tx_status=0x00(OK) hop_idx=40 channel_idx=38 epoch=0 freq_hz=921750000 pkt_toa_us=115328 legal_dwell_used_us_10s=115328

2026-07-25 01:06:49,336 INFO image_tx_daemon: frame seq=46 done: 1 fragments ok

INFO: unrelated frame during TX wait type=0xC0

RFCO_PERTX during TX wait: profile_id=1 tx_status=0x00(OK) hop_idx=41 channel_idx=6 epoch=0 freq_hz=905750000 pkt_toa_us=115328 legal_dwell_used_us_10s=115328

2026-07-25 01:06:49,544 INFO image_tx_daemon: frame seq=47 done: 1 fragments ok

INFO: unrelated frame during TX wait type=0xC0

RFCO_PERTX during TX wait: profile_id=1 tx_status=0x00(OK) hop_idx=42 channel_idx=13 epoch=0 freq_hz=909250000 pkt_toa_us=115328 legal_dwell_used_us_10s=115328

2026-07-25 01:06:49,742 INFO image_tx_daemon: frame seq=49 done: 1 fragments ok

INFO: unrelated frame during TX wait type=0xC0

RFCO_PERTX during TX wait: profile_id=1 tx_status=0x00(OK) hop_idx=43 channel_idx=33 epoch=0 freq_hz=919250000 pkt_toa_us=115328 legal_dwell_used_us_10s=115328

2026-07-25 01:06:49,939 INFO image_tx_daemon: frame seq=50 done: 1 fragments ok

INFO: unrelated frame during TX wait type=0xC0

RFCO_PERTX during TX wait: profile_id=1 tx_status=0x00(OK) hop_idx=44 channel_idx=48 epoch=0 freq_hz=926750000 pkt_toa_us=115328 legal_dwell_used_us_10s=115328

2026-07-25 01:06:50,138 INFO image_tx_daemon: frame seq=51 done: 1 fragments ok

INFO: unrelated frame during TX wait type=0xC0

RFCO_PERTX during TX wait: profile_id=1 tx_status=0x00(OK) hop_idx=45 channel_idx=2 epoch=0 freq_hz=903750000 pkt_toa_us=115328 legal_dwell_used_us_10s=115328

2026-07-25 01:06:50,336 INFO image_tx_daemon: frame seq=52 done: 1 fragments ok

INFO: unrelated frame during TX wait type=0xC0

RFCO_PERTX during TX wait: profile_id=1 tx_status=0x00(OK) hop_idx=46 channel_idx=11 epoch=0 freq_hz=908250000 pkt_toa_us=115328 legal_dwell_used_us_10s=115328

2026-07-25 01:06:50,544 INFO image_tx_daemon: frame seq=53 done: 1 fragments ok

INFO: unrelated frame during TX wait type=0xC0

RFCO_PERTX during TX wait: profile_id=1 tx_status=0x00(OK) hop_idx=47 channel_idx=15 epoch=0 freq_hz=910250000 pkt_toa_us=115328 legal_dwell_used_us_10s=115328

2026-07-25 01:06:50,741 INFO image_tx_daemon: frame seq=55 done: 1 fragments ok

INFO: unrelated frame during TX wait type=0xC0

RFCO_PERTX during TX wait: profile_id=1 tx_status=0x00(OK) hop_idx=48 channel_idx=42 epoch=0 freq_hz=923750000 pkt_toa_us=115328 legal_dwell_used_us_10s=115328

2026-07-25 01:06:50,939 INFO image_tx_daemon: frame seq=56 done: 1 fragments ok

INFO: unrelated frame during TX wait type=0xC0

RFCO_PERTX during TX wait: profile_id=1 tx_status=0x00(OK) hop_idx=49 channel_idx=39 epoch=0 freq_hz=922250000 pkt_toa_us=115328 legal_dwell_used_us_10s=115328

2026-07-25 01:06:51,138 INFO image_tx_daemon: frame seq=57 done: 1 fragments ok

INFO: unrelated frame during TX wait type=0xC0

RFCO_PERTX during TX wait: profile_id=1 tx_status=0x00(OK) hop_idx=0 channel_idx=27 epoch=1 freq_hz=916250000 pkt_toa_us=105088 legal_dwell_used_us_10s=274176

2026-07-25 01:06:51,328 INFO image_tx_daemon: frame seq=58 done: 1 fragments ok

INFO: unrelated frame during TX wait type=0xC0

RFCO_PERTX during TX wait: profile_id=1 tx_status=0x00(OK) hop_idx=1 channel_idx=14 epoch=1 freq_hz=909750000 pkt_toa_us=115328 legal_dwell_used_us_10s=169216

2026-07-25 01:06:51,535 INFO image_tx_daemon: frame seq=59 done: 1 fragments ok

INFO: unrelated frame during TX wait type=0xC0

RFCO_PERTX during TX wait: profile_id=1 tx_status=0x00(OK) hop_idx=2 channel_idx=30 epoch=1 freq_hz=917750000 pkt_toa_us=105088 legal_dwell_used_us_10s=222976

2026-07-25 01:06:51,723 INFO image_tx_daemon: frame seq=61 done: 1 fragments ok

INFO: unrelated frame during TX wait type=0xC0

RFCO_PERTX during TX wait: profile_id=1 tx_status=0x00(OK) hop_idx=3 channel_idx=11 epoch=1 freq_hz=908250000 pkt_toa_us=107648 legal_dwell_used_us_10s=222976

2026-07-25 01:06:51,931 INFO image_tx_daemon: frame seq=62 done: 1 fragments ok

INFO: unrelated frame during TX wait type=0xC0

RFCO_PERTX during TX wait: profile_id=1 tx_status=0x00(OK) hop_idx=4 channel_idx=39 epoch=1 freq_hz=922250000 pkt_toa_us=115328 legal_dwell_used_us_10s=230656

2026-07-25 01:06:52,139 INFO image_tx_daemon: frame seq=63 done: 1 fragments ok

INFO: unrelated frame during TX wait type=0xC0

RFCO_PERTX during TX wait: profile_id=1 tx_status=0x00(OK) hop_idx=5 channel_idx=10 epoch=1 freq_hz=907750000 pkt_toa_us=112768 legal_dwell_used_us_10s=281856

2026-07-25 01:06:52,337 INFO image_tx_daemon: frame seq=64 done: 1 fragments ok

INFO: unrelated frame during TX wait type=0xC0

RFCO_PERTX during TX wait: profile_id=1 tx_status=0x00(OK) hop_idx=6 channel_idx=19 epoch=1 freq_hz=912250000 pkt_toa_us=115328 legal_dwell_used_us_10s=115328

2026-07-25 01:06:52,536 INFO image_tx_daemon: frame seq=65 done: 1 fragments ok

INFO: unrelated frame during TX wait type=0xC0

RFCO_PERTX during TX wait: profile_id=1 tx_status=0x00(OK) hop_idx=7 channel_idx=29 epoch=1 freq_hz=917250000 pkt_toa_us=133248 legal_dwell_used_us_10s=251136

2026-07-25 01:06:52,754 INFO image_tx_daemon: frame seq=67 done: 1 fragments ok

INFO: unrelated frame during TX wait type=0xC0

RFCO_PERTX during TX wait: profile_id=1 tx_status=0x00(OK) hop_idx=8 channel_idx=20 epoch=1 freq_hz=912750000 pkt_toa_us=130688 legal_dwell_used_us_10s=179456

2026-07-25 01:06:52,952 INFO image_tx_daemon: frame seq=68 done: 1 fragments ok

INFO: unrelated frame during TX wait type=0xC0

RFCO_PERTX during TX wait: profile_id=1 tx_status=0x00(OK) hop_idx=9 channel_idx=49 epoch=1 freq_hz=927250000 pkt_toa_us=135808 legal_dwell_used_us_10s=304896

2026-07-25 01:06:53,161 INFO image_tx_daemon: frame seq=69 done: 1 fragments ok

INFO: unrelated frame during TX wait type=0xC0

RFCO_PERTX during TX wait: profile_id=1 tx_status=0x00(OK) hop_idx=10 channel_idx=45 epoch=1 freq_hz=925250000 pkt_toa_us=140928 legal_dwell_used_us_10s=310016

2026-07-25 01:06:53,360 INFO image_tx_daemon: frame seq=70 done: 1 fragments ok

INFO: unrelated frame during TX wait type=0xC0

RFCO_PERTX during TX wait: profile_id=1 tx_status=0x00(OK) hop_idx=11 channel_idx=6 epoch=1 freq_hz=905750000 pkt_toa_us=140928 legal_dwell_used_us_10s=256256

2026-07-25 01:06:53,569 INFO image_tx_daemon: frame seq=71 done: 1 fragments ok

INFO: unrelated frame during TX wait type=0xC0

RFCO_PERTX during TX wait: profile_id=1 tx_status=0x00(OK) hop_idx=12 channel_idx=43 epoch=1 freq_hz=924250000 pkt_toa_us=140928 legal_dwell_used_us_10s=192256

2026-07-25 01:06:53,767 INFO image_tx_daemon: frame seq=73 done: 1 fragments ok

INFO: unrelated frame during TX wait type=0xC0

RFCO_PERTX during TX wait: profile_id=1 tx_status=0x00(OK) hop_idx=13 channel_idx=16 epoch=1 freq_hz=910750000 pkt_toa_us=148608 legal_dwell_used_us_10s=317696

2026-07-25 01:06:53,976 INFO image_tx_daemon: frame seq=74 done: 1 fragments ok

INFO: unrelated frame during TX wait type=0xC0

RFCO_PERTX during TX wait: profile_id=1 tx_status=0x00(OK) hop_idx=15 channel_idx=4 epoch=1 freq_hz=904750000 pkt_toa_us=156288 legal_dwell_used_us_10s=325376

2026-07-25 01:06:54,379 INFO image_tx_daemon: frame seq=75 done: 1 fragments ok

INFO: unrelated frame during TX wait type=0xC0

RFCO_PERTX during TX wait: profile_id=1 tx_status=0x00(OK) hop_idx=16 channel_idx=32 epoch=1 freq_hz=918750000 pkt_toa_us=163968 legal_dwell_used_us_10s=163968

2026-07-25 01:06:54,587 INFO image_tx_daemon: frame seq=78 done: 1 fragments ok

INFO: unrelated frame during TX wait type=0xC0

RFCO_PERTX during TX wait: profile_id=1 tx_status=0x00(OK) hop_idx=17 channel_idx=5 epoch=1 freq_hz=905250000 pkt_toa_us=163968 legal_dwell_used_us_10s=225536

2026-07-25 01:06:54,786 INFO image_tx_daemon: frame seq=79 done: 1 fragments ok

INFO: unrelated frame during TX wait type=0xC0

RFCO_PERTX during TX wait: profile_id=1 tx_status=0x00(OK) hop_idx=18 channel_idx=25 epoch=1 freq_hz=915250000 pkt_toa_us=158848 legal_dwell_used_us_10s=222976

2026-07-25 01:06:54,985 INFO image_tx_daemon: frame seq=80 done: 1 fragments ok

INFO: unrelated frame during TX wait type=0xC0

RFCO_PERTX during TX wait: profile_id=1 tx_status=0x00(OK) hop_idx=19 channel_idx=48 epoch=1 freq_hz=926750000 pkt_toa_us=156288 legal_dwell_used_us_10s=271616

2026-07-25 01:06:55,174 INFO image_tx_daemon: frame seq=81 done: 1 fragments ok

INFO: unrelated frame during TX wait type=0xC0

RFCO_PERTX during TX wait: profile_id=1 tx_status=0x00(OK) hop_idx=21 channel_idx=42 epoch=1 freq_hz=923750000 pkt_toa_us=169088 legal_dwell_used_us_10s=284416

INFO: unrelated frame during TX wait type=0xC0

RFCO_PERTX during TX wait: profile_id=1 tx_status=0x00(OK) hop_idx=22 channel_idx=33 epoch=1 freq_hz=919250000 pkt_toa_us=25728 legal_dwell_used_us_10s=141056

2026-07-25 01:06:55,640 INFO image_tx_daemon: frame seq=82 done: 2 fragments ok

INFO: unrelated frame during TX wait type=0xC0

RFCO_PERTX during TX wait: profile_id=1 tx_status=0x00(OK) hop_idx=23 channel_idx=36 epoch=1 freq_hz=920750000 pkt_toa_us=169088 legal_dwell_used_us_10s=169088

INFO: unrelated frame during TX wait type=0xC0

RFCO_PERTX during TX wait: profile_id=1 tx_status=0x00(OK) hop_idx=24 channel_idx=28 epoch=1 freq_hz=916750000 pkt_toa_us=43648 legal_dwell_used_us_10s=161536

2026-07-25 01:06:56,055 INFO image_tx_daemon: frame seq=85 done: 2 fragments ok

INFO: unrelated frame during TX wait type=0xC0

RFCO_PERTX during TX wait: profile_id=1 tx_status=0x00(OK) hop_idx=25 channel_idx=2 epoch=1 freq_hz=903750000 pkt_toa_us=169088 legal_dwell_used_us_10s=284416

INFO: unrelated frame during TX wait type=0xC0

RFCO_PERTX during TX wait: profile_id=1 tx_status=0x00(OK) hop_idx=26 channel_idx=17 epoch=1 freq_hz=911250000 pkt_toa_us=38528 legal_dwell_used_us_10s=38528

2026-07-25 01:06:56,449 INFO image_tx_daemon: frame seq=88 done: 2 fragments ok

INFO: unrelated frame during TX wait type=0xC0

RFCO_PERTX during TX wait: profile_id=1 tx_status=0x00(OK) hop_idx=27 channel_idx=22 epoch=1 freq_hz=913750000 pkt_toa_us=169088 legal_dwell_used_us_10s=169088

INFO: unrelated frame during TX wait type=0xC0

RFCO_PERTX during TX wait: profile_id=1 tx_status=0x00(OK) hop_idx=28 channel_idx=23 epoch=1 freq_hz=914250000 pkt_toa_us=51328 legal_dwell_used_us_10s=51328

2026-07-25 01:06:56,866 INFO image_tx_daemon: frame seq=90 done: 2 fragments ok

INFO: unrelated frame during TX wait type=0xC0

RFCO_PERTX during TX wait: profile_id=1 tx_status=0x00(OK) hop_idx=29 channel_idx=13 epoch=1 freq_hz=909250000 pkt_toa_us=169088 legal_dwell_used_us_10s=284416

INFO: unrelated frame during TX wait type=0xC0

RFCO_PERTX during TX wait: profile_id=1 tx_status=0x00(OK) hop_idx=30 channel_idx=15 epoch=1 freq_hz=910250000 pkt_toa_us=59008 legal_dwell_used_us_10s=174336

2026-07-25 01:06:57,271 INFO image_tx_daemon: frame seq=93 done: 2 fragments ok

INFO: unrelated frame during TX wait type=0xC0

RFCO_PERTX during TX wait: profile_id=1 tx_status=0x00(OK) hop_idx=31 channel_idx=12 epoch=1 freq_hz=908750000 pkt_toa_us=169088 legal_dwell_used_us_10s=169088

INFO: unrelated frame during TX wait type=0xC0

RFCO_PERTX during TX wait: profile_id=1 tx_status=0x00(OK) hop_idx=32 channel_idx=46 epoch=1 freq_hz=925750000 pkt_toa_us=61568 legal_dwell_used_us_10s=61568

2026-07-25 01:06:57,675 INFO image_tx_daemon: frame seq=95 done: 2 fragments ok

2026-07-25 01:06:57,896 INFO image_tx_daemon: stats: goodput=665.1 B/s util=58% pipeline=v2 frames_in=102 ok=58 fail=0 drop_full=39 drop_stale=0 frags_ok=81 frags_fail=0 qdepth=4

INFO: unrelated frame during TX wait type=0xC0

RFCO_PERTX during TX wait: profile_id=1 tx_status=0x00(OK) hop_idx=33 channel_idx=34 epoch=1 freq_hz=919750000 pkt_toa_us=169088 legal_dwell_used_us_10s=169088

INFO: unrelated frame during TX wait type=0xC0

RFCO_PERTX during TX wait: profile_id=1 tx_status=0x00(OK) hop_idx=34 channel_idx=41 epoch=1 freq_hz=923250000 pkt_toa_us=41088 legal_dwell_used_us_10s=41088

2026-07-25 01:06:58,050 INFO image_tx_daemon: frame seq=97 done: 2 fragments ok

INFO: unrelated frame during TX wait type=0xC0

RFCO_PERTX during TX wait: profile_id=1 tx_status=0x00(OK) hop_idx=35 channel_idx=9 epoch=1 freq_hz=907250000 pkt_toa_us=169088 legal_dwell_used_us_10s=169088

INFO: unrelated frame during TX wait type=0xC0

RFCO_PERTX during TX wait: profile_id=1 tx_status=0x00(OK) hop_idx=36 channel_idx=21 epoch=1 freq_hz=913250000 pkt_toa_us=59008 legal_dwell_used_us_10s=59008

2026-07-25 01:06:58,474 INFO image_tx_daemon: frame seq=100 done: 2 fragments ok

INFO: unrelated frame during TX wait type=0xC0

RFCO_PERTX during TX wait: profile_id=1 tx_status=0x00(OK) hop_idx=37 channel_idx=38 epoch=1 freq_hz=921750000 pkt_toa_us=169088 legal_dwell_used_us_10s=284416

INFO: unrelated frame during TX wait type=0xC0

RFCO_PERTX during TX wait: profile_id=1 tx_status=0x00(OK) hop_idx=38 channel_idx=35 epoch=1 freq_hz=920250000 pkt_toa_us=71808 legal_dwell_used_us_10s=71808

2026-07-25 01:06:58,889 INFO image_tx_daemon: frame seq=102 done: 2 fragments ok

INFO: unrelated frame during TX wait type=0xC0

RFCO_PERTX during TX wait: profile_id=1 tx_status=0x00(OK) hop_idx=39 channel_idx=47 epoch=1 freq_hz=926250000 pkt_toa_us=169088 legal_dwell_used_us_10s=169088

INFO: unrelated frame during TX wait type=0xC0

RFCO_PERTX during TX wait: profile_id=1 tx_status=0x00(OK) hop_idx=40 channel_idx=37 epoch=1 freq_hz=921250000 pkt_toa_us=35968 legal_dwell_used_us_10s=35968

2026-07-25 01:06:59,243 INFO image_tx_daemon: frame seq=105 done: 2 fragments ok

INFO: unrelated frame during TX wait type=0xC0

RFCO_PERTX during TX wait: profile_id=1 tx_status=0x00(OK) hop_idx=41 channel_idx=3 epoch=1 freq_hz=904250000 pkt_toa_us=169088 legal_dwell_used_us_10s=169088

INFO: unrelated frame during TX wait type=0xC0

RFCO_PERTX during TX wait: profile_id=1 tx_status=0x00(OK) hop_idx=42 channel_idx=24 epoch=1 freq_hz=914750000 pkt_toa_us=51328 legal_dwell_used_us_10s=51328

2026-07-25 01:06:59,659 INFO image_tx_daemon: frame seq=107 done: 2 fragments ok

INFO: unrelated frame during TX wait type=0xC0

RFCO_PERTX during TX wait: profile_id=1 tx_status=0x00(OK) hop_idx=43 channel_idx=40 epoch=1 freq_hz=922750000 pkt_toa_us=169088 legal_dwell_used_us_10s=169088

INFO: unrelated frame during TX wait type=0xC0

RFCO_PERTX during TX wait: profile_id=1 tx_status=0x00(OK) hop_idx=44 channel_idx=0 epoch=1 freq_hz=902750000 pkt_toa_us=35968 legal_dwell_used_us_10s=35968

2026-07-25 01:07:00,043 INFO image_tx_daemon: frame seq=109 done: 2 fragments ok

INFO: unrelated frame during TX wait type=0xC0

RFCO_PERTX during TX wait: profile_id=1 tx_status=0x00(OK) hop_idx=45 channel_idx=31 epoch=1 freq_hz=918250000 pkt_toa_us=153728 legal_dwell_used_us_10s=153728

2026-07-25 01:07:00,373 INFO image_tx_daemon: frame seq=112 done: 1 fragments ok

INFO: unrelated frame during TX wait type=0xC0

RFCO_PERTX during TX wait: profile_id=1 tx_status=0x00(OK) hop_idx=46 channel_idx=44 epoch=1 freq_hz=924750000 pkt_toa_us=158848 legal_dwell_used_us_10s=158848

2026-07-25 01:07:00,572 INFO image_tx_daemon: frame seq=114 done: 1 fragments ok

INFO: unrelated frame during TX wait type=0xC0

RFCO_PERTX during TX wait: profile_id=1 tx_status=0x00(OK) hop_idx=47 channel_idx=18 epoch=1 freq_hz=911750000 pkt_toa_us=166528 legal_dwell_used_us_10s=166528

2026-07-25 01:07:00,783 INFO image_tx_daemon: frame seq=115 done: 1 fragments ok

INFO: unrelated frame during TX wait type=0xC0

RFCO_PERTX during TX wait: profile_id=1 tx_status=0x00(OK) hop_idx=48 channel_idx=26 epoch=1 freq_hz=915750000 pkt_toa_us=153728 legal_dwell_used_us_10s=153728

2026-07-25 01:07:00,972 INFO image_tx_daemon: frame seq=116 done: 1 fragments ok

INFO: unrelated frame during TX wait type=0xC0

RFCO_PERTX during TX wait: profile_id=1 tx_status=0x00(OK) hop_idx=49 channel_idx=7 epoch=1 freq_hz=906250000 pkt_toa_us=151168 legal_dwell_used_us_10s=151168

2026-07-25 01:07:01,168 INFO image_tx_daemon: frame seq=117 done: 1 fragments ok

INFO: unrelated frame during TX wait type=0xC0

RFCO_PERTX during TX wait: profile_id=1 tx_status=0x00(OK) hop_idx=1 channel_idx=24 epoch=2 freq_hz=914750000 pkt_toa_us=156288 legal_dwell_used_us_10s=207616

2026-07-25 01:07:01,571 INFO image_tx_daemon: frame seq=118 done: 1 fragments ok

INFO: unrelated frame during TX wait type=0xC0

RFCO_PERTX during TX wait: profile_id=1 tx_status=0x00(OK) hop_idx=2 channel_idx=36 epoch=2 freq_hz=920750000 pkt_toa_us=140928 legal_dwell_used_us_10s=310016

2026-07-25 01:07:01,750 INFO image_tx_daemon: frame seq=121 done: 1 fragments ok

INFO: unrelated frame during TX wait type=0xC0

RFCO_PERTX during TX wait: profile_id=1 tx_status=0x00(OK) hop_idx=3 channel_idx=6 epoch=2 freq_hz=905750000 pkt_toa_us=143488 legal_dwell_used_us_10s=284416

2026-07-25 01:07:01,961 INFO image_tx_daemon: frame seq=122 done: 1 fragments ok

INFO: unrelated frame during TX wait type=0xC0

RFCO_PERTX during TX wait: profile_id=1 tx_status=0x00(OK) hop_idx=4 channel_idx=20 epoch=2 freq_hz=912750000 pkt_toa_us=143488 legal_dwell_used_us_10s=274176

2026-07-25 01:07:02,161 INFO image_tx_daemon: frame seq=123 done: 1 fragments ok

INFO: unrelated frame during TX wait type=0xC0

RFCO_PERTX during TX wait: profile_id=1 tx_status=0x00(OK) hop_idx=5 channel_idx=22 epoch=2 freq_hz=913750000 pkt_toa_us=169088 legal_dwell_used_us_10s=338176

INFO: unrelated frame during TX wait type=0xC0

RFCO_PERTX during TX wait: profile_id=1 tx_status=0x00(OK) hop_idx=6 channel_idx=44 epoch=2 freq_hz=924750000 pkt_toa_us=64128 legal_dwell_used_us_10s=222976

2026-07-25 01:07:02,470 INFO image_tx_daemon: frame seq=124 done: 2 fragments ok

INFO: unrelated frame during TX wait type=0xC0

RFCO_PERTX during TX wait: profile_id=1 tx_status=0x00(OK) hop_idx=7 channel_idx=4 epoch=2 freq_hz=904750000 pkt_toa_us=169088 legal_dwell_used_us_10s=325376

INFO: unrelated frame during TX wait type=0xC0

RFCO_PERTX during TX wait: profile_id=1 tx_status=0x00(OK) hop_idx=8 channel_idx=13 epoch=2 freq_hz=909250000 pkt_toa_us=61568 legal_dwell_used_us_10s=230656

2026-07-25 01:07:02,873 INFO image_tx_daemon: frame seq=126 done: 2 fragments ok

INFO: unrelated frame during TX wait type=0xC0

RFCO_PERTX during TX wait: profile_id=1 tx_status=0x00(OK) hop_idx=9 channel_idx=3 epoch=2 freq_hz=904250000 pkt_toa_us=169088 legal_dwell_used_us_10s=338176

INFO: unrelated frame during TX wait type=0xC0

RFCO_PERTX during TX wait: profile_id=1 tx_status=0x00(OK) hop_idx=10 channel_idx=35 epoch=2 freq_hz=920250000 pkt_toa_us=48768 legal_dwell_used_us_10s=120576

2026-07-25 01:07:03,254 INFO image_tx_daemon: frame seq=129 done: 2 fragments ok

INFO: unrelated frame during TX wait type=0xC0

RFCO_PERTX during TX wait: profile_id=1 tx_status=0x00(OK) hop_idx=11 channel_idx=38 epoch=2 freq_hz=921750000 pkt_toa_us=169088 legal_dwell_used_us_10s=338176

INFO: unrelated frame during TX wait type=0xC0

RFCO_PERTX during TX wait: profile_id=1 tx_status=0x00(OK) hop_idx=12 channel_idx=5 epoch=2 freq_hz=905250000 pkt_toa_us=46208 legal_dwell_used_us_10s=210176

2026-07-25 01:07:03,658 INFO image_tx_daemon: frame seq=131 done: 2 fragments ok

INFO: unrelated frame during TX wait type=0xC0

RFCO_PERTX during TX wait: profile_id=1 tx_status=0x00(OK) hop_idx=13 channel_idx=15 epoch=2 freq_hz=910250000 pkt_toa_us=169088 legal_dwell_used_us_10s=228096

INFO: unrelated frame during TX wait type=0xC0

RFCO_PERTX during TX wait: profile_id=1 tx_status=0x00(OK) hop_idx=14 channel_idx=0 epoch=2 freq_hz=902750000 pkt_toa_us=46208 legal_dwell_used_us_10s=82176

2026-07-25 01:07:04,053 INFO image_tx_daemon: frame seq=133 done: 2 fragments ok

INFO: unrelated frame during TX wait type=0xC0

RFCO_PERTX during TX wait: profile_id=1 tx_status=0x00(OK) hop_idx=15 channel_idx=40 epoch=2 freq_hz=922750000 pkt_toa_us=169088 legal_dwell_used_us_10s=338176

INFO: unrelated frame during TX wait type=0xC0

RFCO_PERTX during TX wait: profile_id=1 tx_status=0x00(OK) hop_idx=16 channel_idx=29 epoch=2 freq_hz=917250000 pkt_toa_us=38528 legal_dwell_used_us_10s=38528

2026-07-25 01:07:04,447 INFO image_tx_daemon: frame seq=136 done: 2 fragments ok

INFO: unrelated frame during TX wait type=0xC0

RFCO_PERTX during TX wait: profile_id=1 tx_status=0x00(OK) hop_idx=17 channel_idx=31 epoch=2 freq_hz=918250000 pkt_toa_us=169088 legal_dwell_used_us_10s=322816

INFO: unrelated frame during TX wait type=0xC0

RFCO_PERTX during TX wait: profile_id=1 tx_status=0x00(OK) hop_idx=18 channel_idx=45 epoch=2 freq_hz=925250000 pkt_toa_us=41088 legal_dwell_used_us_10s=41088

2026-07-25 01:07:04,851 INFO image_tx_daemon: frame seq=138 done: 2 fragments ok

INFO: unrelated frame during TX wait type=0xC0

RFCO_PERTX during TX wait: profile_id=1 tx_status=0x00(OK) hop_idx=19 channel_idx=39 epoch=2 freq_hz=922250000 pkt_toa_us=169088 legal_dwell_used_us_10s=169088

INFO: unrelated frame during TX wait type=0xC0

RFCO_PERTX during TX wait: profile_id=1 tx_status=0x00(OK) hop_idx=20 channel_idx=37 epoch=2 freq_hz=921250000 pkt_toa_us=35968 legal_dwell_used_us_10s=71936

2026-07-25 01:07:05,245 INFO image_tx_daemon: frame seq=141 done: 2 fragments ok

INFO: unrelated frame during TX wait type=0xC0

RFCO_PERTX during TX wait: profile_id=1 tx_status=0x00(OK) hop_idx=21 channel_idx=27 epoch=2 freq_hz=916250000 pkt_toa_us=169088 legal_dwell_used_us_10s=169088

INFO: unrelated frame during TX wait type=0xC0

RFCO_PERTX during TX wait: profile_id=1 tx_status=0x00(OK) hop_idx=22 channel_idx=17 epoch=2 freq_hz=911250000 pkt_toa_us=48768 legal_dwell_used_us_10s=87296

2026-07-25 01:07:05,650 INFO image_tx_daemon: frame seq=143 done: 2 fragments ok

INFO: unrelated frame during TX wait type=0xC0

RFCO_PERTX during TX wait: profile_id=1 tx_status=0x00(OK) hop_idx=23 channel_idx=32 epoch=2 freq_hz=918750000 pkt_toa_us=169088 legal_dwell_used_us_10s=169088

INFO: unrelated frame during TX wait type=0xC0

RFCO_PERTX during TX wait: profile_id=1 tx_status=0x00(OK) hop_idx=24 channel_idx=33 epoch=2 freq_hz=919250000 pkt_toa_us=46208 legal_dwell_used_us_10s=46208

2026-07-25 01:07:06,054 INFO image_tx_daemon: frame seq=145 done: 2 fragments ok

INFO: unrelated frame during TX wait type=0xC0

RFCO_PERTX during TX wait: profile_id=1 tx_status=0x00(OK) hop_idx=25 channel_idx=10 epoch=2 freq_hz=907750000 pkt_toa_us=169088 legal_dwell_used_us_10s=169088

INFO: unrelated frame during TX wait type=0xC0

RFCO_PERTX during TX wait: profile_id=1 tx_status=0x00(OK) hop_idx=26 channel_idx=21 epoch=2 freq_hz=913250000 pkt_toa_us=46208 legal_dwell_used_us_10s=105216

2026-07-25 01:07:06,448 INFO image_tx_daemon: frame seq=148 done: 2 fragments ok

INFO: unrelated frame during TX wait type=0xC0

RFCO_PERTX during TX wait: profile_id=1 tx_status=0x00(OK) hop_idx=27 channel_idx=23 epoch=2 freq_hz=914250000 pkt_toa_us=169088 legal_dwell_used_us_10s=220416

INFO: unrelated frame during TX wait type=0xC0

RFCO_PERTX during TX wait: profile_id=1 tx_status=0x00(OK) hop_idx=28 channel_idx=2 epoch=2 freq_hz=903750000 pkt_toa_us=46208 legal_dwell_used_us_10s=46208

2026-07-25 01:07:06,852 INFO image_tx_daemon: frame seq=150 done: 2 fragments ok

INFO: unrelated frame during TX wait type=0xC0

RFCO_PERTX during TX wait: profile_id=1 tx_status=0x00(OK) hop_idx=29 channel_idx=1 epoch=2 freq_hz=903250000 pkt_toa_us=169088 legal_dwell_used_us_10s=169088

INFO: unrelated frame during TX wait type=0xC0

RFCO_PERTX during TX wait: profile_id=1 tx_status=0x00(OK) hop_idx=30 channel_idx=9 epoch=2 freq_hz=907250000 pkt_toa_us=46208 legal_dwell_used_us_10s=215296

2026-07-25 01:07:07,247 INFO image_tx_daemon: frame seq=153 done: 2 fragments ok

INFO: unrelated frame during TX wait type=0xC0

RFCO_PERTX during TX wait: profile_id=1 tx_status=0x00(OK) hop_idx=31 channel_idx=34 epoch=2 freq_hz=919750000 pkt_toa_us=169088 legal_dwell_used_us_10s=338176

INFO: unrelated frame during TX wait type=0xC0

RFCO_PERTX during TX wait: profile_id=1 tx_status=0x00(OK) hop_idx=32 channel_idx=43 epoch=2 freq_hz=924250000 pkt_toa_us=48768 legal_dwell_used_us_10s=48768

2026-07-25 01:07:07,655 INFO image_tx_daemon: frame seq=155 done: 2 fragments ok

2026-07-25 01:07:07,907 INFO image_tx_daemon: stats: goodput=657.8 B/s util=57% pipeline=v2 frames_in=162 ok=87 fail=0 drop_full=70 drop_stale=0 frags_ok=130 frags_fail=0 qdepth=4

INFO: unrelated frame during TX wait type=0xC0

RFCO_PERTX during TX wait: profile_id=1 tx_status=0x00(OK) hop_idx=33 channel_idx=42 epoch=2 freq_hz=923750000 pkt_toa_us=169088 legal_dwell_used_us_10s=169088

INFO: unrelated frame during TX wait type=0xC0

RFCO_PERTX during TX wait: profile_id=1 tx_status=0x00(OK) hop_idx=34 channel_idx=48 epoch=2 freq_hz=926750000 pkt_toa_us=51328 legal_dwell_used_us_10s=51328

2026-07-25 01:07:08,050 INFO image_tx_daemon: frame seq=157 done: 2 fragments ok

INFO: unrelated frame during TX wait type=0xC0

RFCO_PERTX during TX wait: profile_id=1 tx_status=0x00(OK) hop_idx=35 channel_idx=19 epoch=2 freq_hz=912250000 pkt_toa_us=169088 legal_dwell_used_us_10s=169088

INFO: unrelated frame during TX wait type=0xC0

RFCO_PERTX during TX wait: profile_id=1 tx_status=0x00(OK) hop_idx=36 channel_idx=14 epoch=2 freq_hz=909750000 pkt_toa_us=53888 legal_dwell_used_us_10s=53888

2026-07-25 01:07:08,454 INFO image_tx_daemon: frame seq=160 done: 2 fragments ok

INFO: unrelated frame during TX wait type=0xC0

RFCO_PERTX during TX wait: profile_id=1 tx_status=0x00(OK) hop_idx=37 channel_idx=16 epoch=2 freq_hz=910750000 pkt_toa_us=169088 legal_dwell_used_us_10s=169088

INFO: unrelated frame during TX wait type=0xC0

RFCO_PERTX during TX wait: profile_id=1 tx_status=0x00(OK) hop_idx=38 channel_idx=30 epoch=2 freq_hz=917750000 pkt_toa_us=64128 legal_dwell_used_us_10s=64128

2026-07-25 01:07:08,869 INFO image_tx_daemon: frame seq=162 done: 2 fragments ok

INFO: unrelated frame during TX wait type=0xC0

RFCO_PERTX during TX wait: profile_id=1 tx_status=0x00(OK) hop_idx=39 channel_idx=28 epoch=2 freq_hz=916750000 pkt_toa_us=169088 legal_dwell_used_us_10s=169088

INFO: unrelated frame during TX wait type=0xC0

RFCO_PERTX during TX wait: profile_id=1 tx_status=0x00(OK) hop_idx=40 channel_idx=12 epoch=2 freq_hz=908750000 pkt_toa_us=69248 legal_dwell_used_us_10s=69248

2026-07-25 01:07:09,274 INFO image_tx_daemon: frame seq=165 done: 2 fragments ok

INFO: unrelated frame during TX wait type=0xC0

RFCO_PERTX during TX wait: profile_id=1 tx_status=0x00(OK) hop_idx=41 channel_idx=47 epoch=2 freq_hz=926250000 pkt_toa_us=110208 legal_dwell_used_us_10s=110208

2026-07-25 01:07:09,512 INFO image_tx_daemon: frame seq=167 done: 1 fragments ok

INFO: unrelated frame during TX wait type=0xC0

RFCO_PERTX during TX wait: profile_id=1 tx_status=0x00(OK) hop_idx=42 channel_idx=26 epoch=2 freq_hz=915750000 pkt_toa_us=105088 legal_dwell_used_us_10s=258816

2026-07-25 01:07:09,709 INFO image_tx_daemon: frame seq=169 done: 1 fragments ok

INFO: unrelated frame during TX wait type=0xC0

RFCO_PERTX during TX wait: profile_id=1 tx_status=0x00(OK) hop_idx=43 channel_idx=46 epoch=2 freq_hz=925750000 pkt_toa_us=105088 legal_dwell_used_us_10s=105088

2026-07-25 01:07:09,907 INFO image_tx_daemon: frame seq=170 done: 1 fragments ok

INFO: unrelated frame during TX wait type=0xC0

RFCO_PERTX during TX wait: profile_id=1 tx_status=0x00(OK) hop_idx=44 channel_idx=7 epoch=2 freq_hz=906250000 pkt_toa_us=107648 legal_dwell_used_us_10s=258816

2026-07-25 01:07:10,115 INFO image_tx_daemon: frame seq=171 done: 1 fragments ok

INFO: unrelated frame during TX wait type=0xC0

RFCO_PERTX during TX wait: profile_id=1 tx_status=0x00(OK) hop_idx=45 channel_idx=25 epoch=2 freq_hz=915250000 pkt_toa_us=107648 legal_dwell_used_us_10s=107648

2026-07-25 01:07:10,312 INFO image_tx_daemon: frame seq=172 done: 1 fragments ok

INFO: unrelated frame during TX wait type=0xC0

RFCO_PERTX during TX wait: profile_id=1 tx_status=0x00(OK) hop_idx=46 channel_idx=41 epoch=2 freq_hz=923250000 pkt_toa_us=105088 legal_dwell_used_us_10s=105088

2026-07-25 01:07:10,510 INFO image_tx_daemon: frame seq=173 done: 1 fragments ok

INFO: unrelated frame during TX wait type=0xC0

RFCO_PERTX during TX wait: profile_id=1 tx_status=0x00(OK) hop_idx=47 channel_idx=11 epoch=2 freq_hz=908250000 pkt_toa_us=117888 legal_dwell_used_us_10s=117888

2026-07-25 01:07:10,718 INFO image_tx_daemon: frame seq=175 done: 1 fragments ok

INFO: unrelated frame during TX wait type=0xC0

RFCO_PERTX during TX wait: profile_id=1 tx_status=0x00(OK) hop_idx=48 channel_idx=8 epoch=2 freq_hz=906750000 pkt_toa_us=115328 legal_dwell_used_us_10s=115328

2026-07-25 01:07:10,916 INFO image_tx_daemon: frame seq=176 done: 1 fragments ok

INFO: unrelated frame during TX wait type=0xC0

RFCO_PERTX during TX wait: profile_id=1 tx_status=0x00(OK) hop_idx=49 channel_idx=49 epoch=2 freq_hz=927250000 pkt_toa_us=115328 legal_dwell_used_us_10s=115328

2026-07-25 01:07:11,114 INFO image_tx_daemon: frame seq=177 done: 1 fragments ok

INFO: unrelated frame during TX wait type=0xC0

RFCO_PERTX during TX wait: profile_id=1 tx_status=0x00(OK) hop_idx=0 channel_idx=43 epoch=3 freq_hz=924250000 pkt_toa_us=115328 legal_dwell_used_us_10s=164096

2026-07-25 01:07:11,312 INFO image_tx_daemon: frame seq=178 done: 1 fragments ok

INFO: unrelated frame during TX wait type=0xC0

RFCO_PERTX during TX wait: profile_id=1 tx_status=0x00(OK) hop_idx=1 channel_idx=15 epoch=3 freq_hz=910250000 pkt_toa_us=115328 legal_dwell_used_us_10s=284416

2026-07-25 01:07:11,520 INFO image_tx_daemon: frame seq=179 done: 1 fragments ok

INFO: unrelated frame during TX wait type=0xC0

RFCO_PERTX during TX wait: profile_id=1 tx_status=0x00(OK) hop_idx=2 channel_idx=14 epoch=3 freq_hz=909750000 pkt_toa_us=115328 legal_dwell_used_us_10s=169216

2026-07-25 01:07:11,718 INFO image_tx_daemon: frame seq=181 done: 1 fragments ok

INFO: unrelated frame during TX wait type=0xC0

RFCO_PERTX during TX wait: profile_id=1 tx_status=0x00(OK) hop_idx=3 channel_idx=0 epoch=3 freq_hz=902750000 pkt_toa_us=117888 legal_dwell_used_us_10s=164096

2026-07-25 01:07:11,915 INFO image_tx_daemon: frame seq=182 done: 1 fragments ok

INFO: unrelated frame during TX wait type=0xC0

RFCO_PERTX during TX wait: profile_id=1 tx_status=0x00(OK) hop_idx=4 channel_idx=27 epoch=3 freq_hz=916250000 pkt_toa_us=117888 legal_dwell_used_us_10s=286976

2026-07-25 01:07:12,114 INFO image_tx_daemon: frame seq=183 done: 1 fragments ok

INFO: unrelated frame during TX wait type=0xC0

RFCO_PERTX during TX wait: profile_id=1 tx_status=0x00(OK) hop_idx=5 channel_idx=44 epoch=3 freq_hz=924750000 pkt_toa_us=117888 legal_dwell_used_us_10s=182016

2026-07-25 01:07:12,322 INFO image_tx_daemon: frame seq=184 done: 1 fragments ok

INFO: unrelated frame during TX wait type=0xC0

RFCO_PERTX during TX wait: profile_id=1 tx_status=0x00(OK) hop_idx=6 channel_idx=26 epoch=3 freq_hz=915750000 pkt_toa_us=117888 legal_dwell_used_us_10s=222976

2026-07-25 01:07:12,520 INFO image_tx_daemon: frame seq=185 done: 1 fragments ok

INFO: unrelated frame during TX wait type=0xC0

RFCO_PERTX during TX wait: profile_id=1 tx_status=0x00(OK) hop_idx=7 channel_idx=18 epoch=3 freq_hz=911750000 pkt_toa_us=117888 legal_dwell_used_us_10s=117888

2026-07-25 01:07:12,717 INFO image_tx_daemon: frame seq=187 done: 1 fragments ok

INFO: unrelated frame during TX wait type=0xC0

RFCO_PERTX during TX wait: profile_id=1 tx_status=0x00(OK) hop_idx=8 channel_idx=46 epoch=3 freq_hz=925750000 pkt_toa_us=117888 legal_dwell_used_us_10s=222976

2026-07-25 01:07:12,918 INFO image_tx_daemon: frame seq=188 done: 1 fragments ok

INFO: unrelated frame during TX wait type=0xC0

RFCO_PERTX during TX wait: profile_id=1 tx_status=0x00(OK) hop_idx=9 channel_idx=24 epoch=3 freq_hz=914750000 pkt_toa_us=115328 legal_dwell_used_us_10s=115328

2026-07-25 01:07:13,116 INFO image_tx_daemon: frame seq=189 done: 1 fragments ok

INFO: unrelated frame during TX wait type=0xC0

RFCO_PERTX during TX wait: profile_id=1 tx_status=0x00(OK) hop_idx=10 channel_idx=36 epoch=3 freq_hz=920750000 pkt_toa_us=117888 legal_dwell_used_us_10s=117888

2026-07-25 01:07:13,314 INFO image_tx_daemon: frame seq=190 done: 1 fragments ok

INFO: unrelated frame during TX wait type=0xC0

RFCO_PERTX during TX wait: profile_id=1 tx_status=0x00(OK) hop_idx=11 channel_idx=8 epoch=3 freq_hz=906750000 pkt_toa_us=117888 legal_dwell_used_us_10s=233216

2026-07-25 01:07:13,513 INFO image_tx_daemon: frame seq=191 done: 1 fragments ok

INFO: unrelated frame during TX wait type=0xC0

RFCO_PERTX during TX wait: profile_id=1 tx_status=0x00(OK) hop_idx=12 channel_idx=29 epoch=3 freq_hz=917250000 pkt_toa_us=120448 legal_dwell_used_us_10s=158976

2026-07-25 01:07:13,721 INFO image_tx_daemon: frame seq=193 done: 1 fragments ok

INFO: unrelated frame during TX wait type=0xC0

RFCO_PERTX during TX wait: profile_id=1 tx_status=0x00(OK) hop_idx=13 channel_idx=7 epoch=3 freq_hz=906250000 pkt_toa_us=133248 legal_dwell_used_us_10s=240896

2026-07-25 01:07:13,929 INFO image_tx_daemon: frame seq=194 done: 1 fragments ok

INFO: unrelated frame during TX wait type=0xC0

RFCO_PERTX during TX wait: profile_id=1 tx_status=0x00(OK) hop_idx=14 channel_idx=40 epoch=3 freq_hz=922750000 pkt_toa_us=135808 legal_dwell_used_us_10s=304896

2026-07-25 01:07:14,138 INFO image_tx_daemon: frame seq=195 done: 1 fragments ok

INFO: unrelated frame during TX wait type=0xC0

RFCO_PERTX during TX wait: profile_id=1 tx_status=0x00(OK) hop_idx=15 channel_idx=42 epoch=3 freq_hz=923750000 pkt_toa_us=138368 legal_dwell_used_us_10s=307456

2026-07-25 01:07:14,336 INFO image_tx_daemon: frame seq=196 done: 1 fragments ok

INFO: unrelated frame during TX wait type=0xC0

RFCO_PERTX during TX wait: profile_id=1 tx_status=0x00(OK) hop_idx=16 channel_idx=16 epoch=3 freq_hz=910750000 pkt_toa_us=138368 legal_dwell_used_us_10s=307456

2026-07-25 01:07:14,534 INFO image_tx_daemon: frame seq=197 done: 1 fragments ok

INFO: unrelated frame during TX wait type=0xC0

RFCO_PERTX during TX wait: profile_id=1 tx_status=0x00(OK) hop_idx=17 channel_idx=33 epoch=3 freq_hz=919250000 pkt_toa_us=156288 legal_dwell_used_us_10s=202496

2026-07-25 01:07:14,753 INFO image_tx_daemon: frame seq=199 done: 1 fragments ok

INFO: unrelated frame during TX wait type=0xC0

RFCO_PERTX during TX wait: profile_id=1 tx_status=0x00(OK) hop_idx=18 channel_idx=31 epoch=3 freq_hz=918250000 pkt_toa_us=151168 legal_dwell_used_us_10s=151168

2026-07-25 01:07:14,952 INFO image_tx_daemon: frame seq=200 done: 1 fragments ok

INFO: unrelated frame during TX wait type=0xC0

RFCO_PERTX during TX wait: profile_id=1 tx_status=0x00(OK) hop_idx=20 channel_idx=4 epoch=3 freq_hz=904750000 pkt_toa_us=148608 legal_dwell_used_us_10s=148608

2026-07-25 01:07:15,346 INFO image_tx_daemon: frame seq=201 done: 1 fragments ok

INFO: unrelated frame during TX wait type=0xC0

RFCO_PERTX during TX wait: profile_id=1 tx_status=0x00(OK) hop_idx=21 channel_idx=49 epoch=3 freq_hz=927250000 pkt_toa_us=169088 legal_dwell_used_us_10s=284416

2026-07-25 01:07:15,565 INFO image_tx_daemon: frame seq=204 done: 1 fragments ok

INFO: unrelated frame during TX wait type=0xC0

RFCO_PERTX during TX wait: profile_id=1 tx_status=0x00(OK) hop_idx=22 channel_idx=28 epoch=3 freq_hz=916750000 pkt_toa_us=169088 legal_dwell_used_us_10s=338176

2026-07-25 01:07:15,764 INFO image_tx_daemon: frame seq=205 done: 1 fragments ok

INFO: unrelated frame during TX wait type=0xC0

RFCO_PERTX during TX wait: profile_id=1 tx_status=0x00(OK) hop_idx=23 channel_idx=34 epoch=3 freq_hz=919750000 pkt_toa_us=169088 legal_dwell_used_us_10s=338176

INFO: unrelated frame during TX wait type=0xC0

RFCO_PERTX during TX wait: profile_id=1 tx_status=0x00(OK) hop_idx=24 channel_idx=39 epoch=3 freq_hz=922250000 pkt_toa_us=30848 legal_dwell_used_us_10s=30848

2026-07-25 01:07:16,027 INFO image_tx_daemon: frame seq=206 done: 2 fragments ok

INFO: unrelated frame during TX wait type=0xC0

RFCO_PERTX during TX wait: profile_id=1 tx_status=0x00(OK) hop_idx=25 channel_idx=1 epoch=3 freq_hz=903250000 pkt_toa_us=169088 legal_dwell_used_us_10s=338176

INFO: unrelated frame during TX wait type=0xC0

RFCO_PERTX during TX wait: profile_id=1 tx_status=0x00(OK) hop_idx=26 channel_idx=13 epoch=3 freq_hz=909250000 pkt_toa_us=28288 legal_dwell_used_us_10s=28288

2026-07-25 01:07:16,420 INFO image_tx_daemon: frame seq=208 done: 2 fragments ok

INFO: unrelated frame during TX wait type=0xC0

RFCO_PERTX during TX wait: profile_id=1 tx_status=0x00(OK) hop_idx=27 channel_idx=3 epoch=3 freq_hz=904250000 pkt_toa_us=169088 legal_dwell_used_us_10s=169088

INFO: unrelated frame during TX wait type=0xC0

RFCO_PERTX during TX wait: profile_id=1 tx_status=0x00(OK) hop_idx=28 channel_idx=32 epoch=3 freq_hz=918750000 pkt_toa_us=53888 legal_dwell_used_us_10s=53888

2026-07-25 01:07:16,847 INFO image_tx_daemon: frame seq=210 done: 2 fragments ok

INFO: unrelated frame during TX wait type=0xC0

RFCO_PERTX during TX wait: profile_id=1 tx_status=0x00(OK) hop_idx=29 channel_idx=35 epoch=3 freq_hz=920250000 pkt_toa_us=169088 legal_dwell_used_us_10s=169088

INFO: unrelated frame during TX wait type=0xC0

RFCO_PERTX during TX wait: profile_id=1 tx_status=0x00(OK) hop_idx=30 channel_idx=12 epoch=3 freq_hz=908750000 pkt_toa_us=64128 legal_dwell_used_us_10s=133376

2026-07-25 01:07:17,252 INFO image_tx_daemon: frame seq=213 done: 2 fragments ok

INFO: unrelated frame during TX wait type=0xC0

RFCO_PERTX during TX wait: profile_id=1 tx_status=0x00(OK) hop_idx=31 channel_idx=48 epoch=3 freq_hz=926750000 pkt_toa_us=169088 legal_dwell_used_us_10s=220416

INFO: unrelated frame during TX wait type=0xC0

RFCO_PERTX during TX wait: profile_id=1 tx_status=0x00(OK) hop_idx=32 channel_idx=37 epoch=3 freq_hz=921250000 pkt_toa_us=69248 legal_dwell_used_us_10s=69248

2026-07-25 01:07:17,656 INFO image_tx_daemon: frame seq=215 done: 2 fragments ok

2026-07-25 01:07:17,919 INFO image_tx_daemon: stats: goodput=676.8 B/s util=59% pipeline=v2 frames_in=222 ok=127 fail=0 drop_full=90 drop_stale=0 frags_ok=179 frags_fail=0 qdepth=4

INFO: unrelated frame during TX wait type=0xC0

RFCO_PERTX during TX wait: profile_id=1 tx_status=0x00(OK) hop_idx=33 channel_idx=17 epoch=3 freq_hz=911250000 pkt_toa_us=169088 legal_dwell_used_us_10s=169088

INFO: unrelated frame during TX wait type=0xC0

RFCO_PERTX during TX wait: profile_id=1 tx_status=0x00(OK) hop_idx=34 channel_idx=20 epoch=3 freq_hz=912750000 pkt_toa_us=61568 legal_dwell_used_us_10s=61568

2026-07-25 01:07:18,046 INFO image_tx_daemon: frame seq=217 done: 2 fragments ok

INFO: unrelated frame during TX wait type=0xC0

RFCO_PERTX during TX wait: profile_id=1 tx_status=0x00(OK) hop_idx=36 channel_idx=22 epoch=3 freq_hz=913750000 pkt_toa_us=169088 legal_dwell_used_us_10s=169088

INFO: unrelated frame during TX wait type=0xC0

RFCO_PERTX during TX wait: profile_id=1 tx_status=0x00(OK) hop_idx=37 channel_idx=47 epoch=3 freq_hz=926250000 pkt_toa_us=66688 legal_dwell_used_us_10s=176896

2026-07-25 01:07:18,654 INFO image_tx_daemon: frame seq=220 done: 2 fragments ok

INFO: unrelated frame during TX wait type=0xC0

RFCO_PERTX during TX wait: profile_id=1 tx_status=0x00(OK) hop_idx=38 channel_idx=11 epoch=3 freq_hz=908250000 pkt_toa_us=169088 legal_dwell_used_us_10s=286976

INFO: unrelated frame during TX wait type=0xC0

RFCO_PERTX during TX wait: profile_id=1 tx_status=0x00(OK) hop_idx=39 channel_idx=19 epoch=3 freq_hz=912250000 pkt_toa_us=59008 legal_dwell_used_us_10s=59008

2026-07-25 01:07:19,049 INFO image_tx_daemon: frame seq=223 done: 2 fragments ok

INFO: unrelated frame during TX wait type=0xC0

RFCO_PERTX during TX wait: profile_id=1 tx_status=0x00(OK) hop_idx=40 channel_idx=6 epoch=3 freq_hz=905750000 pkt_toa_us=169088 legal_dwell_used_us_10s=169088

INFO: unrelated frame during TX wait type=0xC0

RFCO_PERTX during TX wait: profile_id=1 tx_status=0x00(OK) hop_idx=41 channel_idx=30 epoch=3 freq_hz=917750000 pkt_toa_us=59008 legal_dwell_used_us_10s=59008

2026-07-25 01:07:19,443 INFO image_tx_daemon: frame seq=226 done: 2 fragments ok

INFO: unrelated frame during TX wait type=0xC0

RFCO_PERTX during TX wait: profile_id=1 tx_status=0x00(OK) hop_idx=42 channel_idx=9 epoch=3 freq_hz=907250000 pkt_toa_us=169088 legal_dwell_used_us_10s=169088

INFO: unrelated frame during TX wait type=0xC0

RFCO_PERTX during TX wait: profile_id=1 tx_status=0x00(OK) hop_idx=43 channel_idx=5 epoch=3 freq_hz=905250000 pkt_toa_us=69248 legal_dwell_used_us_10s=69248

2026-07-25 01:07:19,852 INFO image_tx_daemon: frame seq=228 done: 2 fragments ok

INFO: unrelated frame during TX wait type=0xC0

RFCO_PERTX during TX wait: profile_id=1 tx_status=0x00(OK) hop_idx=44 channel_idx=25 epoch=3 freq_hz=915250000 pkt_toa_us=169088 legal_dwell_used_us_10s=276736

INFO: unrelated frame during TX wait type=0xC0

RFCO_PERTX during TX wait: profile_id=1 tx_status=0x00(OK) hop_idx=45 channel_idx=38 epoch=3 freq_hz=921750000 pkt_toa_us=66688 legal_dwell_used_us_10s=66688

2026-07-25 01:07:20,257 INFO image_tx_daemon: frame seq=231 done: 2 fragments ok

INFO: unrelated frame during TX wait type=0xC0

RFCO_PERTX during TX wait: profile_id=1 tx_status=0x00(OK) hop_idx=46 channel_idx=10 epoch=3 freq_hz=907750000 pkt_toa_us=169088 legal_dwell_used_us_10s=169088

INFO: unrelated frame during TX wait type=0xC0

RFCO_PERTX during TX wait: profile_id=1 tx_status=0x00(OK) hop_idx=47 channel_idx=23 epoch=3 freq_hz=914250000 pkt_toa_us=48768 legal_dwell_used_us_10s=48768

2026-07-25 01:07:20,630 INFO image_tx_daemon: frame seq=233 done: 2 fragments ok

INFO: unrelated frame during TX wait type=0xC0

RFCO_PERTX during TX wait: profile_id=1 tx_status=0x00(OK) hop_idx=48 channel_idx=21 epoch=3 freq_hz=913250000 pkt_toa_us=169088 legal_dwell_used_us_10s=169088

INFO: unrelated frame during TX wait type=0xC0

RFCO_PERTX during TX wait: profile_id=1 tx_status=0x00(OK) hop_idx=49 channel_idx=41 epoch=3 freq_hz=923250000 pkt_toa_us=69248 legal_dwell_used_us_10s=69248

2026-07-25 01:07:21,050 INFO image_tx_daemon: frame seq=235 done: 2 fragments ok

INFO: unrelated frame during TX wait type=0xC0

RFCO_PERTX during TX wait: profile_id=1 tx_status=0x00(OK) hop_idx=0 channel_idx=46 epoch=4 freq_hz=925750000 pkt_toa_us=169088 legal_dwell_used_us_10s=286976

INFO: unrelated frame during TX wait type=0xC0

RFCO_PERTX during TX wait: profile_id=1 tx_status=0x00(OK) hop_idx=1 channel_idx=11 epoch=4 freq_hz=908250000 pkt_toa_us=59008 legal_dwell_used_us_10s=228096

2026-07-25 01:07:21,444 INFO image_tx_daemon: frame seq=238 done: 2 fragments ok

INFO: unrelated frame during TX wait type=0xC0

RFCO_PERTX during TX wait: profile_id=1 tx_status=0x00(OK) hop_idx=2 channel_idx=37 epoch=4 freq_hz=921250000 pkt_toa_us=166528 legal_dwell_used_us_10s=235776

2026-07-25 01:07:21,754 INFO image_tx_daemon: frame seq=240 done: 1 fragments ok

INFO: unrelated frame during TX wait type=0xC0

RFCO_PERTX during TX wait: profile_id=1 tx_status=0x00(OK) hop_idx=3 channel_idx=12 epoch=4 freq_hz=908750000 pkt_toa_us=169088 legal_dwell_used_us_10s=233216

INFO: unrelated frame during TX wait type=0xC0

RFCO_PERTX during TX wait: profile_id=1 tx_status=0x00(OK) hop_idx=4 channel_idx=19 epoch=4 freq_hz=912250000 pkt_toa_us=28288 legal_dwell_used_us_10s=87296

2026-07-25 01:07:22,007 INFO image_tx_daemon: frame seq=242 done: 2 fragments ok

INFO: unrelated frame during TX wait type=0xC0

RFCO_PERTX during TX wait: profile_id=1 tx_status=0x00(OK) hop_idx=5 channel_idx=43 epoch=4 freq_hz=924250000 pkt_toa_us=166528 legal_dwell_used_us_10s=166528

2026-07-25 01:07:22,357 INFO image_tx_daemon: frame seq=244 done: 1 fragments ok

INFO: unrelated frame during TX wait type=0xC0

RFCO_PERTX during TX wait: profile_id=1 tx_status=0x00(OK) hop_idx=6 channel_idx=49 epoch=4 freq_hz=927250000 pkt_toa_us=166528 legal_dwell_used_us_10s=335616

2026-07-25 01:07:22,562 INFO image_tx_daemon: frame seq=246 done: 1 fragments ok

INFO: unrelated frame during TX wait type=0xC0

RFCO_PERTX during TX wait: profile_id=1 tx_status=0x00(OK) hop_idx=7 channel_idx=17 epoch=4 freq_hz=911250000 pkt_toa_us=158848 legal_dwell_used_us_10s=327936

2026-07-25 01:07:22,750 INFO image_tx_daemon: frame seq=247 done: 1 fragments ok

INFO: unrelated frame during TX wait type=0xC0

RFCO_PERTX during TX wait: profile_id=1 tx_status=0x00(OK) hop_idx=8 channel_idx=26 epoch=4 freq_hz=915750000 pkt_toa_us=146048 legal_dwell_used_us_10s=146048

2026-07-25 01:07:22,933 INFO image_tx_daemon: frame seq=248 done: 1 fragments ok

INFO: unrelated frame during TX wait type=0xC0

RFCO_PERTX during TX wait: profile_id=1 tx_status=0x00(OK) hop_idx=9 channel_idx=25 epoch=4 freq_hz=915250000 pkt_toa_us=148608 legal_dwell_used_us_10s=317696

2026-07-25 01:07:23,131 INFO image_tx_daemon: frame seq=249 done: 1 fragments ok

INFO: unrelated frame during TX wait type=0xC0

RFCO_PERTX during TX wait: profile_id=1 tx_status=0x00(OK) hop_idx=11 channel_idx=31 epoch=4 freq_hz=918250000 pkt_toa_us=153728 legal_dwell_used_us_10s=304896

2026-07-25 01:07:23,535 INFO image_tx_daemon: frame seq=250 done: 1 fragments ok

INFO: unrelated frame during TX wait type=0xC0

RFCO_PERTX during TX wait: profile_id=1 tx_status=0x00(OK) hop_idx=12 channel_idx=1 epoch=4 freq_hz=903250000 pkt_toa_us=140928 legal_dwell_used_us_10s=310016

2026-07-25 01:07:23,730 INFO image_tx_daemon: frame seq=253 done: 1 fragments ok

INFO: unrelated frame during TX wait type=0xC0

RFCO_PERTX during TX wait: profile_id=1 tx_status=0x00(OK) hop_idx=13 channel_idx=38 epoch=4 freq_hz=921750000 pkt_toa_us=138368 legal_dwell_used_us_10s=205056

2026-07-25 01:07:23,917 INFO image_tx_daemon: frame seq=254 done: 1 fragments ok

INFO: unrelated frame during TX wait type=0xC0

RFCO_PERTX during TX wait: profile_id=1 tx_status=0x00(OK) hop_idx=14 channel_idx=8 epoch=4 freq_hz=906750000 pkt_toa_us=169088 legal_dwell_used_us_10s=169088

INFO: unrelated frame during TX wait type=0xC0

RFCO_PERTX during TX wait: profile_id=1 tx_status=0x00(OK) hop_idx=15 channel_idx=14 epoch=4 freq_hz=909750000 pkt_toa_us=64128 legal_dwell_used_us_10s=64128

2026-07-25 01:07:24,246 INFO image_tx_daemon: frame seq=255 done: 2 fragments ok

INFO: unrelated frame during TX wait type=0xC0

RFCO_PERTX during TX wait: profile_id=1 tx_status=0x00(OK) hop_idx=16 channel_idx=32 epoch=4 freq_hz=918750000 pkt_toa_us=169088 legal_dwell_used_us_10s=222976

INFO: unrelated frame during TX wait type=0xC0

RFCO_PERTX during TX wait: profile_id=1 tx_status=0x00(OK) hop_idx=17 channel_idx=28 epoch=4 freq_hz=916750000 pkt_toa_us=56448 legal_dwell_used_us_10s=225536

2026-07-25 01:07:24,630 INFO image_tx_daemon: frame seq=1 done: 2 fragments ok

INFO: unrelated frame during TX wait type=0xC0

RFCO_PERTX during TX wait: profile_id=1 tx_status=0x00(OK) hop_idx=18 channel_idx=30 epoch=4 freq_hz=917750000 pkt_toa_us=169088 legal_dwell_used_us_10s=228096

INFO: unrelated frame during TX wait type=0xC0

RFCO_PERTX during TX wait: profile_id=1 tx_status=0x00(OK) hop_idx=19 channel_idx=16 epoch=4 freq_hz=910750000 pkt_toa_us=53888 legal_dwell_used_us_10s=53888

2026-07-25 01:07:25,033 INFO image_tx_daemon: frame seq=3 done: 2 fragments ok

INFO: unrelated frame during TX wait type=0xC0

RFCO_PERTX during TX wait: profile_id=1 tx_status=0x00(OK) hop_idx=20 channel_idx=27 epoch=4 freq_hz=916250000 pkt_toa_us=169088 legal_dwell_used_us_10s=169088

INFO: unrelated frame during TX wait type=0xC0

RFCO_PERTX during TX wait: profile_id=1 tx_status=0x00(OK) hop_idx=21 channel_idx=48 epoch=4 freq_hz=926750000 pkt_toa_us=53888 legal_dwell_used_us_10s=222976

2026-07-25 01:07:25,427 INFO image_tx_daemon: frame seq=5 done: 2 fragments ok

INFO: unrelated frame during TX wait type=0xC0

RFCO_PERTX during TX wait: profile_id=1 tx_status=0x00(OK) hop_idx=22 channel_idx=44 epoch=4 freq_hz=924750000 pkt_toa_us=169088 legal_dwell_used_us_10s=169088

INFO: unrelated frame during TX wait type=0xC0

RFCO_PERTX during TX wait: profile_id=1 tx_status=0x00(OK) hop_idx=23 channel_idx=10 epoch=4 freq_hz=907750000 pkt_toa_us=53888 legal_dwell_used_us_10s=222976

2026-07-25 01:07:25,832 INFO image_tx_daemon: frame seq=8 done: 2 fragments ok

INFO: unrelated frame during TX wait type=0xC0

RFCO_PERTX during TX wait: profile_id=1 tx_status=0x00(OK) hop_idx=24 channel_idx=0 epoch=4 freq_hz=902750000 pkt_toa_us=169088 legal_dwell_used_us_10s=169088

INFO: unrelated frame during TX wait type=0xC0

RFCO_PERTX during TX wait: profile_id=1 tx_status=0x00(OK) hop_idx=25 channel_idx=5 epoch=4 freq_hz=905250000 pkt_toa_us=48768 legal_dwell_used_us_10s=118016

2026-07-25 01:07:26,226 INFO image_tx_daemon: frame seq=10 done: 2 fragments ok

INFO: unrelated frame during TX wait type=0xC0

RFCO_PERTX during TX wait: profile_id=1 tx_status=0x00(OK) hop_idx=26 channel_idx=33 epoch=4 freq_hz=919250000 pkt_toa_us=169088 legal_dwell_used_us_10s=169088

INFO: unrelated frame during TX wait type=0xC0

RFCO_PERTX during TX wait: profile_id=1 tx_status=0x00(OK) hop_idx=27 channel_idx=22 epoch=4 freq_hz=913750000 pkt_toa_us=53888 legal_dwell_used_us_10s=222976

2026-07-25 01:07:26,630 INFO image_tx_daemon: frame seq=13 done: 2 fragments ok

INFO: unrelated frame during TX wait type=0xC0

RFCO_PERTX during TX wait: profile_id=1 tx_status=0x00(OK) hop_idx=28 channel_idx=13 epoch=4 freq_hz=909250000 pkt_toa_us=169088 legal_dwell_used_us_10s=169088

INFO: unrelated frame during TX wait type=0xC0

RFCO_PERTX during TX wait: profile_id=1 tx_status=0x00(OK) hop_idx=29 channel_idx=6 epoch=4 freq_hz=905750000 pkt_toa_us=48768 legal_dwell_used_us_10s=217856

2026-07-25 01:07:27,025 INFO image_tx_daemon: frame seq=15 done: 2 fragments ok

INFO: unrelated frame during TX wait type=0xC0

RFCO_PERTX during TX wait: profile_id=1 tx_status=0x00(OK) hop_idx=30 channel_idx=21 epoch=4 freq_hz=913250000 pkt_toa_us=169088 legal_dwell_used_us_10s=338176

INFO: unrelated frame during TX wait type=0xC0

RFCO_PERTX during TX wait: profile_id=1 tx_status=0x00(OK) hop_idx=31 channel_idx=24 epoch=4 freq_hz=914750000 pkt_toa_us=51328 legal_dwell_used_us_10s=51328

2026-07-25 01:07:27,420 INFO image_tx_daemon: frame seq=17 done: 2 fragments ok

INFO: unrelated frame during TX wait type=0xC0

RFCO_PERTX during TX wait: profile_id=1 tx_status=0x00(OK) hop_idx=32 channel_idx=2 epoch=4 freq_hz=903750000 pkt_toa_us=169088 legal_dwell_used_us_10s=169088

INFO: unrelated frame during TX wait type=0xC0

RFCO_PERTX during TX wait: profile_id=1 tx_status=0x00(OK) hop_idx=33 channel_idx=42 epoch=4 freq_hz=923750000 pkt_toa_us=48768 legal_dwell_used_us_10s=48768

2026-07-25 01:07:27,824 INFO image_tx_daemon: frame seq=20 done: 2 fragments ok

2026-07-25 01:07:27,930 INFO image_tx_daemon: stats: goodput=681.5 B/s util=59% pipeline=v2 frames_in=282 ok=156 fail=0 drop_full=121 drop_stale=0 frags_ok=228 frags_fail=0 qdepth=4

INFO: unrelated frame during TX wait type=0xC0

RFCO_PERTX during TX wait: profile_id=1 tx_status=0x00(OK) hop_idx=34 channel_idx=23 epoch=4 freq_hz=914250000 pkt_toa_us=169088 legal_dwell_used_us_10s=217856

INFO: unrelated frame during TX wait type=0xC0

RFCO_PERTX during TX wait: profile_id=1 tx_status=0x00(OK) hop_idx=35 channel_idx=39 epoch=4 freq_hz=922250000 pkt_toa_us=48768 legal_dwell_used_us_10s=48768

2026-07-25 01:07:28,219 INFO image_tx_daemon: frame seq=22 done: 2 fragments ok

INFO: unrelated frame during TX wait type=0xC0

RFCO_PERTX during TX wait: profile_id=1 tx_status=0x00(OK) hop_idx=36 channel_idx=9 epoch=4 freq_hz=907250000 pkt_toa_us=169088 legal_dwell_used_us_10s=338176

INFO: unrelated frame during TX wait type=0xC0

RFCO_PERTX during TX wait: profile_id=1 tx_status=0x00(OK) hop_idx=37 channel_idx=41 epoch=4 freq_hz=923250000 pkt_toa_us=51328 legal_dwell_used_us_10s=120576

2026-07-25 01:07:28,623 INFO image_tx_daemon: frame seq=25 done: 2 fragments ok

INFO: unrelated frame during TX wait type=0xC0

RFCO_PERTX during TX wait: profile_id=1 tx_status=0x00(OK) hop_idx=38 channel_idx=29 epoch=4 freq_hz=917250000 pkt_toa_us=169088 legal_dwell_used_us_10s=169088

INFO: unrelated frame during TX wait type=0xC0

RFCO_PERTX during TX wait: profile_id=1 tx_status=0x00(OK) hop_idx=39 channel_idx=7 epoch=4 freq_hz=906250000 pkt_toa_us=51328 legal_dwell_used_us_10s=51328

2026-07-25 01:07:29,020 INFO image_tx_daemon: frame seq=27 done: 2 fragments ok

INFO: unrelated frame during TX wait type=0xC0

RFCO_PERTX during TX wait: profile_id=1 tx_status=0x00(OK) hop_idx=40 channel_idx=36 epoch=4 freq_hz=920750000 pkt_toa_us=169088 legal_dwell_used_us_10s=169088

INFO: unrelated frame during TX wait type=0xC0

RFCO_PERTX during TX wait: profile_id=1 tx_status=0x00(OK) hop_idx=41 channel_idx=15 epoch=4 freq_hz=910250000 pkt_toa_us=43648 legal_dwell_used_us_10s=43648

2026-07-25 01:07:29,415 INFO image_tx_daemon: frame seq=30 done: 2 fragments ok

INFO: unrelated frame during TX wait type=0xC0

RFCO_PERTX during TX wait: profile_id=1 tx_status=0x00(OK) hop_idx=42 channel_idx=3 epoch=4 freq_hz=904250000 pkt_toa_us=169088 legal_dwell_used_us_10s=169088

INFO: unrelated frame during TX wait type=0xC0

RFCO_PERTX during TX wait: profile_id=1 tx_status=0x00(OK) hop_idx=43 channel_idx=4 epoch=4 freq_hz=904750000 pkt_toa_us=48768 legal_dwell_used_us_10s=48768

2026-07-25 01:07:29,820 INFO image_tx_daemon: frame seq=32 done: 2 fragments ok

INFO: unrelated frame during TX wait type=0xC0

RFCO_PERTX during TX wait: profile_id=1 tx_status=0x00(OK) hop_idx=44 channel_idx=47 epoch=4 freq_hz=926250000 pkt_toa_us=169088 legal_dwell_used_us_10s=169088

INFO: unrelated frame during TX wait type=0xC0

RFCO_PERTX during TX wait: profile_id=1 tx_status=0x00(OK) hop_idx=45 channel_idx=45 epoch=4 freq_hz=925250000 pkt_toa_us=61568 legal_dwell_used_us_10s=61568

2026-07-25 01:07:30,235 INFO image_tx_daemon: frame seq=34 done: 2 fragments ok

INFO: unrelated frame during TX wait type=0xC0

RFCO_PERTX during TX wait: profile_id=1 tx_status=0x00(OK) hop_idx=46 channel_idx=18 epoch=4 freq_hz=911750000 pkt_toa_us=169088 legal_dwell_used_us_10s=169088

INFO: unrelated frame during TX wait type=0xC0

RFCO_PERTX during TX wait: profile_id=1 tx_status=0x00(OK) hop_idx=47 channel_idx=34 epoch=4 freq_hz=919750000 pkt_toa_us=69248 legal_dwell_used_us_10s=69248

2026-07-25 01:07:30,640 INFO image_tx_daemon: frame seq=37 done: 2 fragments ok

INFO: unrelated frame during TX wait type=0xC0

RFCO_PERTX during TX wait: profile_id=1 tx_status=0x00(OK) hop_idx=48 channel_idx=35 epoch=4 freq_hz=920250000 pkt_toa_us=117888 legal_dwell_used_us_10s=117888

2026-07-25 01:07:30,888 INFO image_tx_daemon: frame seq=39 done: 1 fragments ok

INFO: unrelated frame during TX wait type=0xC0

RFCO_PERTX during TX wait: profile_id=1 tx_status=0x00(OK) hop_idx=49 channel_idx=40 epoch=4 freq_hz=922750000 pkt_toa_us=117888 legal_dwell_used_us_10s=117888

2026-07-25 01:07:31,086 INFO image_tx_daemon: frame seq=41 done: 1 fragments ok

INFO: unrelated frame during TX wait type=0xC0

RFCO_PERTX during TX wait: profile_id=1 tx_status=0x00(OK) hop_idx=0 channel_idx=15 epoch=5 freq_hz=910250000 pkt_toa_us=115328 legal_dwell_used_us_10s=158976

2026-07-25 01:07:31,284 INFO image_tx_daemon: frame seq=42 done: 1 fragments ok

INFO: unrelated frame during TX wait type=0xC0

RFCO_PERTX during TX wait: profile_id=1 tx_status=0x00(OK) hop_idx=1 channel_idx=1 epoch=5 freq_hz=903250000 pkt_toa_us=117888 legal_dwell_used_us_10s=258816

2026-07-25 01:07:31,492 INFO image_tx_daemon: frame seq=43 done: 1 fragments ok

INFO: unrelated frame during TX wait type=0xC0

RFCO_PERTX during TX wait: profile_id=1 tx_status=0x00(OK) hop_idx=2 channel_idx=25 epoch=5 freq_hz=915250000 pkt_toa_us=117888 legal_dwell_used_us_10s=266496

2026-07-25 01:07:31,690 INFO image_tx_daemon: frame seq=44 done: 1 fragments ok

INFO: unrelated frame during TX wait type=0xC0

RFCO_PERTX during TX wait: profile_id=1 tx_status=0x00(OK) hop_idx=3 channel_idx=6 epoch=5 freq_hz=905750000 pkt_toa_us=115328 legal_dwell_used_us_10s=164096

2026-07-25 01:07:31,887 INFO image_tx_daemon: frame seq=46 done: 1 fragments ok

INFO: unrelated frame during TX wait type=0xC0

RFCO_PERTX during TX wait: profile_id=1 tx_status=0x00(OK) hop_idx=4 channel_idx=27 epoch=5 freq_hz=916250000 pkt_toa_us=115328 legal_dwell_used_us_10s=284416

2026-07-25 01:07:32,085 INFO image_tx_daemon: frame seq=47 done: 1 fragments ok

INFO: unrelated frame during TX wait type=0xC0

RFCO_PERTX during TX wait: profile_id=1 tx_status=0x00(OK) hop_idx=5 channel_idx=5 epoch=5 freq_hz=905250000 pkt_toa_us=115328 legal_dwell_used_us_10s=164096

2026-07-25 01:07:32,283 INFO image_tx_daemon: frame seq=48 done: 1 fragments ok

INFO: unrelated frame during TX wait type=0xC0

RFCO_PERTX during TX wait: profile_id=1 tx_status=0x00(OK) hop_idx=6 channel_idx=23 epoch=5 freq_hz=914250000 pkt_toa_us=115328 legal_dwell_used_us_10s=284416

2026-07-25 01:07:32,481 INFO image_tx_daemon: frame seq=49 done: 1 fragments ok

INFO: unrelated frame during TX wait type=0xC0

RFCO_PERTX during TX wait: profile_id=1 tx_status=0x00(OK) hop_idx=7 channel_idx=13 epoch=5 freq_hz=909250000 pkt_toa_us=115328 legal_dwell_used_us_10s=284416

2026-07-25 01:07:32,689 INFO image_tx_daemon: frame seq=50 done: 1 fragments ok

INFO: unrelated frame during TX wait type=0xC0

RFCO_PERTX during TX wait: profile_id=1 tx_status=0x00(OK) hop_idx=8 channel_idx=2 epoch=5 freq_hz=903750000 pkt_toa_us=115328 legal_dwell_used_us_10s=284416

2026-07-25 01:07:32,887 INFO image_tx_daemon: frame seq=52 done: 1 fragments ok

INFO: unrelated frame during TX wait type=0xC0

RFCO_PERTX during TX wait: profile_id=1 tx_status=0x00(OK) hop_idx=9 channel_idx=37 epoch=5 freq_hz=921250000 pkt_toa_us=115328 legal_dwell_used_us_10s=115328

2026-07-25 01:07:33,085 INFO image_tx_daemon: frame seq=53 done: 1 fragments ok

INFO: unrelated frame during TX wait type=0xC0

RFCO_PERTX during TX wait: profile_id=1 tx_status=0x00(OK) hop_idx=10 channel_idx=19 epoch=5 freq_hz=912250000 pkt_toa_us=115328 legal_dwell_used_us_10s=115328

2026-07-25 01:07:33,283 INFO image_tx_daemon: frame seq=54 done: 1 fragments ok

INFO: unrelated frame during TX wait type=0xC0

RFCO_PERTX during TX wait: profile_id=1 tx_status=0x00(OK) hop_idx=11 channel_idx=7 epoch=5 freq_hz=906250000 pkt_toa_us=115328 legal_dwell_used_us_10s=166656

2026-07-25 01:07:33,480 INFO image_tx_daemon: frame seq=55 done: 1 fragments ok

INFO: unrelated frame during TX wait type=0xC0

RFCO_PERTX during TX wait: profile_id=1 tx_status=0x00(OK) hop_idx=12 channel_idx=29 epoch=5 freq_hz=917250000 pkt_toa_us=115328 legal_dwell_used_us_10s=284416

2026-07-25 01:07:33,679 INFO image_tx_daemon: frame seq=56 done: 1 fragments ok

INFO: unrelated frame during TX wait type=0xC0

RFCO_PERTX during TX wait: profile_id=1 tx_status=0x00(OK) hop_idx=13 channel_idx=41 epoch=5 freq_hz=923250000 pkt_toa_us=105088 legal_dwell_used_us_10s=156416

2026-07-25 01:07:33,876 INFO image_tx_daemon: frame seq=58 done: 1 fragments ok

INFO: unrelated frame during TX wait type=0xC0

RFCO_PERTX during TX wait: profile_id=1 tx_status=0x00(OK) hop_idx=14 channel_idx=0 epoch=5 freq_hz=902750000 pkt_toa_us=115328 legal_dwell_used_us_10s=284416

2026-07-25 01:07:34,084 INFO image_tx_daemon: frame seq=59 done: 1 fragments ok

INFO: unrelated frame during TX wait type=0xC0

RFCO_PERTX during TX wait: profile_id=1 tx_status=0x00(OK) hop_idx=15 channel_idx=35 epoch=5 freq_hz=920250000 pkt_toa_us=115328 legal_dwell_used_us_10s=233216

2026-07-25 01:07:34,282 INFO image_tx_daemon: frame seq=60 done: 1 fragments ok

INFO: unrelated frame during TX wait type=0xC0

RFCO_PERTX during TX wait: profile_id=1 tx_status=0x00(OK) hop_idx=16 channel_idx=10 epoch=5 freq_hz=907750000 pkt_toa_us=105088 legal_dwell_used_us_10s=158976

2026-07-25 01:07:34,472 INFO image_tx_daemon: frame seq=61 done: 1 fragments ok

INFO: unrelated frame during TX wait type=0xC0

RFCO_PERTX during TX wait: profile_id=1 tx_status=0x00(OK) hop_idx=17 channel_idx=3 epoch=5 freq_hz=904250000 pkt_toa_us=107648 legal_dwell_used_us_10s=276736

2026-07-25 01:07:34,670 INFO image_tx_daemon: frame seq=62 done: 1 fragments ok

INFO: unrelated frame during TX wait type=0xC0

RFCO_PERTX during TX wait: profile_id=1 tx_status=0x00(OK) hop_idx=18 channel_idx=8 epoch=5 freq_hz=906750000 pkt_toa_us=115328 legal_dwell_used_us_10s=115328

2026-07-25 01:07:34,879 INFO image_tx_daemon: frame seq=63 done: 1 fragments ok

INFO: unrelated frame during TX wait type=0xC0

RFCO_PERTX during TX wait: profile_id=1 tx_status=0x00(OK) hop_idx=19 channel_idx=26 epoch=5 freq_hz=915750000 pkt_toa_us=115328 legal_dwell_used_us_10s=115328

2026-07-25 01:07:35,077 INFO image_tx_daemon: frame seq=65 done: 1 fragments ok

INFO: unrelated frame during TX wait type=0xC0

RFCO_PERTX during TX wait: profile_id=1 tx_status=0x00(OK) hop_idx=20 channel_idx=47 epoch=5 freq_hz=926250000 pkt_toa_us=125568 legal_dwell_used_us_10s=294656

2026-07-25 01:07:35,296 INFO image_tx_daemon: frame seq=66 done: 1 fragments ok

INFO: unrelated frame during TX wait type=0xC0

RFCO_PERTX during TX wait: profile_id=1 tx_status=0x00(OK) hop_idx=21 channel_idx=21 epoch=5 freq_hz=913250000 pkt_toa_us=133248 legal_dwell_used_us_10s=302336

2026-07-25 01:07:35,504 INFO image_tx_daemon: frame seq=67 done: 1 fragments ok

INFO: unrelated frame during TX wait type=0xC0

RFCO_PERTX during TX wait: profile_id=1 tx_status=0x00(OK) hop_idx=22 channel_idx=28 epoch=5 freq_hz=916750000 pkt_toa_us=135808 legal_dwell_used_us_10s=135808

2026-07-25 01:07:35,702 INFO image_tx_daemon: frame seq=69 done: 1 fragments ok

INFO: unrelated frame during TX wait type=0xC0

RFCO_PERTX during TX wait: profile_id=1 tx_status=0x00(OK) hop_idx=23 channel_idx=48 epoch=5 freq_hz=926750000 pkt_toa_us=140928 legal_dwell_used_us_10s=140928

2026-07-25 01:07:35,910 INFO image_tx_daemon: frame seq=70 done: 1 fragments ok

INFO: unrelated frame during TX wait type=0xC4

INFO: unrelated frame during TX wait type=0xC0

RFCO_PERTX during TX wait: profile_id=1 tx_status=0x00(OK) hop_idx=24 channel_idx=36 epoch=5 freq_hz=920750000 pkt_toa_us=140928 legal_dwell_used_us_10s=310016

2026-07-25 01:07:36,103 INFO image_tx_daemon: frame seq=71 done: 1 fragments ok

INFO: unrelated frame during TX wait type=0xC0

RFCO_PERTX during TX wait: profile_id=1 tx_status=0x00(OK) hop_idx=25 channel_idx=34 epoch=5 freq_hz=919750000 pkt_toa_us=138368 legal_dwell_used_us_10s=207616

2026-07-25 01:07:36,301 INFO image_tx_daemon: frame seq=72 done: 1 fragments ok

INFO: unrelated frame during TX wait type=0xC0

RFCO_PERTX during TX wait: profile_id=1 tx_status=0x00(OK) hop_idx=26 channel_idx=49 epoch=5 freq_hz=927250000 pkt_toa_us=140928 legal_dwell_used_us_10s=140928

2026-07-25 01:07:36,509 INFO image_tx_daemon: frame seq=73 done: 1 fragments ok

INFO: unrelated frame during TX wait type=0xC0

RFCO_PERTX during TX wait: profile_id=1 tx_status=0x00(OK) hop_idx=27 channel_idx=32 epoch=5 freq_hz=918750000 pkt_toa_us=148608 legal_dwell_used_us_10s=148608

2026-07-25 01:07:36,718 INFO image_tx_daemon: frame seq=74 done: 1 fragments ok

INFO: unrelated frame during TX wait type=0xC0

RFCO_PERTX during TX wait: profile_id=1 tx_status=0x00(OK) hop_idx=29 channel_idx=17 epoch=5 freq_hz=911250000 pkt_toa_us=153728 legal_dwell_used_us_10s=153728

2026-07-25 01:07:37,118 INFO image_tx_daemon: frame seq=76 done: 1 fragments ok

INFO: unrelated frame during TX wait type=0xC0

RFCO_PERTX during TX wait: profile_id=1 tx_status=0x00(OK) hop_idx=30 channel_idx=43 epoch=5 freq_hz=924250000 pkt_toa_us=163968 legal_dwell_used_us_10s=163968

2026-07-25 01:07:37,327 INFO image_tx_daemon: frame seq=78 done: 1 fragments ok

INFO: unrelated frame during TX wait type=0xC0

RFCO_PERTX during TX wait: profile_id=1 tx_status=0x00(OK) hop_idx=31 channel_idx=20 epoch=5 freq_hz=912750000 pkt_toa_us=163968 legal_dwell_used_us_10s=163968

2026-07-25 01:07:37,526 INFO image_tx_daemon: frame seq=79 done: 1 fragments ok

FAULT_URC during TX wait: code=0x0D sub=0x01 raw=0d0100000000000000000000000000000000000049f00000

INFO: unrelated frame during TX wait type=0xC0

RFCO_PERTX during TX wait: profile_id=1 tx_status=0x00(OK) hop_idx=32 channel_idx=12 epoch=5 freq_hz=908750000 pkt_toa_us=156288 legal_dwell_used_us_10s=156288

2026-07-25 01:07:37,726 INFO image_tx_daemon: frame seq=81 done: 1 fragments ok

INFO: unrelated frame during TX wait type=0xC0

RFCO_PERTX during TX wait: profile_id=1 tx_status=0x00(OK) hop_idx=33 channel_idx=22 epoch=5 freq_hz=913750000 pkt_toa_us=169088 legal_dwell_used_us_10s=169088

2026-07-25 01:07:37,940 INFO image_tx_daemon: stats: goodput=693.2 B/s util=60% pipeline=v2 frames_in=342 ok=197 fail=0 drop_full=140 drop_stale=0 frags_ok=277 frags_fail=0 qdepth=4

INFO: unrelated frame during TX wait type=0xC0

RFCO_PERTX during TX wait: profile_id=1 tx_status=0x00(OK) hop_idx=34 channel_idx=24 epoch=5 freq_hz=914750000 pkt_toa_us=25728 legal_dwell_used_us_10s=25728

2026-07-25 01:07:37,988 INFO image_tx_daemon: frame seq=82 done: 2 fragments ok

INFO: unrelated frame during TX wait type=0xC0

RFCO_PERTX during TX wait: profile_id=1 tx_status=0x00(OK) hop_idx=35 channel_idx=38 epoch=5 freq_hz=921750000 pkt_toa_us=169088 legal_dwell_used_us_10s=169088

INFO: unrelated frame during TX wait type=0xC0

RFCO_PERTX during TX wait: profile_id=1 tx_status=0x00(OK) hop_idx=36 channel_idx=42 epoch=5 freq_hz=923750000 pkt_toa_us=41088 legal_dwell_used_us_10s=41088

2026-07-25 01:07:38,400 INFO image_tx_daemon: frame seq=83 done: 2 fragments ok

INFO: unrelated frame during TX wait type=0xC0

RFCO_PERTX during TX wait: profile_id=1 tx_status=0x00(OK) hop_idx=37 channel_idx=16 epoch=5 freq_hz=910750000 pkt_toa_us=169088 legal_dwell_used_us_10s=169088

INFO: unrelated frame during TX wait type=0xC0

RFCO_PERTX during TX wait: profile_id=1 tx_status=0x00(OK) hop_idx=38 channel_idx=31 epoch=5 freq_hz=918250000 pkt_toa_us=56448 legal_dwell_used_us_10s=56448

2026-07-25 01:07:38,817 INFO image_tx_daemon: frame seq=86 done: 2 fragments ok

INFO: unrelated frame during TX wait type=0xC0

RFCO_PERTX during TX wait: profile_id=1 tx_status=0x00(OK) hop_idx=39 channel_idx=18 epoch=5 freq_hz=911750000 pkt_toa_us=169088 legal_dwell_used_us_10s=338176

INFO: unrelated frame during TX wait type=0xC0

RFCO_PERTX during TX wait: profile_id=1 tx_status=0x00(OK) hop_idx=40 channel_idx=40 epoch=5 freq_hz=922750000 pkt_toa_us=38528 legal_dwell_used_us_10s=156416

2026-07-25 01:07:39,192 INFO image_tx_daemon: frame seq=88 done: 2 fragments ok

INFO: unrelated frame during TX wait type=0xC0

RFCO_PERTX during TX wait: profile_id=1 tx_status=0x00(OK) hop_idx=41 channel_idx=4 epoch=5 freq_hz=904750000 pkt_toa_us=169088 legal_dwell_used_us_10s=217856

INFO: unrelated frame during TX wait type=0xC0

RFCO_PERTX during TX wait: profile_id=1 tx_status=0x00(OK) hop_idx=42 channel_idx=44 epoch=5 freq_hz=924750000 pkt_toa_us=74368 legal_dwell_used_us_10s=74368

2026-07-25 01:07:39,637 INFO image_tx_daemon: frame seq=91 done: 2 fragments ok

INFO: unrelated frame during TX wait type=0xC0

RFCO_PERTX during TX wait: profile_id=1 tx_status=0x00(OK) hop_idx=43 channel_idx=9 epoch=5 freq_hz=907250000 pkt_toa_us=169088 legal_dwell_used_us_10s=169088

INFO: unrelated frame during TX wait type=0xC0

RFCO_PERTX during TX wait: profile_id=1 tx_status=0x00(OK) hop_idx=44 channel_idx=45 epoch=5 freq_hz=925250000 pkt_toa_us=59008 legal_dwell_used_us_10s=120576

2026-07-25 01:07:40,029 INFO image_tx_daemon: frame seq=93 done: 2 fragments ok

INFO: unrelated frame during TX wait type=0xC0

RFCO_PERTX during TX wait: profile_id=1 tx_status=0x00(OK) hop_idx=45 channel_idx=11 epoch=5 freq_hz=908250000 pkt_toa_us=169088 legal_dwell_used_us_10s=169088

INFO: unrelated frame during TX wait type=0xC0

RFCO_PERTX during TX wait: profile_id=1 tx_status=0x00(OK) hop_idx=46 channel_idx=33 epoch=5 freq_hz=919250000 pkt_toa_us=53888 legal_dwell_used_us_10s=53888

2026-07-25 01:07:40,414 INFO image_tx_daemon: frame seq=96 done: 2 fragments ok

INFO: unrelated frame during TX wait type=0xC0

RFCO_PERTX during TX wait: profile_id=1 tx_status=0x00(OK) hop_idx=47 channel_idx=39 epoch=5 freq_hz=922250000 pkt_toa_us=169088 legal_dwell_used_us_10s=169088

INFO: unrelated frame during TX wait type=0xC0

RFCO_PERTX during TX wait: profile_id=1 tx_status=0x00(OK) hop_idx=48 channel_idx=14 epoch=5 freq_hz=909750000 pkt_toa_us=64128 legal_dwell_used_us_10s=64128

2026-07-25 01:07:40,824 INFO image_tx_daemon: frame seq=98 done: 2 fragments ok

INFO: unrelated frame during TX wait type=0xC0

RFCO_PERTX during TX wait: profile_id=1 tx_status=0x00(OK) hop_idx=49 channel_idx=30 epoch=5 freq_hz=917750000 pkt_toa_us=169088 legal_dwell_used_us_10s=169088

INFO: unrelated frame during TX wait type=0xC0

RFCO_PERTX during TX wait: profile_id=1 tx_status=0x00(OK) hop_idx=0 channel_idx=9 epoch=6 freq_hz=907250000 pkt_toa_us=59008 legal_dwell_used_us_10s=228096

2026-07-25 01:07:41,220 INFO image_tx_daemon: frame seq=100 done: 2 fragments ok

INFO: unrelated frame during TX wait type=0xC0

RFCO_PERTX during TX wait: profile_id=1 tx_status=0x00(OK) hop_idx=1 channel_idx=12 epoch=6 freq_hz=908750000 pkt_toa_us=169088 legal_dwell_used_us_10s=325376

INFO: unrelated frame during TX wait type=0xC0

RFCO_PERTX during TX wait: profile_id=1 tx_status=0x00(OK) hop_idx=2 channel_idx=18 epoch=6 freq_hz=911750000 pkt_toa_us=53888 legal_dwell_used_us_10s=222976

2026-07-25 01:07:41,614 INFO image_tx_daemon: frame seq=103 done: 2 fragments ok

INFO: unrelated frame during TX wait type=0xC0

RFCO_PERTX during TX wait: profile_id=1 tx_status=0x00(OK) hop_idx=3 channel_idx=39 epoch=6 freq_hz=922250000 pkt_toa_us=169088 legal_dwell_used_us_10s=338176

INFO: unrelated frame during TX wait type=0xC0

RFCO_PERTX during TX wait: profile_id=1 tx_status=0x00(OK) hop_idx=4 channel_idx=37 epoch=6 freq_hz=921250000 pkt_toa_us=35968 legal_dwell_used_us_10s=151296

2026-07-25 01:07:41,988 INFO image_tx_daemon: frame seq=105 done: 2 fragments ok

INFO: unrelated frame during TX wait type=0xC0

RFCO_PERTX during TX wait: profile_id=1 tx_status=0x00(OK) hop_idx=5 channel_idx=16 epoch=6 freq_hz=910750000 pkt_toa_us=169088 legal_dwell_used_us_10s=338176

INFO: unrelated frame during TX wait type=0xC0

RFCO_PERTX during TX wait: profile_id=1 tx_status=0x00(OK) hop_idx=6 channel_idx=24 epoch=6 freq_hz=914750000 pkt_toa_us=51328 legal_dwell_used_us_10s=77056

2026-07-25 01:07:42,402 INFO image_tx_daemon: frame seq=107 done: 2 fragments ok

INFO: unrelated frame during TX wait type=0xC0

RFCO_PERTX during TX wait: profile_id=1 tx_status=0x00(OK) hop_idx=7 channel_idx=25 epoch=6 freq_hz=915250000 pkt_toa_us=169088 legal_dwell_used_us_10s=169088

INFO: unrelated frame during TX wait type=0xC0

RFCO_PERTX during TX wait: profile_id=1 tx_status=0x00(OK) hop_idx=8 channel_idx=2 epoch=6 freq_hz=903750000 pkt_toa_us=33408 legal_dwell_used_us_10s=33408

2026-07-25 01:07:42,786 INFO image_tx_daemon: frame seq=110 done: 2 fragments ok

INFO: unrelated frame during TX wait type=0xC0

RFCO_PERTX during TX wait: profile_id=1 tx_status=0x00(OK) hop_idx=9 channel_idx=35 epoch=6 freq_hz=920250000 pkt_toa_us=153728 legal_dwell_used_us_10s=269056

2026-07-25 01:07:43,107 INFO image_tx_daemon: frame seq=112 done: 1 fragments ok

INFO: unrelated frame during TX wait type=0xC0

RFCO_PERTX during TX wait: profile_id=1 tx_status=0x00(OK) hop_idx=10 channel_idx=14 epoch=6 freq_hz=909750000 pkt_toa_us=158848 legal_dwell_used_us_10s=222976

2026-07-25 01:07:43,316 INFO image_tx_daemon: frame seq=114 done: 1 fragments ok

INFO: unrelated frame during TX wait type=0xC0

RFCO_PERTX during TX wait: profile_id=1 tx_status=0x00(OK) hop_idx=11 channel_idx=27 epoch=6 freq_hz=916250000 pkt_toa_us=169088 legal_dwell_used_us_10s=169088

2026-07-25 01:07:43,527 INFO image_tx_daemon: frame seq=115 done: 1 fragments ok

INFO: unrelated frame during TX wait type=0xC0

RFCO_PERTX during TX wait: profile_id=1 tx_status=0x00(OK) hop_idx=12 channel_idx=11 epoch=6 freq_hz=908250000 pkt_toa_us=151168 legal_dwell_used_us_10s=320256

2026-07-25 01:07:43,705 INFO image_tx_daemon: frame seq=117 done: 1 fragments ok

INFO: unrelated frame during TX wait type=0xC0

RFCO_PERTX during TX wait: profile_id=1 tx_status=0x00(OK) hop_idx=13 channel_idx=43 epoch=6 freq_hz=924250000 pkt_toa_us=156288 legal_dwell_used_us_10s=320256

2026-07-25 01:07:43,921 INFO image_tx_daemon: frame seq=118 done: 1 fragments ok

INFO: unrelated frame during TX wait type=0xC0

RFCO_PERTX during TX wait: profile_id=1 tx_status=0x00(OK) hop_idx=15 channel_idx=15 epoch=6 freq_hz=910250000 pkt_toa_us=148608 legal_dwell_used_us_10s=148608

2026-07-25 01:07:44,305 INFO image_tx_daemon: frame seq=119 done: 1 fragments ok

INFO: unrelated frame during TX wait type=0xC0

RFCO_PERTX during TX wait: profile_id=1 tx_status=0x00(OK) hop_idx=16 channel_idx=6 epoch=6 freq_hz=905750000 pkt_toa_us=140928 legal_dwell_used_us_10s=140928

2026-07-25 01:07:44,493 INFO image_tx_daemon: frame seq=121 done: 1 fragments ok

INFO: unrelated frame during TX wait type=0xC0

RFCO_PERTX during TX wait: profile_id=1 tx_status=0x00(OK) hop_idx=17 channel_idx=0 epoch=6 freq_hz=902750000 pkt_toa_us=143488 legal_dwell_used_us_10s=143488

2026-07-25 01:07:44,704 INFO image_tx_daemon: frame seq=122 done: 1 fragments ok

INFO: unrelated frame during TX wait type=0xC0

RFCO_PERTX during TX wait: profile_id=1 tx_status=0x00(OK) hop_idx=18 channel_idx=20 epoch=6 freq_hz=912750000 pkt_toa_us=169088 legal_dwell_used_us_10s=333056

INFO: unrelated frame during TX wait type=0xC0

RFCO_PERTX during TX wait: profile_id=1 tx_status=0x00(OK) hop_idx=19 channel_idx=13 epoch=6 freq_hz=909250000 pkt_toa_us=64128 legal_dwell_used_us_10s=64128

2026-07-25 01:07:45,017 INFO image_tx_daemon: frame seq=124 done: 2 fragments ok

INFO: unrelated frame during TX wait type=0xC0

RFCO_PERTX during TX wait: profile_id=1 tx_status=0x00(OK) hop_idx=20 channel_idx=45 epoch=6 freq_hz=925250000 pkt_toa_us=169088 legal_dwell_used_us_10s=228096

INFO: unrelated frame during TX wait type=0xC0

RFCO_PERTX during TX wait: profile_id=1 tx_status=0x00(OK) hop_idx=21 channel_idx=5 epoch=6 freq_hz=905250000 pkt_toa_us=61568 legal_dwell_used_us_10s=61568

2026-07-25 01:07:45,415 INFO image_tx_daemon: frame seq=126 done: 2 fragments ok

INFO: unrelated frame during TX wait type=0xC0

RFCO_PERTX during TX wait: profile_id=1 tx_status=0x00(OK) hop_idx=22 channel_idx=40 epoch=6 freq_hz=922750000 pkt_toa_us=169088 legal_dwell_used_us_10s=207616

INFO: unrelated frame during TX wait type=0xC0

RFCO_PERTX during TX wait: profile_id=1 tx_status=0x00(OK) hop_idx=23 channel_idx=36 epoch=6 freq_hz=920750000 pkt_toa_us=51328 legal_dwell_used_us_10s=192256

2026-07-25 01:07:45,805 INFO image_tx_daemon: frame seq=128 done: 2 fragments ok

INFO: unrelated frame during TX wait type=0xC0

RFCO_PERTX during TX wait: profile_id=1 tx_status=0x00(OK) hop_idx=24 channel_idx=48 epoch=6 freq_hz=926750000 pkt_toa_us=169088 legal_dwell_used_us_10s=169088

INFO: unrelated frame during TX wait type=0xC0

RFCO_PERTX during TX wait: profile_id=1 tx_status=0x00(OK) hop_idx=25 channel_idx=31 epoch=6 freq_hz=918250000 pkt_toa_us=48768 legal_dwell_used_us_10s=105216

2026-07-25 01:07:46,199 INFO image_tx_daemon: frame seq=130 done: 2 fragments ok

INFO: unrelated frame during TX wait type=0xC0

RFCO_PERTX during TX wait: profile_id=1 tx_status=0x00(OK) hop_idx=26 channel_idx=38 epoch=6 freq_hz=921750000 pkt_toa_us=169088 legal_dwell_used_us_10s=338176

INFO: unrelated frame during TX wait type=0xC0

RFCO_PERTX during TX wait: profile_id=1 tx_status=0x00(OK) hop_idx=27 channel_idx=1 epoch=6 freq_hz=903250000 pkt_toa_us=46208 legal_dwell_used_us_10s=46208

2026-07-25 01:07:46,593 INFO image_tx_daemon: frame seq=133 done: 2 fragments ok

INFO: unrelated frame during TX wait type=0xC0

RFCO_PERTX during TX wait: profile_id=1 tx_status=0x00(OK) hop_idx=28 channel_idx=41 epoch=6 freq_hz=923250000 pkt_toa_us=169088 legal_dwell_used_us_10s=169088

INFO: unrelated frame during TX wait type=0xC0

RFCO_PERTX during TX wait: profile_id=1 tx_status=0x00(OK) hop_idx=29 channel_idx=7 epoch=6 freq_hz=906250000 pkt_toa_us=41088 legal_dwell_used_us_10s=41088

2026-07-25 01:07:46,987 INFO image_tx_daemon: frame seq=135 done: 2 fragments ok

INFO: unrelated frame during TX wait type=0xC0

RFCO_PERTX during TX wait: profile_id=1 tx_status=0x00(OK) hop_idx=30 channel_idx=17 epoch=6 freq_hz=911250000 pkt_toa_us=169088 legal_dwell_used_us_10s=169088

INFO: unrelated frame during TX wait type=0xC0

RFCO_PERTX during TX wait: profile_id=1 tx_status=0x00(OK) hop_idx=31 channel_idx=44 epoch=6 freq_hz=924750000 pkt_toa_us=41088 legal_dwell_used_us_10s=115456

2026-07-25 01:07:47,392 INFO image_tx_daemon: frame seq=137 done: 2 fragments ok

INFO: unrelated frame during TX wait type=0xC0

RFCO_PERTX during TX wait: profile_id=1 tx_status=0x00(OK) hop_idx=32 channel_idx=28 epoch=6 freq_hz=916750000 pkt_toa_us=169088 legal_dwell_used_us_10s=169088

INFO: unrelated frame during TX wait type=0xC0

RFCO_PERTX during TX wait: profile_id=1 tx_status=0x00(OK) hop_idx=33 channel_idx=10 epoch=6 freq_hz=907750000 pkt_toa_us=38528 legal_dwell_used_us_10s=38528

2026-07-25 01:07:47,785 INFO image_tx_daemon: frame seq=140 done: 2 fragments ok

2026-07-25 01:07:47,951 INFO image_tx_daemon: stats: goodput=648.3 B/s util=56% pipeline=v2 frames_in=402 ok=226 fail=0 drop_full=171 drop_stale=0 frags_ok=326 frags_fail=0 qdepth=4

INFO: unrelated frame during TX wait type=0xC0

RFCO_PERTX during TX wait: profile_id=1 tx_status=0x00(OK) hop_idx=34 channel_idx=33 epoch=6 freq_hz=919250000 pkt_toa_us=169088 legal_dwell_used_us_10s=222976

INFO: unrelated frame during TX wait type=0xC0

RFCO_PERTX during TX wait: profile_id=1 tx_status=0x00(OK) hop_idx=35 channel_idx=22 epoch=6 freq_hz=913750000 pkt_toa_us=51328 legal_dwell_used_us_10s=51328

2026-07-25 01:07:48,200 INFO image_tx_daemon: frame seq=142 done: 2 fragments ok

INFO: unrelated frame during TX wait type=0xC0

RFCO_PERTX during TX wait: profile_id=1 tx_status=0x00(OK) hop_idx=36 channel_idx=19 epoch=6 freq_hz=912250000 pkt_toa_us=169088 legal_dwell_used_us_10s=169088

INFO: unrelated frame during TX wait type=0xC0

RFCO_PERTX during TX wait: profile_id=1 tx_status=0x00(OK) hop_idx=37 channel_idx=32 epoch=6 freq_hz=918750000 pkt_toa_us=46208 legal_dwell_used_us_10s=46208

2026-07-25 01:07:48,594 INFO image_tx_daemon: frame seq=145 done: 2 fragments ok

INFO: unrelated frame during TX wait type=0xC0

RFCO_PERTX during TX wait: profile_id=1 tx_status=0x00(OK) hop_idx=38 channel_idx=8 epoch=6 freq_hz=906750000 pkt_toa_us=169088 legal_dwell_used_us_10s=169088

INFO: unrelated frame during TX wait type=0xC0

RFCO_PERTX during TX wait: profile_id=1 tx_status=0x00(OK) hop_idx=39 channel_idx=4 epoch=6 freq_hz=904750000 pkt_toa_us=48768 legal_dwell_used_us_10s=217856

2026-07-25 01:07:48,998 INFO image_tx_daemon: frame seq=147 done: 2 fragments ok

INFO: unrelated frame during TX wait type=0xC0

RFCO_PERTX during TX wait: profile_id=1 tx_status=0x00(OK) hop_idx=40 channel_idx=30 epoch=6 freq_hz=917750000 pkt_toa_us=169088 legal_dwell_used_us_10s=338176

INFO: unrelated frame during TX wait type=0xC0

RFCO_PERTX during TX wait: profile_id=1 tx_status=0x00(OK) hop_idx=41 channel_idx=46 epoch=6 freq_hz=925750000 pkt_toa_us=46208 legal_dwell_used_us_10s=46208

2026-07-25 01:07:49,392 INFO image_tx_daemon: frame seq=149 done: 2 fragments ok

INFO: unrelated frame during TX wait type=0xC0

RFCO_PERTX during TX wait: profile_id=1 tx_status=0x00(OK) hop_idx=42 channel_idx=29 epoch=6 freq_hz=917250000 pkt_toa_us=169088 legal_dwell_used_us_10s=169088

INFO: unrelated frame during TX wait type=0xC0

RFCO_PERTX during TX wait: profile_id=1 tx_status=0x00(OK) hop_idx=43 channel_idx=34 epoch=6 freq_hz=919750000 pkt_toa_us=48768 legal_dwell_used_us_10s=48768

2026-07-25 01:07:49,796 INFO image_tx_daemon: frame seq=152 done: 2 fragments ok

INFO: unrelated frame during TX wait type=0xC0

RFCO_PERTX during TX wait: profile_id=1 tx_status=0x00(OK) hop_idx=44 channel_idx=42 epoch=6 freq_hz=923750000 pkt_toa_us=169088 legal_dwell_used_us_10s=169088

INFO: unrelated frame during TX wait type=0xC0

RFCO_PERTX during TX wait: profile_id=1 tx_status=0x00(OK) hop_idx=45 channel_idx=23 epoch=6 freq_hz=914250000 pkt_toa_us=51328 legal_dwell_used_us_10s=51328

2026-07-25 01:07:50,201 INFO image_tx_daemon: frame seq=154 done: 2 fragments ok

INFO: unrelated frame during TX wait type=0xC0

RFCO_PERTX during TX wait: profile_id=1 tx_status=0x00(OK) hop_idx=46 channel_idx=47 epoch=6 freq_hz=926250000 pkt_toa_us=169088 legal_dwell_used_us_10s=169088

INFO: unrelated frame during TX wait type=0xC0

RFCO_PERTX during TX wait: profile_id=1 tx_status=0x00(OK) hop_idx=47 channel_idx=3 epoch=6 freq_hz=904250000 pkt_toa_us=51328 legal_dwell_used_us_10s=51328

2026-07-25 01:07:50,596 INFO image_tx_daemon: frame seq=157 done: 2 fragments ok

INFO: unrelated frame during TX wait type=0xC0

RFCO_PERTX during TX wait: profile_id=1 tx_status=0x00(OK) hop_idx=48 channel_idx=21 epoch=6 freq_hz=913250000 pkt_toa_us=169088 legal_dwell_used_us_10s=169088

INFO: unrelated frame during TX wait type=0xC0

RFCO_PERTX during TX wait: profile_id=1 tx_status=0x00(OK) hop_idx=49 channel_idx=49 epoch=6 freq_hz=927250000 pkt_toa_us=51328 legal_dwell_used_us_10s=51328

2026-07-25 01:07:50,991 INFO image_tx_daemon: frame seq=159 done: 2 fragments ok

INFO: unrelated frame during TX wait type=0xC0

RFCO_PERTX during TX wait: profile_id=1 tx_status=0x00(OK) hop_idx=0 channel_idx=9 epoch=7 freq_hz=907250000 pkt_toa_us=169088 legal_dwell_used_us_10s=169088

INFO: unrelated frame during TX wait type=0xC0

RFCO_PERTX during TX wait: profile_id=1 tx_status=0x00(OK) hop_idx=1 channel_idx=18 epoch=7 freq_hz=911750000 pkt_toa_us=53888 legal_dwell_used_us_10s=107776

2026-07-25 01:07:51,396 INFO image_tx_daemon: frame seq=161 done: 2 fragments ok

INFO: unrelated frame during TX wait type=0xC0

RFCO_PERTX during TX wait: profile_id=1 tx_status=0x00(OK) hop_idx=2 channel_idx=29 epoch=7 freq_hz=917250000 pkt_toa_us=115328 legal_dwell_used_us_10s=284416

2026-07-25 01:07:51,664 INFO image_tx_daemon: frame seq=164 done: 1 fragments ok

INFO: unrelated frame during TX wait type=0xC0

RFCO_PERTX during TX wait: profile_id=1 tx_status=0x00(OK) hop_idx=3 channel_idx=30 epoch=7 freq_hz=917750000 pkt_toa_us=112768 legal_dwell_used_us_10s=281856

2026-07-25 01:07:51,862 INFO image_tx_daemon: frame seq=165 done: 1 fragments ok

INFO: unrelated frame during TX wait type=0xC0

RFCO_PERTX during TX wait: profile_id=1 tx_status=0x00(OK) hop_idx=4 channel_idx=0 epoch=7 freq_hz=902750000 pkt_toa_us=110208 legal_dwell_used_us_10s=253696

2026-07-25 01:07:52,060 INFO image_tx_daemon: frame seq=167 done: 1 fragments ok

INFO: unrelated frame during TX wait type=0xC0

RFCO_PERTX during TX wait: profile_id=1 tx_status=0x00(OK) hop_idx=5 channel_idx=28 epoch=7 freq_hz=916750000 pkt_toa_us=107648 legal_dwell_used_us_10s=276736

2026-07-25 01:07:52,258 INFO image_tx_daemon: frame seq=168 done: 1 fragments ok

INFO: unrelated frame during TX wait type=0xC0

RFCO_PERTX during TX wait: profile_id=1 tx_status=0x00(OK) hop_idx=6 channel_idx=37 epoch=7 freq_hz=921250000 pkt_toa_us=105088 legal_dwell_used_us_10s=105088

2026-07-25 01:07:52,455 INFO image_tx_daemon: frame seq=169 done: 1 fragments ok

INFO: unrelated frame during TX wait type=0xC0

RFCO_PERTX during TX wait: profile_id=1 tx_status=0x00(OK) hop_idx=7 channel_idx=3 epoch=7 freq_hz=904250000 pkt_toa_us=105088 legal_dwell_used_us_10s=156416

2026-07-25 01:07:52,653 INFO image_tx_daemon: frame seq=170 done: 1 fragments ok

INFO: unrelated frame during TX wait type=0xC0

RFCO_PERTX during TX wait: profile_id=1 tx_status=0x00(OK) hop_idx=8 channel_idx=8 epoch=7 freq_hz=906750000 pkt_toa_us=107648 legal_dwell_used_us_10s=276736

2026-07-25 01:07:52,850 INFO image_tx_daemon: frame seq=171 done: 1 fragments ok

INFO: unrelated frame during TX wait type=0xC0

RFCO_PERTX during TX wait: profile_id=1 tx_status=0x00(OK) hop_idx=9 channel_idx=17 epoch=7 freq_hz=911250000 pkt_toa_us=105088 legal_dwell_used_us_10s=274176

2026-07-25 01:07:53,048 INFO image_tx_daemon: frame seq=173 done: 1 fragments ok

INFO: unrelated frame during TX wait type=0xC0

RFCO_PERTX during TX wait: profile_id=1 tx_status=0x00(OK) hop_idx=10 channel_idx=32 epoch=7 freq_hz=918750000 pkt_toa_us=120448 legal_dwell_used_us_10s=166656

2026-07-25 01:07:53,266 INFO image_tx_daemon: frame seq=174 done: 1 fragments ok

INFO: unrelated frame during TX wait type=0xC0

RFCO_PERTX during TX wait: profile_id=1 tx_status=0x00(OK) hop_idx=11 channel_idx=35 epoch=7 freq_hz=920250000 pkt_toa_us=117888 legal_dwell_used_us_10s=117888

2026-07-25 01:07:53,464 INFO image_tx_daemon: frame seq=175 done: 1 fragments ok

INFO: unrelated frame during TX wait type=0xC0

RFCO_PERTX during TX wait: profile_id=1 tx_status=0x00(OK) hop_idx=12 channel_idx=13 epoch=7 freq_hz=909250000 pkt_toa_us=115328 legal_dwell_used_us_10s=179456

2026-07-25 01:07:53,661 INFO image_tx_daemon: frame seq=176 done: 1 fragments ok

INFO: unrelated frame during TX wait type=0xC0

RFCO_PERTX during TX wait: profile_id=1 tx_status=0x00(OK) hop_idx=13 channel_idx=4 epoch=7 freq_hz=904750000 pkt_toa_us=115328 legal_dwell_used_us_10s=164096

2026-07-25 01:07:53,859 INFO image_tx_daemon: frame seq=177 done: 1 fragments ok

INFO: unrelated frame during TX wait type=0xC0

RFCO_PERTX during TX wait: profile_id=1 tx_status=0x00(OK) hop_idx=14 channel_idx=42 epoch=7 freq_hz=923750000 pkt_toa_us=115328 legal_dwell_used_us_10s=284416

2026-07-25 01:07:54,057 INFO image_tx_daemon: frame seq=179 done: 1 fragments ok

INFO: unrelated frame during TX wait type=0xC0

RFCO_PERTX during TX wait: profile_id=1 tx_status=0x00(OK) hop_idx=15 channel_idx=40 epoch=7 freq_hz=922750000 pkt_toa_us=117888 legal_dwell_used_us_10s=286976

2026-07-25 01:07:54,265 INFO image_tx_daemon: frame seq=180 done: 1 fragments ok

INFO: unrelated frame during TX wait type=0xC0

RFCO_PERTX during TX wait: profile_id=1 tx_status=0x00(OK) hop_idx=16 channel_idx=16 epoch=7 freq_hz=910750000 pkt_toa_us=115328 legal_dwell_used_us_10s=115328

2026-07-25 01:07:54,463 INFO image_tx_daemon: frame seq=181 done: 1 fragments ok

INFO: unrelated frame during TX wait type=0xC0

RFCO_PERTX during TX wait: profile_id=1 tx_status=0x00(OK) hop_idx=17 channel_idx=14 epoch=7 freq_hz=909750000 pkt_toa_us=117888 legal_dwell_used_us_10s=117888

2026-07-25 01:07:54,660 INFO image_tx_daemon: frame seq=182 done: 1 fragments ok

INFO: unrelated frame during TX wait type=0xC0

RFCO_PERTX during TX wait: profile_id=1 tx_status=0x00(OK) hop_idx=18 channel_idx=45 epoch=7 freq_hz=925250000 pkt_toa_us=117888 legal_dwell_used_us_10s=286976

2026-07-25 01:07:54,858 INFO image_tx_daemon: frame seq=183 done: 1 fragments ok

INFO: unrelated frame during TX wait type=0xC0

RFCO_PERTX during TX wait: profile_id=1 tx_status=0x00(OK) hop_idx=19 channel_idx=20 epoch=7 freq_hz=912750000 pkt_toa_us=117888 legal_dwell_used_us_10s=117888

2026-07-25 01:07:55,057 INFO image_tx_daemon: frame seq=185 done: 1 fragments ok

INFO: unrelated frame during TX wait type=0xC0

RFCO_PERTX during TX wait: profile_id=1 tx_status=0x00(OK) hop_idx=20 channel_idx=1 epoch=7 freq_hz=903250000 pkt_toa_us=120448 legal_dwell_used_us_10s=166656

2026-07-25 01:07:55,264 INFO image_tx_daemon: frame seq=186 done: 1 fragments ok

INFO: unrelated frame during TX wait type=0xC0

RFCO_PERTX during TX wait: profile_id=1 tx_status=0x00(OK) hop_idx=21 channel_idx=48 epoch=7 freq_hz=926750000 pkt_toa_us=117888 legal_dwell_used_us_10s=286976

2026-07-25 01:07:55,462 INFO image_tx_daemon: frame seq=187 done: 1 fragments ok

INFO: unrelated frame during TX wait type=0xC0

RFCO_PERTX during TX wait: profile_id=1 tx_status=0x00(OK) hop_idx=22 channel_idx=11 epoch=7 freq_hz=908250000 pkt_toa_us=117888 legal_dwell_used_us_10s=117888

2026-07-25 01:07:55,660 INFO image_tx_daemon: frame seq=188 done: 1 fragments ok

INFO: unrelated frame during TX wait type=0xC0

RFCO_PERTX during TX wait: profile_id=1 tx_status=0x00(OK) hop_idx=23 channel_idx=26 epoch=7 freq_hz=915750000 pkt_toa_us=115328 legal_dwell_used_us_10s=115328

2026-07-25 01:07:55,858 INFO image_tx_daemon: frame seq=189 done: 1 fragments ok

INFO: unrelated frame during TX wait type=0xC0

RFCO_PERTX during TX wait: profile_id=1 tx_status=0x00(OK) hop_idx=24 channel_idx=6 epoch=7 freq_hz=905750000 pkt_toa_us=117888 legal_dwell_used_us_10s=117888

2026-07-25 01:07:56,059 INFO image_tx_daemon: frame seq=191 done: 1 fragments ok

INFO: unrelated frame during TX wait type=0xC0

RFCO_PERTX during TX wait: profile_id=1 tx_status=0x00(OK) hop_idx=25 channel_idx=22 epoch=7 freq_hz=913750000 pkt_toa_us=120448 legal_dwell_used_us_10s=171776

2026-07-25 01:07:56,258 INFO image_tx_daemon: frame seq=192 done: 1 fragments ok

INFO: unrelated frame during TX wait type=0xC0

RFCO_PERTX during TX wait: profile_id=1 tx_status=0x00(OK) hop_idx=26 channel_idx=34 epoch=7 freq_hz=919750000 pkt_toa_us=120448 legal_dwell_used_us_10s=169216

2026-07-25 01:07:56,465 INFO image_tx_daemon: frame seq=193 done: 1 fragments ok

INFO: unrelated frame during TX wait type=0xC0

RFCO_PERTX during TX wait: profile_id=1 tx_status=0x00(OK) hop_idx=27 channel_idx=43 epoch=7 freq_hz=924250000 pkt_toa_us=133248 legal_dwell_used_us_10s=133248

2026-07-25 01:07:56,673 INFO image_tx_daemon: frame seq=194 done: 1 fragments ok

INFO: unrelated frame during TX wait type=0xC0

RFCO_PERTX during TX wait: profile_id=1 tx_status=0x00(OK) hop_idx=28 channel_idx=5 epoch=7 freq_hz=905250000 pkt_toa_us=133248 legal_dwell_used_us_10s=133248

2026-07-25 01:07:56,872 INFO image_tx_daemon: frame seq=195 done: 1 fragments ok

INFO: unrelated frame during TX wait type=0xC0

RFCO_PERTX during TX wait: profile_id=1 tx_status=0x00(OK) hop_idx=29 channel_idx=12 epoch=7 freq_hz=908750000 pkt_toa_us=138368 legal_dwell_used_us_10s=138368

2026-07-25 01:07:57,081 INFO image_tx_daemon: frame seq=197 done: 1 fragments ok

INFO: unrelated frame during TX wait type=0xC0

RFCO_PERTX during TX wait: profile_id=1 tx_status=0x00(OK) hop_idx=30 channel_idx=15 epoch=7 freq_hz=910250000 pkt_toa_us=148608 legal_dwell_used_us_10s=148608

2026-07-25 01:07:57,289 INFO image_tx_daemon: frame seq=198 done: 1 fragments ok

INFO: unrelated frame during TX wait type=0xC0

RFCO_PERTX during TX wait: profile_id=1 tx_status=0x00(OK) hop_idx=31 channel_idx=46 epoch=7 freq_hz=925750000 pkt_toa_us=156288 legal_dwell_used_us_10s=202496

2026-07-25 01:07:57,498 INFO image_tx_daemon: frame seq=199 done: 1 fragments ok

INFO: unrelated frame during TX wait type=0xC0

RFCO_PERTX during TX wait: profile_id=1 tx_status=0x00(OK) hop_idx=33 channel_idx=7 epoch=7 freq_hz=906250000 pkt_toa_us=151168 legal_dwell_used_us_10s=151168

2026-07-25 01:07:57,891 INFO image_tx_daemon: frame seq=200 done: 1 fragments ok

2026-07-25 01:07:57,961 INFO image_tx_daemon: stats: goodput=654.7 B/s util=57% pipeline=v2 frames_in=462 ok=266 fail=0 drop_full=192 drop_stale=0 frags_ok=375 frags_fail=0 qdepth=3

INFO: unrelated frame during TX wait type=0xC0

RFCO_PERTX during TX wait: profile_id=1 tx_status=0x00(OK) hop_idx=34 channel_idx=2 epoch=7 freq_hz=903750000 pkt_toa_us=169088 legal_dwell_used_us_10s=169088

2026-07-25 01:07:58,111 INFO image_tx_daemon: frame seq=203 done: 1 fragments ok

INFO: unrelated frame during TX wait type=0xC0

RFCO_PERTX during TX wait: profile_id=1 tx_status=0x00(OK) hop_idx=35 channel_idx=44 epoch=7 freq_hz=924750000 pkt_toa_us=169088 legal_dwell_used_us_10s=169088

2026-07-25 01:07:58,310 INFO image_tx_daemon: frame seq=204 done: 1 fragments ok

INFO: unrelated frame during TX wait type=0xC0

RFCO_PERTX during TX wait: profile_id=1 tx_status=0x00(OK) hop_idx=36 channel_idx=10 epoch=7 freq_hz=907750000 pkt_toa_us=169088 legal_dwell_used_us_10s=169088

INFO: unrelated frame during TX wait type=0xC0

RFCO_PERTX during TX wait: profile_id=1 tx_status=0x00(OK) hop_idx=37 channel_idx=21 epoch=7 freq_hz=913250000 pkt_toa_us=25728 legal_dwell_used_us_10s=194816

2026-07-25 01:07:58,561 INFO image_tx_daemon: frame seq=205 done: 2 fragments ok

INFO: unrelated frame during TX wait type=0xC0

RFCO_PERTX during TX wait: profile_id=1 tx_status=0x00(OK) hop_idx=38 channel_idx=33 epoch=7 freq_hz=919250000 pkt_toa_us=169088 legal_dwell_used_us_10s=169088

INFO: unrelated frame during TX wait type=0xC0

RFCO_PERTX during TX wait: profile_id=1 tx_status=0x00(OK) hop_idx=39 channel_idx=47 epoch=7 freq_hz=926250000 pkt_toa_us=38528 legal_dwell_used_us_10s=207616

2026-07-25 01:07:58,975 INFO image_tx_daemon: frame seq=207 done: 2 fragments ok

INFO: unrelated frame during TX wait type=0xC0

RFCO_PERTX during TX wait: profile_id=1 tx_status=0x00(OK) hop_idx=40 channel_idx=49 epoch=7 freq_hz=927250000 pkt_toa_us=169088 legal_dwell_used_us_10s=220416

INFO: unrelated frame during TX wait type=0xC0

RFCO_PERTX during TX wait: profile_id=1 tx_status=0x00(OK) hop_idx=41 channel_idx=41 epoch=7 freq_hz=923250000 pkt_toa_us=28288 legal_dwell_used_us_10s=28288

2026-07-25 01:07:59,362 INFO image_tx_daemon: frame seq=209 done: 2 fragments ok

INFO: unrelated frame during TX wait type=0xC0

RFCO_PERTX during TX wait: profile_id=1 tx_status=0x00(OK) hop_idx=42 channel_idx=36 epoch=7 freq_hz=920750000 pkt_toa_us=169088 legal_dwell_used_us_10s=169088

INFO: unrelated frame during TX wait type=0xC0

RFCO_PERTX during TX wait: profile_id=1 tx_status=0x00(OK) hop_idx=43 channel_idx=24 epoch=7 freq_hz=914750000 pkt_toa_us=59008 legal_dwell_used_us_10s=59008

2026-07-25 01:07:59,797 INFO image_tx_daemon: frame seq=212 done: 2 fragments ok

INFO: unrelated frame during TX wait type=0xC0

RFCO_PERTX during TX wait: profile_id=1 tx_status=0x00(OK) hop_idx=44 channel_idx=31 epoch=7 freq_hz=918250000 pkt_toa_us=169088 legal_dwell_used_us_10s=169088

INFO: unrelated frame during TX wait type=0xC0

RFCO_PERTX during TX wait: profile_id=1 tx_status=0x00(OK) hop_idx=45 channel_idx=19 epoch=7 freq_hz=912250000 pkt_toa_us=69248 legal_dwell_used_us_10s=69248

2026-07-25 01:08:00,203 INFO image_tx_daemon: frame seq=214 done: 2 fragments ok

INFO: unrelated frame during TX wait type=0xC0

RFCO_PERTX during TX wait: profile_id=1 tx_status=0x00(OK) hop_idx=46 channel_idx=25 epoch=7 freq_hz=915250000 pkt_toa_us=169088 legal_dwell_used_us_10s=169088

INFO: unrelated frame during TX wait type=0xC0

RFCO_PERTX during TX wait: profile_id=1 tx_status=0x00(OK) hop_idx=47 channel_idx=23 epoch=7 freq_hz=914250000 pkt_toa_us=61568 legal_dwell_used_us_10s=61568

2026-07-25 01:08:00,597 INFO image_tx_daemon: frame seq=217 done: 2 fragments ok

INFO: unrelated frame during TX wait type=0xC0

RFCO_PERTX during TX wait: profile_id=1 tx_status=0x00(OK) hop_idx=48 channel_idx=38 epoch=7 freq_hz=921750000 pkt_toa_us=169088 legal_dwell_used_us_10s=169088

INFO: unrelated frame during TX wait type=0xC0

RFCO_PERTX during TX wait: profile_id=1 tx_status=0x00(OK) hop_idx=49 channel_idx=27 epoch=7 freq_hz=916250000 pkt_toa_us=64128 legal_dwell_used_us_10s=64128

2026-07-25 01:08:00,995 INFO image_tx_daemon: frame seq=219 done: 2 fragments ok

INFO: unrelated frame during TX wait type=0xC0

RFCO_PERTX during TX wait: profile_id=1 tx_status=0x00(OK) hop_idx=0 channel_idx=42 epoch=8 freq_hz=923750000 pkt_toa_us=169088 legal_dwell_used_us_10s=284416

INFO: unrelated frame during TX wait type=0xC0

RFCO_PERTX during TX wait: profile_id=1 tx_status=0x00(OK) hop_idx=1 channel_idx=47 epoch=8 freq_hz=926250000 pkt_toa_us=66688 legal_dwell_used_us_10s=105216

2026-07-25 01:08:01,402 INFO image_tx_daemon: frame seq=221 done: 2 fragments ok

INFO: unrelated frame during TX wait type=0xC0

RFCO_PERTX during TX wait: profile_id=1 tx_status=0x00(OK) hop_idx=3 channel_idx=0 epoch=8 freq_hz=902750000 pkt_toa_us=169088 legal_dwell_used_us_10s=279296

INFO: unrelated frame during TX wait type=0xC0

RFCO_PERTX during TX wait: profile_id=1 tx_status=0x00(OK) hop_idx=4 channel_idx=23 epoch=8 freq_hz=914250000 pkt_toa_us=71808 legal_dwell_used_us_10s=133376

2026-07-25 01:08:02,009 INFO image_tx_daemon: frame seq=224 done: 2 fragments ok

INFO: unrelated frame during TX wait type=0xC0

RFCO_PERTX during TX wait: profile_id=1 tx_status=0x00(OK) hop_idx=5 channel_idx=38 epoch=8 freq_hz=921750000 pkt_toa_us=169088 legal_dwell_used_us_10s=338176

INFO: unrelated frame during TX wait type=0xC0

RFCO_PERTX during TX wait: profile_id=1 tx_status=0x00(OK) hop_idx=6 channel_idx=4 epoch=8 freq_hz=904750000 pkt_toa_us=69248 legal_dwell_used_us_10s=184576

2026-07-25 01:08:02,404 INFO image_tx_daemon: frame seq=228 done: 2 fragments ok

INFO: unrelated frame during TX wait type=0xC0

RFCO_PERTX during TX wait: profile_id=1 tx_status=0x00(OK) hop_idx=7 channel_idx=10 epoch=8 freq_hz=907750000 pkt_toa_us=169088 legal_dwell_used_us_10s=338176

INFO: unrelated frame during TX wait type=0xC0

RFCO_PERTX during TX wait: profile_id=1 tx_status=0x00(OK) hop_idx=8 channel_idx=44 epoch=8 freq_hz=924750000 pkt_toa_us=66688 legal_dwell_used_us_10s=235776

2026-07-25 01:08:02,798 INFO image_tx_daemon: frame seq=230 done: 2 fragments ok

INFO: unrelated frame during TX wait type=0xC0

RFCO_PERTX during TX wait: profile_id=1 tx_status=0x00(OK) hop_idx=9 channel_idx=27 epoch=8 freq_hz=916250000 pkt_toa_us=169088 legal_dwell_used_us_10s=233216

INFO: unrelated frame during TX wait type=0xC0

RFCO_PERTX during TX wait: profile_id=1 tx_status=0x00(OK) hop_idx=10 channel_idx=25 epoch=8 freq_hz=915250000 pkt_toa_us=59008 legal_dwell_used_us_10s=228096

2026-07-25 01:08:03,187 INFO image_tx_daemon: frame seq=232 done: 2 fragments ok

INFO: unrelated frame during TX wait type=0xC0

RFCO_PERTX during TX wait: profile_id=1 tx_status=0x00(OK) hop_idx=11 channel_idx=34 epoch=8 freq_hz=919750000 pkt_toa_us=169088 legal_dwell_used_us_10s=289536

INFO: unrelated frame during TX wait type=0xC0

RFCO_PERTX during TX wait: profile_id=1 tx_status=0x00(OK) hop_idx=12 channel_idx=48 epoch=8 freq_hz=926750000 pkt_toa_us=69248 legal_dwell_used_us_10s=187136

2026-07-25 01:08:03,602 INFO image_tx_daemon: frame seq=234 done: 2 fragments ok

INFO: unrelated frame during TX wait type=0xC0

RFCO_PERTX during TX wait: profile_id=1 tx_status=0x00(OK) hop_idx=13 channel_idx=7 epoch=8 freq_hz=906250000 pkt_toa_us=169088 legal_dwell_used_us_10s=320256

INFO: unrelated frame during TX wait type=0xC0

RFCO_PERTX during TX wait: profile_id=1 tx_status=0x00(OK) hop_idx=14 channel_idx=24 epoch=8 freq_hz=914750000 pkt_toa_us=48768 legal_dwell_used_us_10s=107776

2026-07-25 01:08:03,976 INFO image_tx_daemon: frame seq=237 done: 2 fragments ok

INFO: unrelated frame during TX wait type=0xC0

RFCO_PERTX during TX wait: profile_id=1 tx_status=0x00(OK) hop_idx=15 channel_idx=22 epoch=8 freq_hz=913750000 pkt_toa_us=169088 legal_dwell_used_us_10s=289536

INFO: unrelated frame during TX wait type=0xC0

RFCO_PERTX during TX wait: profile_id=1 tx_status=0x00(OK) hop_idx=16 channel_idx=28 epoch=8 freq_hz=916750000 pkt_toa_us=48768 legal_dwell_used_us_10s=48768

2026-07-25 01:08:04,380 INFO image_tx_daemon: frame seq=239 done: 2 fragments ok

INFO: unrelated frame during TX wait type=0xC0

RFCO_PERTX during TX wait: profile_id=1 tx_status=0x00(OK) hop_idx=17 channel_idx=12 epoch=8 freq_hz=908750000 pkt_toa_us=169088 legal_dwell_used_us_10s=307456

INFO: unrelated frame during TX wait type=0xC0

RFCO_PERTX during TX wait: profile_id=1 tx_status=0x00(OK) hop_idx=18 channel_idx=9 epoch=8 freq_hz=907250000 pkt_toa_us=28288 legal_dwell_used_us_10s=28288

2026-07-25 01:08:04,754 INFO image_tx_daemon: frame seq=242 done: 2 fragments ok

INFO: unrelated frame during TX wait type=0xC0

RFCO_PERTX during TX wait: profile_id=1 tx_status=0x00(OK) hop_idx=19 channel_idx=26 epoch=8 freq_hz=915750000 pkt_toa_us=166528 legal_dwell_used_us_10s=281856

2026-07-25 01:08:05,105 INFO image_tx_daemon: frame seq=244 done: 1 fragments ok

INFO: unrelated frame during TX wait type=0xC0

RFCO_PERTX during TX wait: profile_id=1 tx_status=0x00(OK) hop_idx=20 channel_idx=49 epoch=8 freq_hz=927250000 pkt_toa_us=166528 legal_dwell_used_us_10s=335616

2026-07-25 01:08:05,304 INFO image_tx_daemon: frame seq=246 done: 1 fragments ok

INFO: unrelated frame during TX wait type=0xC0

RFCO_PERTX during TX wait: profile_id=1 tx_status=0x00(OK) hop_idx=21 channel_idx=31 epoch=8 freq_hz=918250000 pkt_toa_us=158848 legal_dwell_used_us_10s=327936

2026-07-25 01:08:05,498 INFO image_tx_daemon: frame seq=247 done: 1 fragments ok

INFO: unrelated frame during TX wait type=0xC0

RFCO_PERTX during TX wait: profile_id=1 tx_status=0x00(OK) hop_idx=22 channel_idx=18 epoch=8 freq_hz=911750000 pkt_toa_us=148608 legal_dwell_used_us_10s=148608

2026-07-25 01:08:05,686 INFO image_tx_daemon: frame seq=249 done: 1 fragments ok

INFO: unrelated frame during TX wait type=0xC0

RFCO_PERTX during TX wait: profile_id=1 tx_status=0x00(OK) hop_idx=23 channel_idx=2 epoch=8 freq_hz=903750000 pkt_toa_us=153728 legal_dwell_used_us_10s=322816

2026-07-25 01:08:05,888 INFO image_tx_daemon: frame seq=250 done: 1 fragments ok

INFO: unrelated frame during TX wait type=0xC0

RFCO_PERTX during TX wait: profile_id=1 tx_status=0x00(OK) hop_idx=25 channel_idx=40 epoch=8 freq_hz=922750000 pkt_toa_us=148608 legal_dwell_used_us_10s=148608

2026-07-25 01:08:06,282 INFO image_tx_daemon: frame seq=251 done: 1 fragments ok

INFO: unrelated frame during TX wait type=0xC0

RFCO_PERTX during TX wait: profile_id=1 tx_status=0x00(OK) hop_idx=26 channel_idx=43 epoch=8 freq_hz=924250000 pkt_toa_us=140928 legal_dwell_used_us_10s=274176

2026-07-25 01:08:06,471 INFO image_tx_daemon: frame seq=253 done: 1 fragments ok

INFO: unrelated frame during TX wait type=0xC0

RFCO_PERTX during TX wait: profile_id=1 tx_status=0x00(OK) hop_idx=27 channel_idx=8 epoch=8 freq_hz=906750000 pkt_toa_us=138368 legal_dwell_used_us_10s=138368

2026-07-25 01:08:06,675 INFO image_tx_daemon: frame seq=254 done: 1 fragments ok

INFO: unrelated frame during TX wait type=0xC0

RFCO_PERTX during TX wait: profile_id=1 tx_status=0x00(OK) hop_idx=28 channel_idx=13 epoch=8 freq_hz=909250000 pkt_toa_us=169088 legal_dwell_used_us_10s=169088

INFO: unrelated frame during TX wait type=0xC0

RFCO_PERTX during TX wait: profile_id=1 tx_status=0x00(OK) hop_idx=29 channel_idx=46 epoch=8 freq_hz=925750000 pkt_toa_us=66688 legal_dwell_used_us_10s=222976

2026-07-25 01:08:06,992 INFO image_tx_daemon: frame seq=255 done: 2 fragments ok

INFO: unrelated frame during TX wait type=0xC0

RFCO_PERTX during TX wait: profile_id=1 tx_status=0x00(OK) hop_idx=30 channel_idx=15 epoch=8 freq_hz=910250000 pkt_toa_us=169088 legal_dwell_used_us_10s=169088

INFO: unrelated frame during TX wait type=0xC0

RFCO_PERTX during TX wait: profile_id=1 tx_status=0x00(OK) hop_idx=31 channel_idx=20 epoch=8 freq_hz=912750000 pkt_toa_us=56448 legal_dwell_used_us_10s=56448

2026-07-25 01:08:07,386 INFO image_tx_daemon: frame seq=1 done: 2 fragments ok

FAULT_URC during TX wait: code=0x0D sub=0x22 raw=0d2200000000000000000000000000000000000079650100

INFO: unrelated frame during TX wait type=0xC0

RFCO_PERTX during TX wait: profile_id=1 tx_status=0x00(OK) hop_idx=32 channel_idx=32 epoch=8 freq_hz=918750000 pkt_toa_us=169088 legal_dwell_used_us_10s=169088

INFO: unrelated frame during TX wait type=0xC0

RFCO_PERTX during TX wait: profile_id=1 tx_status=0x00(OK) hop_idx=33 channel_idx=3 epoch=8 freq_hz=904250000 pkt_toa_us=51328 legal_dwell_used_us_10s=51328

2026-07-25 01:08:07,774 INFO image_tx_daemon: frame seq=4 done: 2 fragments ok

2026-07-25 01:08:07,972 INFO image_tx_daemon: stats: goodput=674.8 B/s util=58% pipeline=v2 frames_in=522 ok=295 fail=0 drop_full=222 drop_stale=0 frags_ok=423 frags_fail=0 qdepth=4

INFO: unrelated frame during TX wait type=0xC0

RFCO_PERTX during TX wait: profile_id=1 tx_status=0x00(OK) hop_idx=34 channel_idx=41 epoch=8 freq_hz=923250000 pkt_toa_us=169088 legal_dwell_used_us_10s=197376

INFO: unrelated frame during TX wait type=0xC0

RFCO_PERTX during TX wait: profile_id=1 tx_status=0x00(OK) hop_idx=35 channel_idx=29 epoch=8 freq_hz=917250000 pkt_toa_us=53888 legal_dwell_used_us_10s=53888

2026-07-25 01:08:08,178 INFO image_tx_daemon: frame seq=6 done: 2 fragments ok

INFO: unrelated frame during TX wait type=0xC0

RFCO_PERTX during TX wait: profile_id=1 tx_status=0x00(OK) hop_idx=36 channel_idx=37 epoch=8 freq_hz=921250000 pkt_toa_us=169088 legal_dwell_used_us_10s=169088

INFO: unrelated frame during TX wait type=0xC0

RFCO_PERTX during TX wait: profile_id=1 tx_status=0x00(OK) hop_idx=37 channel_idx=35 epoch=8 freq_hz=920250000 pkt_toa_us=53888 legal_dwell_used_us_10s=53888

2026-07-25 01:08:08,583 INFO image_tx_daemon: frame seq=8 done: 2 fragments ok

INFO: unrelated frame during TX wait type=0xC0

RFCO_PERTX during TX wait: profile_id=1 tx_status=0x00(OK) hop_idx=38 channel_idx=5 epoch=8 freq_hz=905250000 pkt_toa_us=169088 legal_dwell_used_us_10s=169088

INFO: unrelated frame during TX wait type=0xC0

RFCO_PERTX during TX wait: profile_id=1 tx_status=0x00(OK) hop_idx=39 channel_idx=45 epoch=8 freq_hz=925250000 pkt_toa_us=51328 legal_dwell_used_us_10s=51328

2026-07-25 01:08:08,977 INFO image_tx_daemon: frame seq=11 done: 2 fragments ok

INFO: unrelated frame during TX wait type=0xC0

RFCO_PERTX during TX wait: profile_id=1 tx_status=0x00(OK) hop_idx=40 channel_idx=17 epoch=8 freq_hz=911250000 pkt_toa_us=169088 legal_dwell_used_us_10s=169088

INFO: unrelated frame during TX wait type=0xC0

RFCO_PERTX during TX wait: profile_id=1 tx_status=0x00(OK) hop_idx=41 channel_idx=1 epoch=8 freq_hz=903250000 pkt_toa_us=53888 legal_dwell_used_us_10s=53888

2026-07-25 01:08:09,382 INFO image_tx_daemon: frame seq=13 done: 2 fragments ok

INFO: unrelated frame during TX wait type=0xC0

RFCO_PERTX during TX wait: profile_id=1 tx_status=0x00(OK) hop_idx=42 channel_idx=39 epoch=8 freq_hz=922250000 pkt_toa_us=169088 legal_dwell_used_us_10s=169088

INFO: unrelated frame during TX wait type=0xC0

RFCO_PERTX during TX wait: profile_id=1 tx_status=0x00(OK) hop_idx=43 channel_idx=16 epoch=8 freq_hz=910750000 pkt_toa_us=51328 legal_dwell_used_us_10s=51328

2026-07-25 01:08:09,776 INFO image_tx_daemon: frame seq=16 done: 2 fragments ok

INFO: unrelated frame during TX wait type=0xC0

RFCO_PERTX during TX wait: profile_id=1 tx_status=0x00(OK) hop_idx=44 channel_idx=11 epoch=8 freq_hz=908250000 pkt_toa_us=169088 legal_dwell_used_us_10s=169088

INFO: unrelated frame during TX wait type=0xC0

RFCO_PERTX during TX wait: profile_id=1 tx_status=0x00(OK) hop_idx=45 channel_idx=21 epoch=8 freq_hz=913250000 pkt_toa_us=51328 legal_dwell_used_us_10s=51328

2026-07-25 01:08:10,181 INFO image_tx_daemon: frame seq=18 done: 2 fragments ok

INFO: unrelated frame during TX wait type=0xC0

RFCO_PERTX during TX wait: profile_id=1 tx_status=0x00(OK) hop_idx=46 channel_idx=30 epoch=8 freq_hz=917750000 pkt_toa_us=169088 legal_dwell_used_us_10s=169088

INFO: unrelated frame during TX wait type=0xC0

RFCO_PERTX during TX wait: profile_id=1 tx_status=0x00(OK) hop_idx=47 channel_idx=36 epoch=8 freq_hz=920750000 pkt_toa_us=48768 legal_dwell_used_us_10s=48768

2026-07-25 01:08:10,575 INFO image_tx_daemon: frame seq=20 done: 2 fragments ok

INFO: unrelated frame during TX wait type=0xC0

RFCO_PERTX during TX wait: profile_id=1 tx_status=0x00(OK) hop_idx=48 channel_idx=19 epoch=8 freq_hz=912250000 pkt_toa_us=169088 legal_dwell_used_us_10s=169088

INFO: unrelated frame during TX wait type=0xC0

RFCO_PERTX during TX wait: profile_id=1 tx_status=0x00(OK) hop_idx=49 channel_idx=6 epoch=8 freq_hz=905750000 pkt_toa_us=51328 legal_dwell_used_us_10s=51328

2026-07-25 01:08:10,980 INFO image_tx_daemon: frame seq=23 done: 2 fragments ok

INFO: unrelated frame during TX wait type=0xC0

RFCO_PERTX during TX wait: profile_id=1 tx_status=0x00(OK) hop_idx=0 channel_idx=10 epoch=9 freq_hz=907750000 pkt_toa_us=169088 legal_dwell_used_us_10s=338176

INFO: unrelated frame during TX wait type=0xC0

RFCO_PERTX during TX wait: profile_id=1 tx_status=0x00(OK) hop_idx=1 channel_idx=24 epoch=9 freq_hz=914750000 pkt_toa_us=51328 legal_dwell_used_us_10s=100096

2026-07-25 01:08:11,374 INFO image_tx_daemon: frame seq=25 done: 2 fragments ok

INFO: unrelated frame during TX wait type=0xC0

RFCO_PERTX during TX wait: profile_id=1 tx_status=0x00(OK) hop_idx=2 channel_idx=1 epoch=9 freq_hz=903250000 pkt_toa_us=169088 legal_dwell_used_us_10s=222976

INFO: unrelated frame during TX wait type=0xC0

RFCO_PERTX during TX wait: profile_id=1 tx_status=0x00(OK) hop_idx=3 channel_idx=2 epoch=9 freq_hz=903750000 pkt_toa_us=51328 legal_dwell_used_us_10s=205056

2026-07-25 01:08:11,774 INFO image_tx_daemon: frame seq=28 done: 2 fragments ok

INFO: unrelated frame during TX wait type=0xC0

RFCO_PERTX during TX wait: profile_id=1 tx_status=0x00(OK) hop_idx=4 channel_idx=21 epoch=9 freq_hz=913250000 pkt_toa_us=169088 legal_dwell_used_us_10s=220416

INFO: unrelated frame during TX wait type=0xC0

RFCO_PERTX during TX wait: profile_id=1 tx_status=0x00(OK) hop_idx=5 channel_idx=48 epoch=9 freq_hz=926750000 pkt_toa_us=43648 legal_dwell_used_us_10s=112896

2026-07-25 01:08:12,169 INFO image_tx_daemon: frame seq=30 done: 2 fragments ok

INFO: unrelated frame during TX wait type=0xC0

RFCO_PERTX during TX wait: profile_id=1 tx_status=0x00(OK) hop_idx=6 channel_idx=0 epoch=9 freq_hz=902750000 pkt_toa_us=169088 legal_dwell_used_us_10s=169088

INFO: unrelated frame during TX wait type=0xC0

RFCO_PERTX during TX wait: profile_id=1 tx_status=0x00(OK) hop_idx=7 channel_idx=33 epoch=9 freq_hz=919250000 pkt_toa_us=48768 legal_dwell_used_us_10s=48768

2026-07-25 01:08:12,566 INFO image_tx_daemon: frame seq=32 done: 2 fragments ok

INFO: unrelated frame during TX wait type=0xC0

RFCO_PERTX during TX wait: profile_id=1 tx_status=0x00(OK) hop_idx=8 channel_idx=17 epoch=9 freq_hz=911250000 pkt_toa_us=169088 legal_dwell_used_us_10s=338176

INFO: unrelated frame during TX wait type=0xC0

RFCO_PERTX during TX wait: profile_id=1 tx_status=0x00(OK) hop_idx=9 channel_idx=32 epoch=9 freq_hz=918750000 pkt_toa_us=64128 legal_dwell_used_us_10s=233216

2026-07-25 01:08:12,981 INFO image_tx_daemon: frame seq=35 done: 2 fragments ok

INFO: unrelated frame during TX wait type=0xC0

RFCO_PERTX during TX wait: profile_id=1 tx_status=0x00(OK) hop_idx=10 channel_idx=31 epoch=9 freq_hz=918250000 pkt_toa_us=169088 legal_dwell_used_us_10s=327936

INFO: unrelated frame during TX wait type=0xC0

RFCO_PERTX during TX wait: profile_id=1 tx_status=0x00(OK) hop_idx=11 channel_idx=20 epoch=9 freq_hz=912750000 pkt_toa_us=69248 legal_dwell_used_us_10s=125696

2026-07-25 01:08:13,387 INFO image_tx_daemon: frame seq=37 done: 2 fragments ok

INFO: unrelated frame during TX wait type=0xC0

RFCO_PERTX during TX wait: profile_id=1 tx_status=0x00(OK) hop_idx=12 channel_idx=44 epoch=9 freq_hz=924750000 pkt_toa_us=117888 legal_dwell_used_us_10s=117888

2026-07-25 01:08:13,645 INFO image_tx_daemon: frame seq=40 done: 1 fragments ok

INFO: unrelated frame during TX wait type=0xC0

RFCO_PERTX during TX wait: profile_id=1 tx_status=0x00(OK) hop_idx=13 channel_idx=46 epoch=9 freq_hz=925750000 pkt_toa_us=117888 legal_dwell_used_us_10s=184576

2026-07-25 01:08:13,843 INFO image_tx_daemon: frame seq=41 done: 1 fragments ok

INFO: unrelated frame during TX wait type=0xC0

RFCO_PERTX during TX wait: profile_id=1 tx_status=0x00(OK) hop_idx=14 channel_idx=23 epoch=9 freq_hz=914250000 pkt_toa_us=115328 legal_dwell_used_us_10s=115328

2026-07-25 01:08:14,042 INFO image_tx_daemon: frame seq=42 done: 1 fragments ok

INFO: unrelated frame during TX wait type=0xC0

RFCO_PERTX during TX wait: profile_id=1 tx_status=0x00(OK) hop_idx=15 channel_idx=18 epoch=9 freq_hz=911750000 pkt_toa_us=117888 legal_dwell_used_us_10s=266496

2026-07-25 01:08:14,239 INFO image_tx_daemon: frame seq=44 done: 1 fragments ok

INFO: unrelated frame during TX wait type=0xC0

RFCO_PERTX during TX wait: profile_id=1 tx_status=0x00(OK) hop_idx=16 channel_idx=40 epoch=9 freq_hz=922750000 pkt_toa_us=117888 legal_dwell_used_us_10s=266496

2026-07-25 01:08:14,437 INFO image_tx_daemon: frame seq=45 done: 1 fragments ok

INFO: unrelated frame during TX wait type=0xC0

RFCO_PERTX during TX wait: profile_id=1 tx_status=0x00(OK) hop_idx=17 channel_idx=7 epoch=9 freq_hz=906250000 pkt_toa_us=115328 legal_dwell_used_us_10s=115328

2026-07-25 01:08:14,635 INFO image_tx_daemon: frame seq=46 done: 1 fragments ok

INFO: unrelated frame during TX wait type=0xC0

RFCO_PERTX during TX wait: profile_id=1 tx_status=0x00(OK) hop_idx=18 channel_idx=47 epoch=9 freq_hz=926250000 pkt_toa_us=115328 legal_dwell_used_us_10s=115328

2026-07-25 01:08:14,833 INFO image_tx_daemon: frame seq=47 done: 1 fragments ok

INFO: unrelated frame during TX wait type=0xC0

RFCO_PERTX during TX wait: profile_id=1 tx_status=0x00(OK) hop_idx=19 channel_idx=27 epoch=9 freq_hz=916250000 pkt_toa_us=115328 legal_dwell_used_us_10s=115328

2026-07-25 01:08:15,042 INFO image_tx_daemon: frame seq=48 done: 1 fragments ok

INFO: unrelated frame during TX wait type=0xC0

RFCO_PERTX during TX wait: profile_id=1 tx_status=0x00(OK) hop_idx=20 channel_idx=11 epoch=9 freq_hz=908250000 pkt_toa_us=115328 legal_dwell_used_us_10s=284416

2026-07-25 01:08:15,240 INFO image_tx_daemon: frame seq=50 done: 1 fragments ok

INFO: unrelated frame during TX wait type=0xC0

RFCO_PERTX during TX wait: profile_id=1 tx_status=0x00(OK) hop_idx=21 channel_idx=19 epoch=9 freq_hz=912250000 pkt_toa_us=115328 legal_dwell_used_us_10s=284416

2026-07-25 01:08:15,438 INFO image_tx_daemon: frame seq=51 done: 1 fragments ok

INFO: unrelated frame during TX wait type=0xC0

RFCO_PERTX during TX wait: profile_id=1 tx_status=0x00(OK) hop_idx=22 channel_idx=42 epoch=9 freq_hz=923750000 pkt_toa_us=115328 legal_dwell_used_us_10s=115328

2026-07-25 01:08:15,635 INFO image_tx_daemon: frame seq=52 done: 1 fragments ok

INFO: unrelated frame during TX wait type=0xC0

RFCO_PERTX during TX wait: profile_id=1 tx_status=0x00(OK) hop_idx=23 channel_idx=38 epoch=9 freq_hz=921750000 pkt_toa_us=115328 legal_dwell_used_us_10s=115328

2026-07-25 01:08:15,833 INFO image_tx_daemon: frame seq=53 done: 1 fragments ok

INFO: unrelated frame during TX wait type=0xC0

RFCO_PERTX during TX wait: profile_id=1 tx_status=0x00(OK) hop_idx=24 channel_idx=25 epoch=9 freq_hz=915250000 pkt_toa_us=115328 legal_dwell_used_us_10s=115328

2026-07-25 01:08:16,032 INFO image_tx_daemon: frame seq=54 done: 1 fragments ok

INFO: unrelated frame during TX wait type=0xC0

RFCO_PERTX during TX wait: profile_id=1 tx_status=0x00(OK) hop_idx=25 channel_idx=13 epoch=9 freq_hz=909250000 pkt_toa_us=115328 legal_dwell_used_us_10s=284416

2026-07-25 01:08:16,240 INFO image_tx_daemon: frame seq=56 done: 1 fragments ok

INFO: unrelated frame during TX wait type=0xC0

RFCO_PERTX during TX wait: profile_id=1 tx_status=0x00(OK) hop_idx=26 channel_idx=22 epoch=9 freq_hz=913750000 pkt_toa_us=115328 legal_dwell_used_us_10s=115328

2026-07-25 01:08:16,438 INFO image_tx_daemon: frame seq=57 done: 1 fragments ok

INFO: unrelated frame during TX wait type=0xC0

RFCO_PERTX during TX wait: profile_id=1 tx_status=0x00(OK) hop_idx=27 channel_idx=45 epoch=9 freq_hz=925250000 pkt_toa_us=105088 legal_dwell_used_us_10s=156416

2026-07-25 01:08:16,625 INFO image_tx_daemon: frame seq=58 done: 1 fragments ok

INFO: unrelated frame during TX wait type=0xC0

RFCO_PERTX during TX wait: profile_id=1 tx_status=0x00(OK) hop_idx=28 channel_idx=36 epoch=9 freq_hz=920750000 pkt_toa_us=123008 legal_dwell_used_us_10s=171776

2026-07-25 01:08:16,844 INFO image_tx_daemon: frame seq=59 done: 1 fragments ok

INFO: unrelated frame during TX wait type=0xC0

RFCO_PERTX during TX wait: profile_id=1 tx_status=0x00(OK) hop_idx=29 channel_idx=30 epoch=9 freq_hz=917750000 pkt_toa_us=105088 legal_dwell_used_us_10s=274176

2026-07-25 01:08:17,022 INFO image_tx_daemon: frame seq=61 done: 1 fragments ok

INFO: unrelated frame during TX wait type=0xC0

RFCO_PERTX during TX wait: profile_id=1 tx_status=0x00(OK) hop_idx=30 channel_idx=34 epoch=9 freq_hz=919750000 pkt_toa_us=107648 legal_dwell_used_us_10s=107648

2026-07-25 01:08:17,230 INFO image_tx_daemon: frame seq=62 done: 1 fragments ok

INFO: unrelated frame during TX wait type=0xC0

RFCO_PERTX during TX wait: profile_id=1 tx_status=0x00(OK) hop_idx=31 channel_idx=41 epoch=9 freq_hz=923250000 pkt_toa_us=115328 legal_dwell_used_us_10s=284416

2026-07-25 01:08:17,438 INFO image_tx_daemon: frame seq=63 done: 1 fragments ok

INFO: unrelated frame during TX wait type=0xC0

RFCO_PERTX during TX wait: profile_id=1 tx_status=0x00(OK) hop_idx=32 channel_idx=9 epoch=9 freq_hz=907250000 pkt_toa_us=112768 legal_dwell_used_us_10s=112768

2026-07-25 01:08:17,637 INFO image_tx_daemon: frame seq=64 done: 1 fragments ok

INFO: unrelated frame during TX wait type=0xC0

RFCO_PERTX during TX wait: profile_id=1 tx_status=0x00(OK) hop_idx=33 channel_idx=6 epoch=9 freq_hz=905750000 pkt_toa_us=115328 legal_dwell_used_us_10s=166656

2026-07-25 01:08:17,836 INFO image_tx_daemon: frame seq=65 done: 1 fragments ok

2026-07-25 01:08:17,982 INFO image_tx_daemon: stats: goodput=643.2 B/s util=56% pipeline=v2 frames_in=582 ok=331 fail=0 drop_full=246 drop_stale=0 frags_ok=473 frags_fail=0 qdepth=4

INFO: unrelated frame during TX wait type=0xC0

RFCO_PERTX during TX wait: profile_id=1 tx_status=0x00(OK) hop_idx=34 channel_idx=49 epoch=9 freq_hz=927250000 pkt_toa_us=125568 legal_dwell_used_us_10s=125568

2026-07-25 01:08:18,045 INFO image_tx_daemon: frame seq=66 done: 1 fragments ok

INFO: unrelated frame during TX wait type=0xC0

RFCO_PERTX during TX wait: profile_id=1 tx_status=0x00(OK) hop_idx=35 channel_idx=29 epoch=9 freq_hz=917250000 pkt_toa_us=130688 legal_dwell_used_us_10s=130688

2026-07-25 01:08:18,253 INFO image_tx_daemon: frame seq=68 done: 1 fragments ok

INFO: unrelated frame during TX wait type=0xC0

RFCO_PERTX during TX wait: profile_id=1 tx_status=0x00(OK) hop_idx=36 channel_idx=16 epoch=9 freq_hz=910750000 pkt_toa_us=135808 legal_dwell_used_us_10s=187136

2026-07-25 01:08:18,451 INFO image_tx_daemon: frame seq=69 done: 1 fragments ok

INFO: unrelated frame during TX wait type=0xC0

RFCO_PERTX during TX wait: profile_id=1 tx_status=0x00(OK) hop_idx=37 channel_idx=5 epoch=9 freq_hz=905250000 pkt_toa_us=140928 legal_dwell_used_us_10s=310016

2026-07-25 01:08:18,660 INFO image_tx_daemon: frame seq=70 done: 1 fragments ok

INFO: unrelated frame during TX wait type=0xC0

RFCO_PERTX during TX wait: profile_id=1 tx_status=0x00(OK) hop_idx=38 channel_idx=37 epoch=9 freq_hz=921250000 pkt_toa_us=140928 legal_dwell_used_us_10s=140928

2026-07-25 01:08:18,858 INFO image_tx_daemon: frame seq=71 done: 1 fragments ok

INFO: unrelated frame during TX wait type=0xC0

RFCO_PERTX during TX wait: profile_id=1 tx_status=0x00(OK) hop_idx=39 channel_idx=39 epoch=9 freq_hz=922250000 pkt_toa_us=140928 legal_dwell_used_us_10s=310016

2026-07-25 01:08:19,057 INFO image_tx_daemon: frame seq=73 done: 1 fragments ok

INFO: unrelated frame during TX wait type=0xC0

RFCO_PERTX during TX wait: profile_id=1 tx_status=0x00(OK) hop_idx=40 channel_idx=35 epoch=9 freq_hz=920250000 pkt_toa_us=148608 legal_dwell_used_us_10s=148608

2026-07-25 01:08:19,265 INFO image_tx_daemon: frame seq=74 done: 1 fragments ok

INFO: unrelated frame during TX wait type=0xC0

RFCO_PERTX during TX wait: profile_id=1 tx_status=0x00(OK) hop_idx=42 channel_idx=3 epoch=9 freq_hz=904250000 pkt_toa_us=156288 legal_dwell_used_us_10s=156288

2026-07-25 01:08:19,679 INFO image_tx_daemon: frame seq=75 done: 1 fragments ok

INFO: unrelated frame during TX wait type=0xC0

RFCO_PERTX during TX wait: profile_id=1 tx_status=0x00(OK) hop_idx=43 channel_idx=28 epoch=9 freq_hz=916750000 pkt_toa_us=156288 legal_dwell_used_us_10s=156288

2026-07-25 01:08:19,878 INFO image_tx_daemon: frame seq=77 done: 1 fragments ok

INFO: unrelated frame during TX wait type=0xC0

RFCO_PERTX during TX wait: profile_id=1 tx_status=0x00(OK) hop_idx=44 channel_idx=8 epoch=9 freq_hz=906750000 pkt_toa_us=163968 legal_dwell_used_us_10s=163968

2026-07-25 01:08:20,087 INFO image_tx_daemon: frame seq=79 done: 1 fragments ok

INFO: unrelated frame during TX wait type=0xC0

RFCO_PERTX during TX wait: profile_id=1 tx_status=0x00(OK) hop_idx=45 channel_idx=15 epoch=9 freq_hz=910250000 pkt_toa_us=158848 legal_dwell_used_us_10s=158848

2026-07-25 01:08:20,276 INFO image_tx_daemon: frame seq=80 done: 1 fragments ok

INFO: unrelated frame during TX wait type=0xC0

RFCO_PERTX during TX wait: profile_id=1 tx_status=0x00(OK) hop_idx=46 channel_idx=14 epoch=9 freq_hz=909750000 pkt_toa_us=156288 legal_dwell_used_us_10s=156288

2026-07-25 01:08:20,475 INFO image_tx_daemon: frame seq=81 done: 1 fragments ok

INFO: unrelated frame during TX wait type=0xC0

RFCO_PERTX during TX wait: profile_id=1 tx_status=0x00(OK) hop_idx=48 channel_idx=43 epoch=9 freq_hz=924250000 pkt_toa_us=169088 legal_dwell_used_us_10s=169088

INFO: unrelated frame during TX wait type=0xC0

RFCO_PERTX during TX wait: profile_id=1 tx_status=0x00(OK) hop_idx=49 channel_idx=4 epoch=9 freq_hz=904750000 pkt_toa_us=25728 legal_dwell_used_us_10s=25728

2026-07-25 01:08:20,940 INFO image_tx_daemon: frame seq=82 done: 2 fragments ok

INFO: unrelated frame during TX wait type=0xC0

RFCO_PERTX during TX wait: profile_id=1 tx_status=0x00(OK) hop_idx=0 channel_idx=35 epoch=10 freq_hz=920250000 pkt_toa_us=169088 legal_dwell_used_us_10s=317696

INFO: unrelated frame during TX wait type=0xC0

RFCO_PERTX during TX wait: profile_id=1 tx_status=0x00(OK) hop_idx=1 channel_idx=42 epoch=10 freq_hz=923750000 pkt_toa_us=43648 legal_dwell_used_us_10s=158976

2026-07-25 01:08:21,355 INFO image_tx_daemon: frame seq=85 done: 2 fragments ok

INFO: unrelated frame during TX wait type=0xC0

RFCO_PERTX during TX wait: profile_id=1 tx_status=0x00(OK) hop_idx=2 channel_idx=28 epoch=10 freq_hz=916750000 pkt_toa_us=169088 legal_dwell_used_us_10s=325376

INFO: unrelated frame during TX wait type=0xC0

RFCO_PERTX during TX wait: profile_id=1 tx_status=0x00(OK) hop_idx=3 channel_idx=46 epoch=10 freq_hz=925750000 pkt_toa_us=38528 legal_dwell_used_us_10s=156416

2026-07-25 01:08:21,749 INFO image_tx_daemon: frame seq=88 done: 2 fragments ok

INFO: unrelated frame during TX wait type=0xC0

RFCO_PERTX during TX wait: profile_id=1 tx_status=0x00(OK) hop_idx=4 channel_idx=40 epoch=10 freq_hz=922750000 pkt_toa_us=169088 legal_dwell_used_us_10s=286976

INFO: unrelated frame during TX wait type=0xC0

RFCO_PERTX during TX wait: profile_id=1 tx_status=0x00(OK) hop_idx=5 channel_idx=47 epoch=10 freq_hz=926250000 pkt_toa_us=51328 legal_dwell_used_us_10s=166656

2026-07-25 01:08:22,164 INFO image_tx_daemon: frame seq=90 done: 2 fragments ok

INFO: unrelated frame during TX wait type=0xC0

RFCO_PERTX during TX wait: profile_id=1 tx_status=0x00(OK) hop_idx=6 channel_idx=8 epoch=10 freq_hz=906750000 pkt_toa_us=169088 legal_dwell_used_us_10s=333056

INFO: unrelated frame during TX wait type=0xC0

RFCO_PERTX during TX wait: profile_id=1 tx_status=0x00(OK) hop_idx=7 channel_idx=11 epoch=10 freq_hz=908250000 pkt_toa_us=53888 legal_dwell_used_us_10s=169216

2026-07-25 01:08:22,569 INFO image_tx_daemon: frame seq=92 done: 2 fragments ok

INFO: unrelated frame during TX wait type=0xC0

RFCO_PERTX during TX wait: profile_id=1 tx_status=0x00(OK) hop_idx=8 channel_idx=12 epoch=10 freq_hz=908750000 pkt_toa_us=169088 legal_dwell_used_us_10s=169088

INFO: unrelated frame during TX wait type=0xC0

RFCO_PERTX during TX wait: profile_id=1 tx_status=0x00(OK) hop_idx=9 channel_idx=14 epoch=10 freq_hz=909750000 pkt_toa_us=61568 legal_dwell_used_us_10s=217856

2026-07-25 01:08:22,974 INFO image_tx_daemon: frame seq=95 done: 2 fragments ok

INFO: unrelated frame during TX wait type=0xC0

RFCO_PERTX during TX wait: profile_id=1 tx_status=0x00(OK) hop_idx=10 channel_idx=7 epoch=10 freq_hz=906250000 pkt_toa_us=169088 legal_dwell_used_us_10s=284416

INFO: unrelated frame during TX wait type=0xC0

RFCO_PERTX during TX wait: profile_id=1 tx_status=0x00(OK) hop_idx=11 channel_idx=13 epoch=10 freq_hz=909250000 pkt_toa_us=41088 legal_dwell_used_us_10s=156416

2026-07-25 01:08:23,352 INFO image_tx_daemon: frame seq=97 done: 2 fragments ok

INFO: unrelated frame during TX wait type=0xC0

RFCO_PERTX during TX wait: profile_id=1 tx_status=0x00(OK) hop_idx=12 channel_idx=20 epoch=10 freq_hz=912750000 pkt_toa_us=169088 legal_dwell_used_us_10s=169088

INFO: unrelated frame during TX wait type=0xC0

RFCO_PERTX during TX wait: profile_id=1 tx_status=0x00(OK) hop_idx=13 channel_idx=34 epoch=10 freq_hz=919750000 pkt_toa_us=64128 legal_dwell_used_us_10s=171776

2026-07-25 01:08:23,777 INFO image_tx_daemon: frame seq=99 done: 2 fragments ok

INFO: unrelated frame during TX wait type=0xC0

RFCO_PERTX during TX wait: profile_id=1 tx_status=0x00(OK) hop_idx=14 channel_idx=49 epoch=10 freq_hz=927250000 pkt_toa_us=169088 legal_dwell_used_us_10s=294656

INFO: unrelated frame during TX wait type=0xC0

RFCO_PERTX during TX wait: profile_id=1 tx_status=0x00(OK) hop_idx=15 channel_idx=25 epoch=10 freq_hz=915250000 pkt_toa_us=71808 legal_dwell_used_us_10s=187136

2026-07-25 01:08:24,183 INFO image_tx_daemon: frame seq=102 done: 2 fragments ok

INFO: unrelated frame during TX wait type=0xC0

RFCO_PERTX during TX wait: profile_id=1 tx_status=0x00(OK) hop_idx=16 channel_idx=0 epoch=10 freq_hz=902750000 pkt_toa_us=169088 legal_dwell_used_us_10s=169088

INFO: unrelated frame during TX wait type=0xC0

RFCO_PERTX during TX wait: profile_id=1 tx_status=0x00(OK) hop_idx=17 channel_idx=17 epoch=10 freq_hz=911250000 pkt_toa_us=35968 legal_dwell_used_us_10s=35968

2026-07-25 01:08:24,546 INFO image_tx_daemon: frame seq=105 done: 2 fragments ok

INFO: unrelated frame during TX wait type=0xC0

RFCO_PERTX during TX wait: profile_id=1 tx_status=0x00(OK) hop_idx=18 channel_idx=6 epoch=10 freq_hz=905750000 pkt_toa_us=169088 legal_dwell_used_us_10s=284416

INFO: unrelated frame during TX wait type=0xC0

RFCO_PERTX during TX wait: profile_id=1 tx_status=0x00(OK) hop_idx=19 channel_idx=22 epoch=10 freq_hz=913750000 pkt_toa_us=51328 legal_dwell_used_us_10s=166656

2026-07-25 01:08:24,960 INFO image_tx_daemon: frame seq=107 done: 2 fragments ok

INFO: unrelated frame during TX wait type=0xC0

RFCO_PERTX during TX wait: profile_id=1 tx_status=0x00(OK) hop_idx=20 channel_idx=30 epoch=10 freq_hz=917750000 pkt_toa_us=169088 legal_dwell_used_us_10s=274176

INFO: unrelated frame during TX wait type=0xC0

RFCO_PERTX during TX wait: profile_id=1 tx_status=0x00(OK) hop_idx=21 channel_idx=33 epoch=10 freq_hz=919250000 pkt_toa_us=35968 legal_dwell_used_us_10s=35968

2026-07-25 01:08:25,345 INFO image_tx_daemon: frame seq=109 done: 2 fragments ok

INFO: unrelated frame during TX wait type=0xC0

RFCO_PERTX during TX wait: profile_id=1 tx_status=0x00(OK) hop_idx=22 channel_idx=9 epoch=10 freq_hz=907250000 pkt_toa_us=153728 legal_dwell_used_us_10s=266496

2026-07-25 01:08:25,665 INFO image_tx_daemon: frame seq=112 done: 1 fragments ok

INFO: unrelated frame during TX wait type=0xC0

RFCO_PERTX during TX wait: profile_id=1 tx_status=0x00(OK) hop_idx=23 channel_idx=37 epoch=10 freq_hz=921250000 pkt_toa_us=158848 legal_dwell_used_us_10s=299776

2026-07-25 01:08:25,874 INFO image_tx_daemon: frame seq=113 done: 1 fragments ok

INFO: unrelated frame during TX wait type=0xC0

RFCO_PERTX during TX wait: profile_id=1 tx_status=0x00(OK) hop_idx=24 channel_idx=15 epoch=10 freq_hz=910250000 pkt_toa_us=166528 legal_dwell_used_us_10s=325376

2026-07-25 01:08:26,085 INFO image_tx_daemon: frame seq=115 done: 1 fragments ok

INFO: unrelated frame during TX wait type=0xC0

RFCO_PERTX during TX wait: profile_id=1 tx_status=0x00(OK) hop_idx=25 channel_idx=27 epoch=10 freq_hz=916250000 pkt_toa_us=153728 legal_dwell_used_us_10s=153728

2026-07-25 01:08:26,274 INFO image_tx_daemon: frame seq=116 done: 1 fragments ok

INFO: unrelated frame during TX wait type=0xC0

RFCO_PERTX during TX wait: profile_id=1 tx_status=0x00(OK) hop_idx=26 channel_idx=45 epoch=10 freq_hz=925250000 pkt_toa_us=151168 legal_dwell_used_us_10s=256256

2026-07-25 01:08:26,469 INFO image_tx_daemon: frame seq=117 done: 1 fragments ok

INFO: unrelated frame during TX wait type=0xC0

RFCO_PERTX during TX wait: profile_id=1 tx_status=0x00(OK) hop_idx=28 channel_idx=5 epoch=10 freq_hz=905250000 pkt_toa_us=156288 legal_dwell_used_us_10s=297216

2026-07-25 01:08:26,873 INFO image_tx_daemon: frame seq=118 done: 1 fragments ok

INFO: unrelated frame during TX wait type=0xC0

RFCO_PERTX during TX wait: profile_id=1 tx_status=0x00(OK) hop_idx=29 channel_idx=23 epoch=10 freq_hz=914250000 pkt_toa_us=143488 legal_dwell_used_us_10s=143488

2026-07-25 01:08:27,062 INFO image_tx_daemon: frame seq=120 done: 1 fragments ok

INFO: unrelated frame during TX wait type=0xC0

RFCO_PERTX during TX wait: profile_id=1 tx_status=0x00(OK) hop_idx=30 channel_idx=39 epoch=10 freq_hz=922250000 pkt_toa_us=140928 legal_dwell_used_us_10s=281856

2026-07-25 01:08:27,252 INFO image_tx_daemon: frame seq=121 done: 1 fragments ok

INFO: unrelated frame during TX wait type=0xC0

RFCO_PERTX during TX wait: profile_id=1 tx_status=0x00(OK) hop_idx=31 channel_idx=18 epoch=10 freq_hz=911750000 pkt_toa_us=143488 legal_dwell_used_us_10s=143488

2026-07-25 01:08:27,461 INFO image_tx_daemon: frame seq=122 done: 1 fragments ok

INFO: unrelated frame during TX wait type=0xC0

RFCO_PERTX during TX wait: profile_id=1 tx_status=0x00(OK) hop_idx=32 channel_idx=1 epoch=10 freq_hz=903250000 pkt_toa_us=169088 legal_dwell_used_us_10s=169088

INFO: unrelated frame during TX wait type=0xC0

RFCO_PERTX during TX wait: profile_id=1 tx_status=0x00(OK) hop_idx=33 channel_idx=21 epoch=10 freq_hz=913250000 pkt_toa_us=64128 legal_dwell_used_us_10s=64128

2026-07-25 01:08:27,771 INFO image_tx_daemon: frame seq=124 done: 2 fragments ok

2026-07-25 01:08:27,991 INFO image_tx_daemon: stats: goodput=696.3 B/s util=60% pipeline=v2 frames_in=642 ok=365 fail=0 drop_full=272 drop_stale=0 frags_ok=520 frags_fail=0 qdepth=4

INFO: unrelated frame during TX wait type=0xC0

RFCO_PERTX during TX wait: profile_id=1 tx_status=0x00(OK) hop_idx=34 channel_idx=19 epoch=10 freq_hz=912250000 pkt_toa_us=169088 legal_dwell_used_us_10s=169088

INFO: unrelated frame during TX wait type=0xC0

RFCO_PERTX during TX wait: profile_id=1 tx_status=0x00(OK) hop_idx=35 channel_idx=3 epoch=10 freq_hz=904250000 pkt_toa_us=61568 legal_dwell_used_us_10s=217856

2026-07-25 01:08:28,176 INFO image_tx_daemon: frame seq=126 done: 2 fragments ok

INFO: unrelated frame during TX wait type=0xC0

RFCO_PERTX during TX wait: profile_id=1 tx_status=0x00(OK) hop_idx=36 channel_idx=41 epoch=10 freq_hz=923250000 pkt_toa_us=169088 legal_dwell_used_us_10s=169088

INFO: unrelated frame during TX wait type=0xC0

RFCO_PERTX during TX wait: profile_id=1 tx_status=0x00(OK) hop_idx=37 channel_idx=16 epoch=10 freq_hz=910750000 pkt_toa_us=51328 legal_dwell_used_us_10s=51328

2026-07-25 01:08:28,557 INFO image_tx_daemon: frame seq=128 done: 2 fragments ok

INFO: unrelated frame during TX wait type=0xC0

RFCO_PERTX during TX wait: profile_id=1 tx_status=0x00(OK) hop_idx=38 channel_idx=44 epoch=10 freq_hz=924750000 pkt_toa_us=169088 legal_dwell_used_us_10s=169088

INFO: unrelated frame during TX wait type=0xC0

RFCO_PERTX during TX wait: profile_id=1 tx_status=0x00(OK) hop_idx=39 channel_idx=36 epoch=10 freq_hz=920750000 pkt_toa_us=48768 legal_dwell_used_us_10s=48768

2026-07-25 01:08:28,961 INFO image_tx_daemon: frame seq=131 done: 2 fragments ok

INFO: unrelated frame during TX wait type=0xC0

RFCO_PERTX during TX wait: profile_id=1 tx_status=0x00(OK) hop_idx=40 channel_idx=43 epoch=10 freq_hz=924250000 pkt_toa_us=169088 legal_dwell_used_us_10s=338176

INFO: unrelated frame during TX wait type=0xC0

RFCO_PERTX during TX wait: profile_id=1 tx_status=0x00(OK) hop_idx=41 channel_idx=26 epoch=10 freq_hz=915750000 pkt_toa_us=46208 legal_dwell_used_us_10s=46208

2026-07-25 01:08:29,356 INFO image_tx_daemon: frame seq=133 done: 2 fragments ok

INFO: unrelated frame during TX wait type=0xC0

RFCO_PERTX during TX wait: profile_id=1 tx_status=0x00(OK) hop_idx=42 channel_idx=32 epoch=10 freq_hz=918750000 pkt_toa_us=169088 legal_dwell_used_us_10s=169088

INFO: unrelated frame during TX wait type=0xC0

RFCO_PERTX during TX wait: profile_id=1 tx_status=0x00(OK) hop_idx=43 channel_idx=29 epoch=10 freq_hz=917250000 pkt_toa_us=38528 legal_dwell_used_us_10s=38528

2026-07-25 01:08:29,752 INFO image_tx_daemon: frame seq=136 done: 2 fragments ok

INFO: unrelated frame during TX wait type=0xC0

RFCO_PERTX during TX wait: profile_id=1 tx_status=0x00(OK) hop_idx=44 channel_idx=31 epoch=10 freq_hz=918250000 pkt_toa_us=169088 legal_dwell_used_us_10s=169088

INFO: unrelated frame during TX wait type=0xC0

RFCO_PERTX during TX wait: profile_id=1 tx_status=0x00(OK) hop_idx=45 channel_idx=38 epoch=10 freq_hz=921750000 pkt_toa_us=41088 legal_dwell_used_us_10s=41088

2026-07-25 01:08:30,146 INFO image_tx_daemon: frame seq=138 done: 2 fragments ok

INFO: unrelated frame during TX wait type=0xC0

RFCO_PERTX during TX wait: profile_id=1 tx_status=0x00(OK) hop_idx=46 channel_idx=48 epoch=10 freq_hz=926750000 pkt_toa_us=169088 legal_dwell_used_us_10s=169088

INFO: unrelated frame during TX wait type=0xC0

RFCO_PERTX during TX wait: profile_id=1 tx_status=0x00(OK) hop_idx=47 channel_idx=24 epoch=10 freq_hz=914750000 pkt_toa_us=38528 legal_dwell_used_us_10s=38528

2026-07-25 01:08:30,551 INFO image_tx_daemon: frame seq=140 done: 2 fragments ok

INFO: unrelated frame during TX wait type=0xC0

RFCO_PERTX during TX wait: profile_id=1 tx_status=0x00(OK) hop_idx=48 channel_idx=4 epoch=10 freq_hz=904750000 pkt_toa_us=169088 legal_dwell_used_us_10s=194816

INFO: unrelated frame during TX wait type=0xC0

RFCO_PERTX during TX wait: profile_id=1 tx_status=0x00(OK) hop_idx=49 channel_idx=2 epoch=10 freq_hz=903750000 pkt_toa_us=48768 legal_dwell_used_us_10s=48768

2026-07-25 01:08:30,955 INFO image_tx_daemon: frame seq=143 done: 2 fragments ok

INFO: unrelated frame during TX wait type=0xC0

RFCO_PERTX during TX wait: profile_id=1 tx_status=0x00(OK) hop_idx=0 channel_idx=37 epoch=11 freq_hz=921250000 pkt_toa_us=169088 legal_dwell_used_us_10s=327936

INFO: unrelated frame during TX wait type=0xC0

RFCO_PERTX during TX wait: profile_id=1 tx_status=0x00(OK) hop_idx=1 channel_idx=36 epoch=11 freq_hz=920750000 pkt_toa_us=46208 legal_dwell_used_us_10s=94976

2026-07-25 01:08:31,349 INFO image_tx_daemon: frame seq=145 done: 2 fragments ok

INFO: unrelated frame during TX wait type=0xC0

RFCO_PERTX during TX wait: profile_id=1 tx_status=0x00(OK) hop_idx=2 channel_idx=47 epoch=11 freq_hz=926250000 pkt_toa_us=169088 legal_dwell_used_us_10s=220416

INFO: unrelated frame during TX wait type=0xC0

2026-07-25 01:08:31,755 INFO image_tx_daemon: frame seq=148 done: 2 fragments ok

RFCO_PERTX during TX wait: profile_id=1 tx_status=0x00(OK) hop_idx=3 channel_idx=49 epoch=11 freq_hz=927250000 pkt_toa_us=46208 legal_dwell_used_us_10s=215296

INFO: unrelated frame during TX wait type=0xC0

RFCO_PERTX during TX wait: profile_id=1 tx_status=0x00(OK) hop_idx=4 channel_idx=20 epoch=11 freq_hz=912750000 pkt_toa_us=169088 legal_dwell_used_us_10s=338176

INFO: unrelated frame during TX wait type=0xC0

RFCO_PERTX during TX wait: profile_id=1 tx_status=0x00(OK) hop_idx=5 channel_idx=3 epoch=11 freq_hz=904250000 pkt_toa_us=46208 legal_dwell_used_us_10s=107776

2026-07-25 01:08:32,151 INFO image_tx_daemon: frame seq=150 done: 2 fragments ok

INFO: unrelated frame during TX wait type=0xC0

RFCO_PERTX during TX wait: profile_id=1 tx_status=0x00(OK) hop_idx=6 channel_idx=46 epoch=11 freq_hz=925750000 pkt_toa_us=169088 legal_dwell_used_us_10s=169088

INFO: unrelated frame during TX wait type=0xC0

RFCO_PERTX during TX wait: profile_id=1 tx_status=0x00(OK) hop_idx=7 channel_idx=14 epoch=11 freq_hz=909750000 pkt_toa_us=48768 legal_dwell_used_us_10s=110336

2026-07-25 01:08:32,555 INFO image_tx_daemon: frame seq=152 done: 2 fragments ok

INFO: unrelated frame during TX wait type=0xC0

RFCO_PERTX during TX wait: profile_id=1 tx_status=0x00(OK) hop_idx=8 channel_idx=44 epoch=11 freq_hz=924750000 pkt_toa_us=169088 legal_dwell_used_us_10s=338176

INFO: unrelated frame during TX wait type=0xC0

RFCO_PERTX during TX wait: profile_id=1 tx_status=0x00(OK) hop_idx=9 channel_idx=30 epoch=11 freq_hz=917750000 pkt_toa_us=48768 legal_dwell_used_us_10s=217856

2026-07-25 01:08:32,950 INFO image_tx_daemon: frame seq=155 done: 2 fragments ok

INFO: unrelated frame during TX wait type=0xC0

RFCO_PERTX during TX wait: profile_id=1 tx_status=0x00(OK) hop_idx=10 channel_idx=35 epoch=11 freq_hz=920250000 pkt_toa_us=169088 legal_dwell_used_us_10s=169088

INFO: unrelated frame during TX wait type=0xC0

RFCO_PERTX during TX wait: profile_id=1 tx_status=0x00(OK) hop_idx=11 channel_idx=21 epoch=11 freq_hz=913250000 pkt_toa_us=51328 legal_dwell_used_us_10s=115456

2026-07-25 01:08:33,354 INFO image_tx_daemon: frame seq=157 done: 2 fragments ok

INFO: unrelated frame during TX wait type=0xC0

RFCO_PERTX during TX wait: profile_id=1 tx_status=0x00(OK) hop_idx=12 channel_idx=24 epoch=11 freq_hz=914750000 pkt_toa_us=169088 legal_dwell_used_us_10s=207616

INFO: unrelated frame during TX wait type=0xC0

RFCO_PERTX during TX wait: profile_id=1 tx_status=0x00(OK) hop_idx=13 channel_idx=29 epoch=11 freq_hz=917250000 pkt_toa_us=53888 legal_dwell_used_us_10s=92416

2026-07-25 01:08:33,759 INFO image_tx_daemon: frame seq=160 done: 2 fragments ok

INFO: unrelated frame during TX wait type=0xC0

RFCO_PERTX during TX wait: profile_id=1 tx_status=0x00(OK) hop_idx=14 channel_idx=0 epoch=11 freq_hz=902750000 pkt_toa_us=169088 legal_dwell_used_us_10s=338176

INFO: unrelated frame during TX wait type=0xC0

RFCO_PERTX during TX wait: profile_id=1 tx_status=0x00(OK) hop_idx=15 channel_idx=22 epoch=11 freq_hz=913750000 pkt_toa_us=64128 legal_dwell_used_us_10s=115456

2026-07-25 01:08:34,168 INFO image_tx_daemon: frame seq=162 done: 2 fragments ok

INFO: unrelated frame during TX wait type=0xC0

RFCO_PERTX during TX wait: profile_id=1 tx_status=0x00(OK) hop_idx=16 channel_idx=7 epoch=11 freq_hz=906250000 pkt_toa_us=115328 legal_dwell_used_us_10s=115328

2026-07-25 01:08:34,426 INFO image_tx_daemon: frame seq=164 done: 1 fragments ok

INFO: unrelated frame during TX wait type=0xC0

RFCO_PERTX during TX wait: profile_id=1 tx_status=0x00(OK) hop_idx=17 channel_idx=6 epoch=11 freq_hz=905750000 pkt_toa_us=115328 legal_dwell_used_us_10s=284416

2026-07-25 01:08:34,624 INFO image_tx_daemon: frame seq=166 done: 1 fragments ok

INFO: unrelated frame during TX wait type=0xC0

RFCO_PERTX during TX wait: profile_id=1 tx_status=0x00(OK) hop_idx=18 channel_idx=48 epoch=11 freq_hz=926750000 pkt_toa_us=110208 legal_dwell_used_us_10s=279296

2026-07-25 01:08:34,822 INFO image_tx_daemon: frame seq=167 done: 1 fragments ok

INFO: unrelated frame during TX wait type=0xC0

RFCO_PERTX during TX wait: profile_id=1 tx_status=0x00(OK) hop_idx=19 channel_idx=31 epoch=11 freq_hz=918250000 pkt_toa_us=107648 legal_dwell_used_us_10s=276736

2026-07-25 01:08:35,012 INFO image_tx_daemon: frame seq=168 done: 1 fragments ok

INFO: unrelated frame during TX wait type=0xC0

RFCO_PERTX during TX wait: profile_id=1 tx_status=0x00(OK) hop_idx=20 channel_idx=26 epoch=11 freq_hz=915750000 pkt_toa_us=105088 legal_dwell_used_us_10s=151296

2026-07-25 01:08:35,209 INFO image_tx_daemon: frame seq=170 done: 1 fragments ok

INFO: unrelated frame during TX wait type=0xC0

RFCO_PERTX during TX wait: profile_id=1 tx_status=0x00(OK) hop_idx=21 channel_idx=40 epoch=11 freq_hz=922750000 pkt_toa_us=107648 legal_dwell_used_us_10s=107648

2026-07-25 01:08:35,417 INFO image_tx_daemon: frame seq=171 done: 1 fragments ok

INFO: unrelated frame during TX wait type=0xC0

RFCO_PERTX during TX wait: profile_id=1 tx_status=0x00(OK) hop_idx=22 channel_idx=18 epoch=11 freq_hz=911750000 pkt_toa_us=107648 legal_dwell_used_us_10s=251136

2026-07-25 01:08:35,615 INFO image_tx_daemon: frame seq=172 done: 1 fragments ok

INFO: unrelated frame during TX wait type=0xC0

RFCO_PERTX during TX wait: profile_id=1 tx_status=0x00(OK) hop_idx=23 channel_idx=11 epoch=11 freq_hz=908250000 pkt_toa_us=105088 legal_dwell_used_us_10s=105088

2026-07-25 01:08:35,813 INFO image_tx_daemon: frame seq=173 done: 1 fragments ok

INFO: unrelated frame during TX wait type=0xC4

INFO: unrelated frame during TX wait type=0xC0

RFCO_PERTX during TX wait: profile_id=1 tx_status=0x00(OK) hop_idx=24 channel_idx=17 epoch=11 freq_hz=911250000 pkt_toa_us=120448 legal_dwell_used_us_10s=120448

2026-07-25 01:08:36,025 INFO image_tx_daemon: frame seq=174 done: 1 fragments ok

INFO: unrelated frame during TX wait type=0xC0

RFCO_PERTX during TX wait: profile_id=1 tx_status=0x00(OK) hop_idx=25 channel_idx=9 epoch=11 freq_hz=907250000 pkt_toa_us=115328 legal_dwell_used_us_10s=115328

2026-07-25 01:08:36,222 INFO image_tx_daemon: frame seq=176 done: 1 fragments ok

INFO: unrelated frame during TX wait type=0xC0

RFCO_PERTX during TX wait: profile_id=1 tx_status=0x00(OK) hop_idx=26 channel_idx=39 epoch=11 freq_hz=922250000 pkt_toa_us=115328 legal_dwell_used_us_10s=256256

2026-07-25 01:08:36,420 INFO image_tx_daemon: frame seq=177 done: 1 fragments ok

INFO: unrelated frame during TX wait type=0xC0

RFCO_PERTX during TX wait: profile_id=1 tx_status=0x00(OK) hop_idx=27 channel_idx=42 epoch=11 freq_hz=923750000 pkt_toa_us=115328 legal_dwell_used_us_10s=115328

2026-07-25 01:08:36,618 INFO image_tx_daemon: frame seq=178 done: 1 fragments ok

INFO: unrelated frame during TX wait type=0xC0

RFCO_PERTX during TX wait: profile_id=1 tx_status=0x00(OK) hop_idx=28 channel_idx=45 epoch=11 freq_hz=925250000 pkt_toa_us=115328 legal_dwell_used_us_10s=115328

2026-07-25 01:08:36,816 INFO image_tx_daemon: frame seq=179 done: 1 fragments ok

INFO: unrelated frame during TX wait type=0xC0

RFCO_PERTX during TX wait: profile_id=1 tx_status=0x00(OK) hop_idx=29 channel_idx=10 epoch=11 freq_hz=907750000 pkt_toa_us=117888 legal_dwell_used_us_10s=117888

2026-07-25 01:08:37,024 INFO image_tx_daemon: frame seq=180 done: 1 fragments ok

INFO: unrelated frame during TX wait type=0xC0

RFCO_PERTX during TX wait: profile_id=1 tx_status=0x00(OK) hop_idx=30 channel_idx=23 epoch=11 freq_hz=914250000 pkt_toa_us=117888 legal_dwell_used_us_10s=117888

2026-07-25 01:08:37,222 INFO image_tx_daemon: frame seq=182 done: 1 fragments ok

INFO: unrelated frame during TX wait type=0xC0

RFCO_PERTX during TX wait: profile_id=1 tx_status=0x00(OK) hop_idx=31 channel_idx=2 epoch=11 freq_hz=903750000 pkt_toa_us=117888 legal_dwell_used_us_10s=166656

2026-07-25 01:08:37,420 INFO image_tx_daemon: frame seq=183 done: 1 fragments ok

FAULT_URC during TX wait: code=0x0D sub=0x83 raw=0d83000000000000000000000000000000000000a9da0100

INFO: unrelated frame during TX wait type=0xC0

RFCO_PERTX during TX wait: profile_id=1 tx_status=0x00(OK) hop_idx=32 channel_idx=15 epoch=11 freq_hz=910250000 pkt_toa_us=117888 legal_dwell_used_us_10s=117888

2026-07-25 01:08:37,619 INFO image_tx_daemon: frame seq=184 done: 1 fragments ok

INFO: unrelated frame during TX wait type=0xC0

RFCO_PERTX during TX wait: profile_id=1 tx_status=0x00(OK) hop_idx=33 channel_idx=28 epoch=11 freq_hz=916750000 pkt_toa_us=117888 legal_dwell_used_us_10s=117888

2026-07-25 01:08:37,817 INFO image_tx_daemon: frame seq=185 done: 1 fragments ok

2026-07-25 01:08:38,002 INFO image_tx_daemon: stats: goodput=629.7 B/s util=55% pipeline=v2 frames_in=702 ok=399 fail=0 drop_full=298 drop_stale=0 frags_ok=570 frags_fail=0 qdepth=4

INFO: unrelated frame during TX wait type=0xC0

RFCO_PERTX during TX wait: profile_id=1 tx_status=0x00(OK) hop_idx=34 channel_idx=32 epoch=11 freq_hz=918750000 pkt_toa_us=120448 legal_dwell_used_us_10s=289536

2026-07-25 01:08:38,025 INFO image_tx_daemon: frame seq=186 done: 1 fragments ok

INFO: unrelated frame during TX wait type=0xC0

RFCO_PERTX during TX wait: profile_id=1 tx_status=0x00(OK) hop_idx=35 channel_idx=27 epoch=11 freq_hz=916250000 pkt_toa_us=117888 legal_dwell_used_us_10s=117888

2026-07-25 01:08:38,223 INFO image_tx_daemon: frame seq=188 done: 1 fragments ok

INFO: unrelated frame during TX wait type=0xC0

RFCO_PERTX during TX wait: profile_id=1 tx_status=0x00(OK) hop_idx=36 channel_idx=16 epoch=11 freq_hz=910750000 pkt_toa_us=115328 legal_dwell_used_us_10s=166656

2026-07-25 01:08:38,421 INFO image_tx_daemon: frame seq=189 done: 1 fragments ok

INFO: unrelated frame during TX wait type=0xC0

RFCO_PERTX during TX wait: profile_id=1 tx_status=0x00(OK) hop_idx=37 channel_idx=43 epoch=11 freq_hz=924250000 pkt_toa_us=117888 legal_dwell_used_us_10s=286976

2026-07-25 01:08:38,619 INFO image_tx_daemon: frame seq=190 done: 1 fragments ok

INFO: unrelated frame during TX wait type=0xC0

RFCO_PERTX during TX wait: profile_id=1 tx_status=0x00(OK) hop_idx=38 channel_idx=5 epoch=11 freq_hz=905250000 pkt_toa_us=117888 legal_dwell_used_us_10s=117888

2026-07-25 01:08:38,816 INFO image_tx_daemon: frame seq=191 done: 1 fragments ok

INFO: unrelated frame during TX wait type=0xC0

RFCO_PERTX during TX wait: profile_id=1 tx_status=0x00(OK) hop_idx=39 channel_idx=34 epoch=11 freq_hz=919750000 pkt_toa_us=120448 legal_dwell_used_us_10s=120448

2026-07-25 01:08:39,025 INFO image_tx_daemon: frame seq=192 done: 1 fragments ok

INFO: unrelated frame during TX wait type=0xC0

RFCO_PERTX during TX wait: profile_id=1 tx_status=0x00(OK) hop_idx=40 channel_idx=19 epoch=11 freq_hz=912250000 pkt_toa_us=133248 legal_dwell_used_us_10s=133248

2026-07-25 01:08:39,234 INFO image_tx_daemon: frame seq=194 done: 1 fragments ok

INFO: unrelated frame during TX wait type=0xC0

RFCO_PERTX during TX wait: profile_id=1 tx_status=0x00(OK) hop_idx=41 channel_idx=33 epoch=11 freq_hz=919250000 pkt_toa_us=135808 legal_dwell_used_us_10s=135808

2026-07-25 01:08:39,434 INFO image_tx_daemon: frame seq=195 done: 1 fragments ok

INFO: unrelated frame during TX wait type=0xC0

RFCO_PERTX during TX wait: profile_id=1 tx_status=0x00(OK) hop_idx=42 channel_idx=13 epoch=11 freq_hz=909250000 pkt_toa_us=138368 legal_dwell_used_us_10s=138368

2026-07-25 01:08:39,643 INFO image_tx_daemon: frame seq=196 done: 1 fragments ok

INFO: unrelated frame during TX wait type=0xC0

RFCO_PERTX during TX wait: profile_id=1 tx_status=0x00(OK) hop_idx=43 channel_idx=25 epoch=11 freq_hz=915250000 pkt_toa_us=138368 legal_dwell_used_us_10s=138368

2026-07-25 01:08:39,841 INFO image_tx_daemon: frame seq=197 done: 1 fragments ok

INFO: unrelated frame during TX wait type=0xC0

RFCO_PERTX during TX wait: profile_id=1 tx_status=0x00(OK) hop_idx=44 channel_idx=38 epoch=11 freq_hz=921750000 pkt_toa_us=148608 legal_dwell_used_us_10s=189696

2026-07-25 01:08:40,051 INFO image_tx_daemon: frame seq=198 done: 1 fragments ok

INFO: unrelated frame during TX wait type=0xC0

RFCO_PERTX during TX wait: profile_id=1 tx_status=0x00(OK) hop_idx=45 channel_idx=1 epoch=11 freq_hz=903250000 pkt_toa_us=151168 legal_dwell_used_us_10s=151168

2026-07-25 01:08:40,249 INFO image_tx_daemon: frame seq=200 done: 1 fragments ok

INFO: unrelated frame during TX wait type=0xC0

RFCO_PERTX during TX wait: profile_id=1 tx_status=0x00(OK) hop_idx=47 channel_idx=8 epoch=11 freq_hz=906750000 pkt_toa_us=148608 legal_dwell_used_us_10s=148608

2026-07-25 01:08:40,652 INFO image_tx_daemon: frame seq=201 done: 1 fragments ok

INFO: unrelated frame during TX wait type=0xC0

RFCO_PERTX during TX wait: profile_id=1 tx_status=0x00(OK) hop_idx=48 channel_idx=12 epoch=11 freq_hz=908750000 pkt_toa_us=169088 legal_dwell_used_us_10s=169088

2026-07-25 01:08:40,871 INFO image_tx_daemon: frame seq=203 done: 1 fragments ok

INFO: unrelated frame during TX wait type=0xC0

RFCO_PERTX during TX wait: profile_id=1 tx_status=0x00(OK) hop_idx=49 channel_idx=4 epoch=11 freq_hz=904750000 pkt_toa_us=169088 legal_dwell_used_us_10s=169088

2026-07-25 01:08:41,071 INFO image_tx_daemon: frame seq=205 done: 1 fragments ok

INFO: unrelated frame during TX wait type=0xC0

RFCO_PERTX during TX wait: profile_id=1 tx_status=0x00(OK) hop_idx=0 channel_idx=13 epoch=12 freq_hz=909250000 pkt_toa_us=169088 legal_dwell_used_us_10s=307456

INFO: unrelated frame during TX wait type=0xC0

RFCO_PERTX during TX wait: profile_id=1 tx_status=0x00(OK) hop_idx=1 channel_idx=36 epoch=12 freq_hz=920750000 pkt_toa_us=30848 legal_dwell_used_us_10s=30848

2026-07-25 01:08:41,323 INFO image_tx_daemon: frame seq=206 done: 2 fragments ok

INFO: unrelated frame during TX wait type=0xC0

RFCO_PERTX during TX wait: profile_id=1 tx_status=0x00(OK) hop_idx=2 channel_idx=25 epoch=12 freq_hz=915250000 pkt_toa_us=169088 legal_dwell_used_us_10s=307456

INFO: unrelated frame during TX wait type=0xC0

RFCO_PERTX during TX wait: profile_id=1 tx_status=0x00(OK) hop_idx=3 channel_idx=19 epoch=12 freq_hz=912250000 pkt_toa_us=38528 legal_dwell_used_us_10s=171776

2026-07-25 01:08:41,737 INFO image_tx_daemon: frame seq=207 done: 2 fragments ok

INFO: unrelated frame during TX wait type=0xC0

RFCO_PERTX during TX wait: profile_id=1 tx_status=0x00(OK) hop_idx=4 channel_idx=3 epoch=12 freq_hz=904250000 pkt_toa_us=169088 legal_dwell_used_us_10s=215296

INFO: unrelated frame during TX wait type=0xC0

RFCO_PERTX during TX wait: profile_id=1 tx_status=0x00(OK) hop_idx=5 channel_idx=16 epoch=12 freq_hz=910750000 pkt_toa_us=53888 legal_dwell_used_us_10s=169216

2026-07-25 01:08:42,153 INFO image_tx_daemon: frame seq=210 done: 2 fragments ok

INFO: unrelated frame during TX wait type=0xC0

RFCO_PERTX during TX wait: profile_id=1 tx_status=0x00(OK) hop_idx=6 channel_idx=7 epoch=12 freq_hz=906250000 pkt_toa_us=169088 legal_dwell_used_us_10s=284416

INFO: unrelated frame during TX wait type=0xC0

RFCO_PERTX during TX wait: profile_id=1 tx_status=0x00(OK) hop_idx=7 channel_idx=11 epoch=12 freq_hz=908250000 pkt_toa_us=59008 legal_dwell_used_us_10s=164096

2026-07-25 01:08:42,558 INFO image_tx_daemon: frame seq=212 done: 2 fragments ok

INFO: unrelated frame during TX wait type=0xC0

RFCO_PERTX during TX wait: profile_id=1 tx_status=0x00(OK) hop_idx=8 channel_idx=8 epoch=12 freq_hz=906750000 pkt_toa_us=169088 legal_dwell_used_us_10s=317696

INFO: unrelated frame during TX wait type=0xC0

RFCO_PERTX during TX wait: profile_id=1 tx_status=0x00(OK) hop_idx=9 channel_idx=35 epoch=12 freq_hz=920250000 pkt_toa_us=69248 legal_dwell_used_us_10s=238336

2026-07-25 01:08:42,962 INFO image_tx_daemon: frame seq=215 done: 2 fragments ok

INFO: unrelated frame during TX wait type=0xC0

RFCO_PERTX during TX wait: profile_id=1 tx_status=0x00(OK) hop_idx=10 channel_idx=21 epoch=12 freq_hz=913250000 pkt_toa_us=169088 legal_dwell_used_us_10s=220416

INFO: unrelated frame during TX wait type=0xC0

RFCO_PERTX during TX wait: profile_id=1 tx_status=0x00(OK) hop_idx=11 channel_idx=34 epoch=12 freq_hz=919750000 pkt_toa_us=61568 legal_dwell_used_us_10s=182016

2026-07-25 01:08:43,357 INFO image_tx_daemon: frame seq=217 done: 2 fragments ok

INFO: unrelated frame during TX wait type=0xC0

RFCO_PERTX during TX wait: profile_id=1 tx_status=0x00(OK) hop_idx=13 channel_idx=9 epoch=12 freq_hz=907250000 pkt_toa_us=169088 legal_dwell_used_us_10s=284416

INFO: unrelated frame during TX wait type=0xC0

RFCO_PERTX during TX wait: profile_id=1 tx_status=0x00(OK) hop_idx=14 channel_idx=17 epoch=12 freq_hz=911250000 pkt_toa_us=66688 legal_dwell_used_us_10s=187136

2026-07-25 01:08:43,959 INFO image_tx_daemon: frame seq=220 done: 2 fragments ok

INFO: unrelated frame during TX wait type=0xC0

RFCO_PERTX during TX wait: profile_id=1 tx_status=0x00(OK) hop_idx=15 channel_idx=28 epoch=12 freq_hz=916750000 pkt_toa_us=169088 legal_dwell_used_us_10s=286976

INFO: unrelated frame during TX wait type=0xC0

RFCO_PERTX during TX wait: profile_id=1 tx_status=0x00(OK) hop_idx=16 channel_idx=46 epoch=12 freq_hz=925750000 pkt_toa_us=59008 legal_dwell_used_us_10s=59008

2026-07-25 01:08:44,350 INFO image_tx_daemon: frame seq=223 done: 2 fragments ok

INFO: unrelated frame during TX wait type=0xC0

RFCO_PERTX during TX wait: profile_id=1 tx_status=0x00(OK) hop_idx=17 channel_idx=5 epoch=12 freq_hz=905250000 pkt_toa_us=169088 legal_dwell_used_us_10s=286976

INFO: unrelated frame during TX wait type=0xC0

RFCO_PERTX during TX wait: profile_id=1 tx_status=0x00(OK) hop_idx=18 channel_idx=39 epoch=12 freq_hz=922250000 pkt_toa_us=59008 legal_dwell_used_us_10s=174336

2026-07-25 01:08:44,757 INFO image_tx_daemon: frame seq=226 done: 2 fragments ok

INFO: unrelated frame during TX wait type=0xC0

RFCO_PERTX during TX wait: profile_id=1 tx_status=0x00(OK) hop_idx=19 channel_idx=29 epoch=12 freq_hz=917250000 pkt_toa_us=169088 legal_dwell_used_us_10s=169088

INFO: unrelated frame during TX wait type=0xC0

RFCO_PERTX during TX wait: profile_id=1 tx_status=0x00(OK) hop_idx=20 channel_idx=4 epoch=12 freq_hz=904750000 pkt_toa_us=69248 legal_dwell_used_us_10s=238336

2026-07-25 01:08:45,160 INFO image_tx_daemon: frame seq=228 done: 2 fragments ok

