2026-09-14 16:46:42,754 INFO image_rx_daemon: opening L072 HostLink on /dev/ttymxc3 @ 921600

2026-09-14 16:46:42,757 INFO image_rx_daemon: image_rx_daemon started; mqtt=127.0.0.1:1883 uart=/dev/ttymxc3

2026-09-14 16:46:42,758 INFO image_rx_daemon: ctrl MQTT connected (192.168.1.79)

2026-09-14 16:46:42,766 INFO image_rx_daemon: MQTT connected; ready to publish lifetrac/v25/video/tile_delta

2026-09-14 16:46:42,771 INFO image_rx_daemon: LIFETRAC_SKIP_RESET_REQ=1 — relying on external NRST; draining boot chatter only

2026-09-14 16:46:43,202 INFO image_rx_daemon: L072 VER warm-up ok (attempt 1)

Initializing regulatory profile 2 on co-processor...

  FHSS mask: single channel 0 (0100000000000000)

CFG_SET_REQ(FHSS_CHANNEL_MASK) OK: 07000800

CFG_SET_REQ(ANTENNA_GAIN_DBI) OK: 15000100

CFG_SET_REQ(HW_CEILING_DBM) OK: 16000100

  FHSS seed: (0,0) legacy shared permutation [set LIFETRAC_FHSS_FARM_ID / LIFETRAC_FHSS_LINK_ID to separate pairs]

CFG_SET_REQ(FHSS_FARM_ID) OK: 17000800

CFG_SET_REQ(FHSS_NODE_ID) OK: 18000800

CFG_SET_REQ(REG_PROFILE=2) OK: 14000100

  forcing FRF -> 927.500 MHz (raw=0xE7E000 -> Msb=0xE7 Mid=0xE0 Lsb=0x00)

  FRF readback: 0xE7E000 = 927.500 MHz (OK)

2026-09-14 16:46:43,647 INFO image_rx_daemon: LBT_ENABLE=0 (command uplink shares the image channel)

PHY contract OK: image_bw500 == {'sf': 7, 'bw_khz': 500, 'cr_den': 5, 'preamble': 8}

2026-09-14 16:46:43,731 INFO image_rx_daemon: SX1276 RXCONT autowake: opmode 0x81 -> 0x85

2026-09-14 16:46:43,732 INFO image_rx_daemon: RX worker ready; draining RX_FRAME_URC...

2026-09-14 16:46:43,756 INFO image_rx_daemon: stats: rx_frames=0 rx_decode_err=0 frames_published=0 publish_err=0 reassembler_decode_err=0 reassembler_timeouts=0 parity_recon=0 idle_drain_deferred=0 cmd_cooldown_drops=0 cmd_gate_held=0 cmd_copies_deferred=0

2026-09-14 16:46:53,759 INFO image_rx_daemon: stats: rx_frames=0 rx_decode_err=0 frames_published=0 publish_err=0 reassembler_decode_err=0 reassembler_timeouts=0 parity_recon=0 idle_drain_deferred=0 cmd_cooldown_drops=0 cmd_gate_held=0 cmd_copies_deferred=0

2026-09-14 16:46:59,593 INFO image_rx_daemon: frag_arrival: seq=1 idx=0 total=13 fw_us=3515732748 len=247

2026-09-14 16:46:59,704 INFO image_rx_daemon: frag_arrival: seq=1 idx=1 total=13 fw_us=3515849748 len=247

2026-09-14 16:46:59,810 INFO image_rx_daemon: frag_arrival: seq=1 idx=2 total=13 fw_us=3515966797 len=247

2026-09-14 16:46:59,919 WARNING image_rx_daemon: crc_dump: irq=0x70 rx_len=213 snr=0.2 rssi=-65 dump=c1c997d6074a05062d07af6b4de28327a6b93a3504d0a66ec4b78e0e6bbca78602be3c381d8d554308a340e3c8839ea6d4b3ca1753914a198dfe51c6ecc17d4f73abe7818bd82bd92174545a28fb8fd08736e7c21652eb6a86bec7c77cc9c194249ed996313536662bb7ee234033e76795f8d734ea40d1cb5996ba3f0010d4a917bc4586003e7971627c11c5b39d403cf33f2a5578c83cc9ae329adb933e9e97fd604890d45d47985fb1f05f646494f58bd3be8e754eeebb89839d96734be03484ff82daa3e4b67349c4f876e64e634c1622c0459a

2026-09-14 16:47:00,052 INFO image_rx_daemon: frag_arrival: seq=1 idx=4 total=13 fw_us=3516200830 len=247

2026-09-14 16:47:00,169 INFO image_rx_daemon: frag_arrival: seq=1 idx=5 total=13 fw_us=3516317933 len=247

2026-09-14 16:47:00,292 INFO image_rx_daemon: frag_arrival: seq=1 idx=6 total=13 fw_us=3516434972 len=247

2026-09-14 16:47:00,401 INFO image_rx_daemon: frag_arrival: seq=1 idx=7 total=13 fw_us=3516552005 len=247

2026-09-14 16:47:00,520 INFO image_rx_daemon: frag_arrival: seq=1 idx=8 total=13 fw_us=3516668987 len=247

2026-09-14 16:47:00,640 INFO image_rx_daemon: frag_arrival: seq=1 idx=9 total=13 fw_us=3516785751 len=247

2026-09-14 16:47:00,748 INFO image_rx_daemon: frag_arrival: seq=1 idx=10 total=13 fw_us=3516902937 len=247

2026-09-14 16:47:00,868 INFO image_rx_daemon: frag_arrival: seq=1 idx=11 total=13 fw_us=3517019927 len=247

2026-09-14 16:47:00,898 INFO image_rx_daemon: frag_arrival: seq=1 idx=12 total=13 fw_us=3517061686 len=73

2026-09-14 16:47:01,176 INFO image_rx_daemon: frag_arrival: seq=2 idx=0 total=13 fw_us=3517323992 len=247

2026-09-14 16:47:01,292 INFO image_rx_daemon: frag_arrival: seq=2 idx=1 total=13 fw_us=3517440957 len=247

2026-09-14 16:47:01,409 INFO image_rx_daemon: frag_arrival: seq=2 idx=2 total=13 fw_us=3517557973 len=247

2026-09-14 16:47:01,528 INFO image_rx_daemon: frag_arrival: seq=2 idx=3 total=13 fw_us=3517674986 len=247

2026-09-14 16:47:01,648 INFO image_rx_daemon: frag_arrival: seq=2 idx=4 total=13 fw_us=3517791856 len=247

2026-09-14 16:47:01,756 INFO image_rx_daemon: frag_arrival: seq=2 idx=5 total=13 fw_us=3517908887 len=247

2026-09-14 16:47:01,878 INFO image_rx_daemon: frag_arrival: seq=2 idx=6 total=13 fw_us=3518025792 len=247

2026-09-14 16:47:02,111 INFO image_rx_daemon: frag_arrival: seq=2 idx=8 total=13 fw_us=3518259656 len=247

2026-09-14 16:47:02,232 INFO image_rx_daemon: frag_arrival: seq=2 idx=9 total=13 fw_us=3518376710 len=247

2026-09-14 16:47:02,340 INFO image_rx_daemon: frag_arrival: seq=2 idx=10 total=13 fw_us=3518493832 len=247

2026-09-14 16:47:02,460 INFO image_rx_daemon: frag_arrival: seq=2 idx=11 total=13 fw_us=3518610785 len=247

2026-09-14 16:47:02,489 INFO image_rx_daemon: frag_arrival: seq=2 idx=12 total=13 fw_us=3518651223 len=68

2026-09-14 16:47:02,769 INFO image_rx_daemon: frag_arrival: seq=3 idx=0 total=13 fw_us=3518914726 len=247

2026-09-14 16:47:02,884 INFO image_rx_daemon: frag_arrival: seq=3 idx=1 total=13 fw_us=3519031693 len=247

2026-09-14 16:47:03,005 INFO image_rx_daemon: frag_arrival: seq=3 idx=2 total=13 fw_us=3519148784 len=247

2026-09-14 16:47:03,117 INFO image_rx_daemon: frag_arrival: seq=3 idx=3 total=13 fw_us=3519265893 len=247

2026-09-14 16:47:03,243 INFO image_rx_daemon: frag_arrival: seq=3 idx=4 total=13 fw_us=3519383148 len=247

2026-09-14 16:47:03,341 INFO image_rx_daemon: frag_arrival: seq=3 idx=5 total=13 fw_us=3519499999 len=247

2026-09-14 16:47:03,472 INFO image_rx_daemon: frag_arrival: seq=3 idx=6 total=13 fw_us=3519617019 len=247

2026-09-14 16:47:03,593 INFO image_rx_daemon: frag_arrival: seq=3 idx=7 total=13 fw_us=3519734081 len=247

2026-09-14 16:47:03,701 INFO image_rx_daemon: frag_arrival: seq=3 idx=8 total=13 fw_us=3519852078 len=247

2026-09-14 16:47:03,769 INFO image_rx_daemon: stats: rx_frames=33 rx_decode_err=0 frames_published=0 publish_err=0 reassembler_decode_err=0 reassembler_timeouts=1 parity_recon=0 idle_drain_deferred=2 cmd_cooldown_drops=0 cmd_gate_held=0 cmd_copies_deferred=0

2026-09-14 16:47:03,770 INFO image_rx_daemon: air_gap: n=32 dt_med=117033us dt_p95=262306us len_med=247B cmd_tx_ok=0 cmd_tx_fail=0

2026-09-14 16:47:03,773 INFO image_rx_daemon: air_gap_hist(ms): <80:2 <120:26 <400:4

2026-09-14 16:47:03,774 INFO image_rx_daemon: rx_rf: n_rssi=33 n_snr=33 rssi[min/med/max]=-69/-68/-67 snr[min/med/max]=5.0/6.0/6.0

2026-09-14 16:47:03,775 INFO image_rx_daemon: phase_telemetry: valid=33 invalid=0 pre_f8=0 last_epoch=0 last_hop=0 slot_off=[0..0]

2026-09-14 16:47:03,775 INFO image_rx_daemon: air_gap_by_class: seq: n=28 med=117.0ms | boundary: n=2 med=263.5ms | post_loss: n=2 med=234.0ms

2026-09-14 16:47:03,776 INFO image_rx_daemon: lost_frag_idx: n=2 idx0=0 (0.00% of idx0 arrivals) other=2 (6.25%) verdict=not-clustered | top 3:1 7:1

2026-09-14 16:47:03,824 INFO image_rx_daemon: frag_arrival: seq=3 idx=9 total=13 fw_us=3519968135 len=247

2026-09-14 16:47:03,932 INFO image_rx_daemon: frag_arrival: seq=3 idx=10 total=13 fw_us=3520085148 len=247

2026-09-14 16:47:04,044 INFO image_rx_daemon: frag_arrival: seq=3 idx=11 total=13 fw_us=3520202153 len=247

2026-09-14 16:47:04,084 INFO image_rx_daemon: frag_arrival: seq=3 idx=12 total=13 fw_us=3520243897 len=71

2026-09-14 16:47:04,087 INFO image_rx_daemon: published frame_id=0 seq=3 2983 B → lifetrac/v25/video/tile_delta

2026-09-14 16:47:04,361 INFO image_rx_daemon: frag_arrival: seq=4 idx=0 total=12 fw_us=3520506306 len=247

2026-09-14 16:47:04,477 INFO image_rx_daemon: frag_arrival: seq=4 idx=1 total=12 fw_us=3520623231 len=247

2026-09-14 16:47:04,596 INFO image_rx_daemon: frag_arrival: seq=4 idx=2 total=12 fw_us=3520740225 len=247

2026-09-14 16:47:04,704 INFO image_rx_daemon: frag_arrival: seq=4 idx=3 total=12 fw_us=3520857328 len=247

2026-09-14 16:47:04,828 INFO image_rx_daemon: frag_arrival: seq=4 idx=4 total=12 fw_us=3520974325 len=247

2026-09-14 16:47:04,938 INFO image_rx_daemon: frag_arrival: seq=4 idx=5 total=12 fw_us=3521091308 len=247

2026-09-14 16:47:05,056 INFO image_rx_daemon: frag_arrival: seq=4 idx=6 total=12 fw_us=3521208338 len=247

2026-09-14 16:47:05,173 INFO image_rx_daemon: frag_arrival: seq=4 idx=7 total=12 fw_us=3521325315 len=247

2026-09-14 16:47:05,290 INFO image_rx_daemon: frag_arrival: seq=4 idx=8 total=12 fw_us=3521442407 len=247

2026-09-14 16:47:05,412 INFO image_rx_daemon: frag_arrival: seq=4 idx=9 total=12 fw_us=3521559383 len=247

2026-09-14 16:47:05,532 INFO image_rx_daemon: frag_arrival: seq=4 idx=10 total=12 fw_us=3521676420 len=247

2026-09-14 16:47:05,653 INFO image_rx_daemon: frag_arrival: seq=4 idx=11 total=12 fw_us=3521785775 len=236

2026-09-14 16:47:05,654 INFO image_rx_daemon: published frame_id=0 seq=4 2905 B → lifetrac/v25/video/tile_delta

2026-09-14 16:47:05,836 INFO image_rx_daemon: frag_arrival: seq=5 idx=0 total=12 fw_us=3521980341 len=247

2026-09-14 16:47:05,948 INFO image_rx_daemon: frag_arrival: seq=5 idx=1 total=12 fw_us=3522097190 len=247

2026-09-14 16:47:06,065 INFO image_rx_daemon: frag_arrival: seq=5 idx=2 total=12 fw_us=3522214229 len=247

2026-09-14 16:47:06,184 INFO image_rx_daemon: frag_arrival: seq=5 idx=3 total=12 fw_us=3522331444 len=247

2026-09-14 16:47:06,310 INFO image_rx_daemon: frag_arrival: seq=5 idx=4 total=12 fw_us=3522448440 len=247

2026-09-14 16:47:06,417 INFO image_rx_daemon: frag_arrival: seq=5 idx=5 total=12 fw_us=3522565309 len=247

2026-09-14 16:47:06,540 INFO image_rx_daemon: frag_arrival: seq=5 idx=6 total=12 fw_us=3522682482 len=247

2026-09-14 16:47:06,652 INFO image_rx_daemon: frag_arrival: seq=5 idx=7 total=12 fw_us=3522799311 len=247

2026-09-14 16:47:06,769 INFO image_rx_daemon: frag_arrival: seq=5 idx=8 total=12 fw_us=3522916490 len=247

2026-09-14 16:47:06,892 INFO image_rx_daemon: frag_arrival: seq=5 idx=9 total=12 fw_us=3523033312 len=247

2026-09-14 16:47:07,011 INFO image_rx_daemon: frag_arrival: seq=5 idx=10 total=12 fw_us=3523150378 len=247

2026-09-14 16:47:07,100 WARNING image_rx_daemon: crc_dump: irq=0x70 rx_len=255 snr=-1.2 rssi=-64 dump=e31ab173d69bc6f4915da79c5b6bd563718c16c2b36773f9dd60a4e4efb0afa25367e79e5fb3feaf15ff0334f59013df920dcb1aeaa21f6fc0259199598c7ce680f8022330cc7fb700b25cdfe745572d3d1f4970007e40e20580c9381b9f6ec2f61889b0d98792850c457175a8ead69db07edea09d97e99f033f031baa47f1c15b4a5315862aa455bb2018be70a2666695b84618742af597f5c453d95a9a3da12f2190af81e8a91ce8f72b340744c1d1801450d7278167ad046bfba81d9324da690b850817f1d8f514100a9e10ee9ba2d5e6899058ec06436f99966bf001b930df80a4fd1c8c80486ce20e6ef001a3eaf569feb4f3e013e884fb75

2026-09-14 16:47:07,301 INFO image_rx_daemon: frag_arrival: seq=7 idx=0 total=13 fw_us=3523454550 len=247

2026-09-14 16:47:07,420 INFO image_rx_daemon: frag_arrival: seq=7 idx=1 total=13 fw_us=3523571451 len=247

2026-09-14 16:47:07,540 INFO image_rx_daemon: frag_arrival: seq=7 idx=2 total=13 fw_us=3523688488 len=247

2026-09-14 16:47:07,655 INFO image_rx_daemon: frag_arrival: seq=7 idx=3 total=13 fw_us=3523805536 len=247

2026-09-14 16:47:07,773 INFO image_rx_daemon: frag_arrival: seq=7 idx=4 total=13 fw_us=3523922599 len=247

2026-09-14 16:47:07,892 INFO image_rx_daemon: frag_arrival: seq=7 idx=5 total=13 fw_us=3524039865 len=247

2026-09-14 16:47:08,007 INFO image_rx_daemon: frag_arrival: seq=7 idx=6 total=13 fw_us=3524156878 len=247

2026-09-14 16:47:08,128 INFO image_rx_daemon: frag_arrival: seq=7 idx=7 total=13 fw_us=3524273806 len=247

2026-09-14 16:47:08,248 INFO image_rx_daemon: frag_arrival: seq=7 idx=8 total=13 fw_us=3524390792 len=247

2026-09-14 16:47:08,356 INFO image_rx_daemon: frag_arrival: seq=7 idx=9 total=13 fw_us=3524507823 len=247

2026-09-14 16:47:08,473 INFO image_rx_daemon: frag_arrival: seq=7 idx=10 total=13 fw_us=3524624854 len=247

2026-09-14 16:47:08,596 INFO image_rx_daemon: frag_arrival: seq=7 idx=11 total=13 fw_us=3524741986 len=247

2026-09-14 16:47:08,624 INFO image_rx_daemon: frag_arrival: seq=7 idx=12 total=13 fw_us=3524779859 len=63

2026-09-14 16:47:08,630 INFO image_rx_daemon: published frame_id=0 seq=7 2975 B → lifetrac/v25/video/tile_delta

2026-09-14 16:47:08,905 INFO image_rx_daemon: frag_arrival: seq=10 idx=0 total=13 fw_us=3525046081 len=247

2026-09-14 16:47:09,012 INFO image_rx_daemon: frag_arrival: seq=10 idx=1 total=13 fw_us=3525162939 len=247

2026-09-14 16:47:09,129 INFO image_rx_daemon: frag_arrival: seq=10 idx=2 total=13 fw_us=3525281078 len=247

2026-09-14 16:47:09,250 INFO image_rx_daemon: frag_arrival: seq=10 idx=3 total=13 fw_us=3525397219 len=247

2026-09-14 16:47:09,372 INFO image_rx_daemon: frag_arrival: seq=10 idx=4 total=13 fw_us=3525514247 len=247

2026-09-14 16:47:09,484 INFO image_rx_daemon: frag_arrival: seq=10 idx=5 total=13 fw_us=3525631335 len=247

2026-09-14 16:47:09,600 INFO image_rx_daemon: frag_arrival: seq=10 idx=6 total=13 fw_us=3525748247 len=247

2026-09-14 16:47:09,721 INFO image_rx_daemon: frag_arrival: seq=10 idx=7 total=13 fw_us=3525865344 len=247

2026-09-14 16:47:09,830 INFO image_rx_daemon: frag_arrival: seq=10 idx=8 total=13 fw_us=3525982480 len=247

2026-09-14 16:47:09,938 INFO image_rx_daemon: frag_arrival: seq=10 idx=9 total=13 fw_us=3526099382 len=247

2026-09-14 16:47:10,065 INFO image_rx_daemon: frag_arrival: seq=10 idx=10 total=13 fw_us=3526216467 len=247

2026-09-14 16:47:10,172 INFO image_rx_daemon: frag_arrival: seq=10 idx=11 total=13 fw_us=3526333565 len=247

2026-09-14 16:47:10,204 INFO image_rx_daemon: frag_arrival: seq=10 idx=12 total=13 fw_us=3526375374 len=73

2026-09-14 16:47:10,206 INFO image_rx_daemon: published frame_id=0 seq=10 2985 B → lifetrac/v25/video/tile_delta

2026-09-14 16:47:10,476 INFO image_rx_daemon: frag_arrival: seq=13 idx=0 total=13 fw_us=3526637712 len=247

2026-09-14 16:47:10,592 INFO image_rx_daemon: frag_arrival: seq=13 idx=1 total=13 fw_us=3526754716 len=247

2026-09-14 16:47:10,708 INFO image_rx_daemon: frag_arrival: seq=13 idx=2 total=13 fw_us=3526871748 len=247

2026-09-14 16:47:10,833 INFO image_rx_daemon: frag_arrival: seq=13 idx=3 total=13 fw_us=3526988832 len=247

2026-09-14 16:47:10,961 INFO image_rx_daemon: frag_arrival: seq=13 idx=4 total=13 fw_us=3527105883 len=247

2026-09-14 16:47:11,051 WARNING image_rx_daemon: crc_dump: irq=0x70 rx_len=255 snr=-0.2 rssi=-65 dump=e9dd4ec0a455c244e1219323c67984a3a53e3a81df48ba4dcfb086eaf195606328b8af23388e40d525e5cf36b96431afd3b78dbf9f1b4df1d64c4e2d4d14f7054f83a3cc049f862ffcad880dfa5f4d90acba3263ab39ba4ffee5b53385fb14cc124e89de818a746dd47d2c7432a960565ac8b6d5914155128559fe6e4c149fc1c8f0ebc95fc569a4dcfc83b98efef5daca955e294120b70e2d4eeb7baf185071ac0444c429790208c39617cdd3f785b90d240b42bd46326c149b84f28e6e66d3a0d3c0190a6f3e8349b860acb5cb20ca19592e6cbcb5ad1e26863428aef527e39a4b59f3b56647d2da5c565a7d4545c5d411ee788745d473c16349

2026-09-14 16:47:11,192 INFO image_rx_daemon: frag_arrival: seq=13 idx=6 total=13 fw_us=3527339986 len=247

2026-09-14 16:47:11,311 INFO image_rx_daemon: frag_arrival: seq=13 idx=7 total=13 fw_us=3527456981 len=247

2026-09-14 16:47:11,432 INFO image_rx_daemon: frag_arrival: seq=13 idx=8 total=13 fw_us=3527574027 len=247

2026-09-14 16:47:11,537 INFO image_rx_daemon: frag_arrival: seq=13 idx=9 total=13 fw_us=3527692078 len=247

2026-09-14 16:47:11,624 INFO image_rx_daemon: cmd 0x63 superseded while pending (after 0 attempts) — body replaced, retry budget reset

2026-09-14 16:47:11,660 INFO image_rx_daemon: frag_arrival: seq=13 idx=10 total=13 fw_us=3527808039 len=247

2026-09-14 16:47:11,777 INFO image_rx_daemon: frag_arrival: seq=13 idx=11 total=13 fw_us=3527925060 len=247

2026-09-14 16:47:11,778 INFO image_rx_daemon: frag_arrival: seq=13 idx=12 total=13 fw_us=3527942004 len=7

RFCO_PERTX during TX wait: profile_id=2 tx_status=0x00(OK) hop_idx=0 channel_idx=0 epoch=0 freq_hz=0 pkt_toa_us=10304 legal_dwell_used_us_10s=0

2026-09-14 16:47:11,808 INFO image_rx_daemon: command TX opcode=0x60 copy=1/1 OK (on air)

2026-09-14 16:47:11,972 INFO image_rx_daemon: frag_arrival: seq=16 idx=0 total=13 fw_us=3528112209 len=247

2026-09-14 16:47:12,086 INFO image_rx_daemon: frag_arrival: seq=16 idx=1 total=13 fw_us=3528229759 len=247

2026-09-14 16:47:12,319 INFO image_rx_daemon: frag_arrival: seq=16 idx=3 total=13 fw_us=3528463929 len=247

2026-09-14 16:47:12,322 INFO image_rx_daemon: cmd 0x63 superseded while pending (after 0 attempts) — body replaced, retry budget reset

2026-09-14 16:47:12,428 INFO image_rx_daemon: frag_arrival: seq=16 idx=4 total=13 fw_us=3528580963 len=247

2026-09-14 16:47:12,548 INFO image_rx_daemon: frag_arrival: seq=16 idx=5 total=13 fw_us=3528698068 len=247

2026-09-14 16:47:12,665 INFO image_rx_daemon: frag_arrival: seq=16 idx=6 total=13 fw_us=3528815011 len=247

2026-09-14 16:47:12,784 INFO image_rx_daemon: frag_arrival: seq=16 idx=7 total=13 fw_us=3528932043 len=247

2026-09-14 16:47:12,904 INFO image_rx_daemon: frag_arrival: seq=16 idx=8 total=13 fw_us=3529048905 len=247

2026-09-14 16:47:13,012 INFO image_rx_daemon: frag_arrival: seq=16 idx=9 total=13 fw_us=3529167078 len=247

2026-09-14 16:47:13,023 INFO image_rx_daemon: cmd 0x63 superseded while pending (after 0 attempts) — body replaced, retry budget reset

2026-09-14 16:47:13,136 INFO image_rx_daemon: frag_arrival: seq=16 idx=10 total=13 fw_us=3529283055 len=247

2026-09-14 16:47:13,256 INFO image_rx_daemon: frag_arrival: seq=16 idx=11 total=13 fw_us=3529400131 len=247

2026-09-14 16:47:13,285 INFO image_rx_daemon: frag_arrival: seq=16 idx=12 total=13 fw_us=3529441919 len=73

RFCO_PERTX during TX wait: profile_id=2 tx_status=0x00(OK) hop_idx=0 channel_idx=0 epoch=0 freq_hz=0 pkt_toa_us=10304 legal_dwell_used_us_10s=0

2026-09-14 16:47:13,314 INFO image_rx_daemon: command TX opcode=0x60 copy=1/1 OK (on air)

2026-09-14 16:47:13,560 INFO image_rx_daemon: frag_arrival: seq=20 idx=0 total=13 fw_us=3529704478 len=247

2026-09-14 16:47:13,668 INFO image_rx_daemon: frag_arrival: seq=20 idx=1 total=13 fw_us=3529821196 len=247

2026-09-14 16:47:13,728 INFO image_rx_daemon: cmd 0x63 superseded while pending (after 0 attempts) — body replaced, retry budget reset

2026-09-14 16:47:13,786 INFO image_rx_daemon: frag_arrival: seq=20 idx=2 total=13 fw_us=3529938407 len=247

2026-09-14 16:47:13,786 INFO image_rx_daemon: stats: rx_frames=112 rx_decode_err=0 frames_published=4 publish_err=0 reassembler_decode_err=0 reassembler_timeouts=4 parity_recon=0 idle_drain_deferred=5 cmd_cooldown_drops=0 cmd_gate_held=0 cmd_copies_deferred=0

2026-09-14 16:47:13,787 INFO image_rx_daemon: air_gap: n=80 dt_med=117032us dt_p95=262409us len_med=247B cmd_tx_ok=2 cmd_tx_fail=0

2026-09-14 16:47:13,788 INFO image_rx_daemon: air_gap_hist(ms): <20:1 <40:1 <80:3 <120:66 <200:2 <400:7

2026-09-14 16:47:13,788 INFO image_rx_daemon: rx_rf: n_rssi=80 n_snr=80 rssi[min/med/max]=-69/-68/-67 snr[min/med/max]=5.0/6.0/6.0

2026-09-14 16:47:13,789 INFO image_rx_daemon: phase_telemetry: valid=80 invalid=0 pre_f8=0 last_epoch=0 last_hop=0 slot_off=[0..0]

2026-09-14 16:47:13,789 INFO image_rx_daemon: air_gap_by_class: seq: n=71 med=117.0ms | boundary: n=7 med=262.4ms | post_loss: n=2 med=234.2ms

2026-09-14 16:47:13,790 INFO image_rx_daemon: lost_frag_idx: n=3 idx0=0 (0.00% of idx0 arrivals) other=3 (3.95%) verdict=not-clustered | top 11:1 5:1 2:1

2026-09-14 16:47:13,910 INFO image_rx_daemon: frag_arrival: seq=20 idx=3 total=13 fw_us=3530055461 len=247

2026-09-14 16:47:14,017 INFO image_rx_daemon: frag_arrival: seq=20 idx=4 total=13 fw_us=3530172702 len=247

2026-09-14 16:47:14,136 INFO image_rx_daemon: frag_arrival: seq=20 idx=5 total=13 fw_us=3530289748 len=247

2026-09-14 16:47:14,254 INFO image_rx_daemon: frag_arrival: seq=20 idx=6 total=13 fw_us=3530406775 len=247

2026-09-14 16:47:14,372 INFO image_rx_daemon: frag_arrival: seq=20 idx=7 total=13 fw_us=3530523826 len=247

2026-09-14 16:47:14,431 INFO image_rx_daemon: cmd 0x63 superseded while pending (after 0 attempts) — body replaced, retry budget reset

2026-09-14 16:47:14,487 INFO image_rx_daemon: frag_arrival: seq=20 idx=8 total=13 fw_us=3530640757 len=247

2026-09-14 16:47:14,608 INFO image_rx_daemon: frag_arrival: seq=20 idx=9 total=13 fw_us=3530757701 len=247

2026-09-14 16:47:14,725 INFO image_rx_daemon: frag_arrival: seq=20 idx=10 total=13 fw_us=3530874744 len=247

2026-09-14 16:47:14,839 INFO image_rx_daemon: frag_arrival: seq=20 idx=11 total=13 fw_us=3530991709 len=247

2026-09-14 16:47:14,867 INFO image_rx_daemon: frag_arrival: seq=20 idx=12 total=13 fw_us=3531024295 len=47

2026-09-14 16:47:14,873 INFO image_rx_daemon: published frame_id=0 seq=20 2959 B → lifetrac/v25/video/tile_delta

RFCO_PERTX during TX wait: profile_id=2 tx_status=0x00(OK) hop_idx=0 channel_idx=0 epoch=0 freq_hz=0 pkt_toa_us=10304 legal_dwell_used_us_10s=0

2026-09-14 16:47:14,900 INFO image_rx_daemon: command TX opcode=0x60 copy=1/1 OK (on air)

2026-09-14 16:47:15,020 INFO image_rx_daemon: frag_arrival: seq=23 idx=0 total=13 fw_us=3531184136 len=247

2026-09-14 16:47:15,130 INFO image_rx_daemon: cmd 0x63 superseded while pending (after 0 attempts) — body replaced, retry budget reset

2026-09-14 16:47:15,141 INFO image_rx_daemon: frag_arrival: seq=23 idx=1 total=13 fw_us=3531300994 len=247

2026-09-14 16:47:15,272 INFO image_rx_daemon: frag_arrival: seq=23 idx=2 total=13 fw_us=3531418070 len=247

2026-09-14 16:47:15,394 INFO image_rx_daemon: frag_arrival: seq=23 idx=3 total=13 fw_us=3531535033 len=247

2026-09-14 16:47:15,500 INFO image_rx_daemon: frag_arrival: seq=23 idx=4 total=13 fw_us=3531651974 len=247

2026-09-14 16:47:15,620 INFO image_rx_daemon: frag_arrival: seq=23 idx=5 total=13 fw_us=3531768985 len=247

2026-09-14 16:47:15,705 WARNING image_rx_daemon: crc_dump: irq=0x70 rx_len=138 snr=4.5 rssi=-64 dump=37d063cb948c08a8548a5bf24b994825c0df04984fd9c3e60cfc0f2a358dcd525f068237e96f3ba4f5f4a4f815573be2471406b0d61f3dc7ef5c581b9d20539532f8421d3c5274c5d3c7d8a3d20855c24fe738f8a831da71a0a74e8012dbc747e4d10051b135a5d2bcb5e6e1f703323be7f2932b6add747576c4e17b682cc6ca0114dfabcb7a83059769

2026-09-14 16:47:15,832 INFO image_rx_daemon: cmd 0x63 superseded while pending (after 0 attempts) — body replaced, retry budget reset

2026-09-14 16:47:15,852 INFO image_rx_daemon: frag_arrival: seq=23 idx=7 total=13 fw_us=3532002926 len=247

2026-09-14 16:47:15,972 INFO image_rx_daemon: frag_arrival: seq=23 idx=8 total=13 fw_us=3532119917 len=247

2026-09-14 16:47:16,089 INFO image_rx_daemon: frag_arrival: seq=23 idx=9 total=13 fw_us=3532236959 len=247

2026-09-14 16:47:16,212 INFO image_rx_daemon: frag_arrival: seq=23 idx=10 total=13 fw_us=3532353894 len=247

2026-09-14 16:47:16,320 INFO image_rx_daemon: frag_arrival: seq=23 idx=11 total=13 fw_us=3532470823 len=247

2026-09-14 16:47:16,333 INFO image_rx_daemon: frag_arrival: seq=23 idx=12 total=13 fw_us=3532499527 len=39

RFCO_PERTX during TX wait: profile_id=2 tx_status=0x00(OK) hop_idx=0 channel_idx=0 epoch=0 freq_hz=0 pkt_toa_us=10304 legal_dwell_used_us_10s=0

2026-09-14 16:47:16,366 INFO image_rx_daemon: command TX opcode=0x63 copy=1/1 OK (on air)

2026-09-14 16:47:16,514 INFO image_rx_daemon: frag_arrival: seq=26 idx=0 total=13 fw_us=3532657952 len=247

2026-09-14 16:47:16,533 INFO image_rx_daemon: cmd 0x63 superseded while pending (after 1 attempts) — body replaced, retry budget reset

2026-09-14 16:47:16,615 INFO image_rx_daemon: frag_arrival: seq=26 idx=1 total=13 fw_us=3532774822 len=247

2026-09-14 16:47:16,748 INFO image_rx_daemon: frag_arrival: seq=26 idx=2 total=13 fw_us=3532891891 len=247

2026-09-14 16:47:16,860 INFO image_rx_daemon: frag_arrival: seq=26 idx=3 total=13 fw_us=3533008891 len=247

2026-09-14 16:47:16,979 INFO image_rx_daemon: frag_arrival: seq=26 idx=4 total=13 fw_us=3533125946 len=247

2026-09-14 16:47:17,097 INFO image_rx_daemon: frag_arrival: seq=26 idx=5 total=13 fw_us=3533242952 len=247

2026-09-14 16:47:17,216 INFO image_rx_daemon: frag_arrival: seq=26 idx=6 total=13 fw_us=3533359929 len=247

2026-09-14 16:47:17,235 INFO image_rx_daemon: cmd 0x63 superseded while pending (after 0 attempts) — body replaced, retry budget reset

2026-09-14 16:47:17,323 INFO image_rx_daemon: frag_arrival: seq=26 idx=7 total=13 fw_us=3533476978 len=247

2026-09-14 16:47:17,432 WARNING image_rx_daemon: crc_dump: irq=0x70 rx_len=255 snr=3.5 rssi=-66 dump=d41e7f580271989cca89784a5cbc71d86d5c6be32c6c970bf87dea903f1bc100942c9d7dfa964b5aab523a78c11f8e31fc41e027743579681767753420d860e39442654457b480f44f10c02588606fd90b193e2079d6ab979d19b4e4922c7350681f801b1e4fec502872a1343e39ef391cce3bbb6b4fa7253f809f4330c001096528f2808f2790ee389e67a976f91d806501110d79477841d5152d0ded9b9b22174711c3a7c5a51dd42747041ad056f295b3f98fcb4615dbe258e37f373f02ad025f7a2f1427e9f41c6f85817fef3af6bc74b0bad8581fb76d5419a12a3fe97ee36395c867f879d44977be236a580155efd812bdfe7063cca159c8

2026-09-14 16:47:17,560 INFO image_rx_daemon: frag_arrival: seq=26 idx=9 total=13 fw_us=3533710901 len=247

2026-09-14 16:47:17,680 INFO image_rx_daemon: frag_arrival: seq=26 idx=10 total=13 fw_us=3533827815 len=247

2026-09-14 16:47:17,798 INFO image_rx_daemon: frag_arrival: seq=26 idx=11 total=13 fw_us=3533944864 len=247

2026-09-14 16:47:17,799 INFO image_rx_daemon: frag_arrival: seq=26 idx=12 total=13 fw_us=3533963141 len=11

RFCO_PERTX during TX wait: profile_id=2 tx_status=0x00(OK) hop_idx=0 channel_idx=0 epoch=0 freq_hz=0 pkt_toa_us=10304 legal_dwell_used_us_10s=0

2026-09-14 16:47:17,826 INFO image_rx_daemon: command TX opcode=0x60 copy=1/1 OK (on air)

2026-09-14 16:47:17,939 INFO image_rx_daemon: cmd 0x63 superseded while pending (after 0 attempts) — body replaced, retry budget reset

2026-09-14 16:47:17,988 INFO image_rx_daemon: frag_arrival: seq=29 idx=0 total=13 fw_us=3534131937 len=247

2026-09-14 16:47:18,105 INFO image_rx_daemon: frag_arrival: seq=29 idx=1 total=13 fw_us=3534248946 len=247

2026-09-14 16:47:18,224 INFO image_rx_daemon: frag_arrival: seq=29 idx=2 total=13 fw_us=3534366051 len=247

2026-09-14 16:47:18,333 INFO image_rx_daemon: frag_arrival: seq=29 idx=3 total=13 fw_us=3534483121 len=247

2026-09-14 16:47:18,456 INFO image_rx_daemon: frag_arrival: seq=29 idx=4 total=13 fw_us=3534600131 len=247

2026-09-14 16:47:18,568 INFO image_rx_daemon: frag_arrival: seq=29 idx=5 total=13 fw_us=3534717237 len=247

2026-09-14 16:47:18,641 INFO image_rx_daemon: cmd 0x63 superseded while pending (after 0 attempts) — body replaced, retry budget reset

2026-09-14 16:47:18,688 INFO image_rx_daemon: frag_arrival: seq=29 idx=6 total=13 fw_us=3534834213 len=247

2026-09-14 16:47:18,805 INFO image_rx_daemon: frag_arrival: seq=29 idx=7 total=13 fw_us=3534951257 len=247

2026-09-14 16:47:18,924 INFO image_rx_daemon: frag_arrival: seq=29 idx=8 total=13 fw_us=3535068302 len=247

2026-09-14 16:47:19,032 INFO image_rx_daemon: frag_arrival: seq=29 idx=9 total=13 fw_us=3535185350 len=247

2026-09-14 16:47:19,161 INFO image_rx_daemon: frag_arrival: seq=29 idx=10 total=13 fw_us=3535302367 len=247

2026-09-14 16:47:19,228 WARNING image_rx_daemon: crc_dump: irq=0x70 rx_len=231 snr=1.0 rssi=-64 dump=b31cb5bc1017f3d9de451133175b85e15a99d57e7a7f4738de2d23e01c4dc175fac163566a7493870606d507d89960e25869e6769aefaca068c277ca549e2e44fafa65be2e7e258862f2f2d5bb56da264d10f51f9bfe93492f219b5f2ec909b362276405cdba8031f8cdfa805f0b219ce6cb15fa1e7d048f8218828634aecb8fac053263c8c46daa391cb0daf81ee32a27e3fb5fe3395564dbd681a9bf449a476c1ae645e12f1a7d7d1e2a72cadbaf7eae38f1e5816811b902e1e333d2d9f9e2b196ba66a00e82be2fbeda7ab20b3184415a18e45df69d50094078a648003118084756cd038710

2026-09-14 16:47:19,310 INFO image_rx_daemon: frag_arrival: seq=29 idx=12 total=13 fw_us=3535463791 len=80

RFCO_PERTX during TX wait: profile_id=2 tx_status=0x00(OK) hop_idx=0 channel_idx=0 epoch=0 freq_hz=0 pkt_toa_us=10304 legal_dwell_used_us_10s=0

2026-09-14 16:47:19,338 INFO image_rx_daemon: command TX opcode=0x63 copy=1/1 OK (on air)

2026-09-14 16:47:19,346 INFO image_rx_daemon: cmd 0x63 superseded while pending (after 1 attempts) — body replaced, retry budget reset

2026-09-14 16:47:19,563 INFO image_rx_daemon: frag_arrival: seq=32 idx=0 total=12 fw_us=3535723656 len=247

2026-09-14 16:47:19,692 INFO image_rx_daemon: frag_arrival: seq=32 idx=1 total=12 fw_us=3535840570 len=247

2026-09-14 16:47:19,810 INFO image_rx_daemon: frag_arrival: seq=32 idx=2 total=12 fw_us=3535957603 len=247

2026-09-14 16:47:19,928 INFO image_rx_daemon: frag_arrival: seq=32 idx=3 total=12 fw_us=3536074632 len=247

2026-09-14 16:47:20,043 INFO image_rx_daemon: frag_arrival: seq=32 idx=4 total=12 fw_us=3536191695 len=247

2026-09-14 16:47:20,045 INFO image_rx_daemon: cmd 0x63 superseded while pending (after 0 attempts) — body replaced, retry budget reset

2026-09-14 16:47:20,160 INFO image_rx_daemon: frag_arrival: seq=32 idx=5 total=12 fw_us=3536308682 len=247

2026-09-14 16:47:20,280 INFO image_rx_daemon: frag_arrival: seq=32 idx=6 total=12 fw_us=3536425741 len=247

2026-09-14 16:47:20,404 INFO image_rx_daemon: frag_arrival: seq=32 idx=7 total=12 fw_us=3536542628 len=247

2026-09-14 16:47:20,512 INFO image_rx_daemon: frag_arrival: seq=32 idx=8 total=12 fw_us=3536659732 len=247

2026-09-14 16:47:20,636 INFO image_rx_daemon: frag_arrival: seq=32 idx=9 total=12 fw_us=3536776555 len=247

2026-09-14 16:47:20,744 INFO image_rx_daemon: frag_arrival: seq=32 idx=10 total=12 fw_us=3536893755 len=247

2026-09-14 16:47:20,746 INFO image_rx_daemon: cmd 0x63 superseded while pending (after 0 attempts) — body replaced, retry budget reset

2026-09-14 16:47:20,856 INFO image_rx_daemon: frag_arrival: seq=32 idx=11 total=12 fw_us=3537005068 len=241

2026-09-14 16:47:20,857 INFO image_rx_daemon: published frame_id=0 seq=32 2910 B → lifetrac/v25/video/tile_delta

RFCO_PERTX during TX wait: profile_id=2 tx_status=0x00(OK) hop_idx=0 channel_idx=0 epoch=0 freq_hz=0 pkt_toa_us=10304 legal_dwell_used_us_10s=0

2026-09-14 16:47:20,885 INFO image_rx_daemon: command TX opcode=0x63 copy=1/1 OK (on air)

2026-09-14 16:47:21,050 INFO image_rx_daemon: frag_arrival: seq=35 idx=0 total=13 fw_us=3537197819 len=247

2026-09-14 16:47:21,169 INFO image_rx_daemon: frag_arrival: seq=35 idx=1 total=13 fw_us=3537314623 len=247

2026-09-14 16:47:21,288 INFO image_rx_daemon: frag_arrival: seq=35 idx=2 total=13 fw_us=3537431830 len=247

2026-09-14 16:47:21,396 INFO image_rx_daemon: frag_arrival: seq=35 idx=3 total=13 fw_us=3537548828 len=247

2026-09-14 16:47:21,449 INFO image_rx_daemon: cmd 0x63 superseded while pending (after 1 attempts) — body replaced, retry budget reset

2026-09-14 16:47:21,514 INFO image_rx_daemon: frag_arrival: seq=35 idx=4 total=13 fw_us=3537665752 len=247

2026-09-14 16:47:21,638 INFO image_rx_daemon: frag_arrival: seq=35 idx=5 total=13 fw_us=3537782776 len=247

2026-09-14 16:47:21,760 INFO image_rx_daemon: frag_arrival: seq=35 idx=6 total=13 fw_us=3537899851 len=247

2026-09-14 16:47:21,868 INFO image_rx_daemon: frag_arrival: seq=35 idx=7 total=13 fw_us=3538016831 len=247

2026-09-14 16:47:21,985 INFO image_rx_daemon: frag_arrival: seq=35 idx=8 total=13 fw_us=3538133828 len=247

2026-09-14 16:47:22,108 INFO image_rx_daemon: frag_arrival: seq=35 idx=9 total=13 fw_us=3538250660 len=247

2026-09-14 16:47:22,152 INFO image_rx_daemon: cmd 0x63 superseded while pending (after 0 attempts) — body replaced, retry budget reset

2026-09-14 16:47:22,216 INFO image_rx_daemon: frag_arrival: seq=35 idx=10 total=13 fw_us=3538367944 len=247

2026-09-14 16:47:22,335 INFO image_rx_daemon: frag_arrival: seq=35 idx=11 total=13 fw_us=3538484980 len=247

2026-09-14 16:47:22,365 INFO image_rx_daemon: frag_arrival: seq=35 idx=12 total=13 fw_us=3538526737 len=71

2026-09-14 16:47:22,369 INFO image_rx_daemon: published frame_id=0 seq=35 2983 B → lifetrac/v25/video/tile_delta

RFCO_PERTX during TX wait: profile_id=2 tx_status=0x00(OK) hop_idx=0 channel_idx=0 epoch=0 freq_hz=0 pkt_toa_us=10304 legal_dwell_used_us_10s=0

2026-09-14 16:47:22,392 INFO image_rx_daemon: command TX opcode=0x60 copy=1/1 OK (on air)

2026-09-14 16:47:22,644 INFO image_rx_daemon: frag_arrival: seq=38 idx=0 total=12 fw_us=3538789052 len=247

2026-09-14 16:47:22,761 INFO image_rx_daemon: frag_arrival: seq=38 idx=1 total=12 fw_us=3538905843 len=247

2026-09-14 16:47:22,855 INFO image_rx_daemon: cmd 0x63 superseded while pending (after 0 attempts) — body replaced, retry budget reset

2026-09-14 16:47:22,876 INFO image_rx_daemon: frag_arrival: seq=38 idx=2 total=12 fw_us=3539023026 len=247

2026-09-14 16:47:22,995 INFO image_rx_daemon: frag_arrival: seq=38 idx=3 total=12 fw_us=3539140000 len=247

2026-09-14 16:47:23,112 INFO image_rx_daemon: frag_arrival: seq=38 idx=4 total=12 fw_us=3539256785 len=247

2026-09-14 16:47:23,234 INFO image_rx_daemon: frag_arrival: seq=38 idx=5 total=12 fw_us=3539374026 len=247

2026-09-14 16:47:23,343 INFO image_rx_daemon: frag_arrival: seq=38 idx=6 total=12 fw_us=3539491052 len=247

2026-09-14 16:47:23,464 INFO image_rx_daemon: frag_arrival: seq=38 idx=7 total=12 fw_us=3539608022 len=247

2026-09-14 16:47:23,556 INFO image_rx_daemon: cmd 0x63 superseded while pending (after 0 attempts) — body replaced, retry budget reset

2026-09-14 16:47:23,590 INFO image_rx_daemon: frag_arrival: seq=38 idx=8 total=12 fw_us=3539726078 len=247

2026-09-14 16:47:23,697 INFO image_rx_daemon: frag_arrival: seq=38 idx=9 total=12 fw_us=3539841760 len=247

2026-09-14 16:47:23,815 INFO image_rx_daemon: stats: rx_frames=194 rx_decode_err=0 frames_published=7 publish_err=0 reassembler_decode_err=0 reassembler_timeouts=8 parity_recon=0 idle_drain_deferred=5 cmd_cooldown_drops=0 cmd_gate_held=0 cmd_copies_deferred=0

2026-09-14 16:47:23,816 INFO image_rx_daemon: frag_arrival: seq=38 idx=10 total=12 fw_us=3539958973 len=247

2026-09-14 16:47:23,817 INFO image_rx_daemon: air_gap: n=82 dt_med=117027us dt_p95=192751us len_med=247B cmd_tx_ok=8 cmd_tx_fail=0

2026-09-14 16:47:23,818 INFO image_rx_daemon: air_gap_hist(ms): <20:1 <40:2 <80:1 <120:69 <200:5 <400:4

2026-09-14 16:47:23,819 INFO image_rx_daemon: rx_rf: n_rssi=82 n_snr=82 rssi[min/med/max]=-69/-68/-67 snr[min/med/max]=5.0/6.0/7.0

2026-09-14 16:47:23,819 INFO image_rx_daemon: phase_telemetry: valid=82 invalid=0 pre_f8=0 last_epoch=0 last_hop=0 slot_off=[0..0]

2026-09-14 16:47:23,819 INFO image_rx_daemon: air_gap_by_class: seq: n=73 med=117.0ms | boundary: n=6 med=192.8ms | post_loss: n=3 med=233.9ms

2026-09-14 16:47:23,820 INFO image_rx_daemon: lost_frag_idx: n=3 idx0=0 (0.00% of idx0 arrivals) other=3 (3.80%) verdict=not-clustered | top 6:1 8:1 11:1

2026-09-14 16:47:23,920 WARNING image_rx_daemon: crc_dump: irq=0x70 rx_len=255 snr=1.0 rssi=-64 dump=010200000000003ab72497db965a728f6ffff6dad50fdb9edb9f94b9023a617d481c57c97892e7ae98e8cd7fca09f08d5641cde0951cf02fd4492971868329c91ce33c2543cdcfbf085682aa8c678a7baa41b277a9bcc3005bac8946ce6cb24bde534d0eba2f12029790104e95f296766c08da40aa596aa745aeda72a5b4d6ad37b1211c111e2a5194144ddff80624fe5705961f2d36a0b6f93c87c038b318d34604e263133740f502c0a07a052bc656f4be6acbcd6909b0efa61a8aa3722c193b802a613224065cd675f9bdc6a0ac1051346fad07f810f1f78675432a8ea703b7ce98183658a93fbfebc82e2796a0f86886291ae276f109198964

2026-09-14 16:47:24,124 INFO image_rx_daemon: frag_arrival: seq=41 idx=0 total=13 fw_us=3540262707 len=247

2026-09-14 16:47:24,236 INFO image_rx_daemon: frag_arrival: seq=41 idx=1 total=13 fw_us=3540379730 len=247

2026-09-14 16:47:24,257 INFO image_rx_daemon: cmd 0x63 superseded while pending (after 0 attempts) — body replaced, retry budget reset

2026-09-14 16:47:24,344 INFO image_rx_daemon: frag_arrival: seq=41 idx=2 total=13 fw_us=3540496778 len=247

2026-09-14 16:47:24,455 INFO image_rx_daemon: frag_arrival: seq=41 idx=3 total=13 fw_us=3540613812 len=247

2026-09-14 16:47:24,584 INFO image_rx_daemon: frag_arrival: seq=41 idx=4 total=13 fw_us=3540730746 len=247

2026-09-14 16:47:24,704 INFO image_rx_daemon: frag_arrival: seq=41 idx=5 total=13 fw_us=3540847832 len=247

2026-09-14 16:47:24,817 INFO image_rx_daemon: frag_arrival: seq=41 idx=6 total=13 fw_us=3540964850 len=247

2026-09-14 16:47:24,926 INFO image_rx_daemon: frag_arrival: seq=41 idx=7 total=13 fw_us=3541082081 len=247

2026-09-14 16:47:24,957 INFO image_rx_daemon: cmd 0x63 superseded while pending (after 0 attempts) — body replaced, retry budget reset

2026-09-14 16:47:25,054 INFO image_rx_daemon: frag_arrival: seq=41 idx=8 total=13 fw_us=3541199212 len=247

2026-09-14 16:47:25,173 INFO image_rx_daemon: frag_arrival: seq=41 idx=9 total=13 fw_us=3541316025 len=247

2026-09-14 16:47:25,292 INFO image_rx_daemon: frag_arrival: seq=41 idx=10 total=13 fw_us=3541433229 len=247

2026-09-14 16:47:25,400 INFO image_rx_daemon: frag_arrival: seq=41 idx=11 total=13 fw_us=3541550207 len=247

2026-09-14 16:47:25,402 INFO image_rx_daemon: frag_arrival: seq=41 idx=12 total=13 fw_us=3541573649 len=22

2026-09-14 16:47:25,403 INFO image_rx_daemon: published frame_id=0 seq=41 2934 B → lifetrac/v25/video/tile_delta

RFCO_PERTX during TX wait: profile_id=2 tx_status=0x00(OK) hop_idx=0 channel_idx=0 epoch=0 freq_hz=0 pkt_toa_us=10304 legal_dwell_used_us_10s=0

2026-09-14 16:47:25,434 INFO image_rx_daemon: command TX opcode=0x63 copy=1/1 OK (on air)

2026-09-14 16:47:25,605 INFO image_rx_daemon: frag_arrival: seq=44 idx=0 total=13 fw_us=3541752192 len=247

2026-09-14 16:47:25,660 INFO image_rx_daemon: cmd 0x63 superseded while pending (after 1 attempts) — body replaced, retry budget reset

2026-09-14 16:47:25,724 INFO image_rx_daemon: frag_arrival: seq=44 idx=1 total=13 fw_us=3541869233 len=247

2026-09-14 16:47:25,844 INFO image_rx_daemon: frag_arrival: seq=44 idx=2 total=13 fw_us=3541986294 len=247

2026-09-14 16:47:25,956 INFO image_rx_daemon: frag_arrival: seq=44 idx=3 total=13 fw_us=3542103334 len=247

2026-09-14 16:47:26,076 INFO image_rx_daemon: frag_arrival: seq=44 idx=4 total=13 fw_us=3542220380 len=247

2026-09-14 16:47:26,209 INFO image_rx_daemon: frag_arrival: seq=44 idx=5 total=13 fw_us=3542337322 len=247

2026-09-14 16:47:26,306 INFO image_rx_daemon: frag_arrival: seq=44 idx=6 total=13 fw_us=3542454589 len=247

2026-09-14 16:47:26,369 INFO image_rx_daemon: cmd 0x63 superseded while pending (after 0 attempts) — body replaced, retry budget reset

2026-09-14 16:47:26,428 INFO image_rx_daemon: frag_arrival: seq=44 idx=7 total=13 fw_us=3542571644 len=247

2026-09-14 16:47:26,548 INFO image_rx_daemon: frag_arrival: seq=44 idx=8 total=13 fw_us=3542688693 len=247

2026-09-14 16:47:26,656 INFO image_rx_daemon: frag_arrival: seq=44 idx=9 total=13 fw_us=3542805668 len=247

2026-09-14 16:47:26,780 INFO image_rx_daemon: frag_arrival: seq=44 idx=10 total=13 fw_us=3542922708 len=247

2026-09-14 16:47:26,890 INFO image_rx_daemon: frag_arrival: seq=44 idx=11 total=13 fw_us=3543039713 len=247

2026-09-14 16:47:26,902 INFO image_rx_daemon: frag_arrival: seq=44 idx=12 total=13 fw_us=3543069722 len=41

2026-09-14 16:47:26,905 INFO image_rx_daemon: published frame_id=0 seq=44 2953 B → lifetrac/v25/video/tile_delta

RFCO_PERTX during TX wait: profile_id=2 tx_status=0x00(OK) hop_idx=0 channel_idx=0 epoch=0 freq_hz=0 pkt_toa_us=10304 legal_dwell_used_us_10s=0

2026-09-14 16:47:26,936 INFO image_rx_daemon: command TX opcode=0x63 copy=1/1 OK (on air)

2026-09-14 16:47:27,077 INFO image_rx_daemon: frag_arrival: seq=47 idx=0 total=13 fw_us=3543228078 len=247

2026-09-14 16:47:27,077 INFO image_rx_daemon: cmd 0x63 superseded while pending (after 1 attempts) — body replaced, retry budget reset

2026-09-14 16:47:27,196 INFO image_rx_daemon: frag_arrival: seq=47 idx=1 total=13 fw_us=3543344005 len=247

2026-09-14 16:47:27,320 INFO image_rx_daemon: frag_arrival: seq=47 idx=2 total=13 fw_us=3543461067 len=247

2026-09-14 16:47:27,432 INFO image_rx_daemon: frag_arrival: seq=47 idx=3 total=13 fw_us=3543578032 len=247

2026-09-14 16:47:27,549 INFO image_rx_daemon: frag_arrival: seq=47 idx=4 total=13 fw_us=3543695029 len=247

2026-09-14 16:47:27,668 INFO image_rx_daemon: frag_arrival: seq=47 idx=5 total=13 fw_us=3543811960 len=247

2026-09-14 16:47:27,771 INFO image_rx_daemon: cmd 0x63 superseded while pending (after 0 attempts) — body replaced, retry budget reset

2026-09-14 16:47:27,776 INFO image_rx_daemon: frag_arrival: seq=47 idx=6 total=13 fw_us=3543928939 len=247

2026-09-14 16:47:27,899 INFO image_rx_daemon: frag_arrival: seq=47 idx=7 total=13 fw_us=3544045937 len=247

2026-09-14 16:47:28,016 INFO image_rx_daemon: frag_arrival: seq=47 idx=8 total=13 fw_us=3544162947 len=247

2026-09-14 16:47:28,136 INFO image_rx_daemon: frag_arrival: seq=47 idx=9 total=13 fw_us=3544279909 len=247

2026-09-14 16:47:28,247 INFO image_rx_daemon: frag_arrival: seq=47 idx=10 total=13 fw_us=3544396909 len=247

2026-09-14 16:47:28,364 INFO image_rx_daemon: frag_arrival: seq=47 idx=11 total=13 fw_us=3544513898 len=247

2026-09-14 16:47:28,377 INFO image_rx_daemon: frag_arrival: seq=47 idx=12 total=13 fw_us=3544542601 len=37

2026-09-14 16:47:28,379 INFO image_rx_daemon: published frame_id=0 seq=47 2949 B → lifetrac/v25/video/tile_delta

RFCO_PERTX during TX wait: profile_id=2 tx_status=0x00(OK) hop_idx=0 channel_idx=0 epoch=0 freq_hz=0 pkt_toa_us=10304 legal_dwell_used_us_10s=0

2026-09-14 16:47:28,412 INFO image_rx_daemon: command TX opcode=0x63 copy=1/1 OK (on air)

2026-09-14 16:47:28,474 INFO image_rx_daemon: cmd 0x63 superseded while pending (after 1 attempts) — body replaced, retry budget reset

2026-09-14 16:47:28,556 INFO image_rx_daemon: frag_arrival: seq=50 idx=0 total=13 fw_us=3544702078 len=247

2026-09-14 16:47:28,674 INFO image_rx_daemon: frag_arrival: seq=50 idx=1 total=13 fw_us=3544818067 len=247

2026-09-14 16:47:28,793 INFO image_rx_daemon: frag_arrival: seq=50 idx=2 total=13 fw_us=3544935081 len=247

2026-09-14 16:47:28,900 INFO image_rx_daemon: frag_arrival: seq=50 idx=3 total=13 fw_us=3545052135 len=247

2026-09-14 16:47:29,009 INFO image_rx_daemon: frag_arrival: seq=50 idx=4 total=13 fw_us=3545169147 len=247

2026-09-14 16:47:29,144 INFO image_rx_daemon: frag_arrival: seq=50 idx=5 total=13 fw_us=3545286164 len=247

2026-09-14 16:47:29,175 INFO image_rx_daemon: cmd 0x63 superseded while pending (after 0 attempts) — body replaced, retry budget reset

2026-09-14 16:47:29,256 INFO image_rx_daemon: frag_arrival: seq=50 idx=6 total=13 fw_us=3545403210 len=247

2026-09-14 16:47:29,375 INFO image_rx_daemon: frag_arrival: seq=50 idx=7 total=13 fw_us=3545520303 len=247

2026-09-14 16:47:29,493 INFO image_rx_daemon: frag_arrival: seq=50 idx=8 total=13 fw_us=3545637338 len=247

2026-09-14 16:47:29,612 INFO image_rx_daemon: frag_arrival: seq=50 idx=9 total=13 fw_us=3545754376 len=247

2026-09-14 16:47:29,720 INFO image_rx_daemon: frag_arrival: seq=50 idx=10 total=13 fw_us=3545871364 len=247

2026-09-14 16:47:29,840 INFO image_rx_daemon: frag_arrival: seq=50 idx=11 total=13 fw_us=3545988404 len=247

2026-09-14 16:47:29,854 INFO image_rx_daemon: frag_arrival: seq=50 idx=12 total=13 fw_us=3546018408 len=41

2026-09-14 16:47:29,857 INFO image_rx_daemon: published frame_id=0 seq=50 2953 B → lifetrac/v25/video/tile_delta

RFCO_PERTX during TX wait: profile_id=2 tx_status=0x00(OK) hop_idx=0 channel_idx=0 epoch=0 freq_hz=0 pkt_toa_us=10304 legal_dwell_used_us_10s=0

2026-09-14 16:47:29,884 INFO image_rx_daemon: command TX opcode=0x60 copy=1/1 OK (on air)

2026-09-14 16:47:29,885 INFO image_rx_daemon: cmd 0x63 superseded while pending (after 0 attempts) — body replaced, retry budget reset

2026-09-14 16:47:30,015 INFO image_rx_daemon: frag_arrival: seq=53 idx=0 total=13 fw_us=3546175413 len=247

2026-09-14 16:47:30,148 INFO image_rx_daemon: frag_arrival: seq=53 idx=1 total=13 fw_us=3546292461 len=247

2026-09-14 16:47:30,265 INFO image_rx_daemon: frag_arrival: seq=53 idx=2 total=13 fw_us=3546409540 len=247

2026-09-14 16:47:30,371 INFO image_rx_daemon: frag_arrival: seq=53 idx=3 total=13 fw_us=3546526712 len=247

2026-09-14 16:47:30,501 INFO image_rx_daemon: frag_arrival: seq=53 idx=4 total=13 fw_us=3546643690 len=247

2026-09-14 16:47:30,583 INFO image_rx_daemon: cmd 0x63 superseded while pending (after 0 attempts) — body replaced, retry budget reset

2026-09-14 16:47:30,624 INFO image_rx_daemon: frag_arrival: seq=53 idx=5 total=13 fw_us=3546760666 len=247

2026-09-14 16:47:30,732 INFO image_rx_daemon: frag_arrival: seq=53 idx=6 total=13 fw_us=3546877662 len=247

2026-09-14 16:47:30,849 INFO image_rx_daemon: frag_arrival: seq=53 idx=7 total=13 fw_us=3546994707 len=247

2026-09-14 16:47:30,972 INFO image_rx_daemon: frag_arrival: seq=53 idx=8 total=13 fw_us=3547111664 len=247

2026-09-14 16:47:31,080 INFO image_rx_daemon: frag_arrival: seq=53 idx=9 total=13 fw_us=3547228601 len=247

2026-09-14 16:47:31,197 INFO image_rx_daemon: frag_arrival: seq=53 idx=10 total=13 fw_us=3547345604 len=247

2026-09-14 16:47:31,284 INFO image_rx_daemon: cmd 0x63 superseded while pending (after 0 attempts) — body replaced, retry budget reset

2026-09-14 16:47:31,320 INFO image_rx_daemon: frag_arrival: seq=53 idx=11 total=13 fw_us=3547462605 len=247

2026-09-14 16:47:31,350 INFO image_rx_daemon: frag_arrival: seq=53 idx=12 total=13 fw_us=3547506959 len=79

2026-09-14 16:47:31,353 INFO image_rx_daemon: cmd 0x60 CONVERGED after 6 attempts (20.4 s): keyframe received (UNVERIFIED delivery — keyframe may be encoder-initiated)

2026-09-14 16:47:31,354 INFO image_rx_daemon: published frame_id=0 seq=53 2991 B → lifetrac/v25/video/tile_delta

RFCO_PERTX during TX wait: profile_id=2 tx_status=0x00(OK) hop_idx=0 channel_idx=0 epoch=0 freq_hz=0 pkt_toa_us=10304 legal_dwell_used_us_10s=0

2026-09-14 16:47:31,381 INFO image_rx_daemon: command TX opcode=0x63 copy=1/1 OK (on air)

2026-09-14 16:47:31,620 INFO image_rx_daemon: frag_arrival: seq=59 idx=0 total=13 fw_us=3547766574 len=247

2026-09-14 16:47:31,740 INFO image_rx_daemon: frag_arrival: seq=59 idx=1 total=13 fw_us=3547883326 len=247

2026-09-14 16:47:31,859 INFO image_rx_daemon: frag_arrival: seq=59 idx=2 total=13 fw_us=3548000507 len=247

2026-09-14 16:47:31,972 INFO image_rx_daemon: frag_arrival: seq=59 idx=3 total=13 fw_us=3548117580 len=247

2026-09-14 16:47:31,985 INFO image_rx_daemon: cmd 0x63 superseded while pending (after 1 attempts) — body replaced, retry budget reset

2026-09-14 16:47:32,089 INFO image_rx_daemon: frag_arrival: seq=59 idx=4 total=13 fw_us=3548234438 len=247

2026-09-14 16:47:32,208 INFO image_rx_daemon: frag_arrival: seq=59 idx=5 total=13 fw_us=3548351564 len=247

2026-09-14 16:47:32,332 INFO image_rx_daemon: frag_arrival: seq=59 idx=6 total=13 fw_us=3548468574 len=247

2026-09-14 16:47:32,440 INFO image_rx_daemon: frag_arrival: seq=59 idx=7 total=13 fw_us=3548585491 len=247

2026-09-14 16:47:32,536 WARNING image_rx_daemon: crc_dump: irq=0x70 rx_len=255 snr=0.8 rssi=-65 dump=9e82dbdf53455c5511f1d5db228a9218933a26cdcab302d0b14626905b423306014d81b7db12e208ff7c51da72ed76f401ac87cc13822986c230ed5e98af2867ac17b991f4edcfd28c0646b38b6672f69d1ec803a109ecd3ea960c4c13a78a48b6815626f8073f9bf2632aaa6dc4617523ecace9f517c690e30791c6b2915109c4343f7938a048f5a6b1b644b44854a84b7a4a27c5b3b1c11890e1b0f2bf2097607b2d91011a7073baa18761ac88f44d5892a69dbd7be15542b3d7df9c43dc6c87cac676f0699b5a975c4b35b31f0ae7f7e15e61a6a20b5e751ec573c55cd6fec44157c7990ac24780872d86d3fe25477d44b5c0ce130c959941b9

2026-09-14 16:47:32,676 INFO image_rx_daemon: frag_arrival: seq=59 idx=9 total=13 fw_us=3548819496 len=247

2026-09-14 16:47:32,685 INFO image_rx_daemon: cmd 0x63 superseded while pending (after 0 attempts) — body replaced, retry budget reset

2026-09-14 16:47:32,908 INFO image_rx_daemon: frag_arrival: seq=59 idx=11 total=13 fw_us=3549053700 len=247

2026-09-14 16:47:32,944 INFO image_rx_daemon: frag_arrival: seq=59 idx=12 total=13 fw_us=3549099078 len=81

RFCO_PERTX during TX wait: profile_id=2 tx_status=0x00(OK) hop_idx=0 channel_idx=0 epoch=0 freq_hz=0 pkt_toa_us=10304 legal_dwell_used_us_10s=0

2026-09-14 16:47:32,970 INFO image_rx_daemon: command TX opcode=0x63 copy=1/1 OK (on air)

2026-09-14 16:47:33,213 INFO image_rx_daemon: frag_arrival: seq=60 idx=0 total=12 fw_us=3549357779 len=247

2026-09-14 16:47:33,331 INFO image_rx_daemon: frag_arrival: seq=60 idx=1 total=12 fw_us=3549474345 len=247

2026-09-14 16:47:33,390 INFO image_rx_daemon: cmd 0x63 superseded while pending (after 1 attempts) — body replaced, retry budget reset

2026-09-14 16:47:33,452 INFO image_rx_daemon: frag_arrival: seq=60 idx=2 total=12 fw_us=3549591742 len=247

2026-09-14 16:47:33,563 INFO image_rx_daemon: frag_arrival: seq=60 idx=3 total=12 fw_us=3549708704 len=247

2026-09-14 16:47:33,681 INFO image_rx_daemon: frag_arrival: seq=60 idx=4 total=12 fw_us=3549825584 len=247

2026-09-14 16:47:33,798 INFO image_rx_daemon: frag_arrival: seq=60 idx=5 total=12 fw_us=3549942663 len=247

2026-09-14 16:47:33,822 INFO image_rx_daemon: stats: rx_frames=277 rx_decode_err=0 frames_published=12 publish_err=0 reassembler_decode_err=0 reassembler_timeouts=9 parity_recon=0 idle_drain_deferred=5 cmd_cooldown_drops=0 cmd_gate_held=0 cmd_copies_deferred=0

2026-09-14 16:47:33,823 INFO image_rx_daemon: air_gap: n=82 dt_med=117018us dt_p95=234005us len_med=247B cmd_tx_ok=14 cmd_tx_fail=0

2026-09-14 16:47:33,823 INFO image_rx_daemon: air_gap_hist(ms): <40:4 <80:2 <120:67 <200:4 <400:5

2026-09-14 16:47:33,824 INFO image_rx_daemon: rx_rf: n_rssi=82 n_snr=82 rssi[min/med/max]=-70/-68/-67 snr[min/med/max]=5.0/6.0/7.0

2026-09-14 16:47:33,824 INFO image_rx_daemon: phase_telemetry: valid=82 invalid=0 pre_f8=0 last_epoch=0 last_hop=0 slot_off=[0..0]

2026-09-14 16:47:33,825 INFO image_rx_daemon: air_gap_by_class: seq: n=73 med=117.0ms | boundary: n=7 med=178.5ms | post_loss: n=2 med=234.2ms

2026-09-14 16:47:33,825 INFO image_rx_daemon: lost_frag_idx: n=3 idx0=0 (0.00% of idx0 arrivals) other=3 (3.85%) verdict=not-clustered | top 11:1 8:1 10:1

2026-09-14 16:47:33,916 INFO image_rx_daemon: frag_arrival: seq=60 idx=6 total=12 fw_us=3550059578 len=247

2026-09-14 16:47:34,024 INFO image_rx_daemon: frag_arrival: seq=60 idx=7 total=12 fw_us=3550176466 len=247

2026-09-14 16:47:34,093 INFO image_rx_daemon: cmd 0x63 superseded while pending (after 0 attempts) — body replaced, retry budget reset

2026-09-14 16:47:34,152 INFO image_rx_daemon: frag_arrival: seq=60 idx=8 total=12 fw_us=3550293491 len=247

2026-09-14 16:47:34,260 INFO image_rx_daemon: frag_arrival: seq=60 idx=9 total=12 fw_us=3550410407 len=247

2026-09-14 16:47:34,380 INFO image_rx_daemon: frag_arrival: seq=60 idx=10 total=12 fw_us=3550527554 len=247

2026-09-14 16:47:34,476 WARNING image_rx_daemon: crc_dump: irq=0x70 rx_len=255 snr=-0.8 rssi=-65 dump=01020000000000a0158c4c6ff06caeb66124edea13bb4f6d9d7f7beeb7f6c4b09c1aecb130beb625e53c20c361d759d2ea1ca29bf7cc9b4dff1ed4e9b5043f401db219eb09bc68df3d50210c3a910b4aa37b2347f2b514992c055ad549a25ab5e1ef0bcedd8b5da190aae75f9fd919df5d3fcb8d6083d1acf7cbfa2c3f42b8b16908d85670ead82fc339de3679fbb71231ad0cd73a644b7e9eb3b27b707dc0ce6e7df7e75448b9fb73f04334e2e977a8ea83c33e6c5d2bbac97db8a6340b4d31608eb4c493a0861453664d9633ff573244a80c8eed0ce6ed76e99721107c6fef5180afcc4b156f95935a559552f16d20fda3b82c021810da0f3ad1

2026-09-14 16:47:34,689 INFO image_rx_daemon: frag_arrival: seq=62 idx=0 total=12 fw_us=3550831403 len=247

2026-09-14 16:47:34,800 INFO image_rx_daemon: cmd 0x63 superseded while pending (after 0 attempts) — body replaced, retry budget reset

2026-09-14 16:47:34,801 INFO image_rx_daemon: frag_arrival: seq=62 idx=1 total=12 fw_us=3550948131 len=247

2026-09-14 16:47:34,919 INFO image_rx_daemon: frag_arrival: seq=62 idx=2 total=12 fw_us=3551065449 len=247

2026-09-14 16:47:35,031 INFO image_rx_daemon: frag_arrival: seq=62 idx=3 total=12 fw_us=3551182445 len=247

2026-09-14 16:47:35,156 INFO image_rx_daemon: frag_arrival: seq=62 idx=4 total=12 fw_us=3551299328 len=247

2026-09-14 16:47:35,276 INFO image_rx_daemon: frag_arrival: seq=62 idx=5 total=12 fw_us=3551416462 len=247

2026-09-14 16:47:35,384 INFO image_rx_daemon: frag_arrival: seq=62 idx=6 total=12 fw_us=3551533273 len=247

2026-09-14 16:47:35,501 INFO image_rx_daemon: frag_arrival: seq=62 idx=7 total=12 fw_us=3551650470 len=247

2026-09-14 16:47:35,503 INFO image_rx_daemon: cmd 0x63 superseded while pending (after 0 attempts) — body replaced, retry budget reset

2026-09-14 16:47:35,624 INFO image_rx_daemon: frag_arrival: seq=62 idx=8 total=12 fw_us=3551767641 len=247

2026-09-14 16:47:35,731 INFO image_rx_daemon: frag_arrival: seq=62 idx=9 total=12 fw_us=3551884530 len=247

2026-09-14 16:47:35,858 INFO image_rx_daemon: frag_arrival: seq=62 idx=10 total=12 fw_us=3552001753 len=247

2026-09-14 16:47:35,976 INFO image_rx_daemon: frag_arrival: seq=62 idx=11 total=12 fw_us=3552118642 len=246

2026-09-14 16:47:35,978 INFO image_rx_daemon: published frame_id=0 seq=62 2915 B → lifetrac/v25/video/tile_delta

RFCO_PERTX during TX wait: profile_id=2 tx_status=0x00(OK) hop_idx=0 channel_idx=0 epoch=0 freq_hz=0 pkt_toa_us=10304 legal_dwell_used_us_10s=0

2026-09-14 16:47:36,006 INFO image_rx_daemon: command TX opcode=0x60 copy=1/1 OK (on air)

2026-09-14 16:47:36,157 INFO image_rx_daemon: frag_arrival: seq=65 idx=0 total=13 fw_us=3552305454 len=247

2026-09-14 16:47:36,200 INFO image_rx_daemon: cmd 0x63 superseded while pending (after 0 attempts) — body replaced, retry budget reset

2026-09-14 16:47:36,276 INFO image_rx_daemon: frag_arrival: seq=65 idx=1 total=13 fw_us=3552422301 len=247

2026-09-14 16:47:36,400 INFO image_rx_daemon: frag_arrival: seq=65 idx=2 total=13 fw_us=3552539485 len=247

2026-09-14 16:47:36,508 INFO image_rx_daemon: frag_arrival: seq=65 idx=3 total=13 fw_us=3552656500 len=247

2026-09-14 16:47:36,625 INFO image_rx_daemon: frag_arrival: seq=65 idx=4 total=13 fw_us=3552773324 len=247

2026-09-14 16:47:36,724 WARNING image_rx_daemon: crc_dump: irq=0x70 rx_len=255 snr=1.8 rssi=-65 dump=cd138d9edffa63937ab6df9df8a01611d78a1c0e96b83397d4efd482da812747db7f3b71e2c4c94e04c5a6f7e7a66bb6bd72fe70b01b721b158761b12552b14f85178fba1e0e270d616590d8fd85961f0ebbf93b63597b5493c97d677df65cc99abf31150e515f185bf360ae636579486501b5547687a9b65d061abdd15921d355277eda6adf75db71627159fd63fc3e81c163874cbc7a289529a6c6e96ca7398e568e24cd78110b2dbe7935a99e382142c38edd05272da5d9f7244ec00d179a7ae77f8d760ada9f846cf2a325381f9ecad22cab3a0661f91041a29c10e5964c3ddbca0aa14534fed2ad5714dc2b294003f77477cd3d9edaf1db44

2026-09-14 16:47:36,862 INFO image_rx_daemon: frag_arrival: seq=65 idx=6 total=13 fw_us=3553007625 len=247

2026-09-14 16:47:36,904 INFO image_rx_daemon: cmd 0x63 superseded while pending (after 0 attempts) — body replaced, retry budget reset

2026-09-14 16:47:36,984 INFO image_rx_daemon: frag_arrival: seq=65 idx=7 total=13 fw_us=3553124720 len=247

2026-09-14 16:47:37,092 INFO image_rx_daemon: frag_arrival: seq=65 idx=8 total=13 fw_us=3553241558 len=247

2026-09-14 16:47:37,214 INFO image_rx_daemon: frag_arrival: seq=65 idx=9 total=13 fw_us=3553358799 len=247

2026-09-14 16:47:37,332 INFO image_rx_daemon: frag_arrival: seq=65 idx=10 total=13 fw_us=3553475843 len=247

2026-09-14 16:47:37,452 INFO image_rx_daemon: frag_arrival: seq=65 idx=11 total=13 fw_us=3553592882 len=247

2026-09-14 16:47:37,482 INFO image_rx_daemon: frag_arrival: seq=65 idx=12 total=13 fw_us=3553634662 len=73

RFCO_PERTX during TX wait: profile_id=2 tx_status=0x00(OK) hop_idx=0 channel_idx=0 epoch=0 freq_hz=0 pkt_toa_us=10304 legal_dwell_used_us_10s=0

2026-09-14 16:47:37,510 INFO image_rx_daemon: command TX opcode=0x60 copy=1/1 OK (on air)

2026-09-14 16:47:37,606 INFO image_rx_daemon: cmd 0x63 superseded while pending (after 0 attempts) — body replaced, retry budget reset

2026-09-14 16:47:37,760 INFO image_rx_daemon: frag_arrival: seq=71 idx=0 total=13 fw_us=3553896825 len=247

2026-09-14 16:47:37,861 INFO image_rx_daemon: frag_arrival: seq=71 idx=1 total=13 fw_us=3554013644 len=247

2026-09-14 16:47:37,990 INFO image_rx_daemon: frag_arrival: seq=71 idx=2 total=13 fw_us=3554130797 len=247

2026-09-14 16:47:38,097 INFO image_rx_daemon: frag_arrival: seq=71 idx=3 total=13 fw_us=3554247794 len=247

2026-09-14 16:47:38,222 INFO image_rx_daemon: frag_arrival: seq=71 idx=4 total=13 fw_us=3554364854 len=247

2026-09-14 16:47:38,308 INFO image_rx_daemon: cmd 0x63 superseded while pending (after 0 attempts) — body replaced, retry budget reset

2026-09-14 16:47:38,333 INFO image_rx_daemon: frag_arrival: seq=71 idx=5 total=13 fw_us=3554481895 len=247

2026-09-14 16:47:38,456 INFO image_rx_daemon: frag_arrival: seq=71 idx=6 total=13 fw_us=3554598869 len=247

2026-09-14 16:47:38,576 INFO image_rx_daemon: frag_arrival: seq=71 idx=7 total=13 fw_us=3554715755 len=247

2026-09-14 16:47:38,688 INFO image_rx_daemon: frag_arrival: seq=71 idx=8 total=13 fw_us=3554832830 len=247

2026-09-14 16:47:38,808 INFO image_rx_daemon: frag_arrival: seq=71 idx=9 total=13 fw_us=3554949741 len=247

2026-09-14 16:47:38,925 INFO image_rx_daemon: frag_arrival: seq=71 idx=10 total=13 fw_us=3555066889 len=247

2026-09-14 16:47:39,008 INFO image_rx_daemon: cmd 0x63 superseded while pending (after 0 attempts) — body replaced, retry budget reset

2026-09-14 16:47:39,026 INFO image_rx_daemon: frag_arrival: seq=71 idx=11 total=13 fw_us=3555183817 len=247

2026-09-14 16:47:39,065 INFO image_rx_daemon: frag_arrival: seq=71 idx=12 total=13 fw_us=3555221692 len=63

2026-09-14 16:47:39,069 INFO image_rx_daemon: published frame_id=0 seq=71 2975 B → lifetrac/v25/video/tile_delta

RFCO_PERTX during TX wait: profile_id=2 tx_status=0x00(OK) hop_idx=0 channel_idx=0 epoch=0 freq_hz=0 pkt_toa_us=10304 legal_dwell_used_us_10s=0

2026-09-14 16:47:39,096 INFO image_rx_daemon: command TX opcode=0x60 copy=1/1 OK (on air)

2026-09-14 16:47:39,341 INFO image_rx_daemon: frag_arrival: seq=72 idx=0 total=13 fw_us=3555487772 len=247

2026-09-14 16:47:39,466 INFO image_rx_daemon: frag_arrival: seq=72 idx=1 total=13 fw_us=3555604722 len=247

2026-09-14 16:47:39,580 INFO image_rx_daemon: frag_arrival: seq=72 idx=2 total=13 fw_us=3555721810 len=247

2026-09-14 16:47:39,700 INFO image_rx_daemon: frag_arrival: seq=72 idx=3 total=13 fw_us=3555838676 len=247

2026-09-14 16:47:39,708 INFO image_rx_daemon: cmd 0x63 superseded while pending (after 0 attempts) — body replaced, retry budget reset

2026-09-14 16:47:39,796 WARNING image_rx_daemon: crc_dump: irq=0x70 rx_len=255 snr=-1.2 rssi=-66 dump=14e592723eb86f992c9851ec51aba0a5583949e0554e75f51e33ec1a14a5c1eb29d8432b08690c8b0a7568b3d84879260db60dcd16bff64d78dc952c2ffb70e12ddaefba4886742ccfc65ef26dc285f2cc17e177a13f4e265a450f924cbbca8b6e50e27372859365995f4077fb4d9e70a6525611cb9bb2e1e1d0c22b8d8ea484e73b10e275bb9eced0b7aba952c122728f84a1200c684e02a8c7f81ced09ac5de67dc6e07b7d728c36aba1bd5ef8b886d0f38f82ca53a7900a3a329603383ab9c9e10ab4e9d18bb6dde97e06a39c42d19fa3892a0e0e1a0e068f31b744f483df3ecfb4a5cd742671dcd1a476b6bf7592f53aaf84602d56cd736627

2026-09-14 16:47:39,928 INFO image_rx_daemon: frag_arrival: seq=72 idx=5 total=13 fw_us=3556072788 len=247

2026-09-14 16:47:40,045 INFO image_rx_daemon: frag_arrival: seq=72 idx=6 total=13 fw_us=3556189618 len=247

2026-09-14 16:47:40,164 INFO image_rx_daemon: frag_arrival: seq=72 idx=7 total=13 fw_us=3556306729 len=247

2026-09-14 16:47:40,281 INFO image_rx_daemon: frag_arrival: seq=72 idx=8 total=13 fw_us=3556423740 len=247

2026-09-14 16:47:40,392 INFO image_rx_daemon: frag_arrival: seq=72 idx=9 total=13 fw_us=3556540631 len=247

2026-09-14 16:47:40,411 INFO image_rx_daemon: cmd 0x63 superseded while pending (after 0 attempts) — body replaced, retry budget reset

2026-09-14 16:47:40,509 INFO image_rx_daemon: frag_arrival: seq=72 idx=10 total=13 fw_us=3556657760 len=247

2026-09-14 16:47:40,628 INFO image_rx_daemon: frag_arrival: seq=72 idx=11 total=13 fw_us=3556774666 len=247

2026-09-14 16:47:40,658 INFO image_rx_daemon: frag_arrival: seq=72 idx=12 total=13 fw_us=3556816476 len=74

RFCO_PERTX during TX wait: profile_id=2 tx_status=0x00(OK) hop_idx=0 channel_idx=0 epoch=0 freq_hz=0 pkt_toa_us=10304 legal_dwell_used_us_10s=0

2026-09-14 16:47:40,691 INFO image_rx_daemon: command TX opcode=0x63 copy=1/1 OK (on air)

2026-09-14 16:47:40,936 INFO image_rx_daemon: frag_arrival: seq=74 idx=0 total=13 fw_us=3557078894 len=247

2026-09-14 16:47:41,054 INFO image_rx_daemon: frag_arrival: seq=74 idx=1 total=13 fw_us=3557196078 len=247

2026-09-14 16:47:41,111 INFO image_rx_daemon: cmd 0x63 superseded while pending (after 1 attempts) — body replaced, retry budget reset

2026-09-14 16:47:41,174 INFO image_rx_daemon: frag_arrival: seq=74 idx=2 total=13 fw_us=3557313053 len=247

2026-09-14 16:47:41,281 INFO image_rx_daemon: frag_arrival: seq=74 idx=3 total=13 fw_us=3557430066 len=247

2026-09-14 16:47:41,398 INFO image_rx_daemon: frag_arrival: seq=74 idx=4 total=13 fw_us=3557547131 len=247

2026-09-14 16:47:41,520 INFO image_rx_daemon: frag_arrival: seq=74 idx=5 total=13 fw_us=3557664253 len=247

2026-09-14 16:47:41,642 INFO image_rx_daemon: frag_arrival: seq=74 idx=6 total=13 fw_us=3557781196 len=247

2026-09-14 16:47:41,749 INFO image_rx_daemon: frag_arrival: seq=74 idx=7 total=13 fw_us=3557898081 len=247

2026-09-14 16:47:41,813 INFO image_rx_daemon: cmd 0x63 superseded while pending (after 0 attempts) — body replaced, retry budget reset

2026-09-14 16:47:41,867 INFO image_rx_daemon: frag_arrival: seq=74 idx=8 total=13 fw_us=3558015417 len=247

2026-09-14 16:47:41,986 INFO image_rx_daemon: frag_arrival: seq=74 idx=9 total=13 fw_us=3558132243 len=247

2026-09-14 16:47:42,104 INFO image_rx_daemon: frag_arrival: seq=74 idx=10 total=13 fw_us=3558249372 len=247

2026-09-14 16:47:42,228 INFO image_rx_daemon: frag_arrival: seq=74 idx=11 total=13 fw_us=3558366380 len=247

2026-09-14 16:47:42,257 INFO image_rx_daemon: frag_arrival: seq=74 idx=12 total=13 fw_us=3558408169 len=73

2026-09-14 16:47:42,261 INFO image_rx_daemon: published frame_id=0 seq=74 2985 B → lifetrac/v25/video/tile_delta

RFCO_PERTX during TX wait: profile_id=2 tx_status=0x00(OK) hop_idx=0 channel_idx=0 epoch=0 freq_hz=0 pkt_toa_us=10304 legal_dwell_used_us_10s=0

2026-09-14 16:47:42,287 INFO image_rx_daemon: command TX opcode=0x60 copy=1/1 OK (on air)

2026-09-14 16:47:42,524 INFO image_rx_daemon: frag_arrival: seq=77 idx=0 total=13 fw_us=3558670267 len=247

2026-09-14 16:47:42,525 INFO image_rx_daemon: cmd 0x63 superseded while pending (after 0 attempts) — body replaced, retry budget reset

2026-09-14 16:47:42,757 INFO image_rx_daemon: frag_arrival: seq=77 idx=2 total=13 fw_us=3558904435 len=247

2026-09-14 16:47:42,875 INFO image_rx_daemon: frag_arrival: seq=77 idx=3 total=13 fw_us=3559021487 len=247

2026-09-14 16:47:42,995 INFO image_rx_daemon: frag_arrival: seq=77 idx=4 total=13 fw_us=3559138453 len=247

2026-09-14 16:47:43,116 INFO image_rx_daemon: frag_arrival: seq=77 idx=5 total=13 fw_us=3559255448 len=247

2026-09-14 16:47:43,226 INFO image_rx_daemon: frag_arrival: seq=77 idx=6 total=13 fw_us=3559372534 len=247

2026-09-14 16:47:43,227 INFO image_rx_daemon: cmd 0x63 superseded while pending (after 0 attempts) — body replaced, retry budget reset

2026-09-14 16:47:43,345 INFO image_rx_daemon: frag_arrival: seq=77 idx=7 total=13 fw_us=3559489413 len=247

2026-09-14 16:47:43,471 INFO image_rx_daemon: frag_arrival: seq=77 idx=8 total=13 fw_us=3559606650 len=247

2026-09-14 16:47:43,584 INFO image_rx_daemon: frag_arrival: seq=77 idx=9 total=13 fw_us=3559723710 len=247

2026-09-14 16:47:43,692 INFO image_rx_daemon: frag_arrival: seq=77 idx=10 total=13 fw_us=3559840912 len=247

2026-09-14 16:47:43,812 INFO image_rx_daemon: frag_arrival: seq=77 idx=11 total=13 fw_us=3559957897 len=247

2026-09-14 16:47:43,813 INFO image_rx_daemon: frag_arrival: seq=77 idx=12 total=13 fw_us=3559974838 len=7

2026-09-14 16:47:43,814 WARNING image_rx_daemon: cmd 0x60 GAVE UP after 4 attempts (10.4 s); cool-down 30 s

2026-09-14 16:47:43,827 INFO image_rx_daemon: stats: rx_frames=356 rx_decode_err=0 frames_published=15 publish_err=0 reassembler_decode_err=0 reassembler_timeouts=13 parity_recon=0 idle_drain_deferred=5 cmd_cooldown_drops=0 cmd_gate_held=0 cmd_copies_deferred=0

2026-09-14 16:47:43,828 INFO image_rx_daemon: air_gap: n=79 dt_med=117015us dt_p95=262163us len_med=247B cmd_tx_ok=19 cmd_tx_fail=0

2026-09-14 16:47:43,830 INFO image_rx_daemon: air_gap_hist(ms): <20:1 <40:1 <80:3 <120:65 <200:1 <400:8

2026-09-14 16:47:43,831 INFO image_rx_daemon: rx_rf: n_rssi=79 n_snr=79 rssi[min/med/max]=-69/-68/-67 snr[min/med/max]=5.0/6.0/6.0

2026-09-14 16:47:43,831 INFO image_rx_daemon: phase_telemetry: valid=79 invalid=0 pre_f8=0 last_epoch=0 last_hop=0 slot_off=[0..0]

2026-09-14 16:47:43,832 INFO image_rx_daemon: air_gap_by_class: seq: n=70 med=117.0ms | boundary: n=6 med=262.4ms | post_loss: n=3 med=234.2ms

2026-09-14 16:47:43,833 INFO image_rx_daemon: lost_frag_idx: n=4 idx0=0 (0.00% of idx0 arrivals) other=4 (5.19%) verdict=not-clustered | top 11:1 5:1 4:1 1:1

RFCO_PERTX during TX wait: profile_id=2 tx_status=0x00(OK) hop_idx=0 channel_idx=0 epoch=0 freq_hz=0 pkt_toa_us=10304 legal_dwell_used_us_10s=0

2026-09-14 16:47:43,836 INFO image_rx_daemon: command TX opcode=0x63 copy=1/1 OK (on air)

2026-09-14 16:47:43,921 INFO image_rx_daemon: cmd 0x63 superseded while pending (after 1 attempts) — body replaced, retry budget reset

2026-09-14 16:47:43,995 INFO image_rx_daemon: frag_arrival: seq=80 idx=0 total=13 fw_us=3560144642 len=247

2026-09-14 16:47:44,112 INFO image_rx_daemon: frag_arrival: seq=80 idx=1 total=13 fw_us=3560261629 len=247

2026-09-14 16:47:44,236 INFO image_rx_daemon: frag_arrival: seq=80 idx=2 total=13 fw_us=3560378716 len=247

2026-09-14 16:47:44,356 INFO image_rx_daemon: frag_arrival: seq=80 idx=3 total=13 fw_us=3560495708 len=247

2026-09-14 16:47:44,468 INFO image_rx_daemon: frag_arrival: seq=80 idx=4 total=13 fw_us=3560612736 len=247

2026-09-14 16:47:44,588 INFO image_rx_daemon: frag_arrival: seq=80 idx=5 total=13 fw_us=3560729718 len=247

2026-09-14 16:47:44,622 INFO image_rx_daemon: cmd 0x63 superseded while pending (after 0 attempts) — body replaced, retry budget reset

2026-09-14 16:47:44,705 INFO image_rx_daemon: frag_arrival: seq=80 idx=6 total=13 fw_us=3560846512 len=247

2026-09-14 16:47:44,818 INFO image_rx_daemon: frag_arrival: seq=80 idx=7 total=13 fw_us=3560963737 len=247

2026-09-14 16:47:44,935 INFO image_rx_daemon: frag_arrival: seq=80 idx=8 total=13 fw_us=3561080735 len=247

2026-09-14 16:47:45,048 INFO image_rx_daemon: frag_arrival: seq=80 idx=9 total=13 fw_us=3561197770 len=247

2026-09-14 16:47:45,163 INFO image_rx_daemon: frag_arrival: seq=80 idx=10 total=13 fw_us=3561314690 len=247

2026-09-14 16:47:45,292 INFO image_rx_daemon: frag_arrival: seq=80 idx=11 total=13 fw_us=3561431681 len=247

2026-09-14 16:47:45,321 INFO image_rx_daemon: frag_arrival: seq=80 idx=12 total=13 fw_us=3561473453 len=73

2026-09-14 16:47:45,325 INFO image_rx_daemon: cmd 0x63 superseded while pending (after 0 attempts) — body replaced, retry budget reset

2026-09-14 16:47:45,326 INFO image_rx_daemon: published frame_id=0 seq=80 2985 B → lifetrac/v25/video/tile_delta

RFCO_PERTX during TX wait: profile_id=2 tx_status=0x00(OK) hop_idx=0 channel_idx=0 epoch=0 freq_hz=0 pkt_toa_us=10304 legal_dwell_used_us_10s=0

2026-09-14 16:47:45,352 INFO image_rx_daemon: command TX opcode=0x63 copy=1/1 OK (on air)

2026-09-14 16:47:45,592 INFO image_rx_daemon: frag_arrival: seq=84 idx=0 total=13 fw_us=3561735660 len=247

2026-09-14 16:47:45,716 INFO image_rx_daemon: frag_arrival: seq=84 idx=1 total=13 fw_us=3561852498 len=247

2026-09-14 16:47:45,829 INFO image_rx_daemon: frag_arrival: seq=84 idx=2 total=13 fw_us=3561969593 len=247

2026-09-14 16:47:45,942 INFO image_rx_daemon: frag_arrival: seq=84 idx=3 total=13 fw_us=3562086659 len=247

2026-09-14 16:47:46,024 INFO image_rx_daemon: cmd 0x63 superseded while pending (after 1 attempts) — body replaced, retry budget reset

2026-09-14 16:47:46,060 INFO image_rx_daemon: frag_arrival: seq=84 idx=4 total=13 fw_us=3562203680 len=247

2026-09-14 16:47:46,178 INFO image_rx_daemon: frag_arrival: seq=84 idx=5 total=13 fw_us=3562320594 len=247

2026-09-14 16:47:46,300 INFO image_rx_daemon: frag_arrival: seq=84 idx=6 total=13 fw_us=3562437652 len=247

2026-09-14 16:47:46,412 INFO image_rx_daemon: frag_arrival: seq=84 idx=7 total=13 fw_us=3562554530 len=247

2026-09-14 16:47:46,519 INFO image_rx_daemon: frag_arrival: seq=84 idx=8 total=13 fw_us=3562671755 len=247

2026-09-14 16:47:46,652 INFO image_rx_daemon: frag_arrival: seq=84 idx=9 total=13 fw_us=3562788510 len=247

2026-09-14 16:47:46,728 INFO image_rx_daemon: cmd 0x63 superseded while pending (after 0 attempts) — body replaced, retry budget reset

2026-09-14 16:47:46,756 INFO image_rx_daemon: frag_arrival: seq=84 idx=10 total=13 fw_us=3562905677 len=247

2026-09-14 16:47:46,876 INFO image_rx_daemon: frag_arrival: seq=84 idx=11 total=13 fw_us=3563022618 len=247

2026-09-14 16:47:46,890 INFO image_rx_daemon: frag_arrival: seq=84 idx=12 total=13 fw_us=3563055209 len=47

2026-09-14 16:47:46,893 INFO image_rx_daemon: published frame_id=0 seq=84 2959 B → lifetrac/v25/video/tile_delta

RFCO_PERTX during TX wait: profile_id=2 tx_status=0x00(OK) hop_idx=0 channel_idx=0 epoch=0 freq_hz=0 pkt_toa_us=10304 legal_dwell_used_us_10s=0

2026-09-14 16:47:46,925 INFO image_rx_daemon: command TX opcode=0x63 copy=1/1 OK (on air)

2026-09-14 16:47:47,065 INFO image_rx_daemon: frag_arrival: seq=87 idx=0 total=13 fw_us=3563210552 len=247

2026-09-14 16:47:47,191 INFO image_rx_daemon: frag_arrival: seq=87 idx=1 total=13 fw_us=3563327391 len=247

2026-09-14 16:47:47,297 INFO image_rx_daemon: frag_arrival: seq=87 idx=2 total=13 fw_us=3563444512 len=247

2026-09-14 16:47:47,416 INFO image_rx_daemon: frag_arrival: seq=87 idx=3 total=13 fw_us=3563561547 len=247

2026-09-14 16:47:47,428 INFO image_rx_daemon: cmd 0x63 superseded while pending (after 1 attempts) — body replaced, retry budget reset

2026-09-14 16:47:47,536 INFO image_rx_daemon: frag_arrival: seq=87 idx=4 total=13 fw_us=3563678511 len=247

2026-09-14 16:47:47,656 INFO image_rx_daemon: frag_arrival: seq=87 idx=5 total=13 fw_us=3563795480 len=247

2026-09-14 16:47:47,764 INFO image_rx_daemon: frag_arrival: seq=87 idx=6 total=13 fw_us=3563912506 len=247

2026-09-14 16:47:47,884 INFO image_rx_daemon: frag_arrival: seq=87 idx=7 total=13 fw_us=3564029539 len=247

2026-09-14 16:47:48,004 INFO image_rx_daemon: frag_arrival: seq=87 idx=8 total=13 fw_us=3564146390 len=247

2026-09-14 16:47:48,124 INFO image_rx_daemon: frag_arrival: seq=87 idx=9 total=13 fw_us=3564263546 len=247

2026-09-14 16:47:48,129 INFO image_rx_daemon: cmd 0x63 superseded while pending (after 0 attempts) — body replaced, retry budget reset

2026-09-14 16:47:48,231 INFO image_rx_daemon: frag_arrival: seq=87 idx=10 total=13 fw_us=3564380619 len=247

2026-09-14 16:47:48,349 INFO image_rx_daemon: frag_arrival: seq=87 idx=11 total=13 fw_us=3564497674 len=247

2026-09-14 16:47:48,362 INFO image_rx_daemon: frag_arrival: seq=87 idx=12 total=13 fw_us=3564526406 len=39

2026-09-14 16:47:48,365 INFO image_rx_daemon: published frame_id=0 seq=87 2951 B → lifetrac/v25/video/tile_delta

RFCO_PERTX during TX wait: profile_id=2 tx_status=0x00(OK) hop_idx=0 channel_idx=0 epoch=0 freq_hz=0 pkt_toa_us=10304 legal_dwell_used_us_10s=0

2026-09-14 16:47:48,392 INFO image_rx_daemon: command TX opcode=0x63 copy=1/1 OK (on air)

2026-09-14 16:47:48,541 INFO image_rx_daemon: frag_arrival: seq=90 idx=0 total=13 fw_us=3564684693 len=247

2026-09-14 16:47:48,664 INFO image_rx_daemon: frag_arrival: seq=90 idx=1 total=13 fw_us=3564801625 len=247

2026-09-14 16:47:48,776 INFO image_rx_daemon: frag_arrival: seq=90 idx=2 total=13 fw_us=3564918761 len=247

2026-09-14 16:47:48,834 INFO image_rx_daemon: cmd 0x63 superseded while pending (after 1 attempts) — body replaced, retry budget reset

2026-09-14 16:47:48,896 INFO image_rx_daemon: frag_arrival: seq=90 idx=3 total=13 fw_us=3565035746 len=247

2026-09-14 16:47:49,012 INFO image_rx_daemon: frag_arrival: seq=90 idx=4 total=13 fw_us=3565152698 len=247

2026-09-14 16:47:49,122 INFO image_rx_daemon: frag_arrival: seq=90 idx=5 total=13 fw_us=3565269718 len=247

2026-09-14 16:47:49,240 INFO image_rx_daemon: frag_arrival: seq=90 idx=6 total=13 fw_us=3565386787 len=247

2026-09-14 16:47:49,360 INFO image_rx_daemon: frag_arrival: seq=90 idx=7 total=13 fw_us=3565503815 len=247

2026-09-14 16:47:49,477 INFO image_rx_daemon: frag_arrival: seq=90 idx=8 total=13 fw_us=3565620846 len=247

2026-09-14 16:47:49,541 INFO image_rx_daemon: cmd 0x63 superseded while pending (after 0 attempts) — body replaced, retry budget reset

2026-09-14 16:47:49,597 INFO image_rx_daemon: frag_arrival: seq=90 idx=9 total=13 fw_us=3565737842 len=247

2026-09-14 16:47:49,720 INFO image_rx_daemon: frag_arrival: seq=90 idx=10 total=13 fw_us=3565854876 len=247

2026-09-14 16:47:49,832 INFO image_rx_daemon: frag_arrival: seq=90 idx=11 total=13 fw_us=3565971922 len=247

2026-09-14 16:47:49,833 INFO image_rx_daemon: frag_arrival: seq=90 idx=12 total=13 fw_us=3565990193 len=11

2026-09-14 16:47:49,834 INFO image_rx_daemon: published frame_id=0 seq=90 2923 B → lifetrac/v25/video/tile_delta

RFCO_PERTX during TX wait: profile_id=2 tx_status=0x00(OK) hop_idx=0 channel_idx=0 epoch=0 freq_hz=0 pkt_toa_us=10304 legal_dwell_used_us_10s=0

2026-09-14 16:47:49,860 INFO image_rx_daemon: command TX opcode=0x63 copy=1/1 OK (on air)

2026-09-14 16:47:50,005 INFO image_rx_daemon: frag_arrival: seq=93 idx=0 total=13 fw_us=3566158918 len=247

2026-09-14 16:47:50,135 INFO image_rx_daemon: frag_arrival: seq=93 idx=1 total=13 fw_us=3566275846 len=247

2026-09-14 16:47:50,240 INFO image_rx_daemon: cmd 0x63 superseded while pending (after 1 attempts) — body replaced, retry budget reset

2026-09-14 16:47:50,245 INFO image_rx_daemon: frag_arrival: seq=93 idx=2 total=13 fw_us=3566392953 len=247

2026-09-14 16:47:50,364 INFO image_rx_daemon: frag_arrival: seq=93 idx=3 total=13 fw_us=3566509998 len=247

2026-09-14 16:47:50,488 INFO image_rx_daemon: frag_arrival: seq=93 idx=4 total=13 fw_us=3566626984 len=247

2026-09-14 16:47:50,596 INFO image_rx_daemon: frag_arrival: seq=93 idx=5 total=13 fw_us=3566744018 len=247

2026-09-14 16:47:50,718 INFO image_rx_daemon: frag_arrival: seq=93 idx=6 total=13 fw_us=3566861020 len=247

2026-09-14 16:47:50,836 INFO image_rx_daemon: frag_arrival: seq=93 idx=7 total=13 fw_us=3566978081 len=247

2026-09-14 16:47:50,949 INFO image_rx_daemon: cmd 0x63 superseded while pending (after 0 attempts) — body replaced, retry budget reset

2026-09-14 16:47:50,953 INFO image_rx_daemon: frag_arrival: seq=93 idx=8 total=13 fw_us=3567094995 len=247

2026-09-14 16:47:51,076 INFO image_rx_daemon: frag_arrival: seq=93 idx=9 total=13 fw_us=3567212263 len=247

2026-09-14 16:47:51,188 INFO image_rx_daemon: frag_arrival: seq=93 idx=10 total=13 fw_us=3567329211 len=247

2026-09-14 16:47:51,297 INFO image_rx_daemon: frag_arrival: seq=93 idx=11 total=13 fw_us=3567446342 len=247

2026-09-14 16:47:51,337 INFO image_rx_daemon: frag_arrival: seq=93 idx=12 total=13 fw_us=3567490741 len=80

2026-09-14 16:47:51,340 INFO image_rx_daemon: published frame_id=0 seq=93 2992 B → lifetrac/v25/video/tile_delta

RFCO_PERTX during TX wait: profile_id=2 tx_status=0x00(OK) hop_idx=0 channel_idx=0 epoch=0 freq_hz=0 pkt_toa_us=10304 legal_dwell_used_us_10s=0

2026-09-14 16:47:51,372 INFO image_rx_daemon: command TX opcode=0x63 copy=1/1 OK (on air)

2026-09-14 16:47:51,609 INFO image_rx_daemon: frag_arrival: seq=96 idx=0 total=12 fw_us=3567750321 len=247

2026-09-14 16:47:51,647 INFO image_rx_daemon: cmd 0x63 superseded while pending (after 1 attempts) — body replaced, retry budget reset

2026-09-14 16:47:51,728 INFO image_rx_daemon: frag_arrival: seq=96 idx=1 total=12 fw_us=3567867082 len=247

2026-09-14 16:47:51,838 INFO image_rx_daemon: frag_arrival: seq=96 idx=2 total=12 fw_us=3567984414 len=247

2026-09-14 16:47:51,952 INFO image_rx_daemon: frag_arrival: seq=96 idx=3 total=12 fw_us=3568101516 len=247

2026-09-14 16:47:52,072 INFO image_rx_daemon: frag_arrival: seq=96 idx=4 total=12 fw_us=3568218655 len=247

2026-09-14 16:47:52,196 INFO image_rx_daemon: frag_arrival: seq=96 idx=5 total=12 fw_us=3568335562 len=247

2026-09-14 16:47:52,317 INFO image_rx_daemon: frag_arrival: seq=96 idx=6 total=12 fw_us=3568452655 len=247

2026-09-14 16:47:52,349 INFO image_rx_daemon: cmd 0x63 superseded while pending (after 0 attempts) — body replaced, retry budget reset

2026-09-14 16:47:52,425 INFO image_rx_daemon: frag_arrival: seq=96 idx=7 total=12 fw_us=3568569606 len=247

2026-09-14 16:47:52,544 INFO image_rx_daemon: frag_arrival: seq=96 idx=8 total=12 fw_us=3568686817 len=247

2026-09-14 16:47:52,666 INFO image_rx_daemon: frag_arrival: seq=96 idx=9 total=12 fw_us=3568803668 len=247

2026-09-14 16:47:52,776 INFO image_rx_daemon: frag_arrival: seq=96 idx=10 total=12 fw_us=3568920859 len=247

2026-09-14 16:47:52,888 INFO image_rx_daemon: frag_arrival: seq=96 idx=11 total=12 fw_us=3569032121 len=241

2026-09-14 16:47:52,889 INFO image_rx_daemon: published frame_id=0 seq=96 2910 B → lifetrac/v25/video/tile_delta

RFCO_PERTX during TX wait: profile_id=2 tx_status=0x00(OK) hop_idx=0 channel_idx=0 epoch=0 freq_hz=0 pkt_toa_us=10304 legal_dwell_used_us_10s=0

2026-09-14 16:47:52,920 INFO image_rx_daemon: command TX opcode=0x63 copy=1/1 OK (on air)

2026-09-14 16:47:53,051 INFO image_rx_daemon: cmd 0x63 superseded while pending (after 1 attempts) — body replaced, retry budget reset

2026-09-14 16:47:53,082 INFO image_rx_daemon: frag_arrival: seq=99 idx=0 total=13 fw_us=3569225923 len=247

2026-09-14 16:47:53,201 INFO image_rx_daemon: frag_arrival: seq=99 idx=1 total=13 fw_us=3569342667 len=247

2026-09-14 16:47:53,320 INFO image_rx_daemon: frag_arrival: seq=99 idx=2 total=13 fw_us=3569459910 len=247

2026-09-14 16:47:53,432 INFO image_rx_daemon: frag_arrival: seq=99 idx=3 total=13 fw_us=3569576956 len=247

2026-09-14 16:47:53,552 INFO image_rx_daemon: frag_arrival: seq=99 idx=4 total=13 fw_us=3569693889 len=247

2026-09-14 16:47:53,676 INFO image_rx_daemon: frag_arrival: seq=99 idx=5 total=13 fw_us=3569810886 len=247

2026-09-14 16:47:53,753 INFO image_rx_daemon: cmd 0x63 superseded while pending (after 0 attempts) — body replaced, retry budget reset

2026-09-14 16:47:53,790 INFO image_rx_daemon: frag_arrival: seq=99 idx=6 total=13 fw_us=3569927911 len=247

2026-09-14 16:47:53,840 INFO image_rx_daemon: stats: rx_frames=440 rx_decode_err=0 frames_published=21 publish_err=0 reassembler_decode_err=0 reassembler_timeouts=14 parity_recon=0 idle_drain_deferred=5 cmd_cooldown_drops=1 cmd_gate_held=0 cmd_copies_deferred=0

2026-09-14 16:47:53,842 INFO image_rx_daemon: air_gap: n=84 dt_med=117028us dt_p95=168725us len_med=247B cmd_tx_ok=26 cmd_tx_fail=0

2026-09-14 16:47:53,844 INFO image_rx_daemon: air_gap_hist(ms): <20:1 <40:2 <80:2 <120:72 <200:5 <400:2

2026-09-14 16:47:53,845 INFO image_rx_daemon: rx_rf: n_rssi=84 n_snr=84 rssi[min/med/max]=-69/-68/-67 snr[min/med/max]=5.0/6.0/6.0

2026-09-14 16:47:53,845 INFO image_rx_daemon: phase_telemetry: valid=84 invalid=0 pre_f8=0 last_epoch=0 last_hop=0 slot_off=[0..0]

2026-09-14 16:47:53,846 INFO image_rx_daemon: air_gap_by_class: seq: n=77 med=117.0ms | boundary: n=7 med=169.8ms

2026-09-14 16:47:53,898 INFO image_rx_daemon: frag_arrival: seq=99 idx=7 total=13 fw_us=3570044919 len=247

2026-09-14 16:47:54,006 INFO image_rx_daemon: frag_arrival: seq=99 idx=8 total=13 fw_us=3570161914 len=247

2026-09-14 16:47:54,135 INFO image_rx_daemon: frag_arrival: seq=99 idx=9 total=13 fw_us=3570278699 len=247

2026-09-14 16:47:54,253 INFO image_rx_daemon: frag_arrival: seq=99 idx=10 total=13 fw_us=3570395967 len=247

2026-09-14 16:47:54,376 INFO image_rx_daemon: frag_arrival: seq=99 idx=11 total=13 fw_us=3570512900 len=247

2026-09-14 16:47:54,456 INFO image_rx_daemon: cmd 0x63 superseded while pending (after 0 attempts) — body replaced, retry budget reset

2026-09-14 16:47:54,464 WARNING image_rx_daemon: crc_dump: irq=0x70 rx_len=255 snr=-12.2 rssi=-115 dump=cbd3d66ef1e2a10d0b36ab92effdb8e11a92a74993384506e448e8f457b144a5360bec370c8146932f009224a61c5562615c1d6025aaa13a6a625e864c7f920fcb8d1d98fff77fec26dfc169136e94bec10bae3f40796c6d3bbf9098f45f0d62be8f1fcf1cc415675dc3b9a03148d5615f7f6350985cdad17b04f2db04716ecfca4d44fa5e4372ba1891dac2ae5bef6ea968969aea593403970346cb84b0149f97e3ca2a71f2b41d87075fc1f88cdc5dab1cead0f52647a1466d1056853435ed9b66b3a754f5e2ffc77c74fd0c97d088b66641855eb5d0b8871c1986b5187bdf0f7f1ce49c40b294816573132fea136a8d5816a9d4cd1317855ec5

2026-09-14 16:47:54,672 INFO image_rx_daemon: frag_arrival: seq=102 idx=0 total=12 fw_us=3570816798 len=247

2026-09-14 16:47:54,789 INFO image_rx_daemon: frag_arrival: seq=102 idx=1 total=12 fw_us=3570933655 len=247

2026-09-14 16:47:54,908 INFO image_rx_daemon: frag_arrival: seq=102 idx=2 total=12 fw_us=3571050926 len=247

2026-09-14 16:47:55,016 INFO image_rx_daemon: frag_arrival: seq=102 idx=3 total=12 fw_us=3571167902 len=247

2026-09-14 16:47:55,148 INFO image_rx_daemon: frag_arrival: seq=102 idx=4 total=12 fw_us=3571284744 len=247

2026-09-14 16:47:55,154 INFO image_rx_daemon: cmd 0x63 superseded while pending (after 0 attempts) — body replaced, retry budget reset

2026-09-14 16:47:55,256 INFO image_rx_daemon: frag_arrival: seq=102 idx=5 total=12 fw_us=3571402019 len=247

2026-09-14 16:47:55,373 INFO image_rx_daemon: frag_arrival: seq=102 idx=6 total=12 fw_us=3571519073 len=247

2026-09-14 16:47:55,492 INFO image_rx_daemon: frag_arrival: seq=102 idx=7 total=12 fw_us=3571635884 len=247

2026-09-14 16:47:55,612 INFO image_rx_daemon: frag_arrival: seq=102 idx=8 total=12 fw_us=3571754078 len=247

2026-09-14 16:47:55,736 INFO image_rx_daemon: frag_arrival: seq=102 idx=9 total=12 fw_us=3571869975 len=247

2026-09-14 16:47:55,844 INFO image_rx_daemon: frag_arrival: seq=102 idx=10 total=12 fw_us=3571987251 len=247

2026-09-14 16:47:55,857 INFO image_rx_daemon: cmd 0x63 superseded while pending (after 0 attempts) — body replaced, retry budget reset

2026-09-14 16:47:55,941 WARNING image_rx_daemon: crc_dump: irq=0x70 rx_len=255 snr=0.2 rssi=-65 dump=01020000000000dce3d97e418027ab71596fa4999f0f7a334fbcf4da020384615e532bcdea543fb4082c3edc6c8bf1878c4dd82e044fb23b8c1ec729b6bbaf8fdcf3a4d51341fe76ccc1d61ca0442bbfb4d2984bf94101120bf6454f9c3ba12194cccd3b174d8129d791f3ab9ff0fca24d374ec29a7a76af76065e21ff7c5a9ebd297a569e18cff630649205c9af896a44668c5e2f9e2be5b3260e6ccc7a5a83ce067babbb270d7d00aa007565554a18f17db29b08472b452bce78534f424990a5820921f5218948ec7fd599653cae41f1b9cc1ae95805b75e8f00d4245ce8c9dafb561c647175ae8c8c4a3e4eb8bba8aa932953a8600889dd7274

2026-09-14 16:47:56,148 INFO image_rx_daemon: frag_arrival: seq=105 idx=0 total=13 fw_us=3572290951 len=247

2026-09-14 16:47:56,268 INFO image_rx_daemon: frag_arrival: seq=105 idx=1 total=13 fw_us=3572407883 len=247

2026-09-14 16:47:56,376 INFO image_rx_daemon: frag_arrival: seq=105 idx=2 total=13 fw_us=3572525003 len=247

2026-09-14 16:47:56,505 INFO image_rx_daemon: frag_arrival: seq=105 idx=3 total=13 fw_us=3572642033 len=247

2026-09-14 16:47:56,559 INFO image_rx_daemon: cmd 0x63 superseded while pending (after 0 attempts) — body replaced, retry budget reset

2026-09-14 16:47:56,622 INFO image_rx_daemon: frag_arrival: seq=105 idx=4 total=13 fw_us=3572758819 len=247

2026-09-14 16:47:56,732 INFO image_rx_daemon: frag_arrival: seq=105 idx=5 total=13 fw_us=3572877078 len=247

2026-09-14 16:47:56,850 INFO image_rx_daemon: frag_arrival: seq=105 idx=6 total=13 fw_us=3572993145 len=247

2026-09-14 16:47:56,968 INFO image_rx_daemon: frag_arrival: seq=105 idx=7 total=13 fw_us=3573110229 len=247

2026-09-14 16:47:57,092 INFO image_rx_daemon: frag_arrival: seq=105 idx=8 total=13 fw_us=3573227200 len=247

2026-09-14 16:47:57,200 INFO image_rx_daemon: frag_arrival: seq=105 idx=9 total=13 fw_us=3573344209 len=247

2026-09-14 16:47:57,259 INFO image_rx_daemon: cmd 0x63 superseded while pending (after 0 attempts) — body replaced, retry budget reset

2026-09-14 16:47:57,308 INFO image_rx_daemon: frag_arrival: seq=105 idx=10 total=13 fw_us=3573461555 len=247

2026-09-14 16:47:57,436 INFO image_rx_daemon: frag_arrival: seq=105 idx=11 total=13 fw_us=3573578556 len=247

2026-09-14 16:47:57,437 INFO image_rx_daemon: frag_arrival: seq=105 idx=12 total=13 fw_us=3573602014 len=22

2026-09-14 16:47:57,438 INFO image_rx_daemon: published frame_id=0 seq=105 2934 B → lifetrac/v25/video/tile_delta

RFCO_PERTX during TX wait: profile_id=2 tx_status=0x00(OK) hop_idx=0 channel_idx=0 epoch=0 freq_hz=0 pkt_toa_us=10304 legal_dwell_used_us_10s=0

2026-09-14 16:47:57,467 INFO image_rx_daemon: command TX opcode=0x63 copy=1/1 OK (on air)

2026-09-14 16:47:57,629 INFO image_rx_daemon: frag_arrival: seq=108 idx=0 total=13 fw_us=3573766078 len=247

2026-09-14 16:47:57,740 INFO image_rx_daemon: frag_arrival: seq=108 idx=1 total=13 fw_us=3573882041 len=247

2026-09-14 16:47:57,858 INFO image_rx_daemon: frag_arrival: seq=108 idx=2 total=13 fw_us=3573999142 len=247

2026-09-14 16:47:57,968 INFO image_rx_daemon: cmd 0x63 superseded while pending (after 1 attempts) — body replaced, retry budget reset

2026-09-14 16:47:57,971 INFO image_rx_daemon: frag_arrival: seq=108 idx=3 total=13 fw_us=3574116187 len=247

2026-09-14 16:47:58,092 INFO image_rx_daemon: frag_arrival: seq=108 idx=4 total=13 fw_us=3574233150 len=247

2026-09-14 16:47:58,209 INFO image_rx_daemon: frag_arrival: seq=108 idx=5 total=13 fw_us=3574350150 len=247

2026-09-14 16:47:58,322 INFO image_rx_daemon: frag_arrival: seq=108 idx=6 total=13 fw_us=3574467364 len=247

2026-09-14 16:47:58,440 INFO image_rx_daemon: frag_arrival: seq=108 idx=7 total=13 fw_us=3574584455 len=247

2026-09-14 16:47:58,673 INFO image_rx_daemon: frag_arrival: seq=108 idx=9 total=13 fw_us=3574818469 len=247

2026-09-14 16:47:58,674 INFO image_rx_daemon: cmd 0x63 superseded while pending (after 0 attempts) — body replaced, retry budget reset

2026-09-14 16:47:58,792 INFO image_rx_daemon: frag_arrival: seq=108 idx=10 total=13 fw_us=3574935521 len=247

2026-09-14 16:47:58,912 INFO image_rx_daemon: frag_arrival: seq=108 idx=11 total=13 fw_us=3575052526 len=247

2026-09-14 16:47:58,925 INFO image_rx_daemon: frag_arrival: seq=108 idx=12 total=13 fw_us=3575082524 len=41

RFCO_PERTX during TX wait: profile_id=2 tx_status=0x00(OK) hop_idx=0 channel_idx=0 epoch=0 freq_hz=0 pkt_toa_us=10304 legal_dwell_used_us_10s=0

2026-09-14 16:47:58,952 INFO image_rx_daemon: command TX opcode=0x63 copy=1/1 OK (on air)

2026-09-14 16:47:59,100 INFO image_rx_daemon: frag_arrival: seq=111 idx=0 total=13 fw_us=3575239346 len=247

2026-09-14 16:47:59,208 INFO image_rx_daemon: frag_arrival: seq=111 idx=1 total=13 fw_us=3575357078 len=247

2026-09-14 16:47:59,328 INFO image_rx_daemon: frag_arrival: seq=111 idx=2 total=13 fw_us=3575473409 len=247

2026-09-14 16:47:59,368 INFO image_rx_daemon: cmd 0x63 superseded while pending (after 1 attempts) — body replaced, retry budget reset

2026-09-14 16:47:59,448 INFO image_rx_daemon: frag_arrival: seq=111 idx=3 total=13 fw_us=3575590374 len=247

2026-09-14 16:47:59,568 INFO image_rx_daemon: frag_arrival: seq=111 idx=4 total=13 fw_us=3575707206 len=247

2026-09-14 16:47:59,680 INFO image_rx_daemon: frag_arrival: seq=111 idx=5 total=13 fw_us=3575824329 len=247

2026-09-14 16:47:59,800 INFO image_rx_daemon: frag_arrival: seq=111 idx=6 total=13 fw_us=3575941227 len=247

2026-09-14 16:47:59,918 INFO image_rx_daemon: frag_arrival: seq=111 idx=7 total=13 fw_us=3576058427 len=247

2026-09-14 16:48:00,015 INFO image_rx_daemon: frag_arrival: seq=111 idx=8 total=13 fw_us=3576175434 len=247

2026-09-14 16:48:00,069 INFO image_rx_daemon: cmd 0x63 superseded while pending (after 0 attempts) — body replaced, retry budget reset

2026-09-14 16:48:00,144 INFO image_rx_daemon: frag_arrival: seq=111 idx=9 total=13 fw_us=3576292364 len=247

2026-09-14 16:48:00,264 INFO image_rx_daemon: frag_arrival: seq=111 idx=10 total=13 fw_us=3576409403 len=247

2026-09-14 16:48:00,390 INFO image_rx_daemon: frag_arrival: seq=111 idx=11 total=13 fw_us=3576526459 len=247

2026-09-14 16:48:00,391 INFO image_rx_daemon: frag_arrival: seq=111 idx=12 total=13 fw_us=3576556123 len=37

2026-09-14 16:48:00,392 INFO image_rx_daemon: published frame_id=0 seq=111 2949 B → lifetrac/v25/video/tile_delta

RFCO_PERTX during TX wait: profile_id=2 tx_status=0x00(OK) hop_idx=0 channel_idx=0 epoch=0 freq_hz=0 pkt_toa_us=10304 legal_dwell_used_us_10s=0

2026-09-14 16:48:00,426 INFO image_rx_daemon: command TX opcode=0x63 copy=1/1 OK (on air)

2026-09-14 16:48:00,572 INFO image_rx_daemon: frag_arrival: seq=114 idx=0 total=13 fw_us=3576713327 len=247

2026-09-14 16:48:00,682 INFO image_rx_daemon: frag_arrival: seq=114 idx=1 total=13 fw_us=3576830312 len=247

2026-09-14 16:48:00,773 INFO image_rx_daemon: cmd 0x63 superseded while pending (after 1 attempts) — body replaced, retry budget reset

2026-09-14 16:48:00,804 INFO image_rx_daemon: frag_arrival: seq=114 idx=2 total=13 fw_us=3576947368 len=247

2026-09-14 16:48:00,924 INFO image_rx_daemon: frag_arrival: seq=114 idx=3 total=13 fw_us=3577064420 len=247

2026-09-14 16:48:00,988 WARNING image_rx_daemon: crc_dump: irq=0x70 rx_len=132 snr=0.0 rssi=-65 dump=3841f33274dd48d137292c93e90a5c87a7b2e73b332f0bfeaeb4e59872a77e31f8a9c496aefd0af18eda8c641fadd1fe65307a7467f54ad33ea740e389953cd576343d6617b0a33eb421d0f6090d64761df3b090097fa9b06674ee7dddc9340b649e6dd3e6d355376c740e7d8ebcbb4e5c7f8bf63fb3ebe8a0cfbd47f153997add327fbe

2026-09-14 16:48:01,156 INFO image_rx_daemon: frag_arrival: seq=114 idx=5 total=13 fw_us=3577298423 len=247

2026-09-14 16:48:01,276 INFO image_rx_daemon: frag_arrival: seq=114 idx=6 total=13 fw_us=3577415494 len=247

2026-09-14 16:48:01,388 INFO image_rx_daemon: frag_arrival: seq=114 idx=7 total=13 fw_us=3577532526 len=247

2026-09-14 16:48:01,474 INFO image_rx_daemon: cmd 0x63 superseded while pending (after 0 attempts) — body replaced, retry budget reset

2026-09-14 16:48:01,499 INFO image_rx_daemon: frag_arrival: seq=114 idx=8 total=13 fw_us=3577649421 len=247

2026-09-14 16:48:01,617 INFO image_rx_daemon: frag_arrival: seq=114 idx=9 total=13 fw_us=3577766580 len=247

2026-09-14 16:48:01,736 INFO image_rx_daemon: frag_arrival: seq=114 idx=10 total=13 fw_us=3577883673 len=247

2026-09-14 16:48:01,856 INFO image_rx_daemon: frag_arrival: seq=114 idx=11 total=13 fw_us=3578000706 len=247

2026-09-14 16:48:01,867 INFO image_rx_daemon: frag_arrival: seq=114 idx=12 total=13 fw_us=3578030719 len=41

RFCO_PERTX during TX wait: profile_id=2 tx_status=0x00(OK) hop_idx=0 channel_idx=0 epoch=0 freq_hz=0 pkt_toa_us=10304 legal_dwell_used_us_10s=0

2026-09-14 16:48:01,895 INFO image_rx_daemon: command TX opcode=0x63 copy=1/1 OK (on air)

2026-09-14 16:48:02,048 INFO image_rx_daemon: frag_arrival: seq=117 idx=0 total=13 fw_us=3578187724 len=247

2026-09-14 16:48:02,156 INFO image_rx_daemon: frag_arrival: seq=117 idx=1 total=13 fw_us=3578304713 len=247

2026-09-14 16:48:02,176 INFO image_rx_daemon: cmd 0x63 superseded while pending (after 1 attempts) — body replaced, retry budget reset

2026-09-14 16:48:02,273 INFO image_rx_daemon: frag_arrival: seq=117 idx=2 total=13 fw_us=3578421832 len=247

2026-09-14 16:48:02,396 INFO image_rx_daemon: frag_arrival: seq=117 idx=3 total=13 fw_us=3578538929 len=247

2026-09-14 16:48:02,520 INFO image_rx_daemon: frag_arrival: seq=117 idx=4 total=13 fw_us=3578655950 len=247

2026-09-14 16:48:02,618 INFO image_rx_daemon: frag_arrival: seq=117 idx=5 total=13 fw_us=3578773037 len=247

2026-09-14 16:48:02,744 INFO image_rx_daemon: frag_arrival: seq=117 idx=6 total=13 fw_us=3578890139 len=247

2026-09-14 16:48:02,866 INFO image_rx_daemon: frag_arrival: seq=117 idx=7 total=13 fw_us=3579007255 len=247

2026-09-14 16:48:02,876 INFO image_rx_daemon: cmd 0x63 superseded while pending (after 0 attempts) — body replaced, retry budget reset

2026-09-14 16:48:02,984 INFO image_rx_daemon: frag_arrival: seq=117 idx=8 total=13 fw_us=3579124219 len=247

2026-09-14 16:48:03,094 INFO image_rx_daemon: frag_arrival: seq=117 idx=9 total=13 fw_us=3579241205 len=247

2026-09-14 16:48:03,220 INFO image_rx_daemon: frag_arrival: seq=117 idx=10 total=13 fw_us=3579358319 len=247

2026-09-14 16:48:03,328 INFO image_rx_daemon: frag_arrival: seq=117 idx=11 total=13 fw_us=3579475324 len=247

2026-09-14 16:48:03,368 INFO image_rx_daemon: frag_arrival: seq=117 idx=12 total=13 fw_us=3579519726 len=79

2026-09-14 16:48:03,372 INFO image_rx_daemon: published frame_id=0 seq=117 2991 B → lifetrac/v25/video/tile_delta

RFCO_PERTX during TX wait: profile_id=2 tx_status=0x00(OK) hop_idx=0 channel_idx=0 epoch=0 freq_hz=0 pkt_toa_us=10304 legal_dwell_used_us_10s=0

2026-09-14 16:48:03,403 INFO image_rx_daemon: command TX opcode=0x63 copy=1/1 OK (on air)

2026-09-14 16:48:03,580 INFO image_rx_daemon: cmd 0x63 superseded while pending (after 1 attempts) — body replaced, retry budget reset

2026-09-14 16:48:03,640 INFO image_rx_daemon: frag_arrival: seq=123 idx=0 total=13 fw_us=3579779596 len=247

2026-09-14 16:48:03,752 INFO image_rx_daemon: frag_arrival: seq=123 idx=1 total=13 fw_us=3579896309 len=247

2026-09-14 16:48:03,870 INFO image_rx_daemon: stats: rx_frames=521 rx_decode_err=0 frames_published=24 publish_err=0 reassembler_decode_err=0 reassembler_timeouts=18 parity_recon=0 idle_drain_deferred=5 cmd_cooldown_drops=2 cmd_gate_held=0 cmd_copies_deferred=0

2026-09-14 16:48:03,872 INFO image_rx_daemon: air_gap: n=81 dt_med=117033us dt_p95=234003us len_med=247B cmd_tx_ok=31 cmd_tx_fail=0

2026-09-14 16:48:03,876 INFO image_rx_daemon: air_gap_hist(ms): <40:4 <80:1 <120:67 <200:4 <400:5

2026-09-14 16:48:03,878 INFO image_rx_daemon: rx_rf: n_rssi=81 n_snr=81 rssi[min/med/max]=-69/-68/-67 snr[min/med/max]=5.0/6.0/6.0

2026-09-14 16:48:03,879 INFO image_rx_daemon: phase_telemetry: valid=81 invalid=0 pre_f8=0 last_epoch=0 last_hop=0 slot_off=[0..0]

2026-09-14 16:48:03,880 INFO image_rx_daemon: air_gap_by_class: seq: n=72 med=117.0ms | boundary: n=7 med=164.1ms | post_loss: n=2 med=234.0ms

2026-09-14 16:48:03,880 INFO image_rx_daemon: lost_frag_idx: n=4 idx0=0 (0.00% of idx0 arrivals) other=4 (2.58%) verdict=not-clustered | top 12:1 11:1 8:1 4:1

2026-09-14 16:48:03,882 INFO image_rx_daemon: frag_arrival: seq=123 idx=2 total=13 fw_us=3580013589 len=247

2026-09-14 16:48:03,992 INFO image_rx_daemon: frag_arrival: seq=123 idx=3 total=13 fw_us=3580130645 len=247

2026-09-14 16:48:04,104 INFO image_rx_daemon: frag_arrival: seq=123 idx=4 total=13 fw_us=3580247582 len=247

2026-09-14 16:48:04,221 INFO image_rx_daemon: frag_arrival: seq=123 idx=5 total=13 fw_us=3580364671 len=247

2026-09-14 16:48:04,283 INFO image_rx_daemon: cmd 0x63 superseded while pending (after 0 attempts) — body replaced, retry budget reset

2026-09-14 16:48:04,336 INFO image_rx_daemon: frag_arrival: seq=123 idx=6 total=13 fw_us=3580481635 len=247

2026-09-14 16:48:04,460 INFO image_rx_daemon: frag_arrival: seq=123 idx=7 total=13 fw_us=3580598595 len=247

2026-09-14 16:48:04,577 INFO image_rx_daemon: frag_arrival: seq=123 idx=8 total=13 fw_us=3580715792 len=247

2026-09-14 16:48:04,685 INFO image_rx_daemon: frag_arrival: seq=123 idx=9 total=13 fw_us=3580832713 len=247

2026-09-14 16:48:04,804 INFO image_rx_daemon: frag_arrival: seq=123 idx=10 total=13 fw_us=3580949908 len=247

2026-09-14 16:48:04,924 INFO image_rx_daemon: frag_arrival: seq=123 idx=11 total=13 fw_us=3581066889 len=247

2026-09-14 16:48:04,954 INFO image_rx_daemon: frag_arrival: seq=123 idx=12 total=13 fw_us=3581111310 len=81

2026-09-14 16:48:04,957 INFO image_rx_daemon: published frame_id=0 seq=123 2993 B → lifetrac/v25/video/tile_delta

RFCO_PERTX during TX wait: profile_id=2 tx_status=0x00(OK) hop_idx=0 channel_idx=0 epoch=0 freq_hz=0 pkt_toa_us=10304 legal_dwell_used_us_10s=0

2026-09-14 16:48:04,985 INFO image_rx_daemon: command TX opcode=0x63 copy=1/1 OK (on air)

2026-09-14 16:48:04,990 INFO image_rx_daemon: cmd 0x63 superseded while pending (after 1 attempts) — body replaced, retry budget reset

2026-09-14 16:48:05,225 INFO image_rx_daemon: frag_arrival: seq=124 idx=0 total=12 fw_us=3581370809 len=247

2026-09-14 16:48:05,344 INFO image_rx_daemon: frag_arrival: seq=124 idx=1 total=12 fw_us=3581487395 len=247

2026-09-14 16:48:05,696 INFO image_rx_daemon: cmd 0x63 superseded while pending (after 0 attempts) — body replaced, retry budget reset

2026-09-14 16:48:05,697 INFO image_rx_daemon: frag_arrival: seq=124 idx=4 total=12 fw_us=3581839318 len=247

2026-09-14 16:48:05,816 INFO image_rx_daemon: frag_arrival: seq=124 idx=5 total=12 fw_us=3581956435 len=247

2026-09-14 16:48:05,924 INFO image_rx_daemon: frag_arrival: seq=124 idx=6 total=12 fw_us=3582073472 len=247

2026-09-14 16:48:06,046 INFO image_rx_daemon: frag_arrival: seq=124 idx=7 total=12 fw_us=3582190414 len=247

2026-09-14 16:48:06,164 INFO image_rx_daemon: frag_arrival: seq=124 idx=8 total=12 fw_us=3582307526 len=247

2026-09-14 16:48:06,288 INFO image_rx_daemon: frag_arrival: seq=124 idx=9 total=12 fw_us=3582424492 len=247

2026-09-14 16:48:06,393 INFO image_rx_daemon: cmd 0x63 superseded while pending (after 0 attempts) — body replaced, retry budget reset

2026-09-14 16:48:06,396 INFO image_rx_daemon: frag_arrival: seq=124 idx=10 total=12 fw_us=3582541668 len=247

2026-09-14 16:48:06,493 WARNING image_rx_daemon: crc_dump: irq=0x70 rx_len=255 snr=0.0 rssi=-64 dump=01020000000000af761072b8c51402070863c7159e3fbcb37fecbef0330fc579b8d62bc84d506fd617ee3d498c6f39064d0ce820d251eac7b747570bc486c5466b9360ec8d51088352bc10dd7c9dd9364affe6fce95a55d00efbdccd23a94e4339bd03a9ba147c41e2d8f5940a8b9d85a5d13c5e96873831f0e10d7e91a92af3b6b477d168aacd45521db92409a89cead70256b6d525104333a4da8bad99793a96ba2d6de6fb4c0c019a393a591f16be68a21101fa030ada73c3b959ebda9e935174336fa569698fecadac0e5991da0a811c769c54248ed7b255ce521e1bfa1feaca717b3e44e969c0bf7860831f1c6e21b5791bdb815395318744

2026-09-14 16:48:06,696 INFO image_rx_daemon: frag_arrival: seq=126 idx=0 total=12 fw_us=3582845628 len=247

2026-09-14 16:48:06,816 INFO image_rx_daemon: frag_arrival: seq=126 idx=1 total=12 fw_us=3582962569 len=247

2026-09-14 16:48:06,935 INFO image_rx_daemon: frag_arrival: seq=126 idx=2 total=12 fw_us=3583079730 len=247

2026-09-14 16:48:07,053 INFO image_rx_daemon: frag_arrival: seq=126 idx=3 total=12 fw_us=3583196779 len=247

2026-09-14 16:48:07,092 INFO image_rx_daemon: cmd 0x63 superseded while pending (after 0 attempts) — body replaced, retry budget reset

2026-09-14 16:48:07,172 INFO image_rx_daemon: frag_arrival: seq=126 idx=4 total=12 fw_us=3583313708 len=247

2026-09-14 16:48:07,284 INFO image_rx_daemon: frag_arrival: seq=126 idx=5 total=12 fw_us=3583430891 len=247

2026-09-14 16:48:07,399 INFO image_rx_daemon: frag_arrival: seq=126 idx=6 total=12 fw_us=3583547837 len=247

2026-09-14 16:48:07,517 INFO image_rx_daemon: frag_arrival: seq=126 idx=7 total=12 fw_us=3583664774 len=247

2026-09-14 16:48:07,636 INFO image_rx_daemon: frag_arrival: seq=126 idx=8 total=12 fw_us=3583781880 len=247

2026-09-14 16:48:07,754 INFO image_rx_daemon: frag_arrival: seq=126 idx=9 total=12 fw_us=3583898865 len=247

2026-09-14 16:48:07,795 INFO image_rx_daemon: cmd 0x63 superseded while pending (after 0 attempts) — body replaced, retry budget reset

2026-09-14 16:48:07,876 INFO image_rx_daemon: frag_arrival: seq=126 idx=10 total=12 fw_us=3584016059 len=247

2026-09-14 16:48:07,983 INFO image_rx_daemon: frag_arrival: seq=126 idx=11 total=12 fw_us=3584133081 len=246

2026-09-14 16:48:07,984 INFO image_rx_daemon: published frame_id=0 seq=126 2915 B → lifetrac/v25/video/tile_delta

2026-09-14 16:48:08,007 INFO image_rx_daemon: command TX opcode=0x63 copy=1/1 OK (on air)

RFCO_PERTX during TX wait: profile_id=2 tx_status=0x00(OK) hop_idx=0 channel_idx=0 epoch=0 freq_hz=0 pkt_toa_us=10304 legal_dwell_used_us_10s=0

2026-09-14 16:48:08,177 INFO image_rx_daemon: frag_arrival: seq=129 idx=0 total=13 fw_us=3584320018 len=247

2026-09-14 16:48:08,296 INFO image_rx_daemon: frag_arrival: seq=129 idx=1 total=13 fw_us=3584436809 len=247

2026-09-14 16:48:08,404 INFO image_rx_daemon: frag_arrival: seq=129 idx=2 total=13 fw_us=3584554059 len=247

2026-09-14 16:48:08,497 INFO image_rx_daemon: cmd 0x63 superseded while pending (after 1 attempts) — body replaced, retry budget reset

2026-09-14 16:48:08,528 INFO image_rx_daemon: frag_arrival: seq=129 idx=3 total=13 fw_us=3584671159 len=247

2026-09-14 16:48:08,645 INFO image_rx_daemon: frag_arrival: seq=129 idx=4 total=13 fw_us=3584789078 len=247

2026-09-14 16:48:08,768 INFO image_rx_daemon: frag_arrival: seq=129 idx=5 total=13 fw_us=3584905166 len=247

2026-09-14 16:48:08,875 INFO image_rx_daemon: frag_arrival: seq=129 idx=6 total=13 fw_us=3585022197 len=247

2026-09-14 16:48:08,993 INFO image_rx_daemon: frag_arrival: seq=129 idx=7 total=13 fw_us=3585139132 len=247

2026-09-14 16:48:09,116 INFO image_rx_daemon: frag_arrival: seq=129 idx=8 total=13 fw_us=3585256273 len=247

2026-09-14 16:48:09,200 INFO image_rx_daemon: cmd 0x63 superseded while pending (after 0 attempts) — body replaced, retry budget reset

2026-09-14 16:48:09,220 INFO image_rx_daemon: frag_arrival: seq=129 idx=9 total=13 fw_us=3585373265 len=247

2026-09-14 16:48:09,340 INFO image_rx_daemon: frag_arrival: seq=129 idx=10 total=13 fw_us=3585490495 len=247

2026-09-14 16:48:09,457 INFO image_rx_daemon: frag_arrival: seq=129 idx=11 total=13 fw_us=3585607586 len=247

2026-09-14 16:48:09,519 WARNING image_rx_daemon: crc_dump: irq=0x70 rx_len=106 snr=-12.0 rssi=-115 dump=ae8532c64504d69cf553ffc49a593645cc74201be0768f3ebdb4fb1edf4dda7b5486836ef0bf1ecec91d309a2dc32bbef5fab656e9dae50f844584257a79c8c6bd8a83b9a675cd90b7d3a509c24fe6a0e80497ffec3e0b37d07e699c4cc5e862cbf9fcfa2b8d3b1bb0ec

2026-09-14 16:48:09,766 INFO image_rx_daemon: frag_arrival: seq=135 idx=0 total=13 fw_us=3585911625 len=247

2026-09-14 16:48:09,884 INFO image_rx_daemon: frag_arrival: seq=135 idx=1 total=13 fw_us=3586028401 len=247

2026-09-14 16:48:09,901 INFO image_rx_daemon: cmd 0x63 superseded while pending (after 0 attempts) — body replaced, retry budget reset

2026-09-14 16:48:10,003 INFO image_rx_daemon: frag_arrival: seq=135 idx=2 total=13 fw_us=3586145615 len=247

2026-09-14 16:48:10,121 INFO image_rx_daemon: frag_arrival: seq=135 idx=3 total=13 fw_us=3586262672 len=247

2026-09-14 16:48:10,228 INFO image_rx_daemon: frag_arrival: seq=135 idx=4 total=13 fw_us=3586379748 len=247

2026-09-14 16:48:10,336 INFO image_rx_daemon: frag_arrival: seq=135 idx=5 total=13 fw_us=3586496766 len=247

2026-09-14 16:48:10,465 INFO image_rx_daemon: frag_arrival: seq=135 idx=6 total=13 fw_us=3586613853 len=247

2026-09-14 16:48:10,584 INFO image_rx_daemon: frag_arrival: seq=135 idx=7 total=13 fw_us=3586730690 len=247

2026-09-14 16:48:10,602 INFO image_rx_daemon: cmd 0x63 superseded while pending (after 0 attempts) — body replaced, retry budget reset

2026-09-14 16:48:10,703 INFO image_rx_daemon: frag_arrival: seq=135 idx=8 total=13 fw_us=3586847849 len=247

2026-09-14 16:48:10,824 INFO image_rx_daemon: frag_arrival: seq=135 idx=9 total=13 fw_us=3586964727 len=247

2026-09-14 16:48:10,939 INFO image_rx_daemon: frag_arrival: seq=135 idx=10 total=13 fw_us=3587081974 len=247

2026-09-14 16:48:11,054 INFO image_rx_daemon: frag_arrival: seq=135 idx=11 total=13 fw_us=3587198953 len=247

2026-09-14 16:48:11,084 INFO image_rx_daemon: frag_arrival: seq=135 idx=12 total=13 fw_us=3587236810 len=63

2026-09-14 16:48:11,089 INFO image_rx_daemon: published frame_id=0 seq=135 2975 B → lifetrac/v25/video/tile_delta

RFCO_PERTX during TX wait: profile_id=2 tx_status=0x00(OK) hop_idx=0 channel_idx=0 epoch=0 freq_hz=0 pkt_toa_us=10304 legal_dwell_used_us_10s=0

2026-09-14 16:48:11,120 INFO image_rx_daemon: command TX opcode=0x63 copy=1/1 OK (on air)

2026-09-14 16:48:11,310 INFO image_rx_daemon: cmd 0x63 superseded while pending (after 1 attempts) — body replaced, retry budget reset

2026-09-14 16:48:11,364 INFO image_rx_daemon: frag_arrival: seq=136 idx=0 total=13 fw_us=3587502963 len=247

2026-09-14 16:48:11,472 INFO image_rx_daemon: frag_arrival: seq=136 idx=1 total=13 fw_us=3587619971 len=247

2026-09-14 16:48:11,592 INFO image_rx_daemon: frag_arrival: seq=136 idx=2 total=13 fw_us=3587736950 len=247

2026-09-14 16:48:11,713 INFO image_rx_daemon: frag_arrival: seq=136 idx=3 total=13 fw_us=3587854010 len=247

2026-09-14 16:48:11,824 INFO image_rx_daemon: frag_arrival: seq=136 idx=4 total=13 fw_us=3587971081 len=247

2026-09-14 16:48:11,938 INFO image_rx_daemon: frag_arrival: seq=136 idx=5 total=13 fw_us=3588088122 len=247

2026-09-14 16:48:12,006 INFO image_rx_daemon: cmd 0x63 superseded while pending (after 0 attempts) — body replaced, retry budget reset

2026-09-14 16:48:12,057 INFO image_rx_daemon: frag_arrival: seq=136 idx=6 total=13 fw_us=3588205153 len=247

2026-09-14 16:48:12,180 INFO image_rx_daemon: frag_arrival: seq=136 idx=7 total=13 fw_us=3588321992 len=247

2026-09-14 16:48:12,288 INFO image_rx_daemon: frag_arrival: seq=136 idx=8 total=13 fw_us=3588439202 len=247

2026-09-14 16:48:12,408 INFO image_rx_daemon: frag_arrival: seq=136 idx=9 total=13 fw_us=3588557078 len=247

2026-09-14 16:48:12,528 INFO image_rx_daemon: frag_arrival: seq=136 idx=10 total=13 fw_us=3588673224 len=247

2026-09-14 16:48:12,648 INFO image_rx_daemon: frag_arrival: seq=136 idx=11 total=13 fw_us=3588790184 len=247

2026-09-14 16:48:12,677 INFO image_rx_daemon: frag_arrival: seq=136 idx=12 total=13 fw_us=3588831995 len=74

2026-09-14 16:48:12,681 INFO image_rx_daemon: published frame_id=0 seq=136 2986 B → lifetrac/v25/video/tile_delta

RFCO_PERTX during TX wait: profile_id=2 tx_status=0x00(OK) hop_idx=0 channel_idx=0 epoch=0 freq_hz=0 pkt_toa_us=10304 legal_dwell_used_us_10s=0

2026-09-14 16:48:12,707 INFO image_rx_daemon: command TX opcode=0x63 copy=1/1 OK (on air)

2026-09-14 16:48:12,712 INFO image_rx_daemon: cmd 0x63 superseded while pending (after 1 attempts) — body replaced, retry budget reset

2026-09-14 16:48:12,956 INFO image_rx_daemon: frag_arrival: seq=138 idx=0 total=13 fw_us=3589094248 len=247

2026-09-14 16:48:13,057 INFO image_rx_daemon: frag_arrival: seq=138 idx=1 total=13 fw_us=3589210828 len=247

2026-09-14 16:48:13,185 INFO image_rx_daemon: frag_arrival: seq=138 idx=2 total=13 fw_us=3589328054 len=247

2026-09-14 16:48:13,308 INFO image_rx_daemon: frag_arrival: seq=138 idx=3 total=13 fw_us=3589445081 len=247

2026-09-14 16:48:13,406 INFO image_rx_daemon: frag_arrival: seq=138 idx=4 total=13 fw_us=3589562193 len=247

2026-09-14 16:48:13,411 INFO image_rx_daemon: cmd 0x63 superseded while pending (after 0 attempts) — body replaced, retry budget reset

2026-09-14 16:48:13,533 INFO image_rx_daemon: frag_arrival: seq=138 idx=5 total=13 fw_us=3589679216 len=247

2026-09-14 16:48:13,652 INFO image_rx_daemon: frag_arrival: seq=138 idx=6 total=13 fw_us=3589796181 len=247

2026-09-14 16:48:13,776 INFO image_rx_daemon: frag_arrival: seq=138 idx=7 total=13 fw_us=3589913056 len=247

2026-09-14 16:48:13,884 INFO image_rx_daemon: frag_arrival: seq=138 idx=8 total=13 fw_us=3590030335 len=247

2026-09-14 16:48:13,886 INFO image_rx_daemon: stats: rx_frames=600 rx_decode_err=0 frames_published=28 publish_err=0 reassembler_decode_err=0 reassembler_timeouts=20 parity_recon=0 idle_drain_deferred=6 cmd_cooldown_drops=3 cmd_gate_held=0 cmd_copies_deferred=0

2026-09-14 16:48:13,886 INFO image_rx_daemon: air_gap: n=79 dt_med=117041us dt_p95=266153us len_med=247B cmd_tx_ok=35 cmd_tx_fail=0

2026-09-14 16:48:13,887 INFO image_rx_daemon: air_gap_hist(ms): <40:1 <80:2 <120:69 <200:1 <400:6

2026-09-14 16:48:13,887 INFO image_rx_daemon: rx_rf: n_rssi=79 n_snr=79 rssi[min/med/max]=-69/-68/-67 snr[min/med/max]=5.0/6.0/6.0

2026-09-14 16:48:13,888 INFO image_rx_daemon: phase_telemetry: valid=79 invalid=0 pre_f8=0 last_epoch=0 last_hop=0 slot_off=[0..0]

2026-09-14 16:48:13,888 INFO image_rx_daemon: air_gap_by_class: seq: n=72 med=117.0ms | boundary: n=6 med=266.2ms | post_loss: n=1 med=351.9ms

2026-09-14 16:48:13,889 INFO image_rx_daemon: lost_frag_idx: n=4 idx0=0 (0.00% of idx0 arrivals) other=4 (5.26%) verdict=not-clustered | top 2:1 3:1 11:1 12:1

2026-09-14 16:48:14,010 INFO image_rx_daemon: frag_arrival: seq=138 idx=9 total=13 fw_us=3590147160 len=247

2026-09-14 16:48:14,121 INFO image_rx_daemon: frag_arrival: seq=138 idx=10 total=13 fw_us=3590264310 len=247

2026-09-14 16:48:14,122 INFO image_rx_daemon: cmd 0x63 superseded while pending (after 0 attempts) — body replaced, retry budget reset

2026-09-14 16:48:14,244 INFO image_rx_daemon: frag_arrival: seq=138 idx=11 total=13 fw_us=3590381351 len=247

2026-09-14 16:48:14,259 INFO image_rx_daemon: frag_arrival: seq=138 idx=12 total=13 fw_us=3590423124 len=73

2026-09-14 16:48:14,262 INFO image_rx_daemon: published frame_id=0 seq=138 2985 B → lifetrac/v25/video/tile_delta

RFCO_PERTX during TX wait: profile_id=2 tx_status=0x00(OK) hop_idx=0 channel_idx=0 epoch=0 freq_hz=0 pkt_toa_us=10304 legal_dwell_used_us_10s=0

2026-09-14 16:48:14,290 INFO image_rx_daemon: command TX opcode=0x63 copy=1/1 OK (on air)

2026-09-14 16:48:14,540 INFO image_rx_daemon: frag_arrival: seq=141 idx=0 total=13 fw_us=3590685249 len=247

2026-09-14 16:48:14,660 INFO image_rx_daemon: frag_arrival: seq=141 idx=1 total=13 fw_us=3590802064 len=247

2026-09-14 16:48:14,780 INFO image_rx_daemon: frag_arrival: seq=141 idx=2 total=13 fw_us=3590919237 len=247

2026-09-14 16:48:14,817 INFO image_rx_daemon: cmd 0x63 superseded while pending (after 1 attempts) — body replaced, retry budget reset

2026-09-14 16:48:14,889 INFO image_rx_daemon: frag_arrival: seq=141 idx=3 total=13 fw_us=3591036269 len=247

2026-09-14 16:48:15,006 INFO image_rx_daemon: frag_arrival: seq=141 idx=4 total=13 fw_us=3591153316 len=247

2026-09-14 16:48:15,125 INFO image_rx_daemon: frag_arrival: seq=141 idx=5 total=13 fw_us=3591270340 len=247

2026-09-14 16:48:15,248 INFO image_rx_daemon: frag_arrival: seq=141 idx=6 total=13 fw_us=3591387375 len=247

2026-09-14 16:48:15,356 INFO image_rx_daemon: frag_arrival: seq=141 idx=7 total=13 fw_us=3591504254 len=247

2026-09-14 16:48:15,480 INFO image_rx_daemon: frag_arrival: seq=141 idx=8 total=13 fw_us=3591621462 len=247

2026-09-14 16:48:15,520 INFO image_rx_daemon: cmd 0x63 superseded while pending (after 0 attempts) — body replaced, retry budget reset

2026-09-14 16:48:15,597 INFO image_rx_daemon: frag_arrival: seq=141 idx=9 total=13 fw_us=3591738248 len=247

2026-09-14 16:48:15,706 INFO image_rx_daemon: frag_arrival: seq=141 idx=10 total=13 fw_us=3591855500 len=247

2026-09-14 16:48:15,824 INFO image_rx_daemon: frag_arrival: seq=141 idx=11 total=13 fw_us=3591972532 len=247

2026-09-14 16:48:15,825 INFO image_rx_daemon: frag_arrival: seq=141 idx=12 total=13 fw_us=3591989467 len=7

2026-09-14 16:48:15,827 INFO image_rx_daemon: published frame_id=0 seq=141 2919 B → lifetrac/v25/video/tile_delta

RFCO_PERTX during TX wait: profile_id=2 tx_status=0x00(OK) hop_idx=0 channel_idx=0 epoch=0 freq_hz=0 pkt_toa_us=10304 legal_dwell_used_us_10s=0

2026-09-14 16:48:15,857 INFO image_rx_daemon: command TX opcode=0x63 copy=1/1 OK (on air)

2026-09-14 16:48:16,008 INFO image_rx_daemon: frag_arrival: seq=144 idx=0 total=13 fw_us=3592159550 len=247

2026-09-14 16:48:16,140 INFO image_rx_daemon: frag_arrival: seq=144 idx=1 total=13 fw_us=3592276457 len=247

2026-09-14 16:48:16,228 WARNING image_rx_daemon: crc_dump: irq=0x70 rx_len=255 snr=-0.8 rssi=-65 dump=1c62880a1677b99202e676f8996217ed2a51b1ee4b593388a4234e3b93cab7b430b85aaea8fd2ebb589d6ca338244f4385feb583d6ebe9056f2591907e4cb63232b72d883418866fc2d97079e586ea91bfe2f0acdb477fc2357b3a7822edf6cae1ae48d7b62a4ae011a2f7d3abe5ee673ac8f3d7c9284dd3eab10bfb374e4a6fb0bdfa48fac4e19513be9c78babbd601bd4a658752e22cf125d00fcd9a3011665277f4db22b9077be2e290e5610c1d911a5e5e3b5ab0b0941c633e8a87fdce27d7ae0089497f9b762031847888c318e28da14aa7eede4139ed9ec7ee5b55d049962cb69cac1e48ddbfa1a5e72a1e768071f08714f3a86a10128125

2026-09-14 16:48:16,228 INFO image_rx_daemon: cmd 0x63 superseded while pending (after 1 attempts) — body replaced, retry budget reset

2026-09-14 16:48:16,368 INFO image_rx_daemon: frag_arrival: seq=144 idx=3 total=13 fw_us=3592510561 len=247

2026-09-14 16:48:16,488 INFO image_rx_daemon: frag_arrival: seq=144 idx=4 total=13 fw_us=3592627555 len=247

2026-09-14 16:48:16,596 INFO image_rx_daemon: frag_arrival: seq=144 idx=5 total=13 fw_us=3592744566 len=247

2026-09-14 16:48:16,716 INFO image_rx_daemon: frag_arrival: seq=144 idx=6 total=13 fw_us=3592861622 len=247

2026-09-14 16:48:16,833 INFO image_rx_daemon: frag_arrival: seq=144 idx=7 total=13 fw_us=3592978718 len=247

2026-09-14 16:48:16,924 INFO image_rx_daemon: cmd 0x63 superseded while pending (after 0 attempts) — body replaced, retry budget reset

2026-09-14 16:48:16,952 INFO image_rx_daemon: frag_arrival: seq=144 idx=8 total=13 fw_us=3593095629 len=247

2026-09-14 16:48:17,072 INFO image_rx_daemon: frag_arrival: seq=144 idx=9 total=13 fw_us=3593212866 len=247

2026-09-14 16:48:17,180 INFO image_rx_daemon: frag_arrival: seq=144 idx=10 total=13 fw_us=3593329890 len=247

2026-09-14 16:48:17,304 INFO image_rx_daemon: frag_arrival: seq=144 idx=11 total=13 fw_us=3593446939 len=247

2026-09-14 16:48:17,334 INFO image_rx_daemon: frag_arrival: seq=144 idx=12 total=13 fw_us=3593488736 len=73

RFCO_PERTX during TX wait: profile_id=2 tx_status=0x00(OK) hop_idx=0 channel_idx=0 epoch=0 freq_hz=0 pkt_toa_us=10304 legal_dwell_used_us_10s=0

2026-09-14 16:48:17,362 INFO image_rx_daemon: command TX opcode=0x63 copy=1/1 OK (on air)

2026-09-14 16:48:17,612 INFO image_rx_daemon: frag_arrival: seq=148 idx=0 total=13 fw_us=3593750953 len=247

2026-09-14 16:48:17,623 INFO image_rx_daemon: cmd 0x63 superseded while pending (after 1 attempts) — body replaced, retry budget reset

2026-09-14 16:48:17,721 INFO image_rx_daemon: frag_arrival: seq=148 idx=1 total=13 fw_us=3593867890 len=247

2026-09-14 16:48:17,838 INFO image_rx_daemon: frag_arrival: seq=148 idx=2 total=13 fw_us=3593984938 len=247

2026-09-14 16:48:17,956 INFO image_rx_daemon: frag_arrival: seq=148 idx=3 total=13 fw_us=3594102025 len=247

2026-09-14 16:48:18,076 INFO image_rx_daemon: frag_arrival: seq=148 idx=4 total=13 fw_us=3594220078 len=247

2026-09-14 16:48:18,193 INFO image_rx_daemon: frag_arrival: seq=148 idx=5 total=13 fw_us=3594335927 len=247

2026-09-14 16:48:18,316 INFO image_rx_daemon: frag_arrival: seq=148 idx=6 total=13 fw_us=3594453010 len=247

2026-09-14 16:48:18,323 INFO image_rx_daemon: cmd 0x63 superseded while pending (after 0 attempts) — body replaced, retry budget reset

2026-09-14 16:48:18,423 INFO image_rx_daemon: frag_arrival: seq=148 idx=7 total=13 fw_us=3594569861 len=247

2026-09-14 16:48:18,540 INFO image_rx_daemon: frag_arrival: seq=148 idx=8 total=13 fw_us=3594687012 len=247

2026-09-14 16:48:18,660 INFO image_rx_daemon: frag_arrival: seq=148 idx=9 total=13 fw_us=3594803794 len=247

2026-09-14 16:48:18,882 INFO image_rx_daemon: frag_arrival: seq=148 idx=11 total=13 fw_us=3595038240 len=247

2026-09-14 16:48:18,915 INFO image_rx_daemon: frag_arrival: seq=148 idx=12 total=13 fw_us=3595070837 len=47

RFCO_PERTX during TX wait: profile_id=2 tx_status=0x00(OK) hop_idx=0 channel_idx=0 epoch=0 freq_hz=0 pkt_toa_us=10304 legal_dwell_used_us_10s=0

2026-09-14 16:48:18,941 INFO image_rx_daemon: command TX opcode=0x63 copy=1/1 OK (on air)

2026-09-14 16:48:19,029 INFO image_rx_daemon: cmd 0x63 superseded while pending (after 1 attempts) — body replaced, retry budget reset

2026-09-14 16:48:19,088 INFO image_rx_daemon: frag_arrival: seq=151 idx=0 total=13 fw_us=3595227078 len=247

2026-09-14 16:48:19,196 INFO image_rx_daemon: frag_arrival: seq=151 idx=1 total=13 fw_us=3595342811 len=247

2026-09-14 16:48:19,320 INFO image_rx_daemon: frag_arrival: seq=151 idx=2 total=13 fw_us=3595460063 len=247

2026-09-14 16:48:19,428 INFO image_rx_daemon: frag_arrival: seq=151 idx=3 total=13 fw_us=3595577159 len=247

2026-09-14 16:48:19,548 INFO image_rx_daemon: frag_arrival: seq=151 idx=4 total=13 fw_us=3595694081 len=247

2026-09-14 16:48:19,668 INFO image_rx_daemon: frag_arrival: seq=151 idx=5 total=13 fw_us=3595812078 len=247

2026-09-14 16:48:19,731 INFO image_rx_daemon: cmd 0x63 superseded while pending (after 0 attempts) — body replaced, retry budget reset

2026-09-14 16:48:19,792 INFO image_rx_daemon: frag_arrival: seq=151 idx=6 total=13 fw_us=3595928175 len=247

2026-09-14 16:48:19,900 INFO image_rx_daemon: frag_arrival: seq=151 idx=7 total=13 fw_us=3596045207 len=247

2026-09-14 16:48:20,017 INFO image_rx_daemon: frag_arrival: seq=151 idx=8 total=13 fw_us=3596162075 len=247

2026-09-14 16:48:20,134 INFO image_rx_daemon: frag_arrival: seq=151 idx=9 total=13 fw_us=3596279226 len=247

2026-09-14 16:48:20,256 INFO image_rx_daemon: frag_arrival: seq=151 idx=10 total=13 fw_us=3596396270 len=247

2026-09-14 16:48:20,368 INFO image_rx_daemon: frag_arrival: seq=151 idx=11 total=13 fw_us=3596513295 len=247

2026-09-14 16:48:20,381 INFO image_rx_daemon: frag_arrival: seq=151 idx=12 total=13 fw_us=3596542026 len=39

2026-09-14 16:48:20,385 INFO image_rx_daemon: published frame_id=0 seq=151 2951 B → lifetrac/v25/video/tile_delta

RFCO_PERTX during TX wait: profile_id=2 tx_status=0x00(OK) hop_idx=0 channel_idx=0 epoch=0 freq_hz=0 pkt_toa_us=10304 legal_dwell_used_us_10s=0

2026-09-14 16:48:20,415 INFO image_rx_daemon: command TX opcode=0x60 copy=1/1 OK (on air)

2026-09-14 16:48:20,434 INFO image_rx_daemon: cmd 0x63 superseded while pending (after 0 attempts) — body replaced, retry budget reset

2026-09-14 16:48:20,556 INFO image_rx_daemon: frag_arrival: seq=154 idx=0 total=13 fw_us=3596700261 len=247

2026-09-14 16:48:20,676 INFO image_rx_daemon: frag_arrival: seq=154 idx=1 total=13 fw_us=3596817204 len=247

2026-09-14 16:48:20,784 INFO image_rx_daemon: frag_arrival: seq=154 idx=2 total=13 fw_us=3596934305 len=247

2026-09-14 16:48:20,892 INFO image_rx_daemon: frag_arrival: seq=154 idx=3 total=13 fw_us=3597051397 len=247

2026-09-14 16:48:21,011 INFO image_rx_daemon: frag_arrival: seq=154 idx=4 total=13 fw_us=3597168375 len=247

2026-09-14 16:48:21,141 INFO image_rx_daemon: frag_arrival: seq=154 idx=5 total=13 fw_us=3597285392 len=247

2026-09-14 16:48:21,141 INFO image_rx_daemon: cmd 0x63 superseded while pending (after 0 attempts) — body replaced, retry budget reset

2026-09-14 16:48:21,264 INFO image_rx_daemon: frag_arrival: seq=154 idx=6 total=13 fw_us=3597402448 len=247

2026-09-14 16:48:21,372 INFO image_rx_daemon: frag_arrival: seq=154 idx=7 total=13 fw_us=3597519528 len=247

2026-09-14 16:48:21,492 INFO image_rx_daemon: frag_arrival: seq=154 idx=8 total=13 fw_us=3597636527 len=247

2026-09-14 16:48:21,625 INFO image_rx_daemon: frag_arrival: seq=154 idx=9 total=13 fw_us=3597753595 len=247

2026-09-14 16:48:21,722 INFO image_rx_daemon: frag_arrival: seq=154 idx=10 total=13 fw_us=3597870643 len=247

2026-09-14 16:48:21,844 INFO image_rx_daemon: frag_arrival: seq=154 idx=11 total=13 fw_us=3597987654 len=247

2026-09-14 16:48:21,845 INFO image_rx_daemon: cmd 0x63 superseded while pending (after 0 attempts) — body replaced, retry budget reset

2026-09-14 16:48:21,846 INFO image_rx_daemon: frag_arrival: seq=154 idx=12 total=13 fw_us=3598005938 len=11

2026-09-14 16:48:21,847 INFO image_rx_daemon: published frame_id=0 seq=154 2923 B → lifetrac/v25/video/tile_delta

RFCO_PERTX during TX wait: profile_id=2 tx_status=0x00(OK) hop_idx=0 channel_idx=0 epoch=0 freq_hz=0 pkt_toa_us=10304 legal_dwell_used_us_10s=0

2026-09-14 16:48:21,878 INFO image_rx_daemon: command TX opcode=0x60 copy=1/1 OK (on air)

2026-09-14 16:48:22,018 INFO image_rx_daemon: frag_arrival: seq=157 idx=0 total=13 fw_us=3598174545 len=247

2026-09-14 16:48:22,148 INFO image_rx_daemon: frag_arrival: seq=157 idx=1 total=13 fw_us=3598291479 len=247

2026-09-14 16:48:22,268 INFO image_rx_daemon: frag_arrival: seq=157 idx=2 total=13 fw_us=3598408612 len=247

2026-09-14 16:48:22,389 INFO image_rx_daemon: frag_arrival: seq=157 idx=3 total=13 fw_us=3598525641 len=247

2026-09-14 16:48:22,500 INFO image_rx_daemon: frag_arrival: seq=157 idx=4 total=13 fw_us=3598642654 len=247

2026-09-14 16:48:22,541 INFO image_rx_daemon: cmd 0x63 superseded while pending (after 0 attempts) — body replaced, retry budget reset

2026-09-14 16:48:22,618 INFO image_rx_daemon: frag_arrival: seq=157 idx=5 total=13 fw_us=3598759651 len=247

2026-09-14 16:48:22,740 INFO image_rx_daemon: frag_arrival: seq=157 idx=6 total=13 fw_us=3598876666 len=247

2026-09-14 16:48:22,848 INFO image_rx_daemon: frag_arrival: seq=157 idx=7 total=13 fw_us=3598993790 len=247

2026-09-14 16:48:22,963 INFO image_rx_daemon: frag_arrival: seq=157 idx=8 total=13 fw_us=3599110619 len=247

2026-09-14 16:48:23,088 INFO image_rx_daemon: frag_arrival: seq=157 idx=9 total=13 fw_us=3599227777 len=247

2026-09-14 16:48:23,196 INFO image_rx_daemon: frag_arrival: seq=157 idx=10 total=13 fw_us=3599344715 len=247

2026-09-14 16:48:23,243 INFO image_rx_daemon: cmd 0x63 superseded while pending (after 0 attempts) — body replaced, retry budget reset

2026-09-14 16:48:23,316 INFO image_rx_daemon: frag_arrival: seq=157 idx=11 total=13 fw_us=3599461801 len=247

2026-09-14 16:48:23,346 INFO image_rx_daemon: frag_arrival: seq=157 idx=12 total=13 fw_us=3599506190 len=80

2026-09-14 16:48:23,349 INFO image_rx_daemon: published frame_id=0 seq=157 2992 B → lifetrac/v25/video/tile_delta

RFCO_PERTX during TX wait: profile_id=2 tx_status=0x00(OK) hop_idx=0 channel_idx=0 epoch=0 freq_hz=0 pkt_toa_us=10304 legal_dwell_used_us_10s=0

2026-09-14 16:48:23,375 INFO image_rx_daemon: command TX opcode=0x60 copy=1/1 OK (on air)

2026-09-14 16:48:23,621 INFO image_rx_daemon: frag_arrival: seq=160 idx=0 total=12 fw_us=3599765635 len=247

2026-09-14 16:48:23,744 INFO image_rx_daemon: frag_arrival: seq=160 idx=1 total=12 fw_us=3599882246 len=247

2026-09-14 16:48:23,852 INFO image_rx_daemon: frag_arrival: seq=160 idx=2 total=12 fw_us=3599999592 len=247

2026-09-14 16:48:23,897 INFO image_rx_daemon: stats: rx_frames=683 rx_decode_err=0 frames_published=33 publish_err=0 reassembler_decode_err=0 reassembler_timeouts=22 parity_recon=0 idle_drain_deferred=6 cmd_cooldown_drops=3 cmd_gate_held=0 cmd_copies_deferred=0

2026-09-14 16:48:23,899 INFO image_rx_daemon: air_gap: n=83 dt_med=117032us dt_p95=234104us len_med=247B cmd_tx_ok=42 cmd_tx_fail=0

2026-09-14 16:48:23,903 INFO image_rx_daemon: air_gap_hist(ms): <20:2 <40:2 <80:3 <120:67 <200:4 <400:5

2026-09-14 16:48:23,904 INFO image_rx_daemon: rx_rf: n_rssi=83 n_snr=83 rssi[min/med/max]=-69/-68/-67 snr[min/med/max]=5.0/6.0/7.0

2026-09-14 16:48:23,905 INFO image_rx_daemon: phase_telemetry: valid=83 invalid=0 pre_f8=0 last_epoch=0 last_hop=0 slot_off=[0..0]

2026-09-14 16:48:23,905 INFO image_rx_daemon: air_gap_by_class: seq: n=74 med=117.0ms | boundary: n=7 med=170.1ms | post_loss: n=2 med=234.4ms

2026-09-14 16:48:23,906 INFO image_rx_daemon: lost_frag_idx: n=2 idx0=0 (0.00% of idx0 arrivals) other=2 (2.56%) verdict=not-clustered | top 2:1 10:1

2026-09-14 16:48:23,945 INFO image_rx_daemon: cmd 0x63 superseded while pending (after 0 attempts) — body replaced, retry budget reset

2026-09-14 16:48:23,972 INFO image_rx_daemon: frag_arrival: seq=160 idx=3 total=12 fw_us=3600116555 len=247

2026-09-14 16:48:24,088 INFO image_rx_daemon: frag_arrival: seq=160 idx=4 total=12 fw_us=3600233650 len=247

2026-09-14 16:48:24,196 INFO image_rx_daemon: frag_arrival: seq=160 idx=5 total=12 fw_us=3600350778 len=247

2026-09-14 16:48:24,320 INFO image_rx_daemon: frag_arrival: seq=160 idx=6 total=12 fw_us=3600467923 len=247

2026-09-14 16:48:24,444 INFO image_rx_daemon: frag_arrival: seq=160 idx=7 total=12 fw_us=3600584762 len=247

2026-09-14 16:48:24,552 INFO image_rx_daemon: frag_arrival: seq=160 idx=8 total=12 fw_us=3600701919 len=247

2026-09-14 16:48:24,648 INFO image_rx_daemon: cmd 0x63 superseded while pending (after 0 attempts) — body replaced, retry budget reset

2026-09-14 16:48:24,669 INFO image_rx_daemon: frag_arrival: seq=160 idx=9 total=12 fw_us=3600818781 len=247

2026-09-14 16:48:24,792 INFO image_rx_daemon: frag_arrival: seq=160 idx=10 total=12 fw_us=3600935912 len=247

2026-09-14 16:48:24,900 INFO image_rx_daemon: frag_arrival: seq=160 idx=11 total=12 fw_us=3601047182 len=241

2026-09-14 16:48:24,901 INFO image_rx_daemon: published frame_id=0 seq=160 2910 B → lifetrac/v25/video/tile_delta

RFCO_PERTX during TX wait: profile_id=2 tx_status=0x00(OK) hop_idx=0 channel_idx=0 epoch=0 freq_hz=0 pkt_toa_us=10304 legal_dwell_used_us_10s=0

2026-09-14 16:48:24,928 INFO image_rx_daemon: command TX opcode=0x63 copy=1/1 OK (on air)

2026-09-14 16:48:25,101 INFO image_rx_daemon: frag_arrival: seq=163 idx=0 total=13 fw_us=3601239806 len=247

2026-09-14 16:48:25,208 INFO image_rx_daemon: frag_arrival: seq=163 idx=1 total=13 fw_us=3601356735 len=247

2026-09-14 16:48:25,328 INFO image_rx_daemon: frag_arrival: seq=163 idx=2 total=13 fw_us=3601473739 len=247

2026-09-14 16:48:25,348 INFO image_rx_daemon: cmd 0x63 superseded while pending (after 1 attempts) — body replaced, retry budget reset

2026-09-14 16:48:25,450 INFO image_rx_daemon: frag_arrival: seq=163 idx=3 total=13 fw_us=3601590751 len=247

2026-09-14 16:48:25,568 INFO image_rx_daemon: frag_arrival: seq=163 idx=4 total=13 fw_us=3601707711 len=247

2026-09-14 16:48:25,676 INFO image_rx_daemon: frag_arrival: seq=163 idx=5 total=13 fw_us=3601824735 len=247

2026-09-14 16:48:25,796 INFO image_rx_daemon: frag_arrival: seq=163 idx=6 total=13 fw_us=3601941721 len=247

2026-09-14 16:48:25,914 INFO image_rx_daemon: frag_arrival: seq=163 idx=7 total=13 fw_us=3602058712 len=247

2026-09-14 16:48:26,021 INFO image_rx_daemon: frag_arrival: seq=163 idx=8 total=13 fw_us=3602175749 len=247

2026-09-14 16:48:26,052 INFO image_rx_daemon: cmd 0x63 superseded while pending (after 0 attempts) — body replaced, retry budget reset

2026-09-14 16:48:26,152 INFO image_rx_daemon: frag_arrival: seq=163 idx=9 total=13 fw_us=3602292625 len=247

2026-09-14 16:48:26,272 INFO image_rx_daemon: frag_arrival: seq=163 idx=10 total=13 fw_us=3602409787 len=247

2026-09-14 16:48:26,380 INFO image_rx_daemon: frag_arrival: seq=163 idx=11 total=13 fw_us=3602526765 len=247

2026-09-14 16:48:26,410 INFO image_rx_daemon: frag_arrival: seq=163 idx=12 total=13 fw_us=3602568505 len=71

2026-09-14 16:48:26,414 INFO image_rx_daemon: published frame_id=0 seq=163 2983 B → lifetrac/v25/video/tile_delta

RFCO_PERTX during TX wait: profile_id=2 tx_status=0x00(OK) hop_idx=0 channel_idx=0 epoch=0 freq_hz=0 pkt_toa_us=10304 legal_dwell_used_us_10s=0

2026-09-14 16:48:26,440 INFO image_rx_daemon: command TX opcode=0x60 copy=1/1 OK (on air)

2026-09-14 16:48:26,692 INFO image_rx_daemon: frag_arrival: seq=166 idx=0 total=12 fw_us=3602830735 len=247

2026-09-14 16:48:26,754 INFO image_rx_daemon: cmd 0x63 superseded while pending (after 0 attempts) — body replaced, retry budget reset

2026-09-14 16:48:26,801 INFO image_rx_daemon: frag_arrival: seq=166 idx=1 total=12 fw_us=3602947696 len=247

2026-09-14 16:48:26,921 INFO image_rx_daemon: frag_arrival: seq=166 idx=2 total=12 fw_us=3603064729 len=247

2026-09-14 16:48:27,031 INFO image_rx_daemon: frag_arrival: seq=166 idx=3 total=12 fw_us=3603181765 len=247

2026-09-14 16:48:27,149 INFO image_rx_daemon: frag_arrival: seq=166 idx=4 total=12 fw_us=3603298769 len=247

2026-09-14 16:48:27,269 INFO image_rx_daemon: frag_arrival: seq=166 idx=5 total=12 fw_us=3603415829 len=247

2026-09-14 16:48:27,388 INFO image_rx_daemon: frag_arrival: seq=166 idx=6 total=12 fw_us=3603532863 len=247

2026-09-14 16:48:27,456 INFO image_rx_daemon: cmd 0x63 superseded while pending (after 0 attempts) — body replaced, retry budget reset

2026-09-14 16:48:27,508 INFO image_rx_daemon: frag_arrival: seq=166 idx=7 total=12 fw_us=3603649611 len=247

2026-09-14 16:48:27,628 INFO image_rx_daemon: frag_arrival: seq=166 idx=8 total=12 fw_us=3603766922 len=247

2026-09-14 16:48:27,749 INFO image_rx_daemon: frag_arrival: seq=166 idx=9 total=12 fw_us=3603883720 len=247

2026-09-14 16:48:27,857 INFO image_rx_daemon: frag_arrival: seq=166 idx=10 total=12 fw_us=3604000889 len=247

2026-09-14 16:48:27,956 WARNING image_rx_daemon: crc_dump: irq=0x70 rx_len=255 snr=0.0 rssi=-65 dump=010200000000007c37f0b68d1c1abf714162a7909f067a3b4fbcf4da000386615e536bcdea5c6fbc68ec0ddf6d8bf1828c41d82ea445b2338c1ec7491cab058fdcf3a47f5371fe76c4c4d61ca0442bbfb4d7984b99070d126bf6454f9c3ba921944dad3b174d8229db9133ab9f30fcae5d374e629a7076af76c05b22ff7c5a9ebd297a569e1dcff630049601c96f896f2746b85e2f9a7bb6e326ae6cdcfa1a834fc677afbb2ead7d00a9007565554a1bf17de29b08472b452bae78634f424994f5d2092130818948ec7fd599653cae43f1b9cc1aeb5c05b15e8c0084245ce8c9deff561c64717d9e8c8c4c3e4eb8bba8aa937953a860a885d1ba34

2026-09-14 16:48:28,158 INFO image_rx_daemon: frag_arrival: seq=169 idx=0 total=13 fw_us=3604304666 len=247

2026-09-14 16:48:28,159 INFO image_rx_daemon: cmd 0x63 superseded while pending (after 0 attempts) — body replaced, retry budget reset

2026-09-14 16:48:28,277 INFO image_rx_daemon: frag_arrival: seq=169 idx=1 total=13 fw_us=3604421513 len=247

2026-09-14 16:48:28,400 INFO image_rx_daemon: frag_arrival: seq=169 idx=2 total=13 fw_us=3604538602 len=247

2026-09-14 16:48:28,509 INFO image_rx_daemon: frag_arrival: seq=169 idx=3 total=13 fw_us=3604655529 len=247

2026-09-14 16:48:28,628 INFO image_rx_daemon: frag_arrival: seq=169 idx=4 total=13 fw_us=3604772310 len=247

2026-09-14 16:48:28,748 INFO image_rx_daemon: frag_arrival: seq=169 idx=5 total=13 fw_us=3604889514 len=247

2026-09-14 16:48:28,865 INFO image_rx_daemon: frag_arrival: seq=169 idx=6 total=13 fw_us=3605006482 len=247

2026-09-14 16:48:28,866 INFO image_rx_daemon: cmd 0x63 superseded while pending (after 0 attempts) — body replaced, retry budget reset

2026-09-14 16:48:28,984 INFO image_rx_daemon: frag_arrival: seq=169 idx=7 total=13 fw_us=3605123320 len=247

2026-09-14 16:48:29,088 INFO image_rx_daemon: frag_arrival: seq=169 idx=8 total=13 fw_us=3605240361 len=247

2026-09-14 16:48:29,220 INFO image_rx_daemon: frag_arrival: seq=169 idx=9 total=13 fw_us=3605357248 len=247

2026-09-14 16:48:29,328 INFO image_rx_daemon: frag_arrival: seq=169 idx=10 total=13 fw_us=3605474465 len=247

2026-09-14 16:48:29,448 INFO image_rx_daemon: frag_arrival: seq=169 idx=11 total=13 fw_us=3605591480 len=247

2026-09-14 16:48:29,449 INFO image_rx_daemon: frag_arrival: seq=169 idx=12 total=13 fw_us=3605614912 len=22

2026-09-14 16:48:29,450 INFO image_rx_daemon: published frame_id=0 seq=169 2934 B → lifetrac/v25/video/tile_delta

2026-09-14 16:48:29,451 WARNING image_rx_daemon: cmd 0x60 GAVE UP after 4 attempts (11.1 s); cool-down 30 s

RFCO_PERTX during TX wait: profile_id=2 tx_status=0x00(OK) hop_idx=0 channel_idx=0 epoch=0 freq_hz=0 pkt_toa_us=10304 legal_dwell_used_us_10s=0

2026-09-14 16:48:29,481 INFO image_rx_daemon: command TX opcode=0x63 copy=1/1 OK (on air)

2026-09-14 16:48:29,566 INFO image_rx_daemon: cmd 0x63 superseded while pending (after 1 attempts) — body replaced, retry budget reset

2026-09-14 16:48:29,656 INFO image_rx_daemon: frag_arrival: seq=172 idx=0 total=13 fw_us=3605795668 len=247

2026-09-14 16:48:29,768 INFO image_rx_daemon: frag_arrival: seq=172 idx=1 total=13 fw_us=3605912782 len=247

2026-09-14 16:48:29,892 INFO image_rx_daemon: frag_arrival: seq=172 idx=2 total=13 fw_us=3606029901 len=247

2026-09-14 16:48:30,000 INFO image_rx_daemon: frag_arrival: seq=172 idx=3 total=13 fw_us=3606146956 len=247

2026-09-14 16:48:30,118 INFO image_rx_daemon: frag_arrival: seq=172 idx=4 total=13 fw_us=3606263963 len=247

2026-09-14 16:48:30,237 INFO image_rx_daemon: frag_arrival: seq=172 idx=5 total=13 fw_us=3606381122 len=247

2026-09-14 16:48:30,267 INFO image_rx_daemon: cmd 0x63 superseded while pending (after 0 attempts) — body replaced, retry budget reset

2026-09-14 16:48:30,356 INFO image_rx_daemon: frag_arrival: seq=172 idx=6 total=13 fw_us=3606498158 len=247

2026-09-14 16:48:30,473 INFO image_rx_daemon: frag_arrival: seq=172 idx=7 total=13 fw_us=3606615283 len=247

2026-09-14 16:48:30,592 INFO image_rx_daemon: frag_arrival: seq=172 idx=8 total=13 fw_us=3606732178 len=247

2026-09-14 16:48:30,712 INFO image_rx_daemon: frag_arrival: seq=172 idx=9 total=13 fw_us=3606849034 len=247

2026-09-14 16:48:30,827 INFO image_rx_daemon: frag_arrival: seq=172 idx=10 total=13 fw_us=3606966209 len=247

2026-09-14 16:48:30,936 INFO image_rx_daemon: frag_arrival: seq=172 idx=11 total=13 fw_us=3607083206 len=247

2026-09-14 16:48:30,950 INFO image_rx_daemon: frag_arrival: seq=172 idx=12 total=13 fw_us=3607113209 len=41

2026-09-14 16:48:30,953 INFO image_rx_daemon: published frame_id=0 seq=172 2953 B → lifetrac/v25/video/tile_delta

2026-09-14 16:48:30,965 INFO image_rx_daemon: cmd 0x63 superseded while pending (after 1 attempts) — body replaced, retry budget reset

RFCO_PERTX during TX wait: profile_id=2 tx_status=0x00(OK) hop_idx=0 channel_idx=0 epoch=0 freq_hz=0 pkt_toa_us=10304 legal_dwell_used_us_10s=0

2026-09-14 16:48:30,978 INFO image_rx_daemon: command TX opcode=0x63 copy=1/1 OK (on air)

2026-09-14 16:48:31,132 INFO image_rx_daemon: frag_arrival: seq=175 idx=0 total=13 fw_us=3607269986 len=247

2026-09-14 16:48:31,244 INFO image_rx_daemon: frag_arrival: seq=175 idx=1 total=13 fw_us=3607386620 len=247

2026-09-14 16:48:31,364 INFO image_rx_daemon: frag_arrival: seq=175 idx=2 total=13 fw_us=3607503982 len=247

2026-09-14 16:48:31,484 INFO image_rx_daemon: frag_arrival: seq=175 idx=3 total=13 fw_us=3607620750 len=247

2026-09-14 16:48:31,592 INFO image_rx_daemon: frag_arrival: seq=175 idx=4 total=13 fw_us=3607737895 len=247

2026-09-14 16:48:31,668 INFO image_rx_daemon: cmd 0x63 superseded while pending (after 0 attempts) — body replaced, retry budget reset

2026-09-14 16:48:31,716 INFO image_rx_daemon: frag_arrival: seq=175 idx=5 total=13 fw_us=3607855054 len=247

2026-09-14 16:48:31,828 INFO image_rx_daemon: frag_arrival: seq=175 idx=6 total=13 fw_us=3607971956 len=247

2026-09-14 16:48:31,924 WARNING image_rx_daemon: crc_dump: irq=0x70 rx_len=255 snr=-0.2 rssi=-65 dump=89405654ac50e1a411f8e7d47b4fa6043a0b8cd83848a14eded2647d3113a96e4892af22388e70b32563cc36d97c2b23d91708378f1f47b1bcec21c25baa98864cdb5b306afc180e62a1cc9defc0fdef6a8d671fe699298bfde7ea29ae4a487545295a3464232a024e1802c7474f63afc1158c9f5e807537e7ccc13d68aedc320151b48345c97d8eaed52ad0fab3af572af4e773765e4b6e09927cf871bc789b2a73c9138d1652c35a786111e1a73d3af7571a7e1c8e4ba28de2ff5c480733537dcf8a193a6f59c319beb41c5a622b592a6e4eef05d0d987625cf8c1cba6e6533164caf6a7034752600bab844f92ef5200c857b2d5dff040b49e6e

2026-09-14 16:48:32,069 INFO image_rx_daemon: frag_arrival: seq=175 idx=8 total=13 fw_us=3608205916 len=247

2026-09-14 16:48:32,175 INFO image_rx_daemon: frag_arrival: seq=175 idx=9 total=13 fw_us=3608322839 len=247

2026-09-14 16:48:32,296 INFO image_rx_daemon: frag_arrival: seq=175 idx=10 total=13 fw_us=3608439844 len=247

2026-09-14 16:48:32,370 INFO image_rx_daemon: cmd 0x63 superseded while pending (after 0 attempts) — body replaced, retry budget reset

2026-09-14 16:48:32,404 INFO image_rx_daemon: frag_arrival: seq=175 idx=11 total=13 fw_us=3608556834 len=247

2026-09-14 16:48:32,430 INFO image_rx_daemon: frag_arrival: seq=175 idx=12 total=13 fw_us=3608585503 len=37

RFCO_PERTX during TX wait: profile_id=2 tx_status=0x00(OK) hop_idx=0 channel_idx=0 epoch=0 freq_hz=0 pkt_toa_us=10304 legal_dwell_used_us_10s=0

2026-09-14 16:48:32,459 INFO image_rx_daemon: command TX opcode=0x63 copy=1/1 OK (on air)

2026-09-14 16:48:32,600 INFO image_rx_daemon: frag_arrival: seq=178 idx=0 total=13 fw_us=3608743498 len=247

2026-09-14 16:48:32,720 INFO image_rx_daemon: frag_arrival: seq=178 idx=1 total=13 fw_us=3608860357 len=247

2026-09-14 16:48:32,840 INFO image_rx_daemon: frag_arrival: seq=178 idx=2 total=13 fw_us=3608977376 len=247

2026-09-14 16:48:32,948 INFO image_rx_daemon: frag_arrival: seq=178 idx=3 total=13 fw_us=3609094374 len=247

2026-09-14 16:48:33,065 INFO image_rx_daemon: frag_arrival: seq=178 idx=4 total=13 fw_us=3609211353 len=247

2026-09-14 16:48:33,070 INFO image_rx_daemon: cmd 0x63 superseded while pending (after 1 attempts) — body replaced, retry budget reset

2026-09-14 16:48:33,183 INFO image_rx_daemon: frag_arrival: seq=178 idx=5 total=13 fw_us=3609328369 len=247

2026-09-14 16:48:33,304 INFO image_rx_daemon: frag_arrival: seq=178 idx=6 total=13 fw_us=3609445343 len=247

2026-09-14 16:48:33,428 INFO image_rx_daemon: frag_arrival: seq=178 idx=7 total=13 fw_us=3609562351 len=247

2026-09-14 16:48:33,536 INFO image_rx_daemon: frag_arrival: seq=178 idx=8 total=13 fw_us=3609679388 len=247

2026-09-14 16:48:33,656 INFO image_rx_daemon: frag_arrival: seq=178 idx=9 total=13 fw_us=3609796201 len=247

2026-09-14 16:48:33,773 INFO image_rx_daemon: frag_arrival: seq=178 idx=10 total=13 fw_us=3609913250 len=247

2026-09-14 16:48:33,774 INFO image_rx_daemon: cmd 0x63 superseded while pending (after 0 attempts) — body replaced, retry budget reset

2026-09-14 16:48:33,892 INFO image_rx_daemon: frag_arrival: seq=178 idx=11 total=13 fw_us=3610030219 len=247

2026-09-14 16:48:33,906 INFO image_rx_daemon: frag_arrival: seq=178 idx=12 total=13 fw_us=3610060223 len=41

2026-09-14 16:48:33,909 INFO image_rx_daemon: published frame_id=0 seq=178 2953 B → lifetrac/v25/video/tile_delta

2026-09-14 16:48:33,926 INFO image_rx_daemon: stats: rx_frames=767 rx_decode_err=0 frames_published=38 publish_err=0 reassembler_decode_err=0 reassembler_timeouts=23 parity_recon=0 idle_drain_deferred=6 cmd_cooldown_drops=4 cmd_gate_held=0 cmd_copies_deferred=0

2026-09-14 16:48:33,931 INFO image_rx_daemon: air_gap: n=84 dt_med=117008us dt_p95=180756us len_med=247B cmd_tx_ok=47 cmd_tx_fail=0

2026-09-14 16:48:33,937 INFO image_rx_daemon: air_gap_hist(ms): <40:4 <80:1 <120:72 <200:4 <400:3

2026-09-14 16:48:33,937 INFO image_rx_daemon: rx_rf: n_rssi=84 n_snr=84 rssi[min/med/max]=-69/-68/-67 snr[min/med/max]=5.0/6.0/6.0

2026-09-14 16:48:33,938 INFO image_rx_daemon: phase_telemetry: valid=84 invalid=0 pre_f8=0 last_epoch=0 last_hop=0 slot_off=[0..0]

2026-09-14 16:48:33,938 INFO image_rx_daemon: air_gap_by_class: seq: n=77 med=117.0ms | boundary: n=6 med=192.6ms | post_loss: n=1 med=234.0ms

2026-09-14 16:48:33,939 INFO image_rx_daemon: lost_frag_idx: n=2 idx0=0 (0.00% of idx0 arrivals) other=2 (2.50%) verdict=not-clustered | top 11:1 7:1

RFCO_PERTX during TX wait: profile_id=2 tx_status=0x00(OK) hop_idx=0 channel_idx=0 epoch=0 freq_hz=0 pkt_toa_us=10304 legal_dwell_used_us_10s=0

2026-09-14 16:48:33,940 INFO image_rx_daemon: command TX opcode=0x63 copy=1/1 OK (on air)

2026-09-14 16:48:34,080 INFO image_rx_daemon: frag_arrival: seq=181 idx=0 total=13 fw_us=3610220135 len=247

2026-09-14 16:48:34,200 INFO image_rx_daemon: frag_arrival: seq=181 idx=1 total=13 fw_us=3610337080 len=247

2026-09-14 16:48:34,312 INFO image_rx_daemon: frag_arrival: seq=181 idx=2 total=13 fw_us=3610454046 len=247

2026-09-14 16:48:34,429 INFO image_rx_daemon: frag_arrival: seq=181 idx=3 total=13 fw_us=3610571081 len=247

2026-09-14 16:48:34,477 INFO image_rx_daemon: cmd 0x63 superseded while pending (after 1 attempts) — body replaced, retry budget reset

2026-09-14 16:48:34,548 INFO image_rx_daemon: frag_arrival: seq=181 idx=4 total=13 fw_us=3610688032 len=247

2026-09-14 16:48:34,668 INFO image_rx_daemon: frag_arrival: seq=181 idx=5 total=13 fw_us=3610804971 len=247

2026-09-14 16:48:34,776 INFO image_rx_daemon: frag_arrival: seq=181 idx=6 total=13 fw_us=3610922015 len=247

2026-09-14 16:48:34,896 INFO image_rx_daemon: frag_arrival: seq=181 idx=7 total=13 fw_us=3611040078 len=247

2026-09-14 16:48:35,128 INFO image_rx_daemon: frag_arrival: seq=181 idx=9 total=13 fw_us=3611273029 len=247

2026-09-14 16:48:35,180 INFO image_rx_daemon: cmd 0x63 superseded while pending (after 0 attempts) — body replaced, retry budget reset

2026-09-14 16:48:35,245 INFO image_rx_daemon: frag_arrival: seq=181 idx=10 total=13 fw_us=3611391078 len=247

2026-09-14 16:48:35,400 INFO image_rx_daemon: frag_arrival: seq=181 idx=12 total=13 fw_us=3611551461 len=79

RFCO_PERTX during TX wait: profile_id=2 tx_status=0x00(OK) hop_idx=0 channel_idx=0 epoch=0 freq_hz=0 pkt_toa_us=10304 legal_dwell_used_us_10s=0

2026-09-14 16:48:35,428 INFO image_rx_daemon: command TX opcode=0x63 copy=1/1 OK (on air)

2026-09-14 16:48:35,664 INFO image_rx_daemon: frag_arrival: seq=187 idx=0 total=13 fw_us=3611811004 len=247

2026-09-14 16:48:35,782 INFO image_rx_daemon: frag_arrival: seq=187 idx=1 total=13 fw_us=3611927841 len=247

2026-09-14 16:48:35,883 INFO image_rx_daemon: cmd 0x63 superseded while pending (after 1 attempts) — body replaced, retry budget reset

2026-09-14 16:48:35,892 INFO image_rx_daemon: frag_arrival: seq=187 idx=2 total=13 fw_us=3612045014 len=247

2026-09-14 16:48:36,010 INFO image_rx_daemon: frag_arrival: seq=187 idx=3 total=13 fw_us=3612162043 len=247

2026-09-14 16:48:36,141 INFO image_rx_daemon: frag_arrival: seq=187 idx=4 total=13 fw_us=3612279055 len=247

2026-09-14 16:48:36,258 INFO image_rx_daemon: frag_arrival: seq=187 idx=5 total=13 fw_us=3612397078 len=247

2026-09-14 16:48:36,368 INFO image_rx_daemon: frag_arrival: seq=187 idx=6 total=13 fw_us=3612513141 len=247

2026-09-14 16:48:36,488 INFO image_rx_daemon: frag_arrival: seq=187 idx=7 total=13 fw_us=3612630016 len=247

2026-09-14 16:48:36,584 INFO image_rx_daemon: cmd 0x63 superseded while pending (after 0 attempts) — body replaced, retry budget reset

2026-09-14 16:48:36,600 INFO image_rx_daemon: frag_arrival: seq=187 idx=8 total=13 fw_us=3612748078 len=247

2026-09-14 16:48:36,720 INFO image_rx_daemon: frag_arrival: seq=187 idx=9 total=13 fw_us=3612863988 len=247

2026-09-14 16:48:36,840 INFO image_rx_daemon: frag_arrival: seq=187 idx=10 total=13 fw_us=3612981207 len=247

2026-09-14 16:48:36,964 INFO image_rx_daemon: frag_arrival: seq=187 idx=11 total=13 fw_us=3613098199 len=247

2026-09-14 16:48:36,994 INFO image_rx_daemon: frag_arrival: seq=187 idx=12 total=13 fw_us=3613142609 len=81

2026-09-14 16:48:37,000 INFO image_rx_daemon: published frame_id=0 seq=187 2993 B → lifetrac/v25/video/tile_delta

RFCO_PERTX during TX wait: profile_id=2 tx_status=0x00(OK) hop_idx=0 channel_idx=0 epoch=0 freq_hz=0 pkt_toa_us=10304 legal_dwell_used_us_10s=0

2026-09-14 16:48:37,025 INFO image_rx_daemon: command TX opcode=0x63 copy=1/1 OK (on air)

2026-09-14 16:48:37,260 INFO image_rx_daemon: frag_arrival: seq=188 idx=0 total=12 fw_us=3613402229 len=247

2026-09-14 16:48:37,287 INFO image_rx_daemon: cmd 0x63 superseded while pending (after 1 attempts) — body replaced, retry budget reset

2026-09-14 16:48:37,356 WARNING image_rx_daemon: crc_dump: irq=0x70 rx_len=255 snr=0.5 rssi=-65 dump=bc886c4368f742c913cb191cb8ccdfecc73d7c79f88a92b44fea654608c9f33f5167859e5f16ced0adfa3bbb44abf59057fdb2f4f495065346c2ab861ff37b04db0a324e6c7a3efb847e71d2ac46517b199440c0179b6c9f217e0ada570cace9c0be9c48edb59c7f46907b2cf401e380302ca0f3bfc1b5daa58c56ee3462278b865d0443807d7ee32c70b1f0101a9226b18f987fa6b4ea118939c847851fe523f0b4c2e7853743a61eed8f6b1d8380a4650d6d0ee32ebc9e5af6a057c398169d3f2b4bacf66fdb6695cb7d0a489e440168be47c4b078ac96c339c7c1a7ccb0a6cad7b2c487d3e7a214057017e2fa20bd6c38bb650a4ce626a253a7

2026-09-14 16:48:37,496 INFO image_rx_daemon: frag_arrival: seq=188 idx=2 total=12 fw_us=3613636221 len=247

2026-09-14 16:48:37,616 INFO image_rx_daemon: frag_arrival: seq=188 idx=3 total=12 fw_us=3613753154 len=247

2026-09-14 16:48:37,728 INFO image_rx_daemon: frag_arrival: seq=188 idx=4 total=12 fw_us=3613870233 len=247

2026-09-14 16:48:37,838 INFO image_rx_daemon: frag_arrival: seq=188 idx=5 total=12 fw_us=3613987313 len=247

2026-09-14 16:48:37,968 INFO image_rx_daemon: frag_arrival: seq=188 idx=6 total=12 fw_us=3614104297 len=247

2026-09-14 16:48:37,987 INFO image_rx_daemon: cmd 0x63 superseded while pending (after 0 attempts) — body replaced, retry budget reset

2026-09-14 16:48:38,082 INFO image_rx_daemon: frag_arrival: seq=188 idx=7 total=12 fw_us=3614221135 len=247

2026-09-14 16:48:38,204 INFO image_rx_daemon: frag_arrival: seq=188 idx=8 total=12 fw_us=3614338310 len=247

2026-09-14 16:48:38,325 INFO image_rx_daemon: frag_arrival: seq=188 idx=9 total=12 fw_us=3614455198 len=247

2026-09-14 16:48:38,434 INFO image_rx_daemon: frag_arrival: seq=188 idx=10 total=12 fw_us=3614572369 len=247

2026-09-14 16:48:38,538 WARNING image_rx_daemon: crc_dump: irq=0x70 rx_len=255 snr=2.5 rssi=-65 dump=010200000000002b6c9e009263311960c7c20367d4749116ca5b621d59e92bf42aa719d122e1cb099425d7bc6312719c13b154e18d09b1a4ccc0eb2b335d9c6f440d941f308db770f5fd3b8eff744dc15da132b2f33fd8547aa16cbcc6989038762f222694a1cb9b2a65d028ccf7410a4c779948cb7f66a815c58a40ccf1505e12730e5b94b66ab4e453e6e1164dac4ad1801dfa23c8bd9286eb204e4aafeee8d994e3b9729f954d8f4f12bbfdc4dcc7b78f0c4ca54ce028e4f64d8b93f6cbd6fa69e0a0ecfcdc0ad7b0f2fdfda4de367f266355b2b14c00ddd169fc9da9ecfc5279dae46cba60d5c190c21bad640501902dff51fef1b808c5dc92

2026-09-14 16:48:38,695 INFO image_rx_daemon: cmd 0x63 superseded while pending (after 0 attempts) — body replaced, retry budget reset

2026-09-14 16:48:38,741 INFO image_rx_daemon: frag_arrival: seq=190 idx=0 total=12 fw_us=3614876368 len=247

2026-09-14 16:48:38,848 INFO image_rx_daemon: frag_arrival: seq=190 idx=1 total=12 fw_us=3614992940 len=247

2026-09-14 16:48:38,968 INFO image_rx_daemon: frag_arrival: seq=190 idx=2 total=12 fw_us=3615110301 len=247

2026-09-14 16:48:39,088 INFO image_rx_daemon: frag_arrival: seq=190 idx=3 total=12 fw_us=3615227302 len=247

2026-09-14 16:48:39,208 INFO image_rx_daemon: frag_arrival: seq=190 idx=4 total=12 fw_us=3615344308 len=247

2026-09-14 16:48:39,320 INFO image_rx_daemon: frag_arrival: seq=190 idx=5 total=12 fw_us=3615461410 len=247

2026-09-14 16:48:39,395 INFO image_rx_daemon: cmd 0x63 superseded while pending (after 0 attempts) — body replaced, retry budget reset

2026-09-14 16:48:39,436 INFO image_rx_daemon: frag_arrival: seq=190 idx=6 total=12 fw_us=3615578383 len=247

2026-09-14 16:48:39,556 INFO image_rx_daemon: frag_arrival: seq=190 idx=7 total=12 fw_us=3615695272 len=247

2026-09-14 16:48:39,682 INFO image_rx_daemon: frag_arrival: seq=190 idx=8 total=12 fw_us=3615812339 len=247

2026-09-14 16:48:39,792 INFO image_rx_daemon: frag_arrival: seq=190 idx=9 total=12 fw_us=3615929243 len=247

2026-09-14 16:48:39,900 INFO image_rx_daemon: frag_arrival: seq=190 idx=10 total=12 fw_us=3616046365 len=247

2026-09-14 16:48:40,008 INFO image_rx_daemon: frag_arrival: seq=190 idx=11 total=12 fw_us=3616163301 len=246

2026-09-14 16:48:40,010 INFO image_rx_daemon: published frame_id=0 seq=190 2915 B → lifetrac/v25/video/tile_delta

RFCO_PERTX during TX wait: profile_id=2 tx_status=0x00(OK) hop_idx=0 channel_idx=0 epoch=0 freq_hz=0 pkt_toa_us=10304 legal_dwell_used_us_10s=0

2026-09-14 16:48:40,032 INFO image_rx_daemon: command TX opcode=0x63 copy=1/1 OK (on air)

2026-09-14 16:48:40,098 INFO image_rx_daemon: cmd 0x63 superseded while pending (after 1 attempts) — body replaced, retry budget reset

2026-09-14 16:48:40,216 INFO image_rx_daemon: frag_arrival: seq=193 idx=0 total=13 fw_us=3616350335 len=247

2026-09-14 16:48:40,324 INFO image_rx_daemon: frag_arrival: seq=193 idx=1 total=13 fw_us=3616468078 len=247

2026-09-14 16:48:40,448 INFO image_rx_daemon: frag_arrival: seq=193 idx=2 total=13 fw_us=3616584306 len=247

2026-09-14 16:48:40,556 INFO image_rx_daemon: frag_arrival: seq=193 idx=3 total=13 fw_us=3616701288 len=247

2026-09-14 16:48:40,683 INFO image_rx_daemon: frag_arrival: seq=193 idx=4 total=13 fw_us=3616818273 len=247

2026-09-14 16:48:40,801 INFO image_rx_daemon: cmd 0x63 superseded while pending (after 0 attempts) — body replaced, retry budget reset

2026-09-14 16:48:40,908 INFO image_rx_daemon: frag_arrival: seq=193 idx=6 total=13 fw_us=3617052301 len=247

2026-09-14 16:48:41,016 INFO image_rx_daemon: frag_arrival: seq=193 idx=7 total=13 fw_us=3617169302 len=247

2026-09-14 16:48:41,148 INFO image_rx_daemon: frag_arrival: seq=193 idx=8 total=13 fw_us=3617286052 len=247

2026-09-14 16:48:41,272 INFO image_rx_daemon: frag_arrival: seq=193 idx=9 total=13 fw_us=3617403257 len=247

2026-09-14 16:48:41,379 INFO image_rx_daemon: frag_arrival: seq=193 idx=10 total=13 fw_us=3617520352 len=247

2026-09-14 16:48:41,500 INFO image_rx_daemon: frag_arrival: seq=193 idx=11 total=13 fw_us=3617637327 len=247

2026-09-14 16:48:41,501 INFO image_rx_daemon: cmd 0x63 superseded while pending (after 0 attempts) — body replaced, retry budget reset

2026-09-14 16:48:41,539 INFO image_rx_daemon: frag_arrival: seq=193 idx=12 total=13 fw_us=3617679081 len=73

RFCO_PERTX during TX wait: profile_id=2 tx_status=0x00(OK) hop_idx=0 channel_idx=0 epoch=0 freq_hz=0 pkt_toa_us=10304 legal_dwell_used_us_10s=0

2026-09-14 16:48:41,566 INFO image_rx_daemon: command TX opcode=0x63 copy=1/1 OK (on air)

2026-09-14 16:48:41,804 INFO image_rx_daemon: frag_arrival: seq=199 idx=0 total=13 fw_us=3617941233 len=247

2026-09-14 16:48:41,924 INFO image_rx_daemon: frag_arrival: seq=199 idx=1 total=13 fw_us=3618057932 len=247

2026-09-14 16:48:42,021 INFO image_rx_daemon: frag_arrival: seq=199 idx=2 total=13 fw_us=3618175070 len=247

2026-09-14 16:48:42,149 INFO image_rx_daemon: frag_arrival: seq=199 idx=3 total=13 fw_us=3618292082 len=247

2026-09-14 16:48:42,206 INFO image_rx_daemon: cmd 0x63 superseded while pending (after 1 attempts) — body replaced, retry budget reset

2026-09-14 16:48:42,268 INFO image_rx_daemon: frag_arrival: seq=199 idx=4 total=13 fw_us=3618409071 len=247

2026-09-14 16:48:42,392 INFO image_rx_daemon: frag_arrival: seq=199 idx=5 total=13 fw_us=3618526081 len=247

2026-09-14 16:48:42,506 INFO image_rx_daemon: frag_arrival: seq=199 idx=6 total=13 fw_us=3618643127 len=247

2026-09-14 16:48:42,613 INFO image_rx_daemon: frag_arrival: seq=199 idx=7 total=13 fw_us=3618759975 len=247

2026-09-14 16:48:42,732 INFO image_rx_daemon: frag_arrival: seq=199 idx=8 total=13 fw_us=3618877203 len=247

2026-09-14 16:48:42,852 INFO image_rx_daemon: frag_arrival: seq=199 idx=9 total=13 fw_us=3618994074 len=247

2026-09-14 16:48:42,906 INFO image_rx_daemon: cmd 0x63 superseded while pending (after 0 attempts) — body replaced, retry budget reset

2026-09-14 16:48:42,976 INFO image_rx_daemon: frag_arrival: seq=199 idx=10 total=13 fw_us=3619111280 len=247

2026-09-14 16:48:43,084 INFO image_rx_daemon: frag_arrival: seq=199 idx=11 total=13 fw_us=3619228275 len=247

2026-09-14 16:48:43,113 INFO image_rx_daemon: frag_arrival: seq=199 idx=12 total=13 fw_us=3619266149 len=63

2026-09-14 16:48:43,117 INFO image_rx_daemon: published frame_id=0 seq=199 2975 B → lifetrac/v25/video/tile_delta

RFCO_PERTX during TX wait: profile_id=2 tx_status=0x00(OK) hop_idx=0 channel_idx=0 epoch=0 freq_hz=0 pkt_toa_us=10304 legal_dwell_used_us_10s=0

2026-09-14 16:48:43,144 INFO image_rx_daemon: command TX opcode=0x63 copy=1/1 OK (on air)

2026-09-14 16:48:43,392 INFO image_rx_daemon: frag_arrival: seq=200 idx=0 total=13 fw_us=3619532082 len=247

2026-09-14 16:48:43,512 INFO image_rx_daemon: frag_arrival: seq=200 idx=1 total=13 fw_us=3619648986 len=247

2026-09-14 16:48:43,608 INFO image_rx_daemon: cmd 0x63 superseded while pending (after 1 attempts) — body replaced, retry budget reset

2026-09-14 16:48:43,627 INFO image_rx_daemon: frag_arrival: seq=200 idx=2 total=13 fw_us=3619766174 len=247

2026-09-14 16:48:43,745 INFO image_rx_daemon: frag_arrival: seq=200 idx=3 total=13 fw_us=3619883314 len=247

2026-09-14 16:48:43,868 INFO image_rx_daemon: frag_arrival: seq=200 idx=4 total=13 fw_us=3620000354 len=247

2026-09-14 16:48:43,941 INFO image_rx_daemon: stats: rx_frames=843 rx_decode_err=0 frames_published=41 publish_err=0 reassembler_decode_err=0 reassembler_timeouts=27 parity_recon=0 idle_drain_deferred=6 cmd_cooldown_drops=5 cmd_gate_held=0 cmd_copies_deferred=0

2026-09-14 16:48:43,944 INFO image_rx_daemon: air_gap: n=76 dt_med=117029us dt_p95=259620us len_med=247B cmd_tx_ok=53 cmd_tx_fail=0

2026-09-14 16:48:43,948 INFO image_rx_daemon: air_gap_hist(ms): <40:1 <80:2 <120:62 <200:3 <400:8

2026-09-14 16:48:43,950 INFO image_rx_daemon: rx_rf: n_rssi=76 n_snr=76 rssi[min/med/max]=-70/-68/-68 snr[min/med/max]=5.0/6.0/6.0

2026-09-14 16:48:43,951 INFO image_rx_daemon: phase_telemetry: valid=76 invalid=0 pre_f8=0 last_epoch=0 last_hop=0 slot_off=[0..0]

2026-09-14 16:48:43,953 INFO image_rx_daemon: air_gap_by_class: seq: n=65 med=117.0ms | boundary: n=7 med=259.6ms | post_loss: n=4 med=234.0ms

2026-09-14 16:48:43,953 INFO image_rx_daemon: lost_frag_idx: n=5 idx0=0 (0.00% of idx0 arrivals) other=5 (6.76%) verdict=not-clustered | top 11:2 8:1 1:1 5:1

2026-09-14 16:48:43,973 INFO image_rx_daemon: frag_arrival: seq=200 idx=5 total=13 fw_us=3620117394 len=247

2026-09-14 16:48:44,096 INFO image_rx_daemon: frag_arrival: seq=200 idx=6 total=13 fw_us=3620234351 len=247

2026-09-14 16:48:44,213 INFO image_rx_daemon: frag_arrival: seq=200 idx=7 total=13 fw_us=3620351260 len=247

2026-09-14 16:48:44,310 INFO image_rx_daemon: cmd 0x63 superseded while pending (after 0 attempts) — body replaced, retry budget reset

2026-09-14 16:48:44,324 INFO image_rx_daemon: frag_arrival: seq=200 idx=8 total=13 fw_us=3620468357 len=247

2026-09-14 16:48:44,441 INFO image_rx_daemon: frag_arrival: seq=200 idx=9 total=13 fw_us=3620585225 len=247

2026-09-14 16:48:44,560 INFO image_rx_daemon: frag_arrival: seq=200 idx=10 total=13 fw_us=3620702383 len=247

2026-09-14 16:48:44,687 INFO image_rx_daemon: frag_arrival: seq=200 idx=11 total=13 fw_us=3620819159 len=247

2026-09-14 16:48:44,702 INFO image_rx_daemon: frag_arrival: seq=200 idx=12 total=13 fw_us=3620860942 len=74

2026-09-14 16:48:44,705 INFO image_rx_daemon: published frame_id=0 seq=200 2986 B → lifetrac/v25/video/tile_delta

RFCO_PERTX during TX wait: profile_id=2 tx_status=0x00(OK) hop_idx=0 channel_idx=0 epoch=0 freq_hz=0 pkt_toa_us=10304 legal_dwell_used_us_10s=0

2026-09-14 16:48:44,730 INFO image_rx_daemon: command TX opcode=0x63 copy=1/1 OK (on air)

2026-09-14 16:48:44,976 INFO image_rx_daemon: frag_arrival: seq=202 idx=0 total=13 fw_us=3621123338 len=247

2026-09-14 16:48:45,010 INFO image_rx_daemon: cmd 0x63 superseded while pending (after 1 attempts) — body replaced, retry budget reset

2026-09-14 16:48:45,101 INFO image_rx_daemon: frag_arrival: seq=202 idx=1 total=13 fw_us=3621240280 len=247

2026-09-14 16:48:45,224 INFO image_rx_daemon: frag_arrival: seq=202 idx=2 total=13 fw_us=3621357290 len=247

2026-09-14 16:48:45,332 INFO image_rx_daemon: frag_arrival: seq=202 idx=3 total=13 fw_us=3621474319 len=247

2026-09-14 16:48:45,452 INFO image_rx_daemon: frag_arrival: seq=202 idx=4 total=13 fw_us=3621591333 len=247

2026-09-14 16:48:45,572 INFO image_rx_daemon: frag_arrival: seq=202 idx=5 total=13 fw_us=3621708320 len=247

2026-09-14 16:48:45,684 INFO image_rx_daemon: frag_arrival: seq=202 idx=6 total=13 fw_us=3621825404 len=247

2026-09-14 16:48:45,714 INFO image_rx_daemon: cmd 0x63 superseded while pending (after 0 attempts) — body replaced, retry budget reset

2026-09-14 16:48:45,804 INFO image_rx_daemon: frag_arrival: seq=202 idx=7 total=13 fw_us=3621942181 len=247

2026-09-14 16:48:45,921 INFO image_rx_daemon: frag_arrival: seq=202 idx=8 total=13 fw_us=3622059389 len=247

2026-09-14 16:48:46,029 INFO image_rx_daemon: frag_arrival: seq=202 idx=9 total=13 fw_us=3622176257 len=247

2026-09-14 16:48:46,157 INFO image_rx_daemon: frag_arrival: seq=202 idx=10 total=13 fw_us=3622293354 len=247

2026-09-14 16:48:46,280 INFO image_rx_daemon: frag_arrival: seq=202 idx=11 total=13 fw_us=3622410418 len=247

2026-09-14 16:48:46,295 INFO image_rx_daemon: frag_arrival: seq=202 idx=12 total=13 fw_us=3622452212 len=73

2026-09-14 16:48:46,298 INFO image_rx_daemon: published frame_id=0 seq=202 2985 B → lifetrac/v25/video/tile_delta

RFCO_PERTX during TX wait: profile_id=2 tx_status=0x00(OK) hop_idx=0 channel_idx=0 epoch=0 freq_hz=0 pkt_toa_us=10304 legal_dwell_used_us_10s=0

2026-09-14 16:48:46,325 INFO image_rx_daemon: command TX opcode=0x63 copy=1/1 OK (on air)

2026-09-14 16:48:46,423 INFO image_rx_daemon: cmd 0x63 superseded while pending (after 1 attempts) — body replaced, retry budget reset

2026-09-14 16:48:46,576 INFO image_rx_daemon: frag_arrival: seq=205 idx=0 total=13 fw_us=3622715068 len=247

2026-09-14 16:48:46,696 INFO image_rx_daemon: frag_arrival: seq=205 idx=1 total=13 fw_us=3622831853 len=247

2026-09-14 16:48:46,804 INFO image_rx_daemon: frag_arrival: seq=205 idx=2 total=13 fw_us=3622949033 len=247

2026-09-14 16:48:46,924 INFO image_rx_daemon: frag_arrival: seq=205 idx=3 total=13 fw_us=3623066067 len=247

2026-09-14 16:48:47,042 INFO image_rx_daemon: frag_arrival: seq=205 idx=4 total=13 fw_us=3623183160 len=247

2026-09-14 16:48:47,123 INFO image_rx_daemon: cmd 0x63 superseded while pending (after 0 attempts) — body replaced, retry budget reset

2026-09-14 16:48:47,161 INFO image_rx_daemon: frag_arrival: seq=205 idx=5 total=13 fw_us=3623300077 len=247

2026-09-14 16:48:47,280 INFO image_rx_daemon: frag_arrival: seq=205 idx=6 total=13 fw_us=3623417167 len=247

2026-09-14 16:48:47,413 INFO image_rx_daemon: frag_arrival: seq=205 idx=7 total=13 fw_us=3623534164 len=247

2026-09-14 16:48:47,512 INFO image_rx_daemon: frag_arrival: seq=205 idx=8 total=13 fw_us=3623651210 len=247

2026-09-14 16:48:47,632 INFO image_rx_daemon: frag_arrival: seq=205 idx=9 total=13 fw_us=3623768015 len=247

2026-09-14 16:48:47,747 INFO image_rx_daemon: frag_arrival: seq=205 idx=10 total=13 fw_us=3623885195 len=247

2026-09-14 16:48:47,821 INFO image_rx_daemon: cmd 0x63 superseded while pending (after 0 attempts) — body replaced, retry budget reset

2026-09-14 16:48:47,864 INFO image_rx_daemon: frag_arrival: seq=205 idx=11 total=13 fw_us=3624002196 len=247

2026-09-14 16:48:47,865 INFO image_rx_daemon: frag_arrival: seq=205 idx=12 total=13 fw_us=3624019126 len=7

2026-09-14 16:48:47,866 INFO image_rx_daemon: published frame_id=0 seq=205 2919 B → lifetrac/v25/video/tile_delta

RFCO_PERTX during TX wait: profile_id=2 tx_status=0x00(OK) hop_idx=0 channel_idx=0 epoch=0 freq_hz=0 pkt_toa_us=10304 legal_dwell_used_us_10s=0

2026-09-14 16:48:47,892 INFO image_rx_daemon: command TX opcode=0x63 copy=1/1 OK (on air)

2026-09-14 16:48:48,047 INFO image_rx_daemon: frag_arrival: seq=209 idx=0 total=12 fw_us=3624189081 len=247

2026-09-14 16:48:48,168 INFO image_rx_daemon: frag_arrival: seq=209 idx=1 total=12 fw_us=3624306043 len=247

2026-09-14 16:48:48,288 INFO image_rx_daemon: frag_arrival: seq=209 idx=2 total=12 fw_us=3624424078 len=247

2026-09-14 16:48:48,396 INFO image_rx_daemon: frag_arrival: seq=209 idx=3 total=12 fw_us=3624540081 len=247

2026-09-14 16:48:48,515 INFO image_rx_daemon: frag_arrival: seq=209 idx=4 total=12 fw_us=3624658078 len=247

2026-09-14 16:48:48,522 INFO image_rx_daemon: cmd 0x63 superseded while pending (after 1 attempts) — body replaced, retry budget reset

2026-09-14 16:48:48,636 INFO image_rx_daemon: frag_arrival: seq=209 idx=5 total=12 fw_us=3624774069 len=247

2026-09-14 16:48:48,758 INFO image_rx_daemon: frag_arrival: seq=209 idx=6 total=12 fw_us=3624891081 len=247

2026-09-14 16:48:48,980 INFO image_rx_daemon: frag_arrival: seq=209 idx=8 total=12 fw_us=3625124996 len=247

2026-09-14 16:48:49,104 INFO image_rx_daemon: frag_arrival: seq=209 idx=9 total=12 fw_us=3625242081 len=247

2026-09-14 16:48:49,225 INFO image_rx_daemon: frag_arrival: seq=209 idx=10 total=12 fw_us=3625359123 len=247

2026-09-14 16:48:49,226 INFO image_rx_daemon: cmd 0x63 superseded while pending (after 0 attempts) — body replaced, retry budget reset

2026-09-14 16:48:49,322 WARNING image_rx_daemon: crc_dump: irq=0x70 rx_len=255 snr=4.5 rssi=-64 dump=01020060fd81224a3a80606f13d0d94663490226a23e0ccb9b407e535ed762447b40c25c242423005a53825928addff74de632dda66fbdc22eb885e4d26f789f81f86b5326c4c39f5631ee20e676f5edd3457f5f3bc6dae73505c5c3e0c37e9a6e25922d0877a2460fc581875e612482b09ef6e1e4b348e99e65b6843e3af50d0294b070ac22bca8cdaf9075638307f15136b80276803d1b37dc3d227a6449f0a9ebb95f39865b8450df7a5ccc8d180fa5ae2b1ed2e6e5e7127322da7d895d2767aa654e957a065f8ba926366a42b83a9945f86d629ed90a4f93a214c1728480dc40426700e0496699b40556584e6f1c2120903d6b230376c651df

2026-09-14 16:48:49,523 INFO image_rx_daemon: frag_arrival: seq=212 idx=0 total=13 fw_us=3625662995 len=247

2026-09-14 16:48:49,644 INFO image_rx_daemon: frag_arrival: seq=212 idx=1 total=13 fw_us=3625779863 len=247

2026-09-14 16:48:49,768 INFO image_rx_daemon: frag_arrival: seq=212 idx=2 total=13 fw_us=3625896988 len=247

2026-09-14 16:48:49,876 INFO image_rx_daemon: frag_arrival: seq=212 idx=3 total=13 fw_us=3626013989 len=247

2026-09-14 16:48:49,929 INFO image_rx_daemon: cmd 0x63 superseded while pending (after 0 attempts) — body replaced, retry budget reset

2026-09-14 16:48:50,003 INFO image_rx_daemon: frag_arrival: seq=212 idx=4 total=13 fw_us=3626130947 len=247

2026-09-14 16:48:50,112 INFO image_rx_daemon: frag_arrival: seq=212 idx=5 total=13 fw_us=3626247884 len=247

2026-09-14 16:48:50,232 INFO image_rx_daemon: frag_arrival: seq=212 idx=6 total=13 fw_us=3626364970 len=247

2026-09-14 16:48:50,341 INFO image_rx_daemon: frag_arrival: seq=212 idx=7 total=13 fw_us=3626481763 len=247

2026-09-14 16:48:50,464 INFO image_rx_daemon: frag_arrival: seq=212 idx=8 total=13 fw_us=3626598871 len=247

2026-09-14 16:48:50,573 INFO image_rx_daemon: frag_arrival: seq=212 idx=9 total=13 fw_us=3626715600 len=247

2026-09-14 16:48:50,632 INFO image_rx_daemon: cmd 0x63 superseded while pending (after 0 attempts) — body replaced, retry budget reset

2026-09-14 16:48:50,680 WARNING image_rx_daemon: crc_dump: irq=0x70 rx_len=255 snr=3.0 rssi=-64 dump=19f80caa5f05483809f6bdf7612572b34718dbb23e23b7d0d51a897daf2702f58f50ad5974a7d54839a1a72bce46a996b86b6a1a6dbdce3f698bdb510749112a582b5c0d22440402dcafddc06ce61f076765328e4d2c06c33d707296bf250809a3d4507e7e1f9cb53596a32b86d38fd643dec84931735e51d77b579ff0ef3791db4dec80c9d42889e201cefa2a8c676ff11c16548fb5d08e9a600e397435c2d1acba4359dc6da2e4ec7b9b9c27d657fad00d8c2f7fa33eaf1356c8fe16e47c595c555e4282a4ed6e69df9c271697101fc302b432b764a7971f3410a87bc971a11fc78416fa3ed9ae6e7eb781180183f20bf7fe8651da00fa6fa9a5

2026-09-14 16:48:50,809 INFO image_rx_daemon: frag_arrival: seq=212 idx=11 total=13 fw_us=3626949770 len=247

2026-09-14 16:48:50,822 INFO image_rx_daemon: frag_arrival: seq=212 idx=12 total=13 fw_us=3626982379 len=47

RFCO_PERTX during TX wait: profile_id=2 tx_status=0x00(OK) hop_idx=0 channel_idx=0 epoch=0 freq_hz=0 pkt_toa_us=10304 legal_dwell_used_us_10s=0

2026-09-14 16:48:50,854 INFO image_rx_daemon: command TX opcode=0x63 copy=1/1 OK (on air)

2026-09-14 16:48:51,005 INFO image_rx_daemon: frag_arrival: seq=215 idx=0 total=13 fw_us=3627136589 len=247

2026-09-14 16:48:51,116 INFO image_rx_daemon: frag_arrival: seq=215 idx=1 total=13 fw_us=3627253455 len=247

2026-09-14 16:48:51,236 INFO image_rx_daemon: frag_arrival: seq=215 idx=2 total=13 fw_us=3627370485 len=247

2026-09-14 16:48:51,341 INFO image_rx_daemon: frag_arrival: seq=215 idx=3 total=13 fw_us=3627487504 len=247

2026-09-14 16:48:51,343 INFO image_rx_daemon: cmd 0x63 superseded while pending (after 1 attempts) — body replaced, retry budget reset

2026-09-14 16:48:51,471 INFO image_rx_daemon: frag_arrival: seq=215 idx=4 total=13 fw_us=3627604390 len=247

2026-09-14 16:48:51,582 INFO image_rx_daemon: frag_arrival: seq=215 idx=5 total=13 fw_us=3627721393 len=247

2026-09-14 16:48:51,700 INFO image_rx_daemon: frag_arrival: seq=215 idx=6 total=13 fw_us=3627838329 len=247

2026-09-14 16:48:51,821 INFO image_rx_daemon: frag_arrival: seq=215 idx=7 total=13 fw_us=3627955344 len=247

2026-09-14 16:48:51,934 INFO image_rx_daemon: frag_arrival: seq=215 idx=8 total=13 fw_us=3628072133 len=247

2026-09-14 16:48:52,039 INFO image_rx_daemon: cmd 0x63 superseded while pending (after 0 attempts) — body replaced, retry budget reset

2026-09-14 16:48:52,043 INFO image_rx_daemon: frag_arrival: seq=215 idx=9 total=13 fw_us=3628189320 len=247

2026-09-14 16:48:52,172 INFO image_rx_daemon: frag_arrival: seq=215 idx=10 total=13 fw_us=3628306176 len=247

2026-09-14 16:48:52,287 INFO image_rx_daemon: frag_arrival: seq=215 idx=11 total=13 fw_us=3628423200 len=247

2026-09-14 16:48:52,304 INFO image_rx_daemon: frag_arrival: seq=215 idx=12 total=13 fw_us=3628451919 len=39

2026-09-14 16:48:52,310 INFO image_rx_daemon: published frame_id=0 seq=215 2951 B → lifetrac/v25/video/tile_delta

RFCO_PERTX during TX wait: profile_id=2 tx_status=0x00(OK) hop_idx=0 channel_idx=0 epoch=0 freq_hz=0 pkt_toa_us=10304 legal_dwell_used_us_10s=0

2026-09-14 16:48:52,337 INFO image_rx_daemon: command TX opcode=0x63 copy=1/1 OK (on air)

2026-09-14 16:48:52,471 INFO image_rx_daemon: frag_arrival: seq=218 idx=0 total=13 fw_us=3628610799 len=247

2026-09-14 16:48:52,589 INFO image_rx_daemon: frag_arrival: seq=218 idx=1 total=13 fw_us=3628727676 len=247

2026-09-14 16:48:52,708 INFO image_rx_daemon: frag_arrival: seq=218 idx=2 total=13 fw_us=3628844760 len=247

2026-09-14 16:48:52,740 INFO image_rx_daemon: cmd 0x63 superseded while pending (after 1 attempts) — body replaced, retry budget reset

2026-09-14 16:48:52,832 INFO image_rx_daemon: frag_arrival: seq=218 idx=3 total=13 fw_us=3628961658 len=247

2026-09-14 16:48:52,940 INFO image_rx_daemon: frag_arrival: seq=218 idx=4 total=13 fw_us=3629078666 len=247

2026-09-14 16:48:53,059 INFO image_rx_daemon: frag_arrival: seq=218 idx=5 total=13 fw_us=3629195954 len=247

2026-09-14 16:48:53,168 INFO image_rx_daemon: frag_arrival: seq=218 idx=6 total=13 fw_us=3629312910 len=247

2026-09-14 16:48:53,298 INFO image_rx_daemon: frag_arrival: seq=218 idx=7 total=13 fw_us=3629429969 len=247

2026-09-14 16:48:53,412 INFO image_rx_daemon: frag_arrival: seq=218 idx=8 total=13 fw_us=3629546964 len=247

2026-09-14 16:48:53,443 INFO image_rx_daemon: cmd 0x63 superseded while pending (after 0 attempts) — body replaced, retry budget reset

2026-09-14 16:48:53,530 INFO image_rx_daemon: frag_arrival: seq=218 idx=9 total=13 fw_us=3629663982 len=247

2026-09-14 16:48:53,636 INFO image_rx_daemon: frag_arrival: seq=218 idx=10 total=13 fw_us=3629780916 len=247

2026-09-14 16:48:53,755 INFO image_rx_daemon: frag_arrival: seq=218 idx=11 total=13 fw_us=3629897952 len=247

2026-09-14 16:48:53,756 INFO image_rx_daemon: frag_arrival: seq=218 idx=12 total=13 fw_us=3629916214 len=11

2026-09-14 16:48:53,757 INFO image_rx_daemon: published frame_id=0 seq=218 2923 B → lifetrac/v25/video/tile_delta

RFCO_PERTX during TX wait: profile_id=2 tx_status=0x00(OK) hop_idx=0 channel_idx=0 epoch=0 freq_hz=0 pkt_toa_us=10304 legal_dwell_used_us_10s=0

2026-09-14 16:48:53,783 INFO image_rx_daemon: command TX opcode=0x63 copy=1/1 OK (on air)

2026-09-14 16:48:53,948 INFO image_rx_daemon: frag_arrival: seq=221 idx=0 total=13 fw_us=3630084577 len=247

2026-09-14 16:48:53,956 INFO image_rx_daemon: stats: rx_frames=926 rx_decode_err=0 frames_published=46 publish_err=0 reassembler_decode_err=0 reassembler_timeouts=29 parity_recon=0 idle_drain_deferred=6 cmd_cooldown_drops=6 cmd_gate_held=0 cmd_copies_deferred=0

2026-09-14 16:48:53,956 INFO image_rx_daemon: air_gap: n=83 dt_med=117012us dt_p95=233915us len_med=247B cmd_tx_ok=59 cmd_tx_fail=0

2026-09-14 16:48:53,957 INFO image_rx_daemon: air_gap_hist(ms): <20:2 <40:2 <80:2 <120:68 <200:4 <400:5

2026-09-14 16:48:53,958 INFO image_rx_daemon: rx_rf: n_rssi=83 n_snr=83 rssi[min/med/max]=-69/-68/-67 snr[min/med/max]=5.0/6.0/7.0

2026-09-14 16:48:53,959 INFO image_rx_daemon: phase_telemetry: valid=83 invalid=0 pre_f8=0 last_epoch=0 last_hop=0 slot_off=[0..0]

2026-09-14 16:48:53,960 INFO image_rx_daemon: air_gap_by_class: seq: n=74 med=117.0ms | boundary: n=7 med=170.0ms | post_loss: n=2 med=234.2ms

2026-09-14 16:48:53,961 INFO image_rx_daemon: lost_frag_idx: n=3 idx0=0 (0.00% of idx0 arrivals) other=3 (3.80%) verdict=not-clustered | top 7:1 11:1 10:1

2026-09-14 16:48:54,069 INFO image_rx_daemon: frag_arrival: seq=221 idx=1 total=13 fw_us=3630201373 len=247

2026-09-14 16:48:54,144 INFO image_rx_daemon: cmd 0x63 superseded while pending (after 1 attempts) — body replaced, retry budget reset

2026-09-14 16:48:54,173 INFO image_rx_daemon: frag_arrival: seq=221 idx=2 total=13 fw_us=3630318450 len=247

2026-09-14 16:48:54,292 INFO image_rx_daemon: frag_arrival: seq=221 idx=3 total=13 fw_us=3630435480 len=247

2026-09-14 16:48:54,416 INFO image_rx_daemon: frag_arrival: seq=221 idx=4 total=13 fw_us=3630552502 len=247

2026-09-14 16:48:54,533 INFO image_rx_daemon: frag_arrival: seq=221 idx=5 total=13 fw_us=3630669532 len=247

2026-09-14 16:48:54,652 INFO image_rx_daemon: frag_arrival: seq=221 idx=6 total=13 fw_us=3630786471 len=247

2026-09-14 16:48:54,773 INFO image_rx_daemon: frag_arrival: seq=221 idx=7 total=13 fw_us=3630903550 len=247

2026-09-14 16:48:54,847 INFO image_rx_daemon: cmd 0x63 superseded while pending (after 0 attempts) — body replaced, retry budget reset

2026-09-14 16:48:54,882 INFO image_rx_daemon: frag_arrival: seq=221 idx=8 total=13 fw_us=3631020550 len=247

2026-09-14 16:48:55,000 INFO image_rx_daemon: frag_arrival: seq=221 idx=9 total=13 fw_us=3631137530 len=247

2026-09-14 16:48:55,121 INFO image_rx_daemon: frag_arrival: seq=221 idx=10 total=13 fw_us=3631254505 len=247

2026-09-14 16:48:55,221 WARNING image_rx_daemon: crc_dump: irq=0x70 rx_len=255 snr=-0.8 rssi=-64 dump=59c69985c111f73d3a369462e9eaec95219d9c2db819bb4b7d8aea15a13de7e92a1e5b3beae56cd8cc9778f3b2064c868d6ef649f6de6fc16ab5817437c07e6ddc5989f1d32a38be337de1d913fae39a6a8b674bb93add9ddcf4da518b3c8db22e302b6b5324c82ae0ece644c304e7af7961c0b6add1e82b4051a0bfce8982a5f3a1bcc7122e0c78a411adb820c6d781b69ccf6ecddc3f5a421d8afb5ea25867ca6491cb73dfcf647f40ce6972c529cbbd2cf6a6817a8eac265b26dadc8d8390825bf408edf4b92bd500e81aeafb394411b0886d9890f58e8f1a012773342f93ff3d7d34c31116458a546c142ebfc3e86f1d6500a67a591d43ecd8

2026-09-14 16:48:55,272 INFO image_rx_daemon: frag_arrival: seq=221 idx=12 total=13 fw_us=3631415991 len=80

RFCO_PERTX during TX wait: profile_id=2 tx_status=0x00(OK) hop_idx=0 channel_idx=0 epoch=0 freq_hz=0 pkt_toa_us=10304 legal_dwell_used_us_10s=0

2026-09-14 16:48:55,298 INFO image_rx_daemon: command TX opcode=0x63 copy=1/1 OK (on air)

2026-09-14 16:48:55,535 INFO image_rx_daemon: frag_arrival: seq=224 idx=0 total=12 fw_us=3631675682 len=247

2026-09-14 16:48:55,547 INFO image_rx_daemon: cmd 0x63 superseded while pending (after 1 attempts) — body replaced, retry budget reset

2026-09-14 16:48:55,656 INFO image_rx_daemon: frag_arrival: seq=224 idx=1 total=12 fw_us=3631792504 len=247

2026-09-14 16:48:55,778 INFO image_rx_daemon: frag_arrival: seq=224 idx=2 total=12 fw_us=3631909634 len=247

2026-09-14 16:48:55,892 INFO image_rx_daemon: frag_arrival: seq=224 idx=3 total=12 fw_us=3632026613 len=247

2026-09-14 16:48:56,007 INFO image_rx_daemon: frag_arrival: seq=224 idx=4 total=12 fw_us=3632143727 len=247

2026-09-14 16:48:56,125 INFO image_rx_daemon: frag_arrival: seq=224 idx=5 total=12 fw_us=3632260666 len=247

2026-09-14 16:48:56,244 INFO image_rx_daemon: frag_arrival: seq=224 idx=6 total=12 fw_us=3632377729 len=247

2026-09-14 16:48:56,247 INFO image_rx_daemon: cmd 0x63 superseded while pending (after 0 attempts) — body replaced, retry budget reset

2026-09-14 16:48:56,354 INFO image_rx_daemon: frag_arrival: seq=224 idx=7 total=12 fw_us=3632494589 len=247

2026-09-14 16:48:56,468 INFO image_rx_daemon: frag_arrival: seq=224 idx=8 total=12 fw_us=3632611711 len=247

2026-09-14 16:48:56,588 INFO image_rx_daemon: frag_arrival: seq=224 idx=9 total=12 fw_us=3632728551 len=247

2026-09-14 16:48:56,712 INFO image_rx_daemon: frag_arrival: seq=224 idx=10 total=12 fw_us=3632845761 len=247

2026-09-14 16:48:56,820 INFO image_rx_daemon: frag_arrival: seq=224 idx=11 total=12 fw_us=3632957443 len=241

2026-09-14 16:48:56,821 INFO image_rx_daemon: published frame_id=0 seq=224 2910 B → lifetrac/v25/video/tile_delta

RFCO_PERTX during TX wait: profile_id=2 tx_status=0x00(OK) hop_idx=0 channel_idx=0 epoch=0 freq_hz=0 pkt_toa_us=10304 legal_dwell_used_us_10s=0

2026-09-14 16:48:56,845 INFO image_rx_daemon: command TX opcode=0x63 copy=1/1 OK (on air)

2026-09-14 16:48:56,951 INFO image_rx_daemon: cmd 0x63 superseded while pending (after 1 attempts) — body replaced, retry budget reset

2026-09-14 16:48:57,006 INFO image_rx_daemon: frag_arrival: seq=226 idx=0 total=13 fw_us=3633149891 len=247

2026-09-14 16:48:57,128 INFO image_rx_daemon: frag_arrival: seq=226 idx=1 total=13 fw_us=3633266804 len=247

2026-09-14 16:48:57,252 INFO image_rx_daemon: frag_arrival: seq=226 idx=2 total=13 fw_us=3633383852 len=247

2026-09-14 16:48:57,357 INFO image_rx_daemon: frag_arrival: seq=226 idx=3 total=13 fw_us=3633500907 len=247

2026-09-14 16:48:57,489 INFO image_rx_daemon: frag_arrival: seq=226 idx=4 total=13 fw_us=3633617874 len=247

2026-09-14 16:48:57,597 INFO image_rx_daemon: frag_arrival: seq=226 idx=5 total=13 fw_us=3633734915 len=247

2026-09-14 16:48:57,655 INFO image_rx_daemon: cmd 0x63 superseded while pending (after 0 attempts) — body replaced, retry budget reset

2026-09-14 16:48:57,716 INFO image_rx_daemon: frag_arrival: seq=226 idx=6 total=13 fw_us=3633851914 len=247

2026-09-14 16:48:57,834 INFO image_rx_daemon: frag_arrival: seq=226 idx=7 total=13 fw_us=3633968817 len=247

2026-09-14 16:48:57,957 INFO image_rx_daemon: frag_arrival: seq=226 idx=8 total=13 fw_us=3634086013 len=247

2026-09-14 16:48:58,068 INFO image_rx_daemon: frag_arrival: seq=226 idx=9 total=13 fw_us=3634202898 len=247

2026-09-14 16:48:58,179 INFO image_rx_daemon: frag_arrival: seq=226 idx=10 total=13 fw_us=3634320008 len=247

2026-09-14 16:48:58,298 INFO image_rx_daemon: frag_arrival: seq=226 idx=11 total=13 fw_us=3634437009 len=247

2026-09-14 16:48:58,327 INFO image_rx_daemon: frag_arrival: seq=226 idx=12 total=13 fw_us=3634477443 len=68

2026-09-14 16:48:58,330 INFO image_rx_daemon: published frame_id=0 seq=226 2980 B → lifetrac/v25/video/tile_delta

RFCO_PERTX during TX wait: profile_id=2 tx_status=0x00(OK) hop_idx=0 channel_idx=0 epoch=0 freq_hz=0 pkt_toa_us=10304 legal_dwell_used_us_10s=0

2026-09-14 16:48:58,357 INFO image_rx_daemon: command TX opcode=0x63 copy=1/1 OK (on air)

2026-09-14 16:48:58,361 INFO image_rx_daemon: cmd 0x63 superseded while pending (after 1 attempts) — body replaced, retry budget reset

2026-09-14 16:48:58,596 INFO image_rx_daemon: frag_arrival: seq=230 idx=0 total=12 fw_us=3634741042 len=247

2026-09-14 16:48:58,716 INFO image_rx_daemon: frag_arrival: seq=230 idx=1 total=12 fw_us=3634857932 len=247

2026-09-14 16:48:58,836 INFO image_rx_daemon: frag_arrival: seq=230 idx=2 total=12 fw_us=3634974948 len=247

2026-09-14 16:48:58,959 INFO image_rx_daemon: frag_arrival: seq=230 idx=3 total=12 fw_us=3635091917 len=247

2026-09-14 16:48:59,060 INFO image_rx_daemon: cmd 0x63 superseded while pending (after 0 attempts) — body replaced, retry budget reset

2026-09-14 16:48:59,067 INFO image_rx_daemon: frag_arrival: seq=230 idx=4 total=12 fw_us=3635208942 len=247

2026-09-14 16:48:59,188 INFO image_rx_daemon: frag_arrival: seq=230 idx=5 total=12 fw_us=3635325822 len=247

2026-09-14 16:48:59,312 INFO image_rx_daemon: frag_arrival: seq=230 idx=6 total=12 fw_us=3635442857 len=247

2026-09-14 16:48:59,424 INFO image_rx_daemon: frag_arrival: seq=230 idx=7 total=12 fw_us=3635560316 len=247

2026-09-14 16:48:59,541 INFO image_rx_daemon: frag_arrival: seq=230 idx=8 total=12 fw_us=3635677504 len=247

2026-09-14 16:48:59,662 INFO image_rx_daemon: frag_arrival: seq=230 idx=9 total=12 fw_us=3635794216 len=247

2026-09-14 16:48:59,768 INFO image_rx_daemon: cmd 0x63 superseded while pending (after 0 attempts) — body replaced, retry budget reset

2026-09-14 16:48:59,772 INFO image_rx_daemon: frag_arrival: seq=230 idx=10 total=12 fw_us=3635911373 len=247

2026-09-14 16:48:59,872 WARNING image_rx_daemon: crc_dump: irq=0x70 rx_len=255 snr=1.0 rssi=-65 dump=01020000000000c369052fcf32bb7e67b7f5f51ccc3f7e92ebcc189132c569798dd06ff81d7a77cfd262fd79e699a2c155702b68947c7033e9b96f79b66d417c796b3c84ef6fffda84d6e45688548c8ba8227e5f90e8c3066b7c9d7608e3b371d842de9e3a1fe1c697a8f6a6c90396f26d32df50c99f7a9ed3e46a418336ff6ebfb8119a902e0af10277d8d1f800adfb674d942ed8383ae5f53e07ca30e7295946a5b4ed8154c3b1010f887ea60f423752f6e3ad426819ba6f962f4af16288943b81e06902e7275db630d1a8c038bc23bbb47c2fab68733dd6bf2349b61e2701e72a5808366bb50f1c02d86d43be900ba4874a9c26c30781851862

2026-09-14 16:49:00,077 INFO image_rx_daemon: frag_arrival: seq=233 idx=0 total=13 fw_us=3636215666 len=247

2026-09-14 16:49:00,200 INFO image_rx_daemon: frag_arrival: seq=233 idx=1 total=13 fw_us=3636332473 len=247

2026-09-14 16:49:00,317 INFO image_rx_daemon: frag_arrival: seq=233 idx=2 total=13 fw_us=3636449588 len=247

2026-09-14 16:49:00,440 INFO image_rx_daemon: frag_arrival: seq=233 idx=3 total=13 fw_us=3636566608 len=247

2026-09-14 16:49:00,465 INFO image_rx_daemon: cmd 0x63 superseded while pending (after 0 attempts) — body replaced, retry budget reset

2026-09-14 16:49:00,549 INFO image_rx_daemon: frag_arrival: seq=233 idx=4 total=13 fw_us=3636683588 len=247

2026-09-14 16:49:00,665 INFO image_rx_daemon: frag_arrival: seq=233 idx=5 total=13 fw_us=3636800548 len=247

2026-09-14 16:49:00,788 INFO image_rx_daemon: frag_arrival: seq=233 idx=6 total=13 fw_us=3636917533 len=247

2026-09-14 16:49:00,896 INFO image_rx_daemon: frag_arrival: seq=233 idx=7 total=13 fw_us=3637034414 len=247

2026-09-14 16:49:01,005 INFO image_rx_daemon: frag_arrival: seq=233 idx=8 total=13 fw_us=3637151573 len=247

2026-09-14 16:49:01,136 INFO image_rx_daemon: frag_arrival: seq=233 idx=9 total=13 fw_us=3637268401 len=247

2026-09-14 16:49:01,166 INFO image_rx_daemon: cmd 0x63 superseded while pending (after 0 attempts) — body replaced, retry budget reset

2026-09-14 16:49:01,248 INFO image_rx_daemon: frag_arrival: seq=233 idx=10 total=13 fw_us=3637385619 len=247

2026-09-14 16:49:01,365 INFO image_rx_daemon: frag_arrival: seq=233 idx=11 total=13 fw_us=3637502618 len=247

2026-09-14 16:49:01,366 INFO image_rx_daemon: frag_arrival: seq=233 idx=12 total=13 fw_us=3637526054 len=22

2026-09-14 16:49:01,367 INFO image_rx_daemon: published frame_id=0 seq=233 2934 B → lifetrac/v25/video/tile_delta

RFCO_PERTX during TX wait: profile_id=2 tx_status=0x00(OK) hop_idx=0 channel_idx=0 epoch=0 freq_hz=0 pkt_toa_us=10304 legal_dwell_used_us_10s=0

2026-09-14 16:49:01,398 INFO image_rx_daemon: command TX opcode=0x63 copy=1/1 OK (on air)

2026-09-14 16:49:01,549 INFO image_rx_daemon: frag_arrival: seq=236 idx=0 total=13 fw_us=3637689672 len=247

2026-09-14 16:49:01,668 INFO image_rx_daemon: frag_arrival: seq=236 idx=1 total=13 fw_us=3637806707 len=247

2026-09-14 16:49:01,788 INFO image_rx_daemon: frag_arrival: seq=236 idx=2 total=13 fw_us=3637923717 len=247

2026-09-14 16:49:01,868 INFO image_rx_daemon: cmd 0x63 superseded while pending (after 1 attempts) — body replaced, retry budget reset

2026-09-14 16:49:01,908 INFO image_rx_daemon: frag_arrival: seq=236 idx=3 total=13 fw_us=3638040765 len=247

2026-09-14 16:49:02,006 INFO image_rx_daemon: frag_arrival: seq=236 idx=4 total=13 fw_us=3638157867 len=247

2026-09-14 16:49:02,138 INFO image_rx_daemon: frag_arrival: seq=236 idx=5 total=13 fw_us=3638274851 len=247

2026-09-14 16:49:02,256 INFO image_rx_daemon: frag_arrival: seq=236 idx=6 total=13 fw_us=3638391946 len=247

2026-09-14 16:49:02,376 INFO image_rx_daemon: frag_arrival: seq=236 idx=7 total=13 fw_us=3638508966 len=247

2026-09-14 16:49:02,484 INFO image_rx_daemon: frag_arrival: seq=236 idx=8 total=13 fw_us=3638625901 len=247

2026-09-14 16:49:02,569 INFO image_rx_daemon: cmd 0x63 superseded while pending (after 0 attempts) — body replaced, retry budget reset

2026-09-14 16:49:02,604 INFO image_rx_daemon: frag_arrival: seq=236 idx=9 total=13 fw_us=3638742843 len=247

2026-09-14 16:49:02,724 INFO image_rx_daemon: frag_arrival: seq=236 idx=10 total=13 fw_us=3638860080 len=247

2026-09-14 16:49:02,844 INFO image_rx_daemon: frag_arrival: seq=236 idx=11 total=13 fw_us=3638977057 len=247

2026-09-14 16:49:02,858 INFO image_rx_daemon: frag_arrival: seq=236 idx=12 total=13 fw_us=3639007062 len=41

2026-09-14 16:49:02,861 INFO image_rx_daemon: published frame_id=0 seq=236 2953 B → lifetrac/v25/video/tile_delta

RFCO_PERTX during TX wait: profile_id=2 tx_status=0x00(OK) hop_idx=0 channel_idx=0 epoch=0 freq_hz=0 pkt_toa_us=10304 legal_dwell_used_us_10s=0

2026-09-14 16:49:02,888 INFO image_rx_daemon: command TX opcode=0x63 copy=1/1 OK (on air)

2026-09-14 16:49:03,018 INFO image_rx_daemon: frag_arrival: seq=239 idx=0 total=13 fw_us=3639166501 len=247

2026-09-14 16:49:03,148 INFO image_rx_daemon: frag_arrival: seq=239 idx=1 total=13 fw_us=3639283304 len=247

2026-09-14 16:49:03,265 INFO image_rx_daemon: frag_arrival: seq=239 idx=2 total=13 fw_us=3639400394 len=247

2026-09-14 16:49:03,268 INFO image_rx_daemon: cmd 0x63 superseded while pending (after 1 attempts) — body replaced, retry budget reset

2026-09-14 16:49:03,388 INFO image_rx_daemon: frag_arrival: seq=239 idx=3 total=13 fw_us=3639517370 len=247

2026-09-14 16:49:03,496 INFO image_rx_daemon: frag_arrival: seq=239 idx=4 total=13 fw_us=3639634420 len=247

2026-09-14 16:49:03,613 INFO image_rx_daemon: frag_arrival: seq=239 idx=5 total=13 fw_us=3639751442 len=247

2026-09-14 16:49:03,733 INFO image_rx_daemon: frag_arrival: seq=239 idx=6 total=13 fw_us=3639868450 len=247

2026-09-14 16:49:03,852 INFO image_rx_daemon: frag_arrival: seq=239 idx=7 total=13 fw_us=3639985744 len=247

2026-09-14 16:49:03,959 INFO image_rx_daemon: frag_arrival: seq=239 idx=8 total=13 fw_us=3640102613 len=247

2026-09-14 16:49:03,964 INFO image_rx_daemon: stats: rx_frames=1008 rx_decode_err=0 frames_published=50 publish_err=0 reassembler_decode_err=0 reassembler_timeouts=31 parity_recon=0 idle_drain_deferred=6 cmd_cooldown_drops=6 cmd_gate_held=0 cmd_copies_deferred=0

2026-09-14 16:49:03,964 INFO image_rx_daemon: air_gap: n=82 dt_med=117020us dt_p95=163618us len_med=247B cmd_tx_ok=64 cmd_tx_fail=0

2026-09-14 16:49:03,965 INFO image_rx_daemon: air_gap_hist(ms): <40:2 <80:1 <120:72 <200:4 <400:3

2026-09-14 16:49:03,966 INFO image_rx_daemon: rx_rf: n_rssi=82 n_snr=82 rssi[min/med/max]=-69/-68/-67 snr[min/med/max]=5.0/6.0/6.0

2026-09-14 16:49:03,966 INFO image_rx_daemon: phase_telemetry: valid=82 invalid=0 pre_f8=0 last_epoch=0 last_hop=0 slot_off=[0..0]

2026-09-14 16:49:03,967 INFO image_rx_daemon: air_gap_by_class: seq: n=75 med=117.0ms | boundary: n=6 med=259.7ms | post_loss: n=1 med=161.5ms

2026-09-14 16:49:03,967 INFO image_rx_daemon: lost_frag_idx: n=2 idx0=0 (0.00% of idx0 arrivals) other=2 (2.56%) verdict=not-clustered | top 11:2

2026-09-14 16:49:03,969 INFO image_rx_daemon: cmd 0x63 superseded while pending (after 0 attempts) — body replaced, retry budget reset

2026-09-14 16:49:04,084 INFO image_rx_daemon: frag_arrival: seq=239 idx=9 total=13 fw_us=3640219623 len=247

2026-09-14 16:49:04,204 INFO image_rx_daemon: frag_arrival: seq=239 idx=10 total=13 fw_us=3640336714 len=247

2026-09-14 16:49:04,316 INFO image_rx_daemon: frag_arrival: seq=239 idx=11 total=13 fw_us=3640453691 len=247

2026-09-14 16:49:04,329 INFO image_rx_daemon: frag_arrival: seq=239 idx=12 total=13 fw_us=3640482397 len=37

2026-09-14 16:49:04,332 INFO image_rx_daemon: published frame_id=0 seq=239 2949 B → lifetrac/v25/video/tile_delta

RFCO_PERTX during TX wait: profile_id=2 tx_status=0x00(OK) hop_idx=0 channel_idx=0 epoch=0 freq_hz=0 pkt_toa_us=10304 legal_dwell_used_us_10s=0

2026-09-14 16:49:04,363 INFO image_rx_daemon: command TX opcode=0x60 copy=1/1 OK (on air)

2026-09-14 16:49:04,502 INFO image_rx_daemon: frag_arrival: seq=242 idx=0 total=13 fw_us=3640640560 len=247

2026-09-14 16:49:04,624 INFO image_rx_daemon: frag_arrival: seq=242 idx=1 total=13 fw_us=3640757503 len=247

2026-09-14 16:49:04,674 INFO image_rx_daemon: cmd 0x63 superseded while pending (after 0 attempts) — body replaced, retry budget reset

2026-09-14 16:49:04,741 INFO image_rx_daemon: frag_arrival: seq=242 idx=2 total=13 fw_us=3640874564 len=247

2026-09-14 16:49:04,860 INFO image_rx_daemon: frag_arrival: seq=242 idx=3 total=13 fw_us=3640991427 len=247

2026-09-14 16:49:04,970 INFO image_rx_daemon: frag_arrival: seq=242 idx=4 total=13 fw_us=3641108598 len=247

2026-09-14 16:49:05,087 INFO image_rx_daemon: frag_arrival: seq=242 idx=5 total=13 fw_us=3641225564 len=247

2026-09-14 16:49:05,212 INFO image_rx_daemon: frag_arrival: seq=242 idx=6 total=13 fw_us=3641342663 len=247

2026-09-14 16:49:05,320 INFO image_rx_daemon: frag_arrival: seq=242 idx=7 total=13 fw_us=3641459588 len=247

2026-09-14 16:49:05,374 INFO image_rx_daemon: cmd 0x63 superseded while pending (after 0 attempts) — body replaced, retry budget reset

2026-09-14 16:49:05,444 INFO image_rx_daemon: frag_arrival: seq=242 idx=8 total=13 fw_us=3641576668 len=247

2026-09-14 16:49:05,561 INFO image_rx_daemon: frag_arrival: seq=242 idx=9 total=13 fw_us=3641693628 len=247

2026-09-14 16:49:05,669 INFO image_rx_daemon: frag_arrival: seq=242 idx=10 total=13 fw_us=3641810594 len=247

2026-09-14 16:49:05,790 INFO image_rx_daemon: frag_arrival: seq=242 idx=11 total=13 fw_us=3641927576 len=247

2026-09-14 16:49:05,802 INFO image_rx_daemon: frag_arrival: seq=242 idx=12 total=13 fw_us=3641957577 len=41

2026-09-14 16:49:05,805 INFO image_rx_daemon: published frame_id=0 seq=242 2953 B → lifetrac/v25/video/tile_delta

RFCO_PERTX during TX wait: profile_id=2 tx_status=0x00(OK) hop_idx=0 channel_idx=0 epoch=0 freq_hz=0 pkt_toa_us=10304 legal_dwell_used_us_10s=0

2026-09-14 16:49:05,832 INFO image_rx_daemon: command TX opcode=0x60 copy=1/1 OK (on air)

2026-09-14 16:49:05,981 INFO image_rx_daemon: frag_arrival: seq=245 idx=0 total=13 fw_us=3642114536 len=247

2026-09-14 16:49:06,077 INFO image_rx_daemon: cmd 0x63 superseded while pending (after 0 attempts) — body replaced, retry budget reset

2026-09-14 16:49:06,095 INFO image_rx_daemon: frag_arrival: seq=245 idx=1 total=13 fw_us=3642231506 len=247

2026-09-14 16:49:06,213 INFO image_rx_daemon: frag_arrival: seq=245 idx=2 total=13 fw_us=3642348619 len=247

2026-09-14 16:49:06,332 INFO image_rx_daemon: frag_arrival: seq=245 idx=3 total=13 fw_us=3642465647 len=247

2026-09-14 16:49:06,456 INFO image_rx_daemon: frag_arrival: seq=245 idx=4 total=13 fw_us=3642582649 len=247

2026-09-14 16:49:06,564 INFO image_rx_daemon: frag_arrival: seq=245 idx=5 total=13 fw_us=3642699620 len=247

2026-09-14 16:49:06,684 INFO image_rx_daemon: frag_arrival: seq=245 idx=6 total=13 fw_us=3642816551 len=247

2026-09-14 16:49:06,780 INFO image_rx_daemon: cmd 0x63 superseded while pending (after 0 attempts) — body replaced, retry budget reset

2026-09-14 16:49:06,788 INFO image_rx_daemon: frag_arrival: seq=245 idx=7 total=13 fw_us=3642933641 len=247

2026-09-14 16:49:06,920 INFO image_rx_daemon: frag_arrival: seq=245 idx=8 total=13 fw_us=3643050636 len=247

2026-09-14 16:49:07,016 INFO image_rx_daemon: frag_arrival: seq=245 idx=9 total=13 fw_us=3643167665 len=247

2026-09-14 16:49:07,145 INFO image_rx_daemon: frag_arrival: seq=245 idx=10 total=13 fw_us=3643284552 len=247

2026-09-14 16:49:07,264 INFO image_rx_daemon: frag_arrival: seq=245 idx=11 total=13 fw_us=3643401558 len=247

2026-09-14 16:49:07,304 INFO image_rx_daemon: frag_arrival: seq=245 idx=12 total=13 fw_us=3643445923 len=79

2026-09-14 16:49:07,307 INFO image_rx_daemon: cmd 0x60 CONVERGED after 2 attempts (4.0 s): keyframe received (UNVERIFIED delivery — keyframe may be encoder-initiated)

2026-09-14 16:49:07,308 INFO image_rx_daemon: published frame_id=0 seq=245 2991 B → lifetrac/v25/video/tile_delta

RFCO_PERTX during TX wait: profile_id=2 tx_status=0x00(OK) hop_idx=0 channel_idx=0 epoch=0 freq_hz=0 pkt_toa_us=10304 legal_dwell_used_us_10s=0

2026-09-14 16:49:07,339 INFO image_rx_daemon: command TX opcode=0x63 copy=1/1 OK (on air)

2026-09-14 16:49:07,481 INFO image_rx_daemon: cmd 0x63 superseded while pending (after 1 attempts) — body replaced, retry budget reset

2026-09-14 16:49:07,565 INFO image_rx_daemon: frag_arrival: seq=251 idx=0 total=13 fw_us=3643705660 len=247

2026-09-14 16:49:07,682 INFO image_rx_daemon: frag_arrival: seq=251 idx=1 total=13 fw_us=3643822400 len=247

2026-09-14 16:49:07,804 INFO image_rx_daemon: frag_arrival: seq=251 idx=2 total=13 fw_us=3643939562 len=247

2026-09-14 16:49:07,924 INFO image_rx_daemon: frag_arrival: seq=251 idx=3 total=13 fw_us=3644056546 len=247

2026-09-14 16:49:08,032 INFO image_rx_daemon: frag_arrival: seq=251 idx=4 total=13 fw_us=3644173598 len=247

2026-09-14 16:49:08,149 INFO image_rx_daemon: frag_arrival: seq=251 idx=5 total=13 fw_us=3644290564 len=247

2026-09-14 16:49:08,183 INFO image_rx_daemon: cmd 0x63 superseded while pending (after 0 attempts) — body replaced, retry budget reset

2026-09-14 16:49:08,268 INFO image_rx_daemon: frag_arrival: seq=251 idx=6 total=13 fw_us=3644407697 len=247

2026-09-14 16:49:08,388 INFO image_rx_daemon: frag_arrival: seq=251 idx=7 total=13 fw_us=3644524585 len=247

2026-09-14 16:49:08,508 INFO image_rx_daemon: frag_arrival: seq=251 idx=8 total=13 fw_us=3644641819 len=247

2026-09-14 16:49:08,628 INFO image_rx_daemon: frag_arrival: seq=251 idx=9 total=13 fw_us=3644758591 len=247

2026-09-14 16:49:08,744 INFO image_rx_daemon: frag_arrival: seq=251 idx=10 total=13 fw_us=3644875860 len=247

2026-09-14 16:49:08,852 INFO image_rx_daemon: frag_arrival: seq=251 idx=11 total=13 fw_us=3644992842 len=247

2026-09-14 16:49:08,888 INFO image_rx_daemon: frag_arrival: seq=251 idx=12 total=13 fw_us=3645037263 len=81

2026-09-14 16:49:08,891 INFO image_rx_daemon: published frame_id=0 seq=251 2993 B → lifetrac/v25/video/tile_delta

2026-09-14 16:49:08,894 INFO image_rx_daemon: cmd 0x63 superseded while pending (after 1 attempts) — body replaced, retry budget reset

RFCO_PERTX during TX wait: profile_id=2 tx_status=0x00(OK) hop_idx=0 channel_idx=0 epoch=0 freq_hz=0 pkt_toa_us=10304 legal_dwell_used_us_10s=0

2026-09-14 16:49:08,920 INFO image_rx_daemon: command TX opcode=0x63 copy=1/1 OK (on air)

2026-09-14 16:49:09,165 INFO image_rx_daemon: frag_arrival: seq=252 idx=0 total=12 fw_us=3645296716 len=247

2026-09-14 16:49:09,273 INFO image_rx_daemon: frag_arrival: seq=252 idx=1 total=12 fw_us=3645413803 len=247

2026-09-14 16:49:09,370 WARNING image_rx_daemon: crc_dump: irq=0x70 rx_len=255 snr=-1.2 rssi=-65 dump=ba216bf7695bf98d7897a6c24a9aed01cb15e76ec344b6a4fe17caa7888ae3ff191efe3bf8a744d6e531fd65f07c0839ddb7fab7068fd8151e2967b236c03490be5c74be1086261a8632a3840b43b942dcb672d0a29ca1ca2ef9be09a72530d4845373b97570c8ebc22c02d7e4b669c4325a27024da2593f4b1f0a9c5acfe3cb124688e2d4f3e749e06247f2413e140754611de2e1d001c09149516d0701adc03bdfbde8f740137d3160dac2917784610971a917f77b901087ee36771e24a0b8c20af63f5f0574b74171cb00bd7d423bdf6af80e382206451e7902bf10fcf1ba45f10f44f3e59a4981a0654babd38e4ad4f1d55a4d95ceb40be804

2026-09-14 16:49:09,512 INFO image_rx_daemon: frag_arrival: seq=252 idx=3 total=12 fw_us=3645647843 len=247

2026-09-14 16:49:09,590 INFO image_rx_daemon: cmd 0x63 superseded while pending (after 0 attempts) — body replaced, retry budget reset

2026-09-14 16:49:09,632 INFO image_rx_daemon: frag_arrival: seq=252 idx=4 total=12 fw_us=3645764785 len=247

2026-09-14 16:49:09,758 INFO image_rx_daemon: frag_arrival: seq=252 idx=5 total=12 fw_us=3645881882 len=247

2026-09-14 16:49:09,868 INFO image_rx_daemon: frag_arrival: seq=252 idx=6 total=12 fw_us=3645998816 len=247

2026-09-14 16:49:09,976 INFO image_rx_daemon: frag_arrival: seq=252 idx=7 total=12 fw_us=3646115680 len=247

2026-09-14 16:49:10,094 INFO image_rx_daemon: frag_arrival: seq=252 idx=8 total=12 fw_us=3646232707 len=247

2026-09-14 16:49:10,292 INFO image_rx_daemon: cmd 0x63 superseded while pending (after 0 attempts) — body replaced, retry budget reset

2026-09-14 16:49:10,329 INFO image_rx_daemon: frag_arrival: seq=252 idx=10 total=12 fw_us=3646466743 len=247

2026-09-14 16:49:10,424 WARNING image_rx_daemon: crc_dump: irq=0x70 rx_len=255 snr=-0.5 rssi=-64 dump=01020000000000059bf30c4a5c7a83c5cc69f4da86afdf3777df78d8336584711d236afdecdc6fb7842e3d1902673a80790d12e9d2612ac52726df2ff773fd466db868ef287f18a0da3871189d9d8ab0bacf2ae8d9b579503d3d5c5540e16673fc7c0baa35044d8161e8971900b9382195b3a0dea52b142d56a8257d14a11a993fb61667e6bac209427d7fe459e1d4ee16945e86436572709f26ca89771b407512ba2db7eed8892e31ca132e6ad9b7be3ea2af313f0b3a8cffc3ea9fc34a5fd35d44a962a53be50fab08a417af9d4a59473c46dcdb24ef18e60dae590a2e36bfbe3cf17b8fa2c371c3b57c1005372afc3db31a8dffb810b933a7e2

2026-09-14 16:49:10,640 INFO image_rx_daemon: frag_arrival: seq=254 idx=0 total=12 fw_us=3646770432 len=247

2026-09-14 16:49:10,748 INFO image_rx_daemon: frag_arrival: seq=254 idx=1 total=12 fw_us=3646887317 len=247

2026-09-14 16:49:10,872 INFO image_rx_daemon: frag_arrival: seq=254 idx=2 total=12 fw_us=3647004354 len=247

2026-09-14 16:49:10,991 INFO image_rx_daemon: frag_arrival: seq=254 idx=3 total=12 fw_us=3647121379 len=247

2026-09-14 16:49:10,992 INFO image_rx_daemon: cmd 0x63 superseded while pending (after 0 attempts) — body replaced, retry budget reset

2026-09-14 16:49:11,095 INFO image_rx_daemon: frag_arrival: seq=254 idx=4 total=12 fw_us=3647238228 len=247

2026-09-14 16:49:11,228 INFO image_rx_daemon: frag_arrival: seq=254 idx=5 total=12 fw_us=3647355309 len=247

2026-09-14 16:49:11,340 INFO image_rx_daemon: frag_arrival: seq=254 idx=6 total=12 fw_us=3647472279 len=247

2026-09-14 16:49:11,460 INFO image_rx_daemon: frag_arrival: seq=254 idx=7 total=12 fw_us=3647589139 len=247

2026-09-14 16:49:11,569 INFO image_rx_daemon: frag_arrival: seq=254 idx=8 total=12 fw_us=3647706281 len=247

2026-09-14 16:49:11,688 INFO image_rx_daemon: frag_arrival: seq=254 idx=9 total=12 fw_us=3647822949 len=247

2026-09-14 16:49:11,692 INFO image_rx_daemon: cmd 0x63 superseded while pending (after 0 attempts) — body replaced, retry budget reset

2026-09-14 16:49:11,808 INFO image_rx_daemon: frag_arrival: seq=254 idx=10 total=12 fw_us=3647940168 len=247

2026-09-14 16:49:11,927 INFO image_rx_daemon: frag_arrival: seq=254 idx=11 total=12 fw_us=3648057013 len=246

2026-09-14 16:49:11,929 INFO image_rx_daemon: published frame_id=0 seq=254 2915 B → lifetrac/v25/video/tile_delta

RFCO_PERTX during TX wait: profile_id=2 tx_status=0x00(OK) hop_idx=0 channel_idx=0 epoch=0 freq_hz=0 pkt_toa_us=10304 legal_dwell_used_us_10s=0

2026-09-14 16:49:11,960 INFO image_rx_daemon: command TX opcode=0x63 copy=1/1 OK (on air)

2026-09-14 16:49:12,105 INFO image_rx_daemon: frag_arrival: seq=1 idx=0 total=13 fw_us=3648243913 len=247

2026-09-14 16:49:12,224 INFO image_rx_daemon: frag_arrival: seq=1 idx=1 total=13 fw_us=3648360819 len=247

2026-09-14 16:49:12,344 INFO image_rx_daemon: frag_arrival: seq=1 idx=2 total=13 fw_us=3648477809 len=247

2026-09-14 16:49:12,397 INFO image_rx_daemon: cmd 0x63 superseded while pending (after 1 attempts) — body replaced, retry budget reset

2026-09-14 16:49:12,468 INFO image_rx_daemon: frag_arrival: seq=1 idx=3 total=13 fw_us=3648594663 len=247

2026-09-14 16:49:12,577 INFO image_rx_daemon: frag_arrival: seq=1 idx=4 total=13 fw_us=3648711617 len=247

2026-09-14 16:49:12,696 INFO image_rx_daemon: frag_arrival: seq=1 idx=5 total=13 fw_us=3648828801 len=247

2026-09-14 16:49:12,816 INFO image_rx_daemon: frag_arrival: seq=1 idx=6 total=13 fw_us=3648945749 len=247

2026-09-14 16:49:12,924 INFO image_rx_daemon: frag_arrival: seq=1 idx=7 total=13 fw_us=3649062818 len=247

2026-09-14 16:49:13,046 INFO image_rx_daemon: frag_arrival: seq=1 idx=8 total=13 fw_us=3649179626 len=247

2026-09-14 16:49:13,099 INFO image_rx_daemon: cmd 0x63 superseded while pending (after 0 attempts) — body replaced, retry budget reset

2026-09-14 16:49:13,161 INFO image_rx_daemon: frag_arrival: seq=1 idx=9 total=13 fw_us=3649296715 len=247

2026-09-14 16:49:13,284 INFO image_rx_daemon: frag_arrival: seq=1 idx=10 total=13 fw_us=3649413716 len=247

2026-09-14 16:49:13,396 INFO image_rx_daemon: frag_arrival: seq=1 idx=11 total=13 fw_us=3649530671 len=247

2026-09-14 16:49:13,425 INFO image_rx_daemon: frag_arrival: seq=1 idx=12 total=13 fw_us=3649572453 len=73

2026-09-14 16:49:13,429 INFO image_rx_daemon: published frame_id=0 seq=1 2985 B → lifetrac/v25/video/tile_delta

RFCO_PERTX during TX wait: profile_id=2 tx_status=0x00(OK) hop_idx=0 channel_idx=0 epoch=0 freq_hz=0 pkt_toa_us=10304 legal_dwell_used_us_10s=0

2026-09-14 16:49:13,455 INFO image_rx_daemon: command TX opcode=0x63 copy=1/1 OK (on air)

2026-09-14 16:49:13,700 INFO image_rx_daemon: frag_arrival: seq=7 idx=0 total=13 fw_us=3649834509 len=247

2026-09-14 16:49:13,801 INFO image_rx_daemon: cmd 0x63 superseded while pending (after 1 attempts) — body replaced, retry budget reset

2026-09-14 16:49:13,809 INFO image_rx_daemon: frag_arrival: seq=7 idx=1 total=13 fw_us=3649951312 len=247

2026-09-14 16:49:13,944 INFO image_rx_daemon: frag_arrival: seq=7 idx=2 total=13 fw_us=3650068479 len=247

2026-09-14 16:49:13,983 INFO image_rx_daemon: stats: rx_frames=1088 rx_decode_err=0 frames_published=56 publish_err=0 reassembler_decode_err=0 reassembler_timeouts=32 parity_recon=0 idle_drain_deferred=6 cmd_cooldown_drops=6 cmd_gate_held=0 cmd_copies_deferred=0

2026-09-14 16:49:13,985 INFO image_rx_daemon: air_gap: n=80 dt_med=116995us dt_p95=259453us len_med=247B cmd_tx_ok=70 cmd_tx_fail=0

2026-09-14 16:49:13,987 INFO image_rx_daemon: air_gap_hist(ms): <40:2 <80:3 <120:66 <200:3 <400:6

2026-09-14 16:49:13,988 INFO image_rx_daemon: rx_rf: n_rssi=80 n_snr=80 rssi[min/med/max]=-69/-68/-67 snr[min/med/max]=5.0/6.0/6.0

2026-09-14 16:49:13,988 INFO image_rx_daemon: phase_telemetry: valid=80 invalid=0 pre_f8=0 last_epoch=0 last_hop=0 slot_off=[0..0]

2026-09-14 16:49:13,989 INFO image_rx_daemon: air_gap_by_class: seq: n=70 med=117.0ms | boundary: n=7 med=259.5ms | post_loss: n=2 med=234.0ms

2026-09-14 16:49:13,990 INFO image_rx_daemon: lost_frag_idx: n=3 idx0=0 (0.00% of idx0 arrivals) other=3 (3.95%) verdict=not-clustered | top 2:1 9:1 11:1

2026-09-14 16:49:13,991 INFO image_rx_daemon: frag_reordered: 1 late out-of-order arrivals had a provisional loss retracted (in-order assumption violated — see RS-11.4)

2026-09-14 16:49:14,056 INFO image_rx_daemon: frag_arrival: seq=7 idx=3 total=13 fw_us=3650185489 len=247

2026-09-14 16:49:14,161 INFO image_rx_daemon: frag_arrival: seq=7 idx=4 total=13 fw_us=3650302488 len=247

2026-09-14 16:49:14,284 INFO image_rx_daemon: frag_arrival: seq=7 idx=5 total=13 fw_us=3650419490 len=247

2026-09-14 16:49:14,403 INFO image_rx_daemon: frag_arrival: seq=7 idx=6 total=13 fw_us=3650536506 len=247

2026-09-14 16:49:14,504 INFO image_rx_daemon: cmd 0x63 superseded while pending (after 0 attempts) — body replaced, retry budget reset

2026-09-14 16:49:14,513 INFO image_rx_daemon: frag_arrival: seq=7 idx=7 total=13 fw_us=3650653356 len=247

2026-09-14 16:49:14,644 INFO image_rx_daemon: frag_arrival: seq=7 idx=8 total=13 fw_us=3650770828 len=247

2026-09-14 16:49:14,741 INFO image_rx_daemon: frag_arrival: seq=7 idx=9 total=13 fw_us=3650887556 len=247

2026-09-14 16:49:14,869 INFO image_rx_daemon: frag_arrival: seq=7 idx=10 total=13 fw_us=3651004751 len=247

2026-09-14 16:49:14,988 INFO image_rx_daemon: frag_arrival: seq=7 idx=11 total=13 fw_us=3651121691 len=247

2026-09-14 16:49:15,012 INFO image_rx_daemon: frag_arrival: seq=7 idx=12 total=13 fw_us=3651159553 len=63

2026-09-14 16:49:15,014 INFO image_rx_daemon: published frame_id=0 seq=7 2975 B → lifetrac/v25/video/tile_delta

RFCO_PERTX during TX wait: profile_id=2 tx_status=0x00(OK) hop_idx=0 channel_idx=0 epoch=0 freq_hz=0 pkt_toa_us=10304 legal_dwell_used_us_10s=0

2026-09-14 16:49:15,041 INFO image_rx_daemon: command TX opcode=0x63 copy=1/1 OK (on air)

2026-09-14 16:49:15,207 INFO image_rx_daemon: cmd 0x63 superseded while pending (after 1 attempts) — body replaced, retry budget reset

2026-09-14 16:49:15,300 INFO image_rx_daemon: frag_arrival: seq=8 idx=0 total=13 fw_us=3651425295 len=247

2026-09-14 16:49:15,408 INFO image_rx_daemon: frag_arrival: seq=8 idx=1 total=13 fw_us=3651541912 len=247

2026-09-14 16:49:15,533 INFO image_rx_daemon: frag_arrival: seq=8 idx=2 total=13 fw_us=3651659277 len=247

2026-09-14 16:49:15,644 INFO image_rx_daemon: frag_arrival: seq=8 idx=3 total=13 fw_us=3651776026 len=247

2026-09-14 16:49:15,764 INFO image_rx_daemon: frag_arrival: seq=8 idx=4 total=13 fw_us=3651893287 len=247

2026-09-14 16:49:15,878 INFO image_rx_daemon: frag_arrival: seq=8 idx=5 total=13 fw_us=3652010358 len=247

2026-09-14 16:49:15,909 INFO image_rx_daemon: cmd 0x63 superseded while pending (after 0 attempts) — body replaced, retry budget reset

2026-09-14 16:49:16,007 INFO image_rx_daemon: frag_arrival: seq=8 idx=6 total=13 fw_us=3652127380 len=247

2026-09-14 16:49:16,113 INFO image_rx_daemon: frag_arrival: seq=8 idx=7 total=13 fw_us=3652244373 len=247

2026-09-14 16:49:16,236 INFO image_rx_daemon: frag_arrival: seq=8 idx=8 total=13 fw_us=3652361410 len=247

2026-09-14 16:49:16,344 INFO image_rx_daemon: frag_arrival: seq=8 idx=9 total=13 fw_us=3652478331 len=247

2026-09-14 16:49:16,468 INFO image_rx_daemon: frag_arrival: seq=8 idx=10 total=13 fw_us=3652595482 len=247

2026-09-14 16:49:16,576 INFO image_rx_daemon: frag_arrival: seq=8 idx=11 total=13 fw_us=3652712439 len=247

2026-09-14 16:49:16,606 INFO image_rx_daemon: frag_arrival: seq=8 idx=12 total=13 fw_us=3652754262 len=74

2026-09-14 16:49:16,611 INFO image_rx_daemon: published frame_id=0 seq=8 2986 B → lifetrac/v25/video/tile_delta

2026-09-14 16:49:16,612 INFO image_rx_daemon: cmd 0x63 superseded while pending (after 0 attempts) — body replaced, retry budget reset

RFCO_PERTX during TX wait: profile_id=2 tx_status=0x00(OK) hop_idx=0 channel_idx=0 epoch=0 freq_hz=0 pkt_toa_us=10304 legal_dwell_used_us_10s=0

2026-09-14 16:49:16,642 INFO image_rx_daemon: command TX opcode=0x60 copy=1/1 OK (on air)

2026-09-14 16:49:16,880 INFO image_rx_daemon: frag_arrival: seq=10 idx=0 total=13 fw_us=3653016609 len=247

2026-09-14 16:49:16,998 INFO image_rx_daemon: frag_arrival: seq=10 idx=1 total=13 fw_us=3653133497 len=247

2026-09-14 16:49:17,115 INFO image_rx_daemon: frag_arrival: seq=10 idx=2 total=13 fw_us=3653250591 len=247

2026-09-14 16:49:17,236 INFO image_rx_daemon: frag_arrival: seq=10 idx=3 total=13 fw_us=3653367630 len=247

2026-09-14 16:49:17,312 INFO image_rx_daemon: cmd 0x63 superseded while pending (after 0 attempts) — body replaced, retry budget reset

2026-09-14 16:49:17,357 INFO image_rx_daemon: frag_arrival: seq=10 idx=4 total=13 fw_us=3653484437 len=247

2026-09-14 16:49:17,468 INFO image_rx_daemon: frag_arrival: seq=10 idx=5 total=13 fw_us=3653601616 len=247

2026-09-14 16:49:17,588 INFO image_rx_daemon: frag_arrival: seq=10 idx=6 total=13 fw_us=3653718632 len=247

2026-09-14 16:49:17,703 INFO image_rx_daemon: frag_arrival: seq=10 idx=7 total=13 fw_us=3653835547 len=247

2026-09-14 16:49:17,824 INFO image_rx_daemon: frag_arrival: seq=10 idx=8 total=13 fw_us=3653952720 len=247

2026-09-14 16:49:17,932 INFO image_rx_daemon: frag_arrival: seq=10 idx=9 total=13 fw_us=3654069582 len=247

2026-09-14 16:49:18,011 INFO image_rx_daemon: cmd 0x63 superseded while pending (after 0 attempts) — body replaced, retry budget reset

2026-09-14 16:49:18,056 INFO image_rx_daemon: frag_arrival: seq=10 idx=10 total=13 fw_us=3654186757 len=247

2026-09-14 16:49:18,176 INFO image_rx_daemon: frag_arrival: seq=10 idx=11 total=13 fw_us=3654303752 len=247

2026-09-14 16:49:18,205 INFO image_rx_daemon: frag_arrival: seq=10 idx=12 total=13 fw_us=3654345537 len=73

2026-09-14 16:49:18,209 INFO image_rx_daemon: published frame_id=0 seq=10 2985 B → lifetrac/v25/video/tile_delta

RFCO_PERTX during TX wait: profile_id=2 tx_status=0x00(OK) hop_idx=0 channel_idx=0 epoch=0 freq_hz=0 pkt_toa_us=10304 legal_dwell_used_us_10s=0

2026-09-14 16:49:18,235 INFO image_rx_daemon: command TX opcode=0x60 copy=1/1 OK (on air)

2026-09-14 16:49:18,474 INFO image_rx_daemon: frag_arrival: seq=13 idx=0 total=13 fw_us=3654607591 len=247

2026-09-14 16:49:18,591 INFO image_rx_daemon: frag_arrival: seq=13 idx=1 total=13 fw_us=3654724523 len=247

2026-09-14 16:49:18,709 INFO image_rx_daemon: frag_arrival: seq=13 idx=2 total=13 fw_us=3654841544 len=247

2026-09-14 16:49:18,712 INFO image_rx_daemon: cmd 0x63 superseded while pending (after 0 attempts) — body replaced, retry budget reset

2026-09-14 16:49:18,832 INFO image_rx_daemon: frag_arrival: seq=13 idx=3 total=13 fw_us=3654958597 len=247

2026-09-14 16:49:18,944 INFO image_rx_daemon: frag_arrival: seq=13 idx=4 total=13 fw_us=3655075647 len=247

2026-09-14 16:49:19,068 INFO image_rx_daemon: frag_arrival: seq=13 idx=5 total=13 fw_us=3655192666 len=247

2026-09-14 16:49:19,177 INFO image_rx_daemon: frag_arrival: seq=13 idx=6 total=13 fw_us=3655309622 len=247

2026-09-14 16:49:19,296 INFO image_rx_daemon: frag_arrival: seq=13 idx=7 total=13 fw_us=3655426499 len=247

2026-09-14 16:49:19,415 INFO image_rx_daemon: frag_arrival: seq=13 idx=8 total=13 fw_us=3655543681 len=247

2026-09-14 16:49:19,416 INFO image_rx_daemon: cmd 0x63 superseded while pending (after 0 attempts) — body replaced, retry budget reset

2026-09-14 16:49:19,524 INFO image_rx_daemon: frag_arrival: seq=13 idx=9 total=13 fw_us=3655660528 len=247

2026-09-14 16:49:19,646 INFO image_rx_daemon: frag_arrival: seq=13 idx=10 total=13 fw_us=3655777586 len=247

2026-09-14 16:49:19,764 INFO image_rx_daemon: frag_arrival: seq=13 idx=11 total=13 fw_us=3655894623 len=247

2026-09-14 16:49:19,765 INFO image_rx_daemon: frag_arrival: seq=13 idx=12 total=13 fw_us=3655911559 len=7

2026-09-14 16:49:19,767 INFO image_rx_daemon: published frame_id=0 seq=13 2919 B → lifetrac/v25/video/tile_delta

RFCO_PERTX during TX wait: profile_id=2 tx_status=0x00(OK) hop_idx=0 channel_idx=0 epoch=0 freq_hz=0 pkt_toa_us=10304 legal_dwell_used_us_10s=0

2026-09-14 16:49:19,797 INFO image_rx_daemon: command TX opcode=0x60 copy=1/1 OK (on air)

2026-09-14 16:49:19,952 INFO image_rx_daemon: frag_arrival: seq=16 idx=0 total=13 fw_us=3656081434 len=247

2026-09-14 16:49:20,070 INFO image_rx_daemon: frag_arrival: seq=16 idx=1 total=13 fw_us=3656198474 len=247

2026-09-14 16:49:20,115 INFO image_rx_daemon: cmd 0x63 superseded while pending (after 0 attempts) — body replaced, retry budget reset

2026-09-14 16:49:20,177 INFO image_rx_daemon: frag_arrival: seq=16 idx=2 total=13 fw_us=3656315511 len=247

2026-09-14 16:49:20,294 INFO image_rx_daemon: frag_arrival: seq=16 idx=3 total=13 fw_us=3656432547 len=247

2026-09-14 16:49:20,413 INFO image_rx_daemon: frag_arrival: seq=16 idx=4 total=13 fw_us=3656549592 len=247

2026-09-14 16:49:20,521 INFO image_rx_daemon: frag_arrival: seq=16 idx=5 total=13 fw_us=3656666617 len=247

2026-09-14 16:49:20,652 INFO image_rx_daemon: frag_arrival: seq=16 idx=6 total=13 fw_us=3656783522 len=247

2026-09-14 16:49:20,767 INFO image_rx_daemon: frag_arrival: seq=16 idx=7 total=13 fw_us=3656900556 len=247

2026-09-14 16:49:20,820 INFO image_rx_daemon: cmd 0x63 superseded while pending (after 0 attempts) — body replaced, retry budget reset

2026-09-14 16:49:20,888 INFO image_rx_daemon: frag_arrival: seq=16 idx=8 total=13 fw_us=3657017422 len=247

2026-09-14 16:49:21,007 INFO image_rx_daemon: frag_arrival: seq=16 idx=9 total=13 fw_us=3657134621 len=247

2026-09-14 16:49:21,116 INFO image_rx_daemon: frag_arrival: seq=16 idx=10 total=13 fw_us=3657251598 len=247

2026-09-14 16:49:21,240 INFO image_rx_daemon: frag_arrival: seq=16 idx=11 total=13 fw_us=3657368590 len=247

2026-09-14 16:49:21,269 INFO image_rx_daemon: frag_arrival: seq=16 idx=12 total=13 fw_us=3657410368 len=73

2026-09-14 16:49:21,273 INFO image_rx_daemon: published frame_id=0 seq=16 2985 B → lifetrac/v25/video/tile_delta

RFCO_PERTX during TX wait: profile_id=2 tx_status=0x00(OK) hop_idx=0 channel_idx=0 epoch=0 freq_hz=0 pkt_toa_us=10304 legal_dwell_used_us_10s=0

2026-09-14 16:49:21,295 INFO image_rx_daemon: command TX opcode=0x63 copy=1/1 OK (on air)

2026-09-14 16:49:21,522 INFO image_rx_daemon: cmd 0x63 superseded while pending (after 1 attempts) — body replaced, retry budget reset

2026-09-14 16:49:21,529 INFO image_rx_daemon: frag_arrival: seq=20 idx=0 total=13 fw_us=3657672489 len=247

2026-09-14 16:49:21,660 INFO image_rx_daemon: frag_arrival: seq=20 idx=1 total=13 fw_us=3657789404 len=247

2026-09-14 16:49:21,779 INFO image_rx_daemon: frag_arrival: seq=20 idx=2 total=13 fw_us=3657906435 len=247

2026-09-14 16:49:21,893 INFO image_rx_daemon: frag_arrival: seq=20 idx=3 total=13 fw_us=3658023490 len=247

2026-09-14 16:49:22,005 INFO image_rx_daemon: frag_arrival: seq=20 idx=4 total=13 fw_us=3658140487 len=247

2026-09-14 16:49:22,123 INFO image_rx_daemon: frag_arrival: seq=20 idx=5 total=13 fw_us=3658257490 len=247

2026-09-14 16:49:22,224 INFO image_rx_daemon: cmd 0x63 superseded while pending (after 0 attempts) — body replaced, retry budget reset

2026-09-14 16:49:22,232 INFO image_rx_daemon: frag_arrival: seq=20 idx=6 total=13 fw_us=3658374616 len=247

2026-09-14 16:49:22,361 INFO image_rx_daemon: frag_arrival: seq=20 idx=7 total=13 fw_us=3658491493 len=247

2026-09-14 16:49:22,480 INFO image_rx_daemon: frag_arrival: seq=20 idx=8 total=13 fw_us=3658608673 len=247

2026-09-14 16:49:22,588 INFO image_rx_daemon: frag_arrival: seq=20 idx=9 total=13 fw_us=3658725433 len=247

2026-09-14 16:49:22,708 INFO image_rx_daemon: frag_arrival: seq=20 idx=10 total=13 fw_us=3658842661 len=247

2026-09-14 16:49:22,832 INFO image_rx_daemon: frag_arrival: seq=20 idx=11 total=13 fw_us=3658959639 len=247

2026-09-14 16:49:22,846 INFO image_rx_daemon: frag_arrival: seq=20 idx=12 total=13 fw_us=3658992237 len=47

2026-09-14 16:49:22,849 INFO image_rx_daemon: published frame_id=0 seq=20 2959 B → lifetrac/v25/video/tile_delta

RFCO_PERTX during TX wait: profile_id=2 tx_status=0x00(OK) hop_idx=0 channel_idx=0 epoch=0 freq_hz=0 pkt_toa_us=10304 legal_dwell_used_us_10s=0

2026-09-14 16:49:22,879 INFO image_rx_daemon: command TX opcode=0x60 copy=1/1 OK (on air)

2026-09-14 16:49:22,926 INFO image_rx_daemon: cmd 0x63 superseded while pending (after 0 attempts) — body replaced, retry budget reset

2026-09-14 16:49:23,008 INFO image_rx_daemon: frag_arrival: seq=22 idx=0 total=13 fw_us=3659146978 len=247

2026-09-14 16:49:23,124 INFO image_rx_daemon: frag_arrival: seq=22 idx=1 total=13 fw_us=3659263802 len=247

2026-09-14 16:49:23,244 INFO image_rx_daemon: frag_arrival: seq=22 idx=2 total=13 fw_us=3659380861 len=247

2026-09-14 16:49:23,361 INFO image_rx_daemon: frag_arrival: seq=22 idx=3 total=13 fw_us=3659497798 len=247

2026-09-14 16:49:23,480 INFO image_rx_daemon: frag_arrival: seq=22 idx=4 total=13 fw_us=3659614834 len=247

2026-09-14 16:49:23,600 INFO image_rx_daemon: frag_arrival: seq=22 idx=5 total=13 fw_us=3659731896 len=247

2026-09-14 16:49:23,629 INFO image_rx_daemon: cmd 0x63 superseded while pending (after 0 attempts) — body replaced, retry budget reset

2026-09-14 16:49:23,720 INFO image_rx_daemon: frag_arrival: seq=22 idx=6 total=13 fw_us=3659848836 len=247

2026-09-14 16:49:23,844 INFO image_rx_daemon: frag_arrival: seq=22 idx=7 total=13 fw_us=3659965901 len=247

2026-09-14 16:49:23,952 INFO image_rx_daemon: frag_arrival: seq=22 idx=8 total=13 fw_us=3660082794 len=247

2026-09-14 16:49:24,009 INFO image_rx_daemon: stats: rx_frames=1172 rx_decode_err=0 frames_published=62 publish_err=0 reassembler_decode_err=0 reassembler_timeouts=32 parity_recon=0 idle_drain_deferred=6 cmd_cooldown_drops=6 cmd_gate_held=0 cmd_copies_deferred=0

2026-09-14 16:49:24,009 INFO image_rx_daemon: air_gap: n=84 dt_med=117019us dt_p95=169875us len_med=247B cmd_tx_ok=76 cmd_tx_fail=0

2026-09-14 16:49:24,010 INFO image_rx_daemon: air_gap_hist(ms): <20:1 <40:2 <80:3 <120:72 <200:2 <400:4

2026-09-14 16:49:24,011 INFO image_rx_daemon: rx_rf: n_rssi=84 n_snr=84 rssi[min/med/max]=-69/-68/-67 snr[min/med/max]=5.0/6.0/6.0

2026-09-14 16:49:24,011 INFO image_rx_daemon: phase_telemetry: valid=84 invalid=0 pre_f8=0 last_epoch=0 last_hop=0 slot_off=[0..0]

2026-09-14 16:49:24,011 INFO image_rx_daemon: air_gap_by_class: seq: n=76 med=117.0ms | boundary: n=6 med=262.1ms

2026-09-14 16:49:24,076 INFO image_rx_daemon: frag_arrival: seq=22 idx=9 total=13 fw_us=3660200060 len=247

2026-09-14 16:49:24,188 INFO image_rx_daemon: frag_arrival: seq=22 idx=10 total=13 fw_us=3660316962 len=247

2026-09-14 16:49:24,284 WARNING image_rx_daemon: crc_dump: irq=0x70 rx_len=255 snr=-0.2 rssi=-64 dump=af2d34cb28478f9e26a78beb248a28ba428ebf2371c1bf021230027e9285f47d286421124b0070c00ae9efc31d645d45c9d74d2b3d8d9217dcd88577c3aedc96a9f0678a95be05efca52c6a23e3e054c418ae1717f2a71b294fa0727e719d1ac7cf1ce208b4fcc9285f8778c90df91e4de159ac5a9e464e79fc0dddae6eab4453a76fd83740ece63f58e04a934ae20f6131d0f4b3e67829fb49a6576c5c761ae9422979b2a57e1a7de04ef21998a07df33674b39ffbb46da18e400e25900104019b3dbcc1f480bcc6244b636f22e30028187b21b002a517e6e75c30c4fc299a693079b9a47e06730332de1a050fd4f66833a827beb835855291883

2026-09-14 16:49:24,335 INFO image_rx_daemon: frag_arrival: seq=22 idx=12 total=13 fw_us=3660478320 len=79

2026-09-14 16:49:24,338 INFO image_rx_daemon: cmd 0x63 superseded while pending (after 1 attempts) — body replaced, retry budget reset

RFCO_PERTX during TX wait: profile_id=2 tx_status=0x00(OK) hop_idx=0 channel_idx=0 epoch=0 freq_hz=0 pkt_toa_us=10304 legal_dwell_used_us_10s=0

2026-09-14 16:49:24,361 INFO image_rx_daemon: command TX opcode=0x63 copy=1/1 OK (on air)

2026-09-14 16:49:24,604 INFO image_rx_daemon: frag_arrival: seq=26 idx=0 total=13 fw_us=3660737792 len=247

2026-09-14 16:49:24,724 INFO image_rx_daemon: frag_arrival: seq=26 idx=1 total=13 fw_us=3660854470 len=247

2026-09-14 16:49:24,848 INFO image_rx_daemon: frag_arrival: seq=26 idx=2 total=13 fw_us=3660971584 len=247

2026-09-14 16:49:24,956 INFO image_rx_daemon: frag_arrival: seq=26 idx=3 total=13 fw_us=3661088445 len=247

2026-09-14 16:49:25,032 INFO image_rx_daemon: cmd 0x63 superseded while pending (after 0 attempts) — body replaced, retry budget reset

2026-09-14 16:49:25,075 INFO image_rx_daemon: frag_arrival: seq=26 idx=4 total=13 fw_us=3661205327 len=247

2026-09-14 16:49:25,193 INFO image_rx_daemon: frag_arrival: seq=26 idx=5 total=13 fw_us=3661322593 len=247

2026-09-14 16:49:25,316 INFO image_rx_daemon: frag_arrival: seq=26 idx=6 total=13 fw_us=3661439499 len=247

2026-09-14 16:49:25,428 INFO image_rx_daemon: frag_arrival: seq=26 idx=7 total=13 fw_us=3661556648 len=247

2026-09-14 16:49:25,535 INFO image_rx_daemon: frag_arrival: seq=26 idx=8 total=13 fw_us=3661673557 len=247

2026-09-14 16:49:25,662 INFO image_rx_daemon: frag_arrival: seq=26 idx=9 total=13 fw_us=3661790395 len=247

2026-09-14 16:49:25,736 INFO image_rx_daemon: cmd 0x63 superseded while pending (after 0 attempts) — body replaced, retry budget reset

2026-09-14 16:49:25,774 INFO image_rx_daemon: frag_arrival: seq=26 idx=10 total=13 fw_us=3661907560 len=247

2026-09-14 16:49:25,892 INFO image_rx_daemon: frag_arrival: seq=26 idx=11 total=13 fw_us=3662024531 len=247

2026-09-14 16:49:25,893 INFO image_rx_daemon: frag_arrival: seq=26 idx=12 total=13 fw_us=3662042800 len=11

2026-09-14 16:49:25,895 INFO image_rx_daemon: published frame_id=0 seq=26 2923 B → lifetrac/v25/video/tile_delta

RFCO_PERTX during TX wait: profile_id=2 tx_status=0x00(OK) hop_idx=0 channel_idx=0 epoch=0 freq_hz=0 pkt_toa_us=10304 legal_dwell_used_us_10s=0

2026-09-14 16:49:25,925 INFO image_rx_daemon: command TX opcode=0x63 copy=1/1 OK (on air)

2026-09-14 16:49:26,080 INFO image_rx_daemon: frag_arrival: seq=29 idx=0 total=13 fw_us=3662212078 len=247

2026-09-14 16:49:26,199 INFO image_rx_daemon: frag_arrival: seq=29 idx=1 total=13 fw_us=3662327859 len=247

2026-09-14 16:49:26,320 INFO image_rx_daemon: frag_arrival: seq=29 idx=2 total=13 fw_us=3662445006 len=247

2026-09-14 16:49:26,428 INFO image_rx_daemon: frag_arrival: seq=29 idx=3 total=13 fw_us=3662561922 len=247

2026-09-14 16:49:26,437 INFO image_rx_daemon: cmd 0x63 superseded while pending (after 1 attempts) — body replaced, retry budget reset

2026-09-14 16:49:26,545 INFO image_rx_daemon: frag_arrival: seq=29 idx=4 total=13 fw_us=3662678756 len=247

2026-09-14 16:49:26,668 INFO image_rx_daemon: frag_arrival: seq=29 idx=5 total=13 fw_us=3662796081 len=247

2026-09-14 16:49:26,790 INFO image_rx_daemon: frag_arrival: seq=29 idx=6 total=13 fw_us=3662912723 len=247

2026-09-14 16:49:26,901 INFO image_rx_daemon: frag_arrival: seq=29 idx=7 total=13 fw_us=3663029935 len=247

2026-09-14 16:49:27,008 INFO image_rx_daemon: frag_arrival: seq=29 idx=8 total=13 fw_us=3663146973 len=247

2026-09-14 16:49:27,138 INFO image_rx_daemon: frag_arrival: seq=29 idx=9 total=13 fw_us=3663263943 len=247

2026-09-14 16:49:27,140 INFO image_rx_daemon: cmd 0x63 superseded while pending (after 0 attempts) — body replaced, retry budget reset

2026-09-14 16:49:27,252 INFO image_rx_daemon: frag_arrival: seq=29 idx=10 total=13 fw_us=3663380968 len=247

2026-09-14 16:49:27,372 INFO image_rx_daemon: frag_arrival: seq=29 idx=11 total=13 fw_us=3663497977 len=247

2026-09-14 16:49:27,402 INFO image_rx_daemon: frag_arrival: seq=29 idx=12 total=13 fw_us=3663542378 len=80

2026-09-14 16:49:27,407 INFO image_rx_daemon: published frame_id=0 seq=29 2992 B → lifetrac/v25/video/tile_delta

RFCO_PERTX during TX wait: profile_id=2 tx_status=0x00(OK) hop_idx=0 channel_idx=0 epoch=0 freq_hz=0 pkt_toa_us=10304 legal_dwell_used_us_10s=0

2026-09-14 16:49:27,438 INFO image_rx_daemon: command TX opcode=0x60 copy=1/1 OK (on air)

2026-09-14 16:49:27,676 INFO image_rx_daemon: frag_arrival: seq=32 idx=0 total=12 fw_us=3663802065 len=247

2026-09-14 16:49:27,784 INFO image_rx_daemon: frag_arrival: seq=32 idx=1 total=12 fw_us=3663918973 len=247

2026-09-14 16:49:27,839 INFO image_rx_daemon: cmd 0x63 superseded while pending (after 0 attempts) — body replaced, retry budget reset

2026-09-14 16:49:27,908 INFO image_rx_daemon: frag_arrival: seq=32 idx=2 total=12 fw_us=3664036059 len=247

2026-09-14 16:49:28,015 INFO image_rx_daemon: frag_arrival: seq=32 idx=3 total=12 fw_us=3664153033 len=247

2026-09-14 16:49:28,140 INFO image_rx_daemon: frag_arrival: seq=32 idx=4 total=12 fw_us=3664269975 len=247

2026-09-14 16:49:28,257 INFO image_rx_daemon: frag_arrival: seq=32 idx=5 total=12 fw_us=3664387072 len=247

2026-09-14 16:49:28,373 INFO image_rx_daemon: frag_arrival: seq=32 idx=6 total=12 fw_us=3664504070 len=247

2026-09-14 16:49:28,492 INFO image_rx_daemon: frag_arrival: seq=32 idx=7 total=12 fw_us=3664620971 len=247

2026-09-14 16:49:28,544 INFO image_rx_daemon: cmd 0x63 superseded while pending (after 0 attempts) — body replaced, retry budget reset

2026-09-14 16:49:28,611 INFO image_rx_daemon: frag_arrival: seq=32 idx=8 total=12 fw_us=3664738081 len=247

2026-09-14 16:49:28,732 INFO image_rx_daemon: frag_arrival: seq=32 idx=9 total=12 fw_us=3664854990 len=247

2026-09-14 16:49:28,840 INFO image_rx_daemon: frag_arrival: seq=32 idx=10 total=12 fw_us=3664972169 len=247

2026-09-14 16:49:28,949 INFO image_rx_daemon: frag_arrival: seq=32 idx=11 total=12 fw_us=3665083491 len=241

2026-09-14 16:49:28,951 INFO image_rx_daemon: published frame_id=0 seq=32 2910 B → lifetrac/v25/video/tile_delta

RFCO_PERTX during TX wait: profile_id=2 tx_status=0x00(OK) hop_idx=0 channel_idx=0 epoch=0 freq_hz=0 pkt_toa_us=10304 legal_dwell_used_us_10s=0

2026-09-14 16:49:28,983 INFO image_rx_daemon: command TX opcode=0x63 copy=1/1 OK (on air)

2026-09-14 16:49:29,145 INFO image_rx_daemon: frag_arrival: seq=35 idx=0 total=13 fw_us=3665276081 len=247

2026-09-14 16:49:29,247 INFO image_rx_daemon: cmd 0x63 superseded while pending (after 1 attempts) — body replaced, retry budget reset

2026-09-14 16:49:29,255 INFO image_rx_daemon: frag_arrival: seq=35 idx=1 total=13 fw_us=3665392744 len=247

2026-09-14 16:49:29,384 INFO image_rx_daemon: frag_arrival: seq=35 idx=2 total=13 fw_us=3665510137 len=247

2026-09-14 16:49:29,492 INFO image_rx_daemon: frag_arrival: seq=35 idx=3 total=13 fw_us=3665627066 len=247

2026-09-14 16:49:29,612 INFO image_rx_daemon: frag_arrival: seq=35 idx=4 total=13 fw_us=3665744081 len=247

2026-09-14 16:49:29,732 INFO image_rx_daemon: frag_arrival: seq=35 idx=5 total=13 fw_us=3665861238 len=247

2026-09-14 16:49:29,852 INFO image_rx_daemon: frag_arrival: seq=35 idx=6 total=13 fw_us=3665978279 len=247

2026-09-14 16:49:29,953 INFO image_rx_daemon: cmd 0x63 superseded while pending (after 0 attempts) — body replaced, retry budget reset

2026-09-14 16:49:29,959 INFO image_rx_daemon: frag_arrival: seq=35 idx=7 total=13 fw_us=3666095394 len=247

2026-09-14 16:49:30,074 INFO image_rx_daemon: frag_arrival: seq=35 idx=8 total=13 fw_us=3666212413 len=247

2026-09-14 16:49:30,193 INFO image_rx_daemon: frag_arrival: seq=35 idx=9 total=13 fw_us=3666329287 len=247

2026-09-14 16:49:30,320 INFO image_rx_daemon: frag_arrival: seq=35 idx=10 total=13 fw_us=3666446571 len=247

2026-09-14 16:49:30,428 INFO image_rx_daemon: frag_arrival: seq=35 idx=11 total=13 fw_us=3666563553 len=247

2026-09-14 16:49:30,468 INFO image_rx_daemon: frag_arrival: seq=35 idx=12 total=13 fw_us=3666605312 len=71

2026-09-14 16:49:30,472 INFO image_rx_daemon: published frame_id=0 seq=35 2983 B → lifetrac/v25/video/tile_delta

RFCO_PERTX during TX wait: profile_id=2 tx_status=0x00(OK) hop_idx=0 channel_idx=0 epoch=0 freq_hz=0 pkt_toa_us=10304 legal_dwell_used_us_10s=0

2026-09-14 16:49:30,498 INFO image_rx_daemon: command TX opcode=0x63 copy=1/1 OK (on air)

2026-09-14 16:49:30,650 INFO image_rx_daemon: cmd 0x63 superseded while pending (after 1 attempts) — body replaced, retry budget reset

2026-09-14 16:49:30,735 INFO image_rx_daemon: frag_arrival: seq=38 idx=0 total=12 fw_us=3666867543 len=247

2026-09-14 16:49:30,853 INFO image_rx_daemon: frag_arrival: seq=38 idx=1 total=12 fw_us=3666984685 len=247

2026-09-14 16:49:30,959 INFO image_rx_daemon: frag_arrival: seq=38 idx=2 total=12 fw_us=3667101802 len=247

2026-09-14 16:49:31,085 INFO image_rx_daemon: frag_arrival: seq=38 idx=3 total=12 fw_us=3667218875 len=247

2026-09-14 16:49:31,205 INFO image_rx_daemon: frag_arrival: seq=38 idx=4 total=12 fw_us=3667335690 len=247

2026-09-14 16:49:31,328 INFO image_rx_daemon: frag_arrival: seq=38 idx=5 total=12 fw_us=3667452917 len=247

2026-09-14 16:49:31,353 INFO image_rx_daemon: cmd 0x63 superseded while pending (after 0 attempts) — body replaced, retry budget reset

2026-09-14 16:49:31,436 INFO image_rx_daemon: frag_arrival: seq=38 idx=6 total=12 fw_us=3667569790 len=247

2026-09-14 16:49:31,553 INFO image_rx_daemon: frag_arrival: seq=38 idx=7 total=12 fw_us=3667687006 len=247

2026-09-14 16:49:31,670 INFO image_rx_daemon: frag_arrival: seq=38 idx=8 total=12 fw_us=3667803968 len=247

2026-09-14 16:49:31,786 INFO image_rx_daemon: frag_arrival: seq=38 idx=9 total=12 fw_us=3667920839 len=247

2026-09-14 16:49:31,905 INFO image_rx_daemon: frag_arrival: seq=38 idx=10 total=12 fw_us=3668038059 len=247

2026-09-14 16:49:32,008 WARNING image_rx_daemon: crc_dump: irq=0x70 rx_len=255 snr=2.2 rssi=-64 dump=01020000000000a1497f76afcecda1f988d333f140444b5cc258a735091a23f44e3101e14b317b6a7b6fd4ef888665f4c301f18a4d1ed5a1647964ad44c0df0d650c2cab60cad24feb4644e71a60122f264743fbb12a011936953957370c3e2d63e7450a80c113fb915940144528afd2689ca8a88a30cc93ddfcf0b58c22d6bb6d87782754157693dd15f44f83567fe7952c538e3e79ecfa809c26d57bad4af8b206d60c3ff66f300fd963606d02010688b87cc16a0c682cbd464a3105cafc777e0653cd1c127cccf0496f2c56c32071a29047fb5dd411c231c6b53102d80a93739ab311f02a0901a92991ae389a378dfa9fbd39c74e05ee05ea4f

2026-09-14 16:49:32,056 INFO image_rx_daemon: cmd 0x63 superseded while pending (after 0 attempts) — body replaced, retry budget reset

2026-09-14 16:49:32,209 INFO image_rx_daemon: frag_arrival: seq=41 idx=0 total=13 fw_us=3668342000 len=247

2026-09-14 16:49:32,332 INFO image_rx_daemon: frag_arrival: seq=41 idx=1 total=13 fw_us=3668458921 len=247

2026-09-14 16:49:32,456 INFO image_rx_daemon: frag_arrival: seq=41 idx=2 total=13 fw_us=3668576074 len=247

2026-09-14 16:49:32,564 INFO image_rx_daemon: frag_arrival: seq=41 idx=3 total=13 fw_us=3668693144 len=247

2026-09-14 16:49:32,684 INFO image_rx_daemon: frag_arrival: seq=41 idx=4 total=13 fw_us=3668810137 len=247

2026-09-14 16:49:32,758 INFO image_rx_daemon: cmd 0x63 superseded while pending (after 0 attempts) — body replaced, retry budget reset

2026-09-14 16:49:32,792 INFO image_rx_daemon: frag_arrival: seq=41 idx=5 total=13 fw_us=3668927203 len=247

2026-09-14 16:49:32,916 INFO image_rx_daemon: frag_arrival: seq=41 idx=6 total=13 fw_us=3669044300 len=247

2026-09-14 16:49:33,024 INFO image_rx_daemon: frag_arrival: seq=41 idx=7 total=13 fw_us=3669161130 len=247

2026-09-14 16:49:33,142 INFO image_rx_daemon: frag_arrival: seq=41 idx=8 total=13 fw_us=3669278248 len=247

2026-09-14 16:49:33,273 INFO image_rx_daemon: frag_arrival: seq=41 idx=9 total=13 fw_us=3669395132 len=247

2026-09-14 16:49:33,381 INFO image_rx_daemon: frag_arrival: seq=41 idx=10 total=13 fw_us=3669512296 len=247

2026-09-14 16:49:33,460 INFO image_rx_daemon: cmd 0x63 superseded while pending (after 0 attempts) — body replaced, retry budget reset

2026-09-14 16:49:33,499 INFO image_rx_daemon: frag_arrival: seq=41 idx=11 total=13 fw_us=3669629272 len=247

2026-09-14 16:49:33,500 INFO image_rx_daemon: frag_arrival: seq=41 idx=12 total=13 fw_us=3669652706 len=22

2026-09-14 16:49:33,501 INFO image_rx_daemon: published frame_id=0 seq=41 2934 B → lifetrac/v25/video/tile_delta

RFCO_PERTX during TX wait: profile_id=2 tx_status=0x00(OK) hop_idx=0 channel_idx=0 epoch=0 freq_hz=0 pkt_toa_us=10304 legal_dwell_used_us_10s=0

2026-09-14 16:49:33,527 INFO image_rx_daemon: command TX opcode=0x63 copy=1/1 OK (on air)

2026-09-14 16:49:33,689 INFO image_rx_daemon: frag_arrival: seq=44 idx=0 total=13 fw_us=3669816174 len=247

2026-09-14 16:49:33,806 INFO image_rx_daemon: frag_arrival: seq=44 idx=1 total=13 fw_us=3669932903 len=247

2026-09-14 16:49:33,928 INFO image_rx_daemon: frag_arrival: seq=44 idx=2 total=13 fw_us=3670050134 len=247

2026-09-14 16:49:34,016 INFO image_rx_daemon: stats: rx_frames=1253 rx_decode_err=0 frames_published=67 publish_err=0 reassembler_decode_err=0 reassembler_timeouts=34 parity_recon=0 idle_drain_deferred=6 cmd_cooldown_drops=6 cmd_gate_held=0 cmd_copies_deferred=0

2026-09-14 16:49:34,017 INFO image_rx_daemon: air_gap: n=81 dt_med=117019us dt_p95=192590us len_med=247B cmd_tx_ok=82 cmd_tx_fail=0

2026-09-14 16:49:34,017 INFO image_rx_daemon: air_gap_hist(ms): <20:1 <40:1 <80:2 <120:69 <200:4 <400:4

2026-09-14 16:49:34,018 INFO image_rx_daemon: rx_rf: n_rssi=81 n_snr=81 rssi[min/med/max]=-69/-68/-67 snr[min/med/max]=5.0/6.0/6.0

2026-09-14 16:49:34,018 INFO image_rx_daemon: phase_telemetry: valid=81 invalid=0 pre_f8=0 last_epoch=0 last_hop=0 slot_off=[0..0]

2026-09-14 16:49:34,019 INFO image_rx_daemon: air_gap_by_class: seq: n=71 med=117.0ms | boundary: n=7 med=259.5ms | post_loss: n=1 med=161.4ms

2026-09-14 16:49:34,019 INFO image_rx_daemon: lost_frag_idx: n=1 idx0=0 (0.00% of idx0 arrivals) other=1 (0.65%) verdict=not-clustered | top 11:1

2026-09-14 16:49:34,020 INFO image_rx_daemon: frag_reordered: 4 late out-of-order arrivals had a provisional loss retracted (in-order assumption violated — see RS-11.4)

2026-09-14 16:49:34,025 INFO image_rx_daemon: frag_arrival: seq=44 idx=3 total=13 fw_us=3670167178 len=247

2026-09-14 16:49:34,151 INFO image_rx_daemon: frag_arrival: seq=44 idx=4 total=13 fw_us=3670284032 len=247

2026-09-14 16:49:34,158 INFO image_rx_daemon: cmd 0x63 superseded while pending (after 1 attempts) — body replaced, retry budget reset

2026-09-14 16:49:34,269 INFO image_rx_daemon: frag_arrival: seq=44 idx=5 total=13 fw_us=3670402078 len=247

2026-09-14 16:49:34,388 INFO image_rx_daemon: frag_arrival: seq=44 idx=6 total=13 fw_us=3670519078 len=247

2026-09-14 16:49:34,508 INFO image_rx_daemon: frag_arrival: seq=44 idx=7 total=13 fw_us=3670635125 len=247

2026-09-14 16:49:34,626 INFO image_rx_daemon: frag_arrival: seq=44 idx=8 total=13 fw_us=3670751947 len=247

2026-09-14 16:49:34,753 INFO image_rx_daemon: frag_arrival: seq=44 idx=9 total=13 fw_us=3670870078 len=247

2026-09-14 16:49:34,857 INFO image_rx_daemon: frag_arrival: seq=44 idx=10 total=13 fw_us=3670986210 len=247

2026-09-14 16:49:34,859 INFO image_rx_daemon: cmd 0x63 superseded while pending (after 0 attempts) — body replaced, retry budget reset

2026-09-14 16:49:34,976 INFO image_rx_daemon: frag_arrival: seq=44 idx=11 total=13 fw_us=3671103161 len=247

2026-09-14 16:49:34,990 INFO image_rx_daemon: frag_arrival: seq=44 idx=12 total=13 fw_us=3671133156 len=41

2026-09-14 16:49:34,993 INFO image_rx_daemon: published frame_id=0 seq=44 2953 B → lifetrac/v25/video/tile_delta

RFCO_PERTX during TX wait: profile_id=2 tx_status=0x00(OK) hop_idx=0 channel_idx=0 epoch=0 freq_hz=0 pkt_toa_us=10304 legal_dwell_used_us_10s=0

2026-09-14 16:49:35,016 INFO image_rx_daemon: command TX opcode=0x60 copy=1/1 OK (on air)

2026-09-14 16:49:35,167 INFO image_rx_daemon: frag_arrival: seq=47 idx=0 total=13 fw_us=3671292380 len=247

2026-09-14 16:49:35,276 INFO image_rx_daemon: frag_arrival: seq=47 idx=1 total=13 fw_us=3671409285 len=247

2026-09-14 16:49:35,391 INFO image_rx_daemon: frag_arrival: seq=47 idx=2 total=13 fw_us=3671526274 len=247

2026-09-14 16:49:35,512 INFO image_rx_daemon: frag_arrival: seq=47 idx=3 total=13 fw_us=3671643298 len=247

2026-09-14 16:49:35,564 INFO image_rx_daemon: cmd 0x63 superseded while pending (after 0 attempts) — body replaced, retry budget reset

2026-09-14 16:49:35,632 INFO image_rx_daemon: frag_arrival: seq=47 idx=4 total=13 fw_us=3671760259 len=247

2026-09-14 16:49:35,756 INFO image_rx_daemon: frag_arrival: seq=47 idx=5 total=13 fw_us=3671877352 len=247

2026-09-14 16:49:35,864 INFO image_rx_daemon: frag_arrival: seq=47 idx=6 total=13 fw_us=3671994392 len=247

2026-09-14 16:49:35,984 INFO image_rx_daemon: frag_arrival: seq=47 idx=7 total=13 fw_us=3672111387 len=247

2026-09-14 16:49:36,104 INFO image_rx_daemon: frag_arrival: seq=47 idx=8 total=13 fw_us=3672228506 len=247

2026-09-14 16:49:36,218 INFO image_rx_daemon: frag_arrival: seq=47 idx=9 total=13 fw_us=3672345813 len=247

2026-09-14 16:49:36,264 INFO image_rx_daemon: cmd 0x63 superseded while pending (after 0 attempts) — body replaced, retry budget reset

2026-09-14 16:49:36,324 INFO image_rx_daemon: frag_arrival: seq=47 idx=10 total=13 fw_us=3672462694 len=247

2026-09-14 16:49:36,452 INFO image_rx_daemon: frag_arrival: seq=47 idx=11 total=13 fw_us=3672579800 len=247

2026-09-14 16:49:36,454 INFO image_rx_daemon: frag_arrival: seq=47 idx=12 total=13 fw_us=3672608491 len=37

2026-09-14 16:49:36,455 INFO image_rx_daemon: published frame_id=0 seq=47 2949 B → lifetrac/v25/video/tile_delta

2026-09-14 16:49:36,456 WARNING image_rx_daemon: cmd 0x60 GAVE UP after 6 attempts (21.9 s); cool-down 30 s

RFCO_PERTX during TX wait: profile_id=2 tx_status=0x00(OK) hop_idx=0 channel_idx=0 epoch=0 freq_hz=0 pkt_toa_us=10304 legal_dwell_used_us_10s=0

2026-09-14 16:49:36,486 INFO image_rx_daemon: command TX opcode=0x63 copy=1/1 OK (on air)

2026-09-14 16:49:36,655 INFO image_rx_daemon: frag_arrival: seq=50 idx=0 total=13 fw_us=3672787902 len=247

2026-09-14 16:49:36,773 INFO image_rx_daemon: frag_arrival: seq=50 idx=1 total=13 fw_us=3672904800 len=247

2026-09-14 16:49:36,892 INFO image_rx_daemon: frag_arrival: seq=50 idx=2 total=13 fw_us=3673022073 len=247

2026-09-14 16:49:36,967 INFO image_rx_daemon: cmd 0x63 superseded while pending (after 1 attempts) — body replaced, retry budget reset

2026-09-14 16:49:37,012 INFO image_rx_daemon: frag_arrival: seq=50 idx=3 total=13 fw_us=3673139046 len=247

2026-09-14 16:49:37,128 INFO image_rx_daemon: frag_arrival: seq=50 idx=4 total=13 fw_us=3673255946 len=247

2026-09-14 16:49:37,252 INFO image_rx_daemon: frag_arrival: seq=50 idx=5 total=13 fw_us=3673372956 len=247

2026-09-14 16:49:37,364 INFO image_rx_daemon: frag_arrival: seq=50 idx=6 total=13 fw_us=3673489980 len=247

2026-09-14 16:49:37,472 INFO image_rx_daemon: frag_arrival: seq=50 idx=7 total=13 fw_us=3673606975 len=247

2026-09-14 16:49:37,596 INFO image_rx_daemon: frag_arrival: seq=50 idx=8 total=13 fw_us=3673723917 len=247

2026-09-14 16:49:37,669 INFO image_rx_daemon: cmd 0x63 superseded while pending (after 0 attempts) — body replaced, retry budget reset

2026-09-14 16:49:37,711 INFO image_rx_daemon: frag_arrival: seq=50 idx=9 total=13 fw_us=3673840999 len=247

2026-09-14 16:49:37,821 INFO image_rx_daemon: frag_arrival: seq=50 idx=10 total=13 fw_us=3673958033 len=247

2026-09-14 16:49:37,948 INFO image_rx_daemon: frag_arrival: seq=50 idx=11 total=13 fw_us=3674075051 len=247

2026-09-14 16:49:37,962 INFO image_rx_daemon: frag_arrival: seq=50 idx=12 total=13 fw_us=3674105062 len=41

2026-09-14 16:49:37,968 INFO image_rx_daemon: published frame_id=0 seq=50 2953 B → lifetrac/v25/video/tile_delta

RFCO_PERTX during TX wait: profile_id=2 tx_status=0x00(OK) hop_idx=0 channel_idx=0 epoch=0 freq_hz=0 pkt_toa_us=10304 legal_dwell_used_us_10s=0

2026-09-14 16:49:37,993 INFO image_rx_daemon: command TX opcode=0x63 copy=1/1 OK (on air)

2026-09-14 16:49:38,133 INFO image_rx_daemon: frag_arrival: seq=53 idx=0 total=13 fw_us=3674264139 len=247

2026-09-14 16:49:38,252 INFO image_rx_daemon: frag_arrival: seq=53 idx=1 total=13 fw_us=3674382078 len=247

2026-09-14 16:49:38,371 INFO image_rx_daemon: frag_arrival: seq=53 idx=2 total=13 fw_us=3674498141 len=247

2026-09-14 16:49:38,372 INFO image_rx_daemon: cmd 0x63 superseded while pending (after 1 attempts) — body replaced, retry budget reset

2026-09-14 16:49:38,489 INFO image_rx_daemon: frag_arrival: seq=53 idx=3 total=13 fw_us=3674615249 len=247

2026-09-14 16:49:38,608 INFO image_rx_daemon: frag_arrival: seq=53 idx=4 total=13 fw_us=3674732151 len=247

2026-09-14 16:49:38,716 INFO image_rx_daemon: frag_arrival: seq=53 idx=5 total=13 fw_us=3674849231 len=247

2026-09-14 16:49:38,832 INFO image_rx_daemon: frag_arrival: seq=53 idx=6 total=13 fw_us=3674966294 len=247

2026-09-14 16:49:38,957 INFO image_rx_daemon: frag_arrival: seq=53 idx=7 total=13 fw_us=3675083350 len=247

2026-09-14 16:49:39,068 INFO image_rx_daemon: frag_arrival: seq=53 idx=8 total=13 fw_us=3675200541 len=247

2026-09-14 16:49:39,072 INFO image_rx_daemon: cmd 0x63 superseded while pending (after 0 attempts) — body replaced, retry budget reset

2026-09-14 16:49:39,188 INFO image_rx_daemon: frag_arrival: seq=53 idx=9 total=13 fw_us=3675317421 len=247

2026-09-14 16:49:39,308 INFO image_rx_daemon: frag_arrival: seq=53 idx=10 total=13 fw_us=3675434521 len=247

2026-09-14 16:49:39,415 INFO image_rx_daemon: frag_arrival: seq=53 idx=11 total=13 fw_us=3675551547 len=247

2026-09-14 16:49:39,456 INFO image_rx_daemon: frag_arrival: seq=53 idx=12 total=13 fw_us=3675595936 len=79

2026-09-14 16:49:39,459 INFO image_rx_daemon: published frame_id=0 seq=53 2991 B → lifetrac/v25/video/tile_delta

RFCO_PERTX during TX wait: profile_id=2 tx_status=0x00(OK) hop_idx=0 channel_idx=0 epoch=0 freq_hz=0 pkt_toa_us=10304 legal_dwell_used_us_10s=0

2026-09-14 16:49:39,485 INFO image_rx_daemon: command TX opcode=0x63 copy=1/1 OK (on air)

2026-09-14 16:49:39,721 INFO image_rx_daemon: frag_arrival: seq=59 idx=0 total=13 fw_us=3675855574 len=247

2026-09-14 16:49:39,775 INFO image_rx_daemon: cmd 0x63 superseded while pending (after 1 attempts) — body replaced, retry budget reset

2026-09-14 16:49:39,844 INFO image_rx_daemon: frag_arrival: seq=59 idx=1 total=13 fw_us=3675972409 len=247

2026-09-14 16:49:39,973 INFO image_rx_daemon: frag_arrival: seq=59 idx=2 total=13 fw_us=3676089423 len=247

2026-09-14 16:49:40,079 INFO image_rx_daemon: frag_arrival: seq=59 idx=3 total=13 fw_us=3676206588 len=247

2026-09-14 16:49:40,197 INFO image_rx_daemon: frag_arrival: seq=59 idx=4 total=13 fw_us=3676323559 len=247

2026-09-14 16:49:40,316 INFO image_rx_daemon: frag_arrival: seq=59 idx=5 total=13 fw_us=3676440607 len=247

2026-09-14 16:49:40,425 INFO image_rx_daemon: frag_arrival: seq=59 idx=6 total=13 fw_us=3676557602 len=247

2026-09-14 16:49:40,474 INFO image_rx_daemon: cmd 0x63 superseded while pending (after 0 attempts) — body replaced, retry budget reset

2026-09-14 16:49:40,535 INFO image_rx_daemon: frag_arrival: seq=59 idx=7 total=13 fw_us=3676674470 len=247

2026-09-14 16:49:40,664 INFO image_rx_daemon: frag_arrival: seq=59 idx=8 total=13 fw_us=3676791547 len=247

2026-09-14 16:49:40,784 INFO image_rx_daemon: frag_arrival: seq=59 idx=9 total=13 fw_us=3676908403 len=247

2026-09-14 16:49:40,896 INFO image_rx_daemon: frag_arrival: seq=59 idx=10 total=13 fw_us=3677025638 len=247

2026-09-14 16:49:41,004 INFO image_rx_daemon: frag_arrival: seq=59 idx=11 total=13 fw_us=3677142560 len=247

2026-09-14 16:49:41,045 INFO image_rx_daemon: frag_arrival: seq=59 idx=12 total=13 fw_us=3677186969 len=81

2026-09-14 16:49:41,047 INFO image_rx_daemon: published frame_id=0 seq=59 2993 B → lifetrac/v25/video/tile_delta

RFCO_PERTX during TX wait: profile_id=2 tx_status=0x00(OK) hop_idx=0 channel_idx=0 epoch=0 freq_hz=0 pkt_toa_us=10304 legal_dwell_used_us_10s=0

2026-09-14 16:49:41,071 INFO image_rx_daemon: command TX opcode=0x63 copy=1/1 OK (on air)

2026-09-14 16:49:41,179 INFO image_rx_daemon: cmd 0x63 superseded while pending (after 1 attempts) — body replaced, retry budget reset

2026-09-14 16:49:41,320 INFO image_rx_daemon: frag_arrival: seq=60 idx=0 total=12 fw_us=3677446553 len=247

2026-09-14 16:49:41,444 INFO image_rx_daemon: frag_arrival: seq=60 idx=1 total=12 fw_us=3677563568 len=247

2026-09-14 16:49:41,552 INFO image_rx_daemon: frag_arrival: seq=60 idx=2 total=12 fw_us=3677680581 len=247

2026-09-14 16:49:41,671 INFO image_rx_daemon: frag_arrival: seq=60 idx=3 total=12 fw_us=3677797764 len=247

2026-09-14 16:49:41,789 INFO image_rx_daemon: frag_arrival: seq=60 idx=4 total=12 fw_us=3677914652 len=247

2026-09-14 16:49:41,881 INFO image_rx_daemon: cmd 0x63 superseded while pending (after 0 attempts) — body replaced, retry budget reset

2026-09-14 16:49:41,887 INFO image_rx_daemon: frag_arrival: seq=60 idx=5 total=12 fw_us=3678031690 len=247

2026-09-14 16:49:42,007 INFO image_rx_daemon: frag_arrival: seq=60 idx=6 total=12 fw_us=3678148677 len=247

2026-09-14 16:49:42,136 INFO image_rx_daemon: frag_arrival: seq=60 idx=7 total=12 fw_us=3678265486 len=247

2026-09-14 16:49:42,256 INFO image_rx_daemon: frag_arrival: seq=60 idx=8 total=12 fw_us=3678382673 len=247

2026-09-14 16:49:42,376 INFO image_rx_daemon: frag_arrival: seq=60 idx=9 total=12 fw_us=3678499567 len=247

2026-09-14 16:49:42,484 INFO image_rx_daemon: frag_arrival: seq=60 idx=10 total=12 fw_us=3678616744 len=247

2026-09-14 16:49:42,585 WARNING image_rx_daemon: crc_dump: irq=0x70 rx_len=255 snr=-0.5 rssi=-64 dump=01020000000000843de5eaf19bafccb34b7bf4ea13af4ffd57bcf77c003a1a31ccb5626b4c94eec401a004ff4ae76a405bad75cc5a02494f37b7d28fc6c5d377ce766eeee2dc0d06d720429294bde9fc91ccd665ecd651c15db2124416456611eb54725db40d6d0a6d5cc093c6e9de09cc2689caa6e5d5949122892c728618c54bac47a7e48aa4a1de2cbaaa690659fe77181cb36ce17241da28f6ba330933c0da1b883be4e123e631af9f264b52ffbf9f2eab3239171f29d759e816997bac3f49445ca31398659f08dae007aad74b5ba8547f999b74eaedff2dadd79aee80578eff67458c324f6866712530f937265fe9b1280bb1b876703b913e

2026-09-14 16:49:42,585 INFO image_rx_daemon: cmd 0x63 superseded while pending (after 0 attempts) — body replaced, retry budget reset

2026-09-14 16:49:42,788 INFO image_rx_daemon: frag_arrival: seq=62 idx=0 total=12 fw_us=3678920552 len=247

2026-09-14 16:49:42,908 INFO image_rx_daemon: frag_arrival: seq=62 idx=1 total=12 fw_us=3679037156 len=247

2026-09-14 16:49:43,025 WARNING image_rx_daemon: crc_dump: irq=0x70 rx_len=218 snr=-11.8 rssi=-114 dump=eebb359a827e91cc0bf1aa6a56e8f525453125f2acd0a050a349e3a51a0abd41056117468cf232b877813acd90f8566ee1b59e5e0bb4818e953c6721009f5e26076cefd8008605c932437e5166ca3d5861c7cf465f3089bc00f0eca668dcc46a8c340507e0b857a101f43b98da673742ef6dd558ef95450a068e1cff531a41b0bd75a555df93595ec8c15b125c73561d237a4293ec9d338a03ed42244ac0e28af32abc720ffc4361665958fed3413265980f82a9772f9f843e1c792c5ce94b160439c66aeb7e2ef736ddb4fffbce2953c080dc785ef33a358d56

2026-09-14 16:49:43,141 INFO image_rx_daemon: frag_arrival: seq=62 idx=3 total=12 fw_us=3679271477 len=247

2026-09-14 16:49:43,261 INFO image_rx_daemon: frag_arrival: seq=62 idx=4 total=12 fw_us=3679388493 len=247

2026-09-14 16:49:43,289 INFO image_rx_daemon: cmd 0x63 superseded while pending (after 0 attempts) — body replaced, retry budget reset

2026-09-14 16:49:43,380 INFO image_rx_daemon: frag_arrival: seq=62 idx=5 total=12 fw_us=3679505535 len=247

2026-09-14 16:49:43,491 INFO image_rx_daemon: frag_arrival: seq=62 idx=6 total=12 fw_us=3679622507 len=247

2026-09-14 16:49:43,609 INFO image_rx_daemon: frag_arrival: seq=62 idx=7 total=12 fw_us=3679739556 len=247

2026-09-14 16:49:43,652 WARNING image_rx_daemon: crc_dump: irq=0x70 rx_len=141 snr=6.0 rssi=-64 dump=564765e70439b0dc49332f765f683053731b1d3b3c8664983a36cb693f5dddc62c390e6785094648a3000b4de1fe49762f039f0a914a5a1df6988862f129fada81048f118b96a6fc774ffda8065bbd1dee49b31b1a186cba748953a09cc7bde98c4e280b2786fe7d69d32ceba0ed6884c282d32db8c074209f9e9d1e13fff793a798816d40c197d0d6c6b7aca1

2026-09-14 16:49:43,846 INFO image_rx_daemon: frag_arrival: seq=62 idx=9 total=12 fw_us=3679973389 len=247

2026-09-14 16:49:43,968 INFO image_rx_daemon: frag_arrival: seq=62 idx=10 total=12 fw_us=3680090514 len=247

2026-09-14 16:49:43,988 INFO image_rx_daemon: cmd 0x63 superseded while pending (after 0 attempts) — body replaced, retry budget reset

2026-09-14 16:49:44,021 INFO image_rx_daemon: stats: rx_frames=1335 rx_decode_err=0 frames_published=72 publish_err=0 reassembler_decode_err=0 reassembler_timeouts=34 parity_recon=0 idle_drain_deferred=6 cmd_cooldown_drops=7 cmd_gate_held=0 cmd_copies_deferred=0

2026-09-14 16:49:44,022 INFO image_rx_daemon: air_gap: n=82 dt_med=117018us dt_p95=233833us len_med=247B cmd_tx_ok=87 cmd_tx_fail=0

2026-09-14 16:49:44,023 INFO image_rx_daemon: air_gap_hist(ms): <40:3 <80:2 <120:69 <200:3 <400:5

2026-09-14 16:49:44,024 INFO image_rx_daemon: rx_rf: n_rssi=82 n_snr=82 rssi[min/med/max]=-69/-68/-67 snr[min/med/max]=5.0/6.0/6.0

2026-09-14 16:49:44,024 INFO image_rx_daemon: phase_telemetry: valid=82 invalid=0 pre_f8=0 last_epoch=0 last_hop=0 slot_off=[0..0]

2026-09-14 16:49:44,025 INFO image_rx_daemon: air_gap_by_class: seq: n=72 med=117.0ms | boundary: n=6 med=259.6ms | post_loss: n=2 med=234.3ms

2026-09-14 16:49:44,026 INFO image_rx_daemon: lost_frag_idx: n=3 idx0=0 (0.00% of idx0 arrivals) other=3 (3.80%) verdict=not-clustered | top 11:1 2:1 8:1

2026-09-14 16:49:44,026 INFO image_rx_daemon: frag_reordered: 2 late out-of-order arrivals had a provisional loss retracted (in-order assumption violated — see RS-11.4)

2026-09-14 16:49:44,076 INFO image_rx_daemon: frag_arrival: seq=62 idx=11 total=12 fw_us=3680207447 len=246

RFCO_PERTX during TX wait: profile_id=2 tx_status=0x00(OK) hop_idx=0 channel_idx=0 epoch=0 freq_hz=0 pkt_toa_us=10304 legal_dwell_used_us_10s=0

2026-09-14 16:49:44,102 INFO image_rx_daemon: command TX opcode=0x63 copy=1/1 OK (on air)

2026-09-14 16:49:44,268 INFO image_rx_daemon: frag_arrival: seq=65 idx=0 total=13 fw_us=3680394483 len=247

2026-09-14 16:49:44,383 INFO image_rx_daemon: frag_arrival: seq=65 idx=1 total=13 fw_us=3680511365 len=247

2026-09-14 16:49:44,508 INFO image_rx_daemon: frag_arrival: seq=65 idx=2 total=13 fw_us=3680628449 len=247

2026-09-14 16:49:44,617 INFO image_rx_daemon: frag_arrival: seq=65 idx=3 total=13 fw_us=3680745404 len=247

2026-09-14 16:49:44,691 INFO image_rx_daemon: cmd 0x63 superseded while pending (after 1 attempts) — body replaced, retry budget reset

2026-09-14 16:49:44,711 WARNING image_rx_daemon: crc_dump: irq=0x70 rx_len=255 snr=0.0 rssi=-65 dump=96c4f4113e0a4251c7bc620daa2addc57357056104dd95fa8fbc856019d9a46d7b64b6125d0270e0e3e7df6591743bdfc1474bbf2c4aabdb4f4e8318b7f37d1dbf45de9717931c33304bf118693ba62bfe1848f395fe841be6f617c4ac4ab2cc8e76933ee8c242288918b14ddb3e339eb23e0285f12c7058b01623bebcf37d4fc7a81ef53d9a3d37cf0607ab01a0772c018629881c0777b789200e28842ef96b642b8542b6cbfe0d87afcbb57ff3b2f2d964ca10736f63f2f473f2156d3d3c088f0b3de519f3e84dea3377f9a44ff17e40eea943974aac3631303b9164819de5164a0792bb4921b3269596791f5becf5c49c447811702578711107

2026-09-14 16:49:44,856 INFO image_rx_daemon: frag_arrival: seq=65 idx=5 total=13 fw_us=3680979457 len=247

2026-09-14 16:49:44,955 INFO image_rx_daemon: frag_arrival: seq=65 idx=6 total=13 fw_us=3681096510 len=247

2026-09-14 16:49:45,084 INFO image_rx_daemon: frag_arrival: seq=65 idx=7 total=13 fw_us=3681213468 len=247

2026-09-14 16:49:45,202 INFO image_rx_daemon: frag_arrival: seq=65 idx=8 total=13 fw_us=3681330257 len=247

2026-09-14 16:49:45,321 INFO image_rx_daemon: frag_arrival: seq=65 idx=9 total=13 fw_us=3681447381 len=247

2026-09-14 16:49:45,394 INFO image_rx_daemon: cmd 0x63 superseded while pending (after 0 attempts) — body replaced, retry budget reset

2026-09-14 16:49:45,439 INFO image_rx_daemon: frag_arrival: seq=65 idx=10 total=13 fw_us=3681564392 len=247

2026-09-14 16:49:45,552 INFO image_rx_daemon: frag_arrival: seq=65 idx=11 total=13 fw_us=3681681357 len=247

2026-09-14 16:49:45,581 INFO image_rx_daemon: frag_arrival: seq=65 idx=12 total=13 fw_us=3681724078 len=73

RFCO_PERTX during TX wait: profile_id=2 tx_status=0x00(OK) hop_idx=0 channel_idx=0 epoch=0 freq_hz=0 pkt_toa_us=10304 legal_dwell_used_us_10s=0

2026-09-14 16:49:45,609 INFO image_rx_daemon: command TX opcode=0x63 copy=1/1 OK (on air)

2026-09-14 16:49:45,857 INFO image_rx_daemon: frag_arrival: seq=71 idx=0 total=13 fw_us=3681985231 len=247

2026-09-14 16:49:45,976 INFO image_rx_daemon: frag_arrival: seq=71 idx=1 total=13 fw_us=3682103078 len=247

2026-09-14 16:49:46,093 INFO image_rx_daemon: frag_arrival: seq=71 idx=2 total=13 fw_us=3682219131 len=247

2026-09-14 16:49:46,094 INFO image_rx_daemon: cmd 0x63 superseded while pending (after 1 attempts) — body replaced, retry budget reset

2026-09-14 16:49:46,212 INFO image_rx_daemon: frag_arrival: seq=71 idx=3 total=13 fw_us=3682336146 len=247

2026-09-14 16:49:46,332 INFO image_rx_daemon: frag_arrival: seq=71 idx=4 total=13 fw_us=3682454078 len=247

2026-09-14 16:49:46,444 INFO image_rx_daemon: frag_arrival: seq=71 idx=5 total=13 fw_us=3682570151 len=247

2026-09-14 16:49:46,564 INFO image_rx_daemon: frag_arrival: seq=71 idx=6 total=13 fw_us=3682687187 len=247

2026-09-14 16:49:46,672 INFO image_rx_daemon: frag_arrival: seq=71 idx=7 total=13 fw_us=3682803938 len=247

2026-09-14 16:49:46,794 INFO image_rx_daemon: frag_arrival: seq=71 idx=8 total=13 fw_us=3682921155 len=247

2026-09-14 16:49:46,795 INFO image_rx_daemon: cmd 0x63 superseded while pending (after 0 attempts) — body replaced, retry budget reset

2026-09-14 16:49:46,904 INFO image_rx_daemon: frag_arrival: seq=71 idx=9 total=13 fw_us=3683037990 len=247

2026-09-14 16:49:47,012 INFO image_rx_daemon: frag_arrival: seq=71 idx=10 total=13 fw_us=3683155332 len=247

2026-09-14 16:49:47,129 INFO image_rx_daemon: frag_arrival: seq=71 idx=11 total=13 fw_us=3683272379 len=247

2026-09-14 16:49:47,168 INFO image_rx_daemon: frag_arrival: seq=71 idx=12 total=13 fw_us=3683310245 len=63

2026-09-14 16:49:47,171 INFO image_rx_daemon: published frame_id=0 seq=71 2975 B → lifetrac/v25/video/tile_delta

RFCO_PERTX during TX wait: profile_id=2 tx_status=0x00(OK) hop_idx=0 channel_idx=0 epoch=0 freq_hz=0 pkt_toa_us=10304 legal_dwell_used_us_10s=0

2026-09-14 16:49:47,197 INFO image_rx_daemon: command TX opcode=0x63 copy=1/1 OK (on air)

2026-09-14 16:49:47,440 INFO image_rx_daemon: frag_arrival: seq=72 idx=0 total=13 fw_us=3683576210 len=247

2026-09-14 16:49:47,499 INFO image_rx_daemon: cmd 0x63 superseded while pending (after 1 attempts) — body replaced, retry budget reset

2026-09-14 16:49:47,564 INFO image_rx_daemon: frag_arrival: seq=72 idx=1 total=13 fw_us=3683692949 len=247

2026-09-14 16:49:47,684 INFO image_rx_daemon: frag_arrival: seq=72 idx=2 total=13 fw_us=3683810060 len=247

2026-09-14 16:49:47,808 INFO image_rx_daemon: frag_arrival: seq=72 idx=3 total=13 fw_us=3683927300 len=247

2026-09-14 16:49:47,916 INFO image_rx_daemon: frag_arrival: seq=72 idx=4 total=13 fw_us=3684044391 len=247

2026-09-14 16:49:48,024 INFO image_rx_daemon: frag_arrival: seq=72 idx=5 total=13 fw_us=3684161419 len=247

2026-09-14 16:49:48,152 INFO image_rx_daemon: frag_arrival: seq=72 idx=6 total=13 fw_us=3684278402 len=247

2026-09-14 16:49:48,202 INFO image_rx_daemon: cmd 0x63 superseded while pending (after 0 attempts) — body replaced, retry budget reset

2026-09-14 16:49:48,272 INFO image_rx_daemon: frag_arrival: seq=72 idx=7 total=13 fw_us=3684395509 len=247

2026-09-14 16:49:48,379 INFO image_rx_daemon: frag_arrival: seq=72 idx=8 total=13 fw_us=3684512538 len=247

2026-09-14 16:49:48,496 INFO image_rx_daemon: frag_arrival: seq=72 idx=9 total=13 fw_us=3684629414 len=247

2026-09-14 16:49:48,620 INFO image_rx_daemon: frag_arrival: seq=72 idx=10 total=13 fw_us=3684746534 len=247

2026-09-14 16:49:48,740 INFO image_rx_daemon: frag_arrival: seq=72 idx=11 total=13 fw_us=3684863542 len=247

2026-09-14 16:49:48,770 INFO image_rx_daemon: frag_arrival: seq=72 idx=12 total=13 fw_us=3684905353 len=74

2026-09-14 16:49:48,773 INFO image_rx_daemon: published frame_id=0 seq=72 2986 B → lifetrac/v25/video/tile_delta

RFCO_PERTX during TX wait: profile_id=2 tx_status=0x00(OK) hop_idx=0 channel_idx=0 epoch=0 freq_hz=0 pkt_toa_us=10304 legal_dwell_used_us_10s=0

2026-09-14 16:49:48,799 INFO image_rx_daemon: command TX opcode=0x63 copy=1/1 OK (on air)

2026-09-14 16:49:48,903 INFO image_rx_daemon: cmd 0x63 superseded while pending (after 1 attempts) — body replaced, retry budget reset

2026-09-14 16:49:49,025 INFO image_rx_daemon: frag_arrival: seq=74 idx=0 total=13 fw_us=3685167640 len=247

2026-09-14 16:49:49,155 INFO image_rx_daemon: frag_arrival: seq=74 idx=1 total=13 fw_us=3685284592 len=247

2026-09-14 16:49:49,275 INFO image_rx_daemon: frag_arrival: seq=74 idx=2 total=13 fw_us=3685401419 len=247

2026-09-14 16:49:49,393 INFO image_rx_daemon: frag_arrival: seq=74 idx=3 total=13 fw_us=3685518612 len=247

2026-09-14 16:49:49,511 INFO image_rx_daemon: frag_arrival: seq=74 idx=4 total=13 fw_us=3685635660 len=247

2026-09-14 16:49:49,605 INFO image_rx_daemon: cmd 0x63 superseded while pending (after 0 attempts) — body replaced, retry budget reset

2026-09-14 16:49:49,613 INFO image_rx_daemon: frag_arrival: seq=74 idx=5 total=13 fw_us=3685752588 len=247

2026-09-14 16:49:49,741 INFO image_rx_daemon: frag_arrival: seq=74 idx=6 total=13 fw_us=3685869623 len=247

2026-09-14 16:49:49,860 INFO image_rx_daemon: frag_arrival: seq=74 idx=7 total=13 fw_us=3685986608 len=247

2026-09-14 16:49:49,980 INFO image_rx_daemon: frag_arrival: seq=74 idx=8 total=13 fw_us=3686103689 len=247

2026-09-14 16:49:50,082 INFO image_rx_daemon: frag_arrival: seq=74 idx=9 total=13 fw_us=3686220476 len=247

2026-09-14 16:49:50,212 INFO image_rx_daemon: frag_arrival: seq=74 idx=10 total=13 fw_us=3686337735 len=247

2026-09-14 16:49:50,307 INFO image_rx_daemon: cmd 0x63 superseded while pending (after 0 attempts) — body replaced, retry budget reset

2026-09-14 16:49:50,323 INFO image_rx_daemon: frag_arrival: seq=74 idx=11 total=13 fw_us=3686454678 len=247

2026-09-14 16:49:50,353 INFO image_rx_daemon: frag_arrival: seq=74 idx=12 total=13 fw_us=3686496480 len=73

2026-09-14 16:49:50,356 INFO image_rx_daemon: published frame_id=0 seq=74 2985 B → lifetrac/v25/video/tile_delta

RFCO_PERTX during TX wait: profile_id=2 tx_status=0x00(OK) hop_idx=0 channel_idx=0 epoch=0 freq_hz=0 pkt_toa_us=10304 legal_dwell_used_us_10s=0

2026-09-14 16:49:50,383 INFO image_rx_daemon: command TX opcode=0x63 copy=1/1 OK (on air)

2026-09-14 16:49:50,620 INFO image_rx_daemon: frag_arrival: seq=77 idx=0 total=13 fw_us=3686758647 len=247

2026-09-14 16:49:50,752 INFO image_rx_daemon: frag_arrival: seq=77 idx=1 total=13 fw_us=3686875558 len=247

2026-09-14 16:49:50,860 INFO image_rx_daemon: frag_arrival: seq=77 idx=2 total=13 fw_us=3686992596 len=247

2026-09-14 16:49:50,980 INFO image_rx_daemon: frag_arrival: seq=77 idx=3 total=13 fw_us=3687109764 len=247

2026-09-14 16:49:51,008 INFO image_rx_daemon: cmd 0x63 superseded while pending (after 1 attempts) — body replaced, retry budget reset

2026-09-14 16:49:51,097 INFO image_rx_daemon: frag_arrival: seq=77 idx=4 total=13 fw_us=3687226735 len=247

2026-09-14 16:49:51,213 INFO image_rx_daemon: frag_arrival: seq=77 idx=5 total=13 fw_us=3687343770 len=247

2026-09-14 16:49:51,332 INFO image_rx_daemon: frag_arrival: seq=77 idx=6 total=13 fw_us=3687460801 len=247

2026-09-14 16:49:51,452 INFO image_rx_daemon: frag_arrival: seq=77 idx=7 total=13 fw_us=3687577661 len=247

2026-09-14 16:49:51,572 INFO image_rx_daemon: frag_arrival: seq=77 idx=8 total=13 fw_us=3687695010 len=247

2026-09-14 16:49:51,681 INFO image_rx_daemon: frag_arrival: seq=77 idx=9 total=13 fw_us=3687811737 len=247

2026-09-14 16:49:51,713 INFO image_rx_daemon: cmd 0x63 superseded while pending (after 0 attempts) — body replaced, retry budget reset

2026-09-14 16:49:51,800 INFO image_rx_daemon: frag_arrival: seq=77 idx=10 total=13 fw_us=3687928985 len=247

2026-09-14 16:49:51,920 INFO image_rx_daemon: frag_arrival: seq=77 idx=11 total=13 fw_us=3688045988 len=247

2026-09-14 16:49:51,921 INFO image_rx_daemon: frag_arrival: seq=77 idx=12 total=13 fw_us=3688062946 len=7

2026-09-14 16:49:51,922 INFO image_rx_daemon: published frame_id=0 seq=77 2919 B → lifetrac/v25/video/tile_delta

RFCO_PERTX during TX wait: profile_id=2 tx_status=0x00(OK) hop_idx=0 channel_idx=0 epoch=0 freq_hz=0 pkt_toa_us=10304 legal_dwell_used_us_10s=0

2026-09-14 16:49:51,953 INFO image_rx_daemon: command TX opcode=0x63 copy=1/1 OK (on air)

2026-09-14 16:49:52,104 INFO image_rx_daemon: frag_arrival: seq=81 idx=0 total=12 fw_us=3688232923 len=247

2026-09-14 16:49:52,221 INFO image_rx_daemon: frag_arrival: seq=81 idx=1 total=12 fw_us=3688349876 len=247

2026-09-14 16:49:52,344 INFO image_rx_daemon: frag_arrival: seq=81 idx=2 total=12 fw_us=3688466871 len=247

2026-09-14 16:49:52,415 INFO image_rx_daemon: cmd 0x63 superseded while pending (after 1 attempts) — body replaced, retry budget reset

2026-09-14 16:49:52,445 INFO image_rx_daemon: frag_arrival: seq=81 idx=3 total=12 fw_us=3688583936 len=247

2026-09-14 16:49:52,572 INFO image_rx_daemon: frag_arrival: seq=81 idx=4 total=12 fw_us=3688700932 len=247

2026-09-14 16:49:52,692 INFO image_rx_daemon: frag_arrival: seq=81 idx=5 total=12 fw_us=3688817927 len=247

2026-09-14 16:49:52,809 INFO image_rx_daemon: frag_arrival: seq=81 idx=6 total=12 fw_us=3688934934 len=247

2026-09-14 16:49:52,928 INFO image_rx_daemon: frag_arrival: seq=81 idx=7 total=12 fw_us=3689051961 len=247

2026-09-14 16:49:53,025 INFO image_rx_daemon: frag_arrival: seq=81 idx=8 total=12 fw_us=3689168793 len=247

2026-09-14 16:49:53,117 INFO image_rx_daemon: cmd 0x63 superseded while pending (after 0 attempts) — body replaced, retry budget reset

2026-09-14 16:49:53,151 INFO image_rx_daemon: frag_arrival: seq=81 idx=9 total=12 fw_us=3689285935 len=247

2026-09-14 16:49:53,272 INFO image_rx_daemon: frag_arrival: seq=81 idx=10 total=12 fw_us=3689402926 len=247

2026-09-14 16:49:53,368 WARNING image_rx_daemon: crc_dump: irq=0x70 rx_len=255 snr=4.2 rssi=-64 dump=010200d0239dd991aeb23b3f0cd3e8d363490226a23e0ccb9b403e536ed772447b40c25ce42822c05a53825c6aaddff78de632fd366fbda22eb885e4d26f789f41f86b5326c4c39f9631ee20e57335edd3457a5f3bc5d2e79505e5c320d37e9a6e25828d0877a2460ac581875e612482b0aef6b1e4b348e99865b4843e3ae50d8204b070ac22bca8cdaf907d638507f15136b80276803d1b37dc3d24726449f0a9ebbf5d3986fb84c0da7a5ccc8d180fc5ae2b7ec2e5d547127322da7d895d2767aae54ea57a0e5b8ba9ee366a40b839d945f86b6a96d90a4f93a214c1128480dc404a6703e0d95699940555584e6f1c2128903d6b230372c651df

2026-09-14 16:49:53,584 INFO image_rx_daemon: frag_arrival: seq=84 idx=0 total=13 fw_us=3689706997 len=247

2026-09-14 16:49:53,698 INFO image_rx_daemon: frag_arrival: seq=84 idx=1 total=13 fw_us=3689823976 len=247

2026-09-14 16:49:53,818 INFO image_rx_daemon: frag_arrival: seq=84 idx=2 total=13 fw_us=3689940932 len=247

2026-09-14 16:49:53,819 INFO image_rx_daemon: cmd 0x63 superseded while pending (after 0 attempts) — body replaced, retry budget reset

2026-09-14 16:49:53,932 INFO image_rx_daemon: frag_arrival: seq=84 idx=3 total=13 fw_us=3690057961 len=247

2026-09-14 16:49:54,029 INFO image_rx_daemon: stats: rx_frames=1415 rx_decode_err=0 frames_published=76 publish_err=0 reassembler_decode_err=0 reassembler_timeouts=37 parity_recon=0 idle_drain_deferred=6 cmd_cooldown_drops=8 cmd_gate_held=0 cmd_copies_deferred=0

2026-09-14 16:49:54,031 INFO image_rx_daemon: air_gap: n=80 dt_med=117015us dt_p95=262167us len_med=247B cmd_tx_ok=93 cmd_tx_fail=0

2026-09-14 16:49:54,034 INFO image_rx_daemon: air_gap_hist(ms): <20:1 <40:1 <80:3 <120:67 <200:2 <400:6

2026-09-14 16:49:54,034 INFO image_rx_daemon: rx_rf: n_rssi=80 n_snr=80 rssi[min/med/max]=-69/-68/-67 snr[min/med/max]=5.0/6.0/6.0

2026-09-14 16:49:54,035 INFO image_rx_daemon: phase_telemetry: valid=80 invalid=0 pre_f8=0 last_epoch=0 last_hop=0 slot_off=[0..0]

2026-09-14 16:49:54,035 INFO image_rx_daemon: air_gap_by_class: seq: n=70 med=117.0ms | boundary: n=7 med=262.2ms

2026-09-14 16:49:54,036 INFO image_rx_daemon: lost_frag_idx: n=1 idx0=0 (0.00% of idx0 arrivals) other=1 (1.35%) verdict=not-clustered | top 11:1

2026-09-14 16:49:54,036 INFO image_rx_daemon: frag_reordered: 3 late out-of-order arrivals had a provisional loss retracted (in-order assumption violated — see RS-11.4)

2026-09-14 16:49:54,039 INFO image_rx_daemon: frag_arrival: seq=84 idx=4 total=13 fw_us=3690175032 len=247

2026-09-14 16:49:54,168 INFO image_rx_daemon: frag_arrival: seq=84 idx=5 total=13 fw_us=3690291928 len=247

2026-09-14 16:49:54,276 INFO image_rx_daemon: frag_arrival: seq=84 idx=6 total=13 fw_us=3690408993 len=247

2026-09-14 16:49:54,392 INFO image_rx_daemon: frag_arrival: seq=84 idx=7 total=13 fw_us=3690525931 len=247

2026-09-14 16:49:54,513 INFO image_rx_daemon: frag_arrival: seq=84 idx=8 total=13 fw_us=3690642958 len=247

2026-09-14 16:49:54,518 INFO image_rx_daemon: cmd 0x63 superseded while pending (after 0 attempts) — body replaced, retry budget reset

2026-09-14 16:49:54,636 INFO image_rx_daemon: frag_arrival: seq=84 idx=9 total=13 fw_us=3690759710 len=247

2026-09-14 16:49:54,750 INFO image_rx_daemon: frag_arrival: seq=84 idx=10 total=13 fw_us=3690876894 len=247

2026-09-14 16:49:54,868 INFO image_rx_daemon: frag_arrival: seq=84 idx=11 total=13 fw_us=3690993890 len=247

2026-09-14 16:49:54,882 INFO image_rx_daemon: frag_arrival: seq=84 idx=12 total=13 fw_us=3691026504 len=47

2026-09-14 16:49:54,885 INFO image_rx_daemon: published frame_id=0 seq=84 2959 B → lifetrac/v25/video/tile_delta

RFCO_PERTX during TX wait: profile_id=2 tx_status=0x00(OK) hop_idx=0 channel_idx=0 epoch=0 freq_hz=0 pkt_toa_us=10304 legal_dwell_used_us_10s=0

2026-09-14 16:49:54,915 INFO image_rx_daemon: command TX opcode=0x63 copy=1/1 OK (on air)

2026-09-14 16:49:55,060 INFO image_rx_daemon: frag_arrival: seq=87 idx=0 total=13 fw_us=3691181314 len=247

2026-09-14 16:49:55,169 INFO image_rx_daemon: frag_arrival: seq=87 idx=1 total=13 fw_us=3691298237 len=247

2026-09-14 16:49:55,223 INFO image_rx_daemon: cmd 0x63 superseded while pending (after 1 attempts) — body replaced, retry budget reset

2026-09-14 16:49:55,288 INFO image_rx_daemon: frag_arrival: seq=87 idx=2 total=13 fw_us=3691415277 len=247

2026-09-14 16:49:55,412 INFO image_rx_daemon: frag_arrival: seq=87 idx=3 total=13 fw_us=3691532253 len=247

2026-09-14 16:49:55,520 INFO image_rx_daemon: frag_arrival: seq=87 idx=4 total=13 fw_us=3691649288 len=247

2026-09-14 16:49:55,640 INFO image_rx_daemon: frag_arrival: seq=87 idx=5 total=13 fw_us=3691766217 len=247

2026-09-14 16:49:55,764 INFO image_rx_daemon: frag_arrival: seq=87 idx=6 total=13 fw_us=3691883197 len=247

2026-09-14 16:49:55,872 INFO image_rx_daemon: frag_arrival: seq=87 idx=7 total=13 fw_us=3692000219 len=247

2026-09-14 16:49:55,925 INFO image_rx_daemon: cmd 0x63 superseded while pending (after 0 attempts) — body replaced, retry budget reset

2026-09-14 16:49:55,994 INFO image_rx_daemon: frag_arrival: seq=87 idx=8 total=13 fw_us=3692117081 len=247

2026-09-14 16:49:56,108 INFO image_rx_daemon: frag_arrival: seq=87 idx=9 total=13 fw_us=3692234359 len=247

2026-09-14 16:49:56,225 INFO image_rx_daemon: frag_arrival: seq=87 idx=10 total=13 fw_us=3692351390 len=247

2026-09-14 16:49:56,344 INFO image_rx_daemon: frag_arrival: seq=87 idx=11 total=13 fw_us=3692468387 len=247

2026-09-14 16:49:56,358 INFO image_rx_daemon: frag_arrival: seq=87 idx=12 total=13 fw_us=3692498078 len=39

2026-09-14 16:49:56,361 INFO image_rx_daemon: published frame_id=0 seq=87 2951 B → lifetrac/v25/video/tile_delta

RFCO_PERTX during TX wait: profile_id=2 tx_status=0x00(OK) hop_idx=0 channel_idx=0 epoch=0 freq_hz=0 pkt_toa_us=10304 legal_dwell_used_us_10s=0

2026-09-14 16:49:56,388 INFO image_rx_daemon: command TX opcode=0x63 copy=1/1 OK (on air)

2026-09-14 16:49:56,532 INFO image_rx_daemon: frag_arrival: seq=90 idx=0 total=13 fw_us=3692655813 len=247

2026-09-14 16:49:56,627 INFO image_rx_daemon: cmd 0x63 superseded while pending (after 1 attempts) — body replaced, retry budget reset

2026-09-14 16:49:56,635 INFO image_rx_daemon: frag_arrival: seq=90 idx=1 total=13 fw_us=3692772790 len=247

2026-09-14 16:49:56,764 INFO image_rx_daemon: frag_arrival: seq=90 idx=2 total=13 fw_us=3692889910 len=247

2026-09-14 16:49:56,884 INFO image_rx_daemon: frag_arrival: seq=90 idx=3 total=13 fw_us=3693006931 len=247

2026-09-14 16:49:56,994 INFO image_rx_daemon: frag_arrival: seq=90 idx=4 total=13 fw_us=3693123835 len=247

2026-09-14 16:49:57,113 INFO image_rx_daemon: frag_arrival: seq=90 idx=5 total=13 fw_us=3693240874 len=247

2026-09-14 16:49:57,232 INFO image_rx_daemon: frag_arrival: seq=90 idx=6 total=13 fw_us=3693357855 len=247

2026-09-14 16:49:57,330 INFO image_rx_daemon: cmd 0x63 superseded while pending (after 0 attempts) — body replaced, retry budget reset

2026-09-14 16:49:57,341 INFO image_rx_daemon: frag_arrival: seq=90 idx=7 total=13 fw_us=3693474922 len=247

2026-09-14 16:49:57,464 INFO image_rx_daemon: frag_arrival: seq=90 idx=8 total=13 fw_us=3693591909 len=247

2026-09-14 16:49:57,584 INFO image_rx_daemon: frag_arrival: seq=90 idx=9 total=13 fw_us=3693708943 len=247

2026-09-14 16:49:57,704 INFO image_rx_daemon: frag_arrival: seq=90 idx=10 total=13 fw_us=3693826052 len=247

2026-09-14 16:49:57,816 INFO image_rx_daemon: frag_arrival: seq=90 idx=11 total=13 fw_us=3693943072 len=247

2026-09-14 16:49:57,817 INFO image_rx_daemon: frag_arrival: seq=90 idx=12 total=13 fw_us=3693961347 len=11

2026-09-14 16:49:57,818 INFO image_rx_daemon: published frame_id=0 seq=90 2923 B → lifetrac/v25/video/tile_delta

RFCO_PERTX during TX wait: profile_id=2 tx_status=0x00(OK) hop_idx=0 channel_idx=0 epoch=0 freq_hz=0 pkt_toa_us=10304 legal_dwell_used_us_10s=0

2026-09-14 16:49:57,840 INFO image_rx_daemon: command TX opcode=0x63 copy=1/1 OK (on air)

2026-09-14 16:49:58,001 INFO image_rx_daemon: frag_arrival: seq=93 idx=0 total=13 fw_us=3694130077 len=247

2026-09-14 16:49:58,029 INFO image_rx_daemon: cmd 0x63 superseded while pending (after 1 attempts) — body replaced, retry budget reset

2026-09-14 16:49:58,117 INFO image_rx_daemon: frag_arrival: seq=93 idx=1 total=13 fw_us=3694246947 len=247

2026-09-14 16:49:58,237 INFO image_rx_daemon: frag_arrival: seq=93 idx=2 total=13 fw_us=3694364156 len=247

2026-09-14 16:49:58,356 INFO image_rx_daemon: frag_arrival: seq=93 idx=3 total=13 fw_us=3694481163 len=247

2026-09-14 16:49:58,465 INFO image_rx_daemon: frag_arrival: seq=93 idx=4 total=13 fw_us=3694598187 len=247

2026-09-14 16:49:58,588 INFO image_rx_daemon: frag_arrival: seq=93 idx=5 total=13 fw_us=3694715177 len=247

2026-09-14 16:49:58,708 INFO image_rx_daemon: frag_arrival: seq=93 idx=6 total=13 fw_us=3694832137 len=247

2026-09-14 16:49:58,733 INFO image_rx_daemon: cmd 0x63 superseded while pending (after 0 attempts) — body replaced, retry budget reset

2026-09-14 16:49:58,816 INFO image_rx_daemon: frag_arrival: seq=93 idx=7 total=13 fw_us=3694949224 len=247

2026-09-14 16:49:58,934 INFO image_rx_daemon: frag_arrival: seq=93 idx=8 total=13 fw_us=3695066236 len=247

2026-09-14 16:49:59,051 INFO image_rx_daemon: frag_arrival: seq=93 idx=9 total=13 fw_us=3695183220 len=247

2026-09-14 16:49:59,172 INFO image_rx_daemon: frag_arrival: seq=93 idx=10 total=13 fw_us=3695300148 len=247

2026-09-14 16:49:59,296 INFO image_rx_daemon: frag_arrival: seq=93 idx=11 total=13 fw_us=3695417186 len=247

2026-09-14 16:49:59,326 INFO image_rx_daemon: frag_arrival: seq=93 idx=12 total=13 fw_us=3695461574 len=80

2026-09-14 16:49:59,329 INFO image_rx_daemon: published frame_id=0 seq=93 2992 B → lifetrac/v25/video/tile_delta

RFCO_PERTX during TX wait: profile_id=2 tx_status=0x00(OK) hop_idx=0 channel_idx=0 epoch=0 freq_hz=0 pkt_toa_us=10304 legal_dwell_used_us_10s=0

2026-09-14 16:49:59,355 INFO image_rx_daemon: command TX opcode=0x63 copy=1/1 OK (on air)

2026-09-14 16:49:59,433 INFO image_rx_daemon: cmd 0x63 superseded while pending (after 1 attempts) — body replaced, retry budget reset

2026-09-14 16:49:59,592 INFO image_rx_daemon: frag_arrival: seq=96 idx=0 total=12 fw_us=3695721150 len=247

2026-09-14 16:49:59,714 INFO image_rx_daemon: frag_arrival: seq=96 idx=1 total=12 fw_us=3695838029 len=247

2026-09-14 16:49:59,832 INFO image_rx_daemon: frag_arrival: seq=96 idx=2 total=12 fw_us=3695955081 len=247

2026-09-14 16:49:59,944 INFO image_rx_daemon: frag_arrival: seq=96 idx=3 total=12 fw_us=3696072081 len=247

2026-09-14 16:50:00,060 INFO image_rx_daemon: frag_arrival: seq=96 idx=4 total=12 fw_us=3696189167 len=247

2026-09-14 16:50:00,135 INFO image_rx_daemon: cmd 0x63 superseded while pending (after 0 attempts) — body replaced, retry budget reset

2026-09-14 16:50:00,179 INFO image_rx_daemon: frag_arrival: seq=96 idx=5 total=12 fw_us=3696307078 len=247

2026-09-14 16:50:00,300 INFO image_rx_daemon: frag_arrival: seq=96 idx=6 total=12 fw_us=3696423206 len=247

2026-09-14 16:50:00,414 INFO image_rx_daemon: frag_arrival: seq=96 idx=7 total=12 fw_us=3696540253 len=247

2026-09-14 16:50:00,532 INFO image_rx_daemon: frag_arrival: seq=96 idx=8 total=12 fw_us=3696657256 len=247

2026-09-14 16:50:00,656 INFO image_rx_daemon: frag_arrival: seq=96 idx=9 total=12 fw_us=3696774134 len=247

2026-09-14 16:50:00,764 INFO image_rx_daemon: frag_arrival: seq=96 idx=10 total=12 fw_us=3696891292 len=247

2026-09-14 16:50:00,839 INFO image_rx_daemon: cmd 0x63 superseded while pending (after 0 attempts) — body replaced, retry budget reset

2026-09-14 16:50:00,878 INFO image_rx_daemon: frag_arrival: seq=96 idx=11 total=12 fw_us=3697002556 len=241

2026-09-14 16:50:00,879 INFO image_rx_daemon: published frame_id=0 seq=96 2910 B → lifetrac/v25/video/tile_delta

RFCO_PERTX during TX wait: profile_id=2 tx_status=0x00(OK) hop_idx=0 channel_idx=0 epoch=0 freq_hz=0 pkt_toa_us=10304 legal_dwell_used_us_10s=0

2026-09-14 16:50:00,910 INFO image_rx_daemon: command TX opcode=0x63 copy=1/1 OK (on air)

2026-09-14 16:50:01,068 INFO image_rx_daemon: frag_arrival: seq=99 idx=0 total=13 fw_us=3697195357 len=247

2026-09-14 16:50:01,185 INFO image_rx_daemon: frag_arrival: seq=99 idx=1 total=13 fw_us=3697312225 len=247

2026-09-14 16:50:01,304 INFO image_rx_daemon: frag_arrival: seq=99 idx=2 total=13 fw_us=3697429255 len=247

2026-09-14 16:50:01,428 INFO image_rx_daemon: frag_arrival: seq=99 idx=3 total=13 fw_us=3697546291 len=247

2026-09-14 16:50:01,536 INFO image_rx_daemon: frag_arrival: seq=99 idx=4 total=13 fw_us=3697663338 len=247

2026-09-14 16:50:01,540 INFO image_rx_daemon: cmd 0x63 superseded while pending (after 1 attempts) — body replaced, retry budget reset

2026-09-14 16:50:01,656 INFO image_rx_daemon: frag_arrival: seq=99 idx=5 total=13 fw_us=3697780309 len=247

2026-09-14 16:50:01,780 INFO image_rx_daemon: frag_arrival: seq=99 idx=6 total=13 fw_us=3697897357 len=247

2026-09-14 16:50:01,888 INFO image_rx_daemon: frag_arrival: seq=99 idx=7 total=13 fw_us=3698014394 len=247

2026-09-14 16:50:02,003 INFO image_rx_daemon: frag_arrival: seq=99 idx=8 total=13 fw_us=3698131434 len=247

2026-09-14 16:50:02,123 INFO image_rx_daemon: frag_arrival: seq=99 idx=9 total=13 fw_us=3698248355 len=247

2026-09-14 16:50:02,241 INFO image_rx_daemon: frag_arrival: seq=99 idx=10 total=13 fw_us=3698365507 len=247

2026-09-14 16:50:02,241 INFO image_rx_daemon: cmd 0x63 superseded while pending (after 0 attempts) — body replaced, retry budget reset

2026-09-14 16:50:02,357 INFO image_rx_daemon: frag_arrival: seq=99 idx=11 total=13 fw_us=3698482473 len=247

2026-09-14 16:50:02,383 INFO image_rx_daemon: frag_arrival: seq=99 idx=12 total=13 fw_us=3698524222 len=71

2026-09-14 16:50:02,387 INFO image_rx_daemon: published frame_id=0 seq=99 2983 B → lifetrac/v25/video/tile_delta

RFCO_PERTX during TX wait: profile_id=2 tx_status=0x00(OK) hop_idx=0 channel_idx=0 epoch=0 freq_hz=0 pkt_toa_us=10304 legal_dwell_used_us_10s=0

2026-09-14 16:50:02,414 INFO image_rx_daemon: command TX opcode=0x63 copy=1/1 OK (on air)

2026-09-14 16:50:02,664 INFO image_rx_daemon: frag_arrival: seq=102 idx=0 total=12 fw_us=3698786526 len=247

2026-09-14 16:50:02,772 INFO image_rx_daemon: frag_arrival: seq=102 idx=1 total=12 fw_us=3698903522 len=247

2026-09-14 16:50:02,891 INFO image_rx_daemon: frag_arrival: seq=102 idx=2 total=12 fw_us=3699020630 len=247

2026-09-14 16:50:02,944 INFO image_rx_daemon: cmd 0x63 superseded while pending (after 1 attempts) — body replaced, retry budget reset

2026-09-14 16:50:03,017 INFO image_rx_daemon: frag_arrival: seq=102 idx=3 total=12 fw_us=3699137658 len=247

2026-09-14 16:50:03,125 INFO image_rx_daemon: frag_arrival: seq=102 idx=4 total=12 fw_us=3699254755 len=247

2026-09-14 16:50:03,233 INFO image_rx_daemon: frag_arrival: seq=102 idx=5 total=12 fw_us=3699371894 len=247

2026-09-14 16:50:03,358 INFO image_rx_daemon: frag_arrival: seq=102 idx=6 total=12 fw_us=3699488938 len=247

2026-09-14 16:50:03,480 INFO image_rx_daemon: frag_arrival: seq=102 idx=7 total=12 fw_us=3699605839 len=247

2026-09-14 16:50:03,604 INFO image_rx_daemon: frag_arrival: seq=102 idx=8 total=12 fw_us=3699722972 len=247

2026-09-14 16:50:03,646 INFO image_rx_daemon: cmd 0x63 superseded while pending (after 0 attempts) — body replaced, retry budget reset

2026-09-14 16:50:03,716 INFO image_rx_daemon: frag_arrival: seq=102 idx=9 total=12 fw_us=3699839964 len=247

2026-09-14 16:50:03,836 INFO image_rx_daemon: frag_arrival: seq=102 idx=10 total=12 fw_us=3699957031 len=247

2026-09-14 16:50:03,936 WARNING image_rx_daemon: crc_dump: irq=0x70 rx_len=255 snr=-0.8 rssi=-64 dump=0102000000000083792a8aa4b360c40b8223edea13bb4f6d9d7d4bdcb7f654b0bc1aecd530deb614b17d265933e1820b2860db3112123be9eb2adafb401606922088b0dcf4c6d5c320db9a34c5bcf54e6cb070010053ef77125221f19c7cd3e1a10091e6e9dcb126a6e435e7f65cde614622efb4bdc9bab4e9b7471cdbdf692a4255e6085e266df1e2908bcda4f20bd0a3c985dee3ee063a8cb409739b6ab3080deb4811552ea4f341361effe7f5b8fc4356ab1917421380cf939b4c42f167af011ba495544ab4f1ae6109c2b91158bfcd3f992622d0a1cdb89524d6bf37f56d7fcf1d952e5bf8e4af02f6e6387cd074612a224ea3c7145481c4d9

2026-09-14 16:50:04,040 INFO image_rx_daemon: stats: rx_frames=1499 rx_decode_err=0 frames_published=82 publish_err=0 reassembler_decode_err=0 reassembler_timeouts=38 parity_recon=0 idle_drain_deferred=6 cmd_cooldown_drops=9 cmd_gate_held=0 cmd_copies_deferred=0

2026-09-14 16:50:04,044 INFO image_rx_daemon: air_gap: n=84 dt_med=117024us dt_p95=157735us len_med=247B cmd_tx_ok=99 cmd_tx_fail=0

2026-09-14 16:50:04,046 INFO image_rx_daemon: air_gap_hist(ms): <20:1 <40:2 <80:2 <120:73 <200:4 <400:2

2026-09-14 16:50:04,046 INFO image_rx_daemon: rx_rf: n_rssi=84 n_snr=84 rssi[min/med/max]=-69/-68/-67 snr[min/med/max]=5.0/6.0/6.0

2026-09-14 16:50:04,047 INFO image_rx_daemon: phase_telemetry: valid=84 invalid=0 pre_f8=0 last_epoch=0 last_hop=0 slot_off=[0..0]

2026-09-14 16:50:04,048 INFO image_rx_daemon: air_gap_by_class: seq: n=78 med=117.0ms | boundary: n=6 med=192.8ms

2026-09-14 16:50:04,133 INFO image_rx_daemon: frag_arrival: seq=105 idx=0 total=13 fw_us=3700260805 len=247

2026-09-14 16:50:04,251 INFO image_rx_daemon: frag_arrival: seq=105 idx=1 total=13 fw_us=3700377669 len=247

2026-09-14 16:50:04,350 INFO image_rx_daemon: cmd 0x63 superseded while pending (after 0 attempts) — body replaced, retry budget reset

2026-09-14 16:50:04,362 INFO image_rx_daemon: frag_arrival: seq=105 idx=2 total=13 fw_us=3700494804 len=247

2026-09-14 16:50:04,476 INFO image_rx_daemon: frag_arrival: seq=105 idx=3 total=13 fw_us=3700611802 len=247

2026-09-14 16:50:04,608 INFO image_rx_daemon: frag_arrival: seq=105 idx=4 total=13 fw_us=3700728748 len=247

2026-09-14 16:50:04,720 INFO image_rx_daemon: frag_arrival: seq=105 idx=5 total=13 fw_us=3700845752 len=247

2026-09-14 16:50:04,837 INFO image_rx_daemon: frag_arrival: seq=105 idx=6 total=13 fw_us=3700962675 len=247

2026-09-14 16:50:04,960 INFO image_rx_daemon: frag_arrival: seq=105 idx=7 total=13 fw_us=3701079531 len=247

2026-09-14 16:50:05,053 INFO image_rx_daemon: cmd 0x63 superseded while pending (after 0 attempts) — body replaced, retry budget reset

2026-09-14 16:50:05,059 INFO image_rx_daemon: frag_arrival: seq=105 idx=8 total=13 fw_us=3701197199 len=247

2026-09-14 16:50:05,188 INFO image_rx_daemon: frag_arrival: seq=105 idx=9 total=13 fw_us=3701314072 len=247

2026-09-14 16:50:05,312 INFO image_rx_daemon: frag_arrival: seq=105 idx=10 total=13 fw_us=3701431163 len=247

2026-09-14 16:50:05,420 INFO image_rx_daemon: frag_arrival: seq=105 idx=11 total=13 fw_us=3701548081 len=247

2026-09-14 16:50:05,621 INFO image_rx_daemon: frag_arrival: seq=108 idx=0 total=13 fw_us=3701747574 len=247

2026-09-14 16:50:05,740 INFO image_rx_daemon: frag_arrival: seq=108 idx=1 total=13 fw_us=3701864428 len=247

2026-09-14 16:50:05,753 INFO image_rx_daemon: cmd 0x63 superseded while pending (after 0 attempts) — body replaced, retry budget reset

2026-09-14 16:50:05,860 INFO image_rx_daemon: frag_arrival: seq=108 idx=2 total=13 fw_us=3701981368 len=247

2026-09-14 16:50:05,975 INFO image_rx_daemon: frag_arrival: seq=108 idx=3 total=13 fw_us=3702098569 len=247

2026-09-14 16:50:06,069 WARNING image_rx_daemon: crc_dump: irq=0x70 rx_len=255 snr=-0.2 rssi=-65 dump=a911905e25fa82dc9827ee3edbe7b85adcff7edc7b083c84a935da17884c0c6718bbbf22988e40830fe5afa399643193d1778f3f3f7c07d7ef1c0778df2e1ee26d578ad11b12cbd8510c754aa3d1768ad6af5975b9d5515c78db7c15481b49f536d7782889def84ef98f459bd3f3ce877778a50d41ae416f9c012dde9b829fd1213c48973f539f4a1fbe8f6685e96114c0520c6330b11e2aa5a0000e4bc8e6730bdfa3b8d56ee50c7868f7109b2f06c1dadfe69d159096b0332538af7215cca1af2534a46a1ed424453eee09932c727cc9ab5b0fce0d12dc46425315a3a5752c1b39493e2e5c0db80cd31a42cd09212e126d06940f2ef69f3e1670

2026-09-14 16:50:06,216 INFO image_rx_daemon: frag_arrival: seq=108 idx=5 total=13 fw_us=3702332603 len=247

2026-09-14 16:50:06,318 INFO image_rx_daemon: frag_arrival: seq=108 idx=6 total=13 fw_us=3702449561 len=247

2026-09-14 16:50:06,449 INFO image_rx_daemon: frag_arrival: seq=108 idx=7 total=13 fw_us=3702566571 len=247

2026-09-14 16:50:06,453 INFO image_rx_daemon: cmd 0x63 superseded while pending (after 0 attempts) — body replaced, retry budget reset

2026-09-14 16:50:06,556 INFO image_rx_daemon: frag_arrival: seq=108 idx=8 total=13 fw_us=3702683603 len=247

2026-09-14 16:50:06,676 INFO image_rx_daemon: frag_arrival: seq=108 idx=9 total=13 fw_us=3702800467 len=247

2026-09-14 16:50:06,800 INFO image_rx_daemon: frag_arrival: seq=108 idx=10 total=13 fw_us=3702917615 len=247

2026-09-14 16:50:06,912 INFO image_rx_daemon: frag_arrival: seq=108 idx=11 total=13 fw_us=3703034611 len=247

2026-09-14 16:50:06,925 INFO image_rx_daemon: frag_arrival: seq=108 idx=12 total=13 fw_us=3703064634 len=41

RFCO_PERTX during TX wait: profile_id=2 tx_status=0x00(OK) hop_idx=0 channel_idx=0 epoch=0 freq_hz=0 pkt_toa_us=10304 legal_dwell_used_us_10s=0

2026-09-14 16:50:06,957 INFO image_rx_daemon: command TX opcode=0x63 copy=1/1 OK (on air)

2026-09-14 16:50:07,093 INFO image_rx_daemon: frag_arrival: seq=111 idx=0 total=13 fw_us=3703221596 len=247

2026-09-14 16:50:07,156 INFO image_rx_daemon: cmd 0x63 superseded while pending (after 1 attempts) — body replaced, retry budget reset

2026-09-14 16:50:07,216 INFO image_rx_daemon: frag_arrival: seq=111 idx=1 total=13 fw_us=3703338445 len=247

2026-09-14 16:50:07,325 INFO image_rx_daemon: frag_arrival: seq=111 idx=2 total=13 fw_us=3703455600 len=247

2026-09-14 16:50:07,444 INFO image_rx_daemon: frag_arrival: seq=111 idx=3 total=13 fw_us=3703572682 len=247

2026-09-14 16:50:07,564 INFO image_rx_daemon: frag_arrival: seq=111 idx=4 total=13 fw_us=3703689693 len=247

2026-09-14 16:50:07,684 INFO image_rx_daemon: frag_arrival: seq=111 idx=5 total=13 fw_us=3703806683 len=247

2026-09-14 16:50:07,791 INFO image_rx_daemon: frag_arrival: seq=111 idx=6 total=13 fw_us=3703923752 len=247

2026-09-14 16:50:07,860 INFO image_rx_daemon: cmd 0x63 superseded while pending (after 0 attempts) — body replaced, retry budget reset

2026-09-14 16:50:07,909 INFO image_rx_daemon: frag_arrival: seq=111 idx=7 total=13 fw_us=3704040812 len=247

2026-09-14 16:50:08,033 INFO image_rx_daemon: frag_arrival: seq=111 idx=8 total=13 fw_us=3704157906 len=247

2026-09-14 16:50:08,156 INFO image_rx_daemon: frag_arrival: seq=111 idx=9 total=13 fw_us=3704274888 len=247

2026-09-14 16:50:08,265 INFO image_rx_daemon: frag_arrival: seq=111 idx=10 total=13 fw_us=3704391995 len=247

2026-09-14 16:50:08,384 INFO image_rx_daemon: frag_arrival: seq=111 idx=11 total=13 fw_us=3704508937 len=247

2026-09-14 16:50:08,398 INFO image_rx_daemon: frag_arrival: seq=111 idx=12 total=13 fw_us=3704537628 len=37

2026-09-14 16:50:08,401 INFO image_rx_daemon: published frame_id=0 seq=111 2949 B → lifetrac/v25/video/tile_delta

RFCO_PERTX during TX wait: profile_id=2 tx_status=0x00(OK) hop_idx=0 channel_idx=0 epoch=0 freq_hz=0 pkt_toa_us=10304 legal_dwell_used_us_10s=0

2026-09-14 16:50:08,428 INFO image_rx_daemon: command TX opcode=0x63 copy=1/1 OK (on air)

2026-09-14 16:50:08,568 INFO image_rx_daemon: cmd 0x63 superseded while pending (after 1 attempts) — body replaced, retry budget reset

2026-09-14 16:50:08,569 INFO image_rx_daemon: frag_arrival: seq=114 idx=0 total=13 fw_us=3704696895 len=247

2026-09-14 16:50:08,676 INFO image_rx_daemon: frag_arrival: seq=114 idx=1 total=13 fw_us=3704814123 len=247

2026-09-14 16:50:08,815 INFO image_rx_daemon: frag_arrival: seq=114 idx=2 total=13 fw_us=3704931175 len=247

2026-09-14 16:50:08,937 INFO image_rx_daemon: frag_arrival: seq=114 idx=3 total=13 fw_us=3705048147 len=247

2026-09-14 16:50:09,040 INFO image_rx_daemon: frag_arrival: seq=114 idx=4 total=13 fw_us=3705165173 len=247

2026-09-14 16:50:09,155 INFO image_rx_daemon: frag_arrival: seq=114 idx=5 total=13 fw_us=3705282174 len=247

2026-09-14 16:50:09,267 INFO image_rx_daemon: frag_arrival: seq=114 idx=6 total=13 fw_us=3705399201 len=247

2026-09-14 16:50:09,268 INFO image_rx_daemon: cmd 0x63 superseded while pending (after 0 attempts) — body replaced, retry budget reset

2026-09-14 16:50:09,387 INFO image_rx_daemon: frag_arrival: seq=114 idx=7 total=13 fw_us=3705516257 len=247

2026-09-14 16:50:09,508 INFO image_rx_daemon: frag_arrival: seq=114 idx=8 total=13 fw_us=3705633329 len=247

2026-09-14 16:50:09,632 INFO image_rx_daemon: frag_arrival: seq=114 idx=9 total=13 fw_us=3705750322 len=247

2026-09-14 16:50:09,740 INFO image_rx_daemon: frag_arrival: seq=114 idx=10 total=13 fw_us=3705867356 len=247

2026-09-14 16:50:09,864 INFO image_rx_daemon: frag_arrival: seq=114 idx=11 total=13 fw_us=3705984357 len=247

2026-09-14 16:50:09,865 INFO image_rx_daemon: frag_arrival: seq=114 idx=12 total=13 fw_us=3706014358 len=41

2026-09-14 16:50:09,866 INFO image_rx_daemon: published frame_id=0 seq=114 2953 B → lifetrac/v25/video/tile_delta

RFCO_PERTX during TX wait: profile_id=2 tx_status=0x00(OK) hop_idx=0 channel_idx=0 epoch=0 freq_hz=0 pkt_toa_us=10304 legal_dwell_used_us_10s=0

2026-09-14 16:50:09,892 INFO image_rx_daemon: command TX opcode=0x63 copy=1/1 OK (on air)

2026-09-14 16:50:09,967 INFO image_rx_daemon: cmd 0x63 superseded while pending (after 1 attempts) — body replaced, retry budget reset

2026-09-14 16:50:10,065 INFO image_rx_daemon: frag_arrival: seq=117 idx=0 total=13 fw_us=3706193927 len=247

2026-09-14 16:50:10,181 INFO image_rx_daemon: frag_arrival: seq=117 idx=1 total=13 fw_us=3706310825 len=247

2026-09-14 16:50:10,300 INFO image_rx_daemon: frag_arrival: seq=117 idx=2 total=13 fw_us=3706427890 len=247

2026-09-14 16:50:10,420 INFO image_rx_daemon: frag_arrival: seq=117 idx=3 total=13 fw_us=3706544961 len=247

2026-09-14 16:50:10,544 INFO image_rx_daemon: frag_arrival: seq=117 idx=4 total=13 fw_us=3706661950 len=247

2026-09-14 16:50:10,652 INFO image_rx_daemon: frag_arrival: seq=117 idx=5 total=13 fw_us=3706778921 len=247

2026-09-14 16:50:10,667 INFO image_rx_daemon: cmd 0x63 superseded while pending (after 0 attempts) — body replaced, retry budget reset

2026-09-14 16:50:10,769 INFO image_rx_daemon: frag_arrival: seq=117 idx=6 total=13 fw_us=3706895974 len=247

2026-09-14 16:50:10,892 INFO image_rx_daemon: frag_arrival: seq=117 idx=7 total=13 fw_us=3707013018 len=247

2026-09-14 16:50:11,007 INFO image_rx_daemon: frag_arrival: seq=117 idx=8 total=13 fw_us=3707130033 len=247

2026-09-14 16:50:11,125 INFO image_rx_daemon: frag_arrival: seq=117 idx=9 total=13 fw_us=3707246998 len=247

2026-09-14 16:50:11,244 INFO image_rx_daemon: frag_arrival: seq=117 idx=10 total=13 fw_us=3707364074 len=247

2026-09-14 16:50:11,356 INFO image_rx_daemon: frag_arrival: seq=117 idx=11 total=13 fw_us=3707481060 len=247

2026-09-14 16:50:11,369 INFO image_rx_daemon: cmd 0x63 superseded while pending (after 0 attempts) — body replaced, retry budget reset

2026-09-14 16:50:11,379 INFO image_rx_daemon: frag_arrival: seq=117 idx=12 total=13 fw_us=3707525445 len=79

2026-09-14 16:50:11,381 INFO image_rx_daemon: cmd 0x60 CONVERGED after 0 attempts (0.7 s): keyframe received (UNVERIFIED delivery — keyframe may be encoder-initiated)

2026-09-14 16:50:11,382 INFO image_rx_daemon: published frame_id=0 seq=117 2991 B → lifetrac/v25/video/tile_delta

RFCO_PERTX during TX wait: profile_id=2 tx_status=0x00(OK) hop_idx=0 channel_idx=0 epoch=0 freq_hz=0 pkt_toa_us=10304 legal_dwell_used_us_10s=0

2026-09-14 16:50:11,413 INFO image_rx_daemon: command TX opcode=0x63 copy=1/1 OK (on air)

2026-09-14 16:50:11,661 INFO image_rx_daemon: frag_arrival: seq=123 idx=0 total=13 fw_us=3707785004 len=247

2026-09-14 16:50:11,780 INFO image_rx_daemon: frag_arrival: seq=123 idx=1 total=13 fw_us=3707901876 len=247

2026-09-14 16:50:11,892 INFO image_rx_daemon: frag_arrival: seq=123 idx=2 total=13 fw_us=3708019011 len=247

2026-09-14 16:50:12,008 INFO image_rx_daemon: frag_arrival: seq=123 idx=3 total=13 fw_us=3708136053 len=247

2026-09-14 16:50:12,072 INFO image_rx_daemon: cmd 0x63 superseded while pending (after 1 attempts) — body replaced, retry budget reset

2026-09-14 16:50:12,125 INFO image_rx_daemon: frag_arrival: seq=123 idx=4 total=13 fw_us=3708252973 len=247

2026-09-14 16:50:12,248 INFO image_rx_daemon: frag_arrival: seq=123 idx=5 total=13 fw_us=3708370054 len=247

2026-09-14 16:50:12,368 INFO image_rx_daemon: frag_arrival: seq=123 idx=6 total=13 fw_us=3708487081 len=247

2026-09-14 16:50:12,480 INFO image_rx_daemon: frag_arrival: seq=123 idx=7 total=13 fw_us=3708603976 len=247

2026-09-14 16:50:12,600 INFO image_rx_daemon: frag_arrival: seq=123 idx=8 total=13 fw_us=3708721177 len=247

2026-09-14 16:50:12,708 INFO image_rx_daemon: frag_arrival: seq=123 idx=9 total=13 fw_us=3708838074 len=247

2026-09-14 16:50:12,773 INFO image_rx_daemon: cmd 0x63 superseded while pending (after 0 attempts) — body replaced, retry budget reset

2026-09-14 16:50:12,828 INFO image_rx_daemon: frag_arrival: seq=123 idx=10 total=13 fw_us=3708955294 len=247

2026-09-14 16:50:12,952 INFO image_rx_daemon: frag_arrival: seq=123 idx=11 total=13 fw_us=3709072284 len=247

2026-09-14 16:50:12,982 INFO image_rx_daemon: frag_arrival: seq=123 idx=12 total=13 fw_us=3709116700 len=81

2026-09-14 16:50:12,985 INFO image_rx_daemon: published frame_id=0 seq=123 2993 B → lifetrac/v25/video/tile_delta

RFCO_PERTX during TX wait: profile_id=2 tx_status=0x00(OK) hop_idx=0 channel_idx=0 epoch=0 freq_hz=0 pkt_toa_us=10304 legal_dwell_used_us_10s=0

2026-09-14 16:50:13,007 INFO image_rx_daemon: command TX opcode=0x63 copy=1/1 OK (on air)

2026-09-14 16:50:13,252 INFO image_rx_daemon: frag_arrival: seq=124 idx=0 total=12 fw_us=3709376052 len=247

2026-09-14 16:50:13,372 INFO image_rx_daemon: frag_arrival: seq=124 idx=1 total=12 fw_us=3709492999 len=247

2026-09-14 16:50:13,483 INFO image_rx_daemon: frag_arrival: seq=124 idx=2 total=12 fw_us=3709610208 len=247

2026-09-14 16:50:13,484 INFO image_rx_daemon: cmd 0x63 superseded while pending (after 1 attempts) — body replaced, retry budget reset

2026-09-14 16:50:13,608 INFO image_rx_daemon: frag_arrival: seq=124 idx=3 total=12 fw_us=3709727147 len=247

2026-09-14 16:50:13,716 INFO image_rx_daemon: frag_arrival: seq=124 idx=4 total=12 fw_us=3709844199 len=247

2026-09-14 16:50:13,836 INFO image_rx_daemon: frag_arrival: seq=124 idx=5 total=12 fw_us=3709961262 len=247

2026-09-14 16:50:13,956 INFO image_rx_daemon: frag_arrival: seq=124 idx=6 total=12 fw_us=3710078460 len=247

2026-09-14 16:50:14,051 INFO image_rx_daemon: stats: rx_frames=1582 rx_decode_err=0 frames_published=86 publish_err=0 reassembler_decode_err=0 reassembler_timeouts=41 parity_recon=0 idle_drain_deferred=6 cmd_cooldown_drops=9 cmd_gate_held=0 cmd_copies_deferred=0

2026-09-14 16:50:14,051 INFO image_rx_daemon: air_gap: n=83 dt_med=117026us dt_p95=199493us len_med=247B cmd_tx_ok=104 cmd_tx_fail=0

2026-09-14 16:50:14,052 INFO image_rx_daemon: air_gap_hist(ms): <40:3 <80:2 <120:70 <200:4 <400:4

2026-09-14 16:50:14,053 INFO image_rx_daemon: rx_rf: n_rssi=83 n_snr=83 rssi[min/med/max]=-69/-68/-67 snr[min/med/max]=5.0/6.0/6.0

2026-09-14 16:50:14,053 INFO image_rx_daemon: phase_telemetry: valid=83 invalid=0 pre_f8=0 last_epoch=0 last_hop=0 slot_off=[0..0]

2026-09-14 16:50:14,054 INFO image_rx_daemon: air_gap_by_class: seq: n=71 med=117.0ms | boundary: n=7 med=199.5ms | post_loss: n=1 med=234.0ms

2026-09-14 16:50:14,055 INFO image_rx_daemon: lost_frag_idx: n=2 idx0=0 (0.00% of idx0 arrivals) other=2 (1.28%) verdict=not-clustered | top 11:1 12:1

2026-09-14 16:50:14,055 INFO image_rx_daemon: frag_reordered: 4 late out-of-order arrivals had a provisional loss retracted (in-order assumption violated — see RS-11.4)

2026-09-14 16:50:14,063 INFO image_rx_daemon: frag_arrival: seq=124 idx=7 total=12 fw_us=3710195439 len=247

2026-09-14 16:50:14,184 INFO image_rx_daemon: cmd 0x63 superseded while pending (after 0 attempts) — body replaced, retry budget reset

2026-09-14 16:50:14,186 INFO image_rx_daemon: frag_arrival: seq=124 idx=8 total=12 fw_us=3710312604 len=247

2026-09-14 16:50:14,304 INFO image_rx_daemon: frag_arrival: seq=124 idx=9 total=12 fw_us=3710429530 len=247

2026-09-14 16:50:14,424 INFO image_rx_daemon: frag_arrival: seq=124 idx=10 total=12 fw_us=3710546700 len=247

2026-09-14 16:50:14,520 WARNING image_rx_daemon: crc_dump: irq=0x70 rx_len=255 snr=2.8 rssi=-65 dump=01020000000000a41836ba4b49a5f0c8ffc350dbd5e5579eba5828bd79efadf4192b19d124edc9fa982de718a3921190138192e9dd6938a4cd006ebb53479e5e21899c7d380db7e07bfd5b08bf448b897cc2728e9339405c192daeb5c4d09058a92f17e096abcb112665b328c4a408467cb1b158abb366a116c1ba434cf150983a735e571086aa7ce4336ce71feda54eb2c6150a87ccbdf2af6f108d42bd4464d1a543b5429c994dbe8c1a8bfec8d4f7b207082f2f68d08ecc674e8791c65edaf269a9a0ec33dc0a8739f6cd6bacde57566e6ad6f2e16f0095d1aa789daa267c62bcd8bc0fbaa8e5c784ca181d64056194159c1df6f11888c5bfd2

2026-09-14 16:50:14,728 INFO image_rx_daemon: frag_arrival: seq=126 idx=0 total=12 fw_us=3710850287 len=247

2026-09-14 16:50:14,825 WARNING image_rx_daemon: crc_dump: irq=0x70 rx_len=255 snr=-1.0 rssi=-65 dump=6efffbc59f511b09165b7fa9355e2cca8648ee272c8e221edd4c11c4ec7903be60c2430e0d79ee27b6df502f1cd133599a9bad36bbae73a37863359060f848ac79d72793a608ae8d39d27fcf61430be39ed5bef0902594f7293320db83faf04d7b6fd0cfd7480dcf0e291281287dbb1a95acc122e2f8d95a745f0759f210e3cfab3837f63677b1f6b95298939c295eaa41c7d8d2c0438aa5ffc810dbb1547d4b45de266695fdc62b4733b748c2a30b18e78167e1830b1733cb9b3b64dcd227409c62bc27088b8771bdf9f1918d05d71812a12ae6769cb56c4c6cceb40df013b5e0f70bb0338343c3330edb451a29bcbb3a7a9991c8c0bf79407aa2

2026-09-14 16:50:14,880 INFO image_rx_daemon: cmd 0x63 superseded while pending (after 0 attempts) — body replaced, retry budget reset

2026-09-14 16:50:14,954 INFO image_rx_daemon: frag_arrival: seq=126 idx=2 total=12 fw_us=3711084215 len=247

2026-09-14 16:50:15,073 INFO image_rx_daemon: frag_arrival: seq=126 idx=3 total=12 fw_us=3711201348 len=247

2026-09-14 16:50:15,195 INFO image_rx_daemon: frag_arrival: seq=126 idx=4 total=12 fw_us=3711318398 len=247

2026-09-14 16:50:15,316 INFO image_rx_daemon: frag_arrival: seq=126 idx=5 total=12 fw_us=3711435564 len=247

2026-09-14 16:50:15,424 INFO image_rx_daemon: frag_arrival: seq=126 idx=6 total=12 fw_us=3711552599 len=247

2026-09-14 16:50:15,544 INFO image_rx_daemon: frag_arrival: seq=126 idx=7 total=12 fw_us=3711669694 len=247

2026-09-14 16:50:15,583 INFO image_rx_daemon: cmd 0x63 superseded while pending (after 0 attempts) — body replaced, retry budget reset

2026-09-14 16:50:15,664 INFO image_rx_daemon: frag_arrival: seq=126 idx=8 total=12 fw_us=3711786636 len=247

2026-09-14 16:50:15,785 INFO image_rx_daemon: frag_arrival: seq=126 idx=9 total=12 fw_us=3711903596 len=247

2026-09-14 16:50:15,902 INFO image_rx_daemon: frag_arrival: seq=126 idx=10 total=12 fw_us=3712020773 len=247

2026-09-14 16:50:16,007 INFO image_rx_daemon: frag_arrival: seq=126 idx=11 total=12 fw_us=3712137774 len=246

RFCO_PERTX during TX wait: profile_id=2 tx_status=0x00(OK) hop_idx=0 channel_idx=0 epoch=0 freq_hz=0 pkt_toa_us=10304 legal_dwell_used_us_10s=0

2026-09-14 16:50:16,033 INFO image_rx_daemon: command TX opcode=0x63 copy=1/1 OK (on air)

2026-09-14 16:50:16,197 INFO image_rx_daemon: frag_arrival: seq=129 idx=0 total=13 fw_us=3712324832 len=247

2026-09-14 16:50:16,284 INFO image_rx_daemon: cmd 0x63 superseded while pending (after 1 attempts) — body replaced, retry budget reset

2026-09-14 16:50:16,309 INFO image_rx_daemon: frag_arrival: seq=129 idx=1 total=13 fw_us=3712441912 len=247

2026-09-14 16:50:16,437 INFO image_rx_daemon: frag_arrival: seq=129 idx=2 total=13 fw_us=3712558982 len=247

2026-09-14 16:50:16,545 INFO image_rx_daemon: frag_arrival: seq=129 idx=3 total=13 fw_us=3712675919 len=247

2026-09-14 16:50:16,666 INFO image_rx_daemon: frag_arrival: seq=129 idx=4 total=13 fw_us=3712793033 len=247

2026-09-14 16:50:16,786 INFO image_rx_daemon: frag_arrival: seq=129 idx=5 total=13 fw_us=3712911078 len=247

2026-09-14 16:50:16,904 INFO image_rx_daemon: frag_arrival: seq=129 idx=6 total=13 fw_us=3713027153 len=247

2026-09-14 16:50:16,988 INFO image_rx_daemon: cmd 0x63 superseded while pending (after 0 attempts) — body replaced, retry budget reset

2026-09-14 16:50:17,012 INFO image_rx_daemon: frag_arrival: seq=129 idx=7 total=13 fw_us=3713144386 len=247

2026-09-14 16:50:17,141 INFO image_rx_daemon: frag_arrival: seq=129 idx=8 total=13 fw_us=3713261330 len=247

2026-09-14 16:50:17,252 INFO image_rx_daemon: frag_arrival: seq=129 idx=9 total=13 fw_us=3713378444 len=247

2026-09-14 16:50:17,376 INFO image_rx_daemon: frag_arrival: seq=129 idx=10 total=13 fw_us=3713495485 len=247

2026-09-14 16:50:17,484 INFO image_rx_daemon: frag_arrival: seq=129 idx=11 total=13 fw_us=3713612529 len=247

2026-09-14 16:50:17,523 INFO image_rx_daemon: frag_arrival: seq=129 idx=12 total=13 fw_us=3713654326 len=73

2026-09-14 16:50:17,527 INFO image_rx_daemon: published frame_id=0 seq=129 2985 B → lifetrac/v25/video/tile_delta

RFCO_PERTX during TX wait: profile_id=2 tx_status=0x00(OK) hop_idx=0 channel_idx=0 epoch=0 freq_hz=0 pkt_toa_us=10304 legal_dwell_used_us_10s=0

2026-09-14 16:50:17,553 INFO image_rx_daemon: command TX opcode=0x63 copy=1/1 OK (on air)

2026-09-14 16:50:17,692 INFO image_rx_daemon: cmd 0x63 superseded while pending (after 1 attempts) — body replaced, retry budget reset

2026-09-14 16:50:17,789 INFO image_rx_daemon: frag_arrival: seq=135 idx=0 total=13 fw_us=3713916546 len=247

2026-09-14 16:50:17,908 INFO image_rx_daemon: frag_arrival: seq=135 idx=1 total=13 fw_us=3714033401 len=247

2026-09-14 16:50:18,016 INFO image_rx_daemon: frag_arrival: seq=135 idx=2 total=13 fw_us=3714150554 len=247

2026-09-14 16:50:18,144 INFO image_rx_daemon: frag_arrival: seq=135 idx=3 total=13 fw_us=3714267581 len=247

2026-09-14 16:50:18,264 INFO image_rx_daemon: frag_arrival: seq=135 idx=4 total=13 fw_us=3714384649 len=247

2026-09-14 16:50:18,372 INFO image_rx_daemon: frag_arrival: seq=135 idx=5 total=13 fw_us=3714501668 len=247

2026-09-14 16:50:18,391 INFO image_rx_daemon: cmd 0x63 superseded while pending (after 0 attempts) — body replaced, retry budget reset

2026-09-14 16:50:18,492 INFO image_rx_daemon: frag_arrival: seq=135 idx=6 total=13 fw_us=3714618693 len=247

2026-09-14 16:50:18,612 INFO image_rx_daemon: frag_arrival: seq=135 idx=7 total=13 fw_us=3714735679 len=247

2026-09-14 16:50:18,736 INFO image_rx_daemon: frag_arrival: seq=135 idx=8 total=13 fw_us=3714852746 len=247

2026-09-14 16:50:18,846 INFO image_rx_daemon: frag_arrival: seq=135 idx=9 total=13 fw_us=3714969614 len=247

2026-09-14 16:50:18,968 INFO image_rx_daemon: frag_arrival: seq=135 idx=10 total=13 fw_us=3715086835 len=247

2026-09-14 16:50:19,080 INFO image_rx_daemon: frag_arrival: seq=135 idx=11 total=13 fw_us=3715203842 len=247

2026-09-14 16:50:19,092 INFO image_rx_daemon: cmd 0x63 superseded while pending (after 0 attempts) — body replaced, retry budget reset

2026-09-14 16:50:19,104 INFO image_rx_daemon: frag_arrival: seq=135 idx=12 total=13 fw_us=3715241707 len=63

2026-09-14 16:50:19,106 INFO image_rx_daemon: published frame_id=0 seq=135 2975 B → lifetrac/v25/video/tile_delta

RFCO_PERTX during TX wait: profile_id=2 tx_status=0x00(OK) hop_idx=0 channel_idx=0 epoch=0 freq_hz=0 pkt_toa_us=10304 legal_dwell_used_us_10s=0

2026-09-14 16:50:19,137 INFO image_rx_daemon: command TX opcode=0x63 copy=1/1 OK (on air)

2026-09-14 16:50:19,386 INFO image_rx_daemon: frag_arrival: seq=136 idx=0 total=13 fw_us=3715508020 len=247

2026-09-14 16:50:19,506 INFO image_rx_daemon: frag_arrival: seq=136 idx=1 total=13 fw_us=3715624914 len=247

2026-09-14 16:50:19,613 INFO image_rx_daemon: frag_arrival: seq=136 idx=2 total=13 fw_us=3715742011 len=247

2026-09-14 16:50:19,738 INFO image_rx_daemon: frag_arrival: seq=136 idx=3 total=13 fw_us=3715859132 len=247

2026-09-14 16:50:19,795 INFO image_rx_daemon: cmd 0x63 superseded while pending (after 1 attempts) — body replaced, retry budget reset

2026-09-14 16:50:19,861 INFO image_rx_daemon: frag_arrival: seq=136 idx=4 total=13 fw_us=3715976228 len=247

2026-09-14 16:50:19,968 INFO image_rx_daemon: frag_arrival: seq=136 idx=5 total=13 fw_us=3716093318 len=247

2026-09-14 16:50:20,092 INFO image_rx_daemon: frag_arrival: seq=136 idx=6 total=13 fw_us=3716210295 len=247

2026-09-14 16:50:20,201 INFO image_rx_daemon: frag_arrival: seq=136 idx=7 total=13 fw_us=3716327188 len=247

2026-09-14 16:50:20,333 INFO image_rx_daemon: frag_arrival: seq=136 idx=8 total=13 fw_us=3716444349 len=247

2026-09-14 16:50:20,431 INFO image_rx_daemon: frag_arrival: seq=136 idx=9 total=13 fw_us=3716561276 len=247

2026-09-14 16:50:20,497 INFO image_rx_daemon: cmd 0x63 superseded while pending (after 0 attempts) — body replaced, retry budget reset

2026-09-14 16:50:20,558 INFO image_rx_daemon: frag_arrival: seq=136 idx=10 total=13 fw_us=3716678483 len=247

2026-09-14 16:50:20,668 INFO image_rx_daemon: frag_arrival: seq=136 idx=11 total=13 fw_us=3716795430 len=247

2026-09-14 16:50:20,693 INFO image_rx_daemon: frag_arrival: seq=136 idx=12 total=13 fw_us=3716837246 len=74

2026-09-14 16:50:20,696 INFO image_rx_daemon: published frame_id=0 seq=136 2986 B → lifetrac/v25/video/tile_delta

RFCO_PERTX during TX wait: profile_id=2 tx_status=0x00(OK) hop_idx=0 channel_idx=0 epoch=0 freq_hz=0 pkt_toa_us=10304 legal_dwell_used_us_10s=0

2026-09-14 16:50:20,723 INFO image_rx_daemon: command TX opcode=0x63 copy=1/1 OK (on air)

2026-09-14 16:50:21,084 INFO image_rx_daemon: frag_arrival: seq=138 idx=1 total=13 fw_us=3717216585 len=247

2026-09-14 16:50:21,193 INFO image_rx_daemon: frag_arrival: seq=138 idx=2 total=13 fw_us=3717333658 len=247

2026-09-14 16:50:21,200 INFO image_rx_daemon: cmd 0x63 superseded while pending (after 1 attempts) — body replaced, retry budget reset

2026-09-14 16:50:21,320 INFO image_rx_daemon: frag_arrival: seq=138 idx=3 total=13 fw_us=3717450789 len=247

2026-09-14 16:50:21,440 INFO image_rx_daemon: frag_arrival: seq=138 idx=4 total=13 fw_us=3717567763 len=247

2026-09-14 16:50:21,536 WARNING image_rx_daemon: crc_dump: irq=0x70 rx_len=255 snr=-0.5 rssi=-64 dump=79b411f0736534d7ab0c9d198c6f923c42c257f099b99122f3907321401a75a533e8d5ae993ba6ab3d9165909e2575118f3dd416dede0a855f49c7f6f068eca2e5de17f39e588b73949db22ccca9a6c9983dff707c06e6a7c28df83becc3c671f1fcb8ecfce235bf90c267b08e090f5aef774e34be9774ea34c9bdabdfb76dcee6338bd8d56062eb46dbd8ff5127fd4eb7358a085d2b0ed06fdc582933ebe1a742e5d683a8a150b54069bdc609b9ea29a9b8e3d198db99bbe69ab2e37d08026f599c80ad7843fc8cfbf0fbd1b0ab7d8cd4b2584d5ce6eaa9564a632252ec9b9c1091026815b957d8865d93af7974ab3ee03f98f2bba43cde2069a1

2026-09-14 16:50:21,676 INFO image_rx_daemon: frag_arrival: seq=138 idx=6 total=13 fw_us=3717801945 len=247

2026-09-14 16:50:21,800 INFO image_rx_daemon: frag_arrival: seq=138 idx=7 total=13 fw_us=3717918846 len=247

2026-09-14 16:50:21,909 INFO image_rx_daemon: frag_arrival: seq=138 idx=8 total=13 fw_us=3718037078 len=247

2026-09-14 16:50:21,910 INFO image_rx_daemon: cmd 0x63 superseded while pending (after 0 attempts) — body replaced, retry budget reset

2026-09-14 16:50:22,018 INFO image_rx_daemon: frag_arrival: seq=138 idx=9 total=13 fw_us=3718152969 len=247

2026-09-14 16:50:22,141 INFO image_rx_daemon: frag_arrival: seq=138 idx=10 total=13 fw_us=3718270058 len=247

2026-09-14 16:50:22,260 INFO image_rx_daemon: frag_arrival: seq=138 idx=11 total=13 fw_us=3718387081 len=247

2026-09-14 16:50:22,290 INFO image_rx_daemon: frag_arrival: seq=138 idx=12 total=13 fw_us=3718428893 len=73

RFCO_PERTX during TX wait: profile_id=2 tx_status=0x00(OK) hop_idx=0 channel_idx=0 epoch=0 freq_hz=0 pkt_toa_us=10304 legal_dwell_used_us_10s=0

2026-09-14 16:50:22,318 INFO image_rx_daemon: command TX opcode=0x63 copy=1/1 OK (on air)

2026-09-14 16:50:22,564 INFO image_rx_daemon: frag_arrival: seq=141 idx=0 total=13 fw_us=3718691197 len=247

2026-09-14 16:50:22,605 INFO image_rx_daemon: cmd 0x63 superseded while pending (after 1 attempts) — body replaced, retry budget reset

2026-09-14 16:50:22,688 INFO image_rx_daemon: frag_arrival: seq=141 idx=1 total=13 fw_us=3718808074 len=247

2026-09-14 16:50:22,796 INFO image_rx_daemon: frag_arrival: seq=141 idx=2 total=13 fw_us=3718926078 len=247

2026-09-14 16:50:22,916 INFO image_rx_daemon: frag_arrival: seq=141 idx=3 total=13 fw_us=3719042126 len=247

2026-09-14 16:50:23,024 INFO image_rx_daemon: frag_arrival: seq=141 idx=4 total=13 fw_us=3719160078 len=247

2026-09-14 16:50:23,156 INFO image_rx_daemon: frag_arrival: seq=141 idx=5 total=13 fw_us=3719276151 len=247

2026-09-14 16:50:23,264 INFO image_rx_daemon: frag_arrival: seq=141 idx=6 total=13 fw_us=3719393201 len=247

2026-09-14 16:50:23,309 INFO image_rx_daemon: cmd 0x63 superseded while pending (after 0 attempts) — body replaced, retry budget reset

2026-09-14 16:50:23,384 INFO image_rx_daemon: frag_arrival: seq=141 idx=7 total=13 fw_us=3719510202 len=247

2026-09-14 16:50:23,508 INFO image_rx_daemon: frag_arrival: seq=141 idx=8 total=13 fw_us=3719627234 len=247

2026-09-14 16:50:23,616 INFO image_rx_daemon: frag_arrival: seq=141 idx=9 total=13 fw_us=3719744031 len=247

2026-09-14 16:50:23,740 INFO image_rx_daemon: frag_arrival: seq=141 idx=10 total=13 fw_us=3719861189 len=247

2026-09-14 16:50:23,852 INFO image_rx_daemon: frag_arrival: seq=141 idx=11 total=13 fw_us=3719978140 len=247

2026-09-14 16:50:23,853 INFO image_rx_daemon: frag_arrival: seq=141 idx=12 total=13 fw_us=3719995081 len=7

2026-09-14 16:50:23,854 INFO image_rx_daemon: published frame_id=0 seq=141 2919 B → lifetrac/v25/video/tile_delta

RFCO_PERTX during TX wait: profile_id=2 tx_status=0x00(OK) hop_idx=0 channel_idx=0 epoch=0 freq_hz=0 pkt_toa_us=10304 legal_dwell_used_us_10s=0

2026-09-14 16:50:23,885 INFO image_rx_daemon: command TX opcode=0x60 copy=1/1 OK (on air)

2026-09-14 16:50:24,007 INFO image_rx_daemon: cmd 0x63 superseded while pending (after 0 attempts) — body replaced, retry budget reset

2026-09-14 16:50:24,028 INFO image_rx_daemon: frag_arrival: seq=145 idx=0 total=12 fw_us=3720166078 len=247

2026-09-14 16:50:24,059 INFO image_rx_daemon: stats: rx_frames=1661 rx_decode_err=0 frames_published=90 publish_err=0 reassembler_decode_err=0 reassembler_timeouts=44 parity_recon=0 idle_drain_deferred=7 cmd_cooldown_drops=9 cmd_gate_held=0 cmd_copies_deferred=0

2026-09-14 16:50:24,061 INFO image_rx_daemon: air_gap: n=79 dt_med=117050us dt_p95=262304us len_med=247B cmd_tx_ok=110 cmd_tx_fail=0

2026-09-14 16:50:24,063 INFO image_rx_daemon: air_gap_hist(ms): <20:1 <40:1 <80:3 <120:65 <200:2 <400:7

2026-09-14 16:50:24,064 INFO image_rx_daemon: rx_rf: n_rssi=79 n_snr=79 rssi[min/med/max]=-69/-68/-67 snr[min/med/max]=5.0/6.0/6.0

2026-09-14 16:50:24,065 INFO image_rx_daemon: phase_telemetry: valid=79 invalid=0 pre_f8=0 last_epoch=0 last_hop=0 slot_off=[0..0]

2026-09-14 16:50:24,066 INFO image_rx_daemon: air_gap_by_class: seq: n=70 med=117.0ms | boundary: n=6 med=262.3ms | post_loss: n=3 med=234.2ms

2026-09-14 16:50:24,068 INFO image_rx_daemon: lost_frag_idx: n=4 idx0=1 (14.29% of idx0 arrivals) other=3 (3.95%) verdict=CLUSTERED-AT-0 | top 11:1 1:1 0:1 5:1

2026-09-14 16:50:24,153 INFO image_rx_daemon: frag_arrival: seq=145 idx=1 total=12 fw_us=3720282072 len=247

2026-09-14 16:50:24,262 INFO image_rx_daemon: frag_arrival: seq=145 idx=2 total=12 fw_us=3720400078 len=247

2026-09-14 16:50:24,392 INFO image_rx_daemon: frag_arrival: seq=145 idx=3 total=12 fw_us=3720516205 len=247

2026-09-14 16:50:24,510 INFO image_rx_daemon: frag_arrival: seq=145 idx=4 total=12 fw_us=3720633149 len=247

2026-09-14 16:50:24,628 INFO image_rx_daemon: frag_arrival: seq=145 idx=5 total=12 fw_us=3720750132 len=247

2026-09-14 16:50:24,712 INFO image_rx_daemon: cmd 0x63 superseded while pending (after 0 attempts) — body replaced, retry budget reset

2026-09-14 16:50:24,736 INFO image_rx_daemon: frag_arrival: seq=145 idx=6 total=12 fw_us=3720867260 len=247

2026-09-14 16:50:24,844 INFO image_rx_daemon: frag_arrival: seq=145 idx=7 total=12 fw_us=3720984327 len=247

2026-09-14 16:50:24,976 INFO image_rx_daemon: frag_arrival: seq=145 idx=8 total=12 fw_us=3721101238 len=247

2026-09-14 16:50:25,093 INFO image_rx_daemon: frag_arrival: seq=145 idx=9 total=12 fw_us=3721218411 len=247

2026-09-14 16:50:25,211 INFO image_rx_daemon: frag_arrival: seq=145 idx=10 total=12 fw_us=3721335431 len=247

2026-09-14 16:50:25,309 WARNING image_rx_daemon: crc_dump: irq=0x70 rx_len=255 snr=1.2 rssi=-65 dump=010208c0e010981721cf41249cb25427defef5bacdb33dfe544a4c68d2d0e3e7ffda14b725515b3b6e0558be8c2bd213775a1770011249adf1fb222979ad5b450402a7eb90b3fc51dbf45cfc5b0f9bc32cb662a9e7b96b002d73aa2bb424f1649a12cb129d20899d6dda7c7e96d0543159839d3653093792b70e493ee861716f7b53ab8dc7fb91751381a086dda6aa5c2c49e2c7352ffbe08b3b02d9cff8063ac0651830f455ed327f95cd387ed95fb01e19df7360fdd3ecf9b60905035fba86a24ef0a52b5cdbca6c7b4d19403999ae4b7ede44e763b2589de8edb3b4f37b9a8636ef103d74127a7e09c3e2a23197db5ad628618c3f580a682c65

2026-09-14 16:50:25,414 INFO image_rx_daemon: cmd 0x63 superseded while pending (after 0 attempts) — body replaced, retry budget reset

2026-09-14 16:50:25,512 INFO image_rx_daemon: frag_arrival: seq=148 idx=0 total=13 fw_us=3721639143 len=247

2026-09-14 16:50:25,632 INFO image_rx_daemon: frag_arrival: seq=148 idx=1 total=13 fw_us=3721756028 len=247

2026-09-14 16:50:25,756 INFO image_rx_daemon: frag_arrival: seq=148 idx=2 total=13 fw_us=3721873059 len=247

2026-09-14 16:50:25,866 INFO image_rx_daemon: frag_arrival: seq=148 idx=3 total=13 fw_us=3721990077 len=247

2026-09-14 16:50:25,984 INFO image_rx_daemon: frag_arrival: seq=148 idx=4 total=13 fw_us=3722107081 len=247

2026-09-14 16:50:26,104 INFO image_rx_daemon: frag_arrival: seq=148 idx=5 total=13 fw_us=3722224081 len=247

2026-09-14 16:50:26,112 INFO image_rx_daemon: cmd 0x63 superseded while pending (after 0 attempts) — body replaced, retry budget reset

2026-09-14 16:50:26,212 INFO image_rx_daemon: frag_arrival: seq=148 idx=6 total=13 fw_us=3722341077 len=247

2026-09-14 16:50:26,336 INFO image_rx_daemon: frag_arrival: seq=148 idx=7 total=13 fw_us=3722459078 len=247

2026-09-14 16:50:26,448 INFO image_rx_daemon: frag_arrival: seq=148 idx=8 total=13 fw_us=3722575075 len=247

2026-09-14 16:50:26,565 INFO image_rx_daemon: frag_arrival: seq=148 idx=9 total=13 fw_us=3722692028 len=247

2026-09-14 16:50:26,688 INFO image_rx_daemon: frag_arrival: seq=148 idx=10 total=13 fw_us=3722809061 len=247

2026-09-14 16:50:26,800 INFO image_rx_daemon: frag_arrival: seq=148 idx=11 total=13 fw_us=3722926071 len=247

2026-09-14 16:50:26,814 INFO image_rx_daemon: frag_arrival: seq=148 idx=12 total=13 fw_us=3722958679 len=47

2026-09-14 16:50:26,818 INFO image_rx_daemon: cmd 0x63 superseded while pending (after 0 attempts) — body replaced, retry budget reset

2026-09-14 16:50:26,819 INFO image_rx_daemon: published frame_id=0 seq=148 2959 B → lifetrac/v25/video/tile_delta

RFCO_PERTX during TX wait: profile_id=2 tx_status=0x00(OK) hop_idx=0 channel_idx=0 epoch=0 freq_hz=0 pkt_toa_us=10304 legal_dwell_used_us_10s=0

2026-09-14 16:50:26,846 INFO image_rx_daemon: command TX opcode=0x60 copy=1/1 OK (on air)

2026-09-14 16:50:26,988 INFO image_rx_daemon: frag_arrival: seq=151 idx=0 total=13 fw_us=3723113170 len=247

2026-09-14 16:50:27,108 INFO image_rx_daemon: frag_arrival: seq=151 idx=1 total=13 fw_us=3723231078 len=247

2026-09-14 16:50:27,217 INFO image_rx_daemon: frag_arrival: seq=151 idx=2 total=13 fw_us=3723348078 len=247

2026-09-14 16:50:27,340 INFO image_rx_daemon: frag_arrival: seq=151 idx=3 total=13 fw_us=3723464081 len=247

2026-09-14 16:50:27,460 INFO image_rx_daemon: frag_arrival: seq=151 idx=4 total=13 fw_us=3723581160 len=247

2026-09-14 16:50:27,519 INFO image_rx_daemon: cmd 0x63 superseded while pending (after 0 attempts) — body replaced, retry budget reset

2026-09-14 16:50:27,569 INFO image_rx_daemon: frag_arrival: seq=151 idx=5 total=13 fw_us=3723698037 len=247

2026-09-14 16:50:27,692 INFO image_rx_daemon: frag_arrival: seq=151 idx=6 total=13 fw_us=3723815001 len=247

2026-09-14 16:50:27,809 INFO image_rx_daemon: frag_arrival: seq=151 idx=7 total=13 fw_us=3723932056 len=247

2026-09-14 16:50:27,928 INFO image_rx_daemon: frag_arrival: seq=151 idx=8 total=13 fw_us=3724048830 len=247

2026-09-14 16:50:28,026 INFO image_rx_daemon: frag_arrival: seq=151 idx=9 total=13 fw_us=3724165994 len=247

2026-09-14 16:50:28,158 INFO image_rx_daemon: frag_arrival: seq=151 idx=10 total=13 fw_us=3724282904 len=247

2026-09-14 16:50:28,222 INFO image_rx_daemon: cmd 0x63 superseded while pending (after 0 attempts) — body replaced, retry budget reset

2026-09-14 16:50:28,266 INFO image_rx_daemon: frag_arrival: seq=151 idx=11 total=13 fw_us=3724399930 len=247

2026-09-14 16:50:28,300 INFO image_rx_daemon: frag_arrival: seq=151 idx=12 total=13 fw_us=3724428655 len=39

2026-09-14 16:50:28,301 INFO image_rx_daemon: published frame_id=0 seq=151 2951 B → lifetrac/v25/video/tile_delta

RFCO_PERTX during TX wait: profile_id=2 tx_status=0x00(OK) hop_idx=0 channel_idx=0 epoch=0 freq_hz=0 pkt_toa_us=10304 legal_dwell_used_us_10s=0

2026-09-14 16:50:28,324 INFO image_rx_daemon: command TX opcode=0x60 copy=1/1 OK (on air)

2026-09-14 16:50:28,464 INFO image_rx_daemon: frag_arrival: seq=154 idx=0 total=13 fw_us=3724587246 len=247

2026-09-14 16:50:28,588 INFO image_rx_daemon: frag_arrival: seq=154 idx=1 total=13 fw_us=3724704081 len=247

2026-09-14 16:50:28,696 INFO image_rx_daemon: frag_arrival: seq=154 idx=2 total=13 fw_us=3724821081 len=247

2026-09-14 16:50:28,816 INFO image_rx_daemon: frag_arrival: seq=154 idx=3 total=13 fw_us=3724938145 len=247

2026-09-14 16:50:28,932 INFO image_rx_daemon: cmd 0x63 superseded while pending (after 0 attempts) — body replaced, retry budget reset

2026-09-14 16:50:28,934 INFO image_rx_daemon: frag_arrival: seq=154 idx=4 total=13 fw_us=3725055067 len=247

2026-09-14 16:50:29,032 INFO image_rx_daemon: frag_arrival: seq=154 idx=5 total=13 fw_us=3725172080 len=247

2026-09-14 16:50:29,161 INFO image_rx_daemon: frag_arrival: seq=154 idx=6 total=13 fw_us=3725288974 len=247

2026-09-14 16:50:29,280 INFO image_rx_daemon: frag_arrival: seq=154 idx=7 total=13 fw_us=3725406056 len=247

2026-09-14 16:50:29,400 INFO image_rx_daemon: frag_arrival: seq=154 idx=8 total=13 fw_us=3725523156 len=247

2026-09-14 16:50:29,522 INFO image_rx_daemon: frag_arrival: seq=154 idx=9 total=13 fw_us=3725640175 len=247

2026-09-14 16:50:29,629 INFO image_rx_daemon: frag_arrival: seq=154 idx=10 total=13 fw_us=3725757081 len=247

2026-09-14 16:50:29,630 INFO image_rx_daemon: cmd 0x63 superseded while pending (after 0 attempts) — body replaced, retry budget reset

2026-09-14 16:50:29,748 INFO image_rx_daemon: frag_arrival: seq=154 idx=11 total=13 fw_us=3725874056 len=247

2026-09-14 16:50:29,749 INFO image_rx_daemon: frag_arrival: seq=154 idx=12 total=13 fw_us=3725892308 len=11

2026-09-14 16:50:29,751 INFO image_rx_daemon: published frame_id=0 seq=154 2923 B → lifetrac/v25/video/tile_delta

RFCO_PERTX during TX wait: profile_id=2 tx_status=0x00(OK) hop_idx=0 channel_idx=0 epoch=0 freq_hz=0 pkt_toa_us=10304 legal_dwell_used_us_10s=0

2026-09-14 16:50:29,777 INFO image_rx_daemon: command TX opcode=0x63 copy=1/1 OK (on air)

2026-09-14 16:50:29,940 INFO image_rx_daemon: frag_arrival: seq=157 idx=0 total=13 fw_us=3726060948 len=247

2026-09-14 16:50:30,038 INFO image_rx_daemon: frag_arrival: seq=157 idx=1 total=13 fw_us=3726177709 len=247

2026-09-14 16:50:30,169 INFO image_rx_daemon: frag_arrival: seq=157 idx=2 total=13 fw_us=3726295002 len=247

2026-09-14 16:50:30,277 INFO image_rx_daemon: frag_arrival: seq=157 idx=3 total=13 fw_us=3726412050 len=247

2026-09-14 16:50:30,330 INFO image_rx_daemon: cmd 0x63 superseded while pending (after 1 attempts) — body replaced, retry budget reset

2026-09-14 16:50:30,408 INFO image_rx_daemon: frag_arrival: seq=157 idx=4 total=13 fw_us=3726529058 len=247

2026-09-14 16:50:30,525 INFO image_rx_daemon: frag_arrival: seq=157 idx=5 total=13 fw_us=3726646285 len=247

2026-09-14 16:50:30,648 INFO image_rx_daemon: frag_arrival: seq=157 idx=6 total=13 fw_us=3726763120 len=247

2026-09-14 16:50:30,756 INFO image_rx_daemon: frag_arrival: seq=157 idx=7 total=13 fw_us=3726880128 len=247

2026-09-14 16:50:30,876 INFO image_rx_daemon: frag_arrival: seq=157 idx=8 total=13 fw_us=3726997120 len=247

2026-09-14 16:50:30,984 INFO image_rx_daemon: frag_arrival: seq=157 idx=9 total=13 fw_us=3727114125 len=247

2026-09-14 16:50:31,034 INFO image_rx_daemon: cmd 0x63 superseded while pending (after 0 attempts) — body replaced, retry budget reset

2026-09-14 16:50:31,104 INFO image_rx_daemon: frag_arrival: seq=157 idx=10 total=13 fw_us=3727231035 len=247

2026-09-14 16:50:31,221 INFO image_rx_daemon: frag_arrival: seq=157 idx=11 total=13 fw_us=3727348033 len=247

2026-09-14 16:50:31,262 INFO image_rx_daemon: frag_arrival: seq=157 idx=12 total=13 fw_us=3727392411 len=80

2026-09-14 16:50:31,265 INFO image_rx_daemon: published frame_id=0 seq=157 2992 B → lifetrac/v25/video/tile_delta

RFCO_PERTX during TX wait: profile_id=2 tx_status=0x00(OK) hop_idx=0 channel_idx=0 epoch=0 freq_hz=0 pkt_toa_us=10304 legal_dwell_used_us_10s=0

2026-09-14 16:50:31,291 INFO image_rx_daemon: command TX opcode=0x60 copy=1/1 OK (on air)

2026-09-14 16:50:31,536 INFO image_rx_daemon: frag_arrival: seq=160 idx=0 total=12 fw_us=3727652062 len=247

2026-09-14 16:50:31,644 INFO image_rx_daemon: frag_arrival: seq=160 idx=1 total=12 fw_us=3727768902 len=247

2026-09-14 16:50:31,736 INFO image_rx_daemon: cmd 0x63 superseded while pending (after 0 attempts) — body replaced, retry budget reset

2026-09-14 16:50:31,764 INFO image_rx_daemon: frag_arrival: seq=160 idx=2 total=12 fw_us=3727885857 len=247

2026-09-14 16:50:31,884 INFO image_rx_daemon: frag_arrival: seq=160 idx=3 total=12 fw_us=3728002801 len=247

2026-09-14 16:50:31,994 INFO image_rx_daemon: frag_arrival: seq=160 idx=4 total=12 fw_us=3728119977 len=247

2026-09-14 16:50:32,116 INFO image_rx_daemon: frag_arrival: seq=160 idx=5 total=12 fw_us=3728236896 len=247

2026-09-14 16:50:32,216 WARNING image_rx_daemon: crc_dump: irq=0x70 rx_len=255 snr=-0.2 rssi=-65 dump=6436ede3960f4956a43e7c79d3d8fa69be94a23478048f02215959c55372efad33b8ccafb8bfa6fb77916506fc15753b890d14168edb46c9ba830f884059f25eefd328f6ef8ac1885d06c7d3940b859f47955da90f07c61a176e5cc44a9c7cd5995a99b6c5827e25e9a0ef4b77772dc87384aee67d83a357228dc1c8b9d6997851dc900be79fe70ca6a6f7ee06b69445c458df175eb69a4bb6488f5981c2c0b7f609cb8c51e8ee0fbee88972274c6a042eec80d704284d8ec281f2d05a97be338f2b2501bb4ec2ef673d71a469d0fa2bae40059fc13e8aa48200bc9024f33da35ec63edbc7a2fd448195976d69661a6b47332a1731e393a41cb3d3

2026-09-14 16:50:32,344 INFO image_rx_daemon: frag_arrival: seq=160 idx=7 total=12 fw_us=3728470858 len=247

2026-09-14 16:50:32,438 INFO image_rx_daemon: cmd 0x63 superseded while pending (after 0 attempts) — body replaced, retry budget reset

2026-09-14 16:50:32,459 INFO image_rx_daemon: frag_arrival: seq=160 idx=8 total=12 fw_us=3728587816 len=247

2026-09-14 16:50:32,584 INFO image_rx_daemon: frag_arrival: seq=160 idx=9 total=12 fw_us=3728704671 len=247

2026-09-14 16:50:32,703 INFO image_rx_daemon: frag_arrival: seq=160 idx=10 total=12 fw_us=3728821736 len=247

2026-09-14 16:50:32,816 INFO image_rx_daemon: frag_arrival: seq=160 idx=11 total=12 fw_us=3728933033 len=241

2026-09-14 16:50:32,816 WARNING image_rx_daemon: cmd 0x60 GAVE UP after 4 attempts (10.9 s); cool-down 30 s

RFCO_PERTX during TX wait: profile_id=2 tx_status=0x00(OK) hop_idx=0 channel_idx=0 epoch=0 freq_hz=0 pkt_toa_us=10304 legal_dwell_used_us_10s=0

2026-09-14 16:50:32,842 INFO image_rx_daemon: command TX opcode=0x63 copy=1/1 OK (on air)

2026-09-14 16:50:33,005 INFO image_rx_daemon: frag_arrival: seq=162 idx=0 total=13 fw_us=3729125697 len=247

2026-09-14 16:50:33,128 INFO image_rx_daemon: frag_arrival: seq=162 idx=1 total=13 fw_us=3729242629 len=247

2026-09-14 16:50:33,136 INFO image_rx_daemon: cmd 0x63 superseded while pending (after 1 attempts) — body replaced, retry budget reset

2026-09-14 16:50:33,236 INFO image_rx_daemon: frag_arrival: seq=162 idx=2 total=13 fw_us=3729359577 len=247

2026-09-14 16:50:33,356 INFO image_rx_daemon: frag_arrival: seq=162 idx=3 total=13 fw_us=3729476588 len=247

2026-09-14 16:50:33,476 INFO image_rx_daemon: frag_arrival: seq=162 idx=4 total=13 fw_us=3729593593 len=247

2026-09-14 16:50:33,584 INFO image_rx_daemon: frag_arrival: seq=162 idx=5 total=13 fw_us=3729710547 len=247

2026-09-14 16:50:33,703 INFO image_rx_daemon: frag_arrival: seq=162 idx=6 total=13 fw_us=3729827557 len=247

2026-09-14 16:50:33,803 WARNING image_rx_daemon: crc_dump: irq=0x70 rx_len=255 snr=-2.0 rssi=-64 dump=3d7561ba50f12a9c20898c97d49dc0ede249b2f5659aa13e8ab78b10d894eae619db430b0d690c8b0a7568b3d8cc792605b69754f6df1f27c1dcef00e53e72ad328b776debe42f9a8d13d021b6688cd25751b22ebdcc65ba9c19e88b7601b93a2796c9727743744d87102ba94872c2d8f05b9547c57777458ad84b1da480a6fb2c7b55bff0a298b68e176d939c4fa65a8c40bddde524fc7fdc2baada7260e3632a643b9142bfae0b87807e85c20a74a978d2443b7750c5bb38c49e4805d017146895a8c701f8f5bf17698361b701a32867d7f90071cef2a1282f2e003096cb25d24bfde5f33fba1609c9969b0cbf3689aa818d62e99ac3dc786aa8

2026-09-14 16:50:33,841 INFO image_rx_daemon: cmd 0x63 superseded while pending (after 0 attempts) — body replaced, retry budget reset

2026-09-14 16:50:33,932 INFO image_rx_daemon: frag_arrival: seq=162 idx=8 total=13 fw_us=3730061594 len=247

2026-09-14 16:50:34,049 INFO image_rx_daemon: frag_arrival: seq=162 idx=9 total=13 fw_us=3730178430 len=247

2026-09-14 16:50:34,071 INFO image_rx_daemon: stats: rx_frames=1743 rx_decode_err=0 frames_published=94 publish_err=0 reassembler_decode_err=0 reassembler_timeouts=45 parity_recon=0 idle_drain_deferred=7 cmd_cooldown_drops=10 cmd_gate_held=0 cmd_copies_deferred=0

2026-09-14 16:50:34,073 INFO image_rx_daemon: air_gap: n=82 dt_med=117000us dt_p95=192664us len_med=247B cmd_tx_ok=115 cmd_tx_fail=0

2026-09-14 16:50:34,077 INFO image_rx_daemon: air_gap_hist(ms): <20:1 <40:2 <80:1 <120:70 <200:4 <400:4

2026-09-14 16:50:34,079 INFO image_rx_daemon: rx_rf: n_rssi=82 n_snr=82 rssi[min/med/max]=-69/-68/-67 snr[min/med/max]=5.0/6.0/7.0

2026-09-14 16:50:34,081 INFO image_rx_daemon: phase_telemetry: valid=82 invalid=0 pre_f8=0 last_epoch=0 last_hop=0 slot_off=[0..0]

2026-09-14 16:50:34,081 INFO image_rx_daemon: air_gap_by_class: seq: n=73 med=117.0ms | boundary: n=6 med=192.7ms | post_loss: n=2 med=234.0ms

2026-09-14 16:50:34,082 INFO image_rx_daemon: lost_frag_idx: n=3 idx0=0 (0.00% of idx0 arrivals) other=3 (3.80%) verdict=not-clustered | top 11:1 6:1 7:1

2026-09-14 16:50:34,082 INFO image_rx_daemon: frag_reordered: 1 late out-of-order arrivals had a provisional loss retracted (in-order assumption violated — see RS-11.4)

2026-09-14 16:50:34,172 INFO image_rx_daemon: frag_arrival: seq=162 idx=10 total=13 fw_us=3730295624 len=247

2026-09-14 16:50:34,290 INFO image_rx_daemon: frag_arrival: seq=162 idx=11 total=13 fw_us=3730412567 len=247

2026-09-14 16:50:34,319 INFO image_rx_daemon: frag_arrival: seq=162 idx=12 total=13 fw_us=3730453010 len=68

RFCO_PERTX during TX wait: profile_id=2 tx_status=0x00(OK) hop_idx=0 channel_idx=0 epoch=0 freq_hz=0 pkt_toa_us=10304 legal_dwell_used_us_10s=0

2026-09-14 16:50:34,349 INFO image_rx_daemon: command TX opcode=0x63 copy=1/1 OK (on air)

2026-09-14 16:50:34,542 INFO image_rx_daemon: cmd 0x63 superseded while pending (after 1 attempts) — body replaced, retry budget reset

2026-09-14 16:50:34,596 INFO image_rx_daemon: frag_arrival: seq=166 idx=0 total=12 fw_us=3730716606 len=247

2026-09-14 16:50:34,716 INFO image_rx_daemon: frag_arrival: seq=166 idx=1 total=12 fw_us=3730833502 len=247

2026-09-14 16:50:34,824 INFO image_rx_daemon: frag_arrival: seq=166 idx=2 total=12 fw_us=3730950603 len=247

2026-09-14 16:50:34,943 INFO image_rx_daemon: frag_arrival: seq=166 idx=3 total=12 fw_us=3731067621 len=247

2026-09-14 16:50:35,064 INFO image_rx_daemon: frag_arrival: seq=166 idx=4 total=12 fw_us=3731184627 len=247

2026-09-14 16:50:35,184 INFO image_rx_daemon: frag_arrival: seq=166 idx=5 total=12 fw_us=3731301702 len=247

2026-09-14 16:50:35,245 INFO image_rx_daemon: cmd 0x63 superseded while pending (after 0 attempts) — body replaced, retry budget reset

2026-09-14 16:50:35,296 INFO image_rx_daemon: frag_arrival: seq=166 idx=6 total=12 fw_us=3731418641 len=247

2026-09-14 16:50:35,416 INFO image_rx_daemon: frag_arrival: seq=166 idx=7 total=12 fw_us=3731535599 len=247

2026-09-14 16:50:35,536 INFO image_rx_daemon: frag_arrival: seq=166 idx=8 total=12 fw_us=3731652668 len=247

2026-09-14 16:50:35,632 INFO image_rx_daemon: frag_arrival: seq=166 idx=9 total=12 fw_us=3731769545 len=247

2026-09-14 16:50:35,763 INFO image_rx_daemon: frag_arrival: seq=166 idx=10 total=12 fw_us=3731886765 len=247

2026-09-14 16:50:35,860 WARNING image_rx_daemon: crc_dump: irq=0x70 rx_len=255 snr=0.0 rssi=-65 dump=01020000000000251586de3d8a9721f617799766129e897567df787e33f60861adad6bfe8cd0fee4a48c0dac8b8b91289110db26a6163ddbbdb8dbc1e53cadbe86bda4e39969eea5cacde313204f4c00b6e19ecba8e188d61883476f6a37a9803785905eb13bb22ff3b1962989f92ba67df482cfe874bcecb05902721d726b5931394395861afc1f38075849999a400b14ba086679d679d743ba339cd06a7be6c2bab433894d75f373564cb507d06a2b3290b0acb4e6224524badda54613bf5ea1b7853393b2614a9cd99d9335f2a61c7d9bee7864480678f61ec304a42d1e09cf9dde8f77775fdf79b0461fac318b6b439353a6a1516b57c141d4

2026-09-14 16:50:35,946 INFO image_rx_daemon: cmd 0x63 superseded while pending (after 0 attempts) — body replaced, retry budget reset

2026-09-14 16:50:36,072 INFO image_rx_daemon: frag_arrival: seq=169 idx=0 total=13 fw_us=3732191369 len=247

2026-09-14 16:50:36,180 INFO image_rx_daemon: frag_arrival: seq=169 idx=1 total=13 fw_us=3732308312 len=247

2026-09-14 16:50:36,288 WARNING image_rx_daemon: crc_dump: irq=0x70 rx_len=255 snr=0.2 rssi=-64 dump=ea2500d224e21963150c5d5a6df071617e35bf71dcc79129d63e8e243c2b6c6328b8af22f88e20b525e3cf36b9f431afd377813f1fbf7e2bee4c2712020e3cd8f2673d16d80a5740647b0b7742e4611c1d99dcf17e6e1c692e673af43e121b39ac69e8e7f9e98524b0435c5d379e3b00df68a844f1cb72119dd1d2fb9f5ed514cc3657da0438b36fc3dae40ecb775f8c28942779e70b16b4d42326e27a274577e0329d10f2928b6dc576e3e587a9c461eb6d78c83a56131652d9c30a65ce5984f2a799306595399a7c61137aebcb7d581578270cd3d428063ced2c10019bc73151a499f01c6c2e7bf2db1388e598dd727ada3bef10233c1e899ae6

2026-09-14 16:50:36,416 INFO image_rx_daemon: frag_arrival: seq=169 idx=3 total=13 fw_us=3732542347 len=247

2026-09-14 16:50:36,540 INFO image_rx_daemon: frag_arrival: seq=169 idx=4 total=13 fw_us=3732659404 len=247

2026-09-14 16:50:36,655 INFO image_rx_daemon: cmd 0x63 superseded while pending (after 0 attempts) — body replaced, retry budget reset

2026-09-14 16:50:36,657 INFO image_rx_daemon: frag_arrival: seq=169 idx=5 total=13 fw_us=3732776381 len=247

2026-09-14 16:50:36,776 INFO image_rx_daemon: frag_arrival: seq=169 idx=6 total=13 fw_us=3732893383 len=247

2026-09-14 16:50:36,886 INFO image_rx_daemon: frag_arrival: seq=169 idx=7 total=13 fw_us=3733010422 len=247

2026-09-14 16:50:37,012 INFO image_rx_daemon: frag_arrival: seq=169 idx=8 total=13 fw_us=3733127421 len=247

2026-09-14 16:50:37,124 INFO image_rx_daemon: frag_arrival: seq=169 idx=9 total=13 fw_us=3733244234 len=247

2026-09-14 16:50:37,241 INFO image_rx_daemon: frag_arrival: seq=169 idx=10 total=13 fw_us=3733361382 len=247

2026-09-14 16:50:37,349 INFO image_rx_daemon: frag_arrival: seq=169 idx=11 total=13 fw_us=3733478344 len=247

2026-09-14 16:50:37,350 INFO image_rx_daemon: cmd 0x63 superseded while pending (after 0 attempts) — body replaced, retry budget reset

2026-09-14 16:50:37,361 INFO image_rx_daemon: frag_arrival: seq=169 idx=12 total=13 fw_us=3733501779 len=22

RFCO_PERTX during TX wait: profile_id=2 tx_status=0x00(OK) hop_idx=0 channel_idx=0 epoch=0 freq_hz=0 pkt_toa_us=10304 legal_dwell_used_us_10s=0

2026-09-14 16:50:37,388 INFO image_rx_daemon: command TX opcode=0x63 copy=1/1 OK (on air)

2026-09-14 16:50:37,544 INFO image_rx_daemon: frag_arrival: seq=172 idx=0 total=13 fw_us=3733665371 len=247

2026-09-14 16:50:37,666 INFO image_rx_daemon: frag_arrival: seq=172 idx=1 total=13 fw_us=3733782318 len=247

2026-09-14 16:50:37,776 INFO image_rx_daemon: frag_arrival: seq=172 idx=2 total=13 fw_us=3733899257 len=247

2026-09-14 16:50:37,891 INFO image_rx_daemon: frag_arrival: seq=172 idx=3 total=13 fw_us=3734016312 len=247

2026-09-14 16:50:38,008 INFO image_rx_daemon: frag_arrival: seq=172 idx=4 total=13 fw_us=3734133308 len=247

2026-09-14 16:50:38,052 INFO image_rx_daemon: cmd 0x63 superseded while pending (after 1 attempts) — body replaced, retry budget reset

2026-09-14 16:50:38,125 INFO image_rx_daemon: frag_arrival: seq=172 idx=5 total=13 fw_us=3734250286 len=247

2026-09-14 16:50:38,243 INFO image_rx_daemon: frag_arrival: seq=172 idx=6 total=13 fw_us=3734367290 len=247

2026-09-14 16:50:38,360 INFO image_rx_daemon: frag_arrival: seq=172 idx=7 total=13 fw_us=3734484281 len=247

2026-09-14 16:50:38,477 INFO image_rx_daemon: frag_arrival: seq=172 idx=8 total=13 fw_us=3734601229 len=247

2026-09-14 16:50:38,600 INFO image_rx_daemon: frag_arrival: seq=172 idx=9 total=13 fw_us=3734718302 len=247

2026-09-14 16:50:38,720 INFO image_rx_daemon: frag_arrival: seq=172 idx=10 total=13 fw_us=3734835403 len=247

2026-09-14 16:50:38,754 INFO image_rx_daemon: cmd 0x63 superseded while pending (after 0 attempts) — body replaced, retry budget reset

2026-09-14 16:50:38,832 INFO image_rx_daemon: frag_arrival: seq=172 idx=11 total=13 fw_us=3734952316 len=247

2026-09-14 16:50:38,845 INFO image_rx_daemon: frag_arrival: seq=172 idx=12 total=13 fw_us=3734982322 len=41

2026-09-14 16:50:38,849 INFO image_rx_daemon: published frame_id=0 seq=172 2953 B → lifetrac/v25/video/tile_delta

RFCO_PERTX during TX wait: profile_id=2 tx_status=0x00(OK) hop_idx=0 channel_idx=0 epoch=0 freq_hz=0 pkt_toa_us=10304 legal_dwell_used_us_10s=0

2026-09-14 16:50:38,880 INFO image_rx_daemon: command TX opcode=0x63 copy=1/1 OK (on air)

2026-09-14 16:50:39,010 INFO image_rx_daemon: frag_arrival: seq=175 idx=0 total=13 fw_us=3735140387 len=247

2026-09-14 16:50:39,140 INFO image_rx_daemon: frag_arrival: seq=175 idx=1 total=13 fw_us=3735257331 len=247

2026-09-14 16:50:39,250 INFO image_rx_daemon: frag_arrival: seq=175 idx=2 total=13 fw_us=3735374381 len=247

2026-09-14 16:50:39,368 INFO image_rx_daemon: frag_arrival: seq=175 idx=3 total=13 fw_us=3735491339 len=247

2026-09-14 16:50:39,458 INFO image_rx_daemon: cmd 0x63 superseded while pending (after 1 attempts) — body replaced, retry budget reset

2026-09-14 16:50:39,488 INFO image_rx_daemon: frag_arrival: seq=175 idx=4 total=13 fw_us=3735608402 len=247

2026-09-14 16:50:39,612 INFO image_rx_daemon: frag_arrival: seq=175 idx=5 total=13 fw_us=3735725358 len=247

2026-09-14 16:50:39,727 INFO image_rx_daemon: frag_arrival: seq=175 idx=6 total=13 fw_us=3735842413 len=247

2026-09-14 16:50:39,840 INFO image_rx_daemon: frag_arrival: seq=175 idx=7 total=13 fw_us=3735959430 len=247

2026-09-14 16:50:39,957 INFO image_rx_daemon: frag_arrival: seq=175 idx=8 total=13 fw_us=3736076348 len=247

2026-09-14 16:50:40,068 INFO image_rx_daemon: frag_arrival: seq=175 idx=9 total=13 fw_us=3736193466 len=247

2026-09-14 16:50:40,160 INFO image_rx_daemon: cmd 0x63 superseded while pending (after 0 attempts) — body replaced, retry budget reset

2026-09-14 16:50:40,178 INFO image_rx_daemon: frag_arrival: seq=175 idx=10 total=13 fw_us=3736310506 len=247

2026-09-14 16:50:40,308 INFO image_rx_daemon: frag_arrival: seq=175 idx=11 total=13 fw_us=3736427528 len=247

2026-09-14 16:50:40,322 INFO image_rx_daemon: frag_arrival: seq=175 idx=12 total=13 fw_us=3736456224 len=37

2026-09-14 16:50:40,325 INFO image_rx_daemon: published frame_id=0 seq=175 2949 B → lifetrac/v25/video/tile_delta

RFCO_PERTX during TX wait: profile_id=2 tx_status=0x00(OK) hop_idx=0 channel_idx=0 epoch=0 freq_hz=0 pkt_toa_us=10304 legal_dwell_used_us_10s=0

2026-09-14 16:50:40,355 INFO image_rx_daemon: command TX opcode=0x63 copy=1/1 OK (on air)

2026-09-14 16:50:40,500 INFO image_rx_daemon: frag_arrival: seq=178 idx=0 total=13 fw_us=3736614870 len=247

2026-09-14 16:50:40,610 INFO image_rx_daemon: frag_arrival: seq=178 idx=1 total=13 fw_us=3736732044 len=247

2026-09-14 16:50:40,729 INFO image_rx_daemon: frag_arrival: seq=178 idx=2 total=13 fw_us=3736849055 len=247

2026-09-14 16:50:40,852 INFO image_rx_daemon: frag_arrival: seq=178 idx=3 total=13 fw_us=3736967078 len=247

2026-09-14 16:50:40,858 INFO image_rx_daemon: cmd 0x63 superseded while pending (after 1 attempts) — body replaced, retry budget reset

2026-09-14 16:50:40,960 INFO image_rx_daemon: frag_arrival: seq=178 idx=4 total=13 fw_us=3737083180 len=247

2026-09-14 16:50:41,069 INFO image_rx_daemon: frag_arrival: seq=178 idx=5 total=13 fw_us=3737200149 len=247

2026-09-14 16:50:41,204 INFO image_rx_daemon: frag_arrival: seq=178 idx=6 total=13 fw_us=3737317185 len=247

2026-09-14 16:50:41,312 INFO image_rx_daemon: frag_arrival: seq=178 idx=7 total=13 fw_us=3737434140 len=247

2026-09-14 16:50:41,432 INFO image_rx_daemon: frag_arrival: seq=178 idx=8 total=13 fw_us=3737551284 len=247

2026-09-14 16:50:41,549 INFO image_rx_daemon: frag_arrival: seq=178 idx=9 total=13 fw_us=3737668304 len=247

2026-09-14 16:50:41,559 INFO image_rx_daemon: cmd 0x63 superseded while pending (after 0 attempts) — body replaced, retry budget reset

2026-09-14 16:50:41,669 INFO image_rx_daemon: frag_arrival: seq=178 idx=10 total=13 fw_us=3737785253 len=247

2026-09-14 16:50:41,780 INFO image_rx_daemon: frag_arrival: seq=178 idx=11 total=13 fw_us=3737902278 len=247

2026-09-14 16:50:41,994 INFO image_rx_daemon: frag_arrival: seq=181 idx=0 total=13 fw_us=3738109672 len=247

2026-09-14 16:50:42,104 INFO image_rx_daemon: frag_arrival: seq=181 idx=1 total=13 fw_us=3738226820 len=247

2026-09-14 16:50:42,224 INFO image_rx_daemon: frag_arrival: seq=181 idx=2 total=13 fw_us=3738343791 len=247

2026-09-14 16:50:42,264 INFO image_rx_daemon: cmd 0x63 superseded while pending (after 0 attempts) — body replaced, retry budget reset

2026-09-14 16:50:42,344 INFO image_rx_daemon: frag_arrival: seq=181 idx=3 total=13 fw_us=3738460842 len=247

2026-09-14 16:50:42,452 INFO image_rx_daemon: frag_arrival: seq=181 idx=4 total=13 fw_us=3738577836 len=247

2026-09-14 16:50:42,576 INFO image_rx_daemon: frag_arrival: seq=181 idx=5 total=13 fw_us=3738694853 len=247

2026-09-14 16:50:42,694 INFO image_rx_daemon: frag_arrival: seq=181 idx=6 total=13 fw_us=3738811787 len=247

2026-09-14 16:50:42,802 INFO image_rx_daemon: frag_arrival: seq=181 idx=7 total=13 fw_us=3738928799 len=247

2026-09-14 16:50:42,920 INFO image_rx_daemon: frag_arrival: seq=181 idx=8 total=13 fw_us=3739045826 len=247

2026-09-14 16:50:42,966 INFO image_rx_daemon: cmd 0x63 superseded while pending (after 0 attempts) — body replaced, retry budget reset

2026-09-14 16:50:43,028 INFO image_rx_daemon: frag_arrival: seq=181 idx=9 total=13 fw_us=3739162834 len=247

2026-09-14 16:50:43,160 INFO image_rx_daemon: frag_arrival: seq=181 idx=10 total=13 fw_us=3739279798 len=247

2026-09-14 16:50:43,280 INFO image_rx_daemon: frag_arrival: seq=181 idx=11 total=13 fw_us=3739396791 len=247

2026-09-14 16:50:43,310 INFO image_rx_daemon: frag_arrival: seq=181 idx=12 total=13 fw_us=3739441183 len=79

2026-09-14 16:50:43,314 INFO image_rx_daemon: published frame_id=0 seq=181 2991 B → lifetrac/v25/video/tile_delta

RFCO_PERTX during TX wait: profile_id=2 tx_status=0x00(OK) hop_idx=0 channel_idx=0 epoch=0 freq_hz=0 pkt_toa_us=10304 legal_dwell_used_us_10s=0

2026-09-14 16:50:43,345 INFO image_rx_daemon: command TX opcode=0x63 copy=1/1 OK (on air)

2026-09-14 16:50:43,584 INFO image_rx_daemon: frag_arrival: seq=187 idx=0 total=13 fw_us=3739701042 len=247

2026-09-14 16:50:43,668 INFO image_rx_daemon: cmd 0x63 superseded while pending (after 1 attempts) — body replaced, retry budget reset

2026-09-14 16:50:43,696 INFO image_rx_daemon: frag_arrival: seq=187 idx=1 total=13 fw_us=3739818047 len=247

2026-09-14 16:50:43,813 INFO image_rx_daemon: frag_arrival: seq=187 idx=2 total=13 fw_us=3739935127 len=247

2026-09-14 16:50:43,932 INFO image_rx_daemon: frag_arrival: seq=187 idx=3 total=13 fw_us=3740052172 len=247

2026-09-14 16:50:44,052 INFO image_rx_daemon: frag_arrival: seq=187 idx=4 total=13 fw_us=3740169236 len=247

2026-09-14 16:50:44,085 INFO image_rx_daemon: stats: rx_frames=1825 rx_decode_err=0 frames_published=97 publish_err=0 reassembler_decode_err=0 reassembler_timeouts=50 parity_recon=0 idle_drain_deferred=7 cmd_cooldown_drops=10 cmd_gate_held=0 cmd_copies_deferred=0

2026-09-14 16:50:44,087 INFO image_rx_daemon: air_gap: n=82 dt_med=117012us dt_p95=207394us len_med=247B cmd_tx_ok=120 cmd_tx_fail=0

2026-09-14 16:50:44,092 INFO image_rx_daemon: air_gap_hist(ms): <40:3 <80:2 <120:69 <200:3 <400:5

2026-09-14 16:50:44,093 INFO image_rx_daemon: rx_rf: n_rssi=82 n_snr=82 rssi[min/med/max]=-69/-68/-65 snr[min/med/max]=4.0/6.0/6.0

2026-09-14 16:50:44,095 INFO image_rx_daemon: phase_telemetry: valid=82 invalid=0 pre_f8=0 last_epoch=0 last_hop=0 slot_off=[0..0]

2026-09-14 16:50:44,096 INFO image_rx_daemon: air_gap_by_class: seq: n=71 med=117.0ms | boundary: n=7 med=207.4ms | post_loss: n=1 med=234.0ms

2026-09-14 16:50:44,096 INFO image_rx_daemon: lost_frag_idx: n=2 idx0=0 (0.00% of idx0 arrivals) other=2 (2.60%) verdict=not-clustered | top 2:1 12:1

2026-09-14 16:50:44,097 INFO image_rx_daemon: frag_reordered: 3 late out-of-order arrivals had a provisional loss retracted (in-order assumption violated — see RS-11.4)

2026-09-14 16:50:44,164 INFO image_rx_daemon: frag_arrival: seq=187 idx=5 total=13 fw_us=3740286223 len=247

2026-09-14 16:50:44,281 INFO image_rx_daemon: frag_arrival: seq=187 idx=6 total=13 fw_us=3740403349 len=247

2026-09-14 16:50:44,368 INFO image_rx_daemon: cmd 0x63 superseded while pending (after 0 attempts) — body replaced, retry budget reset

2026-09-14 16:50:44,407 INFO image_rx_daemon: frag_arrival: seq=187 idx=7 total=13 fw_us=3740520490 len=247

2026-09-14 16:50:44,511 INFO image_rx_daemon: frag_arrival: seq=187 idx=8 total=13 fw_us=3740637626 len=247

2026-09-14 16:50:44,621 INFO image_rx_daemon: frag_arrival: seq=187 idx=9 total=13 fw_us=3740754402 len=247

2026-09-14 16:50:44,732 WARNING image_rx_daemon: crc_dump: irq=0x70 rx_len=255 snr=5.2 rssi=-64 dump=50708f4266abcf5c3b0cb30a294767d914a702e0f588cd2c1b73524e39f283dcdce975688169cdb31f24832d0847c34bb608fd1ba54dadf8186dd0219b68db24a734c41dcacfc3f929cd2d4ec41e253cbc6ede764516a607415c373acec42c82b2cbb44c44d74d4fa1db4ca1762a8150ca1d9e9db2e23cabd2d88d089b4139a823611506c31cd76aca8588a9a95624190591e6852e15467420fae3304c12ad83aaf1460375a3c176b2e763a6786ec3f1f2aa9130b52c3718fdc20df71319d3ee1f230be31ebc798c20a051618a8b219abe6d241e60dec86d71052b6ce44fe14efb1ccf6027937e6fa5619850e595eba1d9fc45f3528e915c3326c3

2026-09-14 16:50:44,870 INFO image_rx_daemon: frag_arrival: seq=187 idx=11 total=13 fw_us=3740988862 len=247

2026-09-14 16:50:44,900 INFO image_rx_daemon: frag_arrival: seq=187 idx=12 total=13 fw_us=3741033305 len=81

RFCO_PERTX during TX wait: profile_id=2 tx_status=0x00(OK) hop_idx=0 channel_idx=0 epoch=0 freq_hz=0 pkt_toa_us=10304 legal_dwell_used_us_10s=0

2026-09-14 16:50:44,928 INFO image_rx_daemon: command TX opcode=0x63 copy=1/1 OK (on air)

2026-09-14 16:50:45,068 INFO image_rx_daemon: cmd 0x63 superseded while pending (after 1 attempts) — body replaced, retry budget reset

2026-09-14 16:50:45,168 INFO image_rx_daemon: frag_arrival: seq=188 idx=0 total=12 fw_us=3741292746 len=247

2026-09-14 16:50:45,286 INFO image_rx_daemon: frag_arrival: seq=188 idx=1 total=12 fw_us=3741409450 len=247

2026-09-14 16:50:45,408 INFO image_rx_daemon: frag_arrival: seq=188 idx=2 total=12 fw_us=3741526736 len=247

2026-09-14 16:50:45,528 INFO image_rx_daemon: frag_arrival: seq=188 idx=3 total=12 fw_us=3741643754 len=247

2026-09-14 16:50:45,628 INFO image_rx_daemon: frag_arrival: seq=188 idx=4 total=12 fw_us=3741760726 len=247

2026-09-14 16:50:45,757 INFO image_rx_daemon: frag_arrival: seq=188 idx=5 total=12 fw_us=3741877797 len=247

2026-09-14 16:50:45,771 INFO image_rx_daemon: cmd 0x63 superseded while pending (after 0 attempts) — body replaced, retry budget reset

2026-09-14 16:50:45,880 INFO image_rx_daemon: frag_arrival: seq=188 idx=6 total=12 fw_us=3741994674 len=247

2026-09-14 16:50:45,988 INFO image_rx_daemon: frag_arrival: seq=188 idx=7 total=12 fw_us=3742111875 len=247

2026-09-14 16:50:46,107 INFO image_rx_daemon: frag_arrival: seq=188 idx=8 total=12 fw_us=3742228880 len=247

2026-09-14 16:50:46,225 INFO image_rx_daemon: frag_arrival: seq=188 idx=9 total=12 fw_us=3742345774 len=247

2026-09-14 16:50:46,348 INFO image_rx_daemon: frag_arrival: seq=188 idx=10 total=12 fw_us=3742462999 len=247

2026-09-14 16:50:46,433 WARNING image_rx_daemon: crc_dump: irq=0x70 rx_len=255 snr=2.0 rssi=-64 dump=01020000000000ecb8beca835fd13380c78a4ae870e105c4f070792efdfdbb1e911aee36f62fa47733d379045021b4b7b47f0abaa8bc0113403c2560bf726b9875cb813311a8d6f8e882ff3548ca93e93747534d1d212abff11c99db78a1bfdc9e99f5f26f484520d5ab8eea29380096a2a9c3372db0934f0e3b6cfd6114948dcccdd336b358b21a0bbd4b11fef3e6a13cadf20d0d363b7cbed0cd5511f4c005b56d5fe79112a8ba6f9140c1b3e9220023f4678c0efec790bf8cc3366e81438587cc91c76b27b675070901ba13cea9e36e99a44e88ce622518a3b20a7766972935e48a528383711edbe719f52cc1ee79fece15bc63160cf3ea6be3

2026-09-14 16:50:46,474 INFO image_rx_daemon: cmd 0x63 superseded while pending (after 0 attempts) — body replaced, retry budget reset

2026-09-14 16:50:46,645 INFO image_rx_daemon: frag_arrival: seq=190 idx=0 total=12 fw_us=3742766847 len=247

2026-09-14 16:50:46,763 INFO image_rx_daemon: frag_arrival: seq=190 idx=1 total=12 fw_us=3742883535 len=247

2026-09-14 16:50:46,884 INFO image_rx_daemon: frag_arrival: seq=190 idx=2 total=12 fw_us=3743000637 len=247

2026-09-14 16:50:46,992 INFO image_rx_daemon: frag_arrival: seq=190 idx=3 total=12 fw_us=3743117927 len=247

2026-09-14 16:50:47,109 INFO image_rx_daemon: frag_arrival: seq=190 idx=4 total=12 fw_us=3743234767 len=247

2026-09-14 16:50:47,179 INFO image_rx_daemon: cmd 0x63 superseded while pending (after 0 attempts) — body replaced, retry budget reset

2026-09-14 16:50:47,229 INFO image_rx_daemon: frag_arrival: seq=190 idx=5 total=12 fw_us=3743351908 len=247

2026-09-14 16:50:47,352 INFO image_rx_daemon: frag_arrival: seq=190 idx=6 total=12 fw_us=3743468883 len=247

2026-09-14 16:50:47,464 INFO image_rx_daemon: frag_arrival: seq=190 idx=7 total=12 fw_us=3743585980 len=247

2026-09-14 16:50:47,581 INFO image_rx_daemon: frag_arrival: seq=190 idx=8 total=12 fw_us=3743702934 len=247

2026-09-14 16:50:47,700 INFO image_rx_daemon: frag_arrival: seq=190 idx=9 total=12 fw_us=3743819966 len=247

2026-09-14 16:50:47,820 INFO image_rx_daemon: frag_arrival: seq=190 idx=10 total=12 fw_us=3743936973 len=247

2026-09-14 16:50:47,882 INFO image_rx_daemon: cmd 0x63 superseded while pending (after 0 attempts) — body replaced, retry budget reset

2026-09-14 16:50:47,932 INFO image_rx_daemon: frag_arrival: seq=190 idx=11 total=12 fw_us=3744054020 len=246

2026-09-14 16:50:47,933 INFO image_rx_daemon: published frame_id=0 seq=190 2915 B → lifetrac/v25/video/tile_delta

RFCO_PERTX during TX wait: profile_id=2 tx_status=0x00(OK) hop_idx=0 channel_idx=0 epoch=0 freq_hz=0 pkt_toa_us=10304 legal_dwell_used_us_10s=0

2026-09-14 16:50:47,960 INFO image_rx_daemon: command TX opcode=0x63 copy=1/1 OK (on air)

2026-09-14 16:50:48,121 INFO image_rx_daemon: frag_arrival: seq=193 idx=0 total=13 fw_us=3744240979 len=247

2026-09-14 16:50:48,240 INFO image_rx_daemon: frag_arrival: seq=193 idx=1 total=13 fw_us=3744357805 len=247

2026-09-14 16:50:48,352 INFO image_rx_daemon: frag_arrival: seq=193 idx=2 total=13 fw_us=3744474997 len=247

2026-09-14 16:50:48,476 INFO image_rx_daemon: frag_arrival: seq=193 idx=3 total=13 fw_us=3744592062 len=247

2026-09-14 16:50:48,583 INFO image_rx_daemon: frag_arrival: seq=193 idx=4 total=13 fw_us=3744709068 len=247

2026-09-14 16:50:48,584 INFO image_rx_daemon: cmd 0x63 superseded while pending (after 1 attempts) — body replaced, retry budget reset

2026-09-14 16:50:48,708 INFO image_rx_daemon: frag_arrival: seq=193 idx=5 total=13 fw_us=3744826136 len=247

2026-09-14 16:50:48,816 INFO image_rx_daemon: frag_arrival: seq=193 idx=6 total=13 fw_us=3744943158 len=247

2026-09-14 16:50:48,936 INFO image_rx_daemon: frag_arrival: seq=193 idx=7 total=13 fw_us=3745060295 len=247

2026-09-14 16:50:49,056 INFO image_rx_daemon: frag_arrival: seq=193 idx=8 total=13 fw_us=3745177352 len=247

2026-09-14 16:50:49,175 INFO image_rx_daemon: frag_arrival: seq=193 idx=9 total=13 fw_us=3745294328 len=247

2026-09-14 16:50:49,292 INFO image_rx_daemon: frag_arrival: seq=193 idx=10 total=13 fw_us=3745411334 len=247

2026-09-14 16:50:49,293 INFO image_rx_daemon: cmd 0x63 superseded while pending (after 0 attempts) — body replaced, retry budget reset

2026-09-14 16:50:49,404 INFO image_rx_daemon: frag_arrival: seq=193 idx=11 total=13 fw_us=3745528356 len=247

2026-09-14 16:50:49,434 INFO image_rx_daemon: frag_arrival: seq=193 idx=12 total=13 fw_us=3745570160 len=73

2026-09-14 16:50:49,437 INFO image_rx_daemon: published frame_id=0 seq=193 2985 B → lifetrac/v25/video/tile_delta

RFCO_PERTX during TX wait: profile_id=2 tx_status=0x00(OK) hop_idx=0 channel_idx=0 epoch=0 freq_hz=0 pkt_toa_us=10304 legal_dwell_used_us_10s=0

2026-09-14 16:50:49,468 INFO image_rx_daemon: command TX opcode=0x63 copy=1/1 OK (on air)

2026-09-14 16:50:49,704 INFO image_rx_daemon: frag_arrival: seq=199 idx=0 total=13 fw_us=3745832456 len=247

2026-09-14 16:50:49,821 INFO image_rx_daemon: frag_arrival: seq=199 idx=1 total=13 fw_us=3745949173 len=247

2026-09-14 16:50:49,949 INFO image_rx_daemon: frag_arrival: seq=199 idx=2 total=13 fw_us=3746066442 len=247

2026-09-14 16:50:49,988 INFO image_rx_daemon: cmd 0x63 superseded while pending (after 1 attempts) — body replaced, retry budget reset

2026-09-14 16:50:50,056 INFO image_rx_daemon: frag_arrival: seq=199 idx=3 total=13 fw_us=3746183356 len=247

2026-09-14 16:50:50,176 INFO image_rx_daemon: frag_arrival: seq=199 idx=4 total=13 fw_us=3746300494 len=247

2026-09-14 16:50:50,300 INFO image_rx_daemon: frag_arrival: seq=199 idx=5 total=13 fw_us=3746417640 len=247

2026-09-14 16:50:50,405 INFO image_rx_daemon: frag_arrival: seq=199 idx=6 total=13 fw_us=3746534654 len=247

2026-09-14 16:50:50,531 INFO image_rx_daemon: frag_arrival: seq=199 idx=7 total=13 fw_us=3746651621 len=247

2026-09-14 16:50:50,648 INFO image_rx_daemon: frag_arrival: seq=199 idx=8 total=13 fw_us=3746768616 len=247

2026-09-14 16:50:50,691 INFO image_rx_daemon: cmd 0x63 superseded while pending (after 0 attempts) — body replaced, retry budget reset

2026-09-14 16:50:50,768 INFO image_rx_daemon: frag_arrival: seq=199 idx=9 total=13 fw_us=3746885475 len=247

2026-09-14 16:50:50,885 INFO image_rx_daemon: frag_arrival: seq=199 idx=10 total=13 fw_us=3747002703 len=247

2026-09-14 16:50:50,993 INFO image_rx_daemon: frag_arrival: seq=199 idx=11 total=13 fw_us=3747119756 len=247

2026-09-14 16:50:51,015 INFO image_rx_daemon: frag_arrival: seq=199 idx=12 total=13 fw_us=3747157629 len=63

2026-09-14 16:50:51,016 INFO image_rx_daemon: published frame_id=0 seq=199 2975 B → lifetrac/v25/video/tile_delta

RFCO_PERTX during TX wait: profile_id=2 tx_status=0x00(OK) hop_idx=0 channel_idx=0 epoch=0 freq_hz=0 pkt_toa_us=10304 legal_dwell_used_us_10s=0

2026-09-14 16:50:51,043 INFO image_rx_daemon: command TX opcode=0x63 copy=1/1 OK (on air)

2026-09-14 16:50:51,304 INFO image_rx_daemon: frag_arrival: seq=200 idx=0 total=13 fw_us=3747423588 len=247

2026-09-14 16:50:51,394 INFO image_rx_daemon: cmd 0x63 superseded while pending (after 1 attempts) — body replaced, retry budget reset

2026-09-14 16:50:51,424 INFO image_rx_daemon: frag_arrival: seq=200 idx=1 total=13 fw_us=3747540376 len=247

2026-09-14 16:50:51,536 INFO image_rx_daemon: frag_arrival: seq=200 idx=2 total=13 fw_us=3747657645 len=247

2026-09-14 16:50:51,653 INFO image_rx_daemon: frag_arrival: seq=200 idx=3 total=13 fw_us=3747774577 len=247

2026-09-14 16:50:51,760 INFO image_rx_daemon: frag_arrival: seq=200 idx=4 total=13 fw_us=3747891666 len=247

2026-09-14 16:50:51,888 INFO image_rx_daemon: frag_arrival: seq=200 idx=5 total=13 fw_us=3748008809 len=247

2026-09-14 16:50:52,008 INFO image_rx_daemon: frag_arrival: seq=200 idx=6 total=13 fw_us=3748125892 len=247

2026-09-14 16:50:52,094 INFO image_rx_daemon: cmd 0x63 superseded while pending (after 0 attempts) — body replaced, retry budget reset

2026-09-14 16:50:52,109 INFO image_rx_daemon: frag_arrival: seq=200 idx=7 total=13 fw_us=3748242863 len=247

2026-09-14 16:50:52,240 INFO image_rx_daemon: frag_arrival: seq=200 idx=8 total=13 fw_us=3748360013 len=247

2026-09-14 16:50:52,360 INFO image_rx_daemon: frag_arrival: seq=200 idx=9 total=13 fw_us=3748476833 len=247

2026-09-14 16:50:52,468 INFO image_rx_daemon: frag_arrival: seq=200 idx=10 total=13 fw_us=3748594026 len=247

2026-09-14 16:50:52,588 INFO image_rx_daemon: frag_arrival: seq=200 idx=11 total=13 fw_us=3748710996 len=247

2026-09-14 16:50:52,618 INFO image_rx_daemon: frag_arrival: seq=200 idx=12 total=13 fw_us=3748752813 len=74

2026-09-14 16:50:52,620 INFO image_rx_daemon: published frame_id=0 seq=200 2986 B → lifetrac/v25/video/tile_delta

RFCO_PERTX during TX wait: profile_id=2 tx_status=0x00(OK) hop_idx=0 channel_idx=0 epoch=0 freq_hz=0 pkt_toa_us=10304 legal_dwell_used_us_10s=0

2026-09-14 16:50:52,647 INFO image_rx_daemon: command TX opcode=0x63 copy=1/1 OK (on air)

2026-09-14 16:50:52,797 INFO image_rx_daemon: cmd 0x63 superseded while pending (after 1 attempts) — body replaced, retry budget reset

2026-09-14 16:50:52,892 INFO image_rx_daemon: frag_arrival: seq=202 idx=0 total=13 fw_us=3749015081 len=247

2026-09-14 16:50:53,008 INFO image_rx_daemon: frag_arrival: seq=202 idx=1 total=13 fw_us=3749131919 len=247

2026-09-14 16:50:53,128 INFO image_rx_daemon: frag_arrival: seq=202 idx=2 total=13 fw_us=3749249046 len=247

2026-09-14 16:50:53,248 INFO image_rx_daemon: frag_arrival: seq=202 idx=3 total=13 fw_us=3749366081 len=247

2026-09-14 16:50:53,366 INFO image_rx_daemon: frag_arrival: seq=202 idx=4 total=13 fw_us=3749483148 len=247

2026-09-14 16:50:53,474 INFO image_rx_daemon: frag_arrival: seq=202 idx=5 total=13 fw_us=3749600171 len=247

2026-09-14 16:50:53,500 INFO image_rx_daemon: cmd 0x63 superseded while pending (after 0 attempts) — body replaced, retry budget reset

2026-09-14 16:50:53,596 INFO image_rx_daemon: frag_arrival: seq=202 idx=6 total=13 fw_us=3749717206 len=247

2026-09-14 16:50:53,716 INFO image_rx_daemon: frag_arrival: seq=202 idx=7 total=13 fw_us=3749834368 len=247

2026-09-14 16:50:53,824 INFO image_rx_daemon: frag_arrival: seq=202 idx=8 total=13 fw_us=3749951399 len=247

2026-09-14 16:50:53,944 INFO image_rx_daemon: frag_arrival: seq=202 idx=9 total=13 fw_us=3750068397 len=247

2026-09-14 16:50:54,071 INFO image_rx_daemon: frag_arrival: seq=202 idx=10 total=13 fw_us=3750185588 len=247

2026-09-14 16:50:54,121 INFO image_rx_daemon: stats: rx_frames=1905 rx_decode_err=0 frames_published=101 publish_err=0 reassembler_decode_err=0 reassembler_timeouts=52 parity_recon=0 idle_drain_deferred=7 cmd_cooldown_drops=11 cmd_gate_held=0 cmd_copies_deferred=0

2026-09-14 16:50:54,124 INFO image_rx_daemon: air_gap: n=80 dt_med=117035us dt_p95=262268us len_med=247B cmd_tx_ok=125 cmd_tx_fail=0

2026-09-14 16:50:54,125 INFO image_rx_daemon: air_gap_hist(ms): <40:1 <80:3 <120:69 <200:1 <400:6

2026-09-14 16:50:54,126 INFO image_rx_daemon: rx_rf: n_rssi=80 n_snr=80 rssi[min/med/max]=-69/-68/-67 snr[min/med/max]=5.0/6.0/6.0

2026-09-14 16:50:54,127 INFO image_rx_daemon: phase_telemetry: valid=80 invalid=0 pre_f8=0 last_epoch=0 last_hop=0 slot_off=[0..0]

2026-09-14 16:50:54,128 INFO image_rx_daemon: air_gap_by_class: seq: n=71 med=117.0ms | boundary: n=6 med=262.3ms | post_loss: n=1 med=234.5ms

2026-09-14 16:50:54,129 INFO image_rx_daemon: lost_frag_idx: n=2 idx0=0 (0.00% of idx0 arrivals) other=2 (2.63%) verdict=not-clustered | top 10:1 11:1

2026-09-14 16:50:54,130 INFO image_rx_daemon: frag_reordered: 2 late out-of-order arrivals had a provisional loss retracted (in-order assumption violated — see RS-11.4)

2026-09-14 16:50:54,188 INFO image_rx_daemon: frag_arrival: seq=202 idx=11 total=13 fw_us=3750302441 len=247

2026-09-14 16:50:54,199 INFO image_rx_daemon: cmd 0x63 superseded while pending (after 0 attempts) — body replaced, retry budget reset

2026-09-14 16:50:54,204 INFO image_rx_daemon: frag_arrival: seq=202 idx=12 total=13 fw_us=3750344235 len=73

2026-09-14 16:50:54,207 INFO image_rx_daemon: published frame_id=0 seq=202 2985 B → lifetrac/v25/video/tile_delta

RFCO_PERTX during TX wait: profile_id=2 tx_status=0x00(OK) hop_idx=0 channel_idx=0 epoch=0 freq_hz=0 pkt_toa_us=10304 legal_dwell_used_us_10s=0

2026-09-14 16:50:54,239 INFO image_rx_daemon: command TX opcode=0x63 copy=1/1 OK (on air)

2026-09-14 16:50:54,484 INFO image_rx_daemon: frag_arrival: seq=205 idx=0 total=13 fw_us=3750606289 len=247

2026-09-14 16:50:54,604 INFO image_rx_daemon: frag_arrival: seq=205 idx=1 total=13 fw_us=3750723322 len=247

2026-09-14 16:50:54,728 INFO image_rx_daemon: frag_arrival: seq=205 idx=2 total=13 fw_us=3750840283 len=247

2026-09-14 16:50:54,840 INFO image_rx_daemon: frag_arrival: seq=205 idx=3 total=13 fw_us=3750957400 len=247

2026-09-14 16:50:54,903 INFO image_rx_daemon: cmd 0x63 superseded while pending (after 1 attempts) — body replaced, retry budget reset

2026-09-14 16:50:54,944 INFO image_rx_daemon: frag_arrival: seq=205 idx=4 total=13 fw_us=3751074476 len=247

2026-09-14 16:50:55,072 INFO image_rx_daemon: frag_arrival: seq=205 idx=5 total=13 fw_us=3751191490 len=247

2026-09-14 16:50:55,189 INFO image_rx_daemon: frag_arrival: seq=205 idx=6 total=13 fw_us=3751308550 len=247

2026-09-14 16:50:55,298 INFO image_rx_daemon: frag_arrival: seq=205 idx=7 total=13 fw_us=3751425535 len=247

2026-09-14 16:50:55,420 INFO image_rx_daemon: frag_arrival: seq=205 idx=8 total=13 fw_us=3751542549 len=247

2026-09-14 16:50:55,537 INFO image_rx_daemon: frag_arrival: seq=205 idx=9 total=13 fw_us=3751659458 len=247

2026-09-14 16:50:55,604 INFO image_rx_daemon: cmd 0x63 superseded while pending (after 0 attempts) — body replaced, retry budget reset

2026-09-14 16:50:55,653 INFO image_rx_daemon: frag_arrival: seq=205 idx=10 total=13 fw_us=3751776540 len=247

2026-09-14 16:50:55,772 INFO image_rx_daemon: frag_arrival: seq=205 idx=11 total=13 fw_us=3751893593 len=247

2026-09-14 16:50:55,773 INFO image_rx_daemon: frag_arrival: seq=205 idx=12 total=13 fw_us=3751910558 len=7

2026-09-14 16:50:55,775 INFO image_rx_daemon: published frame_id=0 seq=205 2919 B → lifetrac/v25/video/tile_delta

RFCO_PERTX during TX wait: profile_id=2 tx_status=0x00(OK) hop_idx=0 channel_idx=0 epoch=0 freq_hz=0 pkt_toa_us=10304 legal_dwell_used_us_10s=0

2026-09-14 16:50:55,805 INFO image_rx_daemon: command TX opcode=0x63 copy=1/1 OK (on air)

2026-09-14 16:50:55,960 INFO image_rx_daemon: frag_arrival: seq=208 idx=0 total=13 fw_us=3752080646 len=247

2026-09-14 16:50:56,077 INFO image_rx_daemon: frag_arrival: seq=208 idx=1 total=13 fw_us=3752197614 len=247

2026-09-14 16:50:56,194 INFO image_rx_daemon: frag_arrival: seq=208 idx=2 total=13 fw_us=3752314741 len=247

2026-09-14 16:50:56,312 INFO image_rx_daemon: cmd 0x63 superseded while pending (after 1 attempts) — body replaced, retry budget reset

2026-09-14 16:50:56,313 INFO image_rx_daemon: frag_arrival: seq=208 idx=3 total=13 fw_us=3752431808 len=247

2026-09-14 16:50:56,436 INFO image_rx_daemon: frag_arrival: seq=208 idx=4 total=13 fw_us=3752548845 len=247

2026-09-14 16:50:56,541 INFO image_rx_daemon: frag_arrival: seq=208 idx=5 total=13 fw_us=3752665898 len=247

2026-09-14 16:50:56,660 INFO image_rx_daemon: frag_arrival: seq=208 idx=6 total=13 fw_us=3752782821 len=247

2026-09-14 16:50:56,780 INFO image_rx_daemon: frag_arrival: seq=208 idx=7 total=13 fw_us=3752899863 len=247

2026-09-14 16:50:56,904 INFO image_rx_daemon: frag_arrival: seq=208 idx=8 total=13 fw_us=3753016723 len=247

2026-09-14 16:50:57,005 INFO image_rx_daemon: frag_arrival: seq=208 idx=9 total=13 fw_us=3753133931 len=247

2026-09-14 16:50:57,007 INFO image_rx_daemon: cmd 0x63 superseded while pending (after 0 attempts) — body replaced, retry budget reset

2026-09-14 16:50:57,128 INFO image_rx_daemon: frag_arrival: seq=208 idx=10 total=13 fw_us=3753250964 len=247

2026-09-14 16:50:57,235 INFO image_rx_daemon: frag_arrival: seq=208 idx=11 total=13 fw_us=3753368058 len=247

2026-09-14 16:50:57,553 INFO image_rx_daemon: frag_arrival: seq=212 idx=0 total=13 fw_us=3753671865 len=247

2026-09-14 16:50:57,676 INFO image_rx_daemon: frag_arrival: seq=212 idx=1 total=13 fw_us=3753788812 len=247

2026-09-14 16:50:57,709 INFO image_rx_daemon: cmd 0x63 superseded while pending (after 0 attempts) — body replaced, retry budget reset

2026-09-14 16:50:57,784 INFO image_rx_daemon: frag_arrival: seq=212 idx=2 total=13 fw_us=3753905795 len=247

2026-09-14 16:50:57,908 INFO image_rx_daemon: frag_arrival: seq=212 idx=3 total=13 fw_us=3754022891 len=247

2026-09-14 16:50:58,005 INFO image_rx_daemon: frag_arrival: seq=212 idx=4 total=13 fw_us=3754139930 len=247

2026-09-14 16:50:58,133 INFO image_rx_daemon: frag_arrival: seq=212 idx=5 total=13 fw_us=3754256920 len=247

2026-09-14 16:50:58,252 INFO image_rx_daemon: frag_arrival: seq=212 idx=6 total=13 fw_us=3754373917 len=247

2026-09-14 16:50:58,376 INFO image_rx_daemon: frag_arrival: seq=212 idx=7 total=13 fw_us=3754490792 len=247

2026-09-14 16:50:58,413 INFO image_rx_daemon: cmd 0x63 superseded while pending (after 0 attempts) — body replaced, retry budget reset

2026-09-14 16:50:58,484 INFO image_rx_daemon: frag_arrival: seq=212 idx=8 total=13 fw_us=3754607991 len=247

2026-09-14 16:50:58,601 INFO image_rx_daemon: frag_arrival: seq=212 idx=9 total=13 fw_us=3754724797 len=247

2026-09-14 16:50:58,720 INFO image_rx_daemon: frag_arrival: seq=212 idx=10 total=13 fw_us=3754841992 len=247

2026-09-14 16:50:58,844 INFO image_rx_daemon: frag_arrival: seq=212 idx=11 total=13 fw_us=3754959027 len=247

2026-09-14 16:50:58,858 INFO image_rx_daemon: frag_arrival: seq=212 idx=12 total=13 fw_us=3754991637 len=47

2026-09-14 16:50:58,861 INFO image_rx_daemon: published frame_id=0 seq=212 2959 B → lifetrac/v25/video/tile_delta

RFCO_PERTX during TX wait: profile_id=2 tx_status=0x00(OK) hop_idx=0 channel_idx=0 epoch=0 freq_hz=0 pkt_toa_us=10304 legal_dwell_used_us_10s=0

2026-09-14 16:50:58,888 INFO image_rx_daemon: command TX opcode=0x63 copy=1/1 OK (on air)

2026-09-14 16:50:59,018 INFO image_rx_daemon: frag_arrival: seq=215 idx=0 total=13 fw_us=3755151222 len=247

2026-09-14 16:50:59,114 INFO image_rx_daemon: cmd 0x63 superseded while pending (after 1 attempts) — body replaced, retry budget reset

2026-09-14 16:50:59,148 INFO image_rx_daemon: frag_arrival: seq=215 idx=1 total=13 fw_us=3755268157 len=247

2026-09-14 16:50:59,270 INFO image_rx_daemon: frag_arrival: seq=215 idx=2 total=13 fw_us=3755385252 len=247

2026-09-14 16:50:59,378 INFO image_rx_daemon: frag_arrival: seq=215 idx=3 total=13 fw_us=3755502382 len=247

2026-09-14 16:50:59,496 INFO image_rx_daemon: frag_arrival: seq=215 idx=4 total=13 fw_us=3755619369 len=247

2026-09-14 16:50:59,614 INFO image_rx_daemon: frag_arrival: seq=215 idx=5 total=13 fw_us=3755736341 len=247

2026-09-14 16:50:59,736 INFO image_rx_daemon: frag_arrival: seq=215 idx=6 total=13 fw_us=3755853385 len=247

2026-09-14 16:50:59,817 INFO image_rx_daemon: cmd 0x63 superseded while pending (after 0 attempts) — body replaced, retry budget reset

2026-09-14 16:50:59,845 INFO image_rx_daemon: frag_arrival: seq=215 idx=7 total=13 fw_us=3755970382 len=247

2026-09-14 16:50:59,968 INFO image_rx_daemon: frag_arrival: seq=215 idx=8 total=13 fw_us=3756087351 len=247

2026-09-14 16:51:00,084 INFO image_rx_daemon: frag_arrival: seq=215 idx=9 total=13 fw_us=3756204217 len=247

2026-09-14 16:51:00,204 INFO image_rx_daemon: frag_arrival: seq=215 idx=10 total=13 fw_us=3756321409 len=247

2026-09-14 16:51:00,318 INFO image_rx_daemon: frag_arrival: seq=215 idx=11 total=13 fw_us=3756438420 len=247

2026-09-14 16:51:00,331 INFO image_rx_daemon: frag_arrival: seq=215 idx=12 total=13 fw_us=3756467139 len=39

2026-09-14 16:51:00,333 INFO image_rx_daemon: published frame_id=0 seq=215 2951 B → lifetrac/v25/video/tile_delta

RFCO_PERTX during TX wait: profile_id=2 tx_status=0x00(OK) hop_idx=0 channel_idx=0 epoch=0 freq_hz=0 pkt_toa_us=10304 legal_dwell_used_us_10s=0

2026-09-14 16:51:00,364 INFO image_rx_daemon: command TX opcode=0x63 copy=1/1 OK (on air)

2026-09-14 16:51:00,512 INFO image_rx_daemon: frag_arrival: seq=218 idx=0 total=13 fw_us=3756625326 len=247

2026-09-14 16:51:00,515 INFO image_rx_daemon: cmd 0x63 superseded while pending (after 1 attempts) — body replaced, retry budget reset

2026-09-14 16:51:00,620 INFO image_rx_daemon: frag_arrival: seq=218 idx=1 total=13 fw_us=3756742212 len=247

2026-09-14 16:51:00,737 INFO image_rx_daemon: frag_arrival: seq=218 idx=2 total=13 fw_us=3756859268 len=247

2026-09-14 16:51:00,836 WARNING image_rx_daemon: crc_dump: irq=0x70 rx_len=255 snr=-0.2 rssi=-64 dump=26f851ee0ba4ef86ba4ba30a7c7db45bf9bb56136f6bfe2c569a30a739a790f17ac2e60a9d2b548f457f68351ed83b7a551631f1678f9d9b428581ec975a19d128decd76daa506c0b7a646a7ed88b934d2479580c80acec28787f00785e17681eac90464593412d221aa322539e430291050de712c2c70156881b1dee32d1a85a891ed4c2a34206117815efc0b5daad745b1e271aa073681d7a9acee2ef7fb0c11529176b60cbfe46b70d5f2434799d8087e8e28c0c6f1ef8932c201e153709cff938c5bfc41ace303c702bd7e7c9fcbd3b12e30cd2116efa0f49af458061f0fcc89f902d0cc07a608f1db4713f810fc6cafbd14fb6c0c465d89b1

2026-09-14 16:51:00,976 INFO image_rx_daemon: frag_arrival: seq=218 idx=4 total=13 fw_us=3757093265 len=247

2026-09-14 16:51:01,088 INFO image_rx_daemon: frag_arrival: seq=218 idx=5 total=13 fw_us=3757210250 len=247

2026-09-14 16:51:01,208 INFO image_rx_daemon: frag_arrival: seq=218 idx=6 total=13 fw_us=3757327272 len=247

2026-09-14 16:51:01,216 INFO image_rx_daemon: cmd 0x63 superseded while pending (after 0 attempts) — body replaced, retry budget reset

2026-09-14 16:51:01,328 INFO image_rx_daemon: frag_arrival: seq=218 idx=7 total=13 fw_us=3757444318 len=247

2026-09-14 16:51:01,432 INFO image_rx_daemon: frag_arrival: seq=218 idx=8 total=13 fw_us=3757561348 len=247

2026-09-14 16:51:01,561 INFO image_rx_daemon: frag_arrival: seq=218 idx=9 total=13 fw_us=3757678435 len=247

2026-09-14 16:51:01,676 INFO image_rx_daemon: frag_arrival: seq=218 idx=10 total=13 fw_us=3757795390 len=247

2026-09-14 16:51:01,794 INFO image_rx_daemon: frag_arrival: seq=218 idx=11 total=13 fw_us=3757912378 len=247

2026-09-14 16:51:01,795 INFO image_rx_daemon: frag_arrival: seq=218 idx=12 total=13 fw_us=3757930629 len=11

RFCO_PERTX during TX wait: profile_id=2 tx_status=0x00(OK) hop_idx=0 channel_idx=0 epoch=0 freq_hz=0 pkt_toa_us=10304 legal_dwell_used_us_10s=0

2026-09-14 16:51:01,821 INFO image_rx_daemon: command TX opcode=0x63 copy=1/1 OK (on air)

2026-09-14 16:51:01,920 INFO image_rx_daemon: cmd 0x63 superseded while pending (after 1 attempts) — body replaced, retry budget reset

2026-09-14 16:51:01,973 INFO image_rx_daemon: frag_arrival: seq=221 idx=0 total=13 fw_us=3758099410 len=247

2026-09-14 16:51:02,092 INFO image_rx_daemon: frag_arrival: seq=221 idx=1 total=13 fw_us=3758216291 len=247

2026-09-14 16:51:02,216 INFO image_rx_daemon: frag_arrival: seq=221 idx=2 total=13 fw_us=3758333397 len=247

2026-09-14 16:51:02,336 INFO image_rx_daemon: frag_arrival: seq=221 idx=3 total=13 fw_us=3758450449 len=247

2026-09-14 16:51:02,444 INFO image_rx_daemon: frag_arrival: seq=221 idx=4 total=13 fw_us=3758567599 len=247

2026-09-14 16:51:02,552 INFO image_rx_daemon: frag_arrival: seq=221 idx=5 total=13 fw_us=3758686223 len=247

2026-09-14 16:51:02,620 INFO image_rx_daemon: cmd 0x63 superseded while pending (after 0 attempts) — body replaced, retry budget reset

2026-09-14 16:51:02,660 WARNING image_rx_daemon: crc_dump: irq=0x70 rx_len=255 snr=-0.2 rssi=-65 dump=c9d0dfee191c71c8f65214d9559a4f4e55996de37f4021f60026d32d5a08707e4835a43917503ffd63918bcf52aacf38f5e3e3b6ffc6d449ced22dc3172aa81c2274df9f3dbda0fc15c924e82c92c7eb8ce284d467530550e0aa54716e0dba9769e95bd9704b477b9002be6731b12e75dd034b36d7d04c542873f45aa7f8920abd6a95ddd0bb125443295511bc4a008c8505e6af9a5a34329787a8736053081f4bc2d9045a0c36c7da3183bd0b55b01ea7a90d1a39b44a8a6406fbf5ebd26cdaaeff23a54a505a9939bbc8f255f001578d16c965af8a6dab6edc75df48e503bbcf990b2f73741f8586f08fbd03b0148ac0d0d6bc322a7f71b943aa

2026-09-14 16:51:02,799 INFO image_rx_daemon: frag_arrival: seq=221 idx=7 total=13 fw_us=3758918840 len=247

2026-09-14 16:51:02,919 INFO image_rx_daemon: frag_arrival: seq=221 idx=8 total=13 fw_us=3759035730 len=247

2026-09-14 16:51:03,034 INFO image_rx_daemon: frag_arrival: seq=221 idx=9 total=13 fw_us=3759153031 len=247

2026-09-14 16:51:03,152 INFO image_rx_daemon: frag_arrival: seq=221 idx=10 total=13 fw_us=3759270059 len=247

2026-09-14 16:51:03,260 INFO image_rx_daemon: frag_arrival: seq=221 idx=11 total=13 fw_us=3759387144 len=247

2026-09-14 16:51:03,301 INFO image_rx_daemon: frag_arrival: seq=221 idx=12 total=13 fw_us=3759431569 len=80

2026-09-14 16:51:03,321 INFO image_rx_daemon: cmd 0x63 superseded while pending (after 1 attempts) — body replaced, retry budget reset

RFCO_PERTX during TX wait: profile_id=2 tx_status=0x00(OK) hop_idx=0 channel_idx=0 epoch=0 freq_hz=0 pkt_toa_us=10304 legal_dwell_used_us_10s=0

2026-09-14 16:51:03,327 INFO image_rx_daemon: command TX opcode=0x63 copy=1/1 OK (on air)

2026-09-14 16:51:03,572 INFO image_rx_daemon: frag_arrival: seq=224 idx=0 total=12 fw_us=3759693788 len=247

2026-09-14 16:51:03,692 INFO image_rx_daemon: frag_arrival: seq=224 idx=1 total=12 fw_us=3759810465 len=247

2026-09-14 16:51:03,811 INFO image_rx_daemon: frag_arrival: seq=224 idx=2 total=12 fw_us=3759927688 len=247

2026-09-14 16:51:03,919 INFO image_rx_daemon: frag_arrival: seq=224 idx=3 total=12 fw_us=3760044708 len=247

2026-09-14 16:51:04,021 INFO image_rx_daemon: cmd 0x63 superseded while pending (after 0 attempts) — body replaced, retry budget reset

2026-09-14 16:51:04,027 INFO image_rx_daemon: frag_arrival: seq=224 idx=4 total=12 fw_us=3760161798 len=247

2026-09-14 16:51:04,151 INFO image_rx_daemon: stats: rx_frames=1987 rx_decode_err=0 frames_published=105 publish_err=0 reassembler_decode_err=0 reassembler_timeouts=54 parity_recon=0 idle_drain_deferred=8 cmd_cooldown_drops=12 cmd_gate_held=0 cmd_copies_deferred=0

2026-09-14 16:51:04,153 INFO image_rx_daemon: air_gap: n=82 dt_med=117035us dt_p95=232617us len_med=247B cmd_tx_ok=131 cmd_tx_fail=0

2026-09-14 16:51:04,154 INFO image_rx_daemon: air_gap_hist(ms): <20:2 <40:2 <80:2 <120:67 <200:4 <400:5

2026-09-14 16:51:04,155 INFO image_rx_daemon: rx_rf: n_rssi=82 n_snr=82 rssi[min/med/max]=-69/-68/-68 snr[min/med/max]=5.0/6.0/6.0

2026-09-14 16:51:04,155 INFO image_rx_daemon: phase_telemetry: valid=82 invalid=0 pre_f8=0 last_epoch=0 last_hop=0 slot_off=[0..0]

2026-09-14 16:51:04,156 INFO image_rx_daemon: air_gap_by_class: seq: n=71 med=117.0ms | boundary: n=7 med=170.1ms | post_loss: n=2 med=234.0ms

2026-09-14 16:51:04,157 INFO image_rx_daemon: lost_frag_idx: n=3 idx0=0 (0.00% of idx0 arrivals) other=3 (3.85%) verdict=not-clustered | top 12:1 3:1 6:1

2026-09-14 16:51:04,157 INFO image_rx_daemon: frag_reordered: 2 late out-of-order arrivals had a provisional loss retracted (in-order assumption violated — see RS-11.4)

2026-09-14 16:51:04,160 INFO image_rx_daemon: frag_arrival: seq=224 idx=5 total=12 fw_us=3760278774 len=247

2026-09-14 16:51:04,277 INFO image_rx_daemon: frag_arrival: seq=224 idx=6 total=12 fw_us=3760395861 len=247

2026-09-14 16:51:04,395 INFO image_rx_daemon: frag_arrival: seq=224 idx=7 total=12 fw_us=3760512913 len=247

2026-09-14 16:51:04,512 INFO image_rx_daemon: frag_arrival: seq=224 idx=8 total=12 fw_us=3760629952 len=247

2026-09-14 16:51:04,616 INFO image_rx_daemon: frag_arrival: seq=224 idx=9 total=12 fw_us=3760746775 len=247

2026-09-14 16:51:04,726 INFO image_rx_daemon: cmd 0x63 superseded while pending (after 0 attempts) — body replaced, retry budget reset

2026-09-14 16:51:04,737 INFO image_rx_daemon: frag_arrival: seq=224 idx=10 total=12 fw_us=3760863969 len=247

2026-09-14 16:51:04,856 INFO image_rx_daemon: frag_arrival: seq=224 idx=11 total=12 fw_us=3760975323 len=241

2026-09-14 16:51:04,858 INFO image_rx_daemon: published frame_id=0 seq=224 2910 B → lifetrac/v25/video/tile_delta

RFCO_PERTX during TX wait: profile_id=2 tx_status=0x00(OK) hop_idx=0 channel_idx=0 epoch=0 freq_hz=0 pkt_toa_us=10304 legal_dwell_used_us_10s=0

2026-09-14 16:51:04,884 INFO image_rx_daemon: command TX opcode=0x63 copy=1/1 OK (on air)

2026-09-14 16:51:05,041 INFO image_rx_daemon: frag_arrival: seq=227 idx=0 total=13 fw_us=3761168067 len=247

2026-09-14 16:51:05,158 INFO image_rx_daemon: frag_arrival: seq=227 idx=1 total=13 fw_us=3761285005 len=247

2026-09-14 16:51:05,276 INFO image_rx_daemon: frag_arrival: seq=227 idx=2 total=13 fw_us=3761402065 len=247

2026-09-14 16:51:05,400 INFO image_rx_daemon: frag_arrival: seq=227 idx=3 total=13 fw_us=3761519197 len=247

2026-09-14 16:51:05,428 INFO image_rx_daemon: cmd 0x63 superseded while pending (after 1 attempts) — body replaced, retry budget reset

2026-09-14 16:51:05,526 INFO image_rx_daemon: frag_arrival: seq=227 idx=4 total=13 fw_us=3761636234 len=247

2026-09-14 16:51:05,636 INFO image_rx_daemon: frag_arrival: seq=227 idx=5 total=13 fw_us=3761753226 len=247

2026-09-14 16:51:05,746 INFO image_rx_daemon: frag_arrival: seq=227 idx=6 total=13 fw_us=3761870233 len=247

2026-09-14 16:51:05,870 INFO image_rx_daemon: frag_arrival: seq=227 idx=7 total=13 fw_us=3761987283 len=247

2026-09-14 16:51:05,980 INFO image_rx_daemon: frag_arrival: seq=227 idx=8 total=13 fw_us=3762104352 len=247

2026-09-14 16:51:06,104 INFO image_rx_daemon: frag_arrival: seq=227 idx=9 total=13 fw_us=3762221250 len=247

2026-09-14 16:51:06,130 INFO image_rx_daemon: cmd 0x63 superseded while pending (after 0 attempts) — body replaced, retry budget reset

2026-09-14 16:51:06,212 INFO image_rx_daemon: frag_arrival: seq=227 idx=10 total=13 fw_us=3762338437 len=247

2026-09-14 16:51:06,331 INFO image_rx_daemon: frag_arrival: seq=227 idx=11 total=13 fw_us=3762455389 len=247

2026-09-14 16:51:06,360 INFO image_rx_daemon: frag_arrival: seq=227 idx=12 total=13 fw_us=3762497150 len=71

2026-09-14 16:51:06,364 INFO image_rx_daemon: published frame_id=0 seq=227 2983 B → lifetrac/v25/video/tile_delta

RFCO_PERTX during TX wait: profile_id=2 tx_status=0x00(OK) hop_idx=0 channel_idx=0 epoch=0 freq_hz=0 pkt_toa_us=10304 legal_dwell_used_us_10s=0

2026-09-14 16:51:06,390 INFO image_rx_daemon: command TX opcode=0x63 copy=1/1 OK (on air)

2026-09-14 16:51:06,637 INFO image_rx_daemon: frag_arrival: seq=230 idx=0 total=12 fw_us=3762759357 len=247

2026-09-14 16:51:06,745 WARNING image_rx_daemon: crc_dump: irq=0x70 rx_len=255 snr=0.2 rssi=-66 dump=eee4df86b2001295b57ac4506c07fb27fc92ab7c82e63c4619f6b9c7240bafae33b8cfa738bfe68777d34016ba91b5af823dab9ebabd790fc06394b0d34865d8d41460b0c583ec42fedb82319a5485326411f656a1d3eee36a397249b4bada85ba8f6688a4d931a75010a86bca656482f439fb809a895c76da5d054165b81d556dba6deb64d6c5d96e8e3bb98f21366d5e4827eb94c23effad89cc0bb3e9f7568c012145ae25448722d2e076bdea9da31f115f6f2751e237a6e97567ac4115536d1118ea9e2dd75db55e101ac4f32efedb7de2dcbd1244a35c66a579e5e26be9eb95d664bacce05e373e8dad34d1a9fbfeab993850d48084b13444

2026-09-14 16:51:06,836 INFO image_rx_daemon: cmd 0x63 superseded while pending (after 1 attempts) — body replaced, retry budget reset

2026-09-14 16:51:06,870 INFO image_rx_daemon: frag_arrival: seq=230 idx=2 total=12 fw_us=3762993330 len=247

2026-09-14 16:51:06,989 INFO image_rx_daemon: frag_arrival: seq=230 idx=3 total=12 fw_us=3763110401 len=247

2026-09-14 16:51:07,109 INFO image_rx_daemon: frag_arrival: seq=230 idx=4 total=12 fw_us=3763228327 len=247

2026-09-14 16:51:07,228 INFO image_rx_daemon: frag_arrival: seq=230 idx=5 total=12 fw_us=3763344556 len=247

2026-09-14 16:51:07,336 INFO image_rx_daemon: frag_arrival: seq=230 idx=6 total=12 fw_us=3763461576 len=247

2026-09-14 16:51:07,453 INFO image_rx_daemon: frag_arrival: seq=230 idx=7 total=12 fw_us=3763578497 len=247

2026-09-14 16:51:07,538 INFO image_rx_daemon: cmd 0x63 superseded while pending (after 0 attempts) — body replaced, retry budget reset

2026-09-14 16:51:07,576 INFO image_rx_daemon: frag_arrival: seq=230 idx=8 total=12 fw_us=3763695628 len=247

2026-09-14 16:51:07,696 INFO image_rx_daemon: frag_arrival: seq=230 idx=9 total=12 fw_us=3763812495 len=247

2026-09-14 16:51:07,805 INFO image_rx_daemon: frag_arrival: seq=230 idx=10 total=12 fw_us=3763929686 len=247

2026-09-14 16:51:07,909 WARNING image_rx_daemon: crc_dump: irq=0x70 rx_len=255 snr=5.5 rssi=-65 dump=01020000000000f49c620e1305b8e7bdb64b61e8236dc7fd3638292d71ddced85322dcb9f28e855b85a9e34433949e03287f06fd79cd0aec6b0cc0a46b1a3b20cac4db9aba8410ebb3b8363496e9e74c5c3c25b476ff66cdf727f33d21557affa33853a5c7d159886b43e7516119c59db30f79241dc981bbce117dc5f04a96428a062ce11bc4773c47e5b9bf02701b43f3178da3fbcd34fbce42ce76c319fd023c4daf49a0c0140e87be17cc7b74cd4ceb03adf37942d5db50d171e8d7eda9fa86542a8e3efddba061762b67fb8f71f3c80e7206be23816cab6d12f69e807558680f8484ab00ca2034ee07f921441fba5d19d6ee1d9f362ea24e99

2026-09-14 16:51:08,112 INFO image_rx_daemon: frag_arrival: seq=233 idx=0 total=13 fw_us=3764234416 len=247

2026-09-14 16:51:08,232 INFO image_rx_daemon: frag_arrival: seq=233 idx=1 total=13 fw_us=3764351360 len=247

2026-09-14 16:51:08,236 INFO image_rx_daemon: cmd 0x63 superseded while pending (after 0 attempts) — body replaced, retry budget reset

2026-09-14 16:51:08,341 INFO image_rx_daemon: frag_arrival: seq=233 idx=2 total=13 fw_us=3764468458 len=247

2026-09-14 16:51:08,464 INFO image_rx_daemon: frag_arrival: seq=233 idx=3 total=13 fw_us=3764585500 len=247

2026-09-14 16:51:08,584 INFO image_rx_daemon: frag_arrival: seq=233 idx=4 total=13 fw_us=3764702482 len=247

2026-09-14 16:51:08,696 INFO image_rx_daemon: frag_arrival: seq=233 idx=5 total=13 fw_us=3764819549 len=247

2026-09-14 16:51:08,932 INFO image_rx_daemon: frag_arrival: seq=233 idx=7 total=13 fw_us=3765053409 len=247

2026-09-14 16:51:08,957 INFO image_rx_daemon: cmd 0x63 superseded while pending (after 0 attempts) — body replaced, retry budget reset

2026-09-14 16:51:09,049 INFO image_rx_daemon: frag_arrival: seq=233 idx=8 total=13 fw_us=3765170576 len=247

2026-09-14 16:51:09,169 INFO image_rx_daemon: frag_arrival: seq=233 idx=9 total=13 fw_us=3765287413 len=247

2026-09-14 16:51:09,288 INFO image_rx_daemon: frag_arrival: seq=233 idx=10 total=13 fw_us=3765404598 len=247

2026-09-14 16:51:09,400 INFO image_rx_daemon: frag_arrival: seq=233 idx=11 total=13 fw_us=3765521583 len=247

2026-09-14 16:51:09,401 INFO image_rx_daemon: frag_arrival: seq=233 idx=12 total=13 fw_us=3765545025 len=22

RFCO_PERTX during TX wait: profile_id=2 tx_status=0x00(OK) hop_idx=0 channel_idx=0 epoch=0 freq_hz=0 pkt_toa_us=10304 legal_dwell_used_us_10s=0

2026-09-14 16:51:09,427 INFO image_rx_daemon: command TX opcode=0x60 copy=1/1 OK (on air)

2026-09-14 16:51:09,604 INFO image_rx_daemon: frag_arrival: seq=236 idx=0 total=13 fw_us=3765723292 len=247

2026-09-14 16:51:09,660 INFO image_rx_daemon: cmd 0x63 superseded while pending (after 0 attempts) — body replaced, retry budget reset

2026-09-14 16:51:09,728 INFO image_rx_daemon: frag_arrival: seq=236 idx=1 total=13 fw_us=3765840172 len=247

2026-09-14 16:51:09,836 INFO image_rx_daemon: frag_arrival: seq=236 idx=2 total=13 fw_us=3765957329 len=247

2026-09-14 16:51:09,956 INFO image_rx_daemon: frag_arrival: seq=236 idx=3 total=13 fw_us=3766074357 len=247

2026-09-14 16:51:10,076 INFO image_rx_daemon: frag_arrival: seq=236 idx=4 total=13 fw_us=3766191287 len=247

2026-09-14 16:51:10,188 INFO image_rx_daemon: frag_arrival: seq=236 idx=5 total=13 fw_us=3766308342 len=247

2026-09-14 16:51:10,308 INFO image_rx_daemon: frag_arrival: seq=236 idx=6 total=13 fw_us=3766425351 len=247

2026-09-14 16:51:10,362 INFO image_rx_daemon: cmd 0x63 superseded while pending (after 0 attempts) — body replaced, retry budget reset

2026-09-14 16:51:10,416 INFO image_rx_daemon: frag_arrival: seq=236 idx=7 total=13 fw_us=3766542314 len=247

2026-09-14 16:51:10,538 INFO image_rx_daemon: frag_arrival: seq=236 idx=8 total=13 fw_us=3766659412 len=247

2026-09-14 16:51:10,656 INFO image_rx_daemon: frag_arrival: seq=236 idx=9 total=13 fw_us=3766776152 len=247

2026-09-14 16:51:10,776 INFO image_rx_daemon: frag_arrival: seq=236 idx=10 total=13 fw_us=3766893338 len=247

2026-09-14 16:51:10,881 INFO image_rx_daemon: frag_arrival: seq=236 idx=11 total=13 fw_us=3767010342 len=247

2026-09-14 16:51:10,907 INFO image_rx_daemon: frag_arrival: seq=236 idx=12 total=13 fw_us=3767040342 len=41

2026-09-14 16:51:10,913 INFO image_rx_daemon: published frame_id=0 seq=236 2953 B → lifetrac/v25/video/tile_delta

RFCO_PERTX during TX wait: profile_id=2 tx_status=0x00(OK) hop_idx=0 channel_idx=0 epoch=0 freq_hz=0 pkt_toa_us=10304 legal_dwell_used_us_10s=0

2026-09-14 16:51:10,940 INFO image_rx_daemon: command TX opcode=0x60 copy=1/1 OK (on air)

2026-09-14 16:51:11,066 INFO image_rx_daemon: cmd 0x63 superseded while pending (after 0 attempts) — body replaced, retry budget reset

2026-09-14 16:51:11,075 INFO image_rx_daemon: frag_arrival: seq=239 idx=0 total=13 fw_us=3767200081 len=247

2026-09-14 16:51:11,192 INFO image_rx_daemon: frag_arrival: seq=239 idx=1 total=13 fw_us=3767317149 len=247

2026-09-14 16:51:11,310 INFO image_rx_daemon: frag_arrival: seq=239 idx=2 total=13 fw_us=3767435078 len=247

2026-09-14 16:51:11,429 INFO image_rx_daemon: frag_arrival: seq=239 idx=3 total=13 fw_us=3767551242 len=247

2026-09-14 16:51:11,548 INFO image_rx_daemon: frag_arrival: seq=239 idx=4 total=13 fw_us=3767668236 len=247

2026-09-14 16:51:11,672 INFO image_rx_daemon: frag_arrival: seq=239 idx=5 total=13 fw_us=3767785235 len=247

2026-09-14 16:51:11,773 INFO image_rx_daemon: frag_arrival: seq=239 idx=6 total=13 fw_us=3767902299 len=247

2026-09-14 16:51:11,774 INFO image_rx_daemon: cmd 0x63 superseded while pending (after 0 attempts) — body replaced, retry budget reset

2026-09-14 16:51:11,892 INFO image_rx_daemon: frag_arrival: seq=239 idx=7 total=13 fw_us=3768019357 len=247

2026-09-14 16:51:12,001 WARNING image_rx_daemon: crc_dump: irq=0x70 rx_len=255 snr=0.2 rssi=-65 dump=defd8b681aead0d3642846e745e9656a0e3828fb66a49c742f26b0fc9461cf637bf2b5129d8a70e5c9e1fff0916438d3c1474eb71f4ca757e98cada62e799da8e1e07f5eb8eb862d887649eb196889c79bea1b09dcdb0dba46073f0fb3c036cdf8f6e39ac466866abbc7dc0576af0a5829bd408f9e97db3f11a1b1f40d96cbd4772e90bb8d63d577446aee00899db04d8e54122bc165efde187617dd14eda8c92d8ff2e16082e382d06509f5e165fad2be4948518aa5bdaee20c65e755b4f8b9a6c8e9af5f2e87fa96d9541fe9b3f5f6f19e3fc6de369b322e754e30e9c911651d2d09d555c4abf1630b4e74eda3342ca932980d0569c6e835f168

2026-09-14 16:51:12,141 INFO image_rx_daemon: frag_arrival: seq=239 idx=9 total=13 fw_us=3768253417 len=247

2026-09-14 16:51:12,249 INFO image_rx_daemon: frag_arrival: seq=239 idx=10 total=13 fw_us=3768370557 len=247

2026-09-14 16:51:12,369 INFO image_rx_daemon: frag_arrival: seq=239 idx=11 total=13 fw_us=3768487546 len=247

2026-09-14 16:51:12,382 INFO image_rx_daemon: frag_arrival: seq=239 idx=12 total=13 fw_us=3768516246 len=37

RFCO_PERTX during TX wait: profile_id=2 tx_status=0x00(OK) hop_idx=0 channel_idx=0 epoch=0 freq_hz=0 pkt_toa_us=10304 legal_dwell_used_us_10s=0

2026-09-14 16:51:12,409 INFO image_rx_daemon: command TX opcode=0x60 copy=1/1 OK (on air)

2026-09-14 16:51:12,468 INFO image_rx_daemon: cmd 0x63 superseded while pending (after 0 attempts) — body replaced, retry budget reset

2026-09-14 16:51:12,556 INFO image_rx_daemon: frag_arrival: seq=242 idx=0 total=13 fw_us=3768674599 len=247

2026-09-14 16:51:12,676 INFO image_rx_daemon: frag_arrival: seq=242 idx=1 total=13 fw_us=3768791585 len=247

2026-09-14 16:51:12,788 INFO image_rx_daemon: frag_arrival: seq=242 idx=2 total=13 fw_us=3768908641 len=247

2026-09-14 16:51:12,905 INFO image_rx_daemon: frag_arrival: seq=242 idx=3 total=13 fw_us=3769025685 len=247

2026-09-14 16:51:13,012 INFO image_rx_daemon: frag_arrival: seq=242 idx=4 total=13 fw_us=3769142689 len=247

2026-09-14 16:51:13,140 INFO image_rx_daemon: frag_arrival: seq=242 idx=5 total=13 fw_us=3769259744 len=247

2026-09-14 16:51:13,172 INFO image_rx_daemon: cmd 0x63 superseded while pending (after 0 attempts) — body replaced, retry budget reset

2026-09-14 16:51:13,260 INFO image_rx_daemon: frag_arrival: seq=242 idx=6 total=13 fw_us=3769376827 len=247

2026-09-14 16:51:13,356 INFO image_rx_daemon: frag_arrival: seq=242 idx=7 total=13 fw_us=3769493941 len=247

2026-09-14 16:51:13,493 INFO image_rx_daemon: frag_arrival: seq=242 idx=8 total=13 fw_us=3769610976 len=247

2026-09-14 16:51:13,601 INFO image_rx_daemon: frag_arrival: seq=242 idx=9 total=13 fw_us=3769727974 len=247

2026-09-14 16:51:13,732 INFO image_rx_daemon: frag_arrival: seq=242 idx=10 total=13 fw_us=3769846078 len=247

2026-09-14 16:51:13,840 INFO image_rx_daemon: frag_arrival: seq=242 idx=11 total=13 fw_us=3769962081 len=247

2026-09-14 16:51:13,854 INFO image_rx_daemon: frag_arrival: seq=242 idx=12 total=13 fw_us=3769992081 len=41

2026-09-14 16:51:13,857 INFO image_rx_daemon: published frame_id=0 seq=242 2953 B → lifetrac/v25/video/tile_delta

2026-09-14 16:51:13,870 INFO image_rx_daemon: cmd 0x63 superseded while pending (after 1 attempts) — body replaced, retry budget reset

RFCO_PERTX during TX wait: profile_id=2 tx_status=0x00(OK) hop_idx=0 channel_idx=0 epoch=0 freq_hz=0 pkt_toa_us=10304 legal_dwell_used_us_10s=0

2026-09-14 16:51:13,882 INFO image_rx_daemon: command TX opcode=0x63 copy=1/1 OK (on air)

2026-09-14 16:51:14,012 INFO image_rx_daemon: frag_arrival: seq=245 idx=0 total=13 fw_us=3770148950 len=247

2026-09-14 16:51:14,144 INFO image_rx_daemon: frag_arrival: seq=245 idx=1 total=13 fw_us=3770265941 len=247

2026-09-14 16:51:14,168 INFO image_rx_daemon: stats: rx_frames=2069 rx_decode_err=0 frames_published=109 publish_err=0 reassembler_decode_err=0 reassembler_timeouts=58 parity_recon=0 idle_drain_deferred=8 cmd_cooldown_drops=12 cmd_gate_held=0 cmd_copies_deferred=0

2026-09-14 16:51:14,171 INFO image_rx_daemon: air_gap: n=82 dt_med=117044us dt_p95=233860us len_med=247B cmd_tx_ok=137 cmd_tx_fail=0

2026-09-14 16:51:14,175 INFO image_rx_daemon: air_gap_hist(ms): <40:4 <80:1 <120:67 <200:5 <400:5

2026-09-14 16:51:14,176 INFO image_rx_daemon: rx_rf: n_rssi=82 n_snr=82 rssi[min/med/max]=-69/-68/-67 snr[min/med/max]=5.0/6.0/6.0

2026-09-14 16:51:14,176 INFO image_rx_daemon: phase_telemetry: valid=82 invalid=0 pre_f8=0 last_epoch=0 last_hop=0 slot_off=[0..0]

2026-09-14 16:51:14,177 INFO image_rx_daemon: air_gap_by_class: seq: n=72 med=117.0ms | boundary: n=7 med=178.3ms | post_loss: n=3 med=234.0ms

2026-09-14 16:51:14,178 INFO image_rx_daemon: lost_frag_idx: n=4 idx0=0 (0.00% of idx0 arrivals) other=4 (5.13%) verdict=not-clustered | top 1:1 11:1 6:1 8:1

2026-09-14 16:51:14,264 INFO image_rx_daemon: frag_arrival: seq=245 idx=2 total=13 fw_us=3770382955 len=247

2026-09-14 16:51:14,376 INFO image_rx_daemon: frag_arrival: seq=245 idx=3 total=13 fw_us=3770500036 len=247

2026-09-14 16:51:14,496 INFO image_rx_daemon: frag_arrival: seq=245 idx=4 total=13 fw_us=3770617082 len=247

2026-09-14 16:51:14,573 INFO image_rx_daemon: cmd 0x63 superseded while pending (after 0 attempts) — body replaced, retry budget reset

2026-09-14 16:51:14,619 INFO image_rx_daemon: frag_arrival: seq=245 idx=5 total=13 fw_us=3770733984 len=247

2026-09-14 16:51:14,731 INFO image_rx_daemon: frag_arrival: seq=245 idx=6 total=13 fw_us=3770850858 len=247

2026-09-14 16:51:14,849 INFO image_rx_daemon: frag_arrival: seq=245 idx=7 total=13 fw_us=3770968081 len=247

2026-09-14 16:51:14,968 INFO image_rx_daemon: frag_arrival: seq=245 idx=8 total=13 fw_us=3771085129 len=247

2026-09-14 16:51:15,076 INFO image_rx_daemon: frag_arrival: seq=245 idx=9 total=13 fw_us=3771202200 len=247

2026-09-14 16:51:15,192 INFO image_rx_daemon: frag_arrival: seq=245 idx=10 total=13 fw_us=3771319273 len=247

2026-09-14 16:51:15,276 INFO image_rx_daemon: cmd 0x63 superseded while pending (after 0 attempts) — body replaced, retry budget reset

2026-09-14 16:51:15,306 INFO image_rx_daemon: frag_arrival: seq=245 idx=11 total=13 fw_us=3771436262 len=247

2026-09-14 16:51:15,356 INFO image_rx_daemon: frag_arrival: seq=245 idx=12 total=13 fw_us=3771480649 len=79

2026-09-14 16:51:15,361 INFO image_rx_daemon: cmd 0x60 CONVERGED after 3 attempts (8.5 s): keyframe received (UNVERIFIED delivery — keyframe may be encoder-initiated)

2026-09-14 16:51:15,362 INFO image_rx_daemon: published frame_id=0 seq=245 2991 B → lifetrac/v25/video/tile_delta

RFCO_PERTX during TX wait: profile_id=2 tx_status=0x00(OK) hop_idx=0 channel_idx=0 epoch=0 freq_hz=0 pkt_toa_us=10304 legal_dwell_used_us_10s=0

2026-09-14 16:51:15,386 INFO image_rx_daemon: command TX opcode=0x63 copy=1/1 OK (on air)

2026-09-14 16:51:15,620 INFO image_rx_daemon: frag_arrival: seq=251 idx=0 total=13 fw_us=3771740247 len=247

2026-09-14 16:51:15,740 INFO image_rx_daemon: frag_arrival: seq=251 idx=1 total=13 fw_us=3771857151 len=247

2026-09-14 16:51:15,848 INFO image_rx_daemon: frag_arrival: seq=251 idx=2 total=13 fw_us=3771974220 len=247

2026-09-14 16:51:15,977 INFO image_rx_daemon: frag_arrival: seq=251 idx=3 total=13 fw_us=3772091302 len=247

2026-09-14 16:51:15,978 INFO image_rx_daemon: cmd 0x63 superseded while pending (after 1 attempts) — body replaced, retry budget reset

2026-09-14 16:51:16,084 INFO image_rx_daemon: frag_arrival: seq=251 idx=4 total=13 fw_us=3772208350 len=247

2026-09-14 16:51:16,204 INFO image_rx_daemon: frag_arrival: seq=251 idx=5 total=13 fw_us=3772325412 len=247

2026-09-14 16:51:16,322 INFO image_rx_daemon: frag_arrival: seq=251 idx=6 total=13 fw_us=3772442463 len=247

2026-09-14 16:51:16,444 INFO image_rx_daemon: frag_arrival: seq=251 idx=7 total=13 fw_us=3772559428 len=247

2026-09-14 16:51:16,552 INFO image_rx_daemon: frag_arrival: seq=251 idx=8 total=13 fw_us=3772676645 len=247

2026-09-14 16:51:16,670 INFO image_rx_daemon: frag_arrival: seq=251 idx=9 total=13 fw_us=3772793439 len=247

2026-09-14 16:51:16,679 INFO image_rx_daemon: cmd 0x63 superseded while pending (after 0 attempts) — body replaced, retry budget reset

2026-09-14 16:51:16,792 INFO image_rx_daemon: frag_arrival: seq=251 idx=10 total=13 fw_us=3772910672 len=247

2026-09-14 16:51:16,907 INFO image_rx_daemon: frag_arrival: seq=251 idx=11 total=13 fw_us=3773027721 len=247

2026-09-14 16:51:16,933 INFO image_rx_daemon: frag_arrival: seq=251 idx=12 total=13 fw_us=3773072143 len=81

2026-09-14 16:51:16,936 INFO image_rx_daemon: published frame_id=0 seq=251 2993 B → lifetrac/v25/video/tile_delta

RFCO_PERTX during TX wait: profile_id=2 tx_status=0x00(OK) hop_idx=0 channel_idx=0 epoch=0 freq_hz=0 pkt_toa_us=10304 legal_dwell_used_us_10s=0

2026-09-14 16:51:16,965 INFO image_rx_daemon: command TX opcode=0x63 copy=1/1 OK (on air)

2026-09-14 16:51:17,209 INFO image_rx_daemon: frag_arrival: seq=252 idx=0 total=12 fw_us=3773331752 len=247

2026-09-14 16:51:17,328 INFO image_rx_daemon: frag_arrival: seq=252 idx=1 total=12 fw_us=3773448435 len=247

2026-09-14 16:51:17,381 INFO image_rx_daemon: cmd 0x63 superseded while pending (after 1 attempts) — body replaced, retry budget reset

2026-09-14 16:51:17,448 INFO image_rx_daemon: frag_arrival: seq=252 idx=2 total=12 fw_us=3773565705 len=247

2026-09-14 16:51:17,564 INFO image_rx_daemon: frag_arrival: seq=252 idx=3 total=12 fw_us=3773682784 len=247

2026-09-14 16:51:17,619 WARNING image_rx_daemon: crc_dump: irq=0x70 rx_len=156 snr=-0.8 rssi=-65 dump=e226c56ce3fb6ffdbd435f81c35ee032292283baba718957a84aed28206a713162f19f0e3c16fade9b5878d0fd83e0a0ae08f618c284492303a5f022f1366d9c7f1d459c0f4b08733520825be5c1aceb5a6059bd42d7fccf3ec4ccd3cc92ecea010cb67169c99b18154f5576fa5fe7a0a4fceb7136876e75c3c0d278255e4fb51aa63ea2f8521faf42629cddebbd32ca02d6d400b1f472549b4e972a

2026-09-14 16:51:17,792 INFO image_rx_daemon: frag_arrival: seq=252 idx=5 total=12 fw_us=3773916729 len=247

2026-09-14 16:51:17,912 INFO image_rx_daemon: frag_arrival: seq=252 idx=6 total=12 fw_us=3774033728 len=247

2026-09-14 16:51:18,016 WARNING image_rx_daemon: crc_dump: irq=0x70 rx_len=255 snr=0.5 rssi=-65 dump=f9ae8d992cf84aa186e39da6f4462dcc8a93fbf8ec3e4df4834a005caf18b87e8e2f3870e2c4a8909ca1d7f083600c064fe674e5bd1dc8f51fbd2c7e7b19316a50abc4b7f560ce3f112e1331360e6b6c9f95cd2c5eee099b35780ca7ef3620975ddb009f9ec8f793050c6f7cff5e4e0ea3ce9132abf74775975d59e6a110f0ceb306c7009f8ee9dd4743db6de74668bb3301e7d51832d092b2b8c08357a826e8ad66ab79d797c627a435f6bf44dad6e9a2988ca828e872ef4bf2160193553fd5e8d83fa8a03728f95fceb27cd049504f13dc2fabdafd33fdca72503749e4e1bb5f221cea4917d115555e2b97734cf565877a19362dd7da8e4f9547

2026-09-14 16:51:18,084 INFO image_rx_daemon: cmd 0x63 superseded while pending (after 0 attempts) — body replaced, retry budget reset

2026-09-14 16:51:18,148 INFO image_rx_daemon: frag_arrival: seq=252 idx=8 total=12 fw_us=3774267792 len=247

2026-09-14 16:51:18,268 INFO image_rx_daemon: frag_arrival: seq=252 idx=9 total=12 fw_us=3774384662 len=247

2026-09-14 16:51:18,380 INFO image_rx_daemon: frag_arrival: seq=252 idx=10 total=12 fw_us=3774501812 len=247

2026-09-14 16:51:18,485 WARNING image_rx_daemon: crc_dump: irq=0x70 rx_len=255 snr=5.2 rssi=-65 dump=010200000000007ef8b47ecaa85ee033491f7b4d22f905e53c35df2fe5ee125202bd52a8a4c00d080c15cb725b84b54842cbf9d531888dfed16ec0ec184dea8446ac0951aceeceeec553cd96a57bc1a0917324801afbc9ab12b063a39edd05ff6b45add28f65a086582fd80b3d5556186afbb8b94945a4e31dbeefa2d0b6dcde23dfc903dd4c7c9121927e99cf0b0d8d99902f7528f921fd181100a26b6aa5d47b7da5988d6d4d57f6e7af4de55ece7915beccbeb136c967e5306792f0bc216f3aa85496f570f5fdf6aab5c1e44729d4e665bab5834756b0479be5c769c1c4a628b7e314221676afa8a946fce196d547b142a749a44efe60501806

2026-09-14 16:51:18,678 INFO image_rx_daemon: frag_arrival: seq=254 idx=0 total=12 fw_us=3774806159 len=247

2026-09-14 16:51:18,792 INFO image_rx_daemon: cmd 0x63 superseded while pending (after 0 attempts) — body replaced, retry budget reset

2026-09-14 16:51:18,796 INFO image_rx_daemon: frag_arrival: seq=254 idx=1 total=12 fw_us=3774923120 len=247

2026-09-14 16:51:18,915 INFO image_rx_daemon: frag_arrival: seq=254 idx=2 total=12 fw_us=3775039993 len=247

2026-09-14 16:51:19,024 INFO image_rx_daemon: frag_arrival: seq=254 idx=3 total=12 fw_us=3775157142 len=247

2026-09-14 16:51:19,153 INFO image_rx_daemon: frag_arrival: seq=254 idx=4 total=12 fw_us=3775274076 len=247

2026-09-14 16:51:19,272 INFO image_rx_daemon: frag_arrival: seq=254 idx=5 total=12 fw_us=3775392078 len=247

2026-09-14 16:51:19,390 INFO image_rx_daemon: frag_arrival: seq=254 idx=6 total=12 fw_us=3775508081 len=247

2026-09-14 16:51:19,487 WARNING image_rx_daemon: crc_dump: irq=0x70 rx_len=255 snr=-0.5 rssi=-64 dump=3e9f4869e54ffa1688e53eb5b48d8d040f5f617fc832b247af1ceb1acfa04bf8292efe1bfea744d0e531fd65f07c08394db762bf3f1ff833d1206f1ea03afcc9b1c1fe76430ad2da76cb2307eb086b5da7e5523cbe102e42404dd93f62241393b6eac18d4a11f06c91f47f75efcd6f9e1dc38468132a56d9d8b36bdd03ad0853dc41557ebaf7f56acc0fe71336a3af3853e94dd916d42da1121044ed9b7f332dacbad12c5f94528d4f1479e71c5658baa77d7366251e1cbf8d120b542ede09961090fafb6663ba874792340f96c4462e9fa3246ad326e0a8861b028461c8fc1f6c0bbc0127f3925175926bbd5301e8eec66ab7437b65ce5b9232b4

2026-09-14 16:51:19,488 INFO image_rx_daemon: cmd 0x63 superseded while pending (after 0 attempts) — body replaced, retry budget reset

2026-09-14 16:51:19,616 INFO image_rx_daemon: frag_arrival: seq=254 idx=8 total=12 fw_us=3775742081 len=247

2026-09-14 16:51:19,736 INFO image_rx_daemon: frag_arrival: seq=254 idx=9 total=12 fw_us=3775859002 len=247

2026-09-14 16:51:19,856 INFO image_rx_daemon: frag_arrival: seq=254 idx=10 total=12 fw_us=3775976368 len=247

2026-09-14 16:51:19,978 INFO image_rx_daemon: frag_arrival: seq=254 idx=11 total=12 fw_us=3776093139 len=246

RFCO_PERTX during TX wait: profile_id=2 tx_status=0x00(OK) hop_idx=0 channel_idx=0 epoch=0 freq_hz=0 pkt_toa_us=10304 legal_dwell_used_us_10s=0

2026-09-14 16:51:20,000 INFO image_rx_daemon: command TX opcode=0x60 copy=1/1 OK (on air)

2026-09-14 16:51:20,161 INFO image_rx_daemon: frag_arrival: seq=1 idx=0 total=13 fw_us=3776280226 len=247

2026-09-14 16:51:20,192 INFO image_rx_daemon: cmd 0x63 superseded while pending (after 0 attempts) — body replaced, retry budget reset

2026-09-14 16:51:20,280 INFO image_rx_daemon: frag_arrival: seq=1 idx=1 total=13 fw_us=3776397220 len=247

2026-09-14 16:51:20,392 INFO image_rx_daemon: frag_arrival: seq=1 idx=2 total=13 fw_us=3776514215 len=247

2026-09-14 16:51:20,512 INFO image_rx_daemon: frag_arrival: seq=1 idx=3 total=13 fw_us=3776631284 len=247

2026-09-14 16:51:20,636 INFO image_rx_daemon: frag_arrival: seq=1 idx=4 total=13 fw_us=3776748183 len=247

2026-09-14 16:51:20,744 INFO image_rx_daemon: frag_arrival: seq=1 idx=5 total=13 fw_us=3776865267 len=247

2026-09-14 16:51:20,868 INFO image_rx_daemon: frag_arrival: seq=1 idx=6 total=13 fw_us=3776982196 len=247

2026-09-14 16:51:20,894 INFO image_rx_daemon: cmd 0x63 superseded while pending (after 0 attempts) — body replaced, retry budget reset

2026-09-14 16:51:20,980 INFO image_rx_daemon: frag_arrival: seq=1 idx=7 total=13 fw_us=3777099222 len=247

2026-09-14 16:51:21,097 INFO image_rx_daemon: frag_arrival: seq=1 idx=8 total=13 fw_us=3777216016 len=247

2026-09-14 16:51:21,213 INFO image_rx_daemon: frag_arrival: seq=1 idx=9 total=13 fw_us=3777333213 len=247

2026-09-14 16:51:21,335 INFO image_rx_daemon: frag_arrival: seq=1 idx=10 total=13 fw_us=3777450166 len=247

2026-09-14 16:51:21,448 INFO image_rx_daemon: frag_arrival: seq=1 idx=11 total=13 fw_us=3777567164 len=247

2026-09-14 16:51:21,477 INFO image_rx_daemon: frag_arrival: seq=1 idx=12 total=13 fw_us=3777608934 len=73

2026-09-14 16:51:21,481 INFO image_rx_daemon: cmd 0x60 CONVERGED after 1 attempts (3.4 s): keyframe received (UNVERIFIED delivery — keyframe may be encoder-initiated)

2026-09-14 16:51:21,481 INFO image_rx_daemon: published frame_id=0 seq=1 2985 B → lifetrac/v25/video/tile_delta

RFCO_PERTX during TX wait: profile_id=2 tx_status=0x00(OK) hop_idx=0 channel_idx=0 epoch=0 freq_hz=0 pkt_toa_us=10304 legal_dwell_used_us_10s=0

2026-09-14 16:51:21,507 INFO image_rx_daemon: command TX opcode=0x63 copy=1/1 OK (on air)

2026-09-14 16:51:21,753 INFO image_rx_daemon: frag_arrival: seq=7 idx=0 total=13 fw_us=3777871006 len=247

2026-09-14 16:51:21,872 INFO image_rx_daemon: frag_arrival: seq=7 idx=1 total=13 fw_us=3777987662 len=247

2026-09-14 16:51:21,968 INFO image_rx_daemon: frag_arrival: seq=7 idx=2 total=13 fw_us=3778104890 len=247

2026-09-14 16:51:22,088 INFO image_rx_daemon: frag_arrival: seq=7 idx=3 total=13 fw_us=3778221833 len=247

2026-09-14 16:51:22,208 INFO image_rx_daemon: frag_arrival: seq=7 idx=4 total=13 fw_us=3778338842 len=247

2026-09-14 16:51:22,333 INFO image_rx_daemon: frag_arrival: seq=7 idx=5 total=13 fw_us=3778455817 len=247

2026-09-14 16:51:22,456 INFO image_rx_daemon: frag_arrival: seq=7 idx=6 total=13 fw_us=3778572769 len=247

2026-09-14 16:51:22,568 INFO image_rx_daemon: frag_arrival: seq=7 idx=7 total=13 fw_us=3778689659 len=247

2026-09-14 16:51:22,688 INFO image_rx_daemon: frag_arrival: seq=7 idx=8 total=13 fw_us=3778806693 len=247

2026-09-14 16:51:22,808 INFO image_rx_daemon: frag_arrival: seq=7 idx=9 total=13 fw_us=3778923482 len=247

2026-09-14 16:51:22,916 INFO image_rx_daemon: frag_arrival: seq=7 idx=10 total=13 fw_us=3779040649 len=247

2026-09-14 16:51:23,040 INFO image_rx_daemon: frag_arrival: seq=7 idx=11 total=13 fw_us=3779157621 len=247

2026-09-14 16:51:23,068 INFO image_rx_daemon: frag_arrival: seq=7 idx=12 total=13 fw_us=3779195497 len=63

2026-09-14 16:51:23,072 INFO image_rx_daemon: published frame_id=0 seq=7 2975 B → lifetrac/v25/video/tile_delta

RFCO_PERTX during TX wait: profile_id=2 tx_status=0x00(OK) hop_idx=0 channel_idx=0 epoch=0 freq_hz=0 pkt_toa_us=10304 legal_dwell_used_us_10s=0

2026-09-14 16:51:23,099 INFO image_rx_daemon: command TX opcode=0x63 copy=1/1 OK (on air)

2026-09-14 16:51:23,348 INFO image_rx_daemon: frag_arrival: seq=8 idx=0 total=13 fw_us=3779461631 len=247

2026-09-14 16:51:23,457 INFO image_rx_daemon: frag_arrival: seq=8 idx=1 total=13 fw_us=3779578323 len=247

2026-09-14 16:51:23,580 INFO image_rx_daemon: frag_arrival: seq=8 idx=2 total=13 fw_us=3779695368 len=247

2026-09-14 16:51:23,688 INFO image_rx_daemon: frag_arrival: seq=8 idx=3 total=13 fw_us=3779812406 len=247

2026-09-14 16:51:23,808 INFO image_rx_daemon: frag_arrival: seq=8 idx=4 total=13 fw_us=3779929396 len=247

2026-09-14 16:51:23,928 INFO image_rx_daemon: frag_arrival: seq=8 idx=5 total=13 fw_us=3780046368 len=247

2026-09-14 16:51:24,045 INFO image_rx_daemon: frag_arrival: seq=8 idx=6 total=13 fw_us=3780163488 len=247

2026-09-14 16:51:24,151 INFO image_rx_daemon: frag_arrival: seq=8 idx=7 total=13 fw_us=3780280343 len=247

2026-09-14 16:51:24,181 INFO image_rx_daemon: stats: rx_frames=2147 rx_decode_err=0 frames_published=113 publish_err=0 reassembler_decode_err=0 reassembler_timeouts=60 parity_recon=0 idle_drain_deferred=8 cmd_cooldown_drops=12 cmd_gate_held=0 cmd_copies_deferred=0

2026-09-14 16:51:24,183 INFO image_rx_daemon: air_gap: n=78 dt_med=117026us dt_p95=259609us len_med=247B cmd_tx_ok=142 cmd_tx_fail=0

2026-09-14 16:51:24,185 INFO image_rx_daemon: air_gap_hist(ms): <40:1 <80:3 <120:65 <200:1 <400:8

2026-09-14 16:51:24,186 INFO image_rx_daemon: rx_rf: n_rssi=78 n_snr=78 rssi[min/med/max]=-69/-68/-68 snr[min/med/max]=5.0/6.0/6.0

2026-09-14 16:51:24,187 INFO image_rx_daemon: phase_telemetry: valid=78 invalid=0 pre_f8=0 last_epoch=0 last_hop=0 slot_off=[0..0]

2026-09-14 16:51:24,189 INFO image_rx_daemon: air_gap_by_class: seq: n=67 med=117.0ms | boundary: n=6 med=262.1ms | post_loss: n=3 med=234.0ms

2026-09-14 16:51:24,190 INFO image_rx_daemon: lost_frag_idx: n=4 idx0=0 (0.00% of idx0 arrivals) other=4 (5.26%) verdict=not-clustered | top 7:2 4:1 11:1

2026-09-14 16:51:24,191 INFO image_rx_daemon: frag_reordered: 2 late out-of-order arrivals had a provisional loss retracted (in-order assumption violated — see RS-11.4)

2026-09-14 16:51:24,286 INFO image_rx_daemon: frag_arrival: seq=8 idx=8 total=13 fw_us=3780397483 len=247

2026-09-14 16:51:24,396 INFO image_rx_daemon: frag_arrival: seq=8 idx=9 total=13 fw_us=3780514292 len=247

2026-09-14 16:51:24,516 INFO image_rx_daemon: frag_arrival: seq=8 idx=10 total=13 fw_us=3780631469 len=247

2026-09-14 16:51:24,625 INFO image_rx_daemon: frag_arrival: seq=8 idx=11 total=13 fw_us=3780748334 len=247

2026-09-14 16:51:24,664 INFO image_rx_daemon: frag_arrival: seq=8 idx=12 total=13 fw_us=3780790130 len=74

2026-09-14 16:51:24,668 INFO image_rx_daemon: published frame_id=0 seq=8 2986 B → lifetrac/v25/video/tile_delta

RFCO_PERTX during TX wait: profile_id=2 tx_status=0x00(OK) hop_idx=0 channel_idx=0 epoch=0 freq_hz=0 pkt_toa_us=10304 legal_dwell_used_us_10s=0

2026-09-14 16:51:24,695 INFO image_rx_daemon: command TX opcode=0x63 copy=1/1 OK (on air)

2026-09-14 16:51:24,932 INFO image_rx_daemon: frag_arrival: seq=10 idx=0 total=13 fw_us=3781052030 len=247

2026-09-14 16:51:25,052 INFO image_rx_daemon: frag_arrival: seq=10 idx=1 total=13 fw_us=3781168994 len=247

2026-09-14 16:51:25,173 INFO image_rx_daemon: frag_arrival: seq=10 idx=2 total=13 fw_us=3781285969 len=247

2026-09-14 16:51:25,268 WARNING image_rx_daemon: crc_dump: irq=0x70 rx_len=255 snr=0.5 rssi=-64 dump=c7f31612de2056eccbd31d43556078da9499230dad2617168c60953a49bd776f4bf1b6229d0a70e5c9e1fff0916438d3d1424b3f7fdca71dd98aecc6831f39d9276c357cdf9dab8941464922330c8b413bcfe17fb83cc49a89a071ab841a2908ecafb72d57f26b168e867498c2eb850e41fcb0dedb5fdb6ecf120fbbf98717fdc8192bd79208ab14377b69838f1f2e7d92b30cd5fc8d235e97652c96a5e7439fad06faae86a629c0961c33cf2249935829dc816219cebc2ba5c2b8ddf9fd3e6222b94bf4250560ea03883c883303f71b384b2e4982946a02c26c4c7e68fed3e8afd59f3d822a2fd54c36f313642ed5086285fb6bea2dce6f3e80af

2026-09-14 16:51:25,400 INFO image_rx_daemon: frag_arrival: seq=10 idx=4 total=13 fw_us=3781520004 len=247

2026-09-14 16:51:25,523 INFO image_rx_daemon: frag_arrival: seq=10 idx=5 total=13 fw_us=3781637044 len=247

2026-09-14 16:51:25,632 INFO image_rx_daemon: frag_arrival: seq=10 idx=6 total=13 fw_us=3781754028 len=247

2026-09-14 16:51:25,752 INFO image_rx_daemon: frag_arrival: seq=10 idx=7 total=13 fw_us=3781870892 len=247

2026-09-14 16:51:25,885 INFO image_rx_daemon: frag_arrival: seq=10 idx=8 total=13 fw_us=3781988081 len=247

2026-09-14 16:51:25,984 INFO image_rx_daemon: frag_arrival: seq=10 idx=9 total=13 fw_us=3782104920 len=247

2026-09-14 16:51:26,101 INFO image_rx_daemon: frag_arrival: seq=10 idx=10 total=13 fw_us=3782222156 len=247

2026-09-14 16:51:26,220 INFO image_rx_daemon: frag_arrival: seq=10 idx=11 total=13 fw_us=3782340078 len=247

2026-09-14 16:51:26,249 INFO image_rx_daemon: frag_arrival: seq=10 idx=12 total=13 fw_us=3782380890 len=73

2026-09-14 16:51:26,512 INFO image_rx_daemon: frag_arrival: seq=13 idx=0 total=13 fw_us=3782642904 len=247

2026-09-14 16:51:26,646 INFO image_rx_daemon: frag_arrival: seq=13 idx=1 total=13 fw_us=3782759979 len=247

2026-09-14 16:51:26,760 INFO image_rx_daemon: frag_arrival: seq=13 idx=2 total=13 fw_us=3782876990 len=247

2026-09-14 16:51:26,884 INFO image_rx_daemon: frag_arrival: seq=13 idx=3 total=13 fw_us=3782993992 len=247

2026-09-14 16:51:26,992 INFO image_rx_daemon: frag_arrival: seq=13 idx=4 total=13 fw_us=3783110969 len=247

2026-09-14 16:51:27,109 INFO image_rx_daemon: frag_arrival: seq=13 idx=5 total=13 fw_us=3783227986 len=247

2026-09-14 16:51:27,228 INFO image_rx_daemon: frag_arrival: seq=13 idx=6 total=13 fw_us=3783345003 len=247

2026-09-14 16:51:27,348 INFO image_rx_daemon: frag_arrival: seq=13 idx=7 total=13 fw_us=3783462005 len=247

2026-09-14 16:51:27,456 INFO image_rx_daemon: frag_arrival: seq=13 idx=8 total=13 fw_us=3783579038 len=247

2026-09-14 16:51:27,574 INFO image_rx_daemon: frag_arrival: seq=13 idx=9 total=13 fw_us=3783695896 len=247

2026-09-14 16:51:27,696 INFO image_rx_daemon: frag_arrival: seq=13 idx=10 total=13 fw_us=3783813030 len=247

2026-09-14 16:51:27,816 INFO image_rx_daemon: frag_arrival: seq=13 idx=11 total=13 fw_us=3783929969 len=247

2026-09-14 16:51:27,817 INFO image_rx_daemon: frag_arrival: seq=13 idx=12 total=13 fw_us=3783947869 len=7

2026-09-14 16:51:27,818 INFO image_rx_daemon: published frame_id=0 seq=13 2919 B → lifetrac/v25/video/tile_delta

RFCO_PERTX during TX wait: profile_id=2 tx_status=0x00(OK) hop_idx=0 channel_idx=0 epoch=0 freq_hz=0 pkt_toa_us=10304 legal_dwell_used_us_10s=0

2026-09-14 16:51:27,842 INFO image_rx_daemon: command TX opcode=0x63 copy=1/1 OK (on air)

2026-09-14 16:51:28,007 INFO image_rx_daemon: frag_arrival: seq=16 idx=0 total=13 fw_us=3784116866 len=247

2026-09-14 16:51:28,105 INFO image_rx_daemon: frag_arrival: seq=16 idx=1 total=13 fw_us=3784233687 len=247

2026-09-14 16:51:28,233 INFO image_rx_daemon: frag_arrival: seq=16 idx=2 total=13 fw_us=3784350831 len=247

2026-09-14 16:51:28,352 INFO image_rx_daemon: frag_arrival: seq=16 idx=3 total=13 fw_us=3784467792 len=247

2026-09-14 16:51:28,470 INFO image_rx_daemon: frag_arrival: seq=16 idx=4 total=13 fw_us=3784584730 len=247

2026-09-14 16:51:28,580 INFO image_rx_daemon: frag_arrival: seq=16 idx=5 total=13 fw_us=3784701722 len=247

2026-09-14 16:51:28,704 INFO image_rx_daemon: frag_arrival: seq=16 idx=6 total=13 fw_us=3784818695 len=247

2026-09-14 16:51:28,822 INFO image_rx_daemon: frag_arrival: seq=16 idx=7 total=13 fw_us=3784935746 len=247

2026-09-14 16:51:28,932 INFO image_rx_daemon: frag_arrival: seq=16 idx=8 total=13 fw_us=3785052591 len=247

2026-09-14 16:51:29,058 INFO image_rx_daemon: frag_arrival: seq=16 idx=9 total=13 fw_us=3785169794 len=247

2026-09-14 16:51:29,168 INFO image_rx_daemon: frag_arrival: seq=16 idx=10 total=13 fw_us=3785286706 len=247

2026-09-14 16:51:29,285 INFO image_rx_daemon: frag_arrival: seq=16 idx=11 total=13 fw_us=3785403753 len=247

2026-09-14 16:51:29,311 INFO image_rx_daemon: frag_arrival: seq=16 idx=12 total=13 fw_us=3785445538 len=73

2026-09-14 16:51:29,314 INFO image_rx_daemon: published frame_id=0 seq=16 2985 B → lifetrac/v25/video/tile_delta

2026-09-14 16:51:29,592 INFO image_rx_daemon: frag_arrival: seq=20 idx=0 total=13 fw_us=3785707534 len=247

2026-09-14 16:51:29,712 INFO image_rx_daemon: frag_arrival: seq=20 idx=1 total=13 fw_us=3785824527 len=247

2026-09-14 16:51:29,820 INFO image_rx_daemon: frag_arrival: seq=20 idx=2 total=13 fw_us=3785941666 len=247

2026-09-14 16:51:29,940 INFO image_rx_daemon: frag_arrival: seq=20 idx=3 total=13 fw_us=3786058695 len=247

2026-09-14 16:51:30,057 INFO image_rx_daemon: frag_arrival: seq=20 idx=4 total=13 fw_us=3786175698 len=247

2026-09-14 16:51:30,176 INFO image_rx_daemon: frag_arrival: seq=20 idx=5 total=13 fw_us=3786292757 len=247

2026-09-14 16:51:30,296 INFO image_rx_daemon: frag_arrival: seq=20 idx=6 total=13 fw_us=3786409771 len=247

2026-09-14 16:51:30,406 INFO image_rx_daemon: frag_arrival: seq=20 idx=7 total=13 fw_us=3786526852 len=247

2026-09-14 16:51:30,524 INFO image_rx_daemon: frag_arrival: seq=20 idx=8 total=13 fw_us=3786643975 len=247

2026-09-14 16:51:30,644 INFO image_rx_daemon: frag_arrival: seq=20 idx=9 total=13 fw_us=3786760730 len=247

2026-09-14 16:51:30,768 INFO image_rx_daemon: frag_arrival: seq=20 idx=10 total=13 fw_us=3786877963 len=247

2026-09-14 16:51:30,876 INFO image_rx_daemon: frag_arrival: seq=20 idx=11 total=13 fw_us=3786994976 len=247

2026-09-14 16:51:30,890 INFO image_rx_daemon: frag_arrival: seq=20 idx=12 total=13 fw_us=3787027576 len=47

2026-09-14 16:51:30,893 INFO image_rx_daemon: published frame_id=0 seq=20 2959 B → lifetrac/v25/video/tile_delta

2026-09-14 16:51:30,894 WARNING image_rx_daemon: cmd 0x63 GAVE UP after 4 attempts (10.0 s); cool-down 30 s

2026-09-14 16:51:31,088 INFO image_rx_daemon: frag_arrival: seq=23 idx=0 total=13 fw_us=3787205564 len=247

2026-09-14 16:51:31,184 WARNING image_rx_daemon: crc_dump: irq=0x70 rx_len=255 snr=6.8 rssi=-65 dump=22e6004e10402597fbe0dce9bf49bc40e99d02858fc7969e8de58dfaa2684084f5055bdce6f53f3468c6aeaeaaa7ce12355970c4d053d47c9ff76bfbbff579bc000f12f3efdd7d971cb830bc0cb3d6698cd365a0a3156a51beabb3692394b55e493ffc76aa87ed49a049cc8bd9d3cfe48aff5a51e461a983f841f8abd33ddc65a9074679953b33a59c2b9640eb4a1848586086d95cfbd41640c3b90f88ed500711afb842fb97983c704d83a00d21f4048cb4ad657fc32f2fd5824120225bbfec1248dc86f608cd8f863078c5df41f53c7b4fdd7236866806e93818d4e0e52c2b58698ac644a2c91858a836f1dc31dcb3706b35cf27f974cba7f5d9

2026-09-14 16:51:31,328 INFO image_rx_daemon: frag_arrival: seq=23 idx=2 total=13 fw_us=3787439702 len=247

2026-09-14 16:51:31,427 INFO image_rx_daemon: frag_arrival: seq=23 idx=3 total=13 fw_us=3787556781 len=247

2026-09-14 16:51:31,556 INFO image_rx_daemon: frag_arrival: seq=23 idx=4 total=13 fw_us=3787673803 len=247

2026-09-14 16:51:31,676 INFO image_rx_daemon: frag_arrival: seq=23 idx=5 total=13 fw_us=3787790836 len=247

2026-09-14 16:51:31,788 INFO image_rx_daemon: frag_arrival: seq=23 idx=6 total=13 fw_us=3787907848 len=247

2026-09-14 16:51:31,908 INFO image_rx_daemon: frag_arrival: seq=23 idx=7 total=13 fw_us=3788024947 len=247

2026-09-14 16:51:32,016 INFO image_rx_daemon: frag_arrival: seq=23 idx=8 total=13 fw_us=3788141973 len=247

2026-09-14 16:51:32,136 INFO image_rx_daemon: frag_arrival: seq=23 idx=9 total=13 fw_us=3788259015 len=247

2026-09-14 16:51:32,265 INFO image_rx_daemon: frag_arrival: seq=23 idx=10 total=13 fw_us=3788377078 len=247

2026-09-14 16:51:32,370 INFO image_rx_daemon: frag_arrival: seq=23 idx=11 total=13 fw_us=3788493124 len=247

2026-09-14 16:51:32,387 INFO image_rx_daemon: frag_arrival: seq=23 idx=12 total=13 fw_us=3788522838 len=39

2026-09-14 16:51:32,579 INFO image_rx_daemon: frag_arrival: seq=26 idx=0 total=13 fw_us=3788699184 len=247

2026-09-14 16:51:32,700 INFO image_rx_daemon: frag_arrival: seq=26 idx=1 total=13 fw_us=3788816134 len=247

2026-09-14 16:51:32,820 INFO image_rx_daemon: frag_arrival: seq=26 idx=2 total=13 fw_us=3788933345 len=247

2026-09-14 16:51:32,929 INFO image_rx_daemon: frag_arrival: seq=26 idx=3 total=13 fw_us=3789050406 len=247

2026-09-14 16:51:33,054 INFO image_rx_daemon: frag_arrival: seq=26 idx=4 total=13 fw_us=3789167445 len=247

2026-09-14 16:51:33,164 INFO image_rx_daemon: frag_arrival: seq=26 idx=5 total=13 fw_us=3789284483 len=247

2026-09-14 16:51:33,284 INFO image_rx_daemon: frag_arrival: seq=26 idx=6 total=13 fw_us=3789401566 len=247

2026-09-14 16:51:33,404 INFO image_rx_daemon: frag_arrival: seq=26 idx=7 total=13 fw_us=3789518643 len=247

2026-09-14 16:51:33,516 INFO image_rx_daemon: frag_arrival: seq=26 idx=8 total=13 fw_us=3789635671 len=247

2026-09-14 16:51:33,633 INFO image_rx_daemon: frag_arrival: seq=26 idx=9 total=13 fw_us=3789752660 len=247

2026-09-14 16:51:33,756 INFO image_rx_daemon: frag_arrival: seq=26 idx=10 total=13 fw_us=3789869726 len=247

2026-09-14 16:51:33,863 INFO image_rx_daemon: frag_arrival: seq=26 idx=11 total=13 fw_us=3789986665 len=247

2026-09-14 16:51:33,864 INFO image_rx_daemon: frag_arrival: seq=26 idx=12 total=13 fw_us=3790004926 len=11

2026-09-14 16:51:33,865 INFO image_rx_daemon: published frame_id=0 seq=26 2923 B → lifetrac/v25/video/tile_delta

2026-09-14 16:51:34,056 INFO image_rx_daemon: frag_arrival: seq=29 idx=0 total=13 fw_us=3790180062 len=247

2026-09-14 16:51:34,173 INFO image_rx_daemon: frag_arrival: seq=29 idx=1 total=13 fw_us=3790296963 len=247

2026-09-14 16:51:34,194 INFO image_rx_daemon: stats: rx_frames=2230 rx_decode_err=0 frames_published=118 publish_err=0 reassembler_decode_err=0 reassembler_timeouts=62 parity_recon=0 idle_drain_deferred=10 cmd_cooldown_drops=12 cmd_gate_held=0 cmd_copies_deferred=0

2026-09-14 16:51:34,196 INFO image_rx_daemon: air_gap: n=83 dt_med=117026us dt_p95=234035us len_med=247B cmd_tx_ok=144 cmd_tx_fail=0

2026-09-14 16:51:34,198 INFO image_rx_daemon: air_gap_hist(ms): <20:2 <40:2 <80:3 <120:67 <200:4 <400:5

2026-09-14 16:51:34,199 INFO image_rx_daemon: rx_rf: n_rssi=83 n_snr=83 rssi[min/med/max]=-69/-68/-67 snr[min/med/max]=5.0/6.0/7.0

2026-09-14 16:51:34,200 INFO image_rx_daemon: phase_telemetry: valid=83 invalid=0 pre_f8=0 last_epoch=0 last_hop=0 slot_off=[0..0]

2026-09-14 16:51:34,201 INFO image_rx_daemon: air_gap_by_class: seq: n=73 med=117.0ms | boundary: n=7 med=178.0ms | post_loss: n=2 med=234.1ms

2026-09-14 16:51:34,202 INFO image_rx_daemon: lost_frag_idx: n=2 idx0=0 (0.00% of idx0 arrivals) other=2 (2.56%) verdict=not-clustered | top 3:1 1:1

2026-09-14 16:51:34,203 INFO image_rx_daemon: frag_reordered: 1 late out-of-order arrivals had a provisional loss retracted (in-order assumption violated — see RS-11.4)

2026-09-14 16:51:34,296 INFO image_rx_daemon: frag_arrival: seq=29 idx=2 total=13 fw_us=3790414059 len=247

2026-09-14 16:51:34,413 INFO image_rx_daemon: frag_arrival: seq=29 idx=3 total=13 fw_us=3790531080 len=247

2026-09-14 16:51:34,536 INFO image_rx_daemon: frag_arrival: seq=29 idx=4 total=13 fw_us=3790648081 len=247

2026-09-14 16:51:34,653 INFO image_rx_daemon: frag_arrival: seq=29 idx=5 total=13 fw_us=3790765122 len=247

2026-09-14 16:51:34,764 INFO image_rx_daemon: frag_arrival: seq=29 idx=6 total=13 fw_us=3790882189 len=247

2026-09-14 16:51:34,873 INFO image_rx_daemon: frag_arrival: seq=29 idx=7 total=13 fw_us=3790999311 len=247

2026-09-14 16:51:35,008 INFO image_rx_daemon: frag_arrival: seq=29 idx=8 total=13 fw_us=3791116296 len=247

2026-09-14 16:51:35,116 INFO image_rx_daemon: frag_arrival: seq=29 idx=9 total=13 fw_us=3791233240 len=247

2026-09-14 16:51:35,240 INFO image_rx_daemon: frag_arrival: seq=29 idx=10 total=13 fw_us=3791350324 len=247

2026-09-14 16:51:35,348 INFO image_rx_daemon: frag_arrival: seq=29 idx=11 total=13 fw_us=3791467356 len=247

2026-09-14 16:51:35,397 INFO image_rx_daemon: frag_arrival: seq=29 idx=12 total=13 fw_us=3791511736 len=80

2026-09-14 16:51:35,401 INFO image_rx_daemon: published frame_id=0 seq=29 2992 B → lifetrac/v25/video/tile_delta

2026-09-14 16:51:35,656 INFO image_rx_daemon: frag_arrival: seq=32 idx=0 total=12 fw_us=3791770941 len=247

2026-09-14 16:51:35,768 INFO image_rx_daemon: frag_arrival: seq=32 idx=1 total=12 fw_us=3791887622 len=247

2026-09-14 16:51:35,888 INFO image_rx_daemon: frag_arrival: seq=32 idx=2 total=12 fw_us=3792004855 len=247

2026-09-14 16:51:36,008 INFO image_rx_daemon: frag_arrival: seq=32 idx=3 total=12 fw_us=3792121874 len=247

2026-09-14 16:51:36,125 INFO image_rx_daemon: frag_arrival: seq=32 idx=4 total=12 fw_us=3792238984 len=247

2026-09-14 16:51:36,238 INFO image_rx_daemon: frag_arrival: seq=32 idx=5 total=12 fw_us=3792355986 len=247

2026-09-14 16:51:36,360 INFO image_rx_daemon: frag_arrival: seq=32 idx=6 total=12 fw_us=3792472896 len=247

2026-09-14 16:51:36,468 INFO image_rx_daemon: frag_arrival: seq=32 idx=7 total=12 fw_us=3792589931 len=247

2026-09-14 16:51:36,585 INFO image_rx_daemon: frag_arrival: seq=32 idx=8 total=12 fw_us=3792706912 len=247

2026-09-14 16:51:36,704 INFO image_rx_daemon: frag_arrival: seq=32 idx=9 total=12 fw_us=3792823877 len=247

2026-09-14 16:51:36,824 INFO image_rx_daemon: frag_arrival: seq=32 idx=10 total=12 fw_us=3792940994 len=247

2026-09-14 16:51:36,932 INFO image_rx_daemon: frag_arrival: seq=32 idx=11 total=12 fw_us=3793052253 len=241

2026-09-14 16:51:36,934 INFO image_rx_daemon: published frame_id=0 seq=32 2910 B → lifetrac/v25/video/tile_delta

2026-09-14 16:51:37,128 INFO image_rx_daemon: frag_arrival: seq=35 idx=0 total=13 fw_us=3793244809 len=247

2026-09-14 16:51:37,252 INFO image_rx_daemon: frag_arrival: seq=35 idx=1 total=13 fw_us=3793361669 len=247

2026-09-14 16:51:37,357 INFO image_rx_daemon: frag_arrival: seq=35 idx=2 total=13 fw_us=3793478747 len=247

2026-09-14 16:51:37,476 INFO image_rx_daemon: frag_arrival: seq=35 idx=3 total=13 fw_us=3793595736 len=247

2026-09-14 16:51:37,596 INFO image_rx_daemon: frag_arrival: seq=35 idx=4 total=13 fw_us=3793712681 len=247

2026-09-14 16:51:37,727 INFO image_rx_daemon: frag_arrival: seq=35 idx=5 total=13 fw_us=3793829780 len=247

2026-09-14 16:51:37,826 INFO image_rx_daemon: frag_arrival: seq=35 idx=6 total=13 fw_us=3793946798 len=247

2026-09-14 16:51:37,933 INFO image_rx_daemon: frag_arrival: seq=35 idx=7 total=13 fw_us=3794063781 len=247

2026-09-14 16:51:38,073 INFO image_rx_daemon: frag_arrival: seq=35 idx=8 total=13 fw_us=3794180941 len=247

2026-09-14 16:51:38,184 INFO image_rx_daemon: frag_arrival: seq=35 idx=9 total=13 fw_us=3794297583 len=247

2026-09-14 16:51:38,305 INFO image_rx_daemon: frag_arrival: seq=35 idx=10 total=13 fw_us=3794414733 len=247

2026-09-14 16:51:38,413 INFO image_rx_daemon: frag_arrival: seq=35 idx=11 total=13 fw_us=3794531753 len=247

2026-09-14 16:51:38,442 INFO image_rx_daemon: frag_arrival: seq=35 idx=12 total=13 fw_us=3794573488 len=71

2026-09-14 16:51:38,445 INFO image_rx_daemon: published frame_id=0 seq=35 2983 B → lifetrac/v25/video/tile_delta

2026-09-14 16:51:38,713 INFO image_rx_daemon: frag_arrival: seq=38 idx=0 total=12 fw_us=3794835572 len=247

2026-09-14 16:51:38,832 INFO image_rx_daemon: frag_arrival: seq=38 idx=1 total=12 fw_us=3794952354 len=247

2026-09-14 16:51:38,949 INFO image_rx_daemon: frag_arrival: seq=38 idx=2 total=12 fw_us=3795069471 len=247

2026-09-14 16:51:39,072 INFO image_rx_daemon: frag_arrival: seq=38 idx=3 total=12 fw_us=3795186386 len=247

2026-09-14 16:51:39,189 INFO image_rx_daemon: frag_arrival: seq=38 idx=4 total=12 fw_us=3795303464 len=247

2026-09-14 16:51:39,312 INFO image_rx_daemon: frag_arrival: seq=38 idx=5 total=12 fw_us=3795420496 len=247

2026-09-14 16:51:39,420 INFO image_rx_daemon: frag_arrival: seq=38 idx=6 total=12 fw_us=3795537574 len=247

2026-09-14 16:51:39,544 INFO image_rx_daemon: frag_arrival: seq=38 idx=7 total=12 fw_us=3795654503 len=247

2026-09-14 16:51:39,652 INFO image_rx_daemon: frag_arrival: seq=38 idx=8 total=12 fw_us=3795771538 len=247

2026-09-14 16:51:39,772 INFO image_rx_daemon: frag_arrival: seq=38 idx=9 total=12 fw_us=3795888343 len=247

2026-09-14 16:51:39,892 INFO image_rx_daemon: frag_arrival: seq=38 idx=10 total=12 fw_us=3796005582 len=247

2026-09-14 16:51:39,992 WARNING image_rx_daemon: crc_dump: irq=0x70 rx_len=255 snr=-0.8 rssi=-65 dump=010200000000000d5f41c8319856d779b228bec0138b4a6d9d7eddcdb73c4400befac6d03696b635f41836f5372122af4c60480d1214fbc9e9aa9bcbe09a06a2e09aaadef8c6d9a7e5de982407b53f4f3cd06901a096277bd853a3fb39782981a8329046cd8e816aa6ed35f3e65cdee1efafeb74d1c1bae449d5424edbdf6a2a545ce0485e06cdf5e280cbc1a5920bd02040817db3dd17788cbc09ef8a6370880d7e421c654ea0fb411447fd22e5fbcc051cad0a17d73a06cdd3c815e2f1fd83011e2b9cc44abcd10ee703a7b99df82fe83fa48a24c0218bba0384b68f04f96ddf6f38954ed1f88d630666e6707cc932682a4346a3c710718d6845

2026-09-14 16:51:40,196 INFO image_rx_daemon: frag_arrival: seq=41 idx=0 total=13 fw_us=3796310046 len=247

2026-09-14 16:51:40,303 INFO image_rx_daemon: frag_arrival: seq=41 idx=1 total=13 fw_us=3796426922 len=247

2026-09-14 16:51:40,431 INFO image_rx_daemon: frag_arrival: seq=41 idx=2 total=13 fw_us=3796543935 len=247

2026-09-14 16:51:40,542 INFO image_rx_daemon: frag_arrival: seq=41 idx=3 total=13 fw_us=3796661012 len=247

2026-09-14 16:51:40,660 INFO image_rx_daemon: frag_arrival: seq=41 idx=4 total=13 fw_us=3796777939 len=247

2026-09-14 16:51:40,780 INFO image_rx_daemon: frag_arrival: seq=41 idx=5 total=13 fw_us=3796894931 len=247

2026-09-14 16:51:40,900 INFO image_rx_daemon: frag_arrival: seq=41 idx=6 total=13 fw_us=3797011990 len=247

2026-09-14 16:51:41,023 INFO image_rx_daemon: frag_arrival: seq=41 idx=7 total=13 fw_us=3797129034 len=247

2026-09-14 16:51:41,112 WARNING image_rx_daemon: crc_dump: irq=0x70 rx_len=255 snr=4.5 rssi=-66 dump=f5955242770f3d1460f17695d7e8d1863149d260b8c543d8d50ec6dd00919994964cd7fdd3330700ab4e9eddce279ef83449d5e1f4631a823492594fac2bdd9c4b5b6f19e0d3c11584dd4593460df1c865339fd35a2dbfb0f8e4ed795e50f5d0019b9898a28b741f4f1787b5878e448969c5f667111e8128f9b56b67d6ee0a096fd5f76374bae6644b4e413985ae0dc0eaac5043324bd221688641f26ab7cd0874fbcdc58470a4878af1db5451337488e3a7d9086e7173014515004efaa2ebebcfa047523ab0d817505e3ddaa8ff77a067fc0718dca195400c2adf5da43eac6457ac00e9dc4ad78c2d7a229a653b7635c86263f3fe542ae4f4a304

2026-09-14 16:51:41,245 INFO image_rx_daemon: frag_arrival: seq=41 idx=9 total=13 fw_us=3797362847 len=247

2026-09-14 16:51:41,366 INFO image_rx_daemon: frag_arrival: seq=41 idx=10 total=13 fw_us=3797480081 len=247

2026-09-14 16:51:41,476 INFO image_rx_daemon: frag_arrival: seq=41 idx=11 total=13 fw_us=3797597071 len=247

2026-09-14 16:51:41,487 INFO image_rx_daemon: frag_arrival: seq=41 idx=12 total=13 fw_us=3797620514 len=22

2026-09-14 16:51:41,680 INFO image_rx_daemon: frag_arrival: seq=44 idx=0 total=13 fw_us=3797796799 len=247

2026-09-14 16:51:41,800 INFO image_rx_daemon: frag_arrival: seq=44 idx=1 total=13 fw_us=3797913749 len=247

2026-09-14 16:51:41,917 INFO image_rx_daemon: frag_arrival: seq=44 idx=2 total=13 fw_us=3798030674 len=247

2026-09-14 16:51:42,026 INFO image_rx_daemon: frag_arrival: seq=44 idx=3 total=13 fw_us=3798147881 len=247

2026-09-14 16:51:42,153 INFO image_rx_daemon: frag_arrival: seq=44 idx=4 total=13 fw_us=3798264740 len=247

2026-09-14 16:51:42,264 INFO image_rx_daemon: frag_arrival: seq=44 idx=5 total=13 fw_us=3798381823 len=247

2026-09-14 16:51:42,388 INFO image_rx_daemon: frag_arrival: seq=44 idx=6 total=13 fw_us=3798498863 len=247

2026-09-14 16:51:42,496 INFO image_rx_daemon: frag_arrival: seq=44 idx=7 total=13 fw_us=3798615907 len=247

2026-09-14 16:51:42,620 INFO image_rx_daemon: frag_arrival: seq=44 idx=8 total=13 fw_us=3798732852 len=247

2026-09-14 16:51:42,732 INFO image_rx_daemon: frag_arrival: seq=44 idx=9 total=13 fw_us=3798849852 len=247

2026-09-14 16:51:42,852 INFO image_rx_daemon: frag_arrival: seq=44 idx=10 total=13 fw_us=3798966809 len=247

2026-09-14 16:51:42,969 INFO image_rx_daemon: frag_arrival: seq=44 idx=11 total=13 fw_us=3799083801 len=247

2026-09-14 16:51:42,987 INFO image_rx_daemon: frag_arrival: seq=44 idx=12 total=13 fw_us=3799113809 len=41

2026-09-14 16:51:42,992 INFO image_rx_daemon: published frame_id=0 seq=44 2953 B → lifetrac/v25/video/tile_delta

2026-09-14 16:51:43,174 INFO image_rx_daemon: frag_arrival: seq=47 idx=0 total=13 fw_us=3799291356 len=247

2026-09-14 16:51:43,295 INFO image_rx_daemon: frag_arrival: seq=47 idx=1 total=13 fw_us=3799408060 len=247

2026-09-14 16:51:43,412 INFO image_rx_daemon: frag_arrival: seq=47 idx=2 total=13 fw_us=3799525349 len=247

2026-09-14 16:51:43,524 INFO image_rx_daemon: frag_arrival: seq=47 idx=3 total=13 fw_us=3799642338 len=247

2026-09-14 16:51:43,644 INFO image_rx_daemon: frag_arrival: seq=47 idx=4 total=13 fw_us=3799759164 len=247

2026-09-14 16:51:43,764 INFO image_rx_daemon: frag_arrival: seq=47 idx=5 total=13 fw_us=3799876228 len=247

2026-09-14 16:51:43,873 INFO image_rx_daemon: frag_arrival: seq=47 idx=6 total=13 fw_us=3799993130 len=247

2026-09-14 16:51:43,994 INFO image_rx_daemon: frag_arrival: seq=47 idx=7 total=13 fw_us=3800110180 len=247

2026-09-14 16:51:44,112 INFO image_rx_daemon: frag_arrival: seq=47 idx=8 total=13 fw_us=3800227081 len=247

2026-09-14 16:51:44,206 INFO image_rx_daemon: stats: rx_frames=2311 rx_decode_err=0 frames_published=122 publish_err=0 reassembler_decode_err=0 reassembler_timeouts=64 parity_recon=0 idle_drain_deferred=11 cmd_cooldown_drops=12 cmd_gate_held=0 cmd_copies_deferred=0

2026-09-14 16:51:44,209 INFO image_rx_daemon: air_gap: n=81 dt_med=117019us dt_p95=192556us len_med=247B cmd_tx_ok=144 cmd_tx_fail=0

2026-09-14 16:51:44,213 INFO image_rx_daemon: air_gap_hist(ms): <40:2 <80:2 <120:70 <200:3 <400:4

2026-09-14 16:51:44,215 INFO image_rx_daemon: rx_rf: n_rssi=81 n_snr=81 rssi[min/med/max]=-69/-68/-67 snr[min/med/max]=5.0/6.0/6.0

2026-09-14 16:51:44,216 INFO image_rx_daemon: phase_telemetry: valid=81 invalid=0 pre_f8=0 last_epoch=0 last_hop=0 slot_off=[0..0]

2026-09-14 16:51:44,219 INFO image_rx_daemon: air_gap_by_class: seq: n=74 med=117.0ms | boundary: n=6 med=259.2ms | post_loss: n=1 med=233.8ms

2026-09-14 16:51:44,220 INFO image_rx_daemon: lost_frag_idx: n=2 idx0=0 (0.00% of idx0 arrivals) other=2 (2.60%) verdict=not-clustered | top 11:1 8:1

2026-09-14 16:51:44,223 INFO image_rx_daemon: frag_arrival: seq=47 idx=9 total=13 fw_us=3800344169 len=247

2026-09-14 16:51:44,339 INFO image_rx_daemon: frag_arrival: seq=47 idx=10 total=13 fw_us=3800462078 len=247

2026-09-14 16:51:44,460 INFO image_rx_daemon: frag_arrival: seq=47 idx=11 total=13 fw_us=3800579078 len=247

2026-09-14 16:51:44,474 INFO image_rx_daemon: frag_arrival: seq=47 idx=12 total=13 fw_us=3800606778 len=37

2026-09-14 16:51:44,477 INFO image_rx_daemon: published frame_id=0 seq=47 2949 B → lifetrac/v25/video/tile_delta

2026-09-14 16:51:44,661 INFO image_rx_daemon: frag_arrival: seq=50 idx=0 total=13 fw_us=3800783871 len=247

2026-09-14 16:51:44,777 INFO image_rx_daemon: frag_arrival: seq=50 idx=1 total=13 fw_us=3800900817 len=247

2026-09-14 16:51:44,900 INFO image_rx_daemon: frag_arrival: seq=50 idx=2 total=13 fw_us=3801017899 len=247

2026-09-14 16:51:45,008 INFO image_rx_daemon: frag_arrival: seq=50 idx=3 total=13 fw_us=3801134932 len=247

2026-09-14 16:51:45,137 INFO image_rx_daemon: frag_arrival: seq=50 idx=4 total=13 fw_us=3801251878 len=247

2026-09-14 16:51:45,256 INFO image_rx_daemon: frag_arrival: seq=50 idx=5 total=13 fw_us=3801368933 len=247

2026-09-14 16:51:45,373 INFO image_rx_daemon: frag_arrival: seq=50 idx=6 total=13 fw_us=3801485902 len=247

2026-09-14 16:51:45,481 INFO image_rx_daemon: frag_arrival: seq=50 idx=7 total=13 fw_us=3801602952 len=247

2026-09-14 16:51:45,602 INFO image_rx_daemon: frag_arrival: seq=50 idx=8 total=13 fw_us=3801720280 len=247

2026-09-14 16:51:45,708 INFO image_rx_daemon: frag_arrival: seq=50 idx=9 total=13 fw_us=3801837268 len=247

2026-09-14 16:51:45,836 INFO image_rx_daemon: frag_arrival: seq=50 idx=10 total=13 fw_us=3801954353 len=247

2026-09-14 16:51:45,956 INFO image_rx_daemon: frag_arrival: seq=50 idx=11 total=13 fw_us=3802071353 len=247

2026-09-14 16:51:45,970 INFO image_rx_daemon: frag_arrival: seq=50 idx=12 total=13 fw_us=3802101365 len=41

2026-09-14 16:51:45,973 INFO image_rx_daemon: published frame_id=0 seq=50 2953 B → lifetrac/v25/video/tile_delta

2026-09-14 16:51:46,165 INFO image_rx_daemon: frag_arrival: seq=53 idx=0 total=13 fw_us=3802278900 len=247

2026-09-14 16:51:46,284 INFO image_rx_daemon: frag_arrival: seq=53 idx=1 total=13 fw_us=3802396023 len=247

2026-09-14 16:51:46,396 INFO image_rx_daemon: frag_arrival: seq=53 idx=2 total=13 fw_us=3802513081 len=247

2026-09-14 16:51:46,516 INFO image_rx_daemon: frag_arrival: seq=53 idx=3 total=13 fw_us=3802630145 len=247

2026-09-14 16:51:46,636 INFO image_rx_daemon: frag_arrival: seq=53 idx=4 total=13 fw_us=3802747150 len=247

2026-09-14 16:51:46,748 INFO image_rx_daemon: frag_arrival: seq=53 idx=5 total=13 fw_us=3802864176 len=247

2026-09-14 16:51:46,868 INFO image_rx_daemon: frag_arrival: seq=53 idx=6 total=13 fw_us=3802981194 len=247

2026-09-14 16:51:46,985 INFO image_rx_daemon: frag_arrival: seq=53 idx=7 total=13 fw_us=3803098302 len=247

2026-09-14 16:51:47,104 INFO image_rx_daemon: frag_arrival: seq=53 idx=8 total=13 fw_us=3803215327 len=247

2026-09-14 16:51:47,212 INFO image_rx_daemon: frag_arrival: seq=53 idx=9 total=13 fw_us=3803332393 len=247

2026-09-14 16:51:47,329 INFO image_rx_daemon: frag_arrival: seq=53 idx=10 total=13 fw_us=3803449367 len=247

2026-09-14 16:51:47,447 INFO image_rx_daemon: frag_arrival: seq=53 idx=11 total=13 fw_us=3803566392 len=247

2026-09-14 16:51:47,489 INFO image_rx_daemon: frag_arrival: seq=53 idx=12 total=13 fw_us=3803610765 len=79

2026-09-14 16:51:47,492 INFO image_rx_daemon: published frame_id=0 seq=53 2991 B → lifetrac/v25/video/tile_delta

2026-09-14 16:51:47,760 INFO image_rx_daemon: frag_arrival: seq=59 idx=0 total=13 fw_us=3803870289 len=247

2026-09-14 16:51:47,868 INFO image_rx_daemon: frag_arrival: seq=59 idx=1 total=13 fw_us=3803986913 len=247

2026-09-14 16:51:47,988 INFO image_rx_daemon: frag_arrival: seq=59 idx=2 total=13 fw_us=3804104301 len=247

2026-09-14 16:51:48,108 INFO image_rx_daemon: frag_arrival: seq=59 idx=3 total=13 fw_us=3804221284 len=247

2026-09-14 16:51:48,228 INFO image_rx_daemon: frag_arrival: seq=59 idx=4 total=13 fw_us=3804338268 len=247

2026-09-14 16:51:48,340 INFO image_rx_daemon: frag_arrival: seq=59 idx=5 total=13 fw_us=3804455297 len=247

2026-09-14 16:51:48,457 INFO image_rx_daemon: frag_arrival: seq=59 idx=6 total=13 fw_us=3804572349 len=247

2026-09-14 16:51:48,573 INFO image_rx_daemon: frag_arrival: seq=59 idx=7 total=13 fw_us=3804689340 len=247

2026-09-14 16:51:48,692 INFO image_rx_daemon: frag_arrival: seq=59 idx=8 total=13 fw_us=3804806347 len=247

2026-09-14 16:51:48,809 INFO image_rx_daemon: frag_arrival: seq=59 idx=9 total=13 fw_us=3804923173 len=247

2026-09-14 16:51:48,810 WARNING image_rx_daemon: crc_dump: irq=0x70 rx_len=3 snr=-11.0 rssi=-116 dump=0ad781

2026-09-14 16:51:48,929 INFO image_rx_daemon: frag_arrival: seq=59 idx=10 total=13 fw_us=3805040338 len=247

2026-09-14 16:51:49,031 INFO image_rx_daemon: frag_arrival: seq=59 idx=11 total=13 fw_us=3805157285 len=247

2026-09-14 16:51:49,081 INFO image_rx_daemon: frag_arrival: seq=59 idx=12 total=13 fw_us=3805201689 len=81

2026-09-14 16:51:49,084 INFO image_rx_daemon: published frame_id=0 seq=59 2993 B → lifetrac/v25/video/tile_delta

2026-09-14 16:51:49,349 INFO image_rx_daemon: frag_arrival: seq=60 idx=0 total=12 fw_us=3805461165 len=247

2026-09-14 16:51:49,460 INFO image_rx_daemon: frag_arrival: seq=60 idx=1 total=12 fw_us=3805577887 len=247

2026-09-14 16:51:49,580 INFO image_rx_daemon: frag_arrival: seq=60 idx=2 total=12 fw_us=3805695188 len=247

2026-09-14 16:51:49,700 INFO image_rx_daemon: frag_arrival: seq=60 idx=3 total=12 fw_us=3805812139 len=247

2026-09-14 16:51:49,820 INFO image_rx_daemon: frag_arrival: seq=60 idx=4 total=12 fw_us=3805929145 len=247

2026-09-14 16:51:49,928 INFO image_rx_daemon: frag_arrival: seq=60 idx=5 total=12 fw_us=3806046162 len=247

2026-09-14 16:51:50,052 INFO image_rx_daemon: frag_arrival: seq=60 idx=6 total=12 fw_us=3806163229 len=247

2026-09-14 16:51:50,164 INFO image_rx_daemon: frag_arrival: seq=60 idx=7 total=12 fw_us=3806280217 len=247

2026-09-14 16:51:50,284 INFO image_rx_daemon: frag_arrival: seq=60 idx=8 total=12 fw_us=3806397277 len=247

2026-09-14 16:51:50,408 INFO image_rx_daemon: frag_arrival: seq=60 idx=9 total=12 fw_us=3806514138 len=247

2026-09-14 16:51:50,520 INFO image_rx_daemon: frag_arrival: seq=60 idx=10 total=12 fw_us=3806631308 len=247

2026-09-14 16:51:50,616 WARNING image_rx_daemon: crc_dump: irq=0x70 rx_len=255 snr=-0.8 rssi=-64 dump=01020000000000ce74c839052ca0e4b1912dedb93a2be661a52ea7f686398610dcffeeaf7c92b6646328035fedebfa27d1a5dcc3f69a9b45f61e5defb4aa3fd1f37249e2a0f40f3f114244da12b0d85893dab54fced69e09cc415bd5b54a6284d8783b3cd1857e79349a2153a7fb9cbfcd5b4f8c70a6d99f3487aa1fb14a18d6ed08d1ece4e21421cf3cd832433dff54577b38e4fc2d435e9bb2a2daf6243393f64831fff44875fa31a6cb14410173b936e9db3b3a9d1b10444de825153b8db8697e74cc9209ab1700b8cc8613735357c8b83dac5f3cbcab168994b1984deb7d48c6abc41cf927a41395a1a632db716a7cafd868122946f61f0355

2026-09-14 16:51:50,817 INFO image_rx_daemon: frag_arrival: seq=62 idx=0 total=12 fw_us=3806935229 len=247

2026-09-14 16:51:50,936 INFO image_rx_daemon: frag_arrival: seq=62 idx=1 total=12 fw_us=3807052081 len=247

2026-09-14 16:51:51,044 INFO image_rx_daemon: frag_arrival: seq=62 idx=2 total=12 fw_us=3807169338 len=247

2026-09-14 16:51:51,166 INFO image_rx_daemon: frag_arrival: seq=62 idx=3 total=12 fw_us=3807286360 len=247

2026-09-14 16:51:51,288 INFO image_rx_daemon: frag_arrival: seq=62 idx=4 total=12 fw_us=3807403346 len=247

2026-09-14 16:51:51,408 INFO image_rx_daemon: frag_arrival: seq=62 idx=5 total=12 fw_us=3807520550 len=247

2026-09-14 16:51:51,528 INFO image_rx_daemon: frag_arrival: seq=62 idx=6 total=12 fw_us=3807637575 len=247

2026-09-14 16:51:51,625 INFO image_rx_daemon: frag_arrival: seq=62 idx=7 total=12 fw_us=3807754736 len=247

2026-09-14 16:51:51,741 INFO image_rx_daemon: frag_arrival: seq=62 idx=8 total=12 fw_us=3807871753 len=247

2026-09-14 16:51:51,866 INFO image_rx_daemon: frag_arrival: seq=62 idx=9 total=12 fw_us=3807988572 len=247

2026-09-14 16:51:51,982 INFO image_rx_daemon: frag_arrival: seq=62 idx=10 total=12 fw_us=3808105751 len=247

2026-09-14 16:51:52,097 INFO image_rx_daemon: frag_arrival: seq=62 idx=11 total=12 fw_us=3808222699 len=246

2026-09-14 16:51:52,099 INFO image_rx_daemon: published frame_id=0 seq=62 2915 B → lifetrac/v25/video/tile_delta

